{"type": "Feature", "properties": {"district_name": "Barnstable, Dukes and Nantucket", "chamber": "house", "vintage": "2001-2010"}, "geometry": {"type": "MultiPolygon", "coordinates": [[[[-70.80640750988795, 41.24935139242861], [-70.80898407166895, 41.24915333958955], [-70.8101067732515, 41.24924066404077], [-70.81232256731141, 41.249536657231936], [-70.81385662298094, 41.25031241485239], [-70.8170939494253, 41.25020709746242], [-70.81939727440057, 41.250711130981685], [-70.82279206407033, 41.25116144647811], [-70.82421620823918, 41.2516252119207], [-70.82621716480091, 41.25267426731641], [-70.82915795593567, 41.25509572640342], [-70.83018863729062, 41.25569157605381], [-70.83146160104906, 41.25672495776714], [-70.83243217641296, 41.257817322915706], [-70.83249257411079, 41.258483380137356], [-70.83225062893, 41.25898221915787], [-70.83170529804332, 41.25939653912751], [-70.83091692188552, 41.25962484389446], [-70.82937148736366, 41.25974004342698], [-70.82488536147353, 41.25948712215006], [-70.82245974368068, 41.25951650131177], [-70.81845882413701, 41.26045358603265], [-70.8172466318178, 41.261805819376946], [-70.81682200247158, 41.26193830831373], [-70.81651931663514, 41.26175415491771], [-70.81591281866851, 41.26175498791285], [-70.81427549232808, 41.26212266169797], [-70.81388190967866, 41.26250742984362], [-70.81306369872199, 41.26415968844556], [-70.81263905886097, 41.264499812758615], [-70.81179016702214, 41.26463926431243], [-70.81163834435579, 41.264452081559895], [-70.81179059321022, 41.26395443191587], [-70.81166909364715, 41.26290251706835], [-70.81094084694409, 41.26175236695353], [-70.8101832696856, 41.26111579882771], [-70.80748592052704, 41.26015842516973], [-70.80272692546576, 41.258990207553126], [-70.8018176121847, 41.25867115964421], [-70.80136263217108, 41.258164702491044], [-70.80136265799192, 41.257732527720265], [-70.80333320244397, 41.25294575027302], [-70.80336456918084, 41.25185537806574], [-70.80318238185527, 41.25134499126022], [-70.80330350302371, 41.250108863539616], [-70.80380047490856, 41.24950418074349], [-70.8044804415829, 41.24912908938342], [-70.80529069865261, 41.249045720333235], [-70.80640750988795, 41.24935139242861]]], [[[-70.7638486831753, 41.32801148412417], [-70.7616943091724, 41.328260807089265], [-70.76151233230289, 41.327578711558736], [-70.76272733555076, 41.32638913729506], [-70.76330331062519, 41.32659659843336], [-70.76348462366084, 41.32714307226604], [-70.76415240500354, 41.327646557279586], [-70.7641522804839, 41.32785364248487], [-70.7638486831753, 41.32801148412417]]], [[[-70.95104546476468, 41.41177557968823], [-70.9510158987124, 41.41237023549421], [-70.95007409647285, 41.41507070701366], [-70.94946673069796, 41.41554888572113], [-70.94895038981151, 41.415611652247826], [-70.94694477451353, 41.41508754684784], [-70.94448367903502, 41.41500291991094], [-70.94448356622244, 41.414606758536934], [-70.9475519185467, 41.41474386808386], [-70.94819055797713, 41.414976573250634], [-70.94882805424412, 41.414884579532924], [-70.9488885750687, 41.41408185621833], [-70.94822024752197, 41.41328234756306], [-70.9481291735297, 41.41257229921978], [-70.94925301607978, 41.41218442517283], [-70.94925274947023, 41.411409542742796], [-70.94864555030836, 41.41102337618742], [-70.94818994739693, 41.4110673018563], [-70.94749076971803, 41.41177293196551], [-70.94624555469275, 41.41238810485566], [-70.9442707649211, 41.41254781273509], [-70.94420998951507, 41.413395550803735], [-70.94396725258686, 41.41365152222575], [-70.94250868239959, 41.414315694584225], [-70.9414758494127, 41.41456777051271], [-70.94044278721911, 41.41525145329288], [-70.94041223627222, 41.415711614441186], [-70.9406254060037, 41.41593325664097], [-70.94062500074865, 41.416302404635566], [-70.94092899259726, 41.41639619245386], [-70.94147570916454, 41.41621600636047], [-70.94211407638892, 41.415574822500126], [-70.94360263164816, 41.41488267483544], [-70.94360245673866, 41.415162345531435], [-70.94281266679165, 41.416004249972744], [-70.94235721006952, 41.41675944204651], [-70.94123370472991, 41.42156129428255], [-70.9407170054282, 41.42245235869375], [-70.93895435007224, 41.42358092520973], [-70.93783058937325, 41.42469856316357], [-70.93740505801108, 41.42490409393985], [-70.93667529786666, 41.425060283772275], [-70.93384976150118, 41.42503607389889], [-70.93269514549385, 41.425316733438706], [-70.93226931213667, 41.42563929123132], [-70.9312667628365, 41.42721440845529], [-70.93093245715222, 41.42817443941844], [-70.93026303438745, 41.429338735309415], [-70.9277408872681, 41.431515613732635], [-70.92719406353362, 41.43160569726808], [-70.92576582010769, 41.431467916499294], [-70.92369899820005, 41.43070956217436], [-70.92290919047929, 41.43004714926439], [-70.9213899230306, 41.42817226502493], [-70.92020516256638, 41.4260666601098], [-70.91898957257658, 41.424897834382456], [-70.91898993495947, 41.42467274427932], [-70.91938480266018, 41.424495261755546], [-70.92172461334943, 41.42444700914069], [-70.922058468709, 41.42463047849355], [-70.92205907648673, 41.42568446996468], [-70.92224051568043, 41.42643776937662], [-70.92214973636294, 41.42751099505317], [-70.92224052740296, 41.42780688662285], [-70.92300064118224, 41.42858676814396], [-70.92439800635955, 41.42849145713407], [-70.92588760298344, 41.42746639949052], [-70.92731583975853, 41.42773980145008], [-70.9280445715983, 41.427601673752555], [-70.92944312355284, 41.42675843465031], [-70.93050631179347, 41.42656964524064], [-70.9316612983893, 41.4251089706913], [-70.93220829713302, 41.42473918584949], [-70.9329684474195, 41.42469965727426], [-70.93132701984334, 41.42410563549699], [-70.9301724656325, 41.4233058201999], [-70.92913920152222, 41.42289039455341], [-70.92868366265412, 41.4229792609822], [-70.92837978852421, 41.42366876030691], [-70.9272248279181, 41.42275186499577], [-70.92683031249719, 41.422182080693595], [-70.92622271258749, 41.42188581924488], [-70.92537195502076, 41.42207115266765], [-70.92436826562285, 41.42311498656254], [-70.92321410560021, 41.423989785357456], [-70.91859479831349, 41.423805806360434], [-70.91710573818095, 41.42396585037173], [-70.9135811846603, 41.42318685520466], [-70.91102862554358, 41.42295921259126], [-70.90865869868558, 41.42311568941774], [-70.90835487616394, 41.423003808425555], [-70.90841558846886, 41.42158829595834], [-70.90853749988646, 41.4213795966827], [-70.90935810467478, 41.4211047626876], [-70.91251784635224, 41.421331090980836], [-70.91327790134336, 41.421543797206205], [-70.91513110411398, 41.42289099102114], [-70.91567782496129, 41.42305305953023], [-70.91701475462624, 41.42293164292938], [-70.91987166267943, 41.42307292323172], [-70.9222419463269, 41.42272713669894], [-70.92366975970411, 41.42197359693759], [-70.92558479332153, 41.41998675629472], [-70.92695182109328, 41.417991486742714], [-70.92704319623769, 41.417512503449416], [-70.92819797692668, 41.41577275070744], [-70.92980818713826, 41.41465596516436], [-70.93050696236811, 41.41433816570109], [-70.93226920351938, 41.41392101904116], [-70.9333331566304, 41.41298490425619], [-70.93542904992606, 41.412553062363244], [-70.9372828830795, 41.411611831436744], [-70.9403209783612, 41.411065276654405], [-70.94132356461299, 41.41063411478148], [-70.94445253261696, 41.410265719842116], [-70.94660915192387, 41.40959874939609], [-70.94891859292916, 41.4091907692595], [-70.94964726824793, 41.40957471539397], [-70.95104546476468, 41.41177557968823]]], [[[-70.90388753048352, 41.42295170158362], [-70.90413061500075, 41.423182006872246], [-70.90492035246197, 41.42343882726335], [-70.90540647237032, 41.423845419456406], [-70.9068343577399, 41.42444320223011], [-70.90668230846126, 41.42471589325694], [-70.90561863912583, 41.42549870925435], [-70.90519260061907, 41.42627134939298], [-70.90494915843965, 41.42767183785211], [-70.9042493823112, 41.428854397685484], [-70.90421854812267, 41.42998025527933], [-70.90406653154089, 41.43038856580076], [-70.90212054176791, 41.43143850157034], [-70.90172442109832, 41.43370590061507], [-70.90145139146054, 41.43399820464337], [-70.90078227464326, 41.43432499666921], [-70.90026601941207, 41.43429693870329], [-70.89722710910783, 41.432924635530064], [-70.89604213874371, 41.432763580623615], [-70.89418821005074, 41.43281221020086], [-70.8904806658971, 41.43242318011548], [-70.88838290583945, 41.432989241639376], [-70.88777498795221, 41.432989894050586], [-70.8872285649424, 41.43287271105611], [-70.88649925710598, 41.43225426265366], [-70.88534475561265, 41.431805132995926], [-70.88437155477231, 41.43186625317997], [-70.88324751971248, 41.43223548856499], [-70.88282072888477, 41.43291800539582], [-70.88023681712252, 41.43445592008733], [-70.8786849844041, 41.43585031944553], [-70.87725636324775, 41.43621556606326], [-70.87622348690186, 41.436214388265896], [-70.87448964293834, 41.436801329218184], [-70.87283181659062, 41.438195064640304], [-70.8728933177631, 41.43852066430373], [-70.87448874369827, 41.43819746782195], [-70.87561422251231, 41.43779175317906], [-70.87686095208386, 41.43756451751354], [-70.87746869573988, 41.4372212140071], [-70.87844157934347, 41.43712413599635], [-70.87968744085605, 41.43673423053152], [-70.88035646544667, 41.43675927382874], [-70.88090348617104, 41.43714661352865], [-70.88084226127437, 41.437427077903955], [-70.88032559771281, 41.43788569474811], [-70.8795651652476, 41.438069487383494], [-70.87752824506273, 41.43817480949171], [-70.87582595905462, 41.438472700043434], [-70.87448835664553, 41.4389087594712], [-70.8729800735812, 41.439113697084224], [-70.87249403468627, 41.439319785648635], [-70.87149145639071, 41.44021010118518], [-70.87042869090425, 41.440830520316396], [-70.869091313967, 41.44131153646231], [-70.86808929201736, 41.44215680690857], [-70.86626590623952, 41.442546735067644], [-70.86486755634616, 41.44255128876315], [-70.86228432713553, 41.44348498617694], [-70.86179859017624, 41.44388010936314], [-70.86131270065455, 41.44483345203423], [-70.86119277127126, 41.446438817075936], [-70.86043284780087, 41.44708167561221], [-70.85921794755302, 41.44778555171915], [-70.85806331024658, 41.44922749541572], [-70.8575473431443, 41.44975804401131], [-70.85712120918569, 41.44996327250491], [-70.8565137663367, 41.449937316869025], [-70.85535812860374, 41.449235212588064], [-70.85526629162482, 41.448885237212856], [-70.85569177868165, 41.44842846558917], [-70.85572191887654, 41.44769820862774], [-70.85474737711246, 41.445894727319384], [-70.85471685853726, 41.4449311536667], [-70.85574738766283, 41.4417710765472], [-70.85574667934848, 41.440537560851624], [-70.85550337605487, 41.439874970470065], [-70.85182313031744, 41.43674544509242], [-70.84975603406606, 41.43619338096677], [-70.84926949937316, 41.435742085522584], [-70.84902590607373, 41.43472833351735], [-70.84832584726635, 41.43373052304414], [-70.84823496734285, 41.433291068288256], [-70.84832532846993, 41.43269509033252], [-70.85190919582219, 41.42933192069305], [-70.85752896138911, 41.42576412047165], [-70.8585924452979, 41.42537791542924], [-70.85986865235144, 41.42519492784268], [-70.86302762822187, 41.42367590987083], [-70.86694721556115, 41.42237826217098], [-70.8715348396908, 41.421726835810404], [-70.87736009802725, 41.42168583808321], [-70.87860672047834, 41.42134153640422], [-70.88289088321456, 41.421090893613886], [-70.88507856047059, 41.421208579816195], [-70.88781352707004, 41.42212713464408], [-70.88966674746919, 41.42235772185262], [-70.89376904130351, 41.42171403621658], [-70.89993794538307, 41.42137771954451], [-70.90133601990391, 41.42101258665461], [-70.9027642416497, 41.421060639697366], [-70.90315945663252, 41.42135139823387], [-70.90388753048352, 41.42295170158362]]], [[[-70.9084969278175, 41.44686039731699], [-70.90667333582778, 41.44621498127874], [-70.90652187540235, 41.44532619870812], [-70.90694728328532, 41.44513878019243], [-70.90877076472793, 41.44658552036402], [-70.90877098451544, 41.44676559544945], [-70.9084969278175, 41.44686039731699]]], [[[-70.9251860938159, 41.44871659943055], [-70.92594563962649, 41.4494244192964], [-70.92624961612755, 41.450058467059655], [-70.92621913403092, 41.45077072945319], [-70.9244252682166, 41.452260192008936], [-70.92399979485462, 41.45333002833354], [-70.92345250134025, 41.45415840406548], [-70.92308741443527, 41.45429103501762], [-70.92117188851309, 41.45459302446756], [-70.92062472249381, 41.45444898873407], [-70.9201692271937, 41.453285742087175], [-70.91974309604147, 41.45280636623199], [-70.91922709340469, 41.452526860551764], [-70.91837558353707, 41.45225295176923], [-70.91582156387493, 41.45232253720187], [-70.9153050043279, 41.45202500331101], [-70.91478875735797, 41.451385328254624], [-70.91472809058821, 41.45088193363695], [-70.91494061936346, 41.45072546597066], [-70.9157616519159, 41.45058508274085], [-70.91728171396814, 41.4496953459966], [-70.91770745255457, 41.44976000114822], [-70.91795066006578, 41.449972269607095], [-70.91804131211313, 41.45028618051874], [-70.91843722013955, 41.45063091067528], [-70.91849762444205, 41.45141341626085], [-70.91880090172005, 41.45170534050108], [-70.91965243714878, 41.45193479501503], [-70.92041225652171, 41.45182275946581], [-70.92047377549899, 41.450704932623545], [-70.92065570741741, 41.45053985244732], [-70.92129429006017, 41.44875475618829], [-70.92117333160024, 41.44734281046539], [-70.9213560053553, 41.44690706417076], [-70.92132599518712, 41.445673973003224], [-70.92144694728368, 41.44550970584264], [-70.92211593449156, 41.445489483490185], [-70.92238965654249, 41.44571878885437], [-70.92430445501435, 41.448281074204], [-70.9251860938159, 41.44871659943055]]], [[[-70.83784498427848, 41.44381530697022], [-70.84024770952621, 41.44629015839142], [-70.84049097770946, 41.446925771058275], [-70.84155543771658, 41.44845753609823], [-70.84155589325638, 41.44921441197314], [-70.84094886370731, 41.45022380661256], [-70.84040216267488, 41.45163759255697], [-70.84040243725482, 41.452411916860065], [-70.84085932540577, 41.4531703310895], [-70.83952207857017, 41.45417321992807], [-70.83915749220945, 41.454566693359396], [-70.83897528849175, 41.45529887897387], [-70.83854953317329, 41.45563909681498], [-70.83584390735572, 41.45609654424289], [-70.83289526630676, 41.45774717975633], [-70.83052360175743, 41.45742482178151], [-70.8285476110997, 41.456447483199966], [-70.82693565384054, 41.45626572836362], [-70.82292222079629, 41.45632961851296], [-70.82158506158208, 41.456990155246245], [-70.82064252630254, 41.45815837827519], [-70.81994311949889, 41.45798029557266], [-70.818057976516, 41.45703708231842], [-70.8171151444732, 41.45585416414169], [-70.81599059187351, 41.45521431187992], [-70.8150173295001, 41.454977714189475], [-70.81446962393319, 41.454292926059495], [-70.81334472412291, 41.45374308293795], [-70.81294983769214, 41.45310985904217], [-70.81167319405385, 41.45283256918683], [-70.81152090607924, 41.45242084716903], [-70.81121688675601, 41.45219165515306], [-70.81121684306208, 41.451254694883076], [-70.81094296568818, 41.45093508923336], [-70.81048660809603, 41.450770804816614], [-70.81054814917873, 41.45047292899455], [-70.81185494093326, 41.44939816480284], [-70.81203721348643, 41.449035185433324], [-70.81158134512349, 41.44880844915669], [-70.81045660365221, 41.44867274244231], [-70.81003123112117, 41.4479588560012], [-70.81152045582274, 41.44754810916343], [-70.81255464539805, 41.44775697023513], [-70.81304082824083, 41.44761417337786], [-70.81294914662716, 41.44718312036328], [-70.81246280511176, 41.44695677013815], [-70.81200704395641, 41.44647793050936], [-70.81188570822586, 41.44611029028259], [-70.81203681169147, 41.445828714019726], [-70.81297923329407, 41.44638140869379], [-70.81322308321967, 41.446728406048244], [-70.81380010891205, 41.44695361826256], [-70.81471227696645, 41.44684039438091], [-70.81528990236933, 41.44638075778752], [-70.81525984516655, 41.446201059056705], [-70.81355686322348, 41.445606639902685], [-70.81288849723859, 41.445653236887], [-70.81176377932164, 41.44531046520935], [-70.81036548892489, 41.44544095839771], [-70.81139852001449, 41.44646916658807], [-70.80942303230692, 41.44777957902547], [-70.80957451506751, 41.448785548255074], [-70.81009201310017, 41.44917417746194], [-70.8108216093364, 41.449333363105275], [-70.81033472752601, 41.45004395146855], [-70.80829873544596, 41.449634255579205], [-70.807903163089, 41.4492446788479], [-70.8084800989423, 41.44736190821659], [-70.8091497121783, 41.44682013700263], [-70.80933153331635, 41.44644758821954], [-70.80911913590027, 41.445856546643256], [-70.80820653543815, 41.445195398090824], [-70.80808500105859, 41.444918348456085], [-70.80820697220636, 41.44409694010601], [-70.80878433616643, 41.44361031467204], [-70.80930144290554, 41.44347615912268], [-70.81082126668875, 41.44349723148273], [-70.81373986833499, 41.44496397827929], [-70.81535103806391, 41.44547005352224], [-70.81623215499465, 41.445654321649364], [-70.81747837341948, 41.445562790355645], [-70.8189988099159, 41.44521403477003], [-70.82355857807556, 41.444943653399996], [-70.82437864072236, 41.44457038597188], [-70.82559426385939, 41.44363278801765], [-70.82775262975913, 41.442490318291405], [-70.82915103255705, 41.441873400037174], [-70.83133832764388, 41.4412982706193], [-70.8358680584504, 41.44187468799057], [-70.83647635486118, 41.442080834744665], [-70.83690225700971, 41.44235343951804], [-70.83784498427848, 41.44381530697022]]], [[[-70.80164073764462, 41.447226008736024], [-70.80349521318526, 41.44901679025664], [-70.80428547551631, 41.44956242791227], [-70.80577477328715, 41.45022377360869], [-70.80571399288463, 41.450431613820726], [-70.80480223125508, 41.4511395760477], [-70.8045585642001, 41.45150386022734], [-70.80455852120069, 41.452008071773506], [-70.80522741753886, 41.45243872713696], [-70.80537962005464, 41.45399449592833], [-70.805531452332, 41.45425372658742], [-70.80680877938656, 41.454710607188034], [-70.80705188851204, 41.455004148991485], [-70.80708209812245, 41.45567005524562], [-70.80680869435263, 41.456241807858476], [-70.8068084812729, 41.456971680184935], [-70.80726479975306, 41.45733349498476], [-70.80741594394557, 41.45772776659931], [-70.8073859327163, 41.45841243800069], [-70.80668648259828, 41.45907219216762], [-70.80458856619103, 41.459348023810605], [-70.8028864470764, 41.459924510366406], [-70.8023692249065, 41.460382773322536], [-70.80212594720899, 41.461755479473844], [-70.80279500030002, 41.4622137194383], [-70.80285499192462, 41.46328441368429], [-70.8032204365084, 41.464197168061894], [-70.80291617109135, 41.46500395532475], [-70.80215537551867, 41.46597956348825], [-70.80209476440538, 41.4667371926123], [-70.80172966089516, 41.46701293703509], [-70.80023951058043, 41.467306503802746], [-70.7996011555438, 41.46763176850673], [-70.79850654375669, 41.46859459404131], [-70.79665098763465, 41.468911738921314], [-70.79622533452019, 41.4687020107375], [-70.79567804639095, 41.46870198929885], [-70.79318413760329, 41.46891213454268], [-70.7919683861192, 41.46943520734533], [-70.79084262267291, 41.47019124517318], [-70.78986896884619, 41.47158468549644], [-70.78977781718777, 41.4720455596284], [-70.78898724115841, 41.47279635812969], [-70.78880417805684, 41.47346543551725], [-70.78776980627995, 41.47460748771605], [-70.78716104464814, 41.47558957991345], [-70.78703880580301, 41.4773479305599], [-70.78579204655817, 41.47776383250192], [-70.78521435870766, 41.478151291697394], [-70.7846971231452, 41.478150281692386], [-70.78238604115957, 41.47748347325779], [-70.78110816231754, 41.47736789298866], [-70.78056110010293, 41.47702509731711], [-70.77973960284469, 41.476848810732285], [-70.77648527790012, 41.477025613510854], [-70.77526894870799, 41.477458476445115], [-70.77405153848547, 41.478216015300475], [-70.77231763166701, 41.479926884803156], [-70.77183009757634, 41.480636741564524], [-70.77091676997455, 41.48297468687001], [-70.77146360954592, 41.48375027855485], [-70.77143334122754, 41.484092787725665], [-70.77070281255348, 41.484301933882264], [-70.77042909322842, 41.484549471570375], [-70.77024650175265, 41.48507502083441], [-70.76988109326633, 41.48532365103063], [-70.7687858082456, 41.485394253636464], [-70.76820773412129, 41.485718598143364], [-70.76814668465106, 41.48631414968524], [-70.76884599959352, 41.48692472519327], [-70.76881535823301, 41.487249232752106], [-70.7682984643106, 41.48757284672305], [-70.76738483485404, 41.487820749621314], [-70.76586463461639, 41.4877090607997], [-70.7617266698255, 41.48804292521469], [-70.7607841273031, 41.48834572647556], [-70.75911016017635, 41.48994761790983], [-70.7578622448357, 41.49058773701427], [-70.75673625531236, 41.49026297956505], [-70.7566756804084, 41.489984589067966], [-70.7563718878641, 41.48973724332122], [-70.75521550904371, 41.48987203460064], [-70.75488113905197, 41.49014726515009], [-70.75509352969645, 41.490837453988235], [-70.75405783286612, 41.491727097927345], [-70.75390578983932, 41.49225169743661], [-70.75110467823781, 41.494627137974966], [-70.75086085511953, 41.495540544184195], [-70.74949068311257, 41.49720958053435], [-70.74783654400538, 41.49752332267042], [-70.7476711210288, 41.49800280640113], [-70.74765844553137, 41.4990831845892], [-70.74733639445718, 41.499321343331964], [-70.74637478506088, 41.49955524566957], [-70.7450671065105, 41.500952845899874], [-70.74430631715579, 41.501324817567394], [-70.74351587674758, 41.50148049393574], [-70.74239000884532, 41.50138969586468], [-70.7413563089066, 41.502081145935286], [-70.74026150402455, 41.502557219444064], [-70.73883180712969, 41.50381267957351], [-70.73816266601851, 41.50418297437971], [-70.73630700062985, 41.504364640723686], [-70.73560690054583, 41.5040960050288], [-70.73496684144162, 41.50356496499924], [-70.73484460202812, 41.50326982234835], [-70.73429699137795, 41.502926799343236], [-70.73158828792646, 41.502832512209594], [-70.72906367407008, 41.503366314888076], [-70.7280894828876, 41.50373222652617], [-70.72708587130768, 41.50439561552921], [-70.7263255235826, 41.50558739047473], [-70.72422649885635, 41.50700580041997], [-70.72349651256515, 41.50769241301187], [-70.72325378244071, 41.50841668934246], [-70.72255397226648, 41.5091749754409], [-70.7205454748823, 41.50993497196895], [-70.72011965439536, 41.51022917425391], [-70.71978554366812, 41.510892039274374], [-70.7198772834214, 41.51178236164915], [-70.71890424987052, 41.513021580453994], [-70.71832541627596, 41.514165590004005], [-70.71753448722697, 41.51461877906181], [-70.71485675334442, 41.515442147613946], [-70.71254364930797, 41.514918526082575], [-70.71147810154793, 41.514898179524], [-70.71150814173403, 41.51455568213238], [-70.71172241502569, 41.51430055985879], [-70.71254342145888, 41.51414418991561], [-70.71351664192728, 41.512931470356264], [-70.71254378761685, 41.51286507279867], [-70.71254318394514, 41.51224324196203], [-70.711964992895, 41.512108104529], [-70.70959052777489, 41.51265658443689], [-70.70889060631339, 41.51249638989209], [-70.70831215494572, 41.51292791908121], [-70.70800851226976, 41.512932553195576], [-70.70746016969264, 41.51247234440068], [-70.7064558080334, 41.512109104182244], [-70.70679047635446, 41.51156389916332], [-70.70761214057994, 41.511443585247214], [-70.70782537522865, 41.51124191918953], [-70.70779437131102, 41.510206822174965], [-70.70752042345342, 41.50977834980029], [-70.70764220912335, 41.50943423409407], [-70.70831112760169, 41.508676948669994], [-70.70837210353129, 41.50831553464888], [-70.70806704528779, 41.50819410438869], [-70.70712482529353, 41.50828937649171], [-70.70578579479492, 41.50884050447856], [-70.70581619544726, 41.50922732652206], [-70.70459910022569, 41.510146202894404], [-70.7045379616742, 41.51093980099899], [-70.70417292868383, 41.51094511990433], [-70.70383826248056, 41.510553920950564], [-70.70371630424283, 41.510096117368654], [-70.70329037505543, 41.50994061961069], [-70.70204278086044, 41.51041863095729], [-70.7020117665689, 41.50993276052146], [-70.70131208769733, 41.50927618062231], [-70.70131162949104, 41.50886199800114], [-70.70210293277292, 41.50829188274801], [-70.70225484796343, 41.507875395090124], [-70.70277209389717, 41.50739900562252], [-70.70316799895404, 41.50734833044083], [-70.7039898043164, 41.507966363631816], [-70.70505457200044, 41.50822086814551], [-70.70721499467469, 41.50732378068102], [-70.70721516677784, 41.507098684545454], [-70.7062111657942, 41.50650134289787], [-70.70496240777116, 41.50611443630828], [-70.70450627598791, 41.5057702167752], [-70.70435341270704, 41.50490758918451], [-70.70481042486814, 41.50336943424774], [-70.70505335148313, 41.50300592058173], [-70.70535848290089, 41.50293827787275], [-70.70544956127495, 41.50326080493401], [-70.70581442344586, 41.50341755112066], [-70.70703165850776, 41.50277778458207], [-70.71007468862463, 41.50249850673457], [-70.71047021489021, 41.502384209231025], [-70.7107434239187, 41.50202032712524], [-70.71059181847824, 41.501535871635184], [-70.70937415602009, 41.50087855460756], [-70.70894847208932, 41.50010125289071], [-70.70882170226143, 41.498848828297184], [-70.707635058711, 41.49844325018241], [-70.70723925773784, 41.49752152107845], [-70.706965602986, 41.49725511923171], [-70.70547438977597, 41.49708824293835], [-70.70520055749031, 41.496866854991545], [-70.70517052277879, 41.49654307170062], [-70.70729924910285, 41.49524170515449], [-70.70881948899954, 41.49384095819331], [-70.70909317646425, 41.49322441662437], [-70.70994460697548, 41.49258150245389], [-70.71052237038582, 41.491825263720216], [-70.71173924675207, 41.491284489041384], [-70.71237729124583, 41.490797641993545], [-70.71529799983404, 41.49015947468833], [-70.71611871013322, 41.48963392012725], [-70.71675776640532, 41.488966987251736], [-70.71858182431681, 41.48839937550374], [-70.7202243476737, 41.488140562302455], [-70.72189737801017, 41.488142488749794], [-70.72317564077005, 41.48842079874812], [-70.72618700444677, 41.48843857211494], [-70.72737290086506, 41.48818666905948], [-70.73074877269927, 41.48704586333718], [-70.73351705623044, 41.486607657050584], [-70.7343064907305, 41.48633442728879], [-70.73597894693327, 41.4848415019984], [-70.73719478620147, 41.48420140736762], [-70.7396870072839, 41.48216413620049], [-70.74239270987451, 41.48047488593932], [-70.74415544683971, 41.479007197345254], [-70.74600976205016, 41.477888998875656], [-70.74686100217977, 41.47772301444328], [-70.74807793218281, 41.477767671596986], [-70.7486867081367, 41.478434046769415], [-70.75008422344847, 41.47868246487438], [-70.75136197936462, 41.47864531976732], [-70.75367454701062, 41.47790761482993], [-70.75510390604788, 41.47828166705326], [-70.75537707696564, 41.47850292939467], [-70.75562035747323, 41.47907571180005], [-70.75586319867523, 41.47917072015834], [-70.75829730550657, 41.478142777613506], [-70.76027533039087, 41.47659072179534], [-70.76085443751016, 41.47549152809673], [-70.76103727359089, 41.47379549744366], [-70.76097786660785, 41.472814818304784], [-70.76079544898103, 41.47233135726458], [-70.75991350628023, 41.47187653908149], [-70.75951865415028, 41.471162100690364], [-70.75894159408037, 41.47077454294818], [-70.75730038654088, 41.47011496305592], [-70.75696567733063, 41.46958886445547], [-70.7567839838552, 41.46846557118645], [-70.75626785147479, 41.46745600901013], [-70.75632920095745, 41.46645529328928], [-70.75648158692152, 41.465975713054725], [-70.75821672110605, 41.463499210790616], [-70.76086435041269, 41.46094534075754], [-70.76177720913782, 41.46055343580127], [-70.7656387207524, 41.460575134926614], [-70.76755486064927, 41.45966294482424], [-70.76791985471806, 41.45932428243941], [-70.76846760552843, 41.45822597562258], [-70.76874151411837, 41.457969450048466], [-70.7692582577506, 41.45783547345212], [-70.77123488624876, 41.45785888318949], [-70.77248138886068, 41.45758777014382], [-70.77540004525832, 41.45760533503956], [-70.77667700319373, 41.45715316898707], [-70.7773467842837, 41.45662959171351], [-70.77768153989255, 41.456030162469006], [-70.78181756950195, 41.45278636396433], [-70.7840685827131, 41.450175435272406], [-70.7854368334207, 41.44965002545192], [-70.78677450929266, 41.448458134987156], [-70.78872051580919, 41.44733813436005], [-70.78945080485504, 41.44665110576139], [-70.79027142355827, 41.446332109924455], [-70.79525737378566, 41.446704802069156], [-70.79923906361952, 41.44636313948806], [-70.80002948331718, 41.446476635511544], [-70.80164073764462, 41.447226008736024]]], [[[-70.70353226027258, 41.50454167212148], [-70.70298449867337, 41.504765732335045], [-70.70222347527223, 41.50456117276444], [-70.70149260285837, 41.5045807922232], [-70.70134115979631, 41.50444804430615], [-70.70137167172531, 41.50422260337433], [-70.7020715353019, 41.50371655618778], [-70.70243685188122, 41.503144000813016], [-70.70368430924199, 41.502756024265615], [-70.70499252920767, 41.502024628192224], [-70.70499253863993, 41.502295312326225], [-70.70380647137847, 41.50343836844408], [-70.70374555302321, 41.504213959713404], [-70.70353226027258, 41.50454167212148]]], [[[-70.70246796404915, 41.50696243029592], [-70.70228505316092, 41.50592907268495], [-70.70252822774773, 41.505547558171585], [-70.70280189843707, 41.50536320868163], [-70.7032585207701, 41.505365290508735], [-70.70389710061386, 41.505724868470466], [-70.70401909165997, 41.50611964479408], [-70.70246796404915, 41.50696243029592]]], [[[-70.70146339565459, 41.507166398347564], [-70.70021635383112, 41.50847331027585], [-70.70015520784645, 41.509023242720524], [-70.69942525803842, 41.50911544518856], [-70.69848181765332, 41.5071206152538], [-70.69851194116303, 41.50641739819781], [-70.69881609195285, 41.50607064503855], [-70.70003277381743, 41.50575564741655], [-70.70146337077409, 41.505815246083074], [-70.70170627061705, 41.50611802765327], [-70.70161557150693, 41.506758917284635], [-70.70146339565459, 41.507166398347564]]], [[[-70.7402681584036, 41.51216776099548], [-70.74005683967759, 41.51303577708167], [-70.73953985265526, 41.51401598590217], [-70.73911413364961, 41.51408573039376], [-70.73911338576787, 41.51358150894645], [-70.73938728846024, 41.51299189931494], [-70.73938658718419, 41.512325050419335], [-70.73883781194473, 41.51106363892109], [-70.73886755337176, 41.510702558364976], [-70.739414097918, 41.50978501975392], [-70.73977919576927, 41.509743005288534], [-70.74069234984741, 41.510170617220304], [-70.74090619187855, 41.51044666574795], [-70.74090691197645, 41.511175983409665], [-70.74069422590341, 41.511845906445416], [-70.7402681584036, 41.51216776099548]]], [[[-70.70411288799164, 41.5134590373489], [-70.70234840833254, 41.51341345094444], [-70.70198256083061, 41.5132116674669], [-70.70164729594177, 41.51274841759144], [-70.70164687530134, 41.512451285910494], [-70.70234728568066, 41.51226938050309], [-70.7040213326475, 41.51245165129214], [-70.70499521210142, 41.512887288991124], [-70.70499485033807, 41.5131579616227], [-70.70478204217285, 41.513323042633324], [-70.70411288799164, 41.5134590373489]]], [[[-70.70980528418403, 41.51606717914097], [-70.71065752422163, 41.517937483307996], [-70.71062729494007, 41.51832499870635], [-70.71011013194914, 41.518944919996784], [-70.70810188784475, 41.51976772870641], [-70.7076455771045, 41.520368930354664], [-70.70737124871351, 41.52039120821984], [-70.70691477435788, 41.51997440719136], [-70.70588020928085, 41.51977414718029], [-70.7046623331466, 41.51986410344512], [-70.70140543961995, 41.52116480606199], [-70.70003632970366, 41.52140107858701], [-70.69951852101356, 41.52137266682635], [-70.6987273661439, 41.52098836160678], [-70.69863551508017, 41.52063824447866], [-70.69945744576324, 41.51942795978538], [-70.70149580030936, 41.51766855111577], [-70.70277447301883, 41.51735227495242], [-70.70292660145059, 41.51716088516508], [-70.70307766956807, 41.51578940954367], [-70.70335175362075, 41.51560507027451], [-70.7036561194475, 41.51479010265391], [-70.70386916603748, 41.51460645032118], [-70.70603030229175, 41.51412412609297], [-70.70578676487563, 41.513416183234504], [-70.70590815867266, 41.51304505480145], [-70.70624327773818, 41.51288702200146], [-70.70746068761228, 41.513157202279], [-70.70831273161959, 41.51363979799942], [-70.70919591315673, 41.513662838413524], [-70.70980438255991, 41.514986705643], [-70.70980528418403, 41.51606717914097]]], [[[-70.2312084932828, 41.28114504062535], [-70.23181555372344, 41.2817236281529], [-70.2336358077606, 41.282316932277894], [-70.2345153575014, 41.2827938809117], [-70.23481925008528, 41.28314169838671], [-70.23481892967045, 41.283366803726864], [-70.23445525480382, 41.28366832371504], [-70.23245410510462, 41.284302100733434], [-70.23190803238019, 41.28392060396701], [-70.2318162368125, 41.28352507531813], [-70.23130070485165, 41.28308933363045], [-70.22969328567684, 41.2828636182942], [-70.22681156906057, 41.28167808836133], [-70.22165492008752, 41.2799856097468], [-70.2193500320947, 41.27966800931969], [-70.21634779064075, 41.279005907588314], [-70.21561888922432, 41.27842810234916], [-70.21452802267149, 41.27797111319694], [-70.21449643255413, 41.27762914569487], [-70.21564982921679, 41.27738281993282], [-70.21910608264162, 41.27740064494158], [-70.22495987337892, 41.27815789896893], [-70.2279921027216, 41.2791166855348], [-70.2312084932828, 41.28114504062535]]], [[[-70.24895729964229, 41.28898806928114], [-70.24829010764084, 41.28928345685804], [-70.24792555181254, 41.28884608694501], [-70.24789445502192, 41.288297036056804], [-70.24831904488553, 41.28766187029124], [-70.24865223458073, 41.28764022877116], [-70.24945521035826, 41.288054874441286], [-70.25021251123299, 41.288785277870154], [-70.25021209915373, 41.28905597073577], [-70.24895729964229, 41.28898806928114]]], [[[-70.26607065233364, 41.295033972564184], [-70.26816247065143, 41.29665954555229], [-70.27055780930908, 41.2993351305968], [-70.2733156520371, 41.30308780195785], [-70.2738617290074, 41.304351508947896], [-70.27431580627774, 41.30494115272094], [-70.27743911498793, 41.307572699210326], [-70.2776215647683, 41.308399123967305], [-70.2776801001509, 41.31185741339652], [-70.27722418362129, 41.312537939685846], [-70.27682994030064, 41.31283926598125], [-70.27625333428281, 41.31313410713953], [-70.27594998744996, 41.313110565414945], [-70.27482750611962, 41.31277144893522], [-70.27458544882101, 41.31245029916572], [-70.27473708183867, 41.312267911364486], [-70.27546464210815, 41.31206193701394], [-70.2761938809728, 41.3114142063347], [-70.2766191019083, 41.309797461616725], [-70.27662000798024, 41.309220636934086], [-70.27592225961202, 41.308606980813934], [-70.27398120105482, 41.30798886429364], [-70.27370736787505, 41.307965068915394], [-70.2731917601507, 41.30833090605204], [-70.27197830054752, 41.308578863882], [-70.2698225230466, 41.30999894956978], [-70.26645483521827, 41.310954434956955], [-70.26260077391147, 41.31111438019445], [-70.25610964693203, 41.30934755157549], [-70.24684966031957, 41.30621481760003], [-70.24433081824287, 41.30468371280996], [-70.24293363466046, 41.30344697640298], [-70.24205251553008, 41.30223172088736], [-70.2415668134525, 41.30081375833743], [-70.24183902667191, 41.3002883478958], [-70.24232445301573, 41.300174997447606], [-70.24256720948848, 41.30031670599368], [-70.24262814019369, 41.30088353256333], [-70.24317506981937, 41.301346015652356], [-70.24317520920047, 41.301778226498314], [-70.24381302384349, 41.30301440748865], [-70.24493667071766, 41.30429031040253], [-70.24824551012853, 41.306280923283644], [-70.24863984902181, 41.30628584492421], [-70.24870007997956, 41.30579859224058], [-70.24948175077313, 41.305650786379], [-70.24891172211818, 41.305066511213646], [-70.24815226844821, 41.303651745077474], [-70.24793859681374, 41.30276245104117], [-70.24796769036692, 41.30124891620683], [-70.24460042271637, 41.30088911705142], [-70.24502423289475, 41.30012789194064], [-70.24478146496715, 41.29996817988273], [-70.24435687999264, 41.29992801668224], [-70.24350755474825, 41.300180268742444], [-70.24199014855996, 41.29944924675982], [-70.23971238551874, 41.2965644352625], [-70.23980157885448, 41.29473473466287], [-70.2395590845092, 41.29429587900638], [-70.23980102195586, 41.29390632740697], [-70.24131712008005, 41.2931330797316], [-70.24425929284502, 41.29271387832166], [-70.24683698871769, 41.29257814322852], [-70.25123948974044, 41.293016849114], [-70.25579053571248, 41.292606666171224], [-70.25949012507277, 41.29297146570827], [-70.26058217909946, 41.29359010630348], [-70.26121890947196, 41.293519978931705], [-70.26140097858664, 41.29336496479351], [-70.26088529442718, 41.29288433734514], [-70.25591388291083, 41.29043460263629], [-70.25551906861563, 41.28988042686214], [-70.25549032874483, 41.28864708457892], [-70.25858189120589, 41.2907745729423], [-70.2630388460518, 41.29311276221709], [-70.26607065233364, 41.295033972564184]]], [[[-70.08658472298816, 41.27776372129338], [-70.08309806846582, 41.2795981055123], [-70.08155113794483, 41.28090069301824], [-70.07948925494188, 41.28207298735677], [-70.07763984725369, 41.28360303343039], [-70.07448673202595, 41.287379592563575], [-70.07190819927105, 41.28996177623482], [-70.07160543452665, 41.29005475197342], [-70.07066490765342, 41.28991962096593], [-70.06829899410398, 41.2891400541722], [-70.06842007517405, 41.28866152278643], [-70.06911718636289, 41.288132319165086], [-70.06942084547451, 41.28769718527762], [-70.06939051260859, 41.2874002157853], [-70.06835929131917, 41.28778842878652], [-70.06735838159072, 41.28847305318833], [-70.0673591697926, 41.289409545921764], [-70.06653999440985, 41.28982294090103], [-70.06614551728349, 41.29033064600561], [-70.0656901724767, 41.29167725212014], [-70.06526601727955, 41.29229375940856], [-70.0651147403089, 41.29332174673642], [-70.06456885242514, 41.29467789792259], [-70.06390135275511, 41.295864223704406], [-70.06356743588063, 41.2959303362049], [-70.0625062225189, 41.29549869363311], [-70.06032195301428, 41.29550074005973], [-70.05677205868957, 41.296001958171686], [-70.05595386241427, 41.29598250878881], [-70.04991678142103, 41.2954522157255], [-70.04782372225185, 41.294768574258214], [-70.04530644929059, 41.29474635143276], [-70.04403243594943, 41.29501923151827], [-70.03905701625857, 41.2972169368508], [-70.03119892680753, 41.30020601869477], [-70.02974167999945, 41.301353753189176], [-70.02925633869177, 41.302196137769684], [-70.02752638547322, 41.30349957402851], [-70.02509883032106, 41.30503420842242], [-70.02446115805226, 41.305193037091854], [-70.02233756197593, 41.30461771699921], [-70.02179186842517, 41.30429823000583], [-70.02079142552103, 41.30322596776675], [-70.0208222330419, 41.30297367972108], [-70.02106420618863, 41.30299878864447], [-70.02224794352834, 41.3035646758446], [-70.02258090735933, 41.304047969647996], [-70.02434015409291, 41.30414015583817], [-70.02613019943877, 41.30380049795], [-70.02658600337021, 41.303337065323106], [-70.02658647697393, 41.30269716853609], [-70.02564627409441, 41.30119238236616], [-70.02540506734691, 41.29862739285605], [-70.02398023910166, 41.297090950878186], [-70.02352631090476, 41.29498692401646], [-70.02395164003124, 41.293362053923936], [-70.0235884313897, 41.29315808294855], [-70.02307302666384, 41.29318061801751], [-70.0229813158844, 41.293388780059175], [-70.02316342380874, 41.29405357311389], [-70.0221004281764, 41.29445953130985], [-70.02173635264376, 41.295219049062254], [-70.02167553466954, 41.29578723590986], [-70.02149375280521, 41.295968898129274], [-70.02043133778383, 41.29626679206074], [-70.02021907579866, 41.29647562601477], [-70.02012776353405, 41.29723307998697], [-70.01930803220155, 41.29739344018586], [-70.01891330124299, 41.2978295033994], [-70.01800353545059, 41.29802637797502], [-70.01782144461113, 41.29817201154394], [-70.01779095379858, 41.29860496502338], [-70.01955053094564, 41.29807590521515], [-70.02115912404606, 41.298286618074876], [-70.0220684708522, 41.29818875575715], [-70.02206807102533, 41.29853093033977], [-70.02179497407056, 41.29906483556883], [-70.02179474829428, 41.29965914500644], [-70.02267359644398, 41.300272820060464], [-70.0226135924765, 41.30048082896823], [-70.02188485519997, 41.300982892997716], [-70.02112613434133, 41.30121440935318], [-70.0210350371248, 41.30155764928159], [-70.02015466265487, 41.30242128583465], [-70.01954836612435, 41.30257937152689], [-70.01824399428506, 41.30214976477212], [-70.0167265899005, 41.30217207966026], [-70.01627184872346, 41.3023113164117], [-70.01524020114722, 41.30201412813698], [-70.01357136736208, 41.302307940905735], [-70.0133296222571, 41.301643472556904], [-70.0126920925961, 41.30166717436691], [-70.01250957419737, 41.302443685084064], [-70.01123539873089, 41.30258112627594], [-70.01047663717891, 41.30303769037296], [-70.01011246263478, 41.303905796879334], [-70.01020282459089, 41.30449960835709], [-70.01074747414123, 41.30545847610262], [-70.01126350632282, 41.305832213434456], [-70.01241621745983, 41.30617323512866], [-70.01441810234333, 41.305876501000036], [-70.01523782040323, 41.30530195583301], [-70.01733164457653, 41.30558043017131], [-70.01805923833578, 41.305439136228756], [-70.01994147278113, 41.30448564230567], [-70.02076042912755, 41.304622422511386], [-70.02160921452169, 41.305101208410726], [-70.02315598887357, 41.30549286118227], [-70.02364164536613, 41.305876274798614], [-70.02403581615131, 41.30653932314895], [-70.0264311607363, 41.30908512681386], [-70.02712850120653, 41.30956527390254], [-70.0292826042592, 41.310365458227736], [-70.03280049038739, 41.31581060176711], [-70.03273892960068, 41.31597301399217], [-70.02755067155519, 41.31556004403609], [-70.02278599876162, 41.31571966647686], [-70.02035862611925, 41.316263679217734], [-70.01677778101278, 41.31763785327516], [-70.01374165465437, 41.3185468820688], [-70.01049343543272, 41.32019705750569], [-70.00773118692874, 41.321311015452295], [-70.00530355907172, 41.32204380698184], [-70.00390680316927, 41.32273166205375], [-70.00214528770061, 41.32406188196357], [-70.00001874805054, 41.326458816412206], [-69.99977558023798, 41.327217055950264], [-69.9994715454049, 41.32739987370867], [-69.99878607535167, 41.329241834408755], [-69.9985510018792, 41.33142631477126], [-69.99907832092332, 41.33328999305925], [-69.99946542721578, 41.33401156730134], [-70.00161833834494, 41.336181554977784], [-70.00362039825845, 41.33781258540483], [-70.00853538745659, 41.34096724051444], [-70.00850432102426, 41.341147494211164], [-70.00792768406875, 41.34137795260064], [-70.00762383868712, 41.3416958674701], [-70.0067131687845, 41.34169455223789], [-70.0066522568587, 41.34185751868835], [-70.0073197990115, 41.342085817367], [-70.00744156450583, 41.342453810460185], [-70.00689464889074, 41.34281916944159], [-70.00689419336099, 41.342999259354606], [-70.00753175860774, 41.34275046529595], [-70.0079569422009, 41.34275551347123], [-70.00795693691533, 41.342981191552724], [-70.00856412601621, 41.34270554417173], [-70.00871595342481, 41.3430013263314], [-70.00819896030815, 41.34357363786048], [-70.00786454790395, 41.34371161301955], [-70.0078344223426, 41.34396391738307], [-70.0080471724097, 41.34424136852955], [-70.00929117824542, 41.34508620240911], [-70.0099276492463, 41.34528761985581], [-70.01032298235953, 41.3456625879605], [-70.01117283807865, 41.345358036137355], [-70.01184177155238, 41.34488339400389], [-70.01181074133174, 41.34451434794331], [-70.01129480049916, 41.34412260756237], [-70.01135621327582, 41.34382513176412], [-70.0121755476406, 41.344079035463864], [-70.01363219682045, 41.34512866561419], [-70.01511873807141, 41.34571041094171], [-70.01709232981392, 41.34565693758223], [-70.01897439333476, 41.34529775365052], [-70.01997600478855, 41.34556805089545], [-70.0199465748532, 41.345937987368885], [-70.0194297509418, 41.34639272216171], [-70.01842803503477, 41.346482609933965], [-70.01824463283607, 41.347214098324024], [-70.01763738926617, 41.34783197867896], [-70.0150881045989, 41.347602139230446], [-70.01332555876454, 41.34886049913011], [-70.01317304107481, 41.35007807731491], [-70.01347687078605, 41.35016536247878], [-70.0134468802334, 41.35044468436335], [-70.01302088638, 41.35098893906947], [-70.01299040774552, 41.35146691817477], [-70.01186654852808, 41.35160297776882], [-70.01174467278231, 41.35210846226646], [-70.01241133224184, 41.3536874368896], [-70.01320053235531, 41.35394206122544], [-70.01365609784617, 41.35384786608259], [-70.01481078653224, 41.35270253076657], [-70.01560032930745, 41.35218216387137], [-70.01578324803774, 41.350649246605705], [-70.0166342292994, 41.34995747119396], [-70.01751564043641, 41.34854457115883], [-70.01842714142506, 41.347833873249655], [-70.01906470977288, 41.347585023128296], [-70.01927723455218, 41.34701543319099], [-70.02055317257104, 41.346481702557526], [-70.02082666648262, 41.34488524631956], [-70.02267932826284, 41.344292051408836], [-70.02447042204048, 41.343402559614795], [-70.02519918589735, 41.34275640414566], [-70.02769043408446, 41.33964505632005], [-70.02847999851856, 41.33813352273205], [-70.02927057482103, 41.33474900955753], [-70.02927184884544, 41.333289689600136], [-70.02981810105533, 41.33209578024608], [-70.03051664449036, 41.33196302957858], [-70.032216444867, 41.33219107541642], [-70.03349112055932, 41.331891311660634], [-70.03428085035813, 41.331623523032796], [-70.03525215093866, 41.33067766380733], [-70.03582928206329, 41.32928545576051], [-70.03601178194873, 41.32841886061832], [-70.03601217565341, 41.32668039435685], [-70.03573925846787, 41.32548541977779], [-70.03513296093698, 41.32411222919789], [-70.03831935332579, 41.32466896113788], [-70.04096000089442, 41.324257879556804], [-70.04220462453209, 41.32366103549734], [-70.04335722266511, 41.32285814503268], [-70.04530040154756, 41.320750714920806], [-70.04615052333892, 41.31876147259938], [-70.04615065377033, 41.31819417784695], [-70.04521081323466, 41.315653466234664], [-70.04521041973422, 41.315176211842434], [-70.04763829879793, 41.31542408026729], [-70.0493370486885, 41.315102573426785], [-70.05115795792588, 41.31421193355728], [-70.05337339777493, 41.3121562691859], [-70.05370739812722, 41.31167597097301], [-70.05388948663702, 41.31119654832455], [-70.0549512026848, 41.30975473490327], [-70.05540640861595, 41.30867886209334], [-70.0554673995028, 41.30774147043721], [-70.05580125230722, 41.30764836603247], [-70.05665019237499, 41.308216934004676], [-70.05752972299683, 41.30847015458659], [-70.05828871771534, 41.30848996157534], [-70.06004818081465, 41.30833002947254], [-70.0608376264041, 41.30810651362811], [-70.06250660623452, 41.30723514910269], [-70.06396217409254, 41.30604195301607], [-70.06484146185473, 41.304349539615245], [-70.06569127383415, 41.301216010440505], [-70.066510299023, 41.30121738970627], [-70.06660160380186, 41.30142396110632], [-70.06611637943665, 41.30156357772737], [-70.0659945388054, 41.30178940049557], [-70.0656003896332, 41.30403612491597], [-70.06666246008173, 41.303548705383946], [-70.06696562431569, 41.30288845365143], [-70.06751164225464, 41.302298254015184], [-70.06781518119715, 41.30235837722159], [-70.06781524664044, 41.303159792187486], [-70.06845201856743, 41.30313577016348], [-70.06869526398548, 41.30295369506017], [-70.06881636811086, 41.30247516259996], [-70.06942276593644, 41.30254136463562], [-70.06942263712669, 41.30274846996277], [-70.06972634896519, 41.3030522830232], [-70.07042447518533, 41.30282023499525], [-70.07124304196395, 41.302272290472175], [-70.07127337694213, 41.3019479391128], [-70.07069651743397, 41.30135872513867], [-70.07081829311682, 41.301168357011434], [-70.07297254621801, 41.30128335435893], [-70.07497477994217, 41.30096754931587], [-70.07621766445286, 41.300532403655666], [-70.07743150799118, 41.29963821025493], [-70.07915976635651, 41.297262453339776], [-70.07943301710002, 41.296530325027845], [-70.07924953271768, 41.29291096985862], [-70.07946164839579, 41.29280107682232], [-70.07997765688425, 41.29286833887915], [-70.08131270252078, 41.293963398937095], [-70.08131301494116, 41.29428756924225], [-70.08097849606546, 41.294263679030614], [-70.08040282400152, 41.29360249317244], [-70.07985617671667, 41.29355398319083], [-70.07976489054707, 41.29386968247219], [-70.08003840838641, 41.294425776048634], [-70.08015991335293, 41.29522646207653], [-70.08094836588144, 41.29515588420158], [-70.08216222837919, 41.295522848067584], [-70.0826477421748, 41.29538317633646], [-70.0828295598473, 41.29476863847414], [-70.08185857491942, 41.29403046863837], [-70.0819498826589, 41.293849270073586], [-70.08307223845293, 41.293829571136435], [-70.08534732255596, 41.29485306438748], [-70.08659090773675, 41.295039701719396], [-70.09156640112823, 41.296776067143504], [-70.09214345876921, 41.29732915657582], [-70.09214317447379, 41.297734360302066], [-70.09017167140844, 41.29778015336892], [-70.08553061291445, 41.298310311426555], [-70.0820723858497, 41.29909037091317], [-70.07803847776583, 41.30101117087716], [-70.0690291217437, 41.304653045308], [-70.06608587144403, 41.30634634784883], [-70.06256706486332, 41.30872112922639], [-70.05825857594817, 41.311831996263805], [-70.0460890607628, 41.32164444004133], [-70.03755854200963, 41.33061182196714], [-70.03418841484603, 41.33477680263245], [-70.03133258284302, 41.33932374688771], [-70.02887160615465, 41.34502049825894], [-70.02744254618037, 41.3496179791222], [-70.02592327146559, 41.3526851446613], [-70.02452312688746, 41.35737246250459], [-70.02431027669233, 41.35893257467991], [-70.02373201752093, 41.36126177467519], [-70.02351781157265, 41.36448832031882], [-70.02354707624174, 41.366595820983], [-70.02403161536833, 41.36860907998857], [-70.02548782422303, 41.37179380304461], [-70.02685420172773, 41.37357427544123], [-70.02885471286719, 41.37512321935412], [-70.03143556392108, 41.377829448019156], [-70.03435002849565, 41.38041556021566], [-70.03486645304177, 41.38069013523587], [-70.04239862098049, 41.38173903594014], [-70.04406830708933, 41.38249833844088], [-70.04558695820825, 41.38359279612619], [-70.0495653026339, 41.38789800712326], [-70.0499296370823, 41.39016454883001], [-70.04986815965775, 41.39230858538829], [-70.04965592671708, 41.39247301399879], [-70.0459800335662, 41.39082190921578], [-70.04327754736619, 41.38906276904594], [-70.04030105268514, 41.38665788337613], [-70.03000825359481, 41.37734718132163], [-70.02733635891657, 41.375128244471775], [-70.0229070729946, 41.3706638308132], [-70.01938689522412, 41.366407543149776], [-70.0076793134625, 41.34858583555249], [-70.00504055578298, 41.344897871432984], [-70.00446567328235, 41.34368700945809], [-69.9977432049599, 41.33375515819835], [-69.99651221767331, 41.33197048951132], [-69.99442571940078, 41.329464730328134], [-69.99363861690883, 41.32795720443347], [-69.99231104575593, 41.32643234149441], [-69.9920599804369, 41.32562981864373], [-69.99032220732738, 41.322898446675204], [-69.98793001766694, 41.31854193791709], [-69.98642055590197, 41.3164016857682], [-69.98373704290738, 41.311569558509966], [-69.98022440556102, 41.30750739458646], [-69.97882007350228, 41.30551983790436], [-69.97629137687782, 41.30274833437723], [-69.97416391330553, 41.30012344480321], [-69.97201369767753, 41.29709693316709], [-69.97088557613854, 41.29576867352271], [-69.96870521815703, 41.292140616502856], [-69.96673781131074, 41.28951156213838], [-69.96434785445426, 41.2851489326356], [-69.96271969156739, 41.282655540380716], [-69.96032925969207, 41.27845940470606], [-69.95957383979405, 41.27512689985026], [-69.95938802817443, 41.27302624320145], [-69.9594320427046, 41.26874223087943], [-69.95973086250414, 41.26640167299258], [-69.96085737091838, 41.26244927117426], [-69.9634567969197, 41.255901567904615], [-69.96477458871354, 41.253400942616935], [-69.9648825617478, 41.252642071383576], [-69.9651415461888, 41.25225781558287], [-69.9692664849832, 41.249552670832394], [-69.97252046624357, 41.24810472646599], [-69.97843550949518, 41.24598454465749], [-69.98957687909353, 41.242429690267876], [-69.99893569422345, 41.23985355563613], [-70.00158680640801, 41.23935127109346], [-70.01210553180445, 41.238097367276765], [-70.01822725301743, 41.238025295343796], [-70.02474289363614, 41.238787032863776], [-70.02695508865712, 41.239289765750826], [-70.02998662139348, 41.23956899635362], [-70.03807825560558, 41.24071289093244], [-70.04198733319332, 41.24144269214126], [-70.05280783565892, 41.24267754205342], [-70.05780908473726, 41.24302794868166], [-70.05947622054106, 41.242931587085685], [-70.06114295758987, 41.243186942902796], [-70.0662049342031, 41.24350904349822], [-70.07490406700316, 41.24385208337743], [-70.08323911690479, 41.24439530950204], [-70.08887681200503, 41.243684707558316], [-70.0916652726832, 41.24304583780591], [-70.09696806591683, 41.24084265947324], [-70.09899884823595, 41.24073278930339], [-70.10284833196594, 41.24095716750597], [-70.1058489429345, 41.24083834353589], [-70.11251706297737, 41.24141397599328], [-70.11867064782197, 41.242345365127036], [-70.13464732333023, 41.24694498664894], [-70.14195116067216, 41.248602027316586], [-70.14846777536997, 41.24951925087813], [-70.15579929265614, 41.25118416651934], [-70.16046749366821, 41.25257843936622], [-70.16289208397119, 41.253499716938215], [-70.17341052058957, 41.25665366255483], [-70.17441049134962, 41.25727431976284], [-70.1796549455307, 41.2591754280834], [-70.18159593455267, 41.26013735461914], [-70.18790111520377, 41.26276516835828], [-70.19399556142463, 41.26514368601061], [-70.19811936517767, 41.26704616261333], [-70.20194059381357, 41.26841150192012], [-70.20682315813364, 41.270495142790566], [-70.20885406319452, 41.27086108175023], [-70.21073481344646, 41.271480780017086], [-70.2120692056666, 41.27230469190953], [-70.2151021864368, 41.273651034739494], [-70.21764943205912, 41.27506493795972], [-70.21761992558648, 41.27525426245481], [-70.21731559047433, 41.27536561577954], [-70.21467764656019, 41.274682270818545], [-70.21025050752313, 41.27474665730353], [-70.20791560399613, 41.274059865988384], [-70.20627778239766, 41.274563390191226], [-70.20600543037607, 41.27484503719342], [-70.20473168728745, 41.27534482715521], [-70.2039737036703, 41.275848265569806], [-70.20257863416661, 41.27594425214548], [-70.20130568353514, 41.27662410129614], [-70.20091085343414, 41.27676307736036], [-70.20054742814612, 41.27667673561799], [-70.20054763684253, 41.27635257943125], [-70.20106257938689, 41.27582498599455], [-70.20269925439112, 41.27477168758337], [-70.202699924535, 41.274294462082366], [-70.20306405367648, 41.273993615926805], [-70.20306317222985, 41.27372291558387], [-70.20166851358069, 41.273467723483314], [-70.20160774648053, 41.27317100592653], [-70.2033052857919, 41.272369405498345], [-70.20339633566003, 41.27207105363325], [-70.20318395861251, 41.271893590134376], [-70.20242636312464, 41.27200927472852], [-70.19951568315035, 41.27363376423906], [-70.19784791800568, 41.274065912770105], [-70.19654451243045, 41.27507007458207], [-70.19608958087251, 41.2751379893789], [-70.19520998040781, 41.27580429759465], [-70.19454335286832, 41.275937295944914], [-70.19430010597188, 41.27639933982187], [-70.19199568548294, 41.27808973710368], [-70.19148066775662, 41.27815806406864], [-70.1912684486762, 41.27834019834843], [-70.19114664490083, 41.27891844801958], [-70.19190485681574, 41.27914445462297], [-70.19223851056182, 41.27893389216343], [-70.1925113676285, 41.27830055249916], [-70.19433045122636, 41.27712848965271], [-70.19478514805655, 41.27694407990623], [-70.19618080829372, 41.2768572003235], [-70.19654422544201, 41.27653835753331], [-70.19681680958284, 41.2758239563972], [-70.1970598046417, 41.27566805439897], [-70.19827321766569, 41.27566459071391], [-70.20051643186103, 41.27440726946848], [-70.20100182389018, 41.274474185737375], [-70.20091079708041, 41.27484457140463], [-70.20036515827866, 41.27552601157756], [-70.19897042603172, 41.27628772534469], [-70.19715115997151, 41.27802713732915], [-70.19430048770613, 41.27957902884334], [-70.19317856758202, 41.280473262088], [-70.19208714622637, 41.2816824339983], [-70.19160230249601, 41.283236841064095], [-70.19175378416355, 41.284721505819384], [-70.19184490352585, 41.28541421710705], [-70.192693624748, 41.2874500290317], [-70.19384695290182, 41.28916744494903], [-70.19490824471102, 41.29014710732678], [-70.1964556266432, 41.29076149862211], [-70.19794190626268, 41.2911337383267], [-70.19873039027748, 41.29110735498051], [-70.19985319505744, 41.29065429114601], [-70.19970094140491, 41.28989954596247], [-70.1999737598947, 41.289599350915985], [-70.2047049228179, 41.28788371024778], [-70.20613019228944, 41.28794955199874], [-70.20716222082493, 41.288407074242016], [-70.20779888194632, 41.28913920611058], [-70.20807202444072, 41.29002813545265], [-70.20804233370362, 41.29085676885931], [-70.20789082480455, 41.29115555984412], [-70.20755722118113, 41.291474780625414], [-70.20658670854979, 41.2919262858429], [-70.1966381365493, 41.293759266791206], [-70.19633432227359, 41.294059664262484], [-70.19630414311821, 41.294609712032276], [-70.19654699184152, 41.29481398544523], [-70.1962134797039, 41.29506957651631], [-70.19430248117949, 41.29526983016502], [-70.19190644859405, 41.295817299232475], [-70.19123918700728, 41.29582421138587], [-70.18960057682966, 41.29545349589778], [-70.18793237581077, 41.29472337001854], [-70.18526381558166, 41.294291112335266], [-70.1832310718721, 41.29424044837395], [-70.18110776834276, 41.29376660799621], [-70.17370675412725, 41.294265907523936], [-70.15368663932043, 41.29373837548106], [-70.1443745702885, 41.29364232942709], [-70.13042090119113, 41.293977884183505], [-70.12778242401568, 41.29381477484112], [-70.12444637759579, 41.293838402427404], [-70.11571116125563, 41.29434693113613], [-70.11119188538738, 41.29502989528838], [-70.10846212825123, 41.295740909079896], [-70.10412554259955, 41.29736794556953], [-70.10403446907061, 41.29681922560571], [-70.10318397334561, 41.29567471359341], [-70.10336554852789, 41.29397959208472], [-70.10269708588945, 41.29352673310176], [-70.09975404577031, 41.29244692323556], [-70.0965384821007, 41.29173846986635], [-70.09423330087661, 41.291031115202664], [-70.09153336009872, 41.29080447785491], [-70.0909876022433, 41.290665428274], [-70.09019893313675, 41.290186791798696], [-70.0899559226923, 41.289801633491464], [-70.09047054703288, 41.28899481691162], [-70.09247299777357, 41.28888581678885], [-70.09580919729515, 41.288331866402416], [-70.09602128978905, 41.288032846204906], [-70.09656694670717, 41.2877661055275], [-70.09690016632236, 41.28742075470709], [-70.09693092727166, 41.286934321347694], [-70.09744584643724, 41.286775817539784], [-70.09732428252767, 41.28602073373181], [-70.09720319254649, 41.28585940011052], [-70.095262034521, 41.286139205810976], [-70.09517001125766, 41.285518438675986], [-70.09705031540285, 41.28508648564831], [-70.09711074326275, 41.284419212202586], [-70.09514014997114, 41.28469920830322], [-70.09510958443762, 41.284510299447604], [-70.09432075766115, 41.28453594655038], [-70.09419928708249, 41.28423953602039], [-70.09556340060432, 41.28392050884785], [-70.0954730100996, 41.28366950874736], [-70.09462322615435, 41.283668512407964], [-70.09456291977031, 41.283389746124534], [-70.09507857928068, 41.28321381174424], [-70.09507825550982, 41.28300670220178], [-70.09480530200676, 41.282864864713005], [-70.09368331052764, 41.28304676479664], [-70.09368335300243, 41.28268658172478], [-70.0948965235674, 41.282206412342624], [-70.0950775271732, 41.28167345597757], [-70.094652688318, 41.280902786297816], [-70.09346866112246, 41.27991444179777], [-70.09180123961214, 41.27916431421054], [-70.09201307509255, 41.278450520369816], [-70.09155765795369, 41.278175835752954], [-70.09004167158159, 41.27797403861992], [-70.08876750939132, 41.277427428428695], [-70.088282232692, 41.277495099528984], [-70.08797934197433, 41.277903277215316], [-70.0876762753343, 41.27799629109391], [-70.08700824018202, 41.27772343394352], [-70.08658472298816, 41.27776372129338]]], [[[-70.3026788401951, 41.32978893455289], [-70.3016164856252, 41.32912544403697], [-70.29961363142145, 41.3283917488343], [-70.2983085262152, 41.328415596525524], [-70.29745891333471, 41.32869527492595], [-70.29715538293559, 41.32889689646307], [-70.29736761296326, 41.329245817973046], [-70.29730702193277, 41.32947140702129], [-70.29697302485793, 41.32956521093421], [-70.295213645809, 41.32910809882611], [-70.29390821886739, 41.328969256740045], [-70.29436326721189, 41.32853176982538], [-70.2954253179568, 41.32805177954435], [-70.29676123094107, 41.327757596502224], [-70.2981870499557, 41.32770521779811], [-70.3001905540448, 41.327961717814915], [-70.30198162368272, 41.32858117428357], [-70.30301296262884, 41.3294069778299], [-70.30304308842572, 41.3297939138374], [-70.3026788401951, 41.32978893455289]]], [[[-70.31059962812942, 41.33143753329875], [-70.31327132017046, 41.334252967806194], [-70.31345293593226, 41.334890799682576], [-70.31399928831902, 41.33581215451307], [-70.31396886614253, 41.336469706504104], [-70.31375615860959, 41.33694977335826], [-70.31345366560389, 41.33875477031331], [-70.3128762046815, 41.339031790934854], [-70.31184460568498, 41.33921455695258], [-70.30868757757956, 41.339151535829174], [-70.30310314022691, 41.33827828888072], [-70.29663799172684, 41.33761262293077], [-70.29417908052115, 41.33759545314122], [-70.2920240258355, 41.337799828489715], [-70.29068877582976, 41.337292022880035], [-70.28856412870941, 41.33679375303615], [-70.28853377841978, 41.33644282692135], [-70.28877705038477, 41.33603460895151], [-70.28938398535259, 41.33560439420191], [-70.29260119608723, 41.33416318499383], [-70.29360340677242, 41.333197464738056], [-70.2940287050437, 41.33299434078513], [-70.29691211380836, 41.33242117842903], [-70.30179817031963, 41.33075376889934], [-70.30343735926955, 41.330753106202465], [-70.30550139686926, 41.33123413286051], [-70.30586523522334, 41.33148221447573], [-70.30589537915878, 41.33186914979425], [-70.30553123804826, 41.331918206692755], [-70.30471229299283, 41.33153137863597], [-70.30425725804321, 41.331509687975995], [-70.30368060883184, 41.331804111127965], [-70.3030425675325, 41.33184745457176], [-70.30292159846117, 41.33132673514576], [-70.30240533399845, 41.331305514777384], [-70.3015864437543, 41.331738055382274], [-70.30164661682967, 41.33203470890897], [-70.30252684793821, 41.33253813818264], [-70.30301211785928, 41.333081846433046], [-70.3048940719271, 41.333339784824226], [-70.30534901043178, 41.33374922361707], [-70.30541045497043, 41.3342800000288], [-70.30619903209114, 41.33493718937546], [-70.30662399629433, 41.33503171472222], [-70.30780736494921, 41.334774626779485], [-70.30874904073185, 41.33482731422869], [-70.30999322467319, 41.334551700646664], [-70.31066077408256, 41.33366166685121], [-70.31075192383813, 41.33317414240882], [-70.31026561790871, 41.33244080891017], [-70.30902192022909, 41.33130218996404], [-70.30814165518608, 41.33079881126776], [-70.30656334153154, 41.33011417448693], [-70.30547124946224, 41.3300638151714], [-70.30443937392283, 41.32944512743955], [-70.30434848486931, 41.32919373972859], [-70.30471201634836, 41.32903662888242], [-70.30550166122626, 41.32900950886137], [-70.30622945755952, 41.32921753511473], [-70.30862749791493, 41.3302259696286], [-70.31059962812942, 41.33143753329875]]], [[[-70.00935348209241, 41.34215821440262], [-70.0083517519861, 41.342202979126405], [-70.00826170251965, 41.34177125501192], [-70.0092633506871, 41.34137529425142], [-70.01138690222898, 41.34303198847331], [-70.01135685923074, 41.34332931860078], [-70.0110235244694, 41.34326020701581], [-70.00935348209241, 41.34215821440262]]], [[[-70.59956859763653, 41.4305921861576], [-70.60011558165904, 41.431124946913314], [-70.60008534910567, 41.43146798336896], [-70.59890135051974, 41.433754031345586], [-70.59577240022647, 41.43629242730713], [-70.59519501899213, 41.43712012965104], [-70.59470932627327, 41.43857714768235], [-70.59313011198837, 41.43938276066525], [-70.59185348407337, 41.44039111546267], [-70.59133655564436, 41.44098348690403], [-70.59121601952846, 41.442101824472985], [-70.58969607233985, 41.442357496983284], [-70.5888755200964, 41.442999191786754], [-70.5884808295228, 41.4443015976319], [-70.5872349299007, 41.44503046703454], [-70.5861412934586, 41.44656752485087], [-70.58471305006135, 41.44814577503427], [-70.58456087672708, 41.44887724678891], [-70.58501798955861, 41.45002387793063], [-70.58468358285741, 41.450316626683865], [-70.58307250446197, 41.45088830029383], [-70.5816134970374, 41.45233120426997], [-70.58115726145805, 41.45308552770565], [-70.58073318997785, 41.45462234234722], [-70.58067261046479, 41.45587509194397], [-70.58109850216303, 41.45731918581259], [-70.58295350244809, 41.458482783011206], [-70.5843530345206, 41.45877884579345], [-70.58575079938183, 41.458227933378765], [-70.58618691849335, 41.45851676807347], [-70.58727141175386, 41.458531131103555], [-70.58806262338987, 41.45894323600549], [-70.58821465964566, 41.45953591356036], [-70.58791077286403, 41.45981034242692], [-70.5873018383166, 41.459836956311975], [-70.58499178475637, 41.4596253096255], [-70.58438318669793, 41.45999406275501], [-70.5829541703572, 41.46118454879148], [-70.58179931875024, 41.461848819517016], [-70.58131329160105, 41.462720522600435], [-70.5807050032981, 41.46337738731822], [-70.57906353593803, 41.464660645216455], [-70.5779083802578, 41.46593770608342], [-70.57377340003853, 41.46911956676868], [-70.57018543789353, 41.47056517147961], [-70.56686980211627, 41.471204802492835], [-70.56620122167186, 41.4707457210503], [-70.56474122659624, 41.47017093736878], [-70.56328112683116, 41.46911892003672], [-70.5614567693821, 41.46727038872113], [-70.55984505952439, 41.464779234820924], [-70.55969281213665, 41.464115050255664], [-70.55890187842363, 41.46246862841819], [-70.55762481036561, 41.46104438788453], [-70.55762541430146, 41.460774271802485], [-70.55893242035187, 41.46036025386669], [-70.55935885709209, 41.461507304849604], [-70.55996612080583, 41.46157142554245], [-70.56020988242359, 41.46132470977605], [-70.56042207626272, 41.45983574258116], [-70.56109220387046, 41.45892625907135], [-70.56109115644011, 41.458052292077134], [-70.56087863406073, 41.45777590898573], [-70.55908473241844, 41.45757532761519], [-70.55871960121921, 41.45773324394648], [-70.55829470933082, 41.459287980941525], [-70.5578074679926, 41.46004252306746], [-70.55704719798959, 41.46013355443604], [-70.55604436888392, 41.45878755204514], [-70.5554968054669, 41.45764173013047], [-70.5551927046841, 41.45647485725188], [-70.55394577263371, 41.45461863132237], [-70.55418977540087, 41.45422786601881], [-70.55327768542965, 41.452952376554826], [-70.5533078440572, 41.452150143510366], [-70.55282197484267, 41.451418441847224], [-70.5526095370216, 41.4485567592911], [-70.55270063182078, 41.44806061477596], [-70.55349068169804, 41.44675262486976], [-70.55330807354319, 41.44643088950465], [-70.55306488397991, 41.44377717005386], [-70.55294379891394, 41.44339180326265], [-70.55230569184292, 41.44276969376291], [-70.55230569184165, 41.44236451221345], [-70.55270125819911, 41.441836580733785], [-70.55267063948467, 41.440693370854056], [-70.55294410427175, 41.440077196064856], [-70.55373486705453, 41.4402104150882], [-70.55382539403266, 41.44046159993197], [-70.55358215649598, 41.441716757239845], [-70.5531566606319, 41.44199232879072], [-70.55297398485867, 41.44256255884122], [-70.55346113683574, 41.4427720278319], [-70.55346028500117, 41.443159194149416], [-70.5538252256171, 41.44410035316402], [-70.55394734548616, 41.445404706297126], [-70.55382477701448, 41.44610880722535], [-70.55434191320367, 41.4461378835635], [-70.55458570490242, 41.44497276926054], [-70.55434292322727, 41.44375970172029], [-70.55397719487316, 41.44327831078467], [-70.55403817425092, 41.442566375612955], [-70.55434247272153, 41.44203936956035], [-70.55422116625009, 41.441059727270236], [-70.55452460431265, 41.44023558064985], [-70.55504169229837, 41.43970640391911], [-70.55510226208298, 41.43930003477421], [-70.55492035065899, 41.439185409520924], [-70.55449392147531, 41.43927245169698], [-70.55415958518756, 41.43968216390816], [-70.55385563009906, 41.43970438818295], [-70.55339997664136, 41.43956664879923], [-70.55336933993485, 41.439386870552994], [-70.55428137819143, 41.43913111603883], [-70.55467664479183, 41.43874780728999], [-70.55501178613846, 41.437851324536595], [-70.55522391253326, 41.434948168400204], [-70.55555907065708, 41.43371853561649], [-70.55558921005552, 41.432889849126255], [-70.5573514453391, 41.43270362223027], [-70.55762564177344, 41.43348362502711], [-70.55823320296435, 41.43437612973132], [-70.5588108737046, 41.43480974494811], [-70.5595400359747, 41.4350605991054], [-70.56090812970245, 41.434907052368175], [-70.56224537627976, 41.43433061231773], [-70.56306592739352, 41.434238354399405], [-70.56400854807056, 41.434928197190374], [-70.56431221454298, 41.43492395156261], [-70.56425155097394, 41.433853098274355], [-70.56467700648167, 41.43316274275229], [-70.5656800015558, 41.43224810430799], [-70.56704760057885, 41.43037415556933], [-70.5671085775073, 41.42998579229896], [-70.56671283881337, 41.42925265087625], [-70.56762492137705, 41.428979341364965], [-70.56798958703534, 41.42868577591253], [-70.56801973602627, 41.42815422007343], [-70.56716892885728, 41.42742746645564], [-70.56574004300799, 41.426735325573354], [-70.564555134274, 41.42685048148635], [-70.56403877678885, 41.42665038071617], [-70.56479775279512, 41.42556828679914], [-70.56455469954544, 41.42490505313835], [-70.56446328778969, 41.422942549684876], [-70.56610443970695, 41.421731541902744], [-70.56640799755695, 41.42108800578175], [-70.56668159961002, 41.42085896473169], [-70.56738091368028, 41.42063343664277], [-70.56905230800385, 41.420447967051395], [-70.57072320462294, 41.419650754967215], [-70.57169553189276, 41.41866490844711], [-70.57175601203083, 41.418411608192294], [-70.57041903071716, 41.4170877472884], [-70.57090532496665, 41.41626168416127], [-70.57175563852346, 41.41579987830644], [-70.57175631356037, 41.4151848027506], [-70.57220131096506, 41.414860359889104], [-70.57208990645685, 41.41452517420272], [-70.5716641339986, 41.414269574552165], [-70.57139113837664, 41.41440859215861], [-70.57111793995041, 41.415051822337944], [-70.57123916826028, 41.415302118821344], [-70.57109482992114, 41.41566784851226], [-70.57062450888984, 41.41601064567081], [-70.56972025824123, 41.41539545502665], [-70.5690512198005, 41.4151609161673], [-70.56859513432467, 41.415140285366874], [-70.56798819192706, 41.41539190846738], [-70.56780557222456, 41.41566446995459], [-70.56780543942237, 41.41603363295945], [-70.56844382711827, 41.41701581757656], [-70.56847390969016, 41.41731262972224], [-70.56741053322612, 41.418362978442794], [-70.56625641131883, 41.41886501817218], [-70.56491900785439, 41.41893727634743], [-70.56303493610389, 41.41991778118112], [-70.56230579539141, 41.42049531762022], [-70.56203261084586, 41.420976464003346], [-70.56203229138745, 41.42186785856117], [-70.55996557482004, 41.42213941920765], [-70.5595406931164, 41.42200083349071], [-70.55744351607727, 41.42039926883425], [-70.55704845064801, 41.41981015354799], [-70.5571396405173, 41.41955654889284], [-70.55802097297718, 41.41885087802258], [-70.55805105890028, 41.41848139625276], [-70.55668393514367, 41.41747282819197], [-70.55628842263313, 41.41699232188116], [-70.5562590284287, 41.416397811985654], [-70.55641021658033, 41.41608055409381], [-70.55768686244284, 41.41500056743498], [-70.55808220197979, 41.41477932160138], [-70.55917617339577, 41.41468317190593], [-70.55950966968098, 41.414498549159646], [-70.55972318396252, 41.414135091583795], [-70.56020921080386, 41.413795287878195], [-70.56011761321075, 41.4134906427352], [-70.55923652387307, 41.41342142768586], [-70.5569275904103, 41.41205669076568], [-70.55665436017303, 41.412006586801816], [-70.55565061307973, 41.41257841660841], [-70.55483058749341, 41.41237349037355], [-70.55382827741208, 41.41175622777448], [-70.5530686364997, 41.410676719549116], [-70.55385875113221, 41.409738457246085], [-70.5538589201208, 41.40914419367145], [-70.55309930772793, 41.40834381028519], [-70.55243087362088, 41.408001129138775], [-70.55139828164641, 41.40787093357485], [-70.55051613146603, 41.40795527668982], [-70.54990892752186, 41.40809818518071], [-70.54960530343287, 41.40843610747751], [-70.54817729800041, 41.40873419053543], [-70.54720456880676, 41.40829719743431], [-70.5467188369172, 41.40796108799465], [-70.546718866515, 41.40768196354964], [-70.54732699592078, 41.40725038397656], [-70.54766158076117, 41.40633647971354], [-70.54808666183679, 41.40615040062444], [-70.54811728236557, 41.405924999171255], [-70.54772222820169, 41.405371866619056], [-70.54705379598826, 41.40571402614567], [-70.54681060856707, 41.405554977128155], [-70.54668862455455, 41.40518759508782], [-70.54678003972197, 41.40461886001406], [-70.54717516873379, 41.40420856641975], [-70.54513965069974, 41.403244879757665], [-70.54413727848872, 41.40289820821073], [-70.54371190789227, 41.40290362219701], [-70.54040016620824, 41.40349802054826], [-70.53848646347434, 41.40354144544247], [-70.53806145088475, 41.40377250930033], [-70.53778751550301, 41.404271590325315], [-70.53736197440925, 41.40463714036319], [-70.53672395983527, 41.40491591131803], [-70.53641997187246, 41.40594709713376], [-70.53736174595451, 41.40622241532234], [-70.53812072195387, 41.40717596912195], [-70.53851570021627, 41.407179889234676], [-70.53851638606994, 41.406035815813794], [-70.53878964067223, 41.40580684809234], [-70.54082533075523, 41.40638347735289], [-70.54109840545442, 41.406766767508266], [-70.54103703512182, 41.40829918396698], [-70.54310304329864, 41.4096312409842], [-70.54489508022525, 41.410516943884744], [-70.54747712120022, 41.4138594737409], [-70.54893586680488, 41.41500173297204], [-70.54905726483608, 41.41548671820215], [-70.54866172504178, 41.415870012619585], [-70.54832764720345, 41.415964558636915], [-70.54756822608834, 41.415830995685006], [-70.5456236505277, 41.41392941471905], [-70.54340661590375, 41.4122843653766], [-70.53830252257409, 41.40923605949732], [-70.52858188386877, 41.40509680629034], [-70.52627283131295, 41.404541809335555], [-70.52129012950269, 41.40396875792555], [-70.51758444785547, 41.403765605147974], [-70.5165512861718, 41.40326591959033], [-70.51603533384566, 41.40293954421261], [-70.51615738427753, 41.402388538591715], [-70.51652187937707, 41.40218517762532], [-70.51722110359196, 41.40225708363843], [-70.5172201506998, 41.40273429026475], [-70.51749400266593, 41.40274004227394], [-70.51813246580559, 41.40219127041784], [-70.51807158710963, 41.40182270205334], [-70.51779898779532, 41.40156484877314], [-70.51618827440176, 41.40122615821011], [-70.51548988244885, 41.40092915155716], [-70.51485206396168, 41.40021678800778], [-70.51539988877866, 41.39987657863817], [-70.51564267145183, 41.39932381377402], [-70.5162510701214, 41.398712321416106], [-70.51582600114773, 41.398114361486606], [-70.51467214667414, 41.39742677522538], [-70.5141560082569, 41.39660516628624], [-70.51336684203747, 41.3962375745992], [-70.51266801387652, 41.396192650834486], [-70.50953862592146, 41.396765225383625], [-70.50862685868803, 41.39712810834443], [-70.50762434713397, 41.39712326451303], [-70.50668370466579, 41.39616283983951], [-70.5061066739315, 41.39621574627881], [-70.50589298110432, 41.39662355596289], [-70.50589310388233, 41.397146351065594], [-70.50710638910223, 41.39930108557918], [-70.50780497765129, 41.39982325671398], [-70.50914089526331, 41.40023788206035], [-70.51041651486095, 41.400104400771646], [-70.51196713345418, 41.39939030029108], [-70.51230108926555, 41.39934987615707], [-70.512544164336, 41.39950844089202], [-70.51245213465523, 41.39980702355781], [-70.51141892395505, 41.40060444191179], [-70.50935364679678, 41.40081150084809], [-70.50838153453518, 41.400698323042135], [-70.50698425937298, 41.400239256088554], [-70.50655906244288, 41.39992038558397], [-70.50619533510118, 41.39934881339876], [-70.50568015356767, 41.39769823198187], [-70.50473894684333, 41.396413639600915], [-70.50328376011552, 41.393145315628786], [-70.50237368677128, 41.39200447476485], [-70.50237501605656, 41.39086041183787], [-70.50261819973453, 41.39019062523628], [-70.50301283511128, 41.38996955642391], [-70.50359059623901, 41.38996170198675], [-70.5045313296198, 41.39078709299325], [-70.50456126238844, 41.39136304885655], [-70.50392275618032, 41.39229948554138], [-70.50392185283573, 41.39298378652626], [-70.50519633633627, 41.395255007653766], [-70.50549917823214, 41.395340954625134], [-70.50556086452724, 41.39495263768784], [-70.504864039561, 41.39236797880914], [-70.50565563593469, 41.390907268932665], [-70.50671915800547, 41.390632405729946], [-70.50787243486744, 41.39078827169996], [-70.50814616261061, 41.390604393183594], [-70.5085113007491, 41.38996942763335], [-70.50914913754586, 41.389627795142296], [-70.50978774527513, 41.38887197031426], [-70.51088113150905, 41.38859621311915], [-70.51109429527793, 41.38834089179351], [-70.51206639986694, 41.388418598794296], [-70.51273419502346, 41.38802204895775], [-70.51355556174842, 41.38672361874992], [-70.51364759100974, 41.38601084941433], [-70.51164463980585, 41.38370410745377], [-70.51128103407275, 41.382763386863566], [-70.51061295045936, 41.381799187983866], [-70.50791147182154, 41.38013287234559], [-70.50751724614604, 41.379606624641006], [-70.50663827710919, 41.37742894098826], [-70.50676128459604, 41.37592352520032], [-70.50606809861328, 41.37417628444128], [-70.50631166073981, 41.372461466983765], [-70.50567474226445, 41.37195670911644], [-70.50549281188583, 41.371499848576434], [-70.50594885041461, 41.371043521226945], [-70.5070132142385, 41.369146812123944], [-70.50704346909897, 41.36861528053099], [-70.50646784261427, 41.36683023908464], [-70.50646899356789, 41.36612737546482], [-70.50677330338684, 41.36545699325164], [-70.50744322879491, 41.362467331862895], [-70.50735331033471, 41.36079291754815], [-70.506352215481, 41.35974304300012], [-70.50255973976225, 41.3569015554876], [-70.5003437691097, 41.35612904507341], [-70.4982060441197, 41.355850722180385], [-70.4978107446068, 41.35557653446685], [-70.49768987637347, 41.35513708425266], [-70.49850720427132, 41.35296477208172], [-70.49887021880824, 41.352482332178326], [-70.49946702337469, 41.352141511604835], [-70.50062097620481, 41.35184726111709], [-70.5012285125707, 41.351343895186496], [-70.50216970088525, 41.35118730513231], [-70.50381024886678, 41.3500222266757], [-70.5044177634887, 41.34995103756344], [-70.50496340750136, 41.35054729264174], [-70.50569134820036, 41.35022279128906], [-70.50787797443172, 41.35027461816346], [-70.5081505943937, 41.35019934762692], [-70.50890154945783, 41.34951936831945], [-70.50735394943179, 41.34938875420982], [-70.50685995073222, 41.34907378171729], [-70.50634432262467, 41.34846711162474], [-70.50362926181126, 41.34823220708611], [-70.49947051599797, 41.34836716533906], [-70.49391885971679, 41.349034334159924], [-70.49319079282503, 41.34960186837191], [-70.49228070652408, 41.349632036687765], [-70.49164247089924, 41.34942376149877], [-70.48675523431174, 41.34928951809288], [-70.48268760637511, 41.34993621507894], [-70.48132199917225, 41.35045798211619], [-70.48047257232385, 41.350523492312554], [-70.48007804371474, 41.35034830249677], [-70.47995586670832, 41.350070326496045], [-70.48035004101105, 41.349750289974324], [-70.480107509615, 41.349456040017316], [-70.478559190462, 41.34989058867248], [-70.47807359758534, 41.35023005286705], [-70.47749710795706, 41.35027324343032], [-70.47613956071531, 41.349724104054815], [-70.4743277343278, 41.349329529334504], [-70.47320960018676, 41.34959739236315], [-70.47079847886057, 41.34962332367812], [-70.46853282318662, 41.34944963032691], [-70.46687539798, 41.34902427024413], [-70.46670229084457, 41.34903787994194], [-70.46729637063426, 41.349503077223886], [-70.46723559539684, 41.349729308507214], [-70.4670235003909, 41.34993896900953], [-70.46590006266348, 41.35027761897888], [-70.46650822848446, 41.35170188399501], [-70.4671162794566, 41.3522977598825], [-70.46751095236897, 41.353067274948515], [-70.46808874911734, 41.354897554518246], [-70.46836184240546, 41.35526302536978], [-70.47027616433232, 41.35707620275098], [-70.47124726131848, 41.357207712722555], [-70.47185465516543, 41.35764149211224], [-70.47261493775393, 41.358649531504064], [-70.47337435483833, 41.3602518361725], [-70.474711397085, 41.3613967747367], [-70.47771797600976, 41.36237558722754], [-70.47896243285749, 41.3623508014639], [-70.48230343507754, 41.362901995173026], [-70.48673591364562, 41.36337619977694], [-70.49402377823992, 41.363444001866], [-70.49438845301154, 41.36360143617214], [-70.49520880148447, 41.36454570911081], [-70.49590787851695, 41.36584230072152], [-70.4967901282104, 41.36653330453187], [-70.50084943778998, 41.36866546126592], [-70.50254751434807, 41.37008056360412], [-70.50254329531462, 41.37035233175062], [-70.50206121287592, 41.37101663471306], [-70.50194610880835, 41.37306404241473], [-70.5024569289315, 41.374134398792975], [-70.50408917883685, 41.375372759789165], [-70.50408899652788, 41.37555339750777], [-70.50372462844564, 41.375828192405166], [-70.50284379967043, 41.375947621399256], [-70.50178002051467, 41.37656515607855], [-70.50011066922833, 41.37612780417155], [-70.4997453931801, 41.37619548507028], [-70.4996238087891, 41.37699858158291], [-70.49871019110967, 41.377469972870216], [-70.49822536849695, 41.37823272288441], [-70.49819583930476, 41.37964722506746], [-70.49850057448167, 41.38008492486192], [-70.49847025388816, 41.38047239869884], [-70.49786427354402, 41.38147999499884], [-70.49792520858122, 41.38202865669485], [-70.49810740708665, 41.38232345915301], [-70.4990498768625, 41.382689704911215], [-70.49986178019347, 41.38237273190467], [-70.50077475979586, 41.38021700726455], [-70.50080543690999, 41.37982953608749], [-70.5006228625583, 41.37953473475356], [-70.49974347578345, 41.379005860463714], [-70.49965269189971, 41.37857454734437], [-70.50010789367653, 41.37822628380079], [-70.50062595673417, 41.37731863784535], [-70.50108151851967, 41.377042406189005], [-70.5015062897089, 41.37706416064898], [-70.50177897244706, 41.37754658910159], [-70.50217413901085, 41.37740657427275], [-70.5024174643973, 41.37706093646552], [-70.50326869232474, 41.37656363801044], [-70.50354139592172, 41.37658686448012], [-70.50360182276363, 41.377243566729526], [-70.50329731803977, 41.377824457772626], [-70.50302240733244, 41.37909780451571], [-70.50305147760973, 41.38083584360735], [-70.50353680414865, 41.38189246449916], [-70.50478077769198, 41.383055922982095], [-70.50508385024882, 41.38415989030008], [-70.50605410634505, 41.385777327074045], [-70.50711671579965, 41.38640285865763], [-70.5078452170436, 41.38751899302574], [-70.50866475723855, 41.38811200044936], [-70.50869503774088, 41.38857090510762], [-70.50839100820271, 41.388782089956415], [-70.50763111897486, 41.388728730222226], [-70.50608271393757, 41.388298714567924], [-70.50523242420098, 41.38793164519496], [-70.5018635367858, 41.38561609809204], [-70.49895991845177, 41.384338904703], [-70.49677200439125, 41.3836020367731], [-70.49549675582911, 41.38349224601777], [-70.49075887832944, 41.3836262686872], [-70.4895436830989, 41.3839029957836], [-70.48659871094418, 41.38495886346252], [-70.48450386644042, 41.38628283276087], [-70.48304729066734, 41.388373342684645], [-70.48040648451149, 41.39063213679855], [-70.47919207766579, 41.39134152545846], [-70.47785632001676, 41.392466245794346], [-70.47096201343247, 41.39605836010635], [-70.46944338481022, 41.39717682025369], [-70.46646804616981, 41.39989877563906], [-70.46543552420313, 41.4005247077452], [-70.46358207205488, 41.401142555406736], [-70.46008909946521, 41.401601268023306], [-70.45981484768684, 41.401343816217235], [-70.46024012539871, 41.40111305504682], [-70.46264027718843, 41.40061450491932], [-70.46497980476155, 41.39974674879164], [-70.4657081094001, 41.39921540510898], [-70.46652766322252, 41.398213866152226], [-70.4669527164136, 41.39718170301254], [-70.46713470912337, 41.395972309400065], [-70.46965450770566, 41.39247240106138], [-70.46995780086982, 41.39175708215212], [-70.46995740942516, 41.39064001112651], [-70.4695614653445, 41.38993352194842], [-70.46925710220823, 41.38883000041376], [-70.46898220406466, 41.386635565789675], [-70.46864826594592, 41.3856763973224], [-70.46782761976372, 41.384641894629766], [-70.4659136041306, 41.38345952741433], [-70.46299740611482, 41.38231635168139], [-70.4620256561867, 41.382040702254265], [-70.4583199436224, 41.38167352358105], [-70.45828962264525, 41.381331646541916], [-70.4575603183217, 41.38098953209072], [-70.45753039467401, 41.38069268806544], [-70.45862237183562, 41.38041741281269], [-70.4595033849186, 41.38059546387616], [-70.45932126447732, 41.37966130640292], [-70.45895631629216, 41.379566785293264], [-70.45816656594158, 41.37982007422757], [-70.45771143987334, 41.37957334222951], [-70.45713505437999, 41.379869106188536], [-70.45677054730567, 41.38036885375342], [-70.45667939335445, 41.38087449553656], [-70.45722671349837, 41.38121888390091], [-70.457317543611, 41.38151516332264], [-70.45452317956847, 41.382036967478115], [-70.45297419401554, 41.382155467393105], [-70.45239699644368, 41.38181134918872], [-70.45257885351788, 41.37879214848375], [-70.45227503118956, 41.37811121044905], [-70.45218312827262, 41.37630222466875], [-70.45236504624141, 41.375110862123314], [-70.45267216652009, 41.37425999576902], [-70.45336996326373, 41.373801052110956], [-70.45327918962758, 41.37359480210578], [-70.4534304947779, 41.37308859365763], [-70.45409870233283, 41.373161173257465], [-70.45479758151275, 41.37286430509457], [-70.45467543445999, 41.37153281969112], [-70.45589017023671, 41.372129853384486], [-70.45570713508323, 41.370888974492374], [-70.4561021368323, 41.370325925250995], [-70.45610213319866, 41.37007381012221], [-70.45573722289664, 41.369934257955514], [-70.45534237588978, 41.369407809867894], [-70.45534305243686, 41.36872294543838], [-70.4545219864594, 41.36787798438049], [-70.45446189534606, 41.36734731245026], [-70.45391462384869, 41.36673278697038], [-70.45485551923117, 41.365973317970365], [-70.45558459038902, 41.365720610600896], [-70.45637375635161, 41.36579204216683], [-70.45664753828906, 41.366067507054225], [-70.45667753284847, 41.366796548891585], [-70.4569811672697, 41.36677515249728], [-70.4579831982664, 41.36595149952611], [-70.45795321228019, 41.36547456422434], [-70.45749720233248, 41.365219376702875], [-70.45695077019725, 41.36554130984738], [-70.45594833609579, 41.36494173374087], [-70.45470304866245, 41.364669123830346], [-70.45418725243476, 41.36427943468007], [-70.4532150421847, 41.36391310355144], [-70.45324593195402, 41.36304842738125], [-70.45272906259986, 41.36270318380651], [-70.45245595496101, 41.361562762695335], [-70.45282009089323, 41.361288129687466], [-70.45336613002627, 41.361218328112294], [-70.4559169961467, 41.361744428829006], [-70.45643360351903, 41.36210710527633], [-70.45685849785079, 41.36193037182417], [-70.4570097917346, 41.3615142004894], [-70.45792113212113, 41.36155692564775], [-70.45840694455347, 41.361883851373555], [-70.45880097449869, 41.361698957137335], [-70.45858846795375, 41.36121528306485], [-70.4589835433384, 41.36084974859679], [-70.45901325663326, 41.35961533463698], [-70.45949912888564, 41.35954607591021], [-70.45952927310252, 41.35927567175906], [-70.45925523990927, 41.359063240214994], [-70.45855748335586, 41.359117042643526], [-70.45807160947192, 41.35856444712743], [-70.45782840667334, 41.35748677674623], [-70.45570214066916, 41.35552342122833], [-70.45506504661277, 41.355224908681194], [-70.45403213339088, 41.35503978905551], [-70.45178508191813, 41.35376237255654], [-70.45132985882546, 41.353786293978544], [-70.4510872016418, 41.3539871962997], [-70.45020766378977, 41.3563943945886], [-70.45020805908959, 41.357421433921644], [-70.45045113303938, 41.357904282173024], [-70.45048210632005, 41.359552321429], [-70.45081560466372, 41.3604220583987], [-70.45160488314112, 41.361718083833416], [-70.45157489453686, 41.36211454523638], [-70.45130164669465, 41.36258642299263], [-70.45136278776037, 41.36298204473643], [-70.45221294375168, 41.363754698432054], [-70.45215312954457, 41.364170026726335], [-70.4519709313108, 41.36428032437611], [-70.4516060250853, 41.36396067636586], [-70.45127204998292, 41.363964903475384], [-70.45133330837645, 41.36531496233322], [-70.45221370523333, 41.36570016088563], [-70.45233580133244, 41.36677953328639], [-70.45267017798894, 41.367117462902286], [-70.45263952941053, 41.36782962983518], [-70.45160756661537, 41.36938286000001], [-70.45160796228534, 41.370274271158664], [-70.45239800886058, 41.37196703727197], [-70.45242821832481, 41.372543021987134], [-70.4528840437051, 41.37283424453143], [-70.45264120890025, 41.37317978259166], [-70.45200352877137, 41.37350309086139], [-70.45178793900725, 41.37510889774808], [-70.45099929528185, 41.376623290823694], [-70.45136357270064, 41.37817649930099], [-70.45106060805567, 41.381882266729036], [-70.45151640772183, 41.382156044191994], [-70.45206334002714, 41.383004685058786], [-70.45294398369334, 41.38338987844309], [-70.45261004113557, 41.38409642341457], [-70.45154789348231, 41.38526275897849], [-70.45066757988532, 41.38771498382053], [-70.45045568995346, 41.39094212668933], [-70.45060777714384, 41.392930639792304], [-70.44939328288083, 41.39515296460862], [-70.44905956997239, 41.39666143817119], [-70.44905961449082, 41.397480815059666], [-70.45067017115403, 41.39954081082554], [-70.45063986721861, 41.40004588727134], [-70.4488165813944, 41.401393109284435], [-70.44842265391728, 41.40255999140482], [-70.44827086035318, 41.404480408271034], [-70.44869649424903, 41.40589800943108], [-70.4492738556519, 41.40640422132361], [-70.45036776740575, 41.40688538658773], [-70.45033745908822, 41.407093326541094], [-70.44976081371249, 41.4073884954676], [-70.44909262797913, 41.408297912453754], [-70.44912277026046, 41.408693807123434], [-70.44960872705902, 41.40919185788217], [-70.44988228080393, 41.40912516996256], [-70.45058080656815, 41.40793690995316], [-70.45127972572452, 41.407135260373614], [-70.45155294601226, 41.4066993957106], [-70.45152262671127, 41.40601536777149], [-70.45173491779333, 41.40587776819375], [-70.45577666412106, 41.40772717735235], [-70.45614149681438, 41.40829892552352], [-70.45611081750681, 41.40866837062179], [-70.45571655777083, 41.40928602249508], [-70.45437970215872, 41.410843230288], [-70.45419742835865, 41.411592826232706], [-70.45374174837777, 41.41148169491956], [-70.45316464218328, 41.41084044663695], [-70.45143265376537, 41.41035790736902], [-70.45039955077533, 41.41074902539043], [-70.4497312862076, 41.41207262751404], [-70.44979209788313, 41.41370238329911], [-70.45036967698638, 41.414153999013756], [-70.45225427014837, 41.41454455609141], [-70.45319613174149, 41.414433957080334], [-70.45447217176894, 41.41363424125407], [-70.45450210937919, 41.41301210636234], [-70.45471436735393, 41.412739438594045], [-70.45541404620872, 41.41264909715719], [-70.45602182990652, 41.41324502842713], [-70.45672105131437, 41.41525376416358], [-70.4597607187311, 41.41841290017458], [-70.46173640809434, 41.41893694521375], [-70.46267878951393, 41.418843712675574], [-70.46374226670565, 41.41849722217388], [-70.46441086204976, 41.41806550900353], [-70.46516939744151, 41.41694748140902], [-70.46702273240939, 41.415573255555856], [-70.46744796667193, 41.41511736299508], [-70.467873200413, 41.41426527848242], [-70.46951337286329, 41.412983056295836], [-70.47169899626864, 41.41017224494994], [-70.47227568176297, 41.408795904368844], [-70.47251799382832, 41.40727022124151], [-70.4725165294587, 41.405189690734], [-70.4721213887347, 41.40377190234547], [-70.47199868405508, 41.40221532870756], [-70.47096450549421, 41.40054411311858], [-70.47093349344202, 41.39912118191624], [-70.47072072936173, 41.3987095617965], [-70.47065921801473, 41.39807083654528], [-70.47087190196943, 41.39732092592924], [-70.47123582040555, 41.397090692162166], [-70.47147944471293, 41.397114847587275], [-70.47196590306373, 41.39781990031308], [-70.47260456095671, 41.39912678838684], [-70.47266736463148, 41.402395849551645], [-70.47309333246429, 41.40447966124447], [-70.47327726337616, 41.406719975524126], [-70.47303513557438, 41.40874989204125], [-70.47257993643561, 41.40996244576208], [-70.47078903928298, 41.41286802675306], [-70.4690273872282, 41.414268475422915], [-70.46787350252194, 41.41568849998542], [-70.46632411928704, 41.41689668557566], [-70.46486666375365, 41.418590787907846], [-70.46383387285793, 41.41914410629269], [-70.46204049359997, 41.419527250861364], [-70.45839362249079, 41.41991585460841], [-70.45520339350836, 41.420794209266695], [-70.4517388964346, 41.421270388004764], [-70.45082755966338, 41.42099351287674], [-70.45043196381904, 41.42070171656037], [-70.44976288207761, 41.41964710097118], [-70.44924593379389, 41.41772610831169], [-70.44921530275296, 41.416582864635274], [-70.44885018234474, 41.41431774397345], [-70.44842492028798, 41.41278253445348], [-70.44805947865451, 41.41051740834512], [-70.44775539403052, 41.405558369759156], [-70.44760263524807, 41.40511912426837], [-70.4471159801481, 41.40457603739517], [-70.44705527365886, 41.40196427156191], [-70.44623444631675, 41.39848948570752], [-70.44623393257028, 41.396471427821474], [-70.4466895221879, 41.39448462504879], [-70.4468709038102, 41.391671951426325], [-70.44714450233809, 41.38995695619235], [-70.44893484586153, 41.38281924519443], [-70.44926887687666, 41.380418801272185], [-70.44957467409331, 41.3735064713518], [-70.44920879323087, 41.37143944900949], [-70.44905642686805, 41.3665960699519], [-70.44929820041796, 41.36430507364895], [-70.44929815348674, 41.36220655626918], [-70.44829554249746, 41.35785951485222], [-70.44820311729067, 41.35440220306892], [-70.4482636836917, 41.35364472787305], [-70.44887050743463, 41.3517274292806], [-70.44899191209929, 41.35053719631164], [-70.44950758243645, 41.35003550244839], [-70.45038778675689, 41.34872738531972], [-70.45108560158677, 41.34815984277275], [-70.45202692894586, 41.34767952270317], [-70.45530492999833, 41.347061531407626], [-70.45691351227003, 41.34701446426379], [-70.4595852694184, 41.34762882331349], [-70.46338349373498, 41.347601770637915], [-70.46599385583482, 41.34778997247526], [-70.4691680033082, 41.34840081417999], [-70.47054980229362, 41.34843309132613], [-70.47833781246393, 41.348313446200684], [-70.47937170123876, 41.34845783478868], [-70.48227022511082, 41.34818567493504], [-70.48789559108937, 41.348129193618576], [-70.49162501922332, 41.34777530662171], [-70.49285712665757, 41.347828478864045], [-70.49345821871756, 41.347571024791456], [-70.49733735822329, 41.34719014380989], [-70.50179576791155, 41.34708548717471], [-70.51680101334303, 41.34785161184682], [-70.51874920265952, 41.34810768298214], [-70.52180026639417, 41.34820219007843], [-70.5256126714078, 41.348691460446986], [-70.5286563579343, 41.34883129718042], [-70.53085514817857, 41.34866838152338], [-70.53220224057092, 41.34885041654803], [-70.53401242972892, 41.348728568989536], [-70.53685858822173, 41.349069088925376], [-70.54054929633804, 41.349242246787426], [-70.54400328470929, 41.34896365295032], [-70.54976263288695, 41.34880786838631], [-70.55464846821167, 41.349294477576926], [-70.56032468727302, 41.34948749948744], [-70.56289639865426, 41.349301161832464], [-70.56814644024708, 41.34937433614644], [-70.57020147453426, 41.34961801876768], [-70.57326790228312, 41.349665118288904], [-70.57523825120523, 41.349645217534565], [-70.57710186796305, 41.34941337774393], [-70.57924790096601, 41.34958786619148], [-70.59168740180228, 41.34934565693173], [-70.59462475284793, 41.34957009506616], [-70.59723394843968, 41.34936583727381], [-70.60062779215365, 41.349497525495586], [-70.60429465355509, 41.34914224287653], [-70.60714731472552, 41.34914846611638], [-70.61063252249379, 41.348883835642184], [-70.6183813059941, 41.34792420590607], [-70.6379842150958, 41.3468360381083], [-70.63935470575568, 41.34662755621745], [-70.65449515146788, 41.3460675062703], [-70.66463382774594, 41.34529024270758], [-70.66897397094519, 41.34511060253725], [-70.67246493445657, 41.34444738685927], [-70.68330036609537, 41.34424359761712], [-70.69189030244158, 41.34350504120317], [-70.69613966367066, 41.343343403909856], [-70.6975358860439, 41.343115278191284], [-70.69911365169939, 41.34311913384754], [-70.70982718700579, 41.34171725714423], [-70.71732275082785, 41.34007437715471], [-70.718051191879, 41.339792974863094], [-70.72427235571412, 41.33862815512443], [-70.72548549537458, 41.33824029755518], [-70.72861137485462, 41.33761731870987], [-70.73325386739063, 41.33622289486], [-70.73953391778645, 41.33400250618157], [-70.7446901412634, 41.33157338472998], [-70.74754134495736, 41.329944692356975], [-70.74823823971043, 41.32940291345127], [-70.74854175253596, 41.32892097763126], [-70.74905540655082, 41.32690472862353], [-70.75058966982546, 41.32567407569877], [-70.75374643775274, 41.324824385403], [-70.75760120646278, 41.32325214650475], [-70.75963473837788, 41.32205897016686], [-70.76194232042114, 41.32023165711983], [-70.76418890100369, 41.318701582840845], [-70.76488693676721, 41.317628490950206], [-70.76576894393327, 41.31554310241257], [-70.76604236444066, 41.31437720118261], [-70.7669826636146, 41.3136691942387], [-70.76771187379218, 41.3126851908422], [-70.7680153079786, 41.31195954571741], [-70.76798571320322, 41.31096950292606], [-70.76637909869058, 41.30934574500004], [-70.76616722781668, 41.30896171253663], [-70.76665325466526, 41.3078827251816], [-70.7670788850626, 41.30637173333077], [-70.7679897581546, 41.305204897334], [-70.76868784780719, 41.303699039461996], [-70.76981149603147, 41.30278116717526], [-70.77366447745025, 41.30129842087536], [-70.77566589599843, 41.30097924402634], [-70.77751588390869, 41.30118465599965], [-70.77815313847324, 41.30143632667518], [-70.77906308757792, 41.302124719191845], [-70.78042774720628, 41.302742851897484], [-70.7814888676024, 41.3035644327257], [-70.78361160751341, 41.30466621969336], [-70.7863711672225, 41.306559809855315], [-70.78788795315437, 41.30733805988181], [-70.79544058336462, 41.31006620493077], [-70.8004765426713, 41.312969069733875], [-70.80448013011019, 41.31635550927229], [-70.80708959425581, 41.31834107965151], [-70.81100337210593, 41.3208376210722], [-70.81564593610808, 41.32472725564126], [-70.81947008825843, 41.32724265923195], [-70.82098719719804, 41.32897541289699], [-70.82247414369559, 41.33021277140703], [-70.82648095669273, 41.3346974519687], [-70.82881880934023, 41.33664207515907], [-70.82951668872136, 41.337504371734944], [-70.8312168223707, 41.33897247105532], [-70.83498186338836, 41.342902816776515], [-70.83750166392768, 41.34478079992544], [-70.83856470954125, 41.34604303196154], [-70.83877737772106, 41.34720124871323], [-70.83850451496016, 41.3476650281159], [-70.8368359442526, 41.34860121923837], [-70.83647147168739, 41.34898567482597], [-70.83604715527689, 41.34955999030581], [-70.83547145069096, 41.35193752215063], [-70.83501620367693, 41.352629826014], [-70.83380252323757, 41.35337843306197], [-70.83216325699594, 41.35310766636816], [-70.82979573793072, 41.35297381650256], [-70.82703267251964, 41.353243291107525], [-70.82299585102787, 41.353036894786506], [-70.82102266482488, 41.353203457907654], [-70.81798687427133, 41.35404450425792], [-70.81598310256526, 41.354940663659214], [-70.81416269365344, 41.35544679559404], [-70.81231019708898, 41.35573718150898], [-70.80869842485858, 41.355649905683826], [-70.80666395808927, 41.35516871141118], [-70.80496441786447, 41.35457360536993], [-70.80293060802728, 41.35441648181961], [-70.80028883835072, 41.353800309859565], [-70.79227577639901, 41.35026885945245], [-70.78754146084385, 41.348604423206766], [-70.78572044234647, 41.34811912466869], [-70.78329188005874, 41.34782408990225], [-70.78065063542905, 41.34781971473975], [-70.7788608092748, 41.34805480299511], [-70.77497420644632, 41.349168389682006], [-70.77224192970756, 41.350570629609926], [-70.77041951417735, 41.351823925061986], [-70.7689011668414, 41.35324347457144], [-70.76865833932656, 41.35321996382118], [-70.7679298783095, 41.352852853869436], [-70.76695967033422, 41.35189498613824], [-70.76686817549576, 41.35161752809764], [-70.76708053277852, 41.351316719252836], [-70.7689028683341, 41.35137014643668], [-70.76929673499737, 41.351228629615804], [-70.76932747199359, 41.35102117447375], [-70.76866051227597, 41.3503376510735], [-70.76723305056028, 41.35063004491768], [-70.7667481773853, 41.35056556239666], [-70.76854126280564, 41.34633133650378], [-70.76887601804208, 41.34514668814726], [-70.76966554468123, 41.344485508131], [-70.76963557680892, 41.34411672833281], [-70.76884655195065, 41.343453793106065], [-70.76890749157825, 41.34302032318462], [-70.77003038532123, 41.34278672086576], [-70.77118392216968, 41.34281384616609], [-70.77248894565423, 41.34306421799314], [-70.77531128496899, 41.343083450172735], [-70.78119965656605, 41.343749011015255], [-70.78377941201028, 41.34327691287265], [-70.78411368570562, 41.34306463081399], [-70.78450813934539, 41.342292804095464], [-70.78499518662228, 41.338447912570906], [-70.7854813283572, 41.337215779414066], [-70.78542098814809, 41.33542422389865], [-70.78520881759624, 41.33444541239391], [-70.78551307220647, 41.332999984935405], [-70.78539144280676, 41.33213711029295], [-70.78578659978339, 41.3315633667185], [-70.78578686014328, 41.331086171031494], [-70.78551374061355, 41.330873984841105], [-70.78396558687777, 41.33098800030787], [-70.78305577512141, 41.33059733034274], [-70.77980856225909, 41.33034993309192], [-70.77835210123484, 41.32966143071706], [-70.7779578440608, 41.32968536861702], [-70.77792758375514, 41.33035257694733], [-70.77759329693208, 41.330735910997085], [-70.77592419224858, 41.33103193709321], [-70.77395152063667, 41.331053061156275], [-70.77219137666707, 41.331836891848866], [-70.77034052376284, 41.33163139220114], [-70.7694607665707, 41.331032594797556], [-70.76936966724055, 41.330754583468924], [-70.7694918530801, 41.33046443456688], [-70.77100858345226, 41.33014389592127], [-70.77258679225562, 41.33032680691205], [-70.77319322750338, 41.33009210473744], [-70.77292147459318, 41.32966380705654], [-70.77122160075689, 41.32906875449896], [-70.77076663229074, 41.32865221877265], [-70.77082854327021, 41.32719232015962], [-70.77022172788062, 41.326048877576405], [-70.76958530461651, 41.32531096679303], [-70.76958568518927, 41.324833771416394], [-70.77040525415812, 41.3246769919562], [-70.77025366780295, 41.324237640709136], [-70.76976835648057, 41.32396609035488], [-70.76882763608599, 41.32414289893186], [-70.76740039007869, 41.325515740008626], [-70.76645918170631, 41.32604368066298], [-70.76573122184575, 41.32595567442444], [-70.76533704505515, 41.325565387837194], [-70.7643053789154, 41.3254011191965], [-70.76360760379798, 41.324943583996316], [-70.76154420228407, 41.32530829309311], [-70.76133196356886, 41.32547403515541], [-70.76224135778683, 41.32606352772005], [-70.76221084942661, 41.326297984274056], [-70.76136155168145, 41.3266351526659], [-70.7609667683995, 41.32720881434216], [-70.76087467914503, 41.32801179686765], [-70.7599944615406, 41.32825983229236], [-70.75902390161937, 41.3277791005008], [-70.75878205245706, 41.32716131823075], [-70.75851000691293, 41.32508474014401], [-70.75805560996804, 41.32459611753722], [-70.75763094445414, 41.324620910515215], [-70.75672016289319, 41.32501334677986], [-70.75498974130508, 41.3261111106839], [-70.75504968719828, 41.32631746608102], [-70.75589924675673, 41.32686328097798], [-70.75611150293206, 41.327391395797484], [-70.75647534022079, 41.32759299507167], [-70.75771877345643, 41.32784426001637], [-70.75941786253371, 41.3287366348162], [-70.7606619941191, 41.32905990174654], [-70.76102507123721, 41.329378529969865], [-70.76132863912574, 41.32933774427444], [-70.76166311903577, 41.32894545525797], [-70.76211901907793, 41.32872221007947], [-70.76287679274853, 41.3287198289745], [-70.76363573718538, 41.329086612806194], [-70.76412134584304, 41.329088079208496], [-70.76512234573914, 41.32873950410496], [-70.76563841542391, 41.3290647382234], [-70.76578944880895, 41.32922440922191], [-70.76569853821997, 41.32974828714831], [-70.76503074724195, 41.33043386332108], [-70.76496939890154, 41.330984376763276], [-70.76539418490711, 41.33185149440687], [-70.76587882252586, 41.33164586977958], [-70.76642661501073, 41.32986330532472], [-70.76642757267, 41.329223478818186], [-70.76615415158571, 41.32881372850198], [-70.7661548104262, 41.32828194496182], [-70.76788448254605, 41.32833648437417], [-70.76757998383678, 41.329016546927946], [-70.76785297746353, 41.32938183952284], [-70.76852103769689, 41.329587618720865], [-70.76882441399721, 41.33000656052863], [-70.76870173644578, 41.330782907379565], [-70.76806371479637, 41.331576171393564], [-70.76763913685349, 41.332654998611105], [-70.76596915990373, 41.33359013861156], [-70.76487567949157, 41.33464266407594], [-70.76438996958261, 41.33521744021991], [-70.76356955990963, 41.33711245315824], [-70.76341750535269, 41.3378717220626], [-70.76359800971065, 41.339355138906114], [-70.7641136010116, 41.340527287345864], [-70.76405204365751, 41.34125731629991], [-70.76341380664722, 41.342447286774785], [-70.76341295377429, 41.34356431375041], [-70.76395835615604, 41.34482556918566], [-70.76453502601832, 41.34551022671359], [-70.76450464402059, 41.346060383716214], [-70.7641098663799, 41.34638139459308], [-70.76240913620919, 41.34706529714281], [-70.76131724536395, 41.34654158586328], [-70.76107409179436, 41.34658108284554], [-70.76104333710921, 41.3471132292161], [-70.76201384144727, 41.34799911119271], [-70.7626205495223, 41.3489625326956], [-70.76471513617663, 41.3495608355384], [-70.76541181936923, 41.350171428855525], [-70.76553312828975, 41.35040406277294], [-70.76538113943089, 41.35127081348497], [-70.76541030618901, 41.352900682841614], [-70.7655319353993, 41.35310574034668], [-70.76638116365041, 41.35376852161039], [-70.76695785894492, 41.353903937572674], [-70.76789892650616, 41.35381718104725], [-70.76783809448234, 41.35404356521625], [-70.76638075866562, 41.355047619873474], [-70.76522627682498, 41.356307969555026], [-70.76480046858718, 41.35703507680616], [-70.76428368660251, 41.35854716065289], [-70.76334172418264, 41.35989497606478], [-70.76142805952675, 41.36144635378873], [-70.75963380964382, 41.36487857638245], [-70.75929941570598, 41.36591069752392], [-70.7587832385425, 41.366575849593694], [-70.75674766577185, 41.368129162071746], [-70.75392005519853, 41.37162203924861], [-70.75334298808481, 41.372198412132214], [-70.75066932151, 41.37402259136098], [-70.74630724254695, 41.37580002641456], [-70.74512394933613, 41.37680900567293], [-70.74382042052406, 41.37914354620268], [-70.74251521360925, 41.37996486518149], [-70.74224287753438, 41.38072554786917], [-70.7411493460613, 41.38111158342276], [-70.7402404298807, 41.383260206909746], [-70.73945299951511, 41.38571295990317], [-70.73911997301646, 41.387492350973595], [-70.73787666269303, 41.38937535819837], [-70.73772566854157, 41.39019762331475], [-70.7372096893465, 41.39095272044722], [-70.73623840974501, 41.3917238791844], [-70.73563182329944, 41.392868340527166], [-70.73465999139069, 41.39324331461828], [-70.73432640891683, 41.39358151234005], [-70.73308245830543, 41.39552749186886], [-70.73283974544154, 41.396170746679736], [-70.73168686833974, 41.397836517511536], [-70.73068451752894, 41.39806774839122], [-70.72922573963848, 41.39772075553683], [-70.72822347065116, 41.397789338196944], [-70.72685707723491, 41.39836864527933], [-70.72579406653529, 41.3984834947782], [-70.72436637179922, 41.39893742500524], [-70.72081436451727, 41.40227822982584], [-70.71950881571443, 41.40454045963292], [-70.71911457611624, 41.40475327663261], [-70.71792916533772, 41.404843574360385], [-70.71665380111524, 41.40523149888576], [-70.71495293195608, 41.40695071348818], [-70.71422378047005, 41.4071955150948], [-70.71243246039637, 41.408843718472966], [-70.7117957923588, 41.4105640945304], [-70.71164425952287, 41.41343976935191], [-70.71182646186743, 41.413851270284106], [-70.71176618633454, 41.414680897730136], [-70.71149348837358, 41.4154595169515], [-70.71043066876514, 41.417358122833136], [-70.7097013938054, 41.41817914212416], [-70.70930678670447, 41.41847351634005], [-70.70781762926624, 41.41904498918023], [-70.7074230455595, 41.419366368678794], [-70.70681507399192, 41.42025799820554], [-70.70620795587469, 41.42174388522073], [-70.70602689904442, 41.42287260097411], [-70.70554059789671, 41.42407796075781], [-70.70447794927551, 41.42518304092402], [-70.7042347621103, 41.425862250542664], [-70.7035968016599, 41.426781790381106], [-70.70219899953476, 41.42822552452728], [-70.70165219990392, 41.42947658770982], [-70.70137887526735, 41.43092146634976], [-70.70150170352426, 41.43318962281159], [-70.70116683047229, 41.43359974825718], [-70.69913067551818, 41.434377719249575], [-70.69788495406199, 41.435359903205345], [-70.6975198891469, 41.43531117418524], [-70.69648608254332, 41.43462349007959], [-70.6959095851107, 41.43465035687524], [-70.69481543892412, 41.435288049980265], [-70.6940556711852, 41.43549705926466], [-70.69338659251903, 41.43604772180995], [-70.69083333711451, 41.43654443633034], [-70.68943511094521, 41.4371236326351], [-70.68688225040906, 41.44133098815955], [-70.6863963034296, 41.44155428211658], [-70.6855448085151, 41.44176538593802], [-70.68457228746838, 41.44167117331608], [-70.68259637383238, 41.440853902685994], [-70.68092498986098, 41.44064375182116], [-70.68004305269164, 41.44036838410225], [-70.67846230915441, 41.440643937286055], [-70.67761087771126, 41.44105250953885], [-70.67536191783672, 41.44135580877489], [-70.6740543576572, 41.44169912444401], [-70.67229121752219, 41.442544452388404], [-70.67037555852315, 41.44462553960851], [-70.66998030952108, 41.445288935256904], [-70.66973695658545, 41.44640926502077], [-70.66900734432832, 41.44724860250669], [-70.66800354745497, 41.44924460965443], [-70.6666959831072, 41.45083995304316], [-70.66569215569956, 41.45340374566455], [-70.66547864915964, 41.454550173425964], [-70.66459628099187, 41.4566258307951], [-70.65945658672558, 41.46047416169995], [-70.65665913239293, 41.46055918516873], [-70.6553516011652, 41.46094731795164], [-70.65459114208775, 41.46094952889291], [-70.65355776228975, 41.46065819540633], [-70.65249342714363, 41.460700324768055], [-70.65097304566689, 41.46097482518579], [-70.6464723646832, 41.46138166950054], [-70.6428533248589, 41.46259522019179], [-70.6413030156606, 41.46277932594108], [-70.63847378521179, 41.463549653804506], [-70.63573655746029, 41.46506568084614], [-70.63360678694522, 41.46682545784827], [-70.63327143771868, 41.46689324302366], [-70.63260332836005, 41.46650602456193], [-70.63196523906265, 41.46558780754304], [-70.63266485736703, 41.46508218660556], [-70.63385141866497, 41.46483126723819], [-70.63458172109564, 41.463713033065446], [-70.63476508083744, 41.46309766168397], [-70.6357677828051, 41.46316440149091], [-70.63631566974534, 41.46261651691264], [-70.63692412237715, 41.46257162819249], [-70.63771404989151, 41.462938921562184], [-70.63777567460069, 41.46236145377473], [-70.63725917419386, 41.46216168913286], [-70.63680277758473, 41.46160953295434], [-70.635830665698, 41.461245346695144], [-70.63455345870494, 41.461011073724094], [-70.63427992792488, 41.46124027007576], [-70.63421882882265, 41.4616106582994], [-70.63351799923338, 41.462818587391936], [-70.63297107347441, 41.46296127909888], [-70.63205937490301, 41.46194755399141], [-70.63041820889569, 41.460664854540106], [-70.62841247626757, 41.45981940639916], [-70.6267407018902, 41.45936590722577], [-70.62558585189875, 41.45828328462685], [-70.62570833281984, 41.45673273903562], [-70.62595239091415, 41.45625178354244], [-70.62577124855862, 41.45472309060382], [-70.62589265029683, 41.45448710554584], [-70.62698724102685, 41.45460696349058], [-70.62738312896508, 41.45451096774917], [-70.62738365739445, 41.453646592106956], [-70.62632113287876, 41.45186012767084], [-70.62504457016745, 41.451265592695925], [-70.62474137772286, 41.45090084303644], [-70.62468051861686, 41.450235205858895], [-70.6236276594235, 41.44881795233826], [-70.62350476795379, 41.44831503164217], [-70.62298801733914, 41.44792611588449], [-70.62241049619105, 41.44801562079115], [-70.62198488330971, 41.448291447830336], [-70.62186420495654, 41.44915826961756], [-70.62268610404128, 41.44982192215135], [-70.62329372679979, 41.4500477870263], [-70.62350751230841, 41.45041410040996], [-70.6234772664809, 41.450738567290344], [-70.6227483445085, 41.45139697108409], [-70.6228400724017, 41.451855199019164], [-70.62262778007756, 41.45222777883238], [-70.6215026326951, 41.4525679691579], [-70.6211076640087, 41.452843472442346], [-70.62123139915623, 41.45492265406827], [-70.62156692427818, 41.4555212084881], [-70.62123357202657, 41.45686752687473], [-70.62220802691353, 41.458853696271575], [-70.62242214322221, 41.459634196549224], [-70.62400511349406, 41.46143991880541], [-70.6242184541586, 41.46189626691881], [-70.62421979462493, 41.46308535856573], [-70.62497299294391, 41.46402927835283], [-70.62478930554958, 41.46468965195405], [-70.6237350708134, 41.46519079216638], [-70.62497091162305, 41.466019696307356], [-70.62448367517835, 41.4662252775457], [-70.62373563747688, 41.466244827629545], [-70.62355371301352, 41.466472455498895], [-70.6234634606972, 41.467410421260304], [-70.62448258295919, 41.46759387165473], [-70.62460417715084, 41.46816881312842], [-70.62499870448147, 41.46839752442971], [-70.62591145838593, 41.46798813045418], [-70.62621577721877, 41.468028742637266], [-70.6262146885721, 41.4687406055586], [-70.62648899712858, 41.46892561638835], [-70.62800869759687, 41.469246256362695], [-70.62846524014206, 41.46901510482721], [-70.6285564621997, 41.468743436076934], [-70.62834452353465, 41.46809802399689], [-70.62986636745306, 41.466797384831544], [-70.6299273292866, 41.466246918418456], [-70.63010997741473, 41.46604629792987], [-70.63053571784367, 41.46590493259303], [-70.63093059756704, 41.46599856652733], [-70.63123524820942, 41.46631829047886], [-70.63205574116304, 41.46664027036889], [-70.63217720567313, 41.467007552965846], [-70.62882965388202, 41.46986540274094], [-70.62819029143805, 41.47025271976985], [-70.62761283720523, 41.47029667522515], [-70.62322549536847, 41.4722594686202], [-70.6199123462964, 41.47438687975543], [-70.61963819187932, 41.47440838732171], [-70.61942561481024, 41.47414168699764], [-70.619607490283, 41.473292223678904], [-70.61945383411066, 41.47233098220311], [-70.61899759370625, 41.47240002877398], [-70.61860217325108, 41.47215329069534], [-70.6186329248691, 41.47288285149286], [-70.61842119981831, 41.47347997003393], [-70.61708415759574, 41.47437277527252], [-70.61708418696007, 41.47464289475948], [-70.61760083732987, 41.47480673638384], [-70.61845208176838, 41.474118924961516], [-70.61875642476389, 41.47405150949248], [-70.61896960921628, 41.47427376319686], [-70.61893911088133, 41.47480588618084], [-70.61371036267528, 41.47732002338549], [-70.60878508716158, 41.479424942919934], [-70.60449780598779, 41.48171870489778], [-70.6035553890733, 41.48238036499374], [-70.60306884996393, 41.48246825123176], [-70.59993575808045, 41.48133199646703], [-70.59893117346022, 41.481354975742796], [-70.59844433439336, 41.48114569879033], [-70.59762241552534, 41.479887048404656], [-70.59734774174191, 41.47874698233653], [-70.59692191193274, 41.47805928852033], [-70.5966775969451, 41.47675682326449], [-70.59652334198972, 41.472913138324664], [-70.59597527398526, 41.470921138205924], [-70.59588161952897, 41.46838238998744], [-70.59846514468731, 41.46451830345354], [-70.59907185058682, 41.463348104762154], [-70.59922338283236, 41.46270664885641], [-70.60001311150508, 41.461660011422936], [-70.59998242702643, 41.460994039958535], [-70.59958644248896, 41.45991829589666], [-70.60001248132832, 41.45962454682358], [-70.60010275238118, 41.45838889879764], [-70.60089276989497, 41.45811716833459], [-70.6011964922423, 41.45774310181174], [-70.60116549631184, 41.45664492811058], [-70.60086125777345, 41.455802335867226], [-70.59955364773819, 41.455325434609506], [-70.60025288532972, 41.4549376288325], [-70.60025219633648, 41.45461291263976], [-70.59976563496693, 41.45397145993973], [-70.59851776614916, 41.453106165611], [-70.59754545577208, 41.45296674667183], [-70.59666378298245, 41.45340204587438], [-70.59599563320029, 41.45413222902827], [-70.59487070509228, 41.45484132185456], [-70.59155769920565, 41.45603093040858], [-70.58775780325213, 41.45770498475282], [-70.58730136332294, 41.45781893060043], [-70.58696713336323, 41.4575714387671], [-70.58693593482104, 41.457319642731505], [-70.58936862567313, 41.456106218197206], [-70.58933795491397, 41.455710363181154], [-70.59000636649901, 41.45560205461448], [-70.59018901753124, 41.45530244484689], [-70.5909796740744, 41.45543541016543], [-70.59146552578714, 41.45532956390518], [-70.59174014776157, 41.45519051860091], [-70.59189130675938, 41.454684129251], [-70.59268198305779, 41.45470959320666], [-70.5942013967317, 41.453292359053584], [-70.59535614573261, 41.45288007545977], [-70.59602487411821, 41.45234798853755], [-70.59718007690432, 41.45200772213398], [-70.59769607720597, 41.45129826420707], [-70.59787800624984, 41.45070094696417], [-70.5986383377026, 41.450699683567585], [-70.59869899470634, 41.45042835352247], [-70.59827324789202, 41.44956058528626], [-70.5971174904366, 41.44869432380127], [-70.59656955683069, 41.448008464714775], [-70.59644773562205, 41.44749651757602], [-70.59583947207545, 41.44729808201133], [-70.59389392466638, 41.4478925679434], [-70.59371179961138, 41.448210195442215], [-70.59350015167547, 41.449744241781055], [-70.5935918517337, 41.45042759454967], [-70.5908259421829, 41.45271778003586], [-70.59046106798401, 41.4527857597937], [-70.58918402725773, 41.45232587465014], [-70.5891538326116, 41.45202905841972], [-70.59018706827696, 41.45148360939302], [-70.59109785199774, 41.450129061000126], [-70.59206993132352, 41.447980961625625], [-70.59213093358423, 41.44747553392819], [-70.59194767470315, 41.447000798337086], [-70.5938018569589, 41.44633526740122], [-70.59574693401304, 41.444894405034205], [-70.5965372193233, 41.44398286726808], [-70.60069882802627, 41.44038510532346], [-70.60060779441787, 41.4398368241154], [-70.60015105705725, 41.438942372476106], [-70.60024249782106, 41.43858124652652], [-70.60127395978921, 41.43704468963512], [-70.60212501319964, 41.43626696340339], [-70.60248975663048, 41.43542460423054], [-70.60312627580636, 41.433434137514254], [-70.60324647102783, 41.43130677491829], [-70.60306353936875, 41.43091308733073], [-70.60248549256966, 41.430434677065946], [-70.59996243510038, 41.42954184965133], [-70.59956770407332, 41.43006994855467], [-70.59956859763653, 41.4305921861576]]], [[[-70.55194361970791, 41.41594309912576], [-70.5516703006199, 41.4154422141871], [-70.55184834611903, 41.41507904141323], [-70.55276465153224, 41.41440972038633], [-70.553706958412, 41.41418067166606], [-70.55398015340458, 41.41441142999695], [-70.5530686370586, 41.41516240419768], [-70.55255141108003, 41.415916668996644], [-70.55194361970791, 41.41594309912576]]], [[[-70.55236945792518, 41.41955784127369], [-70.55321925242603, 41.421501367943684], [-70.55467830199231, 41.42289510836832], [-70.55495185230447, 41.42376515263168], [-70.55498180592167, 41.424980945397216], [-70.55519414348622, 41.42586961214168], [-70.55571056932273, 41.426673581786986], [-70.55695683261725, 41.427701414014905], [-70.55726059343606, 41.42842651406935], [-70.55695681672012, 41.43034916364014], [-70.55710911893858, 41.43227447356616], [-70.55583285759565, 41.4323640181782], [-70.5556193861379, 41.43188052422543], [-70.55546762974444, 41.43009928090078], [-70.55492104177044, 41.42758485231701], [-70.55419187295229, 41.42607227875867], [-70.5530972436705, 41.423943815271265], [-70.55115354392481, 41.421069904318564], [-70.54847941080116, 41.41788143965636], [-70.54796283172689, 41.41714946705733], [-70.54796325961998, 41.4167172773988], [-70.54923936303561, 41.41596152488625], [-70.54986936383366, 41.41602589397649], [-70.55167009484258, 41.41884685823712], [-70.55236945792518, 41.41955784127369]]], [[[-70.56254952940655, 41.42817494825414], [-70.56254943380925, 41.42749007507139], [-70.56303539745458, 41.42685312527014], [-70.56343033990856, 41.426739896039635], [-70.56391701705147, 41.42712940595631], [-70.56391751229984, 41.427633634784236], [-70.56352176610898, 41.42813458996233], [-70.56288404950807, 41.428359478996796], [-70.56254952940655, 41.42817494825414]]], [[[-70.69099458951491, 41.5061597680872], [-70.6913291640093, 41.506460974838014], [-70.69139019046777, 41.507468722091104], [-70.69196889195119, 41.507883647986965], [-70.69285137421132, 41.50771772915892], [-70.69373357498937, 41.50712805063047], [-70.69470740433832, 41.5067804374401], [-70.69507224155741, 41.50634240206062], [-70.69534729802278, 41.50625769040083], [-70.69674676958587, 41.50683090850378], [-70.6984817678377, 41.50847175849185], [-70.69839034684281, 41.50961685931139], [-70.69866487445053, 41.50996432312736], [-70.6993340244993, 41.51048564556039], [-70.70067273201921, 41.51098804718329], [-70.70061272169667, 41.51162859417001], [-70.6993652683594, 41.51343971335117], [-70.69744784220633, 41.51382852642329], [-70.69525607796251, 41.51364474849238], [-70.69516500801201, 41.51290746595697], [-70.69400775133329, 41.51229430664306], [-70.69312575142605, 41.512298167983424], [-70.6919390816033, 41.51268477049257], [-70.69029540185187, 41.51291615966165], [-70.68944349074954, 41.51252346772526], [-70.68725195255463, 41.51226750502527], [-70.68606501124493, 41.5133208924628], [-70.68554767083494, 41.51352708890342], [-70.6833254112814, 41.51382963123851], [-70.68241215389752, 41.51425749425519], [-70.68128622190498, 41.515156521743116], [-70.6800075838098, 41.51581526379135], [-70.67751139264217, 41.516247963041316], [-70.67738976039082, 41.516069812127455], [-70.67769446064818, 41.51499324209742], [-70.67769493272772, 41.51375914051828], [-70.67748213565554, 41.51339293934595], [-70.67705548598904, 41.51309328377672], [-70.67656908251193, 41.51319048222468], [-70.67659927254353, 41.5135503000872], [-70.67690291611481, 41.513896903091286], [-70.67662954830776, 41.51399114489707], [-70.6761722937066, 41.513916920343576], [-70.67574737829042, 41.51348164627082], [-70.67538195472073, 41.51261348891162], [-70.67659955275023, 41.51023516476994], [-70.67739125771044, 41.509710242659786], [-70.67839550618382, 41.50956951201416], [-70.6791265166785, 41.50925235418813], [-70.68113437511106, 41.50746663602585], [-70.68271714249818, 41.506983957424445], [-70.68551732700004, 41.50678068704772], [-70.68658242561773, 41.506324058726776], [-70.68825580320241, 41.504857717322544], [-70.68938224372927, 41.50460690816994], [-70.69084242473537, 41.505108043892726], [-70.69099458951491, 41.5061597680872]]], [[[-70.68146830838323, 41.521125743118915], [-70.68101169270057, 41.521700392826425], [-70.68037219523174, 41.52155621543192], [-70.67912451673635, 41.52162879155982], [-70.67878934361119, 41.52137257313601], [-70.6789115192552, 41.521217572145346], [-70.68119425259384, 41.52071578044048], [-70.68143785740465, 41.520783941656624], [-70.68146830838323, 41.521125743118915]]], [[[-70.65463410269562, 41.55463815846436], [-70.6553629073069, 41.55749051647514], [-70.65517945601168, 41.56009636512715], [-70.65457069127925, 41.560465498974786], [-70.65441798924076, 41.56073785733023], [-70.65441646147326, 41.5624148335217], [-70.65408043169923, 41.564768550477744], [-70.65389731411769, 41.56515885868245], [-70.65356279639691, 41.565523844680435], [-70.65295513193017, 41.56577705254342], [-70.65054612341261, 41.56599991585752], [-70.64996754105296, 41.5662060545574], [-70.64948016045643, 41.5666818668585], [-70.64893070955839, 41.568472916666465], [-70.6487781187078, 41.569862318812845], [-70.64838175816841, 41.57075974431997], [-70.64637064161796, 41.571166708205475], [-70.64527331621248, 41.57160584507437], [-70.64347499872184, 41.572010415469364], [-70.64274426228278, 41.572380818490394], [-70.64210388850509, 41.57313794484631], [-70.641707153431, 41.573999329233146], [-70.64124890562768, 41.576149508605134], [-70.64088406594166, 41.57633470777028], [-70.64039584504128, 41.57608058650588], [-70.63884202243318, 41.57651733218518], [-70.63786755705908, 41.57622518939119], [-70.63677118383951, 41.57533109606108], [-70.63591817087267, 41.57501002909177], [-70.6356444674471, 41.57468943076776], [-70.63588882001542, 41.57432550320379], [-70.63488440155845, 41.57331335523976], [-70.63436611857671, 41.57304153802462], [-70.63397011836213, 41.57306496405231], [-70.63384790646644, 41.57331896195273], [-70.63387766407538, 41.574110972182744], [-70.63412157286419, 41.5746390065942], [-70.63527851549195, 41.57562250130799], [-70.63667877211131, 41.57640467669579], [-70.6384456624861, 41.576927942344895], [-70.63908540438345, 41.57686526300688], [-70.6395123277554, 41.57663383624799], [-70.64002992199717, 41.576653513025626], [-70.6409439841443, 41.57731546888287], [-70.64140025559453, 41.578164725136645], [-70.64197740888835, 41.580201175424854], [-70.64194476945201, 41.58358867487616], [-70.64093806318292, 41.585467399838585], [-70.64096761085239, 41.586673589008555], [-70.64084493630263, 41.58701763074681], [-70.64023584793172, 41.58713457661138], [-70.63965646826152, 41.58777340774803], [-70.6396560545113, 41.5882781946963], [-70.64075378054548, 41.588280307497456], [-70.6412109339456, 41.587868455623], [-70.64212459310511, 41.587593984166155], [-70.64185070031029, 41.58708431644671], [-70.64212647048842, 41.58521582309219], [-70.64237065829984, 41.58452773713397], [-70.64291884667026, 41.58411488216264], [-70.643893928432, 41.58535296076775], [-70.6445325377248, 41.58681191318104], [-70.64514127665532, 41.5877309659055], [-70.64751327409245, 41.59513654766889], [-70.64879216704799, 41.59767625137946], [-70.65192759069926, 41.603035105152124], [-70.65232341634987, 41.60323671304707], [-70.65274994925338, 41.60454546911823], [-70.65275001060557, 41.605050249944924], [-70.65244501626447, 41.60520779603988], [-70.6493366063329, 41.60525266729077], [-70.64738946927173, 41.60575692904066], [-70.64601369012715, 41.60549842218037], [-70.64488665793779, 41.60497391136631], [-70.6448562191901, 41.60461408157159], [-70.64510031084201, 41.60435874660043], [-70.64491799487699, 41.60346935789208], [-70.64513157213494, 41.60319634357159], [-70.6457715431996, 41.603052023347395], [-70.64787561522458, 41.60145442599468], [-70.64787560005097, 41.6012023146809], [-70.64568353274562, 41.59827025168436], [-70.64504336078909, 41.59792835493076], [-70.64428178818059, 41.59797552048533], [-70.64303173949197, 41.59839097021689], [-70.64260567189524, 41.59801746752169], [-70.64263689718793, 41.5969451044058], [-70.64239315280363, 41.59630905184261], [-70.64260685993825, 41.59529715002606], [-70.64214984697064, 41.59502470667988], [-70.64132771186284, 41.595090528378044], [-70.64044333808577, 41.595436689413354], [-70.64023015961955, 41.59573670981784], [-70.64019886286862, 41.59616922224441], [-70.6408388097778, 41.59694390313527], [-70.6412344702646, 41.59776682344105], [-70.6420871409219, 41.59824990807898], [-70.64226965321807, 41.59861651426464], [-70.6417506994855, 41.5992997072776], [-70.64172031668505, 41.599804267800245], [-70.64293865117342, 41.600696978860036], [-70.64327324977764, 41.60126843630151], [-70.6425723128282, 41.60168352716567], [-70.64120030950906, 41.602045705995145], [-70.6411089396966, 41.602569497181285], [-70.64037637742217, 41.60332760339419], [-70.63869946277663, 41.60419842138425], [-70.63873040596381, 41.60437817728722], [-70.63933903106317, 41.60481047752425], [-70.6393387792764, 41.60510760697942], [-70.63906442841369, 41.60538183399231], [-70.63900278744873, 41.60622943395446], [-70.63854600807335, 41.60607403009897], [-70.63781485056528, 41.60613826610736], [-70.63720493335322, 41.60652531036511], [-70.63635060372737, 41.60679906991416], [-70.6362593886679, 41.60719680296621], [-70.63668585217687, 41.607487603700115], [-70.63723459221565, 41.60757900154936], [-70.63763045471755, 41.60822184718641], [-70.63784396962994, 41.608290997058766], [-70.63906320103305, 41.60778701312868], [-70.64073949377449, 41.60755546690781], [-70.64110614304154, 41.6065503601563], [-70.64189912373384, 41.60531435991241], [-70.64226550680895, 41.60488550221899], [-70.64293574781297, 41.60474987198722], [-70.64305744139084, 41.60518072962021], [-70.64150115756213, 41.608265226344], [-70.64159211708666, 41.609002546916244], [-70.6423535708805, 41.609505207370276], [-70.64351254083398, 41.60977674673013], [-70.64384749997672, 41.609708931530164], [-70.64393878086531, 41.60952728863238], [-70.6437563815212, 41.609205706142994], [-70.64378721168868, 41.60863812967852], [-70.64561634463487, 41.60737783334617], [-70.6460430840953, 41.60739848150143], [-70.64738368485118, 41.608865507060145], [-70.64838910212565, 41.609463363967045], [-70.64890690714223, 41.60957303957968], [-70.6495473997737, 41.60939269470332], [-70.65006567352968, 41.60881749960189], [-70.65049302732204, 41.60882069487193], [-70.65180325152737, 41.609873815988635], [-70.65201509477414, 41.610240057532316], [-70.65198483867701, 41.61062756962791], [-70.65073512472195, 41.61105999054187], [-70.64860130247914, 41.6109016545141], [-70.64750368477173, 41.61156590620069], [-70.64698476527077, 41.61263630362419], [-70.64667884884965, 41.614856295817], [-70.64652630831243, 41.61502059847445], [-70.64536749890406, 41.61503721904784], [-70.64506297641945, 41.61526678117869], [-70.64506320987435, 41.61547387435858], [-70.64570289134325, 41.61575330545275], [-70.64628175305887, 41.61634797341678], [-70.64670740205312, 41.617720340923874], [-70.64664592181131, 41.61867598427434], [-70.6460964359759, 41.619755710936495], [-70.6455477336921, 41.62021360848541], [-70.64197934744965, 41.622012284888406], [-70.64066838244639, 41.622265180852374], [-70.63993545868294, 41.62359110130003], [-70.63941707400583, 41.62379652049969], [-70.63938668068955, 41.624076539307545], [-70.63999618054574, 41.62462589296322], [-70.64020918136676, 41.625100213179216], [-70.64078584195065, 41.62717436312466], [-70.64185160914803, 41.629050180728946], [-70.64520254919343, 41.633172793178474], [-70.6463610998718, 41.634155619938255], [-70.64678780416712, 41.63472607329571], [-70.64672658807773, 41.635069448599054], [-70.64636037104005, 41.63536270515615], [-70.64584144669821, 41.63540607862414], [-70.64398174733037, 41.63491094639094], [-70.64242711204142, 41.63474391195383], [-70.64224359213678, 41.63458439066803], [-70.6422142055192, 41.63381039410922], [-70.64248830487143, 41.633536147766], [-70.64239662189077, 41.6332130057589], [-70.64145248385343, 41.63280351006021], [-70.6402025120899, 41.63268601599335], [-70.6397754014761, 41.63245825280807], [-70.63880009974294, 41.631607303968195], [-70.63843476875255, 41.631081179477185], [-70.63843475535496, 41.630468908600896], [-70.63718456990647, 41.63090062232839], [-70.6368802802209, 41.63074299380102], [-70.6365440799195, 41.6307837769851], [-70.63620868698408, 41.63104121918425], [-70.63623842084283, 41.63195028026412], [-70.63602486493073, 41.63232289014183], [-70.6339951119139, 41.634152138641674], [-70.63456019807762, 41.63424423045031], [-70.63504768649891, 41.634057163806716], [-70.63632990476748, 41.633119809492506], [-70.63660420947232, 41.63238637554746], [-70.63730608443962, 41.63179068783463], [-70.6376721520833, 41.631677538802265], [-70.63800700584785, 41.63168177095861], [-70.63849532348367, 41.632070950884206], [-70.63876842972631, 41.63270667530943], [-70.6395308874305, 41.63320936031825], [-70.64001856913256, 41.633787612312744], [-70.64038478270788, 41.633719475499724], [-70.6405677044775, 41.63339221316743], [-70.64123811729293, 41.63323858400104], [-70.64160415751869, 41.6336026329545], [-70.64160326883832, 41.634926778337416], [-70.6429445943364, 41.63587161848584], [-70.64321834886373, 41.63643474658355], [-70.64324865637079, 41.637560472054005], [-70.64349185529701, 41.63825054132735], [-70.64489314241179, 41.6398514158358], [-70.64489326966988, 41.64012210328746], [-70.64419154565692, 41.64053719234882], [-70.64406937664006, 41.6408092102658], [-70.64422162058746, 41.64165391166782], [-70.64492270665956, 41.641653000371726], [-70.64507532596896, 41.641515711881055], [-70.64507601272337, 41.64090287952454], [-70.6454424109218, 41.64062763613913], [-70.64992514309395, 41.639895901226076], [-70.65032250947644, 41.63960230765525], [-70.65087176298222, 41.63880168115579], [-70.6530062905171, 41.637815910855686], [-70.65349448536088, 41.63799793318641], [-70.65358623112395, 41.638321075238444], [-70.65346353752523, 41.6386651217389], [-70.65306682274989, 41.63916583121835], [-70.65129776025894, 41.640308524442], [-70.6503801435665, 41.64288918700357], [-70.65056418258185, 41.643832034965655], [-70.65117224447417, 41.64527383411434], [-70.65111118239908, 41.64563466249826], [-70.650684317703, 41.646028216901], [-70.64690242011575, 41.64582151143485], [-70.64403486714036, 41.64703407404773], [-70.64250931150332, 41.64817283850623], [-70.64067846566954, 41.64888383836483], [-70.6396109918504, 41.6489534261798], [-70.63732411686664, 41.648562993652185], [-70.63524969026942, 41.64861026568108], [-70.63326624066245, 41.64919730704307], [-70.63164989877517, 41.64995931916018], [-70.63073323168469, 41.65082795384681], [-70.62740801057035, 41.651667996522924], [-70.626278837525, 41.652350383311926], [-70.6248737854388, 41.65468568787766], [-70.62416983921621, 41.65529704261529], [-70.62398820031122, 41.65587583416205], [-70.62377406549403, 41.65600530977221], [-70.62231083400228, 41.656197175193185], [-70.62069381515575, 41.656057503222435], [-70.61959523777948, 41.65546036769442], [-70.61861895355145, 41.65560081363493], [-70.61688186601424, 41.65703923388239], [-70.6157834540293, 41.65683879714857], [-70.61538717303317, 41.6569251973399], [-70.61499067257027, 41.65740832895465], [-70.61502221395801, 41.65789422344626], [-70.6152350654347, 41.658238598937785], [-70.6134009924616, 41.6584888091615], [-70.61079112483228, 41.657650194961754], [-70.6020491564867, 41.655315874211176], [-70.60475511347728, 41.6444761107174], [-70.60557585731107, 41.6419822620155], [-70.60673305058079, 41.639510752392276], [-70.62447400226957, 41.60914377192512], [-70.6258741661955, 41.60616127987307], [-70.62672987140678, 41.60337099300041], [-70.62798707460959, 41.594381724107095], [-70.62622013370354, 41.59383297009993], [-70.62561017576026, 41.59447318877093], [-70.62591403510588, 41.59511425212731], [-70.62676717872142, 41.59607410991833], [-70.62676488438568, 41.597286254933046], [-70.62624415511488, 41.60121980664145], [-70.62602992009961, 41.601699872844314], [-70.62578587328939, 41.601838124764214], [-70.6244741142161, 41.60192706946256], [-70.62255605503009, 41.602544805941], [-70.61768087196738, 41.602432774149406], [-70.615607876132, 41.60202216692247], [-70.61399196240876, 41.60136073227731], [-70.61152389019374, 41.60078996600651], [-70.61137102329593, 41.60097278562064], [-70.60948205661043, 41.60127088723128], [-70.6075011150539, 41.60106626139107], [-70.6060999619209, 41.60111321558087], [-70.6052471493181, 41.601890978678384], [-70.60315196173408, 41.60221492184931], [-70.60277209613442, 41.60190185171584], [-70.60219407627473, 41.60179317283249], [-70.60111298808737, 41.60120274120907], [-70.60019084264525, 41.60101480415099], [-70.59884715422076, 41.600201105117314], [-70.59838897679545, 41.59967523714809], [-70.59790204922815, 41.59951492756856], [-70.59723088342093, 41.59862326790614], [-70.59716987009439, 41.59832508301943], [-70.59616307763696, 41.59736490316065], [-70.59460897322553, 41.59670198928903], [-70.59323706474879, 41.59569610388857], [-70.59293291042094, 41.59562783871267], [-70.59220105616079, 41.59418697630621], [-70.59052308354153, 41.592014273027516], [-70.58963911619236, 41.591603137551246], [-70.58863383838158, 41.59157988835414], [-70.58747586968641, 41.591329168566574], [-70.58567805928469, 41.59158090121236], [-70.5855261183327, 41.59151214807106], [-70.58549482319788, 41.5908951195121], [-70.58314789878462, 41.589316812424045], [-70.58369587507553, 41.588424773010715], [-70.58564615234573, 41.586571022498056], [-70.59234394407355, 41.57794597204329], [-70.59316511808596, 41.57632223424135], [-70.59416902289642, 41.57298187183324], [-70.59444086496245, 41.56888777466131], [-70.59434911923643, 41.568407011462355], [-70.59495783596294, 41.567514837744056], [-70.59611299584536, 41.56440414285365], [-70.59326505909281, 41.56381025183686], [-70.5926698174521, 41.56047288219653], [-70.59208791780482, 41.55915814542149], [-70.59220802290929, 41.55826995793885], [-70.59190688668116, 41.55784323540994], [-70.59155888616844, 41.55654724849205], [-70.59128401746734, 41.55432273812154], [-70.58975812535071, 41.55214674023476], [-70.5890708920988, 41.55068876194721], [-70.58927581647264, 41.54944784984954], [-70.58876530240539, 41.54528558524507], [-70.59349277171657, 41.5452570254566], [-70.59525015300763, 41.54496208868819], [-70.5962558079483, 41.54464257713089], [-70.59878130856416, 41.54317755708927], [-70.60219890407774, 41.54189173298666], [-70.60366018887638, 41.54187120746256], [-70.60716191766392, 41.54276036727984], [-70.60719249771158, 41.54314609633517], [-70.6056396225665, 41.54344732134004], [-70.60217018197334, 41.54605361090284], [-70.60226278591671, 41.54719616914647], [-70.60138052324906, 41.54886618742232], [-70.6011064913955, 41.549122316434065], [-70.60071131028808, 41.55024468910371], [-70.60065086544938, 41.550948216361995], [-70.60089453570859, 41.55152133391413], [-70.60153469480701, 41.55152134096984], [-70.60208159774814, 41.549621876403215], [-70.60475857084997, 41.54568406857294], [-70.60679762047543, 41.543746258828484], [-70.60737613973905, 41.54364782101194], [-70.60816753388353, 41.54383524614246], [-70.6083800110508, 41.542508265895826], [-70.60862299635144, 41.54245952643761], [-70.60993332101077, 41.543008354477024], [-70.61108982756163, 41.54298365053422], [-70.61336434432621, 41.542440379413485], [-70.61602309001823, 41.54211389139606], [-70.61714822101973, 41.54156496605295], [-70.61754417756259, 41.54172167072233], [-70.61897497998001, 41.54162923749691], [-70.62271930002915, 41.54117145973602], [-70.62577619350644, 41.540395369803164], [-70.62690281534647, 41.5398930638426], [-70.62949203564379, 41.539432927303444], [-70.63074041339033, 41.539090770610606], [-70.63086272175057, 41.5389088182216], [-70.6325983900136, 41.538586695158266], [-70.6336028833408, 41.538248270984326], [-70.63369408513573, 41.53803962452684], [-70.634699724188, 41.5378362681531], [-70.63476096903834, 41.537655529949205], [-70.6365576325735, 41.53697195994577], [-70.63911645967902, 41.5356655591424], [-70.64155326348548, 41.534180350399225], [-70.64554338724506, 41.53051995590357], [-70.64743242865774, 41.52793483400087], [-70.64895550001488, 41.5263097947137], [-70.65044876174707, 41.523820132726264], [-70.65379983920177, 41.519700530912054], [-70.65410270097868, 41.519020739432804], [-70.65407496196639, 41.517377878920286], [-70.653831729089, 41.5165477021248], [-70.6541973563012, 41.51567760287209], [-70.6549897559256, 41.51506280080028], [-70.6555069372773, 41.51499180088674], [-70.65651044363482, 41.5154010654398], [-70.6572105306665, 41.51576924303], [-70.65827540551352, 41.51675350734765], [-70.65870165894006, 41.516936188797], [-70.6600714989722, 41.51742072646643], [-70.66156277567616, 41.51755274895137], [-70.6630228931869, 41.51803566670029], [-70.66387489393351, 41.518788715969], [-70.66472718537224, 41.51929020877694], [-70.66490904065311, 41.5215391556195], [-70.66466494661105, 41.52251541234096], [-70.66533538444992, 41.52281184746921], [-70.66700933820897, 41.52284158640886], [-70.66725277326539, 41.52272126142511], [-70.66704050651236, 41.52076022169766], [-70.66740581840381, 41.52027781516522], [-70.6681665567606, 41.519933365573735], [-70.6682282835274, 41.51959054291413], [-70.66758840910045, 41.518239195587654], [-70.6675889870605, 41.517761991187236], [-70.66789308479905, 41.51723524007574], [-70.66844133021483, 41.51716441796067], [-70.66929340198325, 41.51892642562794], [-70.67054069864368, 41.520529245069504], [-70.67044931008076, 41.521602296298234], [-70.67054000393154, 41.52208747890265], [-70.67108768179486, 41.52270093856334], [-70.67099640987398, 41.52362092422148], [-70.67142264041658, 41.52395718228954], [-70.67300451540977, 41.52439358827145], [-70.67440510501378, 41.525039687660026], [-70.6748014047854, 41.525376282381266], [-70.67480086193379, 41.5260875890086], [-70.6745571225339, 41.52640658171537], [-70.67458817599504, 41.526640342527344], [-70.67501392962507, 41.52695801728065], [-70.67586596357248, 41.52723375775017], [-70.68076674470515, 41.52803569543245], [-70.68137570854283, 41.5281712132671], [-70.68158933582609, 41.52841979450202], [-70.68219852424569, 41.52862734090057], [-70.68359825224931, 41.528327340200846], [-70.68448122334044, 41.527440615693656], [-70.68448116321034, 41.52650364014585], [-70.68408512625578, 41.52578892579969], [-70.68408498087283, 41.525329724740516], [-70.68499891064808, 41.52491985973098], [-70.6847242126434, 41.52464495100703], [-70.68286824295573, 41.52476216092993], [-70.68292877114193, 41.524301712894946], [-70.68359661053927, 41.52354681282693], [-70.68375163181747, 41.522957045474776], [-70.6823512614903, 41.521761256866455], [-70.68213826134816, 41.52114295341845], [-70.6821988110217, 41.52071007597519], [-70.68274694775702, 41.520620608770834], [-70.6846032569495, 41.52179153197175], [-70.68600336169179, 41.521626564315355], [-70.68694706612327, 41.522081273798975], [-70.687099677197, 41.52235811197111], [-70.68715931115348, 41.52350091118604], [-70.6875557034013, 41.5241891726491], [-70.68712973225081, 41.525951457925586], [-70.68716021075141, 41.528626398448196], [-70.68682566703298, 41.52949569869942], [-70.68548583089024, 41.52988507379767], [-70.68484634415469, 41.530821960236224], [-70.68432880760663, 41.531208220320615], [-70.68405436347065, 41.53205881135159], [-70.68378030765426, 41.53226111305592], [-70.68274631628212, 41.53235721840898], [-70.68204510094132, 41.53216927992907], [-70.681192888584, 41.53146138771575], [-70.68082734655172, 41.53052966210813], [-70.6789404773873, 41.529332570832175], [-70.678422804991, 41.528763828491996], [-70.67769249073991, 41.528513182877624], [-70.6759872526468, 41.52869159139559], [-70.67330861771994, 41.529613024730565], [-70.6732471081671, 41.53043361845751], [-70.67202958818058, 41.53169429883237], [-70.67044634193306, 41.531870696395515], [-70.66867985022128, 41.533067677164475], [-70.6686796305921, 41.53351787253131], [-70.6692578565099, 41.53455418224362], [-70.66925831832451, 41.53535610347025], [-70.66837396693639, 41.53701704085832], [-70.66733894234665, 41.53804997624706], [-70.66706377690473, 41.53939742349247], [-70.66666822160796, 41.539951072297974], [-70.66548139433078, 41.54006785112189], [-70.66496347740363, 41.539922230612426], [-70.6644156039597, 41.5394888192276], [-70.66441535576868, 41.53919168720507], [-70.66471992507275, 41.53878199808876], [-70.66478184901213, 41.53770873329284], [-70.6641727883434, 41.537087480308124], [-70.66191943579734, 41.5377506648839], [-70.65951395624565, 41.53807334701239], [-70.65704772871233, 41.53800159535207], [-70.65558604723904, 41.53857205450848], [-70.65537332319836, 41.53880007284117], [-70.65601194781775, 41.5396737040838], [-70.65601043870575, 41.540043980479936], [-70.65564652221667, 41.540291692377586], [-70.65528123024907, 41.54035988104427], [-70.65406235497714, 41.5398100094729], [-70.65354528790213, 41.53997047752905], [-70.6536972186895, 41.54051803336329], [-70.65363585124932, 41.54099591107705], [-70.6526614053688, 41.54232517171626], [-70.65253835756862, 41.543813282904225], [-70.65262978281108, 41.54403681329214], [-70.65308635032159, 41.54431877552424], [-70.65470031666621, 41.54456547383261], [-70.65515705183012, 41.544495716359485], [-70.65540052106434, 41.54429437159872], [-70.65543062750722, 41.54374422877337], [-70.6551574371823, 41.54321659023334], [-70.65521818996758, 41.54278372694446], [-70.65558376188703, 41.54255346926126], [-70.65884305847153, 41.54159623398684], [-70.66127819301211, 41.54182190853665], [-70.66158364729107, 41.542034064816725], [-70.6615833267916, 41.54225916117193], [-70.65981599263172, 41.54260006785432], [-70.65865931789266, 41.54338215692426], [-70.65789783629513, 41.54472654598881], [-70.65713529583401, 41.54566517717191], [-70.65646460073584, 41.54708000271875], [-70.65481988360203, 41.54893215760175], [-70.65430153660562, 41.54992154252553], [-70.65463410269562, 41.55463815846436]]]]}}