{"type": "FeatureCollection", "features": [{"type": "Feature", "properties": {"district_name": "12th Middlesex District", "chamber": "house", "vintage": "2022-present", "lean_dem_share": 0.838, "competitiveness": "Safe", "competitiveness_label": "Safe D", "party_favored": "Democratic", "url": "/district/house-12th-middlesex-district-2022-present/"}, "geometry": {"type": "Polygon", "coordinates": [[[-71.250586, 42.328959], [-71.250118, 42.32944200000001], [-71.248516, 42.33003000000001], [-71.246877, 42.33212600000002], [-71.244888, 42.33370000000001], [-71.238108, 42.330313], [-71.235351, 42.33749199999999], [-71.234199, 42.338008], [-71.233769, 42.33846099999999], [-71.223753, 42.335547], [-71.222927, 42.33542599999999], [-71.221492, 42.336023000000004], [-71.22006700000001, 42.33696100000001], [-71.220113, 42.337151], [-71.219318, 42.337537], [-71.218352, 42.337475], [-71.21708, 42.337037], [-71.217218, 42.33688999999999], [-71.217586, 42.333886], [-71.218306, 42.333891], [-71.218332, 42.333202], [-71.217463, 42.332880999999986], [-71.21711, 42.33199299999999], [-71.214768, 42.332171], [-71.214698, 42.332058999999994], [-71.213554, 42.33201], [-71.213443, 42.332436999999985], [-71.212439, 42.33297100000001], [-71.210109, 42.332337], [-71.209597, 42.332728], [-71.209221, 42.333466], [-71.207782, 42.333272], [-71.207795, 42.333715000000005], [-71.20708, 42.336149999999996], [-71.203763, 42.33531299999999], [-71.203742, 42.33594500000002], [-71.20333, 42.33669], [-71.203408, 42.337606], [-71.203071, 42.33796000000001], [-71.201557, 42.33780500000002], [-71.199197, 42.33793599999999], [-71.198388, 42.337869999999995], [-71.197351, 42.33747900000001], [-71.196636, 42.336998], [-71.195651, 42.336019], [-71.194758, 42.335724], [-71.1923, 42.33619899999999], [-71.188584, 42.33623599999999], [-71.185648, 42.336494000000016], [-71.187192, 42.335051], [-71.18622, 42.33498899999999], [-71.183738, 42.33527200000001], [-71.182362, 42.335815], [-71.181836, 42.33539099999999], [-71.180297, 42.335257999999996], [-71.177515, 42.334022000000004], [-71.177423, 42.332853], [-71.177176, 42.332691], [-71.176748, 42.332731999999986], [-71.176171, 42.332202], [-71.17462, 42.33265899999999], [-71.162972, 42.33394700000001], [-71.161721, 42.333886], [-71.160917, 42.333638999999984], [-71.159325, 42.332767999999994], [-71.156887, 42.33024100000001], [-71.167348, 42.322641000000004], [-71.169284, 42.322121], [-71.169223, 42.321994], [-71.156262, 42.325283999999996], [-71.152216, 42.32667099999999], [-71.147777, 42.32646900000002], [-71.148143, 42.326612000000004], [-71.14901, 42.327489999999976], [-71.15008, 42.328070000000004], [-71.15229, 42.32917999999999], [-71.15375, 42.32951], [-71.152439, 42.32967], [-71.1506, 42.329220000000014], [-71.15015, 42.32934000000001], [-71.14924, 42.33122999999999], [-71.14793, 42.33273], [-71.14727, 42.33311999999999], [-71.14529, 42.33379999999999], [-71.14582, 42.33442], [-71.14677, 42.334850000000024], [-71.144239, 42.335269999999994], [-71.144365, 42.33587099999999], [-71.14561, 42.33688999999999], [-71.137211, 42.338726999999984], [-71.136333, 42.33820600000001], [-71.138555, 42.33769199999999], [-71.13844, 42.337360000000004], [-71.139341, 42.33717600000001], [-71.13909, 42.33595999999999], [-71.140428, 42.336356], [-71.14146, 42.33646999999999], [-71.14149, 42.33617], [-71.142, 42.33536000000001], [-71.14321, 42.33451999999999], [-71.141976, 42.333411], [-71.1407, 42.33307], [-71.139, 42.332110000000014], [-71.13295, 42.32998000000001], [-71.13273, 42.32971999999998], [-71.1329, 42.32912], [-71.13278, 42.328579999999995], [-71.131638, 42.327025], [-71.13093, 42.3274], [-71.12937, 42.32755000000001], [-71.12827, 42.32474], [-71.12797, 42.32439], [-71.12656, 42.32434000000001], [-71.126516, 42.325375], [-71.12679000000001, 42.326820000000005], [-71.12638, 42.32655999999999], [-71.12471, 42.326109999999986], [-71.124452, 42.32666199999999], [-71.123506, 42.325835], [-71.122632, 42.325416000000004], [-71.122, 42.32643000000001], [-71.12312, 42.32758999999999], [-71.12424, 42.32914], [-71.12038000000001, 42.330450000000006], [-71.11869, 42.32867999999999], [-71.12021, 42.32618], [-71.11795400000001, 42.32522000000001], [-71.117464, 42.32527600000001], [-71.116446, 42.32589299999998], [-71.115929, 42.325855], [-71.116537, 42.32393900000002], [-71.116772, 42.323769999999996], [-71.118398, 42.323454999999996], [-71.118509, 42.323116], [-71.11887, 42.322858], [-71.119436, 42.322735], [-71.120112, 42.32283499999998], [-71.121528, 42.323882], [-71.12336700000002, 42.322571], [-71.123711, 42.32271600000002], [-71.124269, 42.321856], [-71.13186300000001, 42.31317800000001], [-71.13650200000001, 42.306204], [-71.140135, 42.302147000000005], [-71.147518, 42.305794000000006], [-71.149199, 42.30510899999998], [-71.150845, 42.303743000000004], [-71.150984, 42.303448999999986], [-71.151762, 42.303756], [-71.152501, 42.305280999999994], [-71.153455, 42.306328000000015], [-71.153439, 42.30581699999998], [-71.15427, 42.30576000000001], [-71.15499, 42.30612999999999], [-71.15782, 42.30699], [-71.15857, 42.30668000000001], [-71.15868, 42.30604000000001], [-71.158511, 42.30557700000001], [-71.159119, 42.30589399999999], [-71.160201, 42.306140000000006], [-71.161549, 42.30707], [-71.16233, 42.307790000000004], [-71.16261, 42.30825999999998], [-71.16263, 42.30865999999999], [-71.16235, 42.30913], [-71.16115, 42.30962000000001], [-71.16273, 42.31016999999999], [-71.16324, 42.31015], [-71.16397, 42.30795000000002], [-71.16338, 42.3069], [-71.16252, 42.3061], [-71.16282, 42.30581], [-71.16296, 42.30525000000001], [-71.16346, 42.304399999999994], [-71.16415, 42.30420999999999], [-71.16612, 42.30531], [-71.16642, 42.304747], [-71.164702, 42.30382999999999], [-71.178636, 42.29459500000001], [-71.191247, 42.28299200000001], [-71.190886, 42.285823], [-71.192117, 42.28727700000001], [-71.19322, 42.288014], [-71.19429, 42.28828299999999], [-71.195006, 42.28816400000001], [-71.195524, 42.287572000000004], [-71.195793, 42.286196], [-71.196355, 42.28595699999998], [-71.200018, 42.287595], [-71.201344, 42.28855799999999], [-71.203375, 42.288621], [-71.204566, 42.289046000000006], [-71.20524, 42.289567999999996], [-71.205515, 42.290186000000006], [-71.205584, 42.29171099999999], [-71.206054, 42.293398], [-71.207538, 42.296858], [-71.210477, 42.29883100000001], [-71.211343, 42.29949500000001], [-71.211779, 42.300062000000004], [-71.211768, 42.30093599999999], [-71.211253, 42.302266], [-71.211235, 42.30288199999999], [-71.21148700000002, 42.30366300000001], [-71.212945, 42.305949], [-71.21369, 42.306288], [-71.21636, 42.30640899999998], [-71.218475, 42.306814], [-71.220855, 42.30640799999999], [-71.222776, 42.30715], [-71.22411, 42.30729999999999], [-71.225456, 42.30795200000001], [-71.226688, 42.30825000000001], [-71.22700300000001, 42.30849099999999], [-71.227209, 42.30900600000001], [-71.227123, 42.30928000000001], [-71.226513, 42.30985600000002], [-71.22631100000001, 42.31028400000001], [-71.226944, 42.311554000000015], [-71.227068, 42.31239800000001], [-71.226425, 42.313205], [-71.226286, 42.31411699999998], [-71.227543, 42.31539999999999], [-71.227528, 42.315895000000005], [-71.227939, 42.31641699999999], [-71.228148, 42.31716200000001], [-71.228205, 42.31871200000001], [-71.228491, 42.319131999999996], [-71.229477, 42.319566], [-71.231144, 42.320840999999994], [-71.234761, 42.320850000000014], [-71.238421, 42.32179099999999], [-71.239216, 42.32170099999999], [-71.24025500000002, 42.321079999999995], [-71.240885, 42.32088400000001], [-71.242638, 42.320868000000004], [-71.244586, 42.321258], [-71.246219, 42.321006], [-71.246874, 42.32109299999998], [-71.2478, 42.321864999999995], [-71.248756, 42.32344700000001], [-71.24919, 42.32363800000002], [-71.250463, 42.32705700000001], [-71.250137, 42.328087], [-71.250586, 42.328959]]]}}, {"type": "Feature", "properties": {"district_name": "13th Middlesex District", "chamber": "house", "vintage": "2022-present", "lean_dem_share": 0.759, "competitiveness": "Safe", "competitiveness_label": "Safe D", "party_favored": "Democratic", "url": "/district/house-13th-middlesex-district-2022-present/"}, "geometry": {"type": "Polygon", "coordinates": [[[-71.530588, 42.352315999999995], [-71.529164, 42.35321600000002], [-71.527888, 42.354724], [-71.527957, 42.354983], [-71.527215, 42.35693099999998], [-71.526783, 42.35796300000002], [-71.526355, 42.358556], [-71.52388, 42.35989099999999], [-71.520164, 42.36284499999998], [-71.519397, 42.363189999999996], [-71.517511, 42.36515500000001], [-71.517135, 42.36748099999999], [-71.517929, 42.367588], [-71.51835400000002, 42.36783], [-71.519781, 42.370012], [-71.520548, 42.37087700000002], [-71.52103800000002, 42.370667000000005], [-71.522681, 42.37072699999999], [-71.52241, 42.37184100000002], [-71.522734, 42.37528799999998], [-71.521669, 42.37530499999999], [-71.52142, 42.375837000000004], [-71.475505, 42.380632000000006], [-71.472689, 42.389984999999996], [-71.46944300000001, 42.40259300000001], [-71.442626, 42.406946999999995], [-71.430389, 42.436937], [-71.414579, 42.43095999999999], [-71.414054, 42.431374000000005], [-71.4139, 42.43207999999998], [-71.414236, 42.43386499999999], [-71.414689, 42.434274], [-71.414795, 42.434608999999995], [-71.413994, 42.435401], [-71.413464, 42.435479], [-71.413406, 42.435759999999995], [-71.412287, 42.436031], [-71.411458, 42.436579999999985], [-71.410829, 42.436700000000016], [-71.411027, 42.43688699999999], [-71.410471, 42.43884500000002], [-71.409376, 42.44042400000001], [-71.409147, 42.441436], [-71.406767, 42.442572], [-71.407887, 42.443285], [-71.408008, 42.44361], [-71.407163, 42.445178000000006], [-71.40759, 42.446199], [-71.407558, 42.44733299999999], [-71.40831800000001, 42.44811099999998], [-71.40833, 42.44879699999999], [-71.40848, 42.449024], [-71.410516, 42.45070700000001], [-71.410138, 42.45139000000001], [-71.409453, 42.45169699999999], [-71.409549, 42.45187], [-71.409712, 42.451823999999995], [-71.409171, 42.45268800000001], [-71.407987, 42.45084100000001], [-71.407371, 42.450448], [-71.404575, 42.450147], [-71.402366, 42.45030599999999], [-71.401431, 42.45003700000001], [-71.40146, 42.449834], [-71.401084, 42.44964800000002], [-71.39931, 42.449681], [-71.397487, 42.450579000000005], [-71.397043, 42.450529999999986], [-71.396995, 42.450310000000016], [-71.396715, 42.450258], [-71.394989, 42.450708], [-71.395089, 42.450386], [-71.394739, 42.450281], [-71.39441, 42.45079200000001], [-71.392823, 42.45152600000001], [-71.392367, 42.450705], [-71.39108, 42.45123399999999], [-71.389592, 42.45066099999998], [-71.389236, 42.451274], [-71.389376, 42.45282099999999], [-71.390855, 42.454622], [-71.389709, 42.45632500000001], [-71.389755, 42.456684], [-71.390433, 42.457521], [-71.38708, 42.458096], [-71.381504, 42.45810500000002], [-71.379314, 42.45589099999997], [-71.375867, 42.4537], [-71.370341, 42.45115400000001], [-71.360231, 42.447387], [-71.357914, 42.44999200000001], [-71.357596, 42.450141000000016], [-71.35883, 42.451999], [-71.358949, 42.45257099999999], [-71.35794, 42.45414999999999], [-71.356078, 42.45601500000001], [-71.349791, 42.45261999999999], [-71.346197, 42.45644500000001], [-71.345737, 42.457126], [-71.346846, 42.45742600000001], [-71.346553, 42.45776600000001], [-71.347543, 42.45828699999999], [-71.348708, 42.45928100000001], [-71.349328, 42.46015400000002], [-71.349074, 42.46048600000002], [-71.349816, 42.461414], [-71.349217, 42.461506], [-71.348805, 42.461875000000006], [-71.345727, 42.461867999999996], [-71.345138, 42.46199399999999], [-71.339512, 42.464000000000006], [-71.340645, 42.465525], [-71.342319, 42.46575600000001], [-71.342901, 42.466086], [-71.343379, 42.468179], [-71.343071, 42.468366], [-71.343562, 42.468851], [-71.343484, 42.469406], [-71.343243, 42.469434], [-71.343011, 42.468970000000006], [-71.342779, 42.469677], [-71.34169, 42.469551], [-71.342661, 42.470877000000016], [-71.342451, 42.472096], [-71.343248, 42.47202699999999], [-71.343692, 42.471698], [-71.344469, 42.471600999999986], [-71.345438, 42.471852000000005], [-71.346049, 42.47251899999999], [-71.344403, 42.473973999999984], [-71.340284, 42.475160999999986], [-71.337673, 42.476462], [-71.337055, 42.477098000000005], [-71.336532, 42.47835500000002], [-71.336055, 42.478757000000016], [-71.334703, 42.479611999999996], [-71.332124, 42.480523000000005], [-71.332133, 42.48099000000002], [-71.333063, 42.481517], [-71.333175, 42.481884000000015], [-71.332553, 42.482623000000004], [-71.332829, 42.482623], [-71.33266600000002, 42.48277500000002], [-71.331777, 42.48328800000001], [-71.330995, 42.483484000000004], [-71.329529, 42.483414999999994], [-71.329507, 42.48317800000001], [-71.32867, 42.48226300000001], [-71.328244, 42.481939], [-71.327843, 42.481863], [-71.326816, 42.48189999999998], [-71.325221, 42.482858], [-71.32469, 42.48292299999999], [-71.320806, 42.482184], [-71.321268, 42.480515], [-71.320124, 42.48033199999999], [-71.316891, 42.476623999999994], [-71.31704, 42.476479000000005], [-71.313768, 42.474182000000006], [-71.309465, 42.476404], [-71.306552, 42.47442700000001], [-71.304246, 42.474717999999996], [-71.30182400000001, 42.473240999999994], [-71.300818, 42.47365200000001], [-71.29872, 42.472909000000016], [-71.289676, 42.466182], [-71.289302, 42.46455700000003], [-71.29521, 42.463235000000005], [-71.29519, 42.46344600000001], [-71.302282, 42.46201000000001], [-71.302155, 42.461116000000025], [-71.303191, 42.461254], [-71.304804, 42.452759999999984], [-71.309929, 42.453248], [-71.310931, 42.453594], [-71.313618, 42.455023], [-71.32013, 42.44986599999999], [-71.314825, 42.44747399999999], [-71.309744, 42.446070999999996], [-71.302864, 42.442935], [-71.298823, 42.440688], [-71.299083, 42.439584999999994], [-71.300258, 42.43774100000001], [-71.29999, 42.434599], [-71.300057, 42.433486], [-71.30149, 42.431374000000005], [-71.302302, 42.429686000000004], [-71.302489, 42.428351], [-71.3028, 42.427462], [-71.303432, 42.42624599999999], [-71.303872, 42.425837999999985], [-71.29753, 42.425053], [-71.294263, 42.423674], [-71.291262, 42.42336699999999], [-71.291459, 42.42193000000001], [-71.292697, 42.42008999999999], [-71.294195, 42.419163999999995], [-71.295339, 42.41872399999998], [-71.296125, 42.41774900000002], [-71.29696, 42.41721700000001], [-71.30175, 42.40977600000001], [-71.301586, 42.408909999999985], [-71.300412, 42.406656], [-71.299367, 42.405992], [-71.299147, 42.405643999999995], [-71.299578, 42.403764], [-71.29952, 42.401274000000015], [-71.309941, 42.39963300000001], [-71.312223, 42.395824], [-71.313524, 42.39627999999998], [-71.315244, 42.39348], [-71.314613, 42.39321700000003], [-71.317749, 42.392169], [-71.318566, 42.39257499999999], [-71.319859, 42.392873999999985], [-71.321524, 42.392683], [-71.334569, 42.396114], [-71.33587800000001, 42.393942], [-71.328779, 42.33168300000001], [-71.330826, 42.33196599999999], [-71.332104, 42.33378500000001], [-71.332306, 42.335384999999995], [-71.332657, 42.33639399999999], [-71.333248, 42.33732900000001], [-71.334042, 42.338142999999995], [-71.335648, 42.339073], [-71.337768, 42.339805000000005], [-71.33956, 42.33752999999998], [-71.340173, 42.33621200000002], [-71.341203, 42.33307699999999], [-71.342479, 42.333258000000015], [-71.343702, 42.33378], [-71.345397, 42.334155], [-71.345905, 42.33500000000001], [-71.34636, 42.33643299999998], [-71.346868, 42.336746000000005], [-71.348347, 42.33656899999999], [-71.349515, 42.335884], [-71.350037, 42.33496000000002], [-71.350461, 42.3348], [-71.352016, 42.335694999999994], [-71.354089, 42.336617], [-71.35441600000001, 42.33686500000001], [-71.354869, 42.338337], [-71.354669, 42.338781999999995], [-71.35375, 42.33956100000001], [-71.35372600000001, 42.33999399999999], [-71.353989, 42.340139000000015], [-71.35489500000001, 42.340136], [-71.356807, 42.34101600000001], [-71.357472, 42.34193], [-71.35857, 42.34208700000001], [-71.358764, 42.345364000000004], [-71.359025, 42.346791], [-71.358936, 42.348686], [-71.359293, 42.348317000000016], [-71.359394, 42.34761999999999], [-71.359686, 42.34707], [-71.36087100000002, 42.34580299999999], [-71.364453, 42.344103], [-71.367505, 42.343151], [-71.368166, 42.342767], [-71.369321, 42.34179599999999], [-71.371187, 42.34056], [-71.371688, 42.339829999999964], [-71.37231100000001, 42.33832199999999], [-71.372918, 42.337729], [-71.374472, 42.33670600000001], [-71.37551, 42.337079999999986], [-71.374254, 42.33826000000001], [-71.374006, 42.339109], [-71.37424, 42.339317], [-71.376962, 42.339316], [-71.378176, 42.339034], [-71.379435, 42.33921100000001], [-71.379703, 42.33911899999999], [-71.380047, 42.33862300000001], [-71.381141, 42.33911700000001], [-71.38162, 42.33917300000001], [-71.383139, 42.33887099999999], [-71.385051, 42.33813399999999], [-71.38692, 42.33838], [-71.389069, 42.337914], [-71.390142, 42.337906999999994], [-71.392749, 42.338547], [-71.394948, 42.338652999999994], [-71.396083, 42.33991699999999], [-71.396717, 42.341045000000015], [-71.483298, 42.353129999999986], [-71.483351, 42.352807], [-71.490096, 42.35089899999999], [-71.492142, 42.350557000000016], [-71.49651, 42.350584], [-71.500681, 42.35083999999999], [-71.502603, 42.350658], [-71.503189, 42.35157099999999], [-71.503913, 42.351592000000004], [-71.50511, 42.351224999999985], [-71.504495, 42.35012799999999], [-71.50551, 42.349765999999995], [-71.506583, 42.349039], [-71.50955500000002, 42.346556], [-71.511747, 42.3444], [-71.513601, 42.342915], [-71.514373, 42.34262300000001], [-71.515759, 42.34252600000001], [-71.515213, 42.34391300000001], [-71.515313, 42.344288000000006], [-71.514873, 42.344194], [-71.515064, 42.344708000000004], [-71.514887, 42.345710999999994], [-71.516304, 42.34635999999999], [-71.517043, 42.34682600000001], [-71.517836, 42.34765500000001], [-71.518298, 42.347843], [-71.518376, 42.348224], [-71.518006, 42.349339], [-71.519757, 42.34957000000001], [-71.52368700000001, 42.349007999999984], [-71.525662, 42.34915699999998], [-71.526641, 42.34951100000002], [-71.528217, 42.350425], [-71.530588, 42.352315999999995]]]}}, {"type": "Feature", "properties": {"district_name": "14th Middlesex District", "chamber": "house", "vintage": "2022-present", "lean_dem_share": 0.7268, "competitiveness": "Safe", "competitiveness_label": "Safe D", "party_favored": "Democratic", "url": "/district/house-14th-middlesex-district-2022-present/"}, "geometry": {"type": "Polygon", "coordinates": [[[-71.473813, 42.49976399999999], [-71.473528, 42.50017700000001], [-71.443939, 42.509059], [-71.435017, 42.52217], [-71.428535, 42.528803999999994], [-71.423794, 42.52618899999999], [-71.38474, 42.538699], [-71.388373, 42.54994600000002], [-71.397668, 42.58266800000001], [-71.388615, 42.585819], [-71.385844, 42.58703100000004], [-71.360904, 42.60080300000001], [-71.357477, 42.602239], [-71.341248, 42.606098], [-71.337494, 42.60676200000002], [-71.326945, 42.607269], [-71.323807, 42.607568], [-71.323341, 42.60649], [-71.319897, 42.6069], [-71.318882, 42.608544000000016], [-71.319309, 42.61357200000001], [-71.296205, 42.61468299999999], [-71.296872, 42.613577], [-71.297061, 42.61278499999999], [-71.297006, 42.612296], [-71.295939, 42.61034999999999], [-71.295674, 42.60933399999998], [-71.295469, 42.606975000000006], [-71.295092, 42.606343999999986], [-71.294249, 42.605539000000014], [-71.33309, 42.560115], [-71.324801, 42.55605900000001], [-71.319618, 42.554069999999996], [-71.314385, 42.54955400000001], [-71.318313, 42.542782], [-71.308749, 42.53395999999999], [-71.307185, 42.533221000000005], [-71.307538, 42.52999899999999], [-71.30461, 42.529284999999994], [-71.304949, 42.52854000000001], [-71.304865, 42.527283], [-71.30516, 42.52593599999999], [-71.30654, 42.523243999999984], [-71.30680500000001, 42.522386], [-71.30654700000001, 42.519302], [-71.306918, 42.517081000000005], [-71.30619500000002, 42.515079], [-71.306233, 42.514564], [-71.306653, 42.51405100000001], [-71.307871, 42.513686], [-71.308658, 42.513253999999996], [-71.31107, 42.511151000000005], [-71.313421, 42.50971700000001], [-71.314641, 42.50856200000001], [-71.316093, 42.50763], [-71.316968, 42.506463000000004], [-71.317708, 42.504796], [-71.317835, 42.503817], [-71.317538, 42.502425], [-71.31755100000001, 42.501414000000004], [-71.318305, 42.49819399999999], [-71.318585, 42.49115700000001], [-71.319026, 42.489677999999984], [-71.319138, 42.48806500000002], [-71.319644, 42.486933], [-71.319303, 42.486289000000006], [-71.31719, 42.48469399999999], [-71.316987, 42.484181000000014], [-71.317214, 42.483560999999995], [-71.317682, 42.4831], [-71.318488, 42.48267299999999], [-71.320933, 42.482119000000004], [-71.32469, 42.48292299999999], [-71.325221, 42.482858], [-71.326816, 42.48189999999998], [-71.327355, 42.48187200000002], [-71.328244, 42.481939], [-71.329507, 42.48317800000001], [-71.329529, 42.483414999999994], [-71.330474, 42.48353500000002], [-71.331777, 42.48328800000001], [-71.332829, 42.482623], [-71.332553, 42.482623000000004], [-71.333175, 42.481884000000015], [-71.333063, 42.481517], [-71.332133, 42.48099000000002], [-71.332124, 42.480523000000005], [-71.334703, 42.479611999999996], [-71.336055, 42.478757000000016], [-71.336532, 42.47835500000002], [-71.337055, 42.477098000000005], [-71.337673, 42.476462], [-71.340284, 42.475160999999986], [-71.344403, 42.473973999999984], [-71.34528, 42.473309000000015], [-71.346049, 42.47251899999999], [-71.345438, 42.471852000000005], [-71.344438, 42.471600999999986], [-71.343692, 42.471698], [-71.343248, 42.47202699999999], [-71.342451, 42.472096], [-71.342661, 42.470877000000016], [-71.34169, 42.469551], [-71.342779, 42.469677], [-71.343011, 42.468970000000006], [-71.343243, 42.469434], [-71.343484, 42.469406], [-71.343562, 42.468851], [-71.343071, 42.468366], [-71.343379, 42.468179], [-71.342901, 42.466086], [-71.342319, 42.46575600000001], [-71.340645, 42.465525], [-71.339512, 42.464000000000006], [-71.345138, 42.46199399999999], [-71.345727, 42.461867999999996], [-71.348805, 42.461875000000006], [-71.349217, 42.461506], [-71.349816, 42.461414], [-71.349074, 42.46048600000002], [-71.349328, 42.46015400000002], [-71.348708, 42.45928100000001], [-71.347543, 42.45828699999999], [-71.346553, 42.45776600000001], [-71.346846, 42.45742600000001], [-71.345737, 42.457126], [-71.346197, 42.45644500000001], [-71.349791, 42.45261999999999], [-71.356078, 42.45601500000001], [-71.35794, 42.45414999999999], [-71.358949, 42.45257099999999], [-71.35883, 42.451999], [-71.357596, 42.450141000000016], [-71.357914, 42.44999200000001], [-71.360231, 42.447387], [-71.370341, 42.45115400000001], [-71.375867, 42.4537], [-71.379314, 42.45589099999997], [-71.381504, 42.45810500000002], [-71.38708, 42.458096], [-71.3895, 42.457743], [-71.390433, 42.457521], [-71.389755, 42.456684], [-71.389709, 42.45632500000001], [-71.390855, 42.454622], [-71.389376, 42.45282099999999], [-71.389236, 42.451274], [-71.389592, 42.45066099999998], [-71.39108, 42.45123399999999], [-71.392367, 42.450705], [-71.392823, 42.45152600000001], [-71.39441, 42.45079200000001], [-71.394739, 42.450281], [-71.395089, 42.450386], [-71.394989, 42.450708], [-71.396715, 42.450258], [-71.396995, 42.450310000000016], [-71.397043, 42.450529999999986], [-71.397487, 42.450579000000005], [-71.39931, 42.449681], [-71.401084, 42.44964800000002], [-71.40146, 42.449834], [-71.401431, 42.45003700000001], [-71.402366, 42.45030599999999], [-71.404575, 42.450147], [-71.407371, 42.450448], [-71.407987, 42.45084100000001], [-71.409171, 42.45268800000001], [-71.409712, 42.451823999999995], [-71.409549, 42.45187], [-71.409453, 42.45169699999999], [-71.410138, 42.45139000000001], [-71.410516, 42.45070700000001], [-71.40848, 42.449024], [-71.40833, 42.44879699999999], [-71.40831800000001, 42.44811099999998], [-71.407558, 42.44733299999999], [-71.40759, 42.446199], [-71.407163, 42.445178000000006], [-71.408008, 42.44361], [-71.407887, 42.443285], [-71.406767, 42.442572], [-71.409147, 42.441436], [-71.409376, 42.44042400000001], [-71.410471, 42.43884500000002], [-71.411027, 42.43688699999999], [-71.410829, 42.436700000000016], [-71.411458, 42.436579999999985], [-71.412287, 42.436031], [-71.413406, 42.435759999999995], [-71.413464, 42.435479], [-71.413994, 42.435401], [-71.414795, 42.434608999999995], [-71.414689, 42.434274], [-71.414236, 42.43386499999999], [-71.4139, 42.43207999999998], [-71.413929, 42.431602], [-71.414479, 42.430996], [-71.430389, 42.436937], [-71.408455, 42.46955200000001], [-71.410917, 42.469958999999996], [-71.420717, 42.470579], [-71.42552, 42.47122699999999], [-71.438524, 42.472549], [-71.444757, 42.474281000000005], [-71.446026, 42.47496499999999], [-71.447381, 42.476521999999996], [-71.450822, 42.48128], [-71.452646, 42.480937999999995], [-71.456854, 42.481073999999985], [-71.459125, 42.48134800000001], [-71.46198900000002, 42.482318], [-71.463267, 42.482578000000004], [-71.464055, 42.482509], [-71.466613, 42.48159400000001], [-71.467674, 42.48163499999999], [-71.46176, 42.487956], [-71.462355, 42.48827099999999], [-71.46255200000002, 42.488557], [-71.462547, 42.488698999999976], [-71.462154, 42.48884399999999], [-71.462199, 42.489175000000024], [-71.462382, 42.48970300000001], [-71.46299, 42.49029799999999], [-71.462787, 42.49093200000001], [-71.463048, 42.491634000000005], [-71.461877, 42.492773], [-71.464653, 42.494672], [-71.473813, 42.49976399999999]]]}}, {"type": "Feature", "properties": {"district_name": "15th Middlesex District", "chamber": "house", "vintage": "2022-present", "lean_dem_share": 0.7376, "competitiveness": "Safe", "competitiveness_label": "Safe D", "party_favored": "Democratic", "url": "/district/house-15th-middlesex-district-2022-present/"}, "geometry": {"type": "Polygon", "coordinates": [[[-71.272695, 42.459704], [-71.261515, 42.47624600000001], [-71.256596, 42.47849899999999], [-71.251986, 42.48501499999999], [-71.240906, 42.490013], [-71.223204, 42.475395], [-71.225895, 42.47481100000001], [-71.237629, 42.472986000000006], [-71.235462, 42.47156100000001], [-71.232843, 42.46870100000001], [-71.232867, 42.467625], [-71.232061, 42.465495999999995], [-71.23272, 42.46374100000002], [-71.232821, 42.46306300000001], [-71.233069, 42.46297200000001], [-71.232839, 42.46293100000001], [-71.233352, 42.462215], [-71.231964, 42.461443], [-71.231175, 42.460186], [-71.230436, 42.459835000000005], [-71.231911, 42.45890999999999], [-71.231606, 42.45809100000001], [-71.230873, 42.453500999999996], [-71.232606, 42.453043], [-71.234198, 42.452157000000014], [-71.237, 42.45008399999998], [-71.23714100000001, 42.449111], [-71.235638, 42.44940700000001], [-71.232129, 42.449488999999986], [-71.229844, 42.448813], [-71.226894, 42.44721199999998], [-71.225689, 42.446753], [-71.224755, 42.448150999999996], [-71.222922, 42.449149], [-71.221747, 42.450042], [-71.218921, 42.451376999999994], [-71.218358, 42.45208400000001], [-71.218102, 42.452972999999986], [-71.217073, 42.452874999999985], [-71.21439600000001, 42.45401000000001], [-71.21269, 42.455466], [-71.212583, 42.45588800000001], [-71.213278, 42.45687000000001], [-71.2136, 42.457784], [-71.214026, 42.45826699999997], [-71.21487, 42.45864000000002], [-71.21443900000001, 42.46012000000002], [-71.212117, 42.459920000000004], [-71.211339, 42.459602000000004], [-71.20995, 42.45868000000002], [-71.209234, 42.458512000000006], [-71.208199, 42.458568000000014], [-71.208152, 42.45938100000001], [-71.20732900000002, 42.460223000000006], [-71.207328, 42.460528], [-71.211607, 42.46316900000001], [-71.211465, 42.46329500000001], [-71.210819, 42.46362499999999], [-71.210094, 42.46366799999999], [-71.207762, 42.46256], [-71.206141, 42.462986], [-71.206967, 42.46362399999999], [-71.188279, 42.479696000000004], [-71.187396, 42.479364000000004], [-71.18548, 42.47996700000001], [-71.186506, 42.480979999999995], [-71.184641, 42.48173299999999], [-71.182944, 42.48212199999999], [-71.181832, 42.48033300000001], [-71.178802, 42.480506000000005], [-71.174451, 42.48129200000001], [-71.174092, 42.48003899999998], [-71.172442, 42.479077000000004], [-71.170341, 42.47798100000001], [-71.168658, 42.47797699999999], [-71.167821, 42.477332000000004], [-71.166842, 42.477098000000005], [-71.167279, 42.47624099999999], [-71.167024, 42.47540399999999], [-71.165029, 42.475953], [-71.162841, 42.476941], [-71.159572, 42.476933], [-71.155579, 42.477897000000006], [-71.150905, 42.47372400000002], [-71.150033, 42.47254], [-71.150404, 42.47176600000002], [-71.150193, 42.471158999999986], [-71.147868, 42.467976], [-71.146561, 42.46673900000001], [-71.146008, 42.465800999999985], [-71.15233, 42.46370699999999], [-71.156237, 42.456917], [-71.163003, 42.46019600000001], [-71.164343, 42.459758], [-71.16140500000002, 42.45808400000001], [-71.160047, 42.456858000000004], [-71.159036, 42.45426499999998], [-71.15703400000001, 42.451664], [-71.160561, 42.450588], [-71.159694, 42.449901999999994], [-71.158159, 42.448283], [-71.15811300000001, 42.447901999999985], [-71.158277, 42.447677999999996], [-71.159025, 42.44748100000001], [-71.159744, 42.44768799999999], [-71.159703, 42.44739899999999], [-71.160448, 42.44729199999999], [-71.1618, 42.44779900000002], [-71.162123, 42.446973000000035], [-71.16275200000001, 42.447072000000006], [-71.163404, 42.44684], [-71.164251, 42.44704399999999], [-71.16509400000001, 42.44685799999999], [-71.168557, 42.44663000000001], [-71.168588, 42.4461], [-71.169087, 42.44504000000001], [-71.171352, 42.44431700000001], [-71.173914, 42.44278400000002], [-71.175074, 42.44270099999999], [-71.175965, 42.443025], [-71.176905, 42.442938], [-71.177651, 42.443324000000004], [-71.178522, 42.443008000000006], [-71.179792, 42.443021000000016], [-71.181147, 42.443609], [-71.181968, 42.44376200000001], [-71.182378, 42.443499], [-71.177885, 42.440200999999995], [-71.182277, 42.43627900000001], [-71.185558, 42.432312999999986], [-71.192048, 42.425532000000004], [-71.196315, 42.421429], [-71.211261, 42.406074], [-71.26723, 42.42443800000002], [-71.26615, 42.429916000000006], [-71.267962, 42.43716700000001], [-71.269018, 42.44049399999999], [-71.272695, 42.459704]]]}}, {"type": "Feature", "properties": {"district_name": "16th Middlesex District", "chamber": "house", "vintage": "2022-present", "lean_dem_share": 0.658, "competitiveness": "Safe", "competitiveness_label": "Safe D", "party_favored": "Democratic", "url": "/district/house-16th-middlesex-district-2022-present/"}, "geometry": {"type": "Polygon", "coordinates": [[[-71.417642, 42.653774], [-71.412309, 42.64941000000001], [-71.411978, 42.64797400000001], [-71.409764, 42.648785], [-71.405309, 42.648138000000024], [-71.404028, 42.648405999999994], [-71.402782, 42.646770999999994], [-71.39889, 42.64494900000002], [-71.398312, 42.64550199999999], [-71.401094, 42.649182999999994], [-71.40211, 42.651603], [-71.398995, 42.652467], [-71.398173, 42.65101899999998], [-71.396968, 42.649637], [-71.394341, 42.648474], [-71.392488, 42.648476], [-71.38522, 42.649599], [-71.382483, 42.64938699999997], [-71.38092, 42.649007999999995], [-71.38027900000002, 42.650017000000005], [-71.380247, 42.65035999999999], [-71.380531, 42.650859999999994], [-71.38224, 42.651877], [-71.382474, 42.652770999999994], [-71.378204, 42.660686999999996], [-71.368882, 42.661753000000004], [-71.357523, 42.654454000000044], [-71.299569, 42.66651499999999], [-71.28686, 42.648867999999986], [-71.286011, 42.64955900000001], [-71.28638, 42.649007999999995], [-71.286397, 42.64813600000002], [-71.2866, 42.64766699999999], [-71.288335, 42.64635000000003], [-71.290319, 42.645229], [-71.292152, 42.64462100000001], [-71.293904, 42.64464], [-71.295396, 42.64514], [-71.298376, 42.646544], [-71.302832, 42.647281000000014], [-71.307923, 42.649301999999985], [-71.309151, 42.65001399999999], [-71.311882, 42.65199400000001], [-71.315392, 42.65473299999999], [-71.319537, 42.655851], [-71.322451, 42.653929], [-71.324397, 42.65188800000001], [-71.327006, 42.653806], [-71.327614, 42.653316999999994], [-71.325955, 42.65206200000001], [-71.327285, 42.651733000000014], [-71.329334, 42.651783], [-71.329981, 42.65149900000001], [-71.331612, 42.65022199999998], [-71.330541, 42.649613999999985], [-71.334338, 42.64668900000001], [-71.337374, 42.643917], [-71.339705, 42.64209300000001], [-71.34354100000002, 42.640629], [-71.343544, 42.64029], [-71.351003, 42.639229], [-71.355489, 42.63892699999998], [-71.361954, 42.637843], [-71.364749, 42.63762400000001], [-71.359943, 42.625972], [-71.329328, 42.61398499999998], [-71.327936, 42.613155000000006], [-71.325698, 42.613263999999994], [-71.324975, 42.611601], [-71.325408, 42.611250999999996], [-71.323807, 42.607568], [-71.326945, 42.607269], [-71.335776, 42.60692800000003], [-71.339238, 42.60651000000001], [-71.356269, 42.602601000000014], [-71.358351, 42.60194000000001], [-71.36078, 42.60085999999999], [-71.363245, 42.60109899999999], [-71.36495, 42.60087500000001], [-71.365689, 42.60225100000001], [-71.365714, 42.602632], [-71.365552, 42.602898], [-71.366225, 42.604035999999994], [-71.366442, 42.604778999999986], [-71.367775, 42.606572], [-71.368069, 42.60908100000001], [-71.367661, 42.609575], [-71.367687, 42.609832000000004], [-71.368768, 42.61185199999999], [-71.369464, 42.612456], [-71.369901, 42.613077999999994], [-71.368058, 42.61390200000002], [-71.367049, 42.614858000000005], [-71.365283, 42.61503200000001], [-71.365138, 42.61460700000001], [-71.36469100000001, 42.61409], [-71.364411, 42.61399599999999], [-71.362098, 42.61498399999999], [-71.359908, 42.61293299999999], [-71.35707, 42.615174], [-71.358957, 42.61685799999999], [-71.356961, 42.617863], [-71.357599, 42.61888199999999], [-71.355322, 42.619034000000006], [-71.353389, 42.618794], [-71.352217, 42.618851], [-71.352091, 42.61944], [-71.351781, 42.619847], [-71.351193, 42.619817999999995], [-71.350596, 42.620367999999985], [-71.350857, 42.62047299999999], [-71.354997, 42.620312000000006], [-71.357704, 42.62060000000002], [-71.379368, 42.62551899999999], [-71.389853, 42.62721199999999], [-71.396561, 42.622542], [-71.398067, 42.621701], [-71.398995, 42.621523], [-71.399576, 42.621582999999994], [-71.400086, 42.62147800000001], [-71.400198, 42.621278], [-71.400862, 42.62197999999999], [-71.402036, 42.62166400000001], [-71.40206, 42.62133399999998], [-71.403083, 42.61981699999999], [-71.403672, 42.618467], [-71.40709, 42.616432], [-71.417642, 42.653774]]]}}, {"type": "Feature", "properties": {"district_name": "5th Plymouth District", "chamber": "house", "vintage": "2022-present", "lean_dem_share": 0.5084, "competitiveness": "Tossup", "competitiveness_label": "Tossup D", "party_favored": "Democratic", "url": "/district/house-5th-plymouth-district-2022-present/"}, "geometry": {"type": "Polygon", "coordinates": [[[-70.940768, 42.151365], [-70.893516, 42.169814], [-70.887603, 42.173334999999994], [-70.870733, 42.18223], [-70.861437, 42.18635299999998], [-70.860856, 42.185989], [-70.859374, 42.18547799999998], [-70.85775000000001, 42.18381300000001], [-70.856174, 42.18297600000001], [-70.855182, 42.182131], [-70.85434, 42.181650999999995], [-70.853098, 42.18034600000001], [-70.852192, 42.179758], [-70.851638, 42.178885], [-70.851394, 42.177280999999994], [-70.840239, 42.17806600000002], [-70.83452200000002, 42.17725900000001], [-70.830925, 42.178178], [-70.830245, 42.178661], [-70.829962, 42.17809500000002], [-70.828331, 42.17673400000001], [-70.827241, 42.17524300000001], [-70.826165, 42.174451000000005], [-70.825035, 42.174184], [-70.822465, 42.174142], [-70.82082, 42.17356], [-70.818336, 42.17316999999999], [-70.814063, 42.168062], [-70.81325500000001, 42.16652500000001], [-70.810203, 42.164706], [-70.808439, 42.164263000000005], [-70.804157, 42.162144000000005], [-70.801371, 42.161696000000006], [-70.798039, 42.162147999999995], [-70.794856, 42.161719], [-70.793298, 42.16175200000001], [-70.79141, 42.16138200000001], [-70.78808200000002, 42.160161000000016], [-70.788845, 42.158849], [-70.788967, 42.15729000000001], [-70.788614, 42.156786], [-70.789157, 42.15599600000001], [-70.789318, 42.15513399999998], [-70.789012, 42.15427300000002], [-70.78863, 42.15215500000002], [-70.787842, 42.151357000000004], [-70.787742, 42.15074999999999], [-70.78707, 42.15034699999999], [-70.7865, 42.15068], [-70.786367, 42.151111000000014], [-70.785881, 42.151277000000015], [-70.785737, 42.15024300000002], [-70.785152, 42.149875], [-70.785726, 42.149302000000006], [-70.786489, 42.14657699999999], [-70.787693, 42.145458], [-70.787836, 42.145100000000006], [-70.787572, 42.144693000000004], [-70.786283, 42.143988], [-70.785629, 42.143305], [-70.783222, 42.142209000000015], [-70.782828, 42.14142499999997], [-70.783061, 42.139908], [-70.782864, 42.13900400000001], [-70.78114, 42.13772600000001], [-70.780624, 42.137163], [-70.780474, 42.13654900000002], [-70.780561, 42.13621299999999], [-70.781494, 42.13487200000001], [-70.779873, 42.132349], [-70.779932, 42.13197700000001], [-70.780169, 42.131727], [-70.781846, 42.13125300000001], [-70.782179, 42.13092100000001], [-70.78228200000001, 42.130383], [-70.78192, 42.129847], [-70.781597, 42.12968200000001], [-70.779628, 42.12981600000002], [-70.779242, 42.129634], [-70.778822, 42.12782800000001], [-70.779502, 42.12671500000001], [-70.778854, 42.125865999999995], [-70.77793, 42.125199999999985], [-70.777897, 42.12492300000002], [-70.778431, 42.12425300000001], [-70.778495, 42.12300099999999], [-70.779483, 42.121980000000015], [-70.779481, 42.121778], [-70.779299, 42.121482999999984], [-70.77737, 42.12062600000001], [-70.777361, 42.11985899999999], [-70.777847, 42.11931300000001], [-70.777875, 42.11885599999999], [-70.777148, 42.11809], [-70.776624, 42.117177999999974], [-70.779003, 42.11558599999999], [-70.77978, 42.115862], [-70.78094, 42.116752999999996], [-70.78143, 42.116845], [-70.782603, 42.11665], [-70.782991, 42.11620300000002], [-70.782959, 42.115931999999994], [-70.78228200000001, 42.11497500000001], [-70.782077, 42.11432000000001], [-70.782142, 42.11409800000001], [-70.782928, 42.113381999999994], [-70.782892, 42.11222800000001], [-70.783007, 42.112005999999994], [-70.783777, 42.111738999999965], [-70.785199, 42.11202000000001], [-70.786326, 42.111307], [-70.786716, 42.111290999999994], [-70.787823, 42.11165100000001], [-70.788332, 42.11160400000001], [-70.788547, 42.11128299999999], [-70.787988, 42.11047800000001], [-70.788167, 42.11008299999999], [-70.788682, 42.110057000000005], [-70.789682, 42.11069000000001], [-70.790234, 42.11061799999999], [-70.7905, 42.11032899999999], [-70.790528, 42.110082999999996], [-70.78995, 42.10896299999999], [-70.790052, 42.108698], [-70.790507, 42.108691], [-70.791741, 42.10924399999999], [-70.79226, 42.10906499999999], [-70.792173, 42.108528], [-70.790935, 42.107648], [-70.789293, 42.106812], [-70.789398, 42.106516], [-70.789704, 42.10642299999999], [-70.791001, 42.10643700000001], [-70.792276, 42.10611699999998], [-70.792674, 42.10617], [-70.793718, 42.106833], [-70.795047, 42.10940699999999], [-70.796765, 42.111075], [-70.798438, 42.112386], [-70.79947300000002, 42.11246], [-70.79992, 42.112061], [-70.80066, 42.10963300000001], [-70.801109, 42.109716000000006], [-70.801944, 42.11062700000001], [-70.802809, 42.111227000000014], [-70.80385, 42.111477000000015], [-70.804847, 42.111265], [-70.807167, 42.10846500000001], [-70.80991400000002, 42.106329999999986], [-70.810598, 42.105394], [-70.812157, 42.104149], [-70.812293, 42.10388300000002], [-70.811968, 42.10253100000001], [-70.809883, 42.100731], [-70.809885, 42.10046200000001], [-70.810536, 42.10023399999999], [-70.810623, 42.10000800000001], [-70.80961100000002, 42.099388999999995], [-70.809817, 42.098982], [-70.810316, 42.098834000000004], [-70.810717, 42.09831600000001], [-70.811166, 42.098043], [-70.813176, 42.098186999999996], [-70.814103, 42.098862999999994], [-70.814937, 42.098824], [-70.816277, 42.099433999999995], [-70.81702800000001, 42.099061000000006], [-70.818601, 42.099670999999994], [-70.819482, 42.099714999999996], [-70.819649, 42.09947099999999], [-70.819864, 42.09948700000001], [-70.820592, 42.09992499999998], [-70.82091800000002, 42.100545000000004], [-70.821242, 42.10072900000001], [-70.822259, 42.10072900000002], [-70.823542, 42.100413], [-70.826319, 42.10039200000001], [-70.828893, 42.099622999999994], [-70.831448, 42.098516999999994], [-70.833717, 42.097935000000014], [-70.834162, 42.097589], [-70.835504, 42.09732199999997], [-70.835995, 42.097132], [-70.836247, 42.096774], [-70.837165, 42.09691], [-70.83791000000001, 42.096738000000016], [-70.838504, 42.09609900000002], [-70.839157, 42.09495800000001], [-70.84008, 42.094538000000014], [-70.84059200000002, 42.094535000000015], [-70.8419, 42.09493999999999], [-70.843157, 42.094743000000015], [-70.844731, 42.095003000000005], [-70.845142, 42.09516499999999], [-70.845405, 42.09548200000001], [-70.846571, 42.095859], [-70.847095, 42.096241], [-70.848142, 42.09629199999999], [-70.850642, 42.094927999999996], [-70.851153, 42.094953], [-70.852084, 42.09531900000001], [-70.853039, 42.095264], [-70.85367200000002, 42.09541399999999], [-70.854537, 42.09482299999999], [-70.855137, 42.094166], [-70.854976, 42.093339], [-70.855486, 42.09242300000001], [-70.857481, 42.09137200000001], [-70.858824, 42.09104199999999], [-70.859452, 42.090667], [-70.85965800000001, 42.09023100000001], [-70.861101, 42.089653], [-70.861281, 42.089225], [-70.862187, 42.089162], [-70.863102, 42.089544999999994], [-70.864303, 42.089794000000005], [-70.864512, 42.090412], [-70.865295, 42.090624000000005], [-70.86610500000002, 42.088662000000014], [-70.866275, 42.085894], [-70.863007, 42.081643999999976], [-70.861808, 42.07881600000001], [-70.859568, 42.079423999999996], [-70.857696, 42.080304], [-70.856978, 42.08037900000001], [-70.857259, 42.07985899999999], [-70.857043, 42.079105999999996], [-70.857569, 42.07846700000002], [-70.858651, 42.078323], [-70.85911, 42.07804399999999], [-70.859815, 42.077076], [-70.85996, 42.076736], [-70.859867, 42.076333999999996], [-70.860238, 42.076231], [-70.860475, 42.075747000000014], [-70.860681, 42.07566400000002], [-70.860908, 42.074922], [-70.860986, 42.07450099999999], [-70.86065500000001, 42.073439], [-70.859651, 42.072791], [-70.859767, 42.071092], [-70.85961, 42.07079999999999], [-70.859073, 42.07050900000001], [-70.860014, 42.06998600000001], [-70.862089, 42.068222000000006], [-70.863577, 42.06496300000001], [-70.868776, 42.065891], [-70.871172, 42.063766], [-70.873064, 42.061646999999994], [-70.876295, 42.05617299999999], [-70.87672200000002, 42.055200000000006], [-70.880297, 42.05366600000001], [-70.882007, 42.05316500000002], [-70.883019, 42.05306900000001], [-70.884003, 42.053175], [-70.885368, 42.05383699999999], [-70.887144, 42.05605], [-70.888005, 42.058848999999995], [-70.888259, 42.05926900000001], [-70.888783, 42.059707999999986], [-70.890781, 42.06068], [-70.891475, 42.061452], [-70.894225, 42.061263999999994], [-70.895067, 42.061042000000015], [-70.899395, 42.05861800000001], [-70.903842, 42.05757700000001], [-70.906699, 42.05555], [-70.90846, 42.062885000000016], [-70.909395, 42.068182], [-70.912962, 42.084417], [-70.902412, 42.08589700000001], [-70.931487, 42.116549], [-70.940768, 42.151365]]]}}, {"type": "Feature", "properties": {"district_name": "6th Plymouth District", "chamber": "house", "vintage": "2022-present", "lean_dem_share": 0.5223, "competitiveness": "Tossup", "competitiveness_label": "Tossup D", "party_favored": "Democratic", "url": "/district/house-6th-plymouth-district-2022-present/"}, "geometry": {"type": "Polygon", "coordinates": [[[-70.906699, 42.05555], [-70.903842, 42.05757700000001], [-70.899395, 42.05861800000001], [-70.895067, 42.061042000000015], [-70.894225, 42.061263999999994], [-70.891475, 42.061452], [-70.890781, 42.06068], [-70.888783, 42.059707999999986], [-70.888259, 42.05926900000001], [-70.888005, 42.058848999999995], [-70.887144, 42.05605], [-70.885368, 42.05383699999999], [-70.884003, 42.053175], [-70.883019, 42.05306900000001], [-70.882007, 42.05316500000002], [-70.880297, 42.05366600000001], [-70.87672200000002, 42.055200000000006], [-70.876295, 42.05617299999999], [-70.873064, 42.061646999999994], [-70.871172, 42.063766], [-70.868776, 42.065891], [-70.863577, 42.06496300000001], [-70.862089, 42.068222000000006], [-70.860014, 42.06998600000001], [-70.859073, 42.07050900000001], [-70.85961, 42.07079999999999], [-70.859767, 42.071092], [-70.859651, 42.072791], [-70.86065500000001, 42.073439], [-70.860986, 42.07450099999999], [-70.860908, 42.074922], [-70.860681, 42.07566400000002], [-70.860475, 42.075747000000014], [-70.860238, 42.076231], [-70.859867, 42.076333999999996], [-70.85996, 42.076736], [-70.859815, 42.077076], [-70.85911, 42.07804399999999], [-70.858651, 42.078323], [-70.857569, 42.07846700000002], [-70.857043, 42.079105999999996], [-70.857259, 42.07985899999999], [-70.856978, 42.08037900000001], [-70.857696, 42.080304], [-70.859568, 42.079423999999996], [-70.861808, 42.07881600000001], [-70.863007, 42.081643999999976], [-70.866275, 42.085894], [-70.86610500000002, 42.088662000000014], [-70.865295, 42.090624000000005], [-70.864512, 42.090412], [-70.864303, 42.089794000000005], [-70.863102, 42.089544999999994], [-70.862187, 42.089162], [-70.861281, 42.089225], [-70.861101, 42.089653], [-70.85965800000001, 42.09023100000001], [-70.859452, 42.090667], [-70.858824, 42.09104199999999], [-70.857481, 42.09137200000001], [-70.855486, 42.09242300000001], [-70.854976, 42.093339], [-70.855137, 42.094166], [-70.854537, 42.09482299999999], [-70.85367200000002, 42.09541399999999], [-70.853039, 42.095264], [-70.852084, 42.09531900000001], [-70.851153, 42.094953], [-70.850642, 42.094927999999996], [-70.848142, 42.09629199999999], [-70.847095, 42.096241], [-70.846571, 42.095859], [-70.845405, 42.09548200000001], [-70.845142, 42.09516499999999], [-70.844731, 42.095003000000005], [-70.843157, 42.094743000000015], [-70.8419, 42.09493999999999], [-70.84059200000002, 42.094535000000015], [-70.84008, 42.094538000000014], [-70.839157, 42.09495800000001], [-70.838504, 42.09609900000002], [-70.83791000000001, 42.096738000000016], [-70.837165, 42.09691], [-70.836247, 42.096774], [-70.835995, 42.097132], [-70.835504, 42.09732199999997], [-70.834162, 42.097589], [-70.833717, 42.097935000000014], [-70.831448, 42.098516999999994], [-70.828893, 42.099622999999994], [-70.826319, 42.10039200000001], [-70.823542, 42.100413], [-70.822259, 42.10072900000002], [-70.821242, 42.10072900000001], [-70.82091800000002, 42.100545000000004], [-70.820592, 42.09992499999998], [-70.819864, 42.09948700000001], [-70.819649, 42.09947099999999], [-70.819482, 42.099714999999996], [-70.818601, 42.099670999999994], [-70.81702800000001, 42.099061000000006], [-70.816277, 42.099433999999995], [-70.814937, 42.098824], [-70.814103, 42.098862999999994], [-70.813176, 42.098186999999996], [-70.811166, 42.098043], [-70.810717, 42.09831600000001], [-70.810316, 42.098834000000004], [-70.809817, 42.098982], [-70.80961100000002, 42.099388999999995], [-70.810623, 42.10000800000001], [-70.810536, 42.10023399999999], [-70.809885, 42.10046200000001], [-70.809883, 42.100731], [-70.811968, 42.10253100000001], [-70.812278, 42.103410000000004], [-70.812157, 42.104149], [-70.810896, 42.105107], [-70.809417, 42.106767999999974], [-70.807167, 42.10846500000001], [-70.804847, 42.111265], [-70.80385, 42.111477000000015], [-70.802809, 42.111227000000014], [-70.801944, 42.11062700000001], [-70.801109, 42.109716000000006], [-70.80066, 42.10963300000001], [-70.79992, 42.112061], [-70.799665, 42.112376000000005], [-70.799256, 42.112506999999994], [-70.798438, 42.112386], [-70.798034, 42.11214999999999], [-70.795047, 42.10940699999999], [-70.794003, 42.107169000000006], [-70.792994, 42.10635499999999], [-70.792276, 42.10611699999998], [-70.791001, 42.10643700000001], [-70.789398, 42.106516], [-70.789293, 42.106812], [-70.789435, 42.10695100000001], [-70.790465, 42.107368], [-70.792173, 42.108528], [-70.79226, 42.10906499999999], [-70.791741, 42.10924399999999], [-70.790507, 42.108691], [-70.790052, 42.108698], [-70.78995, 42.10896299999999], [-70.790528, 42.110082999999996], [-70.7905, 42.11032899999999], [-70.790234, 42.11061799999999], [-70.789682, 42.11069000000001], [-70.788682, 42.110057000000005], [-70.788167, 42.11008299999999], [-70.787988, 42.11047800000001], [-70.788547, 42.11128299999999], [-70.788332, 42.11160400000001], [-70.787823, 42.11165100000001], [-70.786716, 42.111290999999994], [-70.786326, 42.111307], [-70.785199, 42.11202000000001], [-70.783777, 42.111738999999965], [-70.783007, 42.112005999999994], [-70.782892, 42.11222800000001], [-70.782928, 42.113381999999994], [-70.782142, 42.11409800000001], [-70.782077, 42.11432000000001], [-70.78228200000001, 42.11497500000001], [-70.782959, 42.115931999999994], [-70.782991, 42.11620300000002], [-70.782603, 42.11665], [-70.78143, 42.116845], [-70.78094, 42.116752999999996], [-70.77978, 42.115862], [-70.779003, 42.11558599999999], [-70.776624, 42.117177999999974], [-70.777148, 42.11809], [-70.777875, 42.11885599999999], [-70.777847, 42.11931300000001], [-70.777361, 42.11985899999999], [-70.77737, 42.12062600000001], [-70.779299, 42.121482999999984], [-70.779481, 42.121778], [-70.779483, 42.121980000000015], [-70.778495, 42.12300099999999], [-70.778431, 42.12425300000001], [-70.777897, 42.12492300000002], [-70.77793, 42.125199999999985], [-70.778854, 42.125865999999995], [-70.779502, 42.12671500000001], [-70.778822, 42.12782800000001], [-70.779242, 42.129634], [-70.779628, 42.12981600000002], [-70.781597, 42.12968200000001], [-70.78192, 42.129847], [-70.78228200000001, 42.130383], [-70.782179, 42.13092100000001], [-70.781846, 42.13125300000001], [-70.780169, 42.131727], [-70.779932, 42.13197700000001], [-70.779873, 42.132349], [-70.781494, 42.13487200000001], [-70.780561, 42.13621299999999], [-70.780474, 42.13654900000002], [-70.780624, 42.137163], [-70.78114, 42.13772600000001], [-70.782864, 42.13900400000001], [-70.783061, 42.139908], [-70.782828, 42.14142499999997], [-70.783222, 42.142209000000015], [-70.785629, 42.143305], [-70.786283, 42.143988], [-70.787572, 42.144693000000004], [-70.787836, 42.145100000000006], [-70.787693, 42.145458], [-70.786671, 42.14632], [-70.786346, 42.14683200000001], [-70.785726, 42.149302000000006], [-70.785415, 42.14974599999998], [-70.783524, 42.149989000000005], [-70.783053, 42.1502], [-70.782783, 42.150584], [-70.783109, 42.15215999999999], [-70.78262200000002, 42.153540000000014], [-70.782526, 42.155222000000016], [-70.782311, 42.15618], [-70.781656, 42.156554], [-70.779323, 42.156486000000015], [-70.777586, 42.15608900000001], [-70.775654, 42.155214999999984], [-70.775716, 42.154360000000004], [-70.774669, 42.15274600000001], [-70.772803, 42.151489], [-70.772289, 42.15095300000001], [-70.770052, 42.14537099999998], [-70.769873, 42.14464499999998], [-70.770339, 42.143854000000005], [-70.76966, 42.140235999999994], [-70.768383, 42.13570200000001], [-70.767633, 42.133633], [-70.767229, 42.131699000000005], [-70.76735, 42.130423], [-70.768357, 42.128954000000014], [-70.768428, 42.127975], [-70.766984, 42.12476100000001], [-70.766813, 42.123842999999994], [-70.764237, 42.12434900000001], [-70.759244, 42.12622599999999], [-70.756034, 42.127873], [-70.754444, 42.129096999999994], [-70.752252, 42.129983], [-70.74861700000001, 42.130726], [-70.746766, 42.127274], [-70.74603, 42.125523], [-70.745718, 42.12446599999999], [-70.745662, 42.123422999999995], [-70.74489100000001, 42.121812], [-70.744798, 42.121015000000014], [-70.74555, 42.11977], [-70.745723, 42.118964999999996], [-70.745695, 42.118075000000005], [-70.745202, 42.117169], [-70.744338, 42.11616699999999], [-70.74103600000001, 42.113195000000005], [-70.736834, 42.10994699999999], [-70.734811, 42.10579], [-70.73262200000002, 42.103858], [-70.731298, 42.103209], [-70.730345, 42.102419], [-70.729752, 42.101614000000005], [-70.728338, 42.09896699999999], [-70.727225, 42.098122999999994], [-70.720552, 42.094939000000004], [-70.714953, 42.092856], [-70.711159, 42.09224699999999], [-70.710539, 42.091847999999985], [-70.71047, 42.090942999999996], [-70.711435, 42.08900400000001], [-70.71126900000002, 42.08750100000001], [-70.711587, 42.087253999999994], [-70.712216, 42.08588900000002], [-70.715196, 42.08306100000001], [-70.715601, 42.082499], [-70.715639, 42.08200699999999], [-70.715319, 42.08068000000001], [-70.715631, 42.07938100000003], [-70.698445, 42.07050299999999], [-70.698482, 42.06902100000001], [-70.697446, 42.06742099999999], [-70.696884, 42.067024], [-70.69586, 42.06667], [-70.68276100000001, 42.057469], [-70.651306, 42.07122799999999], [-70.648001, 42.07244200000001], [-70.647932, 42.072948000000004], [-70.629803, 42.077186000000005], [-70.628724, 42.073549], [-70.626033, 42.06655999999999], [-70.622529, 42.06013200000001], [-70.614905, 42.049111], [-70.608105, 42.037786000000004], [-70.602953, 42.025846999999985], [-70.598554, 42.01367700000001], [-70.609301, 42.01358299999998], [-70.60889800000001, 42.01319999999998], [-70.612821, 42.01321499999998], [-70.612653, 42.01355099999999], [-70.6415, 42.013155000000005], [-70.64202, 42.012396999999986], [-70.643583, 42.007777], [-70.645899, 42.002459], [-70.64839, 41.997844], [-70.649808, 41.99604200000001], [-70.652348, 41.990216999999994], [-70.653511, 41.987113], [-70.662497, 41.988123000000016], [-70.66525300000002, 41.988588], [-70.667055, 41.989205], [-70.667655, 41.989558], [-70.668738, 41.99033900000002], [-70.669137, 41.99087800000001], [-70.6701, 41.992642999999994], [-70.671066, 41.99651000000001], [-70.671738, 41.998325000000015], [-70.672635, 41.999658], [-70.673269, 42.00023000000001], [-70.682081, 42.001403999999994], [-70.698582, 42.00670300000001], [-70.705902, 42.004456], [-70.711225, 42.00314900000001], [-70.711264, 42.002403000000015], [-70.721793, 42.00281699999999], [-70.722223, 42.004259], [-70.722814, 42.004639999999995], [-70.724657, 42.007039], [-70.724022, 42.009288], [-70.730136, 42.01623100000001], [-70.73124000000001, 42.017707], [-70.769492, 42.022063], [-70.775527, 42.023167000000015], [-70.796725, 42.020587000000006], [-70.800525, 42.01644199999999], [-70.800384, 42.016102], [-70.801284, 42.016602], [-70.801684, 42.017801999999996], [-70.80144, 42.01855499999999], [-70.799563, 42.02149], [-70.800754, 42.02285899999999], [-70.798683, 42.02498700000001], [-70.800702, 42.02740300000001], [-70.801609, 42.029173], [-70.801669, 42.029925], [-70.800998, 42.033256], [-70.801096, 42.033819999999984], [-70.801494, 42.034486], [-70.802709, 42.03527000000002], [-70.805738, 42.036267000000024], [-70.805948, 42.036042000000016], [-70.80769, 42.03675400000001], [-70.807819, 42.03693599999998], [-70.815551, 42.039393000000004], [-70.81723700000002, 42.03948399999998], [-70.821455, 42.03874799999999], [-70.821676, 42.039142000000005], [-70.821706, 42.039919], [-70.820105, 42.043293999999996], [-70.819838, 42.04453999999999], [-70.819901, 42.045924], [-70.819414, 42.04758000000001], [-70.81892600000002, 42.04824299999999], [-70.817566, 42.04915400000001], [-70.816461, 42.05012499999999], [-70.815654, 42.05129000000001], [-70.818129, 42.05130199999999], [-70.820222, 42.052446], [-70.820805, 42.051761999999975], [-70.821212, 42.053184000000016], [-70.821132, 42.05338600000001], [-70.820485, 42.053201], [-70.821122, 42.053964], [-70.822771, 42.05345800000001], [-70.825834, 42.05558000000002], [-70.828035, 42.057931000000025], [-70.832498, 42.058172000000006], [-70.835116, 42.05804400000001], [-70.835075, 42.058673], [-70.836825, 42.05929099999999], [-70.84583, 42.055073], [-70.845367, 42.05409099999999], [-70.845417, 42.053857], [-70.846997, 42.05191499999999], [-70.847251, 42.050672], [-70.847022, 42.050188], [-70.847246, 42.049684], [-70.847013, 42.048158999999984], [-70.846517, 42.04772200000001], [-70.846306, 42.04736299999999], [-70.846294, 42.04696299999999], [-70.845658, 42.046155], [-70.841071, 42.04489300000002], [-70.842246, 42.04343200000002], [-70.844766, 42.04269799999999], [-70.833463, 42.019548], [-70.814978, 42.02397500000001], [-70.812975, 42.022721999999995], [-70.813757, 42.021208999999985], [-70.813367, 42.020424000000006], [-70.813772, 42.019871], [-70.81363, 42.019416], [-70.812296, 42.01862700000001], [-70.812289, 42.01818800000001], [-70.811855, 42.017629], [-70.809389, 42.01666800000001], [-70.809765, 42.015848], [-70.809676, 42.01530799999999], [-70.808804, 42.014586], [-70.808193, 42.013679], [-70.807318, 42.01311], [-70.807251, 42.01287599999998], [-70.807494, 42.012489999999985], [-70.807668, 42.012491], [-70.807989, 42.01212600000001], [-70.807931, 42.01167099999999], [-70.807517, 42.011084000000025], [-70.806495, 42.01033300000002], [-70.809597, 42.00684800000002], [-70.8099, 42.007184], [-70.810826, 42.006981], [-70.81206, 42.00739000000001], [-70.816481, 42.01044199999997], [-70.817051, 42.010664], [-70.81832, 42.010505999999985], [-70.820491, 42.009558000000006], [-70.822933, 42.008860999999996], [-70.823664, 42.007877], [-70.82499800000001, 42.00680499999999], [-70.828701, 42.00491800000001], [-70.829452, 42.004275], [-70.830552, 42.001582000000006], [-70.829757, 41.998853999999994], [-70.831246, 41.99562499999998], [-70.832473, 41.995937000000005], [-70.833989, 41.996653000000016], [-70.837237, 41.99741600000001], [-70.842352, 41.99662399999998], [-70.843448, 41.996306999999995], [-70.844203, 41.99589999999999], [-70.84454, 41.999344], [-70.845266, 41.999313], [-70.845378, 42.00029], [-70.845848, 42.000292], [-70.846138, 42.000637000000005], [-70.847657, 42.00027899999999], [-70.848899, 42.000691], [-70.84968, 42.00065099999998], [-70.850386, 42.00091900000001], [-70.850838, 42.000885000000004], [-70.852042, 42.001410000000014], [-70.852271, 42.001884999999994], [-70.852808, 42.001960000000004], [-70.854561, 42.001588000000005], [-70.854513, 42.00092799999996], [-70.855375, 42.00076], [-70.85493500000001, 42.00000999999999], [-70.853727, 41.99921499999999], [-70.854685, 41.998285], [-70.853677, 41.99767599999998], [-70.853955, 41.996375999999984], [-70.853445, 41.99327199999999], [-70.853591, 41.992656999999994], [-70.854173, 41.99186799999999], [-70.854162, 41.99150899999999], [-70.857618, 41.99171100000001], [-70.86055, 41.990937], [-70.861948, 41.990897999999994], [-70.870317, 41.99312799999999], [-70.874185, 41.99341899999999], [-70.877406, 41.994191], [-70.877699, 41.99457900000001], [-70.880058, 41.995710999999986], [-70.882008, 41.996952], [-70.882467, 41.997440000000005], [-70.883372, 41.99948199999999], [-70.885095, 42.001507000000004], [-70.884741, 42.003369], [-70.884467, 42.008517999999995], [-70.88457, 42.00927099999999], [-70.885045, 42.00957], [-70.892004, 42.010341000000004], [-70.893874, 42.010825], [-70.894971, 42.01089799999999], [-70.895789, 42.010727], [-70.898768, 42.00881699999999], [-70.897744, 42.01644900000001], [-70.89691200000001, 42.01928900000001], [-70.896618, 42.02328499999998], [-70.89764900000002, 42.024224000000004], [-70.897418, 42.024941], [-70.899729, 42.02529899999999], [-70.906699, 42.05555]]]}}, {"type": "Feature", "properties": {"district_name": "7th Plymouth District", "chamber": "house", "vintage": "2022-present", "lean_dem_share": 0.4882, "competitiveness": "Tossup", "competitiveness_label": "Tossup R", "party_favored": "Republican", "url": "/district/house-7th-plymouth-district-2022-present/"}, "geometry": {"type": "Polygon", "coordinates": [[[-71.002152, 42.127304], [-70.940768, 42.151365], [-70.931487, 42.116549], [-70.902412, 42.08589700000001], [-70.912962, 42.084417], [-70.909395, 42.068182], [-70.90846, 42.062885000000016], [-70.907549, 42.058795], [-70.906934, 42.056687], [-70.899729, 42.02529899999999], [-70.897418, 42.024941], [-70.89764900000002, 42.024224000000004], [-70.896618, 42.02328499999998], [-70.896893, 42.019419], [-70.897744, 42.01644900000001], [-70.899571, 42.002975], [-70.899187, 41.99637100000001], [-70.903366, 41.996627], [-70.908439, 41.996164], [-70.909652, 41.99641699999999], [-70.910681, 41.99692799999998], [-70.91112600000001, 41.99672799999999], [-70.9127, 41.996949], [-70.913485, 41.997486], [-70.914362, 41.999171], [-70.917343, 42.002263], [-70.917479, 42.00272999999999], [-70.917307, 42.00356], [-70.91739, 42.004636], [-70.918555, 42.005928], [-70.919733, 42.006797999999996], [-70.921459, 42.007551], [-70.925661, 42.00895000000001], [-70.926923, 42.008873], [-70.930222, 42.007845], [-70.931869, 42.007824999999976], [-70.932885, 42.01114600000002], [-70.933403, 42.01408799999999], [-70.933288, 42.015262], [-70.933008, 42.016225000000006], [-70.931517, 42.01973900000001], [-70.932197, 42.024868], [-70.931872, 42.026965000000004], [-70.931882, 42.029164], [-70.931599, 42.03104799999999], [-70.931523, 42.033359000000004], [-70.932265, 42.035816], [-70.93514, 42.033256], [-70.935798, 42.03289099999999], [-70.941467, 42.031751], [-70.946887, 42.029993], [-70.949491, 42.02938], [-70.953858, 42.029223000000016], [-70.95592, 42.02986799999999], [-70.958542, 42.031882], [-70.958591, 42.03362099999999], [-70.959717, 42.032862999999985], [-70.961332, 42.032084], [-70.969932, 42.031349000000006], [-70.978942, 42.02896699999999], [-70.981376, 42.029035], [-70.98334300000002, 42.02865200000001], [-70.989919, 42.059487000000004], [-70.980789, 42.068858], [-70.975231, 42.071177999999996], [-70.976528, 42.087198999999984], [-70.975387, 42.087496000000016], [-70.97499, 42.08792999999999], [-70.975176, 42.088082], [-70.975373, 42.089085999999995], [-70.975788, 42.089346], [-70.97587, 42.08973099999999], [-70.975864, 42.08990000000001], [-70.975445, 42.09017499999998], [-70.975587, 42.090594], [-70.97525, 42.09069400000002], [-70.975356, 42.091229000000006], [-70.975226, 42.09170700000001], [-70.975703, 42.092348999999984], [-70.975458, 42.09283400000001], [-70.975437, 42.09418100000001], [-70.97518, 42.094816], [-70.975243, 42.09508500000002], [-70.975533, 42.09531500000001], [-70.975188, 42.09572699999999], [-70.97507200000001, 42.096228999999994], [-70.975954, 42.09830799999999], [-70.976674, 42.098707], [-70.976737, 42.09915099999999], [-70.977174, 42.09978000000001], [-70.977144, 42.100253000000016], [-70.976733, 42.100534999999994], [-70.977058, 42.10109900000001], [-70.976895, 42.101199], [-70.976969, 42.101314], [-70.976688, 42.10185799999999], [-70.976725, 42.10265900000001], [-70.976855, 42.103358000000014], [-70.97742, 42.10417000000002], [-70.977374, 42.10434299999999], [-70.977603, 42.104369999999996], [-70.977875, 42.104768000000014], [-70.977364, 42.10577299999999], [-70.977479, 42.10611999999999], [-70.977925, 42.10649799999999], [-70.97813, 42.107862], [-70.978747, 42.108461], [-70.979817, 42.10870000000001], [-70.980512, 42.10902000000001], [-70.980663, 42.109255], [-70.980539, 42.10992600000001], [-70.98095600000002, 42.110949], [-70.980818, 42.11118199999998], [-70.979873, 42.11162399999999], [-70.979301, 42.11267600000001], [-70.978863, 42.11298599999999], [-70.978774, 42.11339699999999], [-70.979117, 42.114076999999995], [-70.998594, 42.111636], [-71.002152, 42.127304]]]}}, {"type": "Feature", "properties": {"district_name": "8th Plymouth District", "chamber": "house", "vintage": "2022-present", "lean_dem_share": 0.4953, "competitiveness": "Tossup", "competitiveness_label": "Tossup R", "party_favored": "Republican", "url": "/district/house-8th-plymouth-district-2022-present/"}, "geometry": {"type": "Polygon", "coordinates": [[[-71.09269900000001, 41.938993], [-71.091957, 41.939865999999995], [-71.091874, 41.940452], [-71.091277, 41.94104], [-71.090205, 41.94154499999999], [-71.088841, 41.94347599999999], [-71.086275, 41.94625099999999], [-71.085905, 41.94758699999999], [-71.085589, 41.949934], [-71.083532, 41.954615], [-71.08052400000001, 41.959537999999995], [-71.081206, 41.961228], [-71.083764, 41.96561700000001], [-71.083106, 41.96888899999997], [-71.081083, 41.972235999999995], [-71.080327, 41.97549999999998], [-71.08066, 41.977299000000016], [-71.082438, 41.979891], [-71.083182, 41.98028800000001], [-71.08533100000001, 41.98234300000001], [-71.087157, 41.990832000000005], [-71.054718, 41.985057000000005], [-71.054184, 41.98271600000002], [-71.002717, 41.998052999999985], [-70.990607, 42.003908], [-70.978786, 42.007394999999995], [-70.979585, 42.010999], [-70.95366400000002, 42.00585], [-70.942994, 42.006541000000006], [-70.939364, 42.007281], [-70.935392, 42.00782900000002], [-70.930446, 42.007809], [-70.926923, 42.008873], [-70.925364, 42.00890900000001], [-70.920672, 42.007259000000005], [-70.919516, 42.00666799999999], [-70.918555, 42.005928], [-70.91739, 42.004636], [-70.917307, 42.00356], [-70.917479, 42.00272999999999], [-70.917343, 42.002263], [-70.914498, 41.99933200000001], [-70.91409, 41.99882100000001], [-70.914077, 41.998452000000015], [-70.913485, 41.997486], [-70.912833, 41.997004999999994], [-70.91112600000001, 41.99672799999999], [-70.910681, 41.99692799999998], [-70.909652, 41.99641699999999], [-70.908439, 41.996164], [-70.903366, 41.996627], [-70.899187, 41.99637100000001], [-70.899775, 41.988284], [-70.901399, 41.98298100000001], [-70.91148, 41.980227], [-70.91155, 41.979759], [-70.91221, 41.97855199999999], [-70.912119, 41.977692000000005], [-70.911726, 41.97700699999998], [-70.910139, 41.975954], [-70.908384, 41.97401699999998], [-70.908841, 41.97220500000001], [-70.908448, 41.97153500000002], [-70.907585, 41.97082100000001], [-70.907277, 41.970199], [-70.907347, 41.967327], [-70.908607, 41.96634499999999], [-70.910827, 41.966009000000014], [-70.910697, 41.965379000000006], [-70.909836, 41.964431], [-70.910054, 41.96396700000001], [-70.910999, 41.963749], [-70.912483, 41.963127], [-70.913025, 41.96307600000001], [-70.913435, 41.96335799999999], [-70.914153, 41.96297599999999], [-70.914832, 41.962005000000005], [-70.914439, 41.96166800000001], [-70.913434, 41.96155900000001], [-70.913548, 41.961305999999986], [-70.913994, 41.96107399999999], [-70.915205, 41.96107700000001], [-70.917567, 41.961936], [-70.919622, 41.96206], [-70.920133, 41.962301999999994], [-70.92001, 41.962975], [-70.92068, 41.96309300000001], [-70.921789, 41.962478], [-70.922683, 41.960859000000006], [-70.922778, 41.95966699999999], [-70.923596, 41.959071000000016], [-70.924274, 41.959053], [-70.925791, 41.959768], [-70.929175, 41.960219], [-70.93127, 41.959497], [-70.932602, 41.958669], [-70.933443, 41.95782600000001], [-70.933914, 41.95708300000001], [-70.934193, 41.955763], [-70.934607, 41.95483600000002], [-70.93597, 41.953334999999996], [-70.936094, 41.95183500000001], [-70.93677600000001, 41.949980999999994], [-70.936913, 41.94903599999999], [-70.936373, 41.946306], [-70.936674, 41.945453000000015], [-70.938068, 41.943347], [-70.938793, 41.941163000000024], [-70.939757, 41.94013700000001], [-70.940745, 41.93870999999999], [-70.942561, 41.937495000000006], [-70.942806, 41.93651100000001], [-70.943384, 41.93533700000001], [-70.94595, 41.932833], [-70.946474, 41.932622], [-70.947019, 41.932747000000006], [-70.94798900000002, 41.93399700000001], [-70.949245, 41.934431], [-70.952348, 41.93429400000001], [-70.954297, 41.93461500000003], [-70.95496, 41.934514], [-70.956095, 41.93402299999999], [-70.956929, 41.93404399999999], [-70.95931, 41.934791000000004], [-70.960429, 41.935816999999986], [-70.960725, 41.935921], [-70.965905, 41.936823], [-70.968518, 41.93850799999998], [-70.970843, 41.938982999999986], [-70.973391, 41.940052000000016], [-70.97406, 41.94014799999999], [-70.974859, 41.939621], [-70.976063, 41.939395000000005], [-70.979498, 41.94045800000001], [-70.980529, 41.940224000000015], [-70.984656, 41.938238], [-70.986658, 41.937873000000025], [-70.987123, 41.937616], [-70.987311, 41.93737], [-70.987436, 41.935585999999994], [-70.987902, 41.934198], [-70.989546, 41.932007000000006], [-70.990037, 41.931674999999984], [-70.991521, 41.93162199999999], [-70.992609, 41.932260999999976], [-70.99373900000002, 41.93245000000001], [-70.995957, 41.93318600000001], [-70.996707, 41.93356499999999], [-70.997524, 41.93424300000001], [-70.99790100000001, 41.93427400000001], [-70.99813, 41.93410700000002], [-70.99869, 41.932138000000016], [-70.998295, 41.930214000000014], [-70.998752, 41.92982599999999], [-70.9995, 41.929819999999985], [-70.999773, 41.929671], [-70.999959, 41.92879300000001], [-70.999629, 41.92846500000002], [-70.997782, 41.927954000000014], [-70.996752, 41.92736899999999], [-70.995738, 41.92605799999999], [-70.995533, 41.925052999999984], [-70.995912, 41.924201999999994], [-70.997205, 41.9232], [-70.99720900000001, 41.922467], [-70.996814, 41.92117500000001], [-70.997326, 41.919188], [-70.997327, 41.917139999999996], [-70.996912, 41.916310000000024], [-70.996347, 41.915627000000015], [-70.995822, 41.91524000000001], [-70.995082, 41.91496800000001], [-70.994422, 41.91499499999999], [-70.99431, 41.916002], [-70.993776, 41.91643], [-70.993155, 41.91643100000001], [-70.992128, 41.91590800000001], [-70.990984, 41.910059], [-70.99115, 41.909133], [-70.991926, 41.907506999999995], [-70.992547, 41.90685400000001], [-70.993502, 41.90623500000002], [-70.993912, 41.90529099999999], [-70.995366, 41.903938000000004], [-70.996071, 41.902798], [-70.996966, 41.900801], [-70.998959, 41.897708], [-70.999705, 41.89690800000001], [-70.994453, 41.89703600000001], [-70.99363, 41.894349000000005], [-70.993793, 41.892573000000006], [-70.993725, 41.891119], [-70.992113, 41.889737999999994], [-70.994983, 41.885107], [-70.997727, 41.884238], [-71.000322, 41.883939], [-71.003597, 41.883019000000004], [-71.003512, 41.88345700000001], [-71.003709, 41.883684999999986], [-71.00357200000002, 41.88368099999999], [-71.003663, 41.88393600000001], [-71.003418, 41.88425100000002], [-71.003477, 41.88461800000001], [-71.003356, 41.884784999999994], [-71.003514, 41.88490100000001], [-71.003344, 41.885068], [-71.005519, 41.884583000000006], [-71.00862, 41.89051099999999], [-71.011875, 41.89004400000001], [-71.013107, 41.892399999999995], [-71.013682, 41.89244500000002], [-71.014491, 41.892361000000015], [-71.014853, 41.89213299999997], [-71.015478, 41.89138299999999], [-71.015773, 41.890622], [-71.016825, 41.88971699999999], [-71.017782, 41.889357999999994], [-71.020508, 41.88941100000001], [-71.020921, 41.889302000000015], [-71.021762, 41.88885499999999], [-71.022651, 41.88778000000001], [-71.024058, 41.886814], [-71.025457, 41.886293000000016], [-71.0274, 41.88629799999999], [-71.029259, 41.88597400000001], [-71.030025, 41.88602600000001], [-71.03208200000002, 41.886736000000006], [-71.0326, 41.886770000000006], [-71.033778, 41.886363999999986], [-71.035203, 41.885505], [-71.035811, 41.88503499999999], [-71.036678, 41.88389900000001], [-71.037325, 41.88345399999999], [-71.037615, 41.88341], [-71.038124, 41.883738999999984], [-71.03777, 41.88520500000002], [-71.038729, 41.885771], [-71.039989, 41.88568200000001], [-71.040857, 41.88543800000001], [-71.041983, 41.884085999999996], [-71.042681, 41.883892], [-71.043323, 41.88438399999999], [-71.043245, 41.88480899999999], [-71.0426, 41.885944], [-71.04253, 41.886255000000006], [-71.042802, 41.886478], [-71.04338900000002, 41.88625000000002], [-71.04391700000001, 41.88541100000001], [-71.043974, 41.885540000000006], [-71.045082, 41.88538500000001], [-71.046502, 41.88591900000001], [-71.047912, 41.88694299999999], [-71.048632, 41.88842600000001], [-71.04868, 41.889059], [-71.047319, 41.89003400000001], [-71.047321, 41.89053900000002], [-71.046861, 41.891033], [-71.044768, 41.89149200000001], [-71.04488, 41.89188199999999], [-71.045642, 41.89281000000001], [-71.047002, 41.893128], [-71.047221, 41.893254999999996], [-71.047241, 41.89347699999999], [-71.046047, 41.89408400000001], [-71.044984, 41.89490400000001], [-71.044205, 41.89523800000002], [-71.043629, 41.895014], [-71.043719, 41.894411999999996], [-71.04347, 41.894042999999996], [-71.042034, 41.89457300000001], [-71.041701, 41.894836], [-71.041913, 41.89545699999999], [-71.044288, 41.897587999999985], [-71.045253, 41.898961], [-71.045453, 41.899740999999985], [-71.045307, 41.900891], [-71.045092, 41.90127899999999], [-71.04525400000001, 41.90168600000002], [-71.0468, 41.90280700000001], [-71.04772500000001, 41.90441100000001], [-71.048406, 41.904762000000005], [-71.04910900000002, 41.90483300000001], [-71.052572, 41.90500099999999], [-71.053763, 41.904686999999996], [-71.054305, 41.904147], [-71.054316, 41.90254099999999], [-71.054709, 41.901738000000016], [-71.055504, 41.901146], [-71.05631, 41.901346999999994], [-71.05808400000001, 41.90236599999999], [-71.060236, 41.90286100000001], [-71.063346, 41.90326599999999], [-71.09269900000001, 41.938993]]]}}, {"type": "Feature", "properties": {"district_name": "9th Plymouth District", "chamber": "house", "vintage": "2022-present", "lean_dem_share": 0.5985, "competitiveness": "Likely", "competitiveness_label": "Likely D", "party_favored": "Democratic", "url": "/district/house-9th-plymouth-district-2022-present/"}, "geometry": {"type": "Polygon", "coordinates": [[[-71.16868100000002, 42.061161], [-71.127235, 42.077203], [-71.057766, 42.10457], [-71.057487, 42.102478999999995], [-71.057638, 42.09980500000001], [-71.059154, 42.093976999999995], [-71.048576, 42.08959200000001], [-71.047367, 42.08877999999999], [-71.046781, 42.08872900000001], [-71.043401, 42.08947299999999], [-71.040088, 42.08941200000002], [-71.040299, 42.08866299999999], [-71.040186, 42.087902], [-71.03964, 42.08793399999999], [-71.039206, 42.087582], [-71.038089, 42.082146], [-71.038185, 42.082003], [-71.038767, 42.08191699999999], [-71.038393, 42.08040700000001], [-71.037927, 42.080387000000016], [-71.038769, 42.080287], [-71.038605, 42.07947600000001], [-71.038137, 42.079056], [-71.037105, 42.073986000000005], [-71.037654, 42.071061000000014], [-71.037077, 42.07090200000001], [-71.036937, 42.069918], [-71.029614, 42.07125500000001], [-71.027759, 42.06765299999999], [-71.028301, 42.067448000000006], [-71.026274, 42.063853], [-71.02467300000002, 42.064286], [-71.023827, 42.06247199999999], [-71.024341, 42.062291], [-71.023318, 42.06122300000001], [-71.022874, 42.061373], [-71.022377, 42.06069299999999], [-71.026967, 42.05886700000001], [-71.027398, 42.058354999999985], [-71.028287, 42.058833], [-71.02926, 42.05760399999999], [-71.028347, 42.05737900000001], [-71.025232, 42.055113], [-71.025709, 42.05478900000001], [-71.022924, 42.04217799999999], [-70.987159, 42.046568], [-70.98334300000002, 42.02865200000001], [-70.981376, 42.029035], [-70.978942, 42.02896699999999], [-70.969932, 42.031349000000006], [-70.961332, 42.032084], [-70.959717, 42.032862999999985], [-70.958591, 42.03362099999999], [-70.958542, 42.031882], [-70.95592, 42.02986799999999], [-70.953858, 42.029223000000016], [-70.949491, 42.02938], [-70.946887, 42.029993], [-70.941467, 42.031751], [-70.935798, 42.03289099999999], [-70.93514, 42.033256], [-70.932265, 42.035816], [-70.931523, 42.033359000000004], [-70.931599, 42.03104799999999], [-70.931882, 42.029164], [-70.931872, 42.026965000000004], [-70.932197, 42.024868], [-70.931517, 42.01973900000001], [-70.933008, 42.016225000000006], [-70.933288, 42.015262], [-70.933403, 42.01408799999999], [-70.932885, 42.01114600000002], [-70.931869, 42.007824999999976], [-70.935763, 42.00779599999999], [-70.939789, 42.007208], [-70.942994, 42.006541000000006], [-70.95366400000002, 42.00585], [-70.979585, 42.010999], [-70.978786, 42.007394999999995], [-70.990607, 42.003908], [-71.002717, 41.998052999999985], [-71.054184, 41.98271600000002], [-71.054718, 41.985057000000005], [-71.078553, 41.98930399999999], [-71.094011, 42.03844499999999], [-71.095341, 42.037575999999994], [-71.096117, 42.036591999999985], [-71.096857, 42.03616500000001], [-71.100812, 42.03512800000001], [-71.106661, 42.03421], [-71.108995, 42.03332800000002], [-71.11361800000002, 42.038315], [-71.113993, 42.040783000000005], [-71.11607, 42.04565300000001], [-71.116522, 42.047276999999994], [-71.119071, 42.047280999999984], [-71.121777, 42.046927], [-71.123091, 42.04588], [-71.123641, 42.045652], [-71.124254, 42.04549100000002], [-71.126557, 42.045384999999996], [-71.127987, 42.048950999999995], [-71.129357, 42.05063299999998], [-71.130245, 42.050646], [-71.137892, 42.051963], [-71.142268, 42.051463], [-71.147798, 42.05132600000001], [-71.156991, 42.04954899999999], [-71.156368, 42.04764000000001], [-71.15806, 42.04416599999999], [-71.164092, 42.038849000000006], [-71.16868100000002, 42.061161]]]}}, {"type": "Feature", "properties": {"district_name": "22nd Middlesex District", "chamber": "house", "vintage": "2022-present", "lean_dem_share": 0.5359, "competitiveness": "Lean", "competitiveness_label": "Lean D", "party_favored": "Democratic", "url": "/district/house-22nd-middlesex-district-2022-present/"}, "geometry": {"type": "Polygon", "coordinates": [[[-71.33309, 42.560115], [-71.294249, 42.605539000000014], [-71.295092, 42.606343999999986], [-71.295469, 42.606975000000006], [-71.295674, 42.60933399999998], [-71.295939, 42.61034999999999], [-71.297006, 42.612296], [-71.297028, 42.613010999999986], [-71.211127, 42.573312999999985], [-71.211389, 42.57304299999999], [-71.211705, 42.57318600000001], [-71.212004, 42.572595999999976], [-71.212668, 42.572717], [-71.21278900000001, 42.572508], [-71.212635, 42.57232], [-71.213681, 42.571178], [-71.214432, 42.57103000000001], [-71.214463, 42.57080799999999], [-71.214878, 42.570744999999974], [-71.215314, 42.57034500000001], [-71.214973, 42.567747], [-71.215063, 42.566944], [-71.21443, 42.56633599999999], [-71.214448, 42.566177999999994], [-71.214963, 42.566067999999994], [-71.214935, 42.56590600000001], [-71.214262, 42.56514], [-71.214425, 42.56495700000001], [-71.214835, 42.565055999999984], [-71.21528, 42.564949999999996], [-71.214635, 42.564603000000005], [-71.215248, 42.56441199999999], [-71.215376, 42.56425000000001], [-71.215314, 42.563938000000014], [-71.215811, 42.563773], [-71.215841, 42.56358099999999], [-71.215536, 42.56329800000001], [-71.215701, 42.562616000000006], [-71.216754, 42.562439], [-71.216437, 42.562079000000004], [-71.216906, 42.561901], [-71.217697, 42.562176], [-71.217755, 42.562005], [-71.21753, 42.561851], [-71.21781500000002, 42.561493000000006], [-71.218672, 42.56165099999999], [-71.218017, 42.56101799999999], [-71.208872, 42.554536], [-71.211391, 42.553071], [-71.210608, 42.552732], [-71.20983, 42.551444000000004], [-71.210599, 42.547665], [-71.212372, 42.547544], [-71.209808, 42.546016999999985], [-71.206407, 42.545832], [-71.206167, 42.54548100000001], [-71.205148, 42.54489199999999], [-71.204994, 42.544489000000006], [-71.217956, 42.52404700000001], [-71.22187, 42.52523400000001], [-71.231897, 42.506367000000004], [-71.232694, 42.507713], [-71.233544, 42.508692999999994], [-71.236924, 42.511490999999985], [-71.240056, 42.519716], [-71.241593, 42.52079799999999], [-71.242576, 42.51993999999999], [-71.250142, 42.52573], [-71.254572, 42.522593], [-71.256396, 42.523992], [-71.264098, 42.524081000000024], [-71.278107, 42.526712999999994], [-71.281051, 42.526348000000006], [-71.303739, 42.519926], [-71.306699, 42.52059299999999], [-71.306836, 42.52207500000001], [-71.306745, 42.52268899999999], [-71.30516, 42.52593599999999], [-71.304865, 42.527283], [-71.304949, 42.52854000000001], [-71.30461, 42.529284999999994], [-71.307538, 42.52999899999999], [-71.307185, 42.533221000000005], [-71.308749, 42.53395999999999], [-71.318313, 42.542782], [-71.314385, 42.54955400000001], [-71.319618, 42.554069999999996], [-71.324801, 42.55605900000001], [-71.33309, 42.560115]]]}}, {"type": "Feature", "properties": {"district_name": "23rd Middlesex District", "chamber": "house", "vintage": "2022-present", "lean_dem_share": 0.8232, "competitiveness": "Safe", "competitiveness_label": "Safe D", "party_favored": "Democratic", "url": "/district/house-23rd-middlesex-district-2022-present/"}, "geometry": {"type": "Polygon", "coordinates": [[[-71.202612, 42.41482599999999], [-71.185558, 42.432312999999986], [-71.182277, 42.43627900000001], [-71.130019, 42.435545], [-71.129041, 42.435599], [-71.127146, 42.43888699999999], [-71.125154, 42.43923299999999], [-71.125736, 42.438893], [-71.12613, 42.43836000000001], [-71.126346, 42.436437], [-71.126808, 42.43549199999999], [-71.125816, 42.428844], [-71.125991, 42.42835199999998], [-71.126508, 42.427794000000006], [-71.122905, 42.425352], [-71.121262, 42.42648500000001], [-71.120426, 42.42671600000001], [-71.120583, 42.427408], [-71.119555, 42.427564], [-71.119047, 42.42715199999999], [-71.118705, 42.42616300000001], [-71.117766, 42.426259], [-71.117415, 42.42491100000001], [-71.118308, 42.424771000000014], [-71.11812, 42.424034999999996], [-71.117411, 42.424078000000016], [-71.116747, 42.42282399999999], [-71.115458, 42.421878], [-71.114969, 42.421262000000006], [-71.114661, 42.42116199999999], [-71.114555, 42.42096800000001], [-71.115093, 42.420228], [-71.112596, 42.418935000000005], [-71.109703, 42.418222000000014], [-71.110482, 42.417159000000005], [-71.110588, 42.41553], [-71.112979, 42.415952999999995], [-71.112483, 42.41690700000001], [-71.11617, 42.417590000000004], [-71.117767, 42.417521], [-71.11826, 42.41685400000001], [-71.12046200000002, 42.41749300000002], [-71.121285, 42.417574], [-71.123937, 42.41705799999997], [-71.125289, 42.417565], [-71.126121, 42.417647], [-71.125809, 42.417999], [-71.127435, 42.418135], [-71.129986, 42.41756599999999], [-71.131414, 42.416975999999984], [-71.131629, 42.416622], [-71.131614, 42.41551100000001], [-71.131872, 42.415291], [-71.132435, 42.415215999999994], [-71.132859, 42.412456999999996], [-71.132818, 42.411683999999994], [-71.132247, 42.41017800000001], [-71.132317, 42.409170999999986], [-71.134286, 42.406403999999995], [-71.134595, 42.405445000000014], [-71.134635, 42.404258999999996], [-71.134514, 42.404167000000015], [-71.134742, 42.40291799999999], [-71.136253, 42.401071], [-71.136969, 42.40148799999999], [-71.14707200000001, 42.409534], [-71.149061, 42.412650000000006], [-71.151393, 42.414655999999994], [-71.154917, 42.41601400000001], [-71.163323, 42.41723999999999], [-71.166289, 42.41852900000001], [-71.166885, 42.418063999999994], [-71.166342, 42.417619], [-71.167219, 42.41706300000001], [-71.16857, 42.417941], [-71.16909, 42.41755], [-71.167115, 42.416159], [-71.168482, 42.415072], [-71.17666, 42.41919300000001], [-71.178325, 42.420174], [-71.178401, 42.419357000000005], [-71.178668, 42.418925], [-71.180801, 42.417869], [-71.1802, 42.41702900000001], [-71.18008, 42.41640399999999], [-71.180445, 42.415384999999986], [-71.182054, 42.413725], [-71.181634, 42.410881999999994], [-71.183899, 42.411424000000004], [-71.187233, 42.41257399999999], [-71.194291, 42.415321000000006], [-71.194492, 42.41499000000001], [-71.195355, 42.41526499999999], [-71.194257, 42.41339], [-71.202612, 42.41482599999999]]]}}, {"type": "Feature", "properties": {"district_name": "24th Middlesex District", "chamber": "house", "vintage": "2022-present", "lean_dem_share": 0.8102, "competitiveness": "Safe", "competitiveness_label": "Safe D", "party_favored": "Democratic", "url": "/district/house-24th-middlesex-district-2022-present/"}, "geometry": {"type": "Polygon", "coordinates": [[[-71.21122900000002, 42.406108], [-71.202642, 42.41482900000001], [-71.194257, 42.41339], [-71.195355, 42.41526499999999], [-71.194492, 42.41499000000001], [-71.194291, 42.415321000000006], [-71.187233, 42.41257399999999], [-71.183899, 42.411424000000004], [-71.181634, 42.410881999999994], [-71.182054, 42.413725], [-71.180445, 42.415384999999986], [-71.18008, 42.41640399999999], [-71.1802, 42.41702900000001], [-71.180801, 42.417869], [-71.178668, 42.418925], [-71.178401, 42.419357000000005], [-71.178325, 42.420174], [-71.17666, 42.41919300000001], [-71.168482, 42.415072], [-71.167115, 42.416159], [-71.16909, 42.41755], [-71.16857, 42.417941], [-71.167219, 42.41706300000001], [-71.166342, 42.417619], [-71.166885, 42.418063999999994], [-71.166289, 42.41852900000001], [-71.163121, 42.41718900000001], [-71.154917, 42.41601400000001], [-71.151788, 42.41487300000002], [-71.150787, 42.414200000000015], [-71.149061, 42.412650000000006], [-71.14707200000001, 42.409534], [-71.136969, 42.40148799999999], [-71.136253, 42.401071], [-71.134921, 42.402562], [-71.134579, 42.40346199999998], [-71.134514, 42.404167000000015], [-71.13130000000001, 42.401579999999996], [-71.12736100000001, 42.39709599999998], [-71.128824, 42.39620399999999], [-71.128654, 42.39605699999999], [-71.128744, 42.396010000000004], [-71.129463, 42.396626999999995], [-71.130854, 42.39578500000002], [-71.132153, 42.395762], [-71.13221300000001, 42.39727600000001], [-71.136932, 42.397572], [-71.13713, 42.39698300000001], [-71.13835, 42.3968], [-71.138359, 42.39564500000001], [-71.139396, 42.39596999999998], [-71.140745, 42.39588600000001], [-71.140607, 42.394679999999994], [-71.144297, 42.394676000000004], [-71.14428, 42.392638], [-71.146564, 42.39335100000002], [-71.14976, 42.39482], [-71.153851, 42.39573999999998], [-71.156362, 42.395852], [-71.158387, 42.39459300000001], [-71.157118, 42.39056000000001], [-71.157091, 42.389894999999996], [-71.157688, 42.38753100000001], [-71.15798400000001, 42.387042999999984], [-71.158381, 42.386776], [-71.160332, 42.386444], [-71.157971, 42.382805], [-71.157792, 42.38221100000001], [-71.15581400000002, 42.381598999999994], [-71.15520600000002, 42.38116699999999], [-71.155333, 42.380907999999984], [-71.155051, 42.38020000000001], [-71.156231, 42.38063600000001], [-71.154361, 42.37505699999999], [-71.155414, 42.375156999999994], [-71.160774, 42.376628000000004], [-71.164508, 42.37688899999999], [-71.16954900000002, 42.37768599999999], [-71.170803, 42.378319], [-71.171229, 42.37827899999999], [-71.174732, 42.37928000000001], [-71.179495, 42.38019500000001], [-71.185165, 42.38044100000001], [-71.186779, 42.380363], [-71.189159, 42.38071700000001], [-71.195531, 42.38739999999999], [-71.195406, 42.387721000000006], [-71.194876, 42.38817], [-71.196817, 42.389736], [-71.196724, 42.390655], [-71.196973, 42.39083799999999], [-71.197028, 42.39197299999999], [-71.197964, 42.39267799999999], [-71.197654, 42.39316699999999], [-71.19633, 42.394031000000005], [-71.196284, 42.394361], [-71.196484, 42.394919], [-71.196815, 42.395455999999996], [-71.19818800000002, 42.396066999999995], [-71.199429, 42.39732], [-71.199591, 42.39775699999999], [-71.199552, 42.39821400000001], [-71.20008, 42.398627000000005], [-71.200236, 42.39930400000001], [-71.200621, 42.399457999999996], [-71.201613, 42.400566000000005], [-71.201799, 42.401374000000004], [-71.20157400000001, 42.401695000000004], [-71.201849, 42.40207100000002], [-71.201702, 42.402425000000015], [-71.202543, 42.40322599999999], [-71.202628, 42.40370200000002], [-71.21122900000002, 42.406108]]]}}, {"type": "Feature", "properties": {"district_name": "4th Bristol District", "chamber": "house", "vintage": "2022-present", "lean_dem_share": 0.5033, "competitiveness": "Tossup", "competitiveness_label": "Tossup D", "party_favored": "Democratic", "url": "/district/house-4th-bristol-district-2022-present/"}, "geometry": {"type": "Polygon", "coordinates": [[[-71.347545, 41.82324600000001], [-71.345198, 41.82767599999998], [-71.335417, 41.83564500000001], [-71.34255, 41.84465599999999], [-71.33404, 41.862604000000005], [-71.34089, 41.88180400000001], [-71.338787, 41.898592999999984], [-71.300719, 41.90366099999999], [-71.222494, 41.91224400000001], [-71.208162, 41.90885199999999], [-71.259289, 41.974216], [-71.221469, 41.98857699999999], [-71.221345, 41.98823200000001], [-71.220945, 41.988073], [-71.219932, 41.98625100000001], [-71.218749, 41.985994000000005], [-71.218545, 41.985445], [-71.21794, 41.984682], [-71.217781, 41.984122000000006], [-71.217395, 41.983828], [-71.21717000000001, 41.98259400000002], [-71.216505, 41.98201199999999], [-71.216573, 41.981074000000014], [-71.216383, 41.98033500000002], [-71.216056, 41.979801], [-71.214318, 41.97921300000001], [-71.214133, 41.97901800000001], [-71.213971, 41.97807999999999], [-71.21283, 41.977346], [-71.211476, 41.976827], [-71.210023, 41.975437], [-71.209303, 41.975472999999994], [-71.207455, 41.976352000000006], [-71.20716, 41.97606600000001], [-71.20671, 41.973693000000004], [-71.204993, 41.973578], [-71.203823, 41.97375200000001], [-71.201893, 41.96813199999998], [-71.200153, 41.96670999999999], [-71.199863, 41.96628300000001], [-71.198515, 41.961595999999986], [-71.192299, 41.963489], [-71.190908, 41.96439600000001], [-71.187767, 41.96705300000001], [-71.187146, 41.96637899999999], [-71.186955, 41.96594399999999], [-71.187001, 41.962022999999995], [-71.185934, 41.957412000000005], [-71.185535, 41.956618000000006], [-71.183584, 41.953872], [-71.18255, 41.951586999999996], [-71.182049, 41.95097400000001], [-71.179514, 41.94927599999998], [-71.17587700000001, 41.94647399999998], [-71.16363, 41.942415000000004], [-71.16192, 41.941382], [-71.160792, 41.940112000000006], [-71.159214, 41.937235], [-71.158772, 41.93577], [-71.193893, 41.910765], [-71.186788, 41.879338], [-71.203463, 41.881843], [-71.193489, 41.81620700000001], [-71.188326, 41.78632100000001], [-71.187656, 41.784012000000004], [-71.186848, 41.779131], [-71.186746, 41.778863], [-71.186376, 41.77883700000001], [-71.183641, 41.779093999999986], [-71.180651, 41.77355200000002], [-71.18159, 41.773008], [-71.183706, 41.77118599999999], [-71.18649200000002, 41.768161000000006], [-71.188186, 41.76580100000001], [-71.190102, 41.764618999999996], [-71.189064, 41.764161], [-71.188614, 41.763627], [-71.189158, 41.763411999999995], [-71.190883, 41.76191100000001], [-71.191761, 41.76030099999997], [-71.192403, 41.759991], [-71.192731, 41.76000299999999], [-71.192975, 41.759633], [-71.192594, 41.75958700000001], [-71.193281, 41.758577999999986], [-71.193005, 41.757539000000016], [-71.192005, 41.75695000000002], [-71.192211, 41.75624799999999], [-71.191051, 41.75586100000001], [-71.190867, 41.75543600000001], [-71.191043, 41.754802000000005], [-71.190943, 41.75407899999999], [-71.192196, 41.753245], [-71.191928, 41.752926], [-71.191997, 41.752479000000015], [-71.191661, 41.752264], [-71.192005, 41.75215], [-71.192463, 41.75229], [-71.193242, 41.75167999999999], [-71.193943, 41.751535999999994], [-71.192849, 41.750228], [-71.192837, 41.74948599999999], [-71.195437, 41.749209000000015], [-71.196075, 41.75162499999998], [-71.20248, 41.75095100000001], [-71.203125, 41.75079000000001], [-71.203911, 41.750305999999995], [-71.204235, 41.75065899999999], [-71.204823, 41.75031899999998], [-71.204849, 41.75015599999998], [-71.205212, 41.750717], [-71.206113, 41.751270999999996], [-71.206533, 41.751353], [-71.206633, 41.751675999999996], [-71.207114, 41.751535999999994], [-71.207717, 41.751682], [-71.207695, 41.75352899999999], [-71.208107, 41.75340799999999], [-71.208336, 41.753745999999985], [-71.208291, 41.7544], [-71.208528, 41.75519200000001], [-71.208596, 41.75618600000001], [-71.208306, 41.756800000000005], [-71.208742, 41.75693600000001], [-71.208589, 41.758005999999995], [-71.208811, 41.75879], [-71.209162, 41.75909299999999], [-71.209041, 41.75955099999999], [-71.209285, 41.76019400000001], [-71.209751, 41.76061799999999], [-71.209682, 41.76088000000001], [-71.210263, 41.76172900000001], [-71.21036300000002, 41.76324900000001], [-71.210737, 41.76358399999998], [-71.210905, 41.76355900000001], [-71.210974, 41.76335000000001], [-71.211226, 41.763534], [-71.211325, 41.76337], [-71.21194, 41.76359299999998], [-71.225114, 41.76160399999999], [-71.224171, 41.756325000000004], [-71.224599, 41.752819], [-71.225089, 41.75103700000002], [-71.2245, 41.749506], [-71.223598, 41.745104000000005], [-71.223109, 41.738744000000004], [-71.222905, 41.732167], [-71.223027, 41.73172], [-71.22276, 41.730509999999995], [-71.222991, 41.73041799999999], [-71.223131, 41.73059499999999], [-71.224247, 41.73072100000001], [-71.224556, 41.730624], [-71.224656, 41.73079900000001], [-71.224372, 41.73095399999999], [-71.22435600000001, 41.731359], [-71.224897, 41.73108800000001], [-71.225193, 41.731157], [-71.225464, 41.73072700000001], [-71.225813, 41.730782000000005], [-71.225939, 41.730404], [-71.226603, 41.72986900000001], [-71.226129, 41.728837000000006], [-71.226518, 41.727880000000006], [-71.226479, 41.72760099999999], [-71.224555, 41.726819000000006], [-71.226708, 41.727133], [-71.227295, 41.72684200000002], [-71.226119, 41.726437], [-71.225479, 41.726665999999994], [-71.22528, 41.72656199999998], [-71.225852, 41.72613199999999], [-71.225836, 41.72430800000001], [-71.226156, 41.72365399999999], [-71.225804, 41.72308], [-71.225743, 41.72212199999999], [-71.225475, 41.721423999999985], [-71.225605, 41.721093], [-71.225384, 41.720877], [-71.225329, 41.72008099999999], [-71.225444, 41.71988000000001], [-71.225374, 41.71901700000001], [-71.225183, 41.718724], [-71.225229, 41.718308], [-71.224863, 41.718072], [-71.224855, 41.717756999999985], [-71.225411, 41.717256000000006], [-71.225121, 41.71679700000003], [-71.225235, 41.71658799999999], [-71.225182, 41.71569300000001], [-71.225593, 41.715284], [-71.225967, 41.71436300000002], [-71.225768, 41.71382599999999], [-71.226271, 41.713029], [-71.22621700000002, 41.712647000000004], [-71.22598, 41.71250299999999], [-71.226082, 41.712344999999985], [-71.261067, 41.752082], [-71.328472, 41.780694000000004], [-71.328787, 41.781352], [-71.329096, 41.782719000000014], [-71.329315, 41.782593], [-71.329418, 41.781884000000005], [-71.329582, 41.781836000000006], [-71.329803, 41.782038], [-71.329896, 41.78262600000001], [-71.329663, 41.783077000000006], [-71.329854, 41.783406], [-71.329869, 41.784315], [-71.330232, 41.78471799999999], [-71.330391, 41.785381000000015], [-71.329627, 41.78701800000002], [-71.329652, 41.78773799999999], [-71.329457, 41.788327], [-71.330415, 41.78865399999999], [-71.330235, 41.78888299999999], [-71.330514, 41.789115], [-71.331059, 41.789100000000005], [-71.331035, 41.789565], [-71.331534, 41.789319], [-71.331603, 41.78962400000001], [-71.332743, 41.79016000000001], [-71.332811, 41.790580999999996], [-71.33248, 41.790655000000015], [-71.332497, 41.79084400000001], [-71.332196, 41.790977000000005], [-71.333155, 41.792572], [-71.333112, 41.793044], [-71.333572, 41.793192], [-71.333442, 41.793366000000006], [-71.333917, 41.793568999999984], [-71.333678, 41.79378299999999], [-71.334154, 41.793938], [-71.334229, 41.794244], [-71.334112, 41.79438799999999], [-71.334421, 41.794449], [-71.334645, 41.794835], [-71.335304, 41.795028], [-71.33561, 41.795457999999996], [-71.336191, 41.795505], [-71.336463, 41.795731], [-71.336875, 41.795744], [-71.337223, 41.79548399999998], [-71.337887, 41.795572000000014], [-71.337913, 41.795725000000004], [-71.338838, 41.79593500000001], [-71.339157, 41.796338000000006], [-71.340097, 41.796633], [-71.340224, 41.796745], [-71.340103, 41.79709499999999], [-71.340481, 41.797033], [-71.34036, 41.797558], [-71.339842, 41.79774799999999], [-71.340043, 41.79821599999998], [-71.340777, 41.79840100000002], [-71.341201, 41.799774], [-71.340801, 41.80002300000001], [-71.340635, 41.80052599999999], [-71.340596, 41.80089900000001], [-71.340808, 41.801051000000015], [-71.340643, 41.801258000000004], [-71.340745, 41.801674], [-71.340339, 41.80238400000001], [-71.340597, 41.802606], [-71.340511, 41.80322599999999], [-71.340185, 41.80379899999999], [-71.33990700000001, 41.80390400000002], [-71.339231, 41.80516], [-71.339088, 41.805782999999984], [-71.339675, 41.80634], [-71.33942, 41.806732999999994], [-71.33942800000001, 41.807328000000005], [-71.33922, 41.80766900000002], [-71.339195, 41.80799], [-71.339379, 41.808077999999995], [-71.339332, 41.80852700000002], [-71.347545, 41.82324600000001]]]}}, {"type": "Feature", "properties": {"district_name": "12th Suffolk District", "chamber": "house", "vintage": "2022-present", "lean_dem_share": 0.8088, "competitiveness": "Safe", "competitiveness_label": "Safe D", "party_favored": "Democratic", "url": "/district/house-12th-suffolk-district-2022-present/"}, "geometry": {"type": "Polygon", "coordinates": [[[-71.112193, 42.271962999999985], [-71.110374, 42.275065], [-71.109191, 42.274363], [-71.10858, 42.275395], [-71.107345, 42.27889900000001], [-71.105959, 42.28020699999999], [-71.104108, 42.281165], [-71.10051, 42.281840000000024], [-71.099632, 42.28233600000001], [-71.09806500000002, 42.281423], [-71.095396, 42.278622], [-71.093576, 42.27724799999999], [-71.09349, 42.27842100000001], [-71.092968, 42.28002100000001], [-71.092706, 42.28010700000001], [-71.089939, 42.278583], [-71.088454, 42.280095999999986], [-71.086926, 42.27934399999998], [-71.086091, 42.280215999999996], [-71.08381800000001, 42.283238000000004], [-71.081147, 42.284254999999995], [-71.080585, 42.283000999999985], [-71.080175, 42.28246], [-71.076257, 42.28316000000001], [-71.077085, 42.284425000000006], [-71.078198, 42.287713], [-71.077468, 42.28809700000001], [-71.073059, 42.28927100000001], [-71.071996, 42.290217000000005], [-71.071602, 42.290218], [-71.071119, 42.288734999999996], [-71.071168, 42.28796500000001], [-71.06701, 42.28906899999999], [-71.066081, 42.28848200000001], [-71.065104, 42.28745199999999], [-71.064303, 42.285699], [-71.06592, 42.279928], [-71.057275, 42.28244900000001], [-71.055731, 42.282622], [-71.053865, 42.27819999999999], [-71.053284, 42.277502000000005], [-71.054401, 42.27701900000001], [-71.055245, 42.27634299999998], [-71.055585, 42.275709], [-71.055575, 42.27505200000002], [-71.055349, 42.27462100000001], [-71.054102, 42.27344299999999], [-71.053494, 42.272458], [-71.053691, 42.271816], [-71.06097900000002, 42.26745399999999], [-71.062189, 42.26715899999999], [-71.063513, 42.26756000000001], [-71.064937, 42.26897099999999], [-71.065012, 42.26946499999998], [-71.064781, 42.270167000000015], [-71.065097, 42.270658999999995], [-71.065769, 42.271201], [-71.067522, 42.271505], [-71.067704, 42.271490000000014], [-71.068375, 42.270827], [-71.069011, 42.27066199999998], [-71.070415, 42.27061300000001], [-71.071346, 42.27083700000001], [-71.072044, 42.270817], [-71.073264, 42.27031699999998], [-71.0731, 42.269641], [-71.073296, 42.26923899999999], [-71.076195, 42.267160999999994], [-71.07874, 42.263870000000004], [-71.08057, 42.26068], [-71.0812, 42.25836999999999], [-71.08297, 42.25873000000001], [-71.08434, 42.25925000000001], [-71.08698, 42.257960000000004], [-71.08747, 42.25838], [-71.08819, 42.25802999999999], [-71.09351, 42.25692000000001], [-71.09349, 42.24537], [-71.09755, 42.24302000000002], [-71.098561, 42.244492], [-71.099004, 42.24413899999999], [-71.099323, 42.243381], [-71.099828, 42.24288999999998], [-71.105333, 42.24198200000001], [-71.10679, 42.241986000000004], [-71.10358, 42.247360000000036], [-71.095731, 42.262463], [-71.094546, 42.264923000000024], [-71.093908, 42.267140000000005], [-71.094633, 42.266771000000006], [-71.095256, 42.265786], [-71.096432, 42.264736999999975], [-71.097483, 42.263089], [-71.098864, 42.26259], [-71.100731, 42.26106999999999], [-71.102691, 42.259884], [-71.103285, 42.25972999999999], [-71.103929, 42.25978100000001], [-71.104756, 42.26066400000001], [-71.10526, 42.260856000000004], [-71.107605, 42.260674], [-71.108405, 42.261116000000015], [-71.10690300000002, 42.261928000000005], [-71.107743, 42.262975000000004], [-71.10842, 42.262590999999986], [-71.111622, 42.267359000000006], [-71.111486, 42.267964], [-71.110159, 42.27070099999998], [-71.112193, 42.271962999999985]]]}}, {"type": "Feature", "properties": {"district_name": "5th Bristol District", "chamber": "house", "vintage": "2022-present", "lean_dem_share": 0.5151, "competitiveness": "Tossup", "competitiveness_label": "Tossup D", "party_favored": "Democratic", "url": "/district/house-5th-bristol-district-2022-present/"}, "geometry": {"type": "Polygon", "coordinates": [[[-71.227249, 41.72688800000001], [-71.226708, 41.727133], [-71.224555, 41.726819000000006], [-71.226479, 41.72760099999999], [-71.226518, 41.727880000000006], [-71.226129, 41.728837000000006], [-71.226603, 41.72986900000001], [-71.225939, 41.730404], [-71.225813, 41.730782000000005], [-71.225464, 41.73072700000001], [-71.225193, 41.731157], [-71.224897, 41.73108800000001], [-71.22435600000001, 41.731359], [-71.224372, 41.73095399999999], [-71.224656, 41.73079900000001], [-71.224556, 41.730624], [-71.224247, 41.73072100000001], [-71.223131, 41.73059499999999], [-71.222991, 41.73041799999999], [-71.22276, 41.730509999999995], [-71.223027, 41.73172], [-71.222905, 41.732167], [-71.223109, 41.738744000000004], [-71.223598, 41.745104000000005], [-71.2245, 41.749506], [-71.225089, 41.75103700000002], [-71.224599, 41.752819], [-71.224171, 41.756325000000004], [-71.225114, 41.76160399999999], [-71.21194, 41.76359299999998], [-71.211325, 41.76337], [-71.211226, 41.763534], [-71.210974, 41.76335000000001], [-71.210905, 41.76355900000001], [-71.210737, 41.76358399999998], [-71.21036300000002, 41.76324900000001], [-71.210263, 41.76172900000001], [-71.209682, 41.76088000000001], [-71.209751, 41.76061799999999], [-71.209285, 41.76019400000001], [-71.209041, 41.75955099999999], [-71.209162, 41.75909299999999], [-71.208811, 41.75879], [-71.208589, 41.758005999999995], [-71.208742, 41.75693600000001], [-71.208306, 41.756800000000005], [-71.208596, 41.75618600000001], [-71.208528, 41.75519200000001], [-71.208291, 41.7544], [-71.208336, 41.753745999999985], [-71.208107, 41.75340799999999], [-71.207695, 41.75352899999999], [-71.207717, 41.751682], [-71.207114, 41.751535999999994], [-71.206633, 41.751675999999996], [-71.206533, 41.751353], [-71.206113, 41.751270999999996], [-71.205212, 41.750717], [-71.204849, 41.75015599999998], [-71.204823, 41.75031899999998], [-71.204235, 41.75065899999999], [-71.203911, 41.750305999999995], [-71.203125, 41.75079000000001], [-71.20248, 41.75095100000001], [-71.196075, 41.75162499999998], [-71.195437, 41.749209000000015], [-71.192837, 41.74948599999999], [-71.192849, 41.750228], [-71.193943, 41.751535999999994], [-71.193242, 41.75167999999999], [-71.192463, 41.75229], [-71.192005, 41.75215], [-71.191661, 41.752264], [-71.191997, 41.752479000000015], [-71.191928, 41.752926], [-71.192196, 41.753245], [-71.190943, 41.75407899999999], [-71.191043, 41.754802000000005], [-71.190867, 41.75543600000001], [-71.191051, 41.75586100000001], [-71.192211, 41.75624799999999], [-71.192005, 41.75695000000002], [-71.193005, 41.757539000000016], [-71.193281, 41.758577999999986], [-71.192594, 41.75958700000001], [-71.192975, 41.759633], [-71.192731, 41.76000299999999], [-71.192403, 41.759991], [-71.191761, 41.76030099999997], [-71.190883, 41.76191100000001], [-71.189158, 41.763411999999995], [-71.188614, 41.763627], [-71.189064, 41.764161], [-71.190102, 41.764618999999996], [-71.188186, 41.76580100000001], [-71.18649200000002, 41.768161000000006], [-71.183706, 41.77118599999999], [-71.18159, 41.773008], [-71.180651, 41.77355200000002], [-71.183641, 41.779093999999986], [-71.186376, 41.77883700000001], [-71.186746, 41.778863], [-71.186848, 41.779131], [-71.187656, 41.784012000000004], [-71.188326, 41.78632100000001], [-71.193489, 41.81620700000001], [-71.203463, 41.881843], [-71.187585, 41.879467], [-71.130638, 41.87028000000001], [-71.13073700000001, 41.86900599999999], [-71.130419, 41.868356], [-71.129026, 41.867869], [-71.125882, 41.867803], [-71.125258, 41.86697700000001], [-71.124671, 41.866510000000005], [-71.123791, 41.86685], [-71.122783, 41.866423], [-71.121896, 41.86528199999999], [-71.121483, 41.864999], [-71.121278, 41.86458100000002], [-71.121381, 41.864386999999994], [-71.119007, 41.863908], [-71.11357, 41.861568000000005], [-71.113775, 41.864815999999976], [-71.111592, 41.86996], [-71.110137, 41.872123000000016], [-71.107002, 41.87326000000001], [-71.109167, 41.874658999999994], [-71.112748, 41.87570899999998], [-71.114844, 41.876028], [-71.115593, 41.87827000000001], [-71.116594, 41.880351000000005], [-71.11733, 41.882883], [-71.116662, 41.884523], [-71.116403, 41.88481800000001], [-71.11442, 41.88570399999999], [-71.113561, 41.88720499999999], [-71.112665, 41.88802300000001], [-71.110627, 41.886688], [-71.109143, 41.886446], [-71.108211, 41.88593699999998], [-71.105671, 41.885676], [-71.105311, 41.885291], [-71.104488, 41.883373999999996], [-71.104064, 41.882850000000005], [-71.10179500000001, 41.881568999999985], [-71.099186, 41.88066299999999], [-71.09702500000002, 41.88117799999999], [-71.095896, 41.88219099999999], [-71.094984, 41.885935], [-71.094162, 41.88735599999999], [-71.092649, 41.88837299999999], [-71.090198, 41.887572], [-71.089134, 41.888749], [-71.088661, 41.889533], [-71.088348, 41.890586000000006], [-71.088795, 41.891888], [-71.089814, 41.893228000000015], [-71.090862, 41.894187999999986], [-71.091351, 41.896263999999995], [-71.090769, 41.897083999999985], [-71.090818, 41.897783], [-71.08806000000001, 41.89644200000001], [-71.085735, 41.895036999999995], [-71.084396, 41.89776100000001], [-71.082357, 41.89672299999999], [-71.080069, 41.89681999999998], [-71.079378, 41.896714], [-71.075981, 41.89551399999999], [-71.072672, 41.89355799999999], [-71.066808, 41.884674], [-71.06453, 41.879737], [-71.055612, 41.872092], [-71.05829500000002, 41.862675], [-71.072191, 41.86967799999999], [-71.07644600000002, 41.87297], [-71.09419, 41.87256599999999], [-71.093235, 41.872695000000014], [-71.092963, 41.872901], [-71.093594, 41.87300700000001], [-71.09457, 41.87277799999998], [-71.099743, 41.87242700000001], [-71.101971, 41.871855000000004], [-71.102871, 41.871519], [-71.103115, 41.871275], [-71.103405, 41.870786], [-71.10342, 41.86961200000001], [-71.104397, 41.86790299999999], [-71.104397, 41.866804], [-71.10487, 41.864178999999986], [-71.104916, 41.86362199999999], [-71.104275, 41.86060899999999], [-71.104427, 41.860441], [-71.106838, 41.859776999999994], [-71.10729000000002, 41.859052000000005], [-71.107388, 41.857609999999994], [-71.108281, 41.855966], [-71.108685, 41.85407000000001], [-71.10807400000002, 41.853672], [-71.107819, 41.85323899999999], [-71.107918, 41.852693], [-71.111264, 41.851043999999995], [-71.1117, 41.85053700000001], [-71.112389, 41.849207000000014], [-71.112554, 41.848569], [-71.112845, 41.84868000000001], [-71.112845, 41.84729400000002], [-71.110891, 41.84452699999999], [-71.110528, 41.843563000000024], [-71.110913, 41.841670000000015], [-71.110685, 41.840643], [-71.109708, 41.839667], [-71.10838100000001, 41.83693200000002], [-71.108259, 41.83568599999999], [-71.108839, 41.832719000000004], [-71.109516, 41.83169600000001], [-71.114577, 41.82975], [-71.114926, 41.828859], [-71.114743, 41.82808899999999], [-71.115294, 41.827303], [-71.116468, 41.826718], [-71.117292, 41.825956000000005], [-71.117765, 41.824668], [-71.116101, 41.822390000000006], [-71.115385, 41.818442999999995], [-71.114972, 41.817445], [-71.114499, 41.816553], [-71.112699, 41.814915], [-71.11236300000002, 41.813575], [-71.114911, 41.810762999999994], [-71.116498, 41.809826], [-71.118329, 41.808219000000015], [-71.118863, 41.80719100000001], [-71.119214, 41.805004000000004], [-71.119092, 41.803723000000005], [-71.117917, 41.80107999999999], [-71.117551, 41.79975300000001], [-71.117916, 41.79849599999999], [-71.118618, 41.797612999999984], [-71.119442, 41.79542600000001], [-71.11961, 41.790968000000014], [-71.114489, 41.778800999999966], [-71.117189, 41.773801], [-71.123989, 41.766701], [-71.131289, 41.757502], [-71.131889, 41.749402], [-71.140489, 41.738602000000014], [-71.151972, 41.72712], [-71.15828900000001, 41.721202], [-71.16851700000001, 41.708226999999994], [-71.17419000000001, 41.70220199999999], [-71.18979, 41.691502], [-71.19619, 41.68630200000001], [-71.201162, 41.681909], [-71.222471, 41.707679], [-71.226082, 41.712344999999985], [-71.22598, 41.71250299999999], [-71.22621700000002, 41.712647000000004], [-71.226271, 41.713029], [-71.225768, 41.71382599999999], [-71.225967, 41.71436300000002], [-71.225593, 41.715284], [-71.225182, 41.71569300000001], [-71.225235, 41.71658799999999], [-71.225121, 41.71679700000003], [-71.225411, 41.717256000000006], [-71.224855, 41.717756999999985], [-71.224863, 41.718072], [-71.225229, 41.718308], [-71.225183, 41.718724], [-71.225374, 41.71901700000001], [-71.225444, 41.71988000000001], [-71.225329, 41.72008099999999], [-71.225384, 41.720877], [-71.225605, 41.721093], [-71.225475, 41.721423999999985], [-71.225743, 41.72212199999999], [-71.225804, 41.72308], [-71.226156, 41.72365399999999], [-71.225836, 41.72430800000001], [-71.225852, 41.72613199999999], [-71.22528, 41.72656199999998], [-71.225479, 41.726665999999994], [-71.226119, 41.726437], [-71.22686, 41.72660799999999], [-71.227249, 41.72688800000001]]]}}, {"type": "Feature", "properties": {"district_name": "13th Suffolk District", "chamber": "house", "vintage": "2022-present", "lean_dem_share": 0.8238, "competitiveness": "Safe", "competitiveness_label": "Safe D", "party_favored": "Democratic", "url": "/district/house-13th-suffolk-district-2022-present/"}, "geometry": {"type": "Polygon", "coordinates": [[[-71.069648, 42.28995199999999], [-71.067218, 42.290757], [-71.067578, 42.291425999999994], [-71.06459, 42.29234699999999], [-71.065203, 42.294210000000014], [-71.063069, 42.29470299999998], [-71.063142, 42.29561499999999], [-71.062471, 42.295809000000006], [-71.062623, 42.29657500000001], [-71.064512, 42.29607100000001], [-71.065103, 42.297360999999995], [-71.066413, 42.297022], [-71.065538, 42.29831300000002], [-71.06432000000001, 42.299204999999986], [-71.067367, 42.301007000000006], [-71.062293, 42.302308], [-71.061916, 42.301665], [-71.060149, 42.30215], [-71.059796, 42.301537999999994], [-71.057896, 42.30995899999997], [-71.059574, 42.31055100000001], [-71.05981, 42.31019], [-71.060224, 42.31007200000002], [-71.061724, 42.310556000000005], [-71.064413, 42.31256900000001], [-71.064151, 42.31295800000001], [-71.064431, 42.313741], [-71.064213, 42.314105], [-71.064602, 42.314769000000005], [-71.063382, 42.31452400000001], [-71.061674, 42.31838], [-71.059881, 42.31797200000001], [-71.059596, 42.31886899999999], [-71.058834, 42.3186], [-71.058717, 42.31873799999999], [-71.059217, 42.31932499999999], [-71.058344, 42.319393999999996], [-71.056764, 42.31985199999999], [-71.056769, 42.32072200000001], [-71.054977, 42.32131999999999], [-71.051071, 42.321447000000006], [-71.050244, 42.32201700000002], [-71.050283, 42.321864000000026], [-71.047841, 42.32259200000001], [-71.046227, 42.323285], [-71.045109, 42.32399199999999], [-71.044999, 42.324596], [-71.037194, 42.324797999999994], [-71.028195, 42.324599], [-71.028395, 42.30879899999999], [-71.041694, 42.305298], [-71.041294, 42.300097999999984], [-71.03529400000001, 42.288798], [-71.03789400000001, 42.284898], [-71.039293, 42.28379899999999], [-71.04049400000001, 42.281898000000005], [-71.041594, 42.27809799999999], [-71.042433, 42.277328999999995], [-71.043042, 42.276893], [-71.044421, 42.276313], [-71.04488, 42.276266], [-71.047116, 42.277083], [-71.048583, 42.27791399999999], [-71.04923800000002, 42.278064], [-71.051271, 42.27792599999999], [-71.053284, 42.277502000000005], [-71.053865, 42.27819999999999], [-71.055731, 42.282622], [-71.057275, 42.28244900000001], [-71.06592, 42.279928], [-71.064303, 42.285699], [-71.065104, 42.28745199999999], [-71.066081, 42.28848200000001], [-71.067715, 42.289381999999996], [-71.069648, 42.28995199999999]]]}}, {"type": "Feature", "properties": {"district_name": "6th Bristol District", "chamber": "house", "vintage": "2022-present", "lean_dem_share": 0.5638, "competitiveness": "Likely", "competitiveness_label": "Likely D", "party_favored": "Democratic", "url": "/district/house-6th-bristol-district-2022-present/"}, "geometry": {"type": "Polygon", "coordinates": [[[-71.168431, 41.708337], [-71.15828900000001, 41.721202], [-71.151972, 41.72712], [-71.140489, 41.738602000000014], [-71.131889, 41.749402], [-71.131289, 41.757502], [-71.123989, 41.766701], [-71.117189, 41.773801], [-71.114489, 41.778800999999966], [-71.111583, 41.781560999999996], [-71.10898900000001, 41.784506], [-71.104686, 41.78798499999999], [-71.103084, 41.789587], [-71.102611, 41.790700999999984], [-71.102031, 41.79289800000001], [-71.101604, 41.79356199999999], [-71.095943, 41.79704100000001], [-71.095443, 41.79916999999998], [-71.094111, 41.79981800000002], [-71.092814, 41.800748999999996], [-71.091044, 41.801504000000016], [-71.089091, 41.801786], [-71.087722, 41.802492000000036], [-71.086465, 41.80479000000001], [-71.086697, 41.80575199999999], [-71.08767300000001, 41.807959], [-71.088713, 41.80911600000001], [-71.090047, 41.809377000000005], [-71.090699, 41.80905700000001], [-71.090664, 41.808848], [-71.091251, 41.80830999999999], [-71.091531, 41.808374], [-71.091723, 41.80822400000001], [-71.091933, 41.80839699999999], [-71.092829, 41.808467000000014], [-71.093161, 41.809025999999996], [-71.09269900000001, 41.80942100000001], [-71.093056, 41.809554999999996], [-71.092932, 41.809901999999994], [-71.093317, 41.81003400000001], [-71.0934, 41.81026500000001], [-71.093078, 41.810383], [-71.093385, 41.81075300000001], [-71.093349, 41.810927000000014], [-71.092902, 41.81075300000001], [-71.092617, 41.810857], [-71.092973, 41.81092000000001], [-71.092844, 41.811074], [-71.093231, 41.81119], [-71.093348, 41.811413], [-71.093014, 41.81142599999998], [-71.093115, 41.81159099999999], [-71.092887, 41.811676999999996], [-71.093197, 41.81173499999999], [-71.093149, 41.81285], [-71.088462, 41.817786999999996], [-71.03657, 41.816525], [-71.023157, 41.80617600000001], [-71.023611, 41.80626800000001], [-71.02371, 41.806139999999985], [-71.023657, 41.805950999999986], [-71.023137, 41.80576199999999], [-71.023451, 41.805158000000006], [-71.023451, 41.804933], [-71.023184, 41.80464899999999], [-71.023306, 41.80442200000001], [-71.02349, 41.804342], [-71.02404, 41.80463400000001], [-71.024621, 41.80386700000001], [-71.025018, 41.804036], [-71.02592, 41.803493000000024], [-71.025591, 41.802779], [-71.02597500000002, 41.801696000000014], [-71.025722, 41.80117299999999], [-71.025906, 41.80079200000002], [-71.025853, 41.80040100000001], [-71.026174, 41.800048000000004], [-71.026144, 41.799635], [-71.025938, 41.799359], [-71.02619800000001, 41.799111], [-71.028077, 41.79888900000002], [-71.028337, 41.798646000000005], [-71.028559, 41.79778199999998], [-71.02917, 41.79761800000001], [-71.029296, 41.79739], [-71.031121, 41.797283], [-71.033943, 41.79761000000001], [-71.037979, 41.797673], [-71.04545, 41.798923000000016], [-71.047705, 41.799533], [-71.052745, 41.800439000000004], [-71.052285, 41.800914000000006], [-71.052213, 41.801725999999995], [-71.058029, 41.79905600000001], [-71.059772, 41.798893], [-71.062527, 41.798110999999984], [-71.063799, 41.79758499999999], [-71.064597, 41.797021], [-71.06534, 41.796049], [-71.065806, 41.79568700000001], [-71.06432000000001, 41.79555400000001], [-71.062487, 41.795154000000004], [-71.058724, 41.794111000000015], [-71.060607, 41.79197299999999], [-71.062729, 41.79000799999999], [-71.07269, 41.781353999999986], [-71.074917, 41.77998600000001], [-71.077037, 41.778961], [-71.10558, 41.76781799999999], [-71.113368, 41.76496599999999], [-71.07203000000001, 41.75750099999999], [-71.072854, 41.754334], [-71.073829, 41.752019000000004], [-71.074921, 41.74838600000001], [-71.075073, 41.74479800000001], [-71.075682, 41.74228599999999], [-71.075955, 41.741616999999984], [-71.077297, 41.740066000000006], [-71.078483, 41.73963899999999], [-71.084791, 41.73919900000001], [-71.085909, 41.73896400000001], [-71.090162, 41.735586999999995], [-71.090208, 41.73521500000001], [-71.092581, 41.735822999999996], [-71.095646, 41.73621099999998], [-71.097997, 41.736763], [-71.099782, 41.73671000000001], [-71.10161700000002, 41.73606899999999], [-71.101522, 41.735090000000014], [-71.101697, 41.733833], [-71.101998, 41.73391000000001], [-71.102766, 41.732866], [-71.103044, 41.731747], [-71.103593, 41.73082400000001], [-71.103504, 41.72977000000001], [-71.103174, 41.729182999999985], [-71.103606, 41.728502999999996], [-71.104558, 41.72768400000001], [-71.104191, 41.727261999999996], [-71.103941, 41.72648800000001], [-71.104571, 41.725719], [-71.104578, 41.725516000000006], [-71.104226, 41.724781], [-71.103647, 41.72425400000001], [-71.104708, 41.723194], [-71.105602, 41.72310600000001], [-71.106049, 41.72269999999999], [-71.105997, 41.722475], [-71.105448, 41.722689], [-71.105301, 41.722558], [-71.105741, 41.722102], [-71.105798, 41.721114], [-71.107036, 41.720367], [-71.106632, 41.719516000000006], [-71.107108, 41.71908199999999], [-71.107415, 41.71845099999999], [-71.107452, 41.717979], [-71.108696, 41.71701300000001], [-71.10881300000001, 41.716239], [-71.108395, 41.715844000000004], [-71.108263, 41.71537200000001], [-71.108554, 41.713044000000004], [-71.108861, 41.71256700000001], [-71.109565, 41.712231], [-71.109897, 41.709754000000004], [-71.110905, 41.707], [-71.118336, 41.70822299999999], [-71.118831, 41.707779], [-71.119003, 41.70723699999998], [-71.119266, 41.707956999999986], [-71.123233, 41.694555000000015], [-71.123262, 41.693179], [-71.123052, 41.692032999999995], [-71.121693, 41.688217], [-71.13038, 41.68993], [-71.130353, 41.68956], [-71.130511, 41.68957999999999], [-71.130558, 41.69027900000001], [-71.134137, 41.690996], [-71.134278, 41.690664999999996], [-71.135973, 41.692130999999996], [-71.136946, 41.68976199999999], [-71.138266, 41.69003700000001], [-71.138546, 41.689348], [-71.140084, 41.68821799999999], [-71.145598, 41.69342300000001], [-71.15062400000001, 41.697191000000004], [-71.15328, 41.699868999999985], [-71.15302, 41.69999699999998], [-71.152097, 41.699828], [-71.151715, 41.701283000000004], [-71.15113800000002, 41.70118], [-71.150712, 41.70274100000001], [-71.153853, 41.70329], [-71.153522, 41.704421999999994], [-71.154974, 41.704674999999995], [-71.15847, 41.704910000000005], [-71.159433, 41.703862], [-71.161377, 41.70435500000001], [-71.168431, 41.708337]]]}}, {"type": "Feature", "properties": {"district_name": "14th Suffolk District", "chamber": "house", "vintage": "2022-present", "lean_dem_share": 0.8238, "competitiveness": "Safe", "competitiveness_label": "Safe D", "party_favored": "Democratic", "url": "/district/house-14th-suffolk-district-2022-present/"}, "geometry": {"type": "Polygon", "coordinates": [[[-71.160424, 42.26682300000002], [-71.160005, 42.26702300000001], [-71.158643, 42.26956600000001], [-71.154676, 42.269296999999995], [-71.154063, 42.269009], [-71.151124, 42.26666600000001], [-71.146811, 42.27039], [-71.140308, 42.275428999999995], [-71.135535, 42.279548999999996], [-71.127373, 42.28710000000001], [-71.125965, 42.28848200000001], [-71.127139, 42.28916099999999], [-71.126229, 42.29002899999999], [-71.124217, 42.29258099999999], [-71.122498, 42.294287], [-71.121294, 42.295199000000004], [-71.119786, 42.294287], [-71.119916, 42.294166999999995], [-71.118415, 42.29340899999999], [-71.119079, 42.29171499999999], [-71.119385, 42.28942899999999], [-71.119712, 42.28028799999999], [-71.121776, 42.27067600000001], [-71.12144, 42.270385999999995], [-71.121185, 42.270683999999996], [-71.120607, 42.27028399999999], [-71.118391, 42.266842999999994], [-71.11788, 42.26402399999999], [-71.115, 42.26472700000001], [-71.110828, 42.266065000000005], [-71.10842, 42.262590999999986], [-71.107743, 42.262975000000004], [-71.10690300000002, 42.261928000000005], [-71.108405, 42.261116000000015], [-71.10868200000002, 42.26126300000001], [-71.10961, 42.26126699999998], [-71.11146000000001, 42.26076900000001], [-71.113326, 42.25899], [-71.109544, 42.255411999999986], [-71.109347, 42.24798999999999], [-71.126377, 42.23916200000001], [-71.125681, 42.237900999999994], [-71.124763, 42.237429], [-71.124084, 42.23638800000001], [-71.122638, 42.23537999999999], [-71.12246400000001, 42.234931], [-71.122604, 42.23443700000001], [-71.122938, 42.23424900000003], [-71.124053, 42.23432200000001], [-71.124462, 42.234161000000014], [-71.124719, 42.233745000000006], [-71.124524, 42.232904000000005], [-71.12523000000002, 42.23205700000002], [-71.125952, 42.231817], [-71.126609, 42.23126400000001], [-71.12753, 42.231115], [-71.128252, 42.230184], [-71.128803, 42.229803000000004], [-71.129202, 42.22896699999999], [-71.130101, 42.228667999999985], [-71.130749, 42.227911], [-71.142681, 42.235998000000016], [-71.146642, 42.25575500000001], [-71.152312, 42.258336], [-71.155958, 42.256484999999984], [-71.157609, 42.263433000000006], [-71.158567, 42.26545800000001], [-71.160424, 42.26682300000002]]]}}, {"type": "Feature", "properties": {"district_name": "7th Bristol District", "chamber": "house", "vintage": "2022-present", "lean_dem_share": 0.5828, "competitiveness": "Likely", "competitiveness_label": "Likely D", "party_favored": "Democratic", "url": "/district/house-7th-bristol-district-2022-present/"}, "geometry": {"type": "Polygon", "coordinates": [[[-71.201162, 41.681909], [-71.19619, 41.68630200000001], [-71.18979, 41.691502], [-71.17419000000001, 41.70220199999999], [-71.168431, 41.708337], [-71.161377, 41.70435500000001], [-71.159433, 41.703862], [-71.15847, 41.704910000000005], [-71.154974, 41.704674999999995], [-71.153522, 41.704421999999994], [-71.153853, 41.70329], [-71.150712, 41.70274100000001], [-71.15113800000002, 41.70118], [-71.151715, 41.701283000000004], [-71.152097, 41.699828], [-71.15302, 41.69999699999998], [-71.15328, 41.699868999999985], [-71.15062400000001, 41.697191000000004], [-71.145598, 41.69342300000001], [-71.140084, 41.68821799999999], [-71.143182, 41.685998999999995], [-71.14615900000001, 41.686535000000006], [-71.147403, 41.68284500000001], [-71.144584, 41.68230599999999], [-71.146842, 41.676062000000016], [-71.155118, 41.677620999999995], [-71.154109, 41.674910999999994], [-71.15483, 41.674885], [-71.162014, 41.676308000000006], [-71.1604, 41.670061999999994], [-71.159512, 41.668485], [-71.160442, 41.667671000000006], [-71.16212, 41.665735], [-71.17612, 41.668248], [-71.175784, 41.67149299999999], [-71.195479, 41.67508999999999], [-71.201162, 41.681909]]]}}, {"type": "Feature", "properties": {"district_name": "15th Suffolk District", "chamber": "house", "vintage": "2022-present", "lean_dem_share": 0.8238, "competitiveness": "Safe", "competitiveness_label": "Safe D", "party_favored": "Democratic", "url": "/district/house-15th-suffolk-district-2022-present/"}, "geometry": {"type": "Polygon", "coordinates": [[[-71.125816, 42.30232200000001], [-71.125399, 42.302878], [-71.124893, 42.302566], [-71.123556, 42.302923], [-71.123579, 42.304137999999995], [-71.122022, 42.306507], [-71.12241900000001, 42.30668300000002], [-71.120783, 42.30835900000002], [-71.121671, 42.30865600000001], [-71.120727, 42.30900900000002], [-71.118393, 42.30875099999997], [-71.116722, 42.309096999999994], [-71.115472, 42.30967500000001], [-71.114654, 42.31075], [-71.114397, 42.31162100000001], [-71.1185, 42.31449799999999], [-71.11717800000001, 42.315407], [-71.116899, 42.31575300000001], [-71.116736, 42.317636], [-71.116468, 42.31858299999999], [-71.113084, 42.317484000000015], [-71.109773, 42.32197799999998], [-71.115599, 42.321065999999995], [-71.117117, 42.32105500000001], [-71.119364, 42.321538000000004], [-71.119607, 42.322614], [-71.119539, 42.322745], [-71.11887, 42.322858], [-71.118509, 42.323116], [-71.118398, 42.323454999999996], [-71.116772, 42.323769999999996], [-71.116537, 42.32393900000002], [-71.115948, 42.325734999999995], [-71.115965, 42.32637900000001], [-71.115271, 42.326933999999994], [-71.11504, 42.32730800000001], [-71.113575, 42.330467000000006], [-71.113212, 42.332458], [-71.112192, 42.333801000000015], [-71.110591, 42.335249000000005], [-71.110553, 42.335464000000016], [-71.110808, 42.335586000000006], [-71.110063, 42.336307], [-71.109333, 42.33700000000001], [-71.107508, 42.335842], [-71.108018, 42.335335999999984], [-71.106676, 42.334452000000006], [-71.107027, 42.334066], [-71.107282, 42.33215100000001], [-71.106503, 42.331942], [-71.106724, 42.331418000000006], [-71.102293, 42.330354], [-71.1014, 42.331459], [-71.098495, 42.330067], [-71.097603, 42.33077200000001], [-71.097185, 42.331782], [-71.095351, 42.33155399999999], [-71.096506, 42.330212], [-71.097601, 42.328377], [-71.098917, 42.325025000000025], [-71.098398, 42.324933999999985], [-71.098636, 42.32395900000002], [-71.098412, 42.31957200000001], [-71.096319, 42.319424], [-71.095743, 42.31925], [-71.095305, 42.31882499999998], [-71.097701, 42.316419], [-71.094088, 42.31414199999999], [-71.096391, 42.312391999999996], [-71.097488, 42.311856999999996], [-71.097796, 42.31141900000001], [-71.09807, 42.30972200000001], [-71.099384, 42.309076], [-71.09934, 42.308834000000004], [-71.099954, 42.30789800000001], [-71.100248, 42.307861999999986], [-71.100716, 42.30656599999998], [-71.101486, 42.306574], [-71.101977, 42.30598400000001], [-71.10269, 42.30596599999999], [-71.102713, 42.30526900000001], [-71.103079, 42.30478900000001], [-71.103303, 42.30382800000001], [-71.10485, 42.30232], [-71.104583, 42.301332], [-71.104661, 42.300271], [-71.10383200000001, 42.300102], [-71.103291, 42.299806], [-71.098852, 42.29564], [-71.096181, 42.292885999999996], [-71.09633, 42.29286199999999], [-71.096546, 42.293221999999986], [-71.099821, 42.292943], [-71.101683, 42.293164999999995], [-71.105666, 42.289745], [-71.107089, 42.289234000000015], [-71.10976300000002, 42.28763900000001], [-71.110563, 42.28694999999999], [-71.110681, 42.28730900000001], [-71.111749, 42.28822300000001], [-71.11351, 42.289066000000005], [-71.113983, 42.289480000000005], [-71.11448400000002, 42.29118799999999], [-71.114329, 42.291833999999994], [-71.1139, 42.29248199999999], [-71.114437, 42.29304599999998], [-71.115471, 42.292348000000004], [-71.116804, 42.29234099999999], [-71.11704, 42.291150999999985], [-71.119171, 42.291205000000005], [-71.118942, 42.292214], [-71.118415, 42.29340899999999], [-71.119916, 42.294166999999995], [-71.119786, 42.294287], [-71.121294, 42.295199000000004], [-71.12016, 42.295951999999986], [-71.12066, 42.296129], [-71.120361, 42.29640600000001], [-71.120304, 42.29668699999999], [-71.12050900000001, 42.297842], [-71.121626, 42.297621], [-71.122582, 42.297823], [-71.123637, 42.298913], [-71.124954, 42.299473], [-71.125587, 42.30039099999999], [-71.125504, 42.302001], [-71.125816, 42.30232200000001]]]}}, {"type": "Feature", "properties": {"district_name": "8th Bristol District", "chamber": "house", "vintage": "2022-present", "lean_dem_share": 0.5228, "competitiveness": "Tossup", "competitiveness_label": "Tossup D", "party_favored": "Democratic", "url": "/district/house-8th-bristol-district-2022-present/"}, "geometry": {"type": "Polygon", "coordinates": [[[-71.1621, 41.66575899999998], [-71.160442, 41.667671000000006], [-71.159512, 41.668485], [-71.1604, 41.670061999999994], [-71.162014, 41.676308000000006], [-71.15483, 41.674885], [-71.154109, 41.674910999999994], [-71.155118, 41.677620999999995], [-71.146842, 41.676062000000016], [-71.144584, 41.68230599999999], [-71.147403, 41.68284500000001], [-71.14615900000001, 41.686535000000006], [-71.143126, 41.68602], [-71.13865, 41.68925599999999], [-71.138266, 41.69003700000001], [-71.136946, 41.68976199999999], [-71.135973, 41.692130999999996], [-71.134278, 41.690664999999996], [-71.134137, 41.690996], [-71.130558, 41.69027900000001], [-71.130511, 41.68957999999999], [-71.130353, 41.68956], [-71.13038, 41.68993], [-71.121693, 41.688217], [-71.123052, 41.692032999999995], [-71.123262, 41.693179], [-71.123233, 41.694555000000015], [-71.119266, 41.707956999999986], [-71.119003, 41.70723699999998], [-71.118831, 41.707779], [-71.118336, 41.70822299999999], [-71.110905, 41.707], [-71.109897, 41.709754000000004], [-71.109565, 41.712231], [-71.108861, 41.71256700000001], [-71.108554, 41.713044000000004], [-71.108263, 41.71537200000001], [-71.108395, 41.715844000000004], [-71.10881300000001, 41.716239], [-71.108696, 41.71701300000001], [-71.107452, 41.717979], [-71.107415, 41.71845099999999], [-71.107108, 41.71908199999999], [-71.106632, 41.719516000000006], [-71.107036, 41.720367], [-71.105798, 41.721114], [-71.105741, 41.722102], [-71.105301, 41.722558], [-71.105448, 41.722689], [-71.105997, 41.722475], [-71.106049, 41.72269999999999], [-71.105602, 41.72310600000001], [-71.104708, 41.723194], [-71.103647, 41.72425400000001], [-71.104226, 41.724781], [-71.104578, 41.725516000000006], [-71.104571, 41.725719], [-71.103941, 41.72648800000001], [-71.104191, 41.727261999999996], [-71.104558, 41.72768400000001], [-71.103606, 41.728502999999996], [-71.103174, 41.729182999999985], [-71.103504, 41.72977000000001], [-71.103593, 41.73082400000001], [-71.103044, 41.731747], [-71.102766, 41.732866], [-71.101998, 41.73391000000001], [-71.101697, 41.733833], [-71.101522, 41.735090000000014], [-71.10161700000002, 41.73606899999999], [-71.099782, 41.73671000000001], [-71.097997, 41.736763], [-71.095646, 41.73621099999998], [-71.092581, 41.735822999999996], [-71.090208, 41.73521500000001], [-71.090162, 41.735586999999995], [-71.085909, 41.73896400000001], [-71.084791, 41.73919900000001], [-71.07826400000002, 41.73967099999998], [-71.077547, 41.739920999999995], [-71.076931, 41.740374], [-71.075864, 41.74178100000001], [-71.075096, 41.74463600000001], [-71.074921, 41.74838600000001], [-71.073829, 41.752019000000004], [-71.072854, 41.754334], [-71.07203000000001, 41.75750099999999], [-71.113368, 41.76496599999999], [-71.10558, 41.76781799999999], [-71.077037, 41.778961], [-71.074917, 41.77998600000001], [-71.07269, 41.781353999999986], [-71.062729, 41.79000799999999], [-71.060607, 41.79197299999999], [-71.058724, 41.794111000000015], [-71.062487, 41.795154000000004], [-71.06432000000001, 41.79555400000001], [-71.065806, 41.79568700000001], [-71.06534, 41.796049], [-71.064597, 41.797021], [-71.063799, 41.79758499999999], [-71.062527, 41.798110999999984], [-71.059772, 41.798893], [-71.058029, 41.79905600000001], [-71.052213, 41.801725999999995], [-71.052285, 41.800914000000006], [-71.052745, 41.800439000000004], [-71.047705, 41.799533], [-71.04545, 41.798923000000016], [-71.037979, 41.797673], [-71.033943, 41.79761000000001], [-71.031121, 41.797283], [-71.029296, 41.79739], [-71.02917, 41.79761800000001], [-71.028559, 41.79778199999998], [-71.028337, 41.798646000000005], [-71.028077, 41.79888900000002], [-71.02619800000001, 41.799111], [-71.025938, 41.799359], [-71.026144, 41.799635], [-71.026174, 41.800048000000004], [-71.025853, 41.80040100000001], [-71.025906, 41.80079200000002], [-71.025722, 41.80117299999999], [-71.02597500000002, 41.801696000000014], [-71.025591, 41.802779], [-71.02592, 41.803493000000024], [-71.025018, 41.804036], [-71.024621, 41.80386700000001], [-71.02404, 41.80463400000001], [-71.02349, 41.804342], [-71.023176, 41.804564000000006], [-71.023451, 41.805158000000006], [-71.023137, 41.80576199999999], [-71.023657, 41.805950999999986], [-71.023611, 41.80626800000001], [-71.023157, 41.80617600000001], [-71.014591, 41.79956800000001], [-71.026288, 41.778888], [-70.921782, 41.791244], [-70.905211, 41.759819], [-70.904438, 41.75800000000001], [-70.886439, 41.760232], [-70.859489, 41.684736], [-70.860067, 41.684602], [-70.86099, 41.684931000000006], [-70.861437, 41.68529899999999], [-70.86247, 41.68549599999999], [-70.863363, 41.685457000000014], [-70.86377300000001, 41.685627000000004], [-70.863978, 41.68579200000001], [-70.864081, 41.68622499999999], [-70.864829, 41.686664], [-70.864836, 41.686982], [-70.86551, 41.68760800000001], [-70.86565, 41.68808], [-70.866493, 41.688759999999995], [-70.868169, 41.688441000000005], [-70.868923, 41.687782000000006], [-70.869025, 41.687122999999985], [-70.86991, 41.685931000000004], [-70.870107, 41.68526200000001], [-70.870722, 41.684915000000004], [-70.872069, 41.684585000000006], [-70.87316800000002, 41.685095], [-70.873923, 41.685973000000004], [-70.874733, 41.686359999999986], [-70.875429, 41.687008], [-70.875546, 41.68715], [-70.875464, 41.687892000000005], [-70.875684, 41.68821599999999], [-70.876108, 41.688495999999994], [-70.876855, 41.68854000000002], [-70.879256, 41.688441000000005], [-70.879272, 41.687993000000006], [-70.879812, 41.687705000000015], [-70.884851, 41.686437], [-70.888152, 41.685834], [-70.899565, 41.684195], [-70.899915, 41.684287], [-70.900279, 41.684827999999996], [-70.900555, 41.684912999999995], [-70.904434, 41.68432500000001], [-70.904653, 41.68624299999999], [-70.906466, 41.68657699999999], [-70.90519, 41.688705000000006], [-70.903137, 41.69277700000001], [-70.907047, 41.693303000000036], [-70.906865, 41.694212], [-70.907556, 41.69436199999999], [-70.908413, 41.69532599999999], [-70.911185, 41.69651000000001], [-70.912473, 41.696666], [-70.914241, 41.696236], [-70.914507, 41.695628000000006], [-70.914376, 41.695189000000006], [-70.914486, 41.694397999999985], [-70.914969, 41.69407400000001], [-70.91527, 41.693641], [-70.915738, 41.69343200000001], [-70.915724, 41.69319099999999], [-70.91524, 41.692686], [-70.9159, 41.69217], [-70.915966, 41.691894999999995], [-70.91579, 41.69140099999998], [-70.916691, 41.69080900000001], [-70.916838, 41.690178], [-70.917204, 41.68983200000002], [-70.919188, 41.690397000000004], [-70.919569, 41.690633000000005], [-70.919994, 41.69112799999998], [-70.920294, 41.692225], [-70.920704, 41.69269200000001], [-70.921773, 41.692261], [-70.922677, 41.69213599999999], [-70.922946, 41.69268700000001], [-70.923001, 41.693447], [-70.925786, 41.69430100000001], [-70.926557, 41.69482600000003], [-70.928829, 41.701821], [-70.935733, 41.700019000000005], [-70.935574, 41.69909700000001], [-70.942248, 41.69746700000001], [-70.943334, 41.702439000000005], [-70.943721, 41.703255999999996], [-70.93959100000001, 41.710893], [-70.939176, 41.71206000000003], [-70.939035, 41.71338999999999], [-70.93918, 41.714447], [-70.939577, 41.715682], [-70.942051, 41.71932600000002], [-70.938494, 41.719528], [-70.938443, 41.718315000000004], [-70.938002, 41.71665800000001], [-70.93555800000001, 41.71676999999999], [-70.934716, 41.715226000000015], [-70.933383, 41.715599], [-70.942993, 41.74466800000001], [-71.06663, 41.68561900000002], [-71.076675, 41.68746900000001], [-71.075118, 41.678069], [-71.063763, 41.666849], [-71.061362, 41.663666000000006], [-71.059527, 41.66077399999999], [-71.055968, 41.655882999999996], [-71.053848, 41.65263699999999], [-71.053091, 41.65087599999999], [-71.051732, 41.64844999999999], [-71.049462, 41.64135999999999], [-71.048874, 41.64014799999999], [-71.04642300000002, 41.63738200000001], [-71.04505, 41.63676500000001], [-71.044718, 41.63643600000001], [-71.043067, 41.633277], [-71.04221800000002, 41.63251999999999], [-71.040675, 41.63042399999999], [-71.038517, 41.628043999999996], [-71.036637, 41.62409499999999], [-71.038538, 41.62290100000002], [-71.037817, 41.622256000000014], [-71.037405, 41.621514], [-71.036531, 41.617643], [-71.036822, 41.615254999999976], [-71.038072, 41.610203999999996], [-71.038321, 41.608091], [-71.036814, 41.598175], [-71.037307, 41.597921], [-71.039016, 41.59565600000001], [-71.039601, 41.593837], [-71.04109, 41.59294599999999], [-71.044813, 41.58989699999999], [-71.045045, 41.58807400000002], [-71.044898, 41.58730699999998], [-71.04446, 41.586428], [-71.040947, 41.582268], [-71.034574, 41.57332199999998], [-71.03283, 41.570458], [-71.032171, 41.56905299999999], [-71.031578, 41.566058], [-71.029731, 41.56055500000001], [-71.029115, 41.55822200000001], [-71.02904, 41.557363999999986], [-71.029599, 41.555243000000004], [-71.031015, 41.552057000000005], [-71.030875, 41.550736], [-71.030175, 41.548604], [-71.030188, 41.54816000000002], [-71.031352, 41.546766999999996], [-71.031438, 41.546380000000006], [-71.029649, 41.538849], [-71.028839, 41.536526999999985], [-71.026287, 41.53050700000001], [-71.032708, 41.52777300000001], [-71.029674, 41.516994000000004], [-71.028858, 41.514459000000016], [-71.028183, 41.513175999999994], [-71.021757, 41.503716999999995], [-71.016759, 41.49829100000001], [-71.00413, 41.48403099999999], [-71.033164, 41.484162000000005], [-71.033164, 41.480332000000004], [-71.041236, 41.480332000000004], [-71.041373, 41.48420000000001], [-71.116404, 41.484567999999996], [-71.121116, 41.492787000000014], [-71.119874, 41.49460400000001], [-71.120617, 41.497901000000006], [-71.122437, 41.522074999999994], [-71.126819, 41.554975], [-71.13162, 41.593716], [-71.138346, 41.603676], [-71.140308, 41.60484999999999], [-71.141958, 41.612533], [-71.140185, 41.623869000000006], [-71.135307, 41.62848799999999], [-71.134354, 41.64404700000001], [-71.132557, 41.660363], [-71.1621, 41.66575899999998]]]}}, {"type": "Feature", "properties": {"district_name": "16th Suffolk District", "chamber": "house", "vintage": "2022-present", "lean_dem_share": 0.5689, "competitiveness": "Likely", "competitiveness_label": "Likely D", "party_favored": "Democratic", "url": "/district/house-16th-suffolk-district-2022-present/"}, "geometry": {"type": "Polygon", "coordinates": [[[-71.033181, 42.41420599999999], [-71.031275, 42.418433000000014], [-71.02962, 42.42129899999999], [-71.02858, 42.42356800000001], [-71.020377, 42.43824999999998], [-71.025836, 42.44470900000001], [-71.018757, 42.45011800000001], [-71.011864, 42.442134], [-71.009671, 42.441047], [-71.00945, 42.44130400000001], [-71.009106, 42.442586999999996], [-71.005497, 42.44203099999998], [-71.005439, 42.44170700000001], [-71.004294, 42.441392000000015], [-71.003896, 42.440988000000004], [-71.001827, 42.44204099999999], [-71.001294, 42.44139599999999], [-71.000163, 42.44342600000001], [-71.000807, 42.444261], [-71.000314, 42.445023], [-70.99883, 42.446879], [-70.99748, 42.44892300000003], [-70.995923, 42.44967999999999], [-71.001298, 42.449962], [-71.001416, 42.450635999999996], [-71.000182, 42.450650000000024], [-71.000541, 42.451781], [-71.000135, 42.452031000000005], [-71.000452, 42.45224699999999], [-70.99992, 42.45254299999999], [-71.000106, 42.453215], [-71.000595, 42.453196], [-71.001675, 42.455695000000006], [-71.003777, 42.45494899999999], [-71.004061, 42.45540900000001], [-71.004138, 42.45629700000002], [-71.004556, 42.456326000000004], [-71.004559, 42.456638000000005], [-71.004219, 42.457102000000006], [-71.006516, 42.45718800000001], [-71.006545, 42.457562], [-71.007223, 42.457458], [-71.007272, 42.45800799999999], [-71.005561, 42.458325000000016], [-71.005301, 42.459270000000004], [-71.003089, 42.45940100000001], [-71.000536, 42.458868], [-71.000168, 42.459478000000004], [-70.999937, 42.45939700000002], [-70.99949, 42.460232999999995], [-70.999344, 42.460860000000004], [-70.999132, 42.46071200000001], [-70.998205, 42.46065200000001], [-70.998398, 42.46037799999999], [-70.998977, 42.460278000000024], [-70.998621, 42.46004099999997], [-70.998567, 42.45978100000001], [-70.997927, 42.459950000000006], [-70.997448, 42.45960699999999], [-70.997108, 42.460063], [-70.996475, 42.460429999999995], [-70.995132, 42.460287], [-70.994507, 42.46060400000001], [-70.99388, 42.460683], [-70.993822, 42.461038999999985], [-70.994005, 42.461244], [-70.995312, 42.46168899999999], [-70.995981, 42.46170899999999], [-70.996519, 42.46135999999999], [-70.996983, 42.461356], [-70.997481, 42.461479000000004], [-70.997601, 42.46177800000001], [-70.998253, 42.46219099999999], [-70.999492, 42.46193800000001], [-70.999989, 42.46206100000001], [-71.000609, 42.46258199999999], [-70.999663, 42.462634], [-70.999522, 42.46282500000001], [-71.000329, 42.46309900000001], [-71.000301, 42.46376099999999], [-71.000488, 42.46404900000001], [-71.000862, 42.464202], [-71.00107, 42.464085000000004], [-71.002179, 42.46486399999999], [-71.00149600000002, 42.465011], [-71.001088, 42.464888], [-71.001722, 42.46542600000001], [-70.999624, 42.465005], [-70.999703, 42.464634], [-70.996524, 42.46392300000001], [-70.995698, 42.463601000000004], [-70.995342, 42.46391199999999], [-70.995228, 42.46477000000001], [-70.995326, 42.46499599999999], [-70.994698, 42.46520799999998], [-70.993587, 42.46507299999999], [-70.992295, 42.46517699999999], [-70.9922, 42.46570200000001], [-70.991695, 42.466431], [-70.989139, 42.459689], [-70.988787, 42.45958199999998], [-70.988075, 42.45871999999999], [-70.98736, 42.45894599999999], [-70.986364, 42.459765999999995], [-70.985609, 42.459699], [-70.98568, 42.45921699999999], [-70.987402, 42.457162999999994], [-70.987494, 42.45499600000001], [-70.986694, 42.454596], [-70.986161, 42.45498700000002], [-70.985995, 42.45548699999999], [-70.986094, 42.456796000000004], [-70.985969, 42.45722500000001], [-70.984853, 42.458355000000005], [-70.98416, 42.45861199999999], [-70.983108, 42.45861000000001], [-70.982068, 42.45773199999998], [-70.979494, 42.456196], [-70.97942, 42.45582100000001], [-70.979694, 42.455305], [-70.983353, 42.45380800000001], [-70.983768, 42.453187], [-70.983828, 42.452375999999994], [-70.981404, 42.45126899999998], [-70.979083, 42.450863000000005], [-70.972289, 42.44681699999999], [-70.968594, 42.444396], [-70.971594, 42.442696], [-70.975194, 42.436896000000004], [-70.979894, 42.432396000000004], [-70.982294, 42.431296], [-70.983708, 42.431663], [-70.985754, 42.432557], [-70.987805, 42.43399799999998], [-70.99012, 42.43487700000001], [-70.992023, 42.43413499999999], [-70.994849, 42.43115], [-70.995714, 42.430855000000015], [-70.997234, 42.43105099999999], [-71.004022, 42.421904999999995], [-71.005053, 42.421431000000005], [-71.005076, 42.42060200000001], [-71.00791, 42.416755], [-70.999698, 42.416417], [-70.999356, 42.417047], [-70.99565100000001, 42.415816], [-71.000172, 42.40962399999999], [-70.999571, 42.40990699999999], [-70.998675, 42.410681], [-70.996224, 42.409832999999985], [-70.996619, 42.409188], [-70.996935, 42.407973], [-70.997932, 42.40834600000001], [-70.998016, 42.407481000000004], [-70.999137, 42.406018999999986], [-71.001762, 42.406738000000004], [-71.002266, 42.406181], [-71.002693, 42.40685300000001], [-71.003845, 42.405788000000015], [-71.00498, 42.40518900000001], [-71.001915, 42.40402699999999], [-70.99868500000001, 42.40167099999999], [-70.99667, 42.400588000000006], [-71.000683, 42.39681700000001], [-71.001407, 42.39674000000001], [-71.0056, 42.393961000000004], [-71.005861, 42.393892], [-71.009894, 42.395475000000005], [-71.01193, 42.39575200000001], [-71.011272, 42.396589000000006], [-71.013395, 42.39739799999999], [-71.009629, 42.40016700000001], [-71.009445, 42.400475], [-71.009396, 42.401183], [-71.010861, 42.401689000000005], [-71.013007, 42.402864], [-71.013772, 42.402964], [-71.01563, 42.402704000000014], [-71.017035, 42.40271499999999], [-71.017826, 42.402883], [-71.018088, 42.40335699999999], [-71.018715, 42.403709000000006], [-71.019981, 42.40372300000001], [-71.020828, 42.403513000000004], [-71.021169, 42.40392400000001], [-71.021191, 42.40423299999999], [-71.020305, 42.404829], [-71.020442, 42.405114], [-71.02148, 42.405164000000006], [-71.022442, 42.405474], [-71.022855, 42.40512499999999], [-71.023278, 42.40554399999999], [-71.023847, 42.40532400000001], [-71.024901, 42.40590000000002], [-71.025753, 42.405756999999994], [-71.026237, 42.40592500000002], [-71.026888, 42.40655000000001], [-71.026898, 42.40733199999999], [-71.027115, 42.40778199999998], [-71.02797, 42.40872699999999], [-71.029036, 42.410354000000005], [-71.033181, 42.41420599999999]]]}}, {"type": "Feature", "properties": {"district_name": "9th Bristol District", "chamber": "house", "vintage": "2022-present", "lean_dem_share": 0.5739, "competitiveness": "Likely", "competitiveness_label": "Likely D", "party_favored": "Democratic", "url": "/district/house-9th-bristol-district-2022-present/"}, "geometry": {"type": "Polygon", "coordinates": [[[-71.076675, 41.68746900000001], [-71.06663, 41.68561900000002], [-70.942993, 41.74466800000001], [-70.933383, 41.715599], [-70.934716, 41.715226000000015], [-70.93555800000001, 41.71676999999999], [-70.938002, 41.71665800000001], [-70.938443, 41.718315000000004], [-70.938494, 41.719528], [-70.942051, 41.71932600000002], [-70.939577, 41.715682], [-70.939066, 41.713825000000014], [-70.939176, 41.71206000000003], [-70.939715, 41.710646000000004], [-70.946325, 41.698428], [-70.946942, 41.697008], [-70.944934, 41.69288099999999], [-70.941444, 41.693464], [-70.939061, 41.694072000000006], [-70.939013, 41.69290099999999], [-70.937392, 41.692771000000015], [-70.934975, 41.693365000000014], [-70.934008, 41.682155000000016], [-70.933368, 41.67876900000001], [-70.93848, 41.67895299999999], [-70.938685, 41.679998000000005], [-70.939663, 41.680057], [-70.940452, 41.679672], [-70.93915500000001, 41.67250899999999], [-70.93818, 41.67255800000001], [-70.937398, 41.665816], [-70.942978, 41.665258], [-70.942683, 41.663883000000006], [-70.942695, 41.66295999999999], [-70.972785, 41.660505999999984], [-70.969695, 41.648655000000005], [-70.960454, 41.640225], [-70.959753, 41.63683299999999], [-70.949731, 41.620932999999994], [-70.936423, 41.614370000000015], [-70.934652, 41.610038], [-70.933009, 41.610986], [-70.932347, 41.60820700000001], [-70.927282, 41.60880399999998], [-70.924782, 41.604803999999994], [-70.910185, 41.579097000000004], [-70.896936, 41.556905000000015], [-70.864314, 41.507397000000005], [-70.879213, 41.500105999999995], [-70.91481, 41.483092], [-70.956821, 41.46247200000001], [-70.97450900000001, 41.454138], [-71.00413, 41.48403099999999], [-71.016759, 41.49829100000001], [-71.021757, 41.503716999999995], [-71.028694, 41.514045], [-71.029945, 41.517869000000005], [-71.032708, 41.52777300000001], [-71.026287, 41.53050700000001], [-71.028839, 41.536526999999985], [-71.029649, 41.538849], [-71.031438, 41.546380000000006], [-71.031352, 41.546766999999996], [-71.030188, 41.54816000000002], [-71.030175, 41.548604], [-71.030875, 41.550736], [-71.031015, 41.552057000000005], [-71.029599, 41.555243000000004], [-71.02904, 41.557363999999986], [-71.029115, 41.55822200000001], [-71.029731, 41.56055500000001], [-71.031578, 41.566058], [-71.032171, 41.56905299999999], [-71.03283, 41.570458], [-71.034574, 41.57332199999998], [-71.040947, 41.582268], [-71.04446, 41.586428], [-71.044898, 41.58730699999998], [-71.045045, 41.58807400000002], [-71.044813, 41.58989699999999], [-71.04109, 41.59294599999999], [-71.039601, 41.593837], [-71.039016, 41.59565600000001], [-71.037307, 41.597921], [-71.036814, 41.598175], [-71.038321, 41.608091], [-71.038072, 41.610203999999996], [-71.036822, 41.615254999999976], [-71.036531, 41.617643], [-71.037405, 41.621514], [-71.037817, 41.622256000000014], [-71.038538, 41.62290100000002], [-71.036637, 41.62409499999999], [-71.038517, 41.628043999999996], [-71.040675, 41.63042399999999], [-71.04221800000002, 41.63251999999999], [-71.043067, 41.633277], [-71.044718, 41.63643600000001], [-71.04505, 41.63676500000001], [-71.04642300000002, 41.63738200000001], [-71.048874, 41.64014799999999], [-71.049462, 41.64135999999999], [-71.051732, 41.64844999999999], [-71.053091, 41.65087599999999], [-71.053848, 41.65263699999999], [-71.055968, 41.655882999999996], [-71.059527, 41.66077399999999], [-71.061362, 41.663666000000006], [-71.063763, 41.666849], [-71.075118, 41.678069], [-71.076675, 41.68746900000001]]]}}, {"type": "Feature", "properties": {"district_name": "17th Suffolk District", "chamber": "house", "vintage": "2022-present", "lean_dem_share": 0.8394, "competitiveness": "Safe", "competitiveness_label": "Safe D", "party_favored": "Democratic", "url": "/district/house-17th-suffolk-district-2022-present/"}, "geometry": {"type": "Polygon", "coordinates": [[[-71.169284, 42.322121], [-71.167348, 42.322641000000004], [-71.156887, 42.33024100000001], [-71.157036, 42.33039], [-71.149853, 42.334635], [-71.150461, 42.334968], [-71.15005900000001, 42.33539299999999], [-71.148295, 42.335806999999996], [-71.148742, 42.336866], [-71.146156, 42.33744200000002], [-71.146606, 42.33853700000002], [-71.146215, 42.338632], [-71.146356, 42.338860000000004], [-71.146936, 42.339038], [-71.147142, 42.339517], [-71.147065, 42.34001300000002], [-71.146744, 42.34026900000001], [-71.147143, 42.34058600000001], [-71.147571, 42.340610999999996], [-71.14686, 42.34137199999999], [-71.145779, 42.341516], [-71.145923, 42.341897], [-71.148633, 42.34181399999999], [-71.149044, 42.342201], [-71.149529, 42.342258], [-71.149361, 42.342932000000005], [-71.15013, 42.343141], [-71.150039, 42.34455300000001], [-71.15031900000001, 42.344796], [-71.15109, 42.345009999999995], [-71.150662, 42.34566499999999], [-71.153067, 42.346153999999984], [-71.153786, 42.34725599999999], [-71.155147, 42.345229], [-71.153274, 42.34464999999997], [-71.153457, 42.344143999999986], [-71.153417, 42.343289000000006], [-71.154734, 42.341206], [-71.153111, 42.340696], [-71.151648, 42.340535], [-71.149612, 42.339474], [-71.148847, 42.33935799999999], [-71.150601, 42.33625100000002], [-71.15126, 42.33634099999999], [-71.152262, 42.337185], [-71.150658, 42.33749500000001], [-71.150692, 42.33827399999999], [-71.152741, 42.338645999999976], [-71.152587, 42.338896], [-71.153192, 42.339149000000006], [-71.154268, 42.340163], [-71.155056, 42.34038499999999], [-71.157878, 42.33973], [-71.159758, 42.340058], [-71.157901, 42.34324800000001], [-71.157688, 42.34512099999999], [-71.158103, 42.346091], [-71.159309, 42.345978], [-71.159378, 42.34632], [-71.160751, 42.346702999999984], [-71.16043, 42.34732600000001], [-71.161311, 42.34757599999999], [-71.162118, 42.34637300000001], [-71.164878, 42.34642599999999], [-71.16646, 42.346964], [-71.165674, 42.348231], [-71.165209, 42.348555999999995], [-71.164734, 42.34873], [-71.163712, 42.348533], [-71.163594, 42.34891], [-71.163333, 42.349115000000005], [-71.162138, 42.348989], [-71.161985, 42.352547], [-71.162368, 42.35249300000001], [-71.161848, 42.354727], [-71.158899, 42.35418899999998], [-71.158594, 42.35381300000001], [-71.158059, 42.354074000000004], [-71.158071, 42.351915999999996], [-71.156621, 42.351890999999995], [-71.154939, 42.351603999999995], [-71.15443000000002, 42.352396], [-71.153568, 42.352148000000014], [-71.154025, 42.35137099999999], [-71.152384, 42.35090300000001], [-71.149082, 42.35615100000001], [-71.140681, 42.35400400000002], [-71.139066, 42.353791000000015], [-71.137979, 42.357608000000006], [-71.140782, 42.357977000000005], [-71.13841, 42.362245], [-71.138473, 42.36277700000001], [-71.133585, 42.36339599999999], [-71.131789, 42.363161000000005], [-71.130218, 42.36269399999998], [-71.130417, 42.36195699999999], [-71.130578, 42.36198600000001], [-71.13281300000001, 42.36011000000002], [-71.133157, 42.35922], [-71.133083, 42.358556], [-71.13224, 42.358585000000005], [-71.131621, 42.358799000000005], [-71.131488, 42.35859500000002], [-71.13083, 42.359024], [-71.12968, 42.35708000000002], [-71.129718, 42.356654000000006], [-71.132404, 42.35571199999999], [-71.137341, 42.353590000000004], [-71.128344, 42.35260400000001], [-71.128031, 42.35372400000001], [-71.12495, 42.35335399999999], [-71.12474, 42.35430100000001], [-71.125175, 42.35435799999999], [-71.125014, 42.35492499999999], [-71.12514600000002, 42.354944], [-71.125088, 42.35523599999999], [-71.120729, 42.35461500000002], [-71.121311, 42.351674999999986], [-71.122855, 42.351860999999985], [-71.122942, 42.35141599999997], [-71.124067, 42.351552], [-71.126854, 42.35008799999999], [-71.128583, 42.349833000000004], [-71.129281, 42.34906699999999], [-71.133381, 42.347122000000006], [-71.13515500000001, 42.34602300000001], [-71.138809, 42.34308699999999], [-71.136679, 42.34163099999999], [-71.137432, 42.34164499999999], [-71.13802, 42.34114000000001], [-71.1352, 42.33923000000001], [-71.14561, 42.33688999999999], [-71.144365, 42.33587099999999], [-71.144239, 42.335269999999994], [-71.14677, 42.334850000000024], [-71.14582, 42.33442], [-71.14529, 42.33379999999999], [-71.14727, 42.33311999999999], [-71.14793, 42.33273], [-71.14924, 42.33122999999999], [-71.15015, 42.32934000000001], [-71.1506, 42.329220000000014], [-71.152439, 42.32967], [-71.15375, 42.32951], [-71.15229, 42.32917999999999], [-71.15008, 42.328070000000004], [-71.14901, 42.327489999999976], [-71.148143, 42.326612000000004], [-71.147777, 42.32646900000002], [-71.152216, 42.32667099999999], [-71.156262, 42.325283999999996], [-71.169223, 42.321994], [-71.169284, 42.322121]]]}}, {"type": "Feature", "properties": {"district_name": "10th Bristol District", "chamber": "house", "vintage": "2022-present", "lean_dem_share": 0.5411, "competitiveness": "Lean", "competitiveness_label": "Lean D", "party_favored": "Democratic", "url": "/district/house-10th-bristol-district-2022-present/"}, "geometry": {"type": "Polygon", "coordinates": [[[-70.946942, 41.697008], [-70.943721, 41.703255999999996], [-70.943334, 41.702439000000005], [-70.942248, 41.69746700000001], [-70.935574, 41.69909700000001], [-70.935733, 41.700019000000005], [-70.928829, 41.701821], [-70.926557, 41.69482600000003], [-70.925786, 41.69430100000001], [-70.923001, 41.693447], [-70.922946, 41.69268700000001], [-70.922677, 41.69213599999999], [-70.921773, 41.692261], [-70.920704, 41.69269200000001], [-70.920294, 41.692225], [-70.919994, 41.69112799999998], [-70.919188, 41.690397000000004], [-70.917204, 41.68983200000002], [-70.916911, 41.69010600000002], [-70.916691, 41.69080900000001], [-70.91579, 41.69140099999998], [-70.915966, 41.691894999999995], [-70.9159, 41.69217], [-70.915255, 41.69257599999999], [-70.915724, 41.69319099999999], [-70.915738, 41.69343200000001], [-70.91527, 41.693641], [-70.914969, 41.69407400000001], [-70.914486, 41.694397999999985], [-70.914376, 41.695189000000006], [-70.914507, 41.695628000000006], [-70.914241, 41.696236], [-70.912547, 41.696656000000004], [-70.911185, 41.69651000000001], [-70.908413, 41.69532599999999], [-70.907556, 41.69436199999999], [-70.906865, 41.694212], [-70.907047, 41.693303000000036], [-70.903137, 41.69277700000001], [-70.90519, 41.688705000000006], [-70.906466, 41.68657699999999], [-70.904653, 41.68624299999999], [-70.904434, 41.68432500000001], [-70.900555, 41.684912999999995], [-70.900279, 41.684827999999996], [-70.899915, 41.684287], [-70.899565, 41.684195], [-70.888152, 41.685834], [-70.884851, 41.686437], [-70.879812, 41.687705000000015], [-70.879272, 41.687993000000006], [-70.879256, 41.688441000000005], [-70.876855, 41.68854000000002], [-70.876108, 41.688495999999994], [-70.875684, 41.68821599999999], [-70.875464, 41.687892000000005], [-70.875546, 41.68715], [-70.875429, 41.687008], [-70.874733, 41.686359999999986], [-70.873923, 41.685973000000004], [-70.87316800000002, 41.685095], [-70.872069, 41.684585000000006], [-70.870722, 41.684915000000004], [-70.870107, 41.68526200000001], [-70.86991, 41.685931000000004], [-70.869025, 41.687122999999985], [-70.868923, 41.687782000000006], [-70.868169, 41.688441000000005], [-70.866493, 41.688759999999995], [-70.86565, 41.68808], [-70.86551, 41.68760800000001], [-70.864836, 41.686982], [-70.864829, 41.686664], [-70.864081, 41.68622499999999], [-70.863978, 41.68579200000001], [-70.86377300000001, 41.685627000000004], [-70.863363, 41.685457000000014], [-70.86247, 41.68549599999999], [-70.861437, 41.68529899999999], [-70.86099, 41.684931000000006], [-70.860067, 41.684602], [-70.859489, 41.684736], [-70.886439, 41.760232], [-70.904438, 41.75800000000001], [-70.905211, 41.759819], [-70.921792, 41.79126399999999], [-70.771806, 41.80891400000001], [-70.7719, 41.80559600000001], [-70.772857, 41.80209500000001], [-70.774399, 41.80051999999998], [-70.776319, 41.79792899999999], [-70.777538, 41.79708799999999], [-70.777771, 41.79676800000001], [-70.777968, 41.79598], [-70.777848, 41.79456599999999], [-70.778359, 41.793033], [-70.778491, 41.79204399999999], [-70.778259, 41.78957100000002], [-70.777365, 41.787726], [-70.777008, 41.786436], [-70.77649, 41.77997799999999], [-70.775501, 41.77627399999999], [-70.775509, 41.773037], [-70.774404, 41.77045700000001], [-70.77435, 41.769738000000004], [-70.775851, 41.766259999999996], [-70.778063, 41.762741000000005], [-70.780123, 41.758266], [-70.780715, 41.754512], [-70.781614, 41.751560000000005], [-70.781422, 41.749871999999996], [-70.779121, 41.744517], [-70.778355, 41.74349300000002], [-70.77481, 41.74043700000001], [-70.774342, 41.739705000000015], [-70.77425700000002, 41.739183], [-70.774416, 41.737823], [-70.775032, 41.73526400000001], [-70.774992, 41.73419400000001], [-70.774428, 41.734211], [-70.77266200000001, 41.73509500000001], [-70.772489, 41.735023000000005], [-70.772482, 41.734824000000025], [-70.772782, 41.73445300000001], [-70.773291, 41.734238000000005], [-70.77301, 41.73379100000002], [-70.77223000000001, 41.73377], [-70.771738, 41.733506999999996], [-70.770761, 41.73351499999999], [-70.770468, 41.733895], [-70.770463, 41.733602999999995], [-70.77025, 41.733563999999994], [-70.768375, 41.73395099999998], [-70.76767, 41.73444499999999], [-70.767469, 41.734975000000006], [-70.76714, 41.73529400000001], [-70.766052, 41.735591], [-70.766072, 41.73575199999999], [-70.76538, 41.735986], [-70.765319, 41.736259], [-70.765585, 41.736757], [-70.76519, 41.7367], [-70.764924, 41.736935999999986], [-70.764631, 41.737346], [-70.764806, 41.73767999999999], [-70.764667, 41.73786400000002], [-70.763606, 41.738054000000005], [-70.763601, 41.738279999999996], [-70.763857, 41.738531], [-70.763626, 41.73888999999999], [-70.763257, 41.73903899999999], [-70.762441, 41.73904399999999], [-70.761857, 41.73932099999999], [-70.760503, 41.738865999999994], [-70.760067, 41.739023999999986], [-70.760496, 41.738968], [-70.760436, 41.73912600000001], [-70.759764, 41.73941299999999], [-70.759564, 41.739742], [-70.760621, 41.74100299999999], [-70.76041, 41.74107], [-70.760329, 41.74147], [-70.75958, 41.742208000000005], [-70.75879800000001, 41.742149], [-70.757747, 41.742496], [-70.755375, 41.742299], [-70.755585, 41.74219300000001], [-70.753928, 41.741015000000004], [-70.752152, 41.738854999999994], [-70.751192, 41.73829500000001], [-70.750392, 41.73794300000001], [-70.749512, 41.737847000000016], [-70.748926, 41.737857], [-70.747762, 41.738305999999994], [-70.746607, 41.73833599999998], [-70.746802, 41.738184], [-70.74644700000002, 41.73798800000001], [-70.746196, 41.738214], [-70.746027, 41.73814900000001], [-70.744272, 41.73680999999999], [-70.743231, 41.735758], [-70.742982, 41.73518299999999], [-70.743019, 41.734753000000005], [-70.744333, 41.733509000000005], [-70.744563, 41.733014], [-70.744192, 41.73191400000001], [-70.743498, 41.73119599999999], [-70.742564, 41.73067099999999], [-70.742041, 41.73060799999999], [-70.738583, 41.731238999999995], [-70.735047, 41.72864800000001], [-70.733463, 41.727896], [-70.729111, 41.72651999999999], [-70.728535, 41.726216], [-70.727831, 41.72552799999998], [-70.726551, 41.72368800000002], [-70.725174, 41.722648], [-70.72319, 41.721544], [-70.719958, 41.720376000000016], [-70.71855, 41.71930400000001], [-70.717654, 41.71837600000001], [-70.716006, 41.718647999999995], [-70.676629, 41.691129], [-70.686196, 41.669800999999985], [-70.699574, 41.643719000000004], [-70.749206, 41.66850500000001], [-70.750847, 41.669590999999976], [-70.751867, 41.660342000000014], [-70.752498, 41.65038799999999], [-70.754006, 41.64579499999999], [-70.755568, 41.64310400000001], [-70.756354, 41.642074999999984], [-70.75748, 41.64131999999999], [-70.762944, 41.639025000000004], [-70.774624, 41.634933000000004], [-70.803891, 41.62506699999999], [-70.801544, 41.621168999999995], [-70.800336, 41.61874100000001], [-70.801026, 41.61657300000001], [-70.804856, 41.612776000000004], [-70.813274, 41.607960000000006], [-70.839175, 41.61476100000001], [-70.842264, 41.624457], [-70.84932, 41.624472000000004], [-70.860365, 41.624091], [-70.859872, 41.62362600000001], [-70.859766, 41.623825999999994], [-70.859393, 41.623917000000006], [-70.859283, 41.62381100000002], [-70.857934, 41.623880000000014], [-70.857551, 41.623136], [-70.857208, 41.622899000000025], [-70.856773, 41.62274099999999], [-70.856516, 41.622825000000006], [-70.856564, 41.62261100000001], [-70.856421, 41.622472], [-70.855325, 41.62217700000001], [-70.855209, 41.621767000000006], [-70.855442, 41.620651999999986], [-70.855254, 41.6202], [-70.854749, 41.620071], [-70.854682, 41.619175000000006], [-70.854219, 41.618408], [-70.854573, 41.61598499999999], [-70.853983, 41.61441399999999], [-70.853713, 41.61436499999999], [-70.85397700000001, 41.61379500000001], [-70.85297, 41.61361099999999], [-70.853093, 41.61341900000001], [-70.852923, 41.613013999999986], [-70.852705, 41.61296499999999], [-70.852792, 41.61284900000001], [-70.852618, 41.612545], [-70.852248, 41.612218000000006], [-70.851693, 41.61213699999999], [-70.851801, 41.611973], [-70.851339, 41.61118499999999], [-70.850566, 41.61094400000002], [-70.849334, 41.610093000000006], [-70.84956, 41.60911699999997], [-70.847402, 41.60749599999999], [-70.844428, 41.60628], [-70.840391, 41.605277], [-70.837257, 41.604935999999995], [-70.837136, 41.605225000000004], [-70.836544, 41.60501100000001], [-70.83604500000001, 41.60517999999999], [-70.835749, 41.604879999999994], [-70.835833, 41.60459], [-70.835643, 41.604046], [-70.835448, 41.60404700000001], [-70.835304, 41.604466000000016], [-70.835115, 41.604341], [-70.835535, 41.60385200000002], [-70.835332, 41.60387300000001], [-70.83556600000001, 41.60359099999999], [-70.83463, 41.603163999999985], [-70.834561, 41.60275299999999], [-70.834124, 41.602033], [-70.83361900000001, 41.60185700000001], [-70.832768, 41.602197000000004], [-70.832214, 41.601764], [-70.831823, 41.601831999999995], [-70.831971, 41.601919], [-70.831979, 41.602454], [-70.83145, 41.60302399999999], [-70.831897, 41.603882999999996], [-70.831549, 41.604959000000015], [-70.831889, 41.606446999999996], [-70.83159, 41.606653999999985], [-70.831194, 41.60653], [-70.83069, 41.605830000000005], [-70.830412, 41.60573000000001], [-70.829825, 41.60443399999998], [-70.828816, 41.60374200000001], [-70.82773, 41.602187], [-70.827116, 41.602080000000015], [-70.826028, 41.601580000000006], [-70.82489, 41.601462], [-70.824374, 41.60035999999998], [-70.823957, 41.600005000000024], [-70.823165, 41.599814], [-70.822919, 41.599244999999996], [-70.820089, 41.596114000000014], [-70.818254, 41.592351], [-70.817698, 41.592129000000014], [-70.817332, 41.59178800000001], [-70.816494, 41.591893999999996], [-70.816162, 41.59168900000001], [-70.815818, 41.59178800000001], [-70.816191, 41.591338], [-70.81641800000001, 41.59019599999999], [-70.816951, 41.58928000000001], [-70.819342, 41.588654000000005], [-70.819898, 41.58837900000002], [-70.820892, 41.587439999999994], [-70.821689, 41.58583200000001], [-70.821755, 41.58399], [-70.8215, 41.582837], [-70.821717, 41.58245699999999], [-70.822251, 41.58235000000001], [-70.823576, 41.582696000000006], [-70.82551, 41.582848999999996], [-70.827158, 41.58333299999999], [-70.827581, 41.58313599999999], [-70.827905, 41.58354099999998], [-70.828008, 41.583401], [-70.829078, 41.584167], [-70.829417, 41.584172], [-70.830433, 41.584978], [-70.830358, 41.58516099999999], [-70.831039, 41.585740000000015], [-70.831244, 41.586218999999986], [-70.834249, 41.58929700000001], [-70.834641, 41.590180000000004], [-70.834913, 41.590314000000006], [-70.834805, 41.590436999999994], [-70.834988, 41.590503000000005], [-70.834968, 41.590693], [-70.836336, 41.591922000000004], [-70.836504, 41.59214699999999], [-70.83656300000001, 41.59289899999998], [-70.83707900000002, 41.593306000000005], [-70.837592, 41.59345700000001], [-70.837478, 41.593731999999996], [-70.837662, 41.59384500000001], [-70.837877, 41.59458899999999], [-70.837728, 41.595617], [-70.837962, 41.59596199999999], [-70.83927, 41.596308], [-70.841545, 41.596362000000006], [-70.841575, 41.596542000000014], [-70.841777, 41.59651199999999], [-70.841735, 41.596334000000006], [-70.843217, 41.596083000000014], [-70.843299, 41.59557599999999], [-70.843134, 41.59526100000001], [-70.84271, 41.594608], [-70.842178, 41.594243000000006], [-70.842026, 41.593528], [-70.841754, 41.593117], [-70.841904, 41.592762], [-70.84229, 41.59302499999999], [-70.842282, 41.593617000000016], [-70.842582, 41.593928], [-70.843481, 41.594348], [-70.843873, 41.59479400000001], [-70.844646, 41.595088], [-70.845072, 41.595518999999996], [-70.846158, 41.59559199999999], [-70.847201, 41.595455999999984], [-70.84758, 41.595127], [-70.847641, 41.594843000000004], [-70.848713, 41.594223], [-70.848517, 41.59379599999999], [-70.849165, 41.593901], [-70.850237, 41.593268], [-70.850556, 41.59271499999999], [-70.849865, 41.591991], [-70.85085, 41.591039], [-70.850974, 41.590337], [-70.85218, 41.589282], [-70.852508, 41.588563000000015], [-70.853005, 41.588239], [-70.853369, 41.585944000000026], [-70.852937, 41.584149999999994], [-70.853002, 41.583435999999985], [-70.852811, 41.58264599999999], [-70.853886, 41.582057999999996], [-70.854361, 41.58207999999998], [-70.85548, 41.58257299999999], [-70.85696, 41.58357500000002], [-70.85763, 41.586389], [-70.857494, 41.58752500000001], [-70.857727, 41.58809], [-70.8589, 41.589173000000024], [-70.858705, 41.58928699999999], [-70.85907, 41.590023], [-70.859347, 41.591480999999995], [-70.859609, 41.59201], [-70.859986, 41.591964], [-70.85974200000001, 41.592273999999996], [-70.859993, 41.59230300000001], [-70.859727, 41.59256799999999], [-70.859967, 41.592879], [-70.859882, 41.59301099999999], [-70.860136, 41.59318], [-70.859727, 41.593379000000006], [-70.859839, 41.593632], [-70.86169, 41.595273], [-70.863651, 41.59636900000002], [-70.864276, 41.597281999999986], [-70.863918, 41.59770099999999], [-70.864033, 41.598300999999985], [-70.865855, 41.599629], [-70.866352, 41.60021600000002], [-70.866412, 41.600754], [-70.86494200000001, 41.601287000000006], [-70.863479, 41.60220499999998], [-70.863328, 41.60353899999999], [-70.864199, 41.604971000000006], [-70.864603, 41.60656200000002], [-70.865474, 41.607775], [-70.866061, 41.60912], [-70.866395, 41.609392000000014], [-70.866113, 41.610014], [-70.867372, 41.611577999999994], [-70.867525, 41.61223200000001], [-70.867815, 41.61258000000001], [-70.867566, 41.61269499999998], [-70.867688, 41.613011000000014], [-70.867922, 41.61334], [-70.868686, 41.613811999999996], [-70.868713, 41.614190000000015], [-70.869035, 41.61450299999998], [-70.869138, 41.615455000000004], [-70.869293, 41.61563499999999], [-70.868933, 41.61578900000001], [-70.868887, 41.61595700000001], [-70.869433, 41.617093], [-70.869279, 41.61731900000001], [-70.869425, 41.61763899999999], [-70.869291, 41.61770300000003], [-70.869239, 41.618242], [-70.869349, 41.61844799999999], [-70.869129, 41.618576], [-70.868828, 41.61963600000001], [-70.869129, 41.620696999999986], [-70.86961800000002, 41.621230999999995], [-70.869246, 41.621336], [-70.868796, 41.62201199999999], [-70.868624, 41.62302400000001], [-70.869159, 41.623473], [-70.869092, 41.62364099999999], [-70.869564, 41.62437899999999], [-70.869525, 41.624781000000006], [-70.869817, 41.625282], [-70.871457, 41.62646], [-70.871995, 41.62704099999999], [-70.87273800000001, 41.62719000000003], [-70.872965, 41.627607], [-70.876928, 41.628448999999996], [-70.876908, 41.628647000000015], [-70.877191, 41.628791], [-70.877937, 41.628817999999995], [-70.878031, 41.628892], [-70.877855, 41.628997], [-70.878849, 41.62922699999999], [-70.879059, 41.629817999999965], [-70.88101100000002, 41.63084600000001], [-70.882192, 41.63111199999998], [-70.882649, 41.631007], [-70.883309, 41.631433], [-70.884384, 41.631386], [-70.884623, 41.63175699999999], [-70.884863, 41.631739], [-70.885373, 41.63204499999999], [-70.885739, 41.632028000000005], [-70.886134, 41.63242000000002], [-70.886746, 41.63251100000001], [-70.88711, 41.632168], [-70.887575, 41.63210200000001], [-70.88887, 41.632278], [-70.889255, 41.63219300000001], [-70.889082, 41.631196], [-70.889886, 41.630733], [-70.889893, 41.62969200000001], [-70.89037, 41.629245999999995], [-70.890539, 41.628483], [-70.891745, 41.627421], [-70.891773, 41.626911], [-70.892045, 41.626295], [-70.893259, 41.625348], [-70.89333, 41.62516600000002], [-70.893177, 41.624957999999985], [-70.89333, 41.624887], [-70.89561000000002, 41.62430600000002], [-70.895797, 41.624013999999974], [-70.899759, 41.62403800000003], [-70.902573, 41.623780000000004], [-70.903078, 41.62405700000001], [-70.903025, 41.624341000000015], [-70.903188, 41.62452], [-70.90600600000002, 41.623850000000026], [-70.906695, 41.625134], [-70.907582, 41.63050400000001], [-70.910282, 41.632004000000016], [-70.913182, 41.63450400000001], [-70.913882, 41.63750500000001], [-70.910381, 41.63980599999999], [-70.909981, 41.64160700000001], [-70.911881, 41.64420599999999], [-70.916982, 41.64470499999998], [-70.919182, 41.64650499999999], [-70.919982, 41.649204], [-70.918692, 41.65293099999999], [-70.917627, 41.654894], [-70.916495, 41.65961], [-70.917482, 41.666303], [-70.915482, 41.674103], [-70.916475, 41.67814600000001], [-70.916737, 41.67844399999999], [-70.916738, 41.679534000000004], [-70.917067, 41.680588], [-70.917623, 41.681154000000014], [-70.918646, 41.68141299999999], [-70.91896700000001, 41.68182499999999], [-70.919194, 41.681753], [-70.91853300000001, 41.680856000000006], [-70.918471, 41.680056000000015], [-70.918684, 41.68000800000001], [-70.922708, 41.679938], [-70.922902, 41.67960299999999], [-70.932195, 41.679962], [-70.932184, 41.67978300000001], [-70.93357, 41.679815000000005], [-70.934008, 41.682155000000016], [-70.934975, 41.693365000000014], [-70.937392, 41.692771000000015], [-70.939013, 41.69290099999999], [-70.939061, 41.694072000000006], [-70.941444, 41.693464], [-70.944934, 41.69288099999999], [-70.946942, 41.697008]]]}}, {"type": "Feature", "properties": {"district_name": "18th Suffolk District", "chamber": "house", "vintage": "2022-present", "lean_dem_share": 0.8419, "competitiveness": "Safe", "competitiveness_label": "Safe D", "party_favored": "Democratic", "url": "/district/house-18th-suffolk-district-2022-present/"}, "geometry": {"type": "Polygon", "coordinates": [[[-71.17485, 42.350337], [-71.173916, 42.35346499999999], [-71.167608, 42.36009500000001], [-71.166158, 42.35990699999998], [-71.16421800000002, 42.35863100000001], [-71.16300800000002, 42.35846900000001], [-71.162285, 42.358564], [-71.160518, 42.359497], [-71.159278, 42.359902], [-71.155246, 42.35989500000001], [-71.152476, 42.360678000000014], [-71.148642, 42.36106899999999], [-71.147808, 42.361306000000006], [-71.146336, 42.362475], [-71.14524, 42.364150000000016], [-71.144492, 42.36482199999999], [-71.143294, 42.36508400000003], [-71.140642, 42.36442199999999], [-71.139692, 42.364475], [-71.13856, 42.36509900000002], [-71.136437, 42.36688899999999], [-71.135719, 42.367273999999995], [-71.134168, 42.367758999999985], [-71.132373, 42.36889099999999], [-71.131874, 42.36949700000001], [-71.131788, 42.370065000000004], [-71.132182, 42.37090100000001], [-71.133091, 42.371976], [-71.13315, 42.37256299999998], [-71.132962, 42.372940000000014], [-71.132457, 42.373382], [-71.13099700000001, 42.373892], [-71.128951, 42.37383500000001], [-71.127634, 42.37325899999999], [-71.126024, 42.37194799999999], [-71.124582, 42.369636000000014], [-71.123827, 42.369156999999994], [-71.122044, 42.368703], [-71.11896, 42.36876], [-71.11819, 42.36852900000001], [-71.117692, 42.368145999999996], [-71.117082, 42.367033], [-71.11687300000001, 42.365885000000006], [-71.116936, 42.363676999999996], [-71.116578, 42.359567], [-71.117165, 42.356997], [-71.117066, 42.355866], [-71.11653, 42.355028000000004], [-71.114916, 42.35386100000001], [-71.114087, 42.353450999999986], [-71.11246, 42.352903], [-71.110589, 42.352616], [-71.110283, 42.35408000000002], [-71.110431, 42.35446099999998], [-71.110379, 42.354877999999985], [-71.110233, 42.35525100000001], [-71.109577, 42.3559], [-71.108195, 42.35521200000001], [-71.106725, 42.355002999999996], [-71.106402, 42.355134], [-71.102642, 42.35864400000001], [-71.098178, 42.36078199999997], [-71.09886, 42.361184], [-71.097684, 42.361816000000005], [-71.09431, 42.359776], [-71.093489, 42.35888100000002], [-71.094065, 42.358699], [-71.093845, 42.358309999999996], [-71.093254, 42.358443000000015], [-71.093138, 42.358222999999995], [-71.095244, 42.357475], [-71.095092, 42.357236999999984], [-71.096886, 42.356627], [-71.096564, 42.35609000000001], [-71.098817, 42.355342], [-71.09789, 42.35311999999999], [-71.103032, 42.352514], [-71.103624, 42.349733], [-71.100555, 42.349357000000005], [-71.100764, 42.348101], [-71.100995, 42.34797], [-71.100564, 42.347918], [-71.101143, 42.347758], [-71.099802, 42.34765099999998], [-71.10282, 42.346187999999984], [-71.103352, 42.347156000000005], [-71.105067, 42.34669599999999], [-71.106001, 42.348404000000016], [-71.106894, 42.348588], [-71.10657, 42.349912], [-71.121311, 42.351674999999986], [-71.120729, 42.35461500000002], [-71.125088, 42.35523599999999], [-71.12514600000002, 42.354944], [-71.125014, 42.35492499999999], [-71.125175, 42.35435799999999], [-71.12474, 42.35430100000001], [-71.12495, 42.35335399999999], [-71.128031, 42.35372400000001], [-71.128344, 42.35260400000001], [-71.137341, 42.353590000000004], [-71.132404, 42.35571199999999], [-71.129718, 42.356654000000006], [-71.12968, 42.35708000000002], [-71.13083, 42.359024], [-71.131488, 42.35859500000002], [-71.131621, 42.358799000000005], [-71.13224, 42.358585000000005], [-71.133083, 42.358556], [-71.13316100000002, 42.35938800000001], [-71.132911, 42.359981999999995], [-71.130578, 42.36198600000001], [-71.130417, 42.36195699999999], [-71.130218, 42.36269399999998], [-71.132645, 42.363332], [-71.13381, 42.363381], [-71.138473, 42.36277700000001], [-71.13841, 42.362245], [-71.140782, 42.357977000000005], [-71.137979, 42.357608000000006], [-71.139066, 42.353791000000015], [-71.140681, 42.35400400000002], [-71.149082, 42.35615100000001], [-71.152384, 42.35090300000001], [-71.154025, 42.35137099999999], [-71.153568, 42.352148000000014], [-71.15443000000002, 42.352396], [-71.154939, 42.351603999999995], [-71.156621, 42.351890999999995], [-71.158071, 42.351915999999996], [-71.158059, 42.354074000000004], [-71.158594, 42.35381300000001], [-71.158899, 42.35418899999998], [-71.161848, 42.354727], [-71.162368, 42.35249300000001], [-71.161985, 42.352547], [-71.162138, 42.348989], [-71.163333, 42.349115000000005], [-71.163594, 42.34891], [-71.163712, 42.348533], [-71.164734, 42.34873], [-71.165209, 42.348555999999995], [-71.165674, 42.348231], [-71.16646, 42.346964], [-71.164878, 42.34642599999999], [-71.162118, 42.34637300000001], [-71.161311, 42.34757599999999], [-71.16043, 42.34732600000001], [-71.160751, 42.346702999999984], [-71.159378, 42.34632], [-71.159309, 42.345978], [-71.158103, 42.346091], [-71.157688, 42.34512099999999], [-71.157901, 42.34324800000001], [-71.159758, 42.340058], [-71.157878, 42.33973], [-71.155056, 42.34038499999999], [-71.154268, 42.340163], [-71.153192, 42.339149000000006], [-71.152587, 42.338896], [-71.152741, 42.338645999999976], [-71.150692, 42.33827399999999], [-71.150658, 42.33749500000001], [-71.152262, 42.337185], [-71.15126, 42.33634099999999], [-71.150601, 42.33625100000002], [-71.148847, 42.33935799999999], [-71.149612, 42.339474], [-71.151648, 42.340535], [-71.153111, 42.340696], [-71.154734, 42.341206], [-71.153417, 42.343289000000006], [-71.153457, 42.344143999999986], [-71.153274, 42.34464999999997], [-71.155147, 42.345229], [-71.153786, 42.34725599999999], [-71.153067, 42.346153999999984], [-71.150662, 42.34566499999999], [-71.15109, 42.345009999999995], [-71.15031900000001, 42.344796], [-71.150039, 42.34455300000001], [-71.15013, 42.343141], [-71.149361, 42.342932000000005], [-71.149529, 42.342258], [-71.149044, 42.342201], [-71.148633, 42.34181399999999], [-71.145923, 42.341897], [-71.145779, 42.341516], [-71.14686, 42.34137199999999], [-71.147571, 42.340610999999996], [-71.147143, 42.34058600000001], [-71.146744, 42.34026900000001], [-71.147065, 42.34001300000002], [-71.147142, 42.339517], [-71.146936, 42.339038], [-71.146356, 42.338860000000004], [-71.146215, 42.338632], [-71.146606, 42.33853700000002], [-71.146156, 42.33744200000002], [-71.148742, 42.336866], [-71.148295, 42.335806999999996], [-71.15005900000001, 42.33539299999999], [-71.150461, 42.334968], [-71.149853, 42.334635], [-71.157036, 42.33039], [-71.159325, 42.332767999999994], [-71.161295, 42.33378299999999], [-71.162732, 42.333961], [-71.167565, 42.333441], [-71.168191, 42.33479100000001], [-71.16857, 42.335143], [-71.168886, 42.33582599999999], [-71.169217, 42.33806800000001], [-71.168633, 42.338629], [-71.166808, 42.33928999999997], [-71.166683, 42.340104000000004], [-71.17485, 42.350337]]]}}, {"type": "Feature", "properties": {"district_name": "11th Bristol District", "chamber": "house", "vintage": "2022-present", "lean_dem_share": 0.6204, "competitiveness": "Safe", "competitiveness_label": "Safe D", "party_favored": "Democratic", "url": "/district/house-11th-bristol-district-2022-present/"}, "geometry": {"type": "Polygon", "coordinates": [[[-70.953379, 41.652235], [-70.953044, 41.657129], [-70.952269, 41.65865700000001], [-70.951305, 41.65965899999999], [-70.947223, 41.66258599999999], [-70.942695, 41.66295999999999], [-70.942683, 41.663883000000006], [-70.942978, 41.665258], [-70.937398, 41.665816], [-70.93818, 41.67255800000001], [-70.93915500000001, 41.67250899999999], [-70.940452, 41.679672], [-70.939663, 41.680057], [-70.938685, 41.679998000000005], [-70.93848, 41.67895299999999], [-70.933368, 41.67876900000001], [-70.93357, 41.679815000000005], [-70.932184, 41.67978300000001], [-70.932195, 41.679962], [-70.922902, 41.67960299999999], [-70.922708, 41.679938], [-70.918872, 41.679984000000005], [-70.918471, 41.680056000000015], [-70.918594, 41.681062], [-70.919194, 41.681753], [-70.91896700000001, 41.68182499999999], [-70.918646, 41.68141299999999], [-70.917623, 41.681154000000014], [-70.917095, 41.680631999999996], [-70.916738, 41.679534000000004], [-70.916737, 41.67844399999999], [-70.916475, 41.67814600000001], [-70.915482, 41.674103], [-70.917482, 41.666303], [-70.916495, 41.65961], [-70.917627, 41.654894], [-70.918692, 41.65293099999999], [-70.919982, 41.649204], [-70.919182, 41.64650499999999], [-70.916982, 41.64470499999998], [-70.911881, 41.64420599999999], [-70.909981, 41.64160700000001], [-70.910381, 41.63980599999999], [-70.913882, 41.63750500000001], [-70.913182, 41.63450400000001], [-70.918235, 41.632497000000015], [-70.920634, 41.632052], [-70.921374, 41.632211999999996], [-70.923676, 41.63197799999999], [-70.922651, 41.625730999999995], [-70.92434300000001, 41.62557000000001], [-70.92425, 41.624990999999994], [-70.92555, 41.624837], [-70.926608, 41.62590999999998], [-70.928238, 41.628434000000006], [-70.929115, 41.63154799999998], [-70.930211, 41.633182000000005], [-70.930498, 41.63454600000001], [-70.937021, 41.63384400000002], [-70.937279, 41.63518500000001], [-70.944375, 41.634373], [-70.945237, 41.63880999999999], [-70.949572, 41.63832200000001], [-70.949885, 41.63963800000002], [-70.951222, 41.64220199999999], [-70.938987, 41.643398], [-70.938809, 41.642491], [-70.933058, 41.64302600000001], [-70.93356800000001, 41.645824], [-70.933325, 41.646705999999995], [-70.933411, 41.647028], [-70.93607, 41.652671999999995], [-70.93694200000002, 41.65250699999999], [-70.938351, 41.65456600000001], [-70.939216, 41.656228000000006], [-70.941228, 41.65589899999999], [-70.93908, 41.652102], [-70.942846, 41.651390000000006], [-70.943156, 41.65195200000001], [-70.95144, 41.648774], [-70.95224, 41.65009600000001], [-70.952219, 41.650644999999976], [-70.952863, 41.651578], [-70.95285, 41.65217700000001], [-70.953379, 41.652235]]]}}, {"type": "Feature", "properties": {"district_name": "2nd Hampshire District", "chamber": "house", "vintage": "2022-present", "lean_dem_share": 0.6915, "competitiveness": "Safe", "competitiveness_label": "Safe D", "party_favored": "Democratic", "url": "/district/house-2nd-hampshire-district-2022-present/"}, "geometry": {"type": "Polygon", "coordinates": [[[-72.736646, 42.28424999999999], [-72.672091, 42.29188700000002], [-72.672169, 42.290962000000015], [-72.672035, 42.290192999999995], [-72.660216, 42.28925399999998], [-72.660468, 42.288695999999995], [-72.648766, 42.291824000000005], [-72.646138, 42.290468], [-72.643832, 42.28851900000001], [-72.64208, 42.288174000000005], [-72.640677, 42.284137000000015], [-72.637441, 42.287406], [-72.636196, 42.286113], [-72.634849, 42.28538800000001], [-72.633669, 42.285122], [-72.630232, 42.28492899999999], [-72.629022, 42.28526699999998], [-72.627927, 42.28592299999999], [-72.627382, 42.286492], [-72.624521, 42.28814800000001], [-72.622198, 42.289012], [-72.621085, 42.28962], [-72.619303, 42.290067], [-72.614701, 42.29019900000001], [-72.613704, 42.292395000000006], [-72.61129, 42.295806000000006], [-72.599228, 42.307849000000004], [-72.597169, 42.31059200000001], [-72.595111, 42.314488], [-72.593694, 42.31648299999999], [-72.593391, 42.31677500000001], [-72.592722, 42.317030999999986], [-72.588321, 42.317947000000004], [-72.586607, 42.31873499999999], [-72.585311, 42.319855], [-72.584238, 42.321365], [-72.584108, 42.321789], [-72.58438, 42.323941999999995], [-72.585786, 42.32603199999999], [-72.58633, 42.326533000000026], [-72.58746, 42.32712099999999], [-72.592946, 42.32776500000001], [-72.597972, 42.328806], [-72.603414, 42.32967899999999], [-72.608226, 42.331449], [-72.612283, 42.333339999999986], [-72.61711, 42.336060999999994], [-72.618318, 42.33692], [-72.61871000000001, 42.337476], [-72.61903, 42.33892900000001], [-72.620137, 42.34130799999999], [-72.621268, 42.342124999999996], [-72.623044, 42.34296399999999], [-72.624558, 42.34334200000001], [-72.633691, 42.344483000000004], [-72.635882, 42.344419000000016], [-72.637327, 42.34414499999998], [-72.638201, 42.344266000000005], [-72.63887, 42.344723], [-72.639129, 42.345426], [-72.639089, 42.34633999999999], [-72.638608, 42.34775599999998], [-72.637519, 42.349258], [-72.63677, 42.349806], [-72.634901, 42.35087100000001], [-72.63334, 42.351251], [-72.628242, 42.35174600000001], [-72.625972, 42.351687], [-72.61547, 42.350309], [-72.605903, 42.34951300000001], [-72.603285, 42.349515000000004], [-72.599326, 42.34988699999999], [-72.594495, 42.350847000000016], [-72.592245, 42.351827000000014], [-72.590851, 42.352782], [-72.58922, 42.354448], [-72.588151, 42.35657299999998], [-72.58753, 42.358608], [-72.587453, 42.361172], [-72.588285, 42.364434], [-72.590335, 42.368522999999996], [-72.59121, 42.370654000000016], [-72.591693, 42.372888], [-72.591766, 42.374848], [-72.591402, 42.376923999999995], [-72.589579, 42.38259800000003], [-72.587656, 42.387147000000006], [-72.586389, 42.38889999999999], [-72.586176, 42.38984799999999], [-72.586991, 42.39158699999998], [-72.590197, 42.39576099999999], [-72.590331, 42.396567000000005], [-72.589947, 42.397403999999995], [-72.588887, 42.39867200000002], [-72.587656, 42.399029999999996], [-72.584712, 42.399], [-72.583315, 42.398538], [-72.581412, 42.397490000000005], [-72.580693, 42.397305], [-72.580161, 42.397246], [-72.578381, 42.397538999999995], [-72.576673, 42.39853599999999], [-72.57598400000002, 42.39936200000002], [-72.575313, 42.400808], [-72.575153, 42.401897000000005], [-72.574767, 42.40509200000002], [-72.575327, 42.408374], [-72.576458, 42.411525], [-72.577916, 42.41392799999999], [-72.58114300000001, 42.422581000000015], [-72.544199, 42.42714999999998], [-72.546776, 42.40008700000001], [-72.531586, 42.401498999999994], [-72.53547, 42.36524099999999], [-72.536463, 42.36512200000001], [-72.53678, 42.35986599999999], [-72.535785, 42.35997200000003], [-72.540909, 42.319584000000006], [-72.537986, 42.32011099999998], [-72.535151, 42.30425199999999], [-72.531212, 42.303624], [-72.527961, 42.30145799999999], [-72.52789, 42.299838], [-72.53124, 42.297936], [-72.53364, 42.29728999999999], [-72.535081, 42.295542000000005], [-72.536336, 42.294930000000015], [-72.537637, 42.294643000000015], [-72.53968400000001, 42.29306600000001], [-72.540164, 42.292356000000005], [-72.53999, 42.28981000000002], [-72.540482, 42.28876400000001], [-72.540712, 42.287616], [-72.541358, 42.286492], [-72.543306, 42.28580500000001], [-72.546987, 42.285073000000004], [-72.558585, 42.280412000000005], [-72.555629, 42.25019300000001], [-72.553841, 42.24936600000002], [-72.552716, 42.24902500000002], [-72.547629, 42.24829100000001], [-72.54629, 42.24777700000003], [-72.544336, 42.246724999999984], [-72.538316, 42.249603999999984], [-72.531346, 42.253629], [-72.523618, 42.255268999999984], [-72.519934, 42.255083], [-72.517794, 42.255649], [-72.516758, 42.25631700000001], [-72.516034, 42.258268], [-72.515378, 42.25889], [-72.512856, 42.260053], [-72.511508, 42.260389999999994], [-72.508792, 42.26075300000001], [-72.507183, 42.26164500000001], [-72.506192, 42.261940999999986], [-72.500987, 42.262638], [-72.494226, 42.26325799999999], [-72.485816, 42.264418], [-72.483929, 42.26456300000001], [-72.478339, 42.26440000000002], [-72.471614, 42.26538899999999], [-72.463557, 42.264336999999976], [-72.457971, 42.265103999999994], [-72.457002, 42.26506700000001], [-72.455, 42.264564], [-72.44712, 42.227254], [-72.52429, 42.218734000000005], [-72.593448, 42.211557000000006], [-72.596133, 42.211774999999996], [-72.599481, 42.212474], [-72.602352, 42.21331500000001], [-72.603803, 42.21386699999999], [-72.606533, 42.215297], [-72.60949, 42.217466], [-72.610078, 42.218189], [-72.610749, 42.219419999999985], [-72.611654, 42.22294599999999], [-72.611959, 42.223611000000005], [-72.61273, 42.224653999999994], [-72.614115, 42.226064], [-72.615725, 42.22711500000001], [-72.622463, 42.23021099999999], [-72.623191, 42.230911000000006], [-72.623656, 42.23165599999999], [-72.62411, 42.23507299999999], [-72.623983, 42.235925], [-72.620071, 42.24452099999999], [-72.618009, 42.248368999999975], [-72.615071, 42.252013999999996], [-72.613621, 42.254248999999994], [-72.612579, 42.255310000000016], [-72.611248, 42.25725], [-72.607781, 42.26057999999999], [-72.600278, 42.265311], [-72.599917, 42.265741], [-72.599074, 42.267718000000016], [-72.59884, 42.27066800000001], [-72.599364, 42.275336], [-72.599959, 42.276845], [-72.600376, 42.27739299999998], [-72.600714, 42.27858700000001], [-72.600797, 42.279986000000015], [-72.601209, 42.281259], [-72.60432000000002, 42.284021], [-72.605056, 42.28440100000001], [-72.611529, 42.28542999999999], [-72.612708, 42.28592000000001], [-72.613138, 42.286265], [-72.634585, 42.273943], [-72.656536, 42.227739], [-72.66777, 42.225456], [-72.687678, 42.223241], [-72.686712, 42.225789000000006], [-72.685837, 42.23163099999999], [-72.685997, 42.234049], [-72.686484, 42.23553], [-72.68719, 42.236749], [-72.687279, 42.23801100000003], [-72.686808, 42.238904], [-72.685711, 42.24019], [-72.684423, 42.242385], [-72.682592, 42.244127000000006], [-72.701423, 42.25710899999999], [-72.700372, 42.257526999999996], [-72.700617, 42.258019000000004], [-72.699662, 42.258210000000005], [-72.699175, 42.25803699999998], [-72.698675, 42.258466], [-72.698798, 42.25867800000002], [-72.69944, 42.258525], [-72.699871, 42.25899600000002], [-72.699156, 42.25896700000001], [-72.699046, 42.259054000000006], [-72.69915500000002, 42.259393], [-72.698774, 42.259532999999976], [-72.698608, 42.25905], [-72.69837, 42.259135], [-72.698304, 42.25957400000001], [-72.697969, 42.259884], [-72.698529, 42.260137], [-72.698438, 42.26036500000001], [-72.698697, 42.260718], [-72.698387, 42.26157700000001], [-72.698487, 42.26205200000001], [-72.697911, 42.26243099999999], [-72.698363, 42.262727999999996], [-72.698172, 42.262896], [-72.697647, 42.262865000000005], [-72.696994, 42.26327000000001], [-72.696947, 42.263443], [-72.697298, 42.263866], [-72.696715, 42.263862], [-72.696545, 42.264017], [-72.696332, 42.26457800000001], [-72.695518, 42.265418000000004], [-72.695507, 42.26574], [-72.69569, 42.26599600000001], [-72.697159, 42.26725100000001], [-72.697495, 42.26704599999999], [-72.698052, 42.267046], [-72.698179, 42.26737299999997], [-72.697931, 42.26805000000001], [-72.698287, 42.268474], [-72.69846, 42.269330999999994], [-72.69926, 42.26963299999999], [-72.699611, 42.26958700000001], [-72.699746, 42.26918299999998], [-72.700778, 42.268929000000014], [-72.701203, 42.26898800000001], [-72.70147, 42.26927500000001], [-72.702102, 42.26900299999999], [-72.702483, 42.269017], [-72.702912, 42.269097000000016], [-72.7033, 42.269408000000006], [-72.704718, 42.26955599999999], [-72.705207, 42.26944100000001], [-72.705327, 42.26975400000001], [-72.70574300000001, 42.269877000000015], [-72.706526, 42.26973499999999], [-72.706943, 42.269935], [-72.707272, 42.269715999999995], [-72.707359, 42.26926900000001], [-72.707764, 42.269329], [-72.708899, 42.27022800000002], [-72.709826, 42.27165100000002], [-72.710362, 42.27262999999999], [-72.710497, 42.273663000000006], [-72.711199, 42.27408700000001], [-72.71207, 42.27511199999999], [-72.712088, 42.275335000000005], [-72.712421, 42.27557100000001], [-72.71241100000002, 42.275808000000005], [-72.712753, 42.275984999999984], [-72.71454200000001, 42.276014999999994], [-72.717051, 42.276628], [-72.718725, 42.27634599999998], [-72.721237, 42.276344], [-72.723283, 42.277109999999986], [-72.72403, 42.277618], [-72.724713, 42.277723000000016], [-72.725019, 42.27808800000001], [-72.7363, 42.27653899999999], [-72.736646, 42.28424999999999]]]}}, {"type": "Feature", "properties": {"district_name": "3rd Hampshire District", "chamber": "house", "vintage": "2022-present", "lean_dem_share": 0.8567, "competitiveness": "Safe", "competitiveness_label": "Safe D", "party_favored": "Democratic", "url": "/district/house-3rd-hampshire-district-2022-present/"}, "geometry": {"type": "Polygon", "coordinates": [[[-72.558585, 42.280412000000005], [-72.546987, 42.285073000000004], [-72.543306, 42.28580500000001], [-72.541358, 42.286492], [-72.540712, 42.287616], [-72.540482, 42.28876400000001], [-72.53999, 42.28981000000002], [-72.540164, 42.292356000000005], [-72.53968400000001, 42.29306600000001], [-72.537637, 42.294643000000015], [-72.536336, 42.294930000000015], [-72.535081, 42.295542000000005], [-72.53364, 42.29728999999999], [-72.53124, 42.297936], [-72.52789, 42.299838], [-72.527961, 42.30145799999999], [-72.531212, 42.303624], [-72.535151, 42.30425199999999], [-72.537986, 42.32011099999998], [-72.540909, 42.319584000000006], [-72.535785, 42.35997200000003], [-72.53678, 42.35986599999999], [-72.536463, 42.36512200000001], [-72.53547, 42.36524099999999], [-72.531586, 42.401498999999994], [-72.546776, 42.40008700000001], [-72.544199, 42.42714999999998], [-72.530968, 42.42885299999999], [-72.499513, 42.43252400000001], [-72.489891, 42.43381599999999], [-72.483696, 42.407481000000004], [-72.476953, 42.375097999999994], [-72.472287, 42.35145800000001], [-72.464202, 42.308088000000005], [-72.455, 42.264564], [-72.457685, 42.265123], [-72.462825, 42.264352], [-72.46386, 42.264351], [-72.471614, 42.26538899999999], [-72.478339, 42.26440000000002], [-72.483929, 42.26456300000001], [-72.485816, 42.264418], [-72.494226, 42.26325799999999], [-72.500987, 42.262638], [-72.506192, 42.261940999999986], [-72.507183, 42.26164500000001], [-72.508792, 42.26075300000001], [-72.511508, 42.260389999999994], [-72.512856, 42.260053], [-72.515378, 42.25889], [-72.516034, 42.258268], [-72.516758, 42.25631700000001], [-72.517794, 42.255649], [-72.519934, 42.255083], [-72.523618, 42.255268999999984], [-72.531346, 42.253629], [-72.538316, 42.249603999999984], [-72.544336, 42.246724999999984], [-72.54629, 42.24777700000003], [-72.547629, 42.24829100000001], [-72.552716, 42.24902500000002], [-72.553841, 42.24936600000002], [-72.555629, 42.25019300000001], [-72.558585, 42.280412000000005]]]}}, {"type": "Feature", "properties": {"district_name": "1st Middlesex District", "chamber": "house", "vintage": "2022-present", "lean_dem_share": 0.5484, "competitiveness": "Lean", "competitiveness_label": "Lean D", "party_favored": "Democratic", "url": "/district/house-1st-middlesex-district-2022-present/"}, "geometry": {"type": "Polygon", "coordinates": [[[-71.89869500000002, 42.711310000000005], [-71.749224, 42.707471000000005], [-71.696505, 42.705721999999994], [-71.651584, 42.70476100000002], [-71.601599, 42.703950999999996], [-71.518947, 42.702196], [-71.457691, 42.70052499999997], [-71.456336, 42.695848999999995], [-71.461033, 42.69196899999998], [-71.459532, 42.69042100000001], [-71.458139, 42.69104100000002], [-71.457027, 42.690656999999995], [-71.456121, 42.68635200000001], [-71.452088, 42.68715399999999], [-71.45146600000001, 42.68536], [-71.450282, 42.685295999999994], [-71.44803, 42.68091300000001], [-71.447285, 42.677496], [-71.446418, 42.67041000000002], [-71.452343, 42.669743], [-71.45236900000002, 42.66938600000001], [-71.451694, 42.669372], [-71.451527, 42.66975800000001], [-71.448618, 42.667735000000015], [-71.447835, 42.666609999999984], [-71.44695600000001, 42.663167999999985], [-71.449754, 42.661827], [-71.455438, 42.661211], [-71.45493, 42.660105], [-71.458683, 42.65975499999999], [-71.457188, 42.65836899999999], [-71.474784, 42.649888999999995], [-71.479484, 42.658794000000015], [-71.482511, 42.65102999999999], [-71.489029, 42.64919700000001], [-71.49246, 42.649101999999985], [-71.496484, 42.649802], [-71.497478, 42.641667], [-71.498593, 42.63879200000001], [-71.493528, 42.61740400000001], [-71.496174, 42.59143199999999], [-71.498006, 42.57686199999999], [-71.503037, 42.575468], [-71.506411, 42.572172000000016], [-71.511412, 42.56941599999999], [-71.512437, 42.569921], [-71.513732, 42.571205], [-71.516721, 42.57366900000001], [-71.520856, 42.57915800000002], [-71.52395, 42.581207000000006], [-71.526033, 42.581951999999994], [-71.528295, 42.58312500000001], [-71.531324, 42.58539299999999], [-71.533052, 42.58632999999999], [-71.53529, 42.58847900000001], [-71.53719700000002, 42.589442000000005], [-71.538398, 42.59053400000001], [-71.539597, 42.593188], [-71.540294, 42.59380099999998], [-71.541459, 42.59427900000002], [-71.54222500000002, 42.594366000000015], [-71.544952, 42.593938999999985], [-71.547588, 42.593864999999994], [-71.54837700000002, 42.59417599999999], [-71.549465, 42.595191], [-71.553634, 42.59684000000001], [-71.554814, 42.596888], [-71.556801, 42.59624199999999], [-71.558561, 42.596239], [-71.561011, 42.597317], [-71.563317, 42.59782500000003], [-71.564423, 42.59877399999999], [-71.56627200000001, 42.59995500000001], [-71.567106, 42.600982000000016], [-71.56769900000002, 42.602779999999996], [-71.567889, 42.60495900000001], [-71.568478, 42.605886000000005], [-71.572149, 42.60477399999999], [-71.572612, 42.606013], [-71.57339, 42.60686400000001], [-71.578002, 42.60965600000001], [-71.579486, 42.61076500000001], [-71.580859, 42.612056], [-71.582733, 42.614285], [-71.583466, 42.615545000000004], [-71.584188, 42.61739399999999], [-71.58416500000001, 42.618680999999995], [-71.588848, 42.623363], [-71.591601, 42.62570699999999], [-71.593127, 42.626509999999996], [-71.593623, 42.626247000000006], [-71.59598800000002, 42.62633699999999], [-71.59846, 42.625851], [-71.599644, 42.625821], [-71.600309, 42.625972], [-71.60091, 42.62625400000002], [-71.601616, 42.626981], [-71.603562, 42.629864], [-71.604828, 42.630818999999995], [-71.605621, 42.631025999999984], [-71.606576, 42.63079400000001], [-71.607123, 42.630468], [-71.608056, 42.62738000000001], [-71.609929, 42.62755400000001], [-71.609874, 42.627845], [-71.61418, 42.62849799999998], [-71.615525, 42.629273000000005], [-71.621867, 42.631876], [-71.630784, 42.635163000000006], [-71.64074, 42.63926599999999], [-71.646949, 42.644152], [-71.648988, 42.64423000000001], [-71.652466, 42.645755], [-71.656412, 42.649723], [-71.65793, 42.649944000000005], [-71.664597, 42.61162], [-71.677622, 42.539879000000006], [-71.678969, 42.530430000000024], [-71.711231, 42.535354000000005], [-71.720417, 42.55232900000001], [-71.745072, 42.573859999999996], [-71.747554, 42.57245500000001], [-71.748339, 42.576219000000016], [-71.746152, 42.57770399999999], [-71.744729, 42.57792399999999], [-71.744299, 42.577844], [-71.742751, 42.577358999999994], [-71.741187, 42.57658300000001], [-71.740446, 42.57657100000001], [-71.739729, 42.577045000000005], [-71.73912, 42.578144], [-71.738415, 42.578587000000006], [-71.737901, 42.57936800000002], [-71.737778, 42.579719], [-71.737975, 42.580592], [-71.737871, 42.580824], [-71.735237, 42.581748000000005], [-71.73329, 42.582212], [-71.732841, 42.58218300000001], [-71.732412, 42.581454999999984], [-71.731934, 42.581599000000004], [-71.731607, 42.582233999999985], [-71.730776, 42.582953999999994], [-71.730118, 42.58419100000002], [-71.729867, 42.586595], [-71.729621, 42.587107], [-71.728791, 42.58788000000001], [-71.726408, 42.589338], [-71.723876, 42.59322199999999], [-71.723905, 42.594183], [-71.724601, 42.59506799999998], [-71.725142, 42.59474], [-71.726107, 42.59469500000001], [-71.729879, 42.595461999999976], [-71.734885, 42.598229999999994], [-71.73592, 42.59838899999999], [-71.739986, 42.59728200000001], [-71.742024, 42.597014999999985], [-71.744274, 42.59587200000001], [-71.744966, 42.595668], [-71.74813, 42.595152999999996], [-71.751926, 42.595263], [-71.754779, 42.594608], [-71.756158, 42.593962000000005], [-71.759419, 42.59181000000001], [-71.765927, 42.589592999999994], [-71.768992, 42.587236999999995], [-71.770606, 42.586689], [-71.77197, 42.58597100000002], [-71.770887, 42.603662], [-71.773451, 42.61456799999999], [-71.775325, 42.63666300000001], [-71.844843, 42.63798500000001], [-71.858483, 42.633815], [-71.856393, 42.667643000000005], [-71.857757, 42.674982], [-71.864076, 42.67955700000001], [-71.863754, 42.679550999999975], [-71.865751, 42.684111], [-71.869778, 42.68364700000001], [-71.897103, 42.70372799999999], [-71.89869500000002, 42.711310000000005]]]}}, {"type": "Feature", "properties": {"district_name": "2nd Middlesex District", "chamber": "house", "vintage": "2022-present", "lean_dem_share": 0.6494, "competitiveness": "Safe", "competitiveness_label": "Safe D", "party_favored": "Democratic", "url": "/district/house-2nd-middlesex-district-2022-present/"}, "geometry": {"type": "Polygon", "coordinates": [[[-71.542323, 42.550333999999985], [-71.533031, 42.55272999999999], [-71.533318, 42.55290699999999], [-71.532431, 42.553797], [-71.531476, 42.55405699999999], [-71.529628, 42.55521300000001], [-71.529461, 42.55574599999999], [-71.5292, 42.55590699999999], [-71.52788, 42.556226], [-71.527642, 42.55657], [-71.526687, 42.557133999999984], [-71.526612, 42.557459999999985], [-71.526231, 42.557531], [-71.526181, 42.557734999999994], [-71.525616, 42.557694], [-71.525543, 42.558149], [-71.525257, 42.558259000000014], [-71.525222, 42.558467], [-71.524504, 42.558692000000015], [-71.524622, 42.559112], [-71.524447, 42.55966499999998], [-71.523796, 42.55964399999999], [-71.523187, 42.559826], [-71.520892, 42.56431099999999], [-71.516325, 42.566627000000004], [-71.506411, 42.572172000000016], [-71.503037, 42.575468], [-71.498006, 42.57686199999999], [-71.496174, 42.59143199999999], [-71.493528, 42.61740400000001], [-71.417642, 42.653774], [-71.40709, 42.616432], [-71.403672, 42.618467], [-71.403083, 42.61981699999999], [-71.40206, 42.62133399999998], [-71.402036, 42.62166400000001], [-71.400862, 42.62197999999999], [-71.400198, 42.621278], [-71.400086, 42.62147800000001], [-71.399576, 42.621582999999994], [-71.398995, 42.621523], [-71.398067, 42.621701], [-71.396561, 42.622542], [-71.389853, 42.62721199999999], [-71.379368, 42.62551899999999], [-71.357704, 42.62060000000002], [-71.354997, 42.620312000000006], [-71.350857, 42.62047299999999], [-71.350596, 42.620367999999985], [-71.351193, 42.619817999999995], [-71.351781, 42.619847], [-71.352091, 42.61944], [-71.352217, 42.618851], [-71.353389, 42.618794], [-71.355322, 42.619034000000006], [-71.357599, 42.61888199999999], [-71.356961, 42.617863], [-71.358957, 42.61685799999999], [-71.35707, 42.615174], [-71.359908, 42.61293299999999], [-71.362098, 42.61498399999999], [-71.364411, 42.61399599999999], [-71.36469100000001, 42.61409], [-71.365138, 42.61460700000001], [-71.365283, 42.61503200000001], [-71.367049, 42.614858000000005], [-71.368058, 42.61390200000002], [-71.369901, 42.613077999999994], [-71.369464, 42.612456], [-71.368768, 42.61185199999999], [-71.367687, 42.609832000000004], [-71.367661, 42.609575], [-71.368069, 42.60908100000001], [-71.367775, 42.606572], [-71.366442, 42.604778999999986], [-71.366225, 42.604035999999994], [-71.365552, 42.602898], [-71.365714, 42.602632], [-71.365689, 42.60225100000001], [-71.36495, 42.60087500000001], [-71.363245, 42.60109899999999], [-71.36078, 42.60085999999999], [-71.385844, 42.58703100000004], [-71.388615, 42.585819], [-71.397668, 42.58266800000001], [-71.388373, 42.54994600000002], [-71.38474, 42.538699], [-71.423794, 42.52618899999999], [-71.428535, 42.528803999999994], [-71.435017, 42.52217], [-71.443939, 42.509059], [-71.473528, 42.50017700000001], [-71.500053, 42.509266000000004], [-71.50281, 42.506868999999995], [-71.50908400000002, 42.51004300000001], [-71.51144, 42.508857000000006], [-71.51482, 42.511523999999994], [-71.517807, 42.51561600000001], [-71.531377, 42.520352], [-71.53878, 42.54303], [-71.542323, 42.550333999999985]]]}}, {"type": "Feature", "properties": {"district_name": "3rd Middlesex District", "chamber": "house", "vintage": "2022-present", "lean_dem_share": 0.6872, "competitiveness": "Safe", "competitiveness_label": "Safe D", "party_favored": "Democratic", "url": "/district/house-3rd-middlesex-district-2022-present/"}, "geometry": {"type": "Polygon", "coordinates": [[[-71.660633, 42.418231999999996], [-71.65674, 42.430957], [-71.642426, 42.479502999999994], [-71.633876, 42.47622500000001], [-71.54890300000001, 42.44730799999999], [-71.54339400000002, 42.46645199999998], [-71.498546, 42.463775], [-71.430389, 42.436937], [-71.442626, 42.406946999999995], [-71.46944300000001, 42.40259300000001], [-71.472689, 42.389984999999996], [-71.475505, 42.380632000000006], [-71.603065, 42.367267], [-71.607759, 42.370022], [-71.580135, 42.386953000000005], [-71.630418, 42.40953700000001], [-71.660633, 42.418231999999996]]]}}, {"type": "Feature", "properties": {"district_name": "4th Middlesex District", "chamber": "house", "vintage": "2022-present", "lean_dem_share": 0.6741, "competitiveness": "Safe", "competitiveness_label": "Safe D", "party_favored": "Democratic", "url": "/district/house-4th-middlesex-district-2022-present/"}, "geometry": {"type": "Polygon", "coordinates": [[[-71.625825, 42.34972399999999], [-71.624702, 42.35046500000001], [-71.610007, 42.357403000000005], [-71.603065, 42.367267], [-71.52142, 42.375837000000004], [-71.521669, 42.37530499999999], [-71.522734, 42.37528799999998], [-71.52241, 42.37184100000002], [-71.522681, 42.37072699999999], [-71.52103800000002, 42.370667000000005], [-71.520548, 42.37087700000002], [-71.519781, 42.370012], [-71.51835400000002, 42.36783], [-71.517929, 42.367588], [-71.517135, 42.36748099999999], [-71.517511, 42.36515500000001], [-71.519397, 42.363189999999996], [-71.520164, 42.36284499999998], [-71.52388, 42.35989099999999], [-71.526355, 42.358556], [-71.526783, 42.35796300000002], [-71.527215, 42.35693099999998], [-71.527957, 42.354983], [-71.527888, 42.354724], [-71.529164, 42.35321600000002], [-71.530587, 42.35225399999999], [-71.528217, 42.350425], [-71.526641, 42.34951100000002], [-71.525662, 42.34915699999998], [-71.52368700000001, 42.349007999999984], [-71.519757, 42.34957000000001], [-71.518006, 42.349339], [-71.518376, 42.348224], [-71.518298, 42.347843], [-71.517836, 42.34765500000001], [-71.517043, 42.34682600000001], [-71.516304, 42.34635999999999], [-71.514887, 42.345710999999994], [-71.515064, 42.344708000000004], [-71.514873, 42.344194], [-71.515313, 42.344288000000006], [-71.515213, 42.34391300000001], [-71.515759, 42.34252600000001], [-71.514373, 42.34262300000001], [-71.513601, 42.342915], [-71.511747, 42.3444], [-71.50955500000002, 42.346556], [-71.506583, 42.349039], [-71.50551, 42.349765999999995], [-71.504495, 42.35012799999999], [-71.50511, 42.351224999999985], [-71.503913, 42.351592000000004], [-71.503189, 42.35157099999999], [-71.502603, 42.350658], [-71.500681, 42.35083999999999], [-71.49651, 42.350584], [-71.492142, 42.350557000000016], [-71.490096, 42.35089899999999], [-71.483351, 42.352807], [-71.483298, 42.353129999999986], [-71.415469, 42.343683999999996], [-71.416635, 42.34313199999998], [-71.417503, 42.34325400000001], [-71.417692, 42.342332], [-71.41673, 42.340649], [-71.419382, 42.33945300000001], [-71.421247, 42.338223], [-71.420607, 42.33790800000001], [-71.420142, 42.337291999999984], [-71.423826, 42.334927], [-71.421021, 42.331905], [-71.425157, 42.330723000000006], [-71.427717, 42.330761], [-71.42967100000001, 42.33051], [-71.431687, 42.329525], [-71.433853, 42.32896], [-71.435881, 42.32876999999997], [-71.443245, 42.329021000000004], [-71.443376, 42.327936000000015], [-71.442516, 42.327736000000016], [-71.441576, 42.32606799999999], [-71.440859, 42.325261], [-71.439059, 42.32426400000001], [-71.438655, 42.323625000000014], [-71.439875, 42.323458999999986], [-71.441211, 42.323524], [-71.44191, 42.323252], [-71.441458, 42.322528999999996], [-71.440653, 42.321934000000006], [-71.440217, 42.321402000000006], [-71.442237, 42.320853], [-71.443192, 42.319468], [-71.443788, 42.319103999999996], [-71.458004, 42.317445000000006], [-71.460869, 42.31689199999999], [-71.463808, 42.31581199999999], [-71.464596, 42.31819899999999], [-71.466284, 42.319815000000006], [-71.467591, 42.322528999999996], [-71.467582, 42.322786000000015], [-71.465814, 42.32469700000001], [-71.465608, 42.325703999999995], [-71.465626, 42.326722999999994], [-71.465882, 42.32705500000001], [-71.46626, 42.32819499999997], [-71.466214, 42.328696], [-71.467119, 42.329109], [-71.467718, 42.329609], [-71.468238, 42.329741999999996], [-71.468788, 42.33028399999999], [-71.469086, 42.330255000000015], [-71.469269, 42.330463000000016], [-71.46929, 42.33091300000002], [-71.469522, 42.33125], [-71.469467, 42.33197200000001], [-71.469169, 42.33246900000001], [-71.469373, 42.33310800000002], [-71.469547, 42.333285], [-71.470173, 42.33339299999998], [-71.471154, 42.33471500000001], [-71.47166, 42.334501], [-71.47427, 42.332215], [-71.474992, 42.331812], [-71.477012, 42.331038], [-71.482344, 42.329705], [-71.483556, 42.329691], [-71.484117, 42.330057000000004], [-71.485419, 42.33042], [-71.486744, 42.329936999999994], [-71.486797, 42.33018899999999], [-71.50821600000002, 42.327928], [-71.516527, 42.33033600000001], [-71.551126, 42.326395000000005], [-71.569085, 42.32037299999999], [-71.58521, 42.31095199999999], [-71.592502, 42.317901], [-71.597363, 42.321016000000014], [-71.601885, 42.32697099999999], [-71.60371, 42.328548000000005], [-71.605266, 42.33016], [-71.603591, 42.33167600000001], [-71.604099, 42.336769000000004], [-71.604663, 42.336746000000005], [-71.611529, 42.338993], [-71.616047, 42.341463999999995], [-71.61755, 42.341967999999994], [-71.619131, 42.343348999999996], [-71.620658, 42.345248999999995], [-71.625825, 42.34972399999999]]]}}, {"type": "Feature", "properties": {"district_name": "5th Middlesex District", "chamber": "house", "vintage": "2022-present", "lean_dem_share": 0.7485, "competitiveness": "Safe", "competitiveness_label": "Safe D", "party_favored": "Democratic", "url": "/district/house-5th-middlesex-district-2022-present/"}, "geometry": {"type": "Polygon", "coordinates": [[[-71.402528, 42.293330000000005], [-71.387522, 42.30206899999999], [-71.37768700000001, 42.314668999999995], [-71.381757, 42.32846899999999], [-71.388832, 42.336269], [-71.388345, 42.336948], [-71.388541, 42.33731999999999], [-71.388873, 42.337445000000024], [-71.390135, 42.337353], [-71.391212, 42.33696100000001], [-71.392681, 42.33568900000001], [-71.394544, 42.335559999999994], [-71.395078, 42.336057000000004], [-71.394837, 42.33821300000001], [-71.394948, 42.338652999999994], [-71.392749, 42.338547], [-71.390557, 42.33798899999999], [-71.389432, 42.337872000000004], [-71.38692, 42.33838], [-71.385051, 42.33813399999999], [-71.383139, 42.33887099999999], [-71.38162, 42.33917300000001], [-71.381141, 42.33911700000001], [-71.380047, 42.33862300000001], [-71.379703, 42.33911899999999], [-71.379435, 42.33921100000001], [-71.378176, 42.339034], [-71.376962, 42.339316], [-71.37424, 42.339317], [-71.374006, 42.339109], [-71.374254, 42.33826000000001], [-71.37551, 42.337079999999986], [-71.374472, 42.33670600000001], [-71.372918, 42.337729], [-71.37231100000001, 42.33832199999999], [-71.371688, 42.339829999999964], [-71.371187, 42.34056], [-71.369321, 42.34179599999999], [-71.368166, 42.342767], [-71.367505, 42.343151], [-71.364453, 42.344103], [-71.36087100000002, 42.34580299999999], [-71.359686, 42.34707], [-71.359394, 42.34761999999999], [-71.359293, 42.348317000000016], [-71.358936, 42.348686], [-71.359025, 42.346791], [-71.358764, 42.345364000000004], [-71.35857, 42.34208700000001], [-71.357472, 42.34193], [-71.356807, 42.34101600000001], [-71.35489500000001, 42.340136], [-71.353805, 42.34006800000002], [-71.353694, 42.33964800000001], [-71.354669, 42.338781999999995], [-71.354869, 42.338337], [-71.35441600000001, 42.33686500000001], [-71.35056100000001, 42.334836], [-71.350116, 42.33489800000002], [-71.349515, 42.335884], [-71.348347, 42.33656899999999], [-71.346868, 42.336746000000005], [-71.34636, 42.33643299999998], [-71.345905, 42.33500000000001], [-71.345397, 42.334155], [-71.343702, 42.33378], [-71.342479, 42.333258000000015], [-71.341203, 42.33307699999999], [-71.339689, 42.33727400000001], [-71.33811, 42.339464000000014], [-71.337768, 42.339805000000005], [-71.335648, 42.339073], [-71.334042, 42.338142999999995], [-71.332957, 42.33692799999999], [-71.332356, 42.33561100000001], [-71.332104, 42.33378500000001], [-71.330826, 42.33196599999999], [-71.328757, 42.33168100000001], [-71.327444, 42.321113999999994], [-71.327327, 42.313746], [-71.32975, 42.312991000000004], [-71.323662, 42.297415], [-71.308484, 42.270794], [-71.302922, 42.24827400000001], [-71.332496, 42.249075000000005], [-71.332676, 42.248449999999984], [-71.332434, 42.247729000000014], [-71.332908, 42.24783800000001], [-71.342459, 42.25045499999999], [-71.341777, 42.253537], [-71.344932, 42.25384], [-71.348409, 42.254704000000004], [-71.350829, 42.25589599999999], [-71.351776, 42.255816], [-71.353372, 42.256874], [-71.353681, 42.25679299999999], [-71.354399, 42.257686], [-71.354493, 42.258039000000004], [-71.354267, 42.258361], [-71.354443, 42.25862699999999], [-71.355, 42.258662000000015], [-71.355453, 42.259001999999995], [-71.35623200000002, 42.25922500000001], [-71.356686, 42.259983999999996], [-71.356487, 42.261016], [-71.35671, 42.26134499999999], [-71.357098, 42.261435000000006], [-71.357141, 42.261882], [-71.356599, 42.262206], [-71.35645, 42.26248900000001], [-71.356656, 42.263314], [-71.356907, 42.263495], [-71.376833, 42.269489], [-71.395861, 42.272907999999994], [-71.397218, 42.27900600000001], [-71.3995, 42.28078300000001], [-71.402528, 42.293330000000005]]]}}, {"type": "Feature", "properties": {"district_name": "6th Middlesex District", "chamber": "house", "vintage": "2022-present", "lean_dem_share": 0.7452, "competitiveness": "Safe", "competitiveness_label": "Safe D", "party_favored": "Democratic", "url": "/district/house-6th-middlesex-district-2022-present/"}, "geometry": {"type": "Polygon", "coordinates": [[[-71.491426, 42.288162000000014], [-71.478536, 42.296766], [-71.472179, 42.29666599999999], [-71.470795, 42.296158], [-71.469013, 42.29460099999999], [-71.46802, 42.2941], [-71.46661, 42.293909000000006], [-71.464119, 42.294142], [-71.461803, 42.293428], [-71.460458, 42.29331000000001], [-71.458731, 42.29370500000001], [-71.451387, 42.297227999999976], [-71.449594, 42.29792399999999], [-71.447406, 42.29543399999999], [-71.445353, 42.29628700000001], [-71.441516, 42.29723500000001], [-71.440742, 42.29821900000001], [-71.439183, 42.299566999999996], [-71.437162, 42.30025600000002], [-71.434352, 42.300103000000014], [-71.42481900000001, 42.298406], [-71.419792, 42.297757000000004], [-71.414478, 42.29781899999999], [-71.408622, 42.29818600000001], [-71.407953, 42.29954], [-71.406892, 42.300523], [-71.406272, 42.301378], [-71.406215, 42.30182799999999], [-71.406686, 42.30154499999999], [-71.407199, 42.30249599999999], [-71.408497, 42.302270000000014], [-71.408781, 42.30321300000001], [-71.40866000000001, 42.303793], [-71.408888, 42.304600000000015], [-71.406737, 42.30504500000001], [-71.40714700000001, 42.306492], [-71.406961, 42.30801199999999], [-71.407485, 42.309684], [-71.406304, 42.309792], [-71.406563, 42.310309], [-71.406685, 42.311324000000006], [-71.407974, 42.31119300000002], [-71.40827100000001, 42.311944], [-71.407157, 42.31211900000002], [-71.40718400000002, 42.312557], [-71.406135, 42.31349199999999], [-71.4046, 42.313749], [-71.40363400000001, 42.314091000000005], [-71.403157, 42.31407800000002], [-71.40327, 42.314905999999986], [-71.402634, 42.31517600000001], [-71.400753, 42.31496299999999], [-71.400845, 42.31538800000002], [-71.395018, 42.314325000000025], [-71.37976300000001, 42.311988], [-71.387522, 42.30206899999999], [-71.402528, 42.293330000000005], [-71.3995, 42.28078300000001], [-71.397218, 42.27900600000001], [-71.395861, 42.272907999999994], [-71.390365, 42.27191600000001], [-71.397769, 42.261527999999984], [-71.398476, 42.26137700000001], [-71.419298, 42.25728099999999], [-71.460756, 42.279063], [-71.491426, 42.288162000000014]]]}}, {"type": "Feature", "properties": {"district_name": "7th Middlesex District", "chamber": "house", "vintage": "2022-present", "lean_dem_share": 0.7254, "competitiveness": "Safe", "competitiveness_label": "Safe D", "party_favored": "Democratic", "url": "/district/house-7th-middlesex-district-2022-present/"}, "geometry": {"type": "Polygon", "coordinates": [[[-71.522757, 42.255207], [-71.522178, 42.266453999999996], [-71.521672, 42.266645000000004], [-71.521143, 42.266497999999984], [-71.520642, 42.26659800000001], [-71.518953, 42.267712000000024], [-71.517168, 42.267738], [-71.516207, 42.267573000000006], [-71.515566, 42.267782], [-71.514793, 42.267742], [-71.51327, 42.26737099999999], [-71.511704, 42.26636800000002], [-71.511374, 42.266004], [-71.51054, 42.266227], [-71.510216, 42.266156], [-71.510085, 42.266044], [-71.510194, 42.265387], [-71.508985, 42.26448600000001], [-71.507471, 42.26410099999999], [-71.506932, 42.264334000000005], [-71.506422, 42.264265], [-71.506091, 42.264392999999984], [-71.505928, 42.266578], [-71.505882, 42.272938000000025], [-71.48635, 42.31044899999999], [-71.48421, 42.309915000000004], [-71.484096, 42.310853], [-71.481753, 42.310911], [-71.481668, 42.31058799999999], [-71.48083200000002, 42.310735000000015], [-71.479169, 42.31059300000001], [-71.477969, 42.310807], [-71.477639, 42.311207], [-71.47599, 42.311399999999985], [-71.476121, 42.310446], [-71.475129, 42.31034900000001], [-71.474866, 42.31017099999999], [-71.473878, 42.30869700000001], [-71.473641, 42.30792999999998], [-71.471615, 42.30783600000001], [-71.468509, 42.30677099999999], [-71.467207, 42.30817699999999], [-71.466438, 42.30855600000001], [-71.464723, 42.30903200000001], [-71.461155, 42.311126], [-71.463059, 42.31219299999999], [-71.463534, 42.312792], [-71.4638, 42.31328900000001], [-71.463808, 42.31581199999999], [-71.460869, 42.31689199999999], [-71.458004, 42.317445000000006], [-71.443788, 42.319103999999996], [-71.443192, 42.319468], [-71.442237, 42.320853], [-71.440217, 42.321402000000006], [-71.440653, 42.321934000000006], [-71.441458, 42.322528999999996], [-71.44191, 42.323252], [-71.441211, 42.323524], [-71.439875, 42.323458999999986], [-71.438655, 42.323625000000014], [-71.439059, 42.32426400000001], [-71.440859, 42.325261], [-71.441576, 42.32606799999999], [-71.442516, 42.327736000000016], [-71.443376, 42.327936000000015], [-71.443245, 42.329021000000004], [-71.435881, 42.32876999999997], [-71.433853, 42.32896], [-71.431687, 42.329525], [-71.42967100000001, 42.33051], [-71.427717, 42.330761], [-71.425157, 42.330723000000006], [-71.421021, 42.331905], [-71.423826, 42.334927], [-71.420142, 42.337291999999984], [-71.420607, 42.33790800000001], [-71.421247, 42.338223], [-71.419382, 42.33945300000001], [-71.41673, 42.340649], [-71.417692, 42.342332], [-71.417503, 42.34325400000001], [-71.416635, 42.34313199999998], [-71.415469, 42.343683999999996], [-71.396717, 42.341045000000015], [-71.396083, 42.33991699999999], [-71.394886, 42.338542999999994], [-71.395078, 42.336057000000004], [-71.394876, 42.33574900000001], [-71.394544, 42.335559999999994], [-71.39288800000001, 42.335609999999996], [-71.392474, 42.33579400000001], [-71.39094, 42.337093], [-71.389601, 42.337431], [-71.388609, 42.33736999999999], [-71.388345, 42.336948], [-71.388832, 42.336269], [-71.381757, 42.32846899999999], [-71.37768700000001, 42.314668999999995], [-71.37976300000001, 42.311988], [-71.395018, 42.314325000000025], [-71.400845, 42.31538800000002], [-71.400753, 42.31496299999999], [-71.402311, 42.31521600000001], [-71.40327, 42.314905999999986], [-71.403157, 42.31407800000002], [-71.40363400000001, 42.314091000000005], [-71.4046, 42.313749], [-71.406135, 42.31349199999999], [-71.40718400000002, 42.312557], [-71.407157, 42.31211900000002], [-71.40827100000001, 42.311944], [-71.407974, 42.31119300000002], [-71.406685, 42.311324000000006], [-71.406563, 42.310309], [-71.406304, 42.309792], [-71.407485, 42.309684], [-71.406961, 42.30801199999999], [-71.40714700000001, 42.306492], [-71.406737, 42.30504500000001], [-71.408888, 42.304600000000015], [-71.40866000000001, 42.303793], [-71.408781, 42.30321300000001], [-71.408497, 42.302270000000014], [-71.407199, 42.30249599999999], [-71.406686, 42.30154499999999], [-71.406215, 42.30182799999999], [-71.406272, 42.301378], [-71.406892, 42.300523], [-71.407953, 42.29954], [-71.408622, 42.29818600000001], [-71.414478, 42.29781899999999], [-71.419792, 42.297757000000004], [-71.42481900000001, 42.298406], [-71.434352, 42.300103000000014], [-71.437162, 42.30025600000002], [-71.439183, 42.299566999999996], [-71.440742, 42.29821900000001], [-71.441516, 42.29723500000001], [-71.445353, 42.29628700000001], [-71.447406, 42.29543399999999], [-71.449594, 42.29792399999999], [-71.451387, 42.297227999999976], [-71.458731, 42.29370500000001], [-71.460458, 42.29331000000001], [-71.461803, 42.293428], [-71.464119, 42.294142], [-71.46661, 42.293909000000006], [-71.46802, 42.2941], [-71.469013, 42.29460099999999], [-71.470795, 42.296158], [-71.472179, 42.29666599999999], [-71.478536, 42.296766], [-71.491426, 42.288162000000014], [-71.460756, 42.279063], [-71.419317, 42.257296999999994], [-71.418303, 42.246504], [-71.420075, 42.23812300000001], [-71.475359, 42.22948499999999], [-71.486297, 42.23125], [-71.486001, 42.24696], [-71.522757, 42.255207]]]}}, {"type": "Feature", "properties": {"district_name": "8th Middlesex District", "chamber": "house", "vintage": "2022-present", "lean_dem_share": 0.6766, "competitiveness": "Safe", "competitiveness_label": "Safe D", "party_favored": "Democratic", "url": "/district/house-8th-middlesex-district-2022-present/"}, "geometry": {"type": "Polygon", "coordinates": [[[-71.602221, 42.218101], [-71.586759, 42.25954500000002], [-71.562194, 42.267651], [-71.560584, 42.267864], [-71.559781, 42.26758200000002], [-71.558581, 42.267867999999986], [-71.558335, 42.267390999999996], [-71.557879, 42.267400000000016], [-71.557729, 42.26767200000001], [-71.557285, 42.26759400000001], [-71.557291, 42.26779299999998], [-71.556584, 42.268134], [-71.555813, 42.26776999999999], [-71.555463, 42.26783399999999], [-71.555284, 42.26746], [-71.554861, 42.26754799999999], [-71.554498, 42.26788400000001], [-71.553498, 42.26760500000001], [-71.552947, 42.26762200000001], [-71.552412, 42.267431], [-71.551918, 42.266824], [-71.55176300000001, 42.26635799999999], [-71.551488, 42.266234000000004], [-71.550755, 42.26625500000001], [-71.549949, 42.265892999999984], [-71.549453, 42.266095], [-71.548757, 42.265928000000024], [-71.548045, 42.26601299999999], [-71.547949, 42.265937000000015], [-71.548181, 42.265767], [-71.547955, 42.26576500000001], [-71.547958, 42.26553900000001], [-71.547586, 42.265450000000016], [-71.547289, 42.265643], [-71.547171, 42.265372], [-71.546908, 42.265262], [-71.546639, 42.26542500000001], [-71.545862, 42.26523000000001], [-71.546022, 42.26489600000001], [-71.54583, 42.264701], [-71.544687, 42.264444], [-71.54477, 42.26475299999999], [-71.544202, 42.264823000000014], [-71.543982, 42.26456099999999], [-71.544307, 42.264441000000005], [-71.543668, 42.26393000000001], [-71.543289, 42.264017], [-71.542963, 42.26380799999999], [-71.54275100000001, 42.264051000000016], [-71.541977, 42.263897], [-71.541752, 42.26399500000001], [-71.54097000000002, 42.26320299999999], [-71.539632, 42.262793], [-71.538658, 42.26361], [-71.538072, 42.26453800000001], [-71.536837, 42.264574999999994], [-71.535948, 42.264755999999984], [-71.535444, 42.265038], [-71.534854, 42.264977000000016], [-71.532069, 42.266163], [-71.527995, 42.266524999999994], [-71.524701, 42.265880999999986], [-71.523412, 42.26598599999998], [-71.52251200000002, 42.266436000000006], [-71.522178, 42.266453999999996], [-71.522757, 42.255207], [-71.486001, 42.24696], [-71.486297, 42.23125], [-71.475359, 42.22948499999999], [-71.420075, 42.23812300000001], [-71.418303, 42.246504], [-71.419298, 42.25728099999999], [-71.397769, 42.261527999999984], [-71.390365, 42.27191600000001], [-71.376833, 42.269489], [-71.356907, 42.263495], [-71.356656, 42.263314], [-71.35645, 42.26248900000001], [-71.356599, 42.262206], [-71.357141, 42.261882], [-71.357098, 42.261435000000006], [-71.35671, 42.26134499999999], [-71.356487, 42.261016], [-71.356686, 42.259983999999996], [-71.35623200000002, 42.25922500000001], [-71.355453, 42.259001999999995], [-71.355, 42.258662000000015], [-71.354443, 42.25862699999999], [-71.354267, 42.258361], [-71.354493, 42.258039000000004], [-71.354399, 42.257686], [-71.353681, 42.25679299999999], [-71.353372, 42.256874], [-71.351776, 42.255816], [-71.350829, 42.25589599999999], [-71.348409, 42.254704000000004], [-71.344932, 42.25384], [-71.341777, 42.253537], [-71.342459, 42.25045499999999], [-71.332434, 42.247729000000014], [-71.331512, 42.24684800000001], [-71.330465, 42.246321], [-71.329436, 42.245302], [-71.32943, 42.24410799999999], [-71.329772, 42.24259300000001], [-71.330524, 42.24192599999999], [-71.330777, 42.241051], [-71.331185, 42.23758500000001], [-71.33101, 42.236523999999996], [-71.329667, 42.23417299999999], [-71.329695, 42.23332799999999], [-71.330391, 42.23249000000003], [-71.331473, 42.231629000000005], [-71.334196, 42.229944], [-71.334833, 42.229130000000026], [-71.336552, 42.227637], [-71.33777, 42.22706099999999], [-71.340689, 42.224849999999996], [-71.341012, 42.22447200000001], [-71.34155, 42.22282999999999], [-71.341657, 42.221921999999985], [-71.342736, 42.22149799999999], [-71.343164, 42.220772], [-71.343014, 42.22005499999999], [-71.342203, 42.21963999999999], [-71.341167, 42.218262000000024], [-71.33973100000001, 42.217652000000015], [-71.338623, 42.21689399999999], [-71.338351, 42.21597500000001], [-71.338505, 42.21522999999999], [-71.339564, 42.21407200000001], [-71.339954, 42.213872999999985], [-71.34681, 42.215588999999994], [-71.349023, 42.21454299999999], [-71.350317, 42.21365099999998], [-71.351479, 42.211546], [-71.351736, 42.209988], [-71.35167, 42.20844400000001], [-71.352179, 42.207489], [-71.35176, 42.206775000000015], [-71.3507, 42.20578300000002], [-71.349852, 42.205251000000004], [-71.348457, 42.204705999999995], [-71.346912, 42.204767], [-71.346541, 42.20464100000001], [-71.346457, 42.204302], [-71.346847, 42.20371399999999], [-71.346251, 42.202608999999995], [-71.345726, 42.202070000000006], [-71.344301, 42.201416], [-71.344072, 42.201107000000015], [-71.344259, 42.200269000000006], [-71.345088, 42.19928500000001], [-71.344618, 42.198584], [-71.344235, 42.19839799999999], [-71.343918, 42.198447999999985], [-71.343569, 42.199811], [-71.342878, 42.19978200000002], [-71.342514, 42.19958100000001], [-71.342368, 42.199301000000006], [-71.342754, 42.198878], [-71.342729, 42.19813399999999], [-71.34148, 42.19823000000001], [-71.340771, 42.19781500000002], [-71.340271, 42.197964999999996], [-71.339995, 42.197702000000014], [-71.34009, 42.19718299999999], [-71.339275, 42.19689199999999], [-71.339401, 42.196470999999995], [-71.338283, 42.196034], [-71.338213, 42.195713], [-71.338578, 42.19533499999999], [-71.340095, 42.195351], [-71.340557, 42.19490900000003], [-71.340571, 42.19466899999999], [-71.340232, 42.19442399999999], [-71.339511, 42.19457200000001], [-71.338974, 42.19437800000001], [-71.339071, 42.1941], [-71.340089, 42.19388099999998], [-71.339375, 42.19342800000001], [-71.339515, 42.19292999999999], [-71.339269, 42.191759000000005], [-71.339478, 42.190956], [-71.339406, 42.190645999999994], [-71.33908, 42.19060999999999], [-71.33881, 42.19105100000001], [-71.338377, 42.191207999999996], [-71.336466, 42.191376], [-71.335823, 42.19123999999999], [-71.335594, 42.19101100000001], [-71.335589, 42.18944800000001], [-71.335145, 42.18848399999998], [-71.33440000000002, 42.188504000000016], [-71.333033, 42.188884], [-71.332019, 42.18874299999999], [-71.33072, 42.187894], [-71.330628, 42.18694099999999], [-71.330497, 42.18684900000001], [-71.328822, 42.186674], [-71.32845, 42.186443000000004], [-71.328542, 42.18612500000001], [-71.329417, 42.185548], [-71.32961, 42.18505599999999], [-71.329102, 42.184905], [-71.32777, 42.185011999999986], [-71.327671, 42.18483800000001], [-71.327864, 42.184375], [-71.327788, 42.184203000000004], [-71.327366, 42.18410999999999], [-71.326319, 42.18423700000001], [-71.326012, 42.184092999999976], [-71.325958, 42.183927], [-71.32629300000002, 42.18365899999999], [-71.326554, 42.182731], [-71.32593, 42.182328999999996], [-71.325535, 42.181647000000005], [-71.324945, 42.18148599999998], [-71.323247, 42.181487999999995], [-71.322678, 42.181141999999994], [-71.32473, 42.180069999999986], [-71.33592, 42.176130000000015], [-71.34113, 42.17401999999999], [-71.3454, 42.171990000000015], [-71.34914, 42.170750000000005], [-71.366441, 42.16390899999999], [-71.36553, 42.16101], [-71.36189, 42.15291000000001], [-71.359328, 42.14948000000001], [-71.35841, 42.148709999999994], [-71.35916, 42.14768000000001], [-71.36118, 42.14644], [-71.36576, 42.144339999999985], [-71.36777, 42.143639999999984], [-71.36653, 42.14156], [-71.36409, 42.13903], [-71.36241, 42.13685000000001], [-71.36232, 42.13660000000002], [-71.36253, 42.13575999999999], [-71.36248, 42.135270000000006], [-71.36227, 42.13432999999999], [-71.361881, 42.133506], [-71.362428, 42.132924], [-71.362684, 42.13219599999999], [-71.363031, 42.131986], [-71.363419, 42.13223599999999], [-71.36342800000001, 42.13274400000002], [-71.36394, 42.133089999999996], [-71.365605, 42.13239900000001], [-71.365985, 42.13199199999999], [-71.36633100000002, 42.13192499999998], [-71.366526, 42.13289000000002], [-71.366402, 42.13355399999999], [-71.366619, 42.133805], [-71.368334, 42.133545999999996], [-71.369865, 42.133802], [-71.3711, 42.133158], [-71.372465, 42.134060000000005], [-71.374188, 42.134682], [-71.375618, 42.13545399999999], [-71.3793, 42.141639999999995], [-71.380366, 42.14316699999999], [-71.40229500000001, 42.17879400000002], [-71.42355, 42.178131000000015], [-71.42373000000002, 42.17925300000001], [-71.430174, 42.179386], [-71.444067, 42.17488900000001], [-71.464005, 42.158198999999996], [-71.472744, 42.15687299999999], [-71.478119, 42.156782], [-71.478027, 42.165871], [-71.49313600000002, 42.166209999999985], [-71.497378, 42.166643000000015], [-71.502626, 42.191416], [-71.506894, 42.188927], [-71.539498, 42.189733999999994], [-71.555738, 42.182503000000004], [-71.555995, 42.18268200000001], [-71.555725, 42.182819], [-71.555435, 42.183527999999995], [-71.555468, 42.183951], [-71.555131, 42.184231999999994], [-71.55518, 42.184934], [-71.555508, 42.184779], [-71.555605, 42.184988], [-71.555421, 42.185244], [-71.555485, 42.18540499999999], [-71.556262, 42.18594700000001], [-71.556887, 42.185839], [-71.556935, 42.18569000000001], [-71.557055, 42.18577399999999], [-71.55669500000002, 42.186494999999994], [-71.556447, 42.18661399999999], [-71.556432, 42.187305], [-71.556204, 42.187870000000004], [-71.556344, 42.18809099999999], [-71.556608, 42.187918], [-71.556673, 42.188097000000006], [-71.556092, 42.18832400000001], [-71.556233, 42.188663], [-71.555848, 42.188854], [-71.555953, 42.18908599999998], [-71.555817, 42.189843], [-71.55613, 42.19060600000002], [-71.556243, 42.191820999999976], [-71.556782, 42.192450000000015], [-71.572271, 42.192733], [-71.572085, 42.19362200000001], [-71.571548, 42.19465299999999], [-71.58291000000001, 42.195559], [-71.602221, 42.218101]]]}}, {"type": "Feature", "properties": {"district_name": "9th Middlesex District", "chamber": "house", "vintage": "2022-present", "lean_dem_share": 0.7141, "competitiveness": "Safe", "competitiveness_label": "Safe D", "party_favored": "Democratic", "url": "/district/house-9th-middlesex-district-2022-present/"}, "geometry": {"type": "Polygon", "coordinates": [[[-71.286031, 42.40409700000001], [-71.281416, 42.412180000000006], [-71.274421, 42.40987700000001], [-71.270859, 42.41649700000001], [-71.271765, 42.41677500000001], [-71.26723, 42.42443800000002], [-71.211261, 42.406074], [-71.202628, 42.40370200000002], [-71.202543, 42.40322599999999], [-71.201702, 42.402425000000015], [-71.201849, 42.40207100000002], [-71.20157400000001, 42.401695000000004], [-71.201799, 42.401374000000004], [-71.201613, 42.400566000000005], [-71.200621, 42.399457999999996], [-71.200236, 42.39930400000001], [-71.20008, 42.398627000000005], [-71.199552, 42.39821400000001], [-71.199591, 42.39775699999999], [-71.199429, 42.39732], [-71.19818800000002, 42.396066999999995], [-71.197454, 42.395813000000004], [-71.196627, 42.39522899999998], [-71.196284, 42.394361], [-71.19633, 42.394031000000005], [-71.197654, 42.39316699999999], [-71.197964, 42.39267799999999], [-71.197028, 42.39197299999999], [-71.196973, 42.39083799999999], [-71.196724, 42.390655], [-71.196817, 42.389736], [-71.194876, 42.38817], [-71.195406, 42.387721000000006], [-71.195531, 42.38739999999999], [-71.194177, 42.386030999999996], [-71.208515, 42.37385], [-71.209374, 42.374074], [-71.21293, 42.37572], [-71.220789, 42.37772600000001], [-71.222049, 42.37786200000001], [-71.225562, 42.377711], [-71.224881, 42.37816600000001], [-71.219825, 42.38056900000001], [-71.218651, 42.38129699999999], [-71.217122, 42.38116599999999], [-71.212079, 42.382461000000006], [-71.205392, 42.386381], [-71.203817, 42.38698600000001], [-71.203399, 42.38771499999999], [-71.202105, 42.38859800000001], [-71.200739, 42.38887999999999], [-71.199286, 42.389739999999996], [-71.198701, 42.38958000000001], [-71.197713, 42.391021], [-71.2006, 42.391773], [-71.205154, 42.394459], [-71.208942, 42.39643400000001], [-71.21407, 42.40058900000001], [-71.214728, 42.401453999999994], [-71.215908, 42.39921400000001], [-71.216472, 42.39923999999999], [-71.216888, 42.399078], [-71.217791, 42.39791900000001], [-71.21820200000002, 42.397841], [-71.218611, 42.398118999999994], [-71.218337, 42.398890000000016], [-71.21899, 42.398610000000005], [-71.219363, 42.397463], [-71.217224, 42.396705000000004], [-71.218645, 42.394940999999996], [-71.221932, 42.39137900000001], [-71.22309, 42.389860000000006], [-71.224062, 42.387983000000006], [-71.225531, 42.386385999999995], [-71.225972, 42.385613], [-71.227232, 42.38557800000001], [-71.22816400000002, 42.385326000000006], [-71.230465, 42.383845], [-71.233134, 42.385659], [-71.236575, 42.386324], [-71.236298, 42.385614000000004], [-71.235692, 42.384924], [-71.235372, 42.38383100000001], [-71.234942, 42.38312], [-71.237029, 42.38347800000001], [-71.236064, 42.380054000000015], [-71.234069, 42.380199], [-71.234239, 42.37944699999999], [-71.23466, 42.37941299999999], [-71.234609, 42.37884699999999], [-71.233903, 42.37870800000001], [-71.234421, 42.377924], [-71.230516, 42.378100999999994], [-71.230406, 42.377118], [-71.231894, 42.376946], [-71.231711, 42.375390999999986], [-71.228749, 42.37575600000002], [-71.228319, 42.374081999999994], [-71.228795, 42.37246600000001], [-71.230032, 42.373201999999985], [-71.231122, 42.373476000000004], [-71.233657, 42.372681], [-71.235466, 42.372477000000025], [-71.236609, 42.373007999999984], [-71.236483, 42.373662], [-71.23661300000002, 42.37452300000001], [-71.242012, 42.37336], [-71.243215, 42.372862000000005], [-71.243685, 42.374007000000006], [-71.246517, 42.37310299999999], [-71.24652, 42.374379000000005], [-71.250995, 42.374367], [-71.251071, 42.373264999999996], [-71.25248, 42.37330499999999], [-71.252761, 42.37285], [-71.252181, 42.37266600000002], [-71.249868, 42.37244200000001], [-71.250296, 42.37101899999999], [-71.250344, 42.36965200000001], [-71.250681, 42.36883299999997], [-71.253584, 42.366985], [-71.253012, 42.36647], [-71.253023, 42.36452900000001], [-71.247762, 42.36729399999997], [-71.246837, 42.367960999999994], [-71.245369, 42.369483], [-71.242436, 42.368458], [-71.239714, 42.37094900000001], [-71.237036, 42.37057999999998], [-71.237525, 42.367634000000024], [-71.238772, 42.36371300000002], [-71.239165, 42.36107799999999], [-71.237621, 42.360498000000014], [-71.253146, 42.355897000000006], [-71.254034, 42.35477], [-71.255217, 42.353928], [-71.255731, 42.353754], [-71.256356, 42.354012000000004], [-71.256465, 42.354905], [-71.260385, 42.35363299999999], [-71.261209, 42.35368199999998], [-71.262889, 42.35422999999998], [-71.264922, 42.355241], [-71.265999, 42.35633], [-71.268917, 42.35988100000001], [-71.269181, 42.36057400000001], [-71.269308, 42.36263699999999], [-71.269517, 42.362844], [-71.27127500000002, 42.36337300000003], [-71.273423, 42.365236000000024], [-71.273567, 42.365899], [-71.273142, 42.366558], [-71.272711, 42.36686200000002], [-71.270772, 42.367484], [-71.270232, 42.36835799999999], [-71.270683, 42.369423000000005], [-71.27159, 42.37061399999999], [-71.271877, 42.370786], [-71.2717, 42.37103700000001], [-71.271755, 42.371227], [-71.272376, 42.37150799999999], [-71.272173, 42.37158800000002], [-71.272148, 42.37177700000001], [-71.272378, 42.37217], [-71.273038, 42.37249400000002], [-71.273012, 42.37281800000001], [-71.273262, 42.37327399999998], [-71.273608, 42.37344300000001], [-71.273623, 42.373736], [-71.274694, 42.374207999999996], [-71.27525, 42.37464299999999], [-71.275724, 42.374558000000015], [-71.276517, 42.37496500000001], [-71.267761, 42.390141], [-71.27617200000002, 42.39291599999999], [-71.279583, 42.39875200000002], [-71.282825, 42.399727999999996], [-71.281205, 42.402691], [-71.286031, 42.40409700000001]]]}}, {"type": "Feature", "properties": {"district_name": "5th Norfolk District", "chamber": "house", "vintage": "2022-present", "lean_dem_share": 0.5632, "competitiveness": "Likely", "competitiveness_label": "Likely D", "party_favored": "Democratic", "url": "/district/house-5th-norfolk-district-2022-present/"}, "geometry": {"type": "Polygon", "coordinates": [[[-71.04949, 42.206669000000005], [-71.047857, 42.20626], [-71.046978, 42.206561], [-71.045595, 42.206267], [-71.044883, 42.206483999999996], [-71.044938, 42.215384], [-71.033, 42.227884], [-71.01079, 42.228667999999985], [-71.00217, 42.232208], [-70.981105, 42.235749000000006], [-70.980662, 42.235641999999984], [-70.980404, 42.23532], [-70.980156, 42.23543799999998], [-70.979737, 42.23647600000001], [-70.97896, 42.23711699999999], [-70.978389, 42.237925], [-70.977817, 42.23827099999999], [-70.97713, 42.238415], [-70.976226, 42.23815799999999], [-70.975868, 42.237846999999995], [-70.974944, 42.23752999999999], [-70.974965, 42.23735899999999], [-70.973408, 42.237356999999996], [-70.972758, 42.237146], [-70.967991, 42.237998999999995], [-70.960491, 42.23509899999997], [-70.960191, 42.23129899999999], [-70.960384, 42.22871499999999], [-70.960596, 42.228539000000005], [-70.960891, 42.226899], [-70.962891, 42.225499], [-70.963728, 42.224694000000014], [-70.964283, 42.224585], [-70.965414, 42.22389899999999], [-70.967022, 42.223353], [-70.968066, 42.22169000000002], [-70.968016, 42.221201], [-70.967684, 42.22066199999997], [-70.9687, 42.219877999999994], [-70.98067, 42.139593], [-70.98302, 42.141509999999975], [-70.986727, 42.14511299999999], [-70.99173, 42.144180000000006], [-70.995251, 42.144079999999995], [-70.997909, 42.144259999999996], [-70.9986, 42.144450000000006], [-70.99879, 42.14467999999999], [-70.99878, 42.14504999999999], [-70.99796, 42.151900000000005], [-70.9978, 42.15232], [-71.0031, 42.15471000000001], [-71.00855, 42.15479], [-71.00826, 42.150999999999975], [-71.00868, 42.14866999999999], [-71.0087, 42.145739999999996], [-71.00935, 42.14573], [-71.01134, 42.145269999999975], [-71.01301, 42.145330000000016], [-71.01274, 42.146739999999994], [-71.01282, 42.14693], [-71.016896, 42.14733600000001], [-71.016864, 42.14763500000001], [-71.01718, 42.14771], [-71.01714, 42.14812], [-71.01804, 42.148249999999976], [-71.01842, 42.14861000000001], [-71.01832, 42.14901], [-71.01788, 42.14927999999999], [-71.01848, 42.14930999999999], [-71.01891000000002, 42.14912], [-71.019767, 42.147983], [-71.020376, 42.149135], [-71.021715, 42.14954400000002], [-71.024715, 42.15001800000001], [-71.025578, 42.150597000000005], [-71.025781, 42.15112500000001], [-71.026522, 42.151967000000006], [-71.02651, 42.152508000000005], [-71.026726, 42.152950000000004], [-71.026544, 42.153475], [-71.025548, 42.15420000000001], [-71.026461, 42.155431], [-71.026132, 42.157477], [-71.026911, 42.15778399999999], [-71.021994, 42.16900499999999], [-71.021984, 42.16941700000001], [-71.02162, 42.170166], [-71.021695, 42.170418], [-71.022428, 42.170546], [-71.021298, 42.17340999999999], [-71.021614, 42.17409899999999], [-71.021034, 42.17460299999999], [-71.020816, 42.175015000000016], [-71.021134, 42.17589799999999], [-71.021054, 42.176210999999995], [-71.020574, 42.176565], [-71.020628, 42.17757], [-71.019878, 42.177938000000005], [-71.019994, 42.178514], [-71.019665, 42.178529], [-71.019549, 42.17879400000002], [-71.019751, 42.179013999999995], [-71.019746, 42.179326], [-71.020167, 42.179622], [-71.019898, 42.18029399999999], [-71.020164, 42.180970999999985], [-71.019691, 42.18125899999999], [-71.019646, 42.18147999999999], [-71.019941, 42.181895999999995], [-71.019456, 42.183246], [-71.019229, 42.18351100000001], [-71.019459, 42.18378900000001], [-71.018988, 42.184057], [-71.019411, 42.18425999999999], [-71.019312, 42.184435000000015], [-71.019468, 42.184650999999995], [-71.019273, 42.184988], [-71.019345, 42.185189999999984], [-71.01909, 42.18535399999999], [-71.019517, 42.185947999999996], [-71.01913, 42.186851000000004], [-71.029591, 42.19153], [-71.047271, 42.194592], [-71.04949, 42.206669000000005]]]}}, {"type": "Feature", "properties": {"district_name": "10th Middlesex District", "chamber": "house", "vintage": "2022-present", "lean_dem_share": 0.7673, "competitiveness": "Safe", "competitiveness_label": "Safe D", "party_favored": "Democratic", "url": "/district/house-10th-middlesex-district-2022-present/"}, "geometry": {"type": "Polygon", "coordinates": [[[-71.253584, 42.366985], [-71.251033, 42.368508], [-71.250417, 42.369375999999995], [-71.250296, 42.37101899999999], [-71.249868, 42.37244200000001], [-71.252181, 42.37266600000002], [-71.252761, 42.37285], [-71.25248, 42.37330499999999], [-71.251071, 42.373264999999996], [-71.250995, 42.374367], [-71.24652, 42.374379000000005], [-71.246517, 42.37310299999999], [-71.243685, 42.374007000000006], [-71.243215, 42.372862000000005], [-71.242012, 42.37336], [-71.23661300000002, 42.37452300000001], [-71.236483, 42.373662], [-71.236609, 42.373007999999984], [-71.235466, 42.372477000000025], [-71.233657, 42.372681], [-71.231122, 42.373476000000004], [-71.230032, 42.373201999999985], [-71.228795, 42.37246600000001], [-71.228319, 42.374081999999994], [-71.228749, 42.37575600000002], [-71.231711, 42.375390999999986], [-71.231894, 42.376946], [-71.230406, 42.377118], [-71.230516, 42.378100999999994], [-71.234421, 42.377924], [-71.233903, 42.37870800000001], [-71.234609, 42.37884699999999], [-71.23466, 42.37941299999999], [-71.234239, 42.37944699999999], [-71.234069, 42.380199], [-71.236064, 42.380054000000015], [-71.237029, 42.38347800000001], [-71.234942, 42.38312], [-71.235372, 42.38383100000001], [-71.235692, 42.384924], [-71.236298, 42.385614000000004], [-71.236575, 42.386324], [-71.233134, 42.385659], [-71.230465, 42.383845], [-71.22816400000002, 42.385326000000006], [-71.227232, 42.38557800000001], [-71.225972, 42.385613], [-71.225531, 42.386385999999995], [-71.224062, 42.387983000000006], [-71.22309, 42.389860000000006], [-71.221932, 42.39137900000001], [-71.218645, 42.394940999999996], [-71.217224, 42.396705000000004], [-71.219363, 42.397463], [-71.21899, 42.398610000000005], [-71.218337, 42.398890000000016], [-71.218611, 42.398118999999994], [-71.21820200000002, 42.397841], [-71.217791, 42.39791900000001], [-71.216888, 42.399078], [-71.216472, 42.39923999999999], [-71.215908, 42.39921400000001], [-71.214728, 42.401453999999994], [-71.21407, 42.40058900000001], [-71.208942, 42.39643400000001], [-71.205154, 42.394459], [-71.2006, 42.391773], [-71.197713, 42.391021], [-71.198701, 42.38958000000001], [-71.199286, 42.389739999999996], [-71.200739, 42.38887999999999], [-71.202105, 42.38859800000001], [-71.203399, 42.38771499999999], [-71.203817, 42.38698600000001], [-71.205392, 42.386381], [-71.212079, 42.382461000000006], [-71.217122, 42.38116599999999], [-71.218651, 42.38129699999999], [-71.219825, 42.38056900000001], [-71.224881, 42.37816600000001], [-71.225562, 42.377711], [-71.222049, 42.37786200000001], [-71.220789, 42.37772600000001], [-71.21293, 42.37572], [-71.209374, 42.374074], [-71.208515, 42.37385], [-71.194177, 42.386030999999996], [-71.189159, 42.38071700000001], [-71.190002, 42.380495999999994], [-71.190503, 42.37986699999999], [-71.189883, 42.37920199999999], [-71.191276, 42.37643700000001], [-71.192151, 42.375656000000006], [-71.1924, 42.375213999999986], [-71.193339, 42.37545200000001], [-71.193583, 42.374029], [-71.195332, 42.37101100000001], [-71.19354, 42.37010899999999], [-71.19139100000001, 42.369874000000024], [-71.190597, 42.37265800000001], [-71.189735, 42.373694000000015], [-71.18894, 42.373093999999995], [-71.189455, 42.372448], [-71.187947, 42.371365000000004], [-71.187584, 42.371947000000006], [-71.186213, 42.371084999999994], [-71.187364, 42.36998500000001], [-71.184285, 42.36797700000001], [-71.182558, 42.369499], [-71.181256, 42.368569000000015], [-71.184826, 42.36549600000001], [-71.1852, 42.36578300000001], [-71.185486, 42.365752], [-71.185609, 42.36527], [-71.185278, 42.364995000000015], [-71.185551, 42.364838999999996], [-71.187284, 42.36496699999999], [-71.189502, 42.365384999999996], [-71.191106, 42.365103000000005], [-71.192215, 42.36542399999999], [-71.196298, 42.361802000000004], [-71.190231, 42.360383999999996], [-71.190747, 42.35928400000001], [-71.191852, 42.355526999999995], [-71.196158, 42.354764999999986], [-71.198834, 42.354009], [-71.201492, 42.354986000000004], [-71.203574, 42.356017], [-71.207125, 42.35675599999999], [-71.212952, 42.35937899999998], [-71.209537, 42.361503000000006], [-71.210561, 42.36228400000001], [-71.210061, 42.363548], [-71.21079500000002, 42.364006], [-71.212942, 42.364655], [-71.213359, 42.36466999999999], [-71.213838, 42.364349999999995], [-71.214101, 42.363719], [-71.214117, 42.36301099999998], [-71.215769, 42.361845], [-71.216523, 42.36096599999999], [-71.21659, 42.361050000000006], [-71.216791, 42.360657999999994], [-71.22054800000001, 42.361285], [-71.22067500000001, 42.360986000000004], [-71.220557, 42.360498000000014], [-71.221984, 42.36022400000001], [-71.222406, 42.359410000000004], [-71.222698, 42.360191], [-71.222954, 42.360040000000005], [-71.22378, 42.358108], [-71.22487, 42.358248999999994], [-71.225406, 42.35672500000001], [-71.236588, 42.360805], [-71.237621, 42.360498000000014], [-71.239165, 42.36107799999999], [-71.238772, 42.36371300000002], [-71.237525, 42.367634000000024], [-71.237036, 42.37057999999998], [-71.239714, 42.37094900000001], [-71.242436, 42.368458], [-71.245369, 42.369483], [-71.246837, 42.367960999999994], [-71.247762, 42.36729399999997], [-71.253023, 42.36452900000001], [-71.253012, 42.36647], [-71.253584, 42.366985]]]}}, {"type": "Feature", "properties": {"district_name": "6th Norfolk District", "chamber": "house", "vintage": "2022-present", "lean_dem_share": 0.6198, "competitiveness": "Safe", "competitiveness_label": "Safe D", "party_favored": "Democratic", "url": "/district/house-6th-norfolk-district-2022-present/"}, "geometry": {"type": "Polygon", "coordinates": [[[-71.177918, 42.164066999999996], [-71.17748000000002, 42.163922], [-71.177092, 42.16421399999999], [-71.177159, 42.164948], [-71.177044, 42.16513300000001], [-71.175752, 42.16493], [-71.17587, 42.165319], [-71.176345, 42.16571], [-71.176197, 42.16596899999999], [-71.173416, 42.166023], [-71.173343, 42.166280000000015], [-71.173924, 42.16705499999998], [-71.173778, 42.16751599999999], [-71.173486, 42.16777200000001], [-71.172995, 42.167703], [-71.17267700000001, 42.167231], [-71.172089, 42.16724500000001], [-71.171573, 42.167470000000016], [-71.171819, 42.168126], [-71.171758, 42.168411], [-71.170388, 42.168654], [-71.170115, 42.168815999999985], [-71.169711, 42.16945700000001], [-71.168516, 42.16912299999998], [-71.16726200000001, 42.16917699999999], [-71.16714, 42.169681000000004], [-71.167702, 42.170192], [-71.168812, 42.171933], [-71.168749, 42.172315000000005], [-71.168313, 42.17293900000001], [-71.167091, 42.172693], [-71.163908, 42.17283200000001], [-71.163448, 42.173791000000016], [-71.163492, 42.174034000000006], [-71.165293, 42.17485200000001], [-71.165462, 42.175143], [-71.165191, 42.17549499999999], [-71.163642, 42.17580700000001], [-71.163404, 42.175987], [-71.163432, 42.176227999999995], [-71.166974, 42.17747700000002], [-71.167136, 42.177763], [-71.166139, 42.178293], [-71.166033, 42.178610000000006], [-71.167708, 42.178817], [-71.168001, 42.179097999999996], [-71.167852, 42.17940999999999], [-71.167368, 42.17973800000001], [-71.166474, 42.17966], [-71.165266, 42.18001600000001], [-71.164937, 42.18055800000001], [-71.164283, 42.180886], [-71.164023, 42.181302], [-71.164168, 42.18172499999999], [-71.165093, 42.181988], [-71.165379, 42.182230999999994], [-71.164547, 42.18362900000001], [-71.16374900000001, 42.184483], [-71.16284, 42.185065999999985], [-71.16289, 42.18634400000001], [-71.163872, 42.18677899999999], [-71.163871, 42.187377], [-71.163602, 42.18766200000001], [-71.163269, 42.18771300000002], [-71.162692, 42.18721600000001], [-71.162311, 42.187236000000006], [-71.160415, 42.18829100000003], [-71.16024, 42.188583], [-71.160149, 42.19003799999998], [-71.159298, 42.19203300000001], [-71.158316, 42.19373499999998], [-71.15828900000001, 42.194458], [-71.158045, 42.19497299999998], [-71.157626, 42.195292], [-71.156353, 42.19561], [-71.15546, 42.19686200000001], [-71.154462, 42.197102000000015], [-71.153758, 42.197852000000005], [-71.152778, 42.19786700000001], [-71.152349, 42.198032999999995], [-71.151901, 42.198841999999985], [-71.150463, 42.199941999999986], [-71.149959, 42.20106899999999], [-71.148474, 42.20219900000001], [-71.146308, 42.20424599999999], [-71.146174, 42.20447099999999], [-71.146255, 42.20525200000001], [-71.145667, 42.206072000000006], [-71.145712, 42.20634400000001], [-71.146326, 42.20640000000002], [-71.147695, 42.20597199999998], [-71.14842, 42.20638600000001], [-71.14841, 42.206786000000015], [-71.14710900000001, 42.208292], [-71.145922, 42.20922699999999], [-71.144893, 42.20947100000001], [-71.144413, 42.210407000000004], [-71.143943, 42.21092600000001], [-71.142595, 42.21139099999999], [-71.142328, 42.211660999999985], [-71.142415, 42.21216199999999], [-71.143526, 42.21312300000001], [-71.142422, 42.2143], [-71.142829, 42.21525], [-71.142819, 42.215672], [-71.142194, 42.217562], [-71.141358, 42.21806900000001], [-71.14117, 42.21836299999998], [-71.141386, 42.218671000000015], [-71.142148, 42.218978], [-71.142248, 42.21952100000001], [-71.140575, 42.22176300000001], [-71.140446, 42.22242800000001], [-71.139983, 42.22319], [-71.140206, 42.22363699999999], [-71.14008, 42.223931], [-71.137098, 42.226727999999994], [-71.136528, 42.22707900000001], [-71.134832, 42.22693999999999], [-71.13411300000001, 42.227465], [-71.132605, 42.22710699999999], [-71.131521, 42.227367], [-71.130771, 42.227926000000004], [-71.114002, 42.211861], [-71.04012, 42.137194], [-71.02721, 42.13293899999998], [-71.027576, 42.12759600000001], [-71.027521, 42.126414999999994], [-71.026953, 42.123734], [-71.021859, 42.118745], [-71.061256, 42.103194], [-71.060335, 42.106962], [-71.068326, 42.12587400000001], [-71.069938, 42.125859], [-71.07145, 42.1261], [-71.0758, 42.12798], [-71.07771, 42.128609999999995], [-71.08097, 42.128850000000014], [-71.0823, 42.12910999999999], [-71.083715, 42.129571999999996], [-71.08845, 42.1316], [-71.0893, 42.130639999999985], [-71.09256000000002, 42.13198], [-71.094629, 42.12882099999999], [-71.09716, 42.12687000000002], [-71.0954, 42.12544], [-71.098694, 42.123419000000005], [-71.09952, 42.12264000000001], [-71.09739, 42.121860000000005], [-71.09565, 42.12033000000001], [-71.099343, 42.11764500000002], [-71.1011, 42.11714999999999], [-71.10065, 42.114509999999996], [-71.102738, 42.114222999999996], [-71.10615, 42.11422000000002], [-71.10824, 42.11362], [-71.112246, 42.112831000000014], [-71.115182, 42.111563], [-71.116342, 42.110668999999994], [-71.118395, 42.11294900000001], [-71.120197, 42.112515000000016], [-71.121333, 42.11263600000001], [-71.12177, 42.111769999999986], [-71.123471, 42.11199], [-71.12452, 42.111700000000006], [-71.12485, 42.11213999999999], [-71.12501, 42.11268999999999], [-71.125075, 42.114810000000006], [-71.12346, 42.11484000000001], [-71.12342, 42.11580000000001], [-71.12231, 42.11848999999999], [-71.11966, 42.11858], [-71.12115, 42.12122000000001], [-71.11406, 42.122699999999995], [-71.114, 42.12377999999999], [-71.117187, 42.124810000000004], [-71.11562, 42.12785000000001], [-71.12596, 42.13080999999999], [-71.12737, 42.131000000000014], [-71.128666, 42.13071], [-71.129526, 42.130701], [-71.131748, 42.13146400000001], [-71.13399, 42.13181999999999], [-71.1335, 42.13338], [-71.13354, 42.133931000000004], [-71.13274, 42.134180000000015], [-71.1316, 42.13657000000001], [-71.13179, 42.136970000000005], [-71.13184, 42.137799999999984], [-71.13682, 42.13928999999998], [-71.13686, 42.14067000000001], [-71.137472, 42.139378999999984], [-71.138685, 42.139956999999995], [-71.139915, 42.139871], [-71.140779, 42.138061], [-71.144549, 42.13769699999999], [-71.163542, 42.141456999999996], [-71.162198, 42.145279], [-71.171993, 42.15152400000001], [-71.176368, 42.155360000000016], [-71.175763, 42.15559899999999], [-71.178013, 42.16396099999999], [-71.177918, 42.164066999999996]]]}}, {"type": "Feature", "properties": {"district_name": "11th Middlesex District", "chamber": "house", "vintage": "2022-present", "lean_dem_share": 0.8152, "competitiveness": "Safe", "competitiveness_label": "Safe D", "party_favored": "Democratic", "url": "/district/house-11th-middlesex-district-2022-present/"}, "geometry": {"type": "Polygon", "coordinates": [[[-71.270292, 42.330864000000005], [-71.269767, 42.33118100000001], [-71.268477, 42.33066900000001], [-71.267819, 42.330574999999996], [-71.265666, 42.33127300000001], [-71.26513, 42.33182999999999], [-71.264726, 42.333944], [-71.264415, 42.334472999999996], [-71.263138, 42.334903000000004], [-71.26122, 42.334605], [-71.259933, 42.334825000000016], [-71.259204, 42.33541899999999], [-71.25893400000001, 42.336019], [-71.258964, 42.336579], [-71.256746, 42.338040000000014], [-71.255689, 42.339290999999996], [-71.255885, 42.340111], [-71.256864, 42.340648], [-71.258248, 42.341190000000005], [-71.26037, 42.34089900000001], [-71.261042, 42.341002], [-71.261596, 42.341353999999995], [-71.261884, 42.34186900000001], [-71.261236, 42.34428200000001], [-71.259759, 42.346111], [-71.259793, 42.34661000000002], [-71.260432, 42.34761200000001], [-71.260306, 42.348194], [-71.259963, 42.34855700000001], [-71.258747, 42.349107999999994], [-71.258624, 42.349360999999995], [-71.25863100000001, 42.350052], [-71.25914500000002, 42.35172399999999], [-71.260099, 42.353016], [-71.260358, 42.35365800000002], [-71.256465, 42.354905], [-71.256356, 42.354012000000004], [-71.255731, 42.353754], [-71.255217, 42.353928], [-71.254034, 42.35477], [-71.253146, 42.355897000000006], [-71.236588, 42.360805], [-71.225406, 42.35672500000001], [-71.22487, 42.358248999999994], [-71.22378, 42.358108], [-71.222954, 42.360040000000005], [-71.222698, 42.360191], [-71.222406, 42.359410000000004], [-71.221984, 42.36022400000001], [-71.220557, 42.360498000000014], [-71.22067500000001, 42.360986000000004], [-71.22054800000001, 42.361285], [-71.216791, 42.360657999999994], [-71.21659, 42.361050000000006], [-71.216523, 42.36096599999999], [-71.215769, 42.361845], [-71.214117, 42.36301099999998], [-71.214101, 42.363719], [-71.213838, 42.364349999999995], [-71.213359, 42.36466999999999], [-71.212942, 42.364655], [-71.21079500000002, 42.364006], [-71.210061, 42.363548], [-71.210561, 42.36228400000001], [-71.209537, 42.361503000000006], [-71.212952, 42.35937899999998], [-71.207125, 42.35675599999999], [-71.203574, 42.356017], [-71.201492, 42.354986000000004], [-71.198834, 42.354009], [-71.196158, 42.354764999999986], [-71.191852, 42.355526999999995], [-71.190747, 42.35928400000001], [-71.190231, 42.360383999999996], [-71.18368, 42.358829], [-71.182126, 42.360681], [-71.17824, 42.359565999999994], [-71.175272, 42.359272], [-71.172754, 42.35933100000001], [-71.169381, 42.360136], [-71.167625, 42.360073000000014], [-71.173916, 42.35346499999999], [-71.17485, 42.350337], [-71.166683, 42.340104000000004], [-71.166808, 42.33928999999997], [-71.168633, 42.338629], [-71.169217, 42.33806800000001], [-71.168886, 42.33582599999999], [-71.16857, 42.335143], [-71.168191, 42.33479100000001], [-71.167565, 42.333441], [-71.175068, 42.33259899999999], [-71.176171, 42.332202], [-71.176748, 42.332731999999986], [-71.177176, 42.332691], [-71.177423, 42.332853], [-71.177515, 42.334022000000004], [-71.180297, 42.335257999999996], [-71.181836, 42.33539099999999], [-71.182362, 42.335815], [-71.183738, 42.33527200000001], [-71.18622, 42.33498899999999], [-71.187192, 42.335051], [-71.185648, 42.336494000000016], [-71.188584, 42.33623599999999], [-71.1923, 42.33619899999999], [-71.194758, 42.335724], [-71.195651, 42.336019], [-71.196746, 42.337085999999985], [-71.197987, 42.33776399999999], [-71.199197, 42.33793599999999], [-71.201557, 42.33780500000002], [-71.203071, 42.33796000000001], [-71.203408, 42.337606], [-71.20333, 42.33669], [-71.203742, 42.33594500000002], [-71.203763, 42.33531299999999], [-71.20708, 42.336149999999996], [-71.207795, 42.333715000000005], [-71.207782, 42.333272], [-71.209221, 42.333466], [-71.209597, 42.332728], [-71.210109, 42.332337], [-71.212439, 42.33297100000001], [-71.213443, 42.332436999999985], [-71.213554, 42.33201], [-71.214698, 42.332058999999994], [-71.214768, 42.332171], [-71.21711, 42.33199299999999], [-71.217463, 42.332880999999986], [-71.218332, 42.333202], [-71.218306, 42.333891], [-71.217586, 42.333886], [-71.217218, 42.33688999999999], [-71.21708, 42.337037], [-71.218352, 42.337475], [-71.219318, 42.337537], [-71.220113, 42.337151], [-71.22006700000001, 42.33696100000001], [-71.221492, 42.336023000000004], [-71.222927, 42.33542599999999], [-71.223753, 42.335547], [-71.233769, 42.33846099999999], [-71.234199, 42.338008], [-71.235351, 42.33749199999999], [-71.238108, 42.330313], [-71.244888, 42.33370000000001], [-71.246877, 42.33212600000002], [-71.248516, 42.33003000000001], [-71.250118, 42.32944200000001], [-71.250552, 42.32904200000001], [-71.250549, 42.328756999999996], [-71.250137, 42.328087], [-71.250463, 42.32705700000001], [-71.24919, 42.32363800000002], [-71.249938, 42.32386300000002], [-71.250229, 42.324551], [-71.251245, 42.325271], [-71.251746, 42.326123], [-71.252937, 42.32675600000001], [-71.253838, 42.32662], [-71.254308, 42.326052], [-71.25447, 42.325391999999994], [-71.254888, 42.32512600000001], [-71.256295, 42.324659000000004], [-71.257818, 42.324506], [-71.258398, 42.32493799999999], [-71.258999, 42.326340999999985], [-71.259565, 42.326674], [-71.260249, 42.32679], [-71.261952, 42.32664900000001], [-71.262488, 42.326509], [-71.263092, 42.326052], [-71.263536, 42.32601699999999], [-71.266097, 42.327391000000006], [-71.269559, 42.327779], [-71.270255, 42.328555], [-71.270249, 42.328929999999986], [-71.269763, 42.32976399999999], [-71.270279, 42.33052200000001], [-71.270292, 42.330864000000005]]]}}, {"type": "Feature", "properties": {"district_name": "7th Norfolk District", "chamber": "house", "vintage": "2022-present", "lean_dem_share": 0.737, "competitiveness": "Safe", "competitiveness_label": "Safe D", "party_favored": "Democratic", "url": "/district/house-7th-norfolk-district-2022-present/"}, "geometry": {"type": "Polygon", "coordinates": [[[-71.130749, 42.227911], [-71.130101, 42.228667999999985], [-71.129202, 42.22896699999999], [-71.128803, 42.229803000000004], [-71.128252, 42.230184], [-71.12753, 42.231115], [-71.126609, 42.23126400000001], [-71.125952, 42.231817], [-71.12523000000002, 42.23205700000002], [-71.124524, 42.232904000000005], [-71.124719, 42.233745000000006], [-71.124462, 42.234161000000014], [-71.124053, 42.23432200000001], [-71.122938, 42.23424900000003], [-71.122604, 42.23443700000001], [-71.12246400000001, 42.234931], [-71.122638, 42.23537999999999], [-71.124084, 42.23638800000001], [-71.124763, 42.237429], [-71.125681, 42.237900999999994], [-71.126377, 42.23916200000001], [-71.109347, 42.24798999999999], [-71.109544, 42.255411999999986], [-71.113326, 42.25899], [-71.11146000000001, 42.26076900000001], [-71.110465, 42.261124], [-71.108954, 42.261296], [-71.107461, 42.26065199999999], [-71.105887, 42.260863], [-71.105001, 42.26080399999999], [-71.103929, 42.25978100000001], [-71.103285, 42.25972999999999], [-71.102691, 42.259884], [-71.100731, 42.26106999999999], [-71.098864, 42.26259], [-71.097483, 42.263089], [-71.096432, 42.264736999999975], [-71.095256, 42.265786], [-71.094633, 42.266771000000006], [-71.093908, 42.267140000000005], [-71.094546, 42.264923000000024], [-71.095731, 42.262463], [-71.10358, 42.247360000000036], [-71.10679, 42.241986000000004], [-71.103786, 42.24213699999999], [-71.099828, 42.24288999999998], [-71.099323, 42.243381], [-71.099004, 42.24413899999999], [-71.098561, 42.244492], [-71.09755, 42.24302000000002], [-71.09349, 42.24537], [-71.09351, 42.25692000000001], [-71.08819, 42.25802999999999], [-71.08747, 42.25838], [-71.08698, 42.257960000000004], [-71.08434, 42.25925000000001], [-71.08297, 42.25873000000001], [-71.0812, 42.25836999999999], [-71.08057, 42.26068], [-71.07894, 42.26357], [-71.076195, 42.267160999999994], [-71.073296, 42.26923899999999], [-71.0731, 42.269641], [-71.073264, 42.27031699999998], [-71.07168, 42.270855000000005], [-71.070415, 42.27061300000001], [-71.068778, 42.27070999999998], [-71.068375, 42.270827], [-71.067704, 42.271490000000014], [-71.065769, 42.271201], [-71.065097, 42.270658999999995], [-71.064781, 42.270167000000015], [-71.065033, 42.26928600000001], [-71.064695, 42.26860700000002], [-71.063102, 42.26734400000001], [-71.061828, 42.26720800000001], [-71.06097900000002, 42.26745399999999], [-71.053691, 42.271816], [-71.053494, 42.272458], [-71.054102, 42.27344299999999], [-71.054996, 42.274167999999996], [-71.055575, 42.27505200000002], [-71.055585, 42.275709], [-71.055245, 42.27634299999998], [-71.054401, 42.27701900000001], [-71.052597, 42.277669], [-71.049802, 42.2781], [-71.048583, 42.27791399999999], [-71.047116, 42.277083], [-71.04488, 42.276266], [-71.044421, 42.276313], [-71.042782, 42.277102], [-71.041635, 42.26839], [-71.04185, 42.267550000000014], [-71.041672, 42.26642699999999], [-71.03138800000002, 42.25921200000001], [-71.032078, 42.25834900000001], [-71.06109, 42.242383999999994], [-71.053021, 42.229173], [-71.093189, 42.21393600000002], [-71.08272700000002, 42.204289999999986], [-71.082475, 42.20437400000001], [-71.082244, 42.20474900000001], [-71.081612, 42.20466], [-71.080747, 42.204948], [-71.079186, 42.20461399999999], [-71.07776, 42.204789], [-71.076997, 42.20452000000001], [-71.075143, 42.20473899999998], [-71.074471, 42.204224], [-71.073314, 42.20422000000001], [-71.069679, 42.20450799999998], [-71.067968, 42.20498899999998], [-71.065118, 42.20544800000003], [-71.064914, 42.205105], [-71.065058, 42.205073], [-71.06184, 42.199619999999996], [-71.06113, 42.19732], [-71.060629, 42.19478899999999], [-71.05936, 42.19167], [-71.051992, 42.180933], [-71.04879, 42.17536], [-71.046595, 42.17095599999999], [-71.04147, 42.16269], [-71.041326, 42.162583000000005], [-71.038452, 42.166068], [-71.028738, 42.161045999999985], [-71.028059, 42.162090000000006], [-71.025931, 42.162434], [-71.026945, 42.160687], [-71.026682, 42.160404], [-71.026943, 42.16014200000001], [-71.026803, 42.15976099999998], [-71.02714, 42.15943999999998], [-71.027179, 42.157913], [-71.026911, 42.15778399999999], [-71.027565, 42.15632099999999], [-71.035093, 42.13563400000001], [-71.04012, 42.137194], [-71.114002, 42.211861], [-71.130749, 42.227911]]]}}, {"type": "Feature", "properties": {"district_name": "8th Norfolk District", "chamber": "house", "vintage": "2022-present", "lean_dem_share": 0.6821, "competitiveness": "Safe", "competitiveness_label": "Safe D", "party_favored": "Democratic", "url": "/district/house-8th-norfolk-district-2022-present/"}, "geometry": {"type": "Polygon", "coordinates": [[[-71.25864, 42.13773], [-71.2538, 42.14476], [-71.25437, 42.14534999999999], [-71.25607, 42.14646299999997], [-71.241633, 42.154711000000006], [-71.24123, 42.154259999999994], [-71.240018, 42.15375699999999], [-71.23957, 42.153011], [-71.24027, 42.15126999999997], [-71.23906, 42.15049], [-71.239271, 42.14940699999999], [-71.239639, 42.14884599999999], [-71.23991, 42.14872999999999], [-71.24029, 42.14885], [-71.23987000000001, 42.14734000000001], [-71.23656, 42.14792], [-71.23616, 42.14781], [-71.226038, 42.14445799999999], [-71.22333, 42.14274000000001], [-71.2213, 42.14184000000001], [-71.21874, 42.140310000000014], [-71.21791, 42.140180000000015], [-71.215306, 42.14032599999999], [-71.186885, 42.153264000000014], [-71.188691, 42.161127000000015], [-71.188146, 42.16148900000001], [-71.188108, 42.16132499999998], [-71.187881, 42.161308000000005], [-71.186607, 42.161486], [-71.185833, 42.16216099999999], [-71.185032, 42.16245900000002], [-71.184323, 42.16249200000001], [-71.183467, 42.163041], [-71.183387, 42.16323800000002], [-71.18280300000002, 42.16328699999999], [-71.18253, 42.163722000000014], [-71.182179, 42.163883], [-71.182219, 42.164145999999995], [-71.182066, 42.164221999999995], [-71.182014, 42.16457199999999], [-71.181712, 42.16475], [-71.181753, 42.165141999999996], [-71.181313, 42.16552300000001], [-71.180182, 42.165496000000005], [-71.180005, 42.165084], [-71.179796, 42.164978000000005], [-71.17902, 42.16528299999999], [-71.179188, 42.16590299999999], [-71.178585, 42.16589299999999], [-71.177899, 42.165567], [-71.178135, 42.165045000000006], [-71.177853, 42.16413599999999], [-71.178013, 42.16396099999999], [-71.175763, 42.15559899999999], [-71.176368, 42.155360000000016], [-71.171993, 42.15152400000001], [-71.162198, 42.145279], [-71.163542, 42.141456999999996], [-71.144549, 42.13769699999999], [-71.140779, 42.138061], [-71.139915, 42.139871], [-71.138685, 42.139956999999995], [-71.137472, 42.139378999999984], [-71.13686, 42.14067000000001], [-71.13682, 42.13928999999998], [-71.13184, 42.137799999999984], [-71.13179, 42.136970000000005], [-71.1316, 42.13657000000001], [-71.13274, 42.134180000000015], [-71.13354, 42.133931000000004], [-71.1335, 42.13338], [-71.13399, 42.13181999999999], [-71.131748, 42.13146400000001], [-71.129526, 42.130701], [-71.128666, 42.13071], [-71.12737, 42.131000000000014], [-71.12596, 42.13080999999999], [-71.11562, 42.12785000000001], [-71.117187, 42.124810000000004], [-71.114, 42.12377999999999], [-71.11406, 42.122699999999995], [-71.12115, 42.12122000000001], [-71.11966, 42.11858], [-71.12231, 42.11848999999999], [-71.12342, 42.11580000000001], [-71.12346, 42.11484000000001], [-71.125075, 42.114810000000006], [-71.12501, 42.11268999999999], [-71.12485, 42.11213999999999], [-71.12452, 42.111700000000006], [-71.123471, 42.11199], [-71.12177, 42.111769999999986], [-71.121333, 42.11263600000001], [-71.120197, 42.112515000000016], [-71.118395, 42.11294900000001], [-71.116342, 42.110668999999994], [-71.115182, 42.111563], [-71.112246, 42.112831000000014], [-71.10824, 42.11362], [-71.10615, 42.11422000000002], [-71.102738, 42.114222999999996], [-71.10065, 42.114509999999996], [-71.1011, 42.11714999999999], [-71.099343, 42.11764500000002], [-71.09565, 42.12033000000001], [-71.09739, 42.121860000000005], [-71.09952, 42.12264000000001], [-71.098694, 42.123419000000005], [-71.0954, 42.12544], [-71.09716, 42.12687000000002], [-71.094629, 42.12882099999999], [-71.09256000000002, 42.13198], [-71.0893, 42.130639999999985], [-71.08845, 42.1316], [-71.083715, 42.129571999999996], [-71.0823, 42.12910999999999], [-71.08097, 42.128850000000014], [-71.07771, 42.128609999999995], [-71.0758, 42.12798], [-71.07145, 42.1261], [-71.069938, 42.125859], [-71.068326, 42.12587400000001], [-71.060335, 42.106962], [-71.061256, 42.103194], [-71.127235, 42.077203], [-71.16868100000002, 42.061161], [-71.161448, 42.02601000000001], [-71.1797, 42.02854900000001], [-71.182277, 42.02922800000001], [-71.18458200000002, 42.030405000000016], [-71.185751, 42.03081700000001], [-71.189263, 42.03162399999999], [-71.188301, 42.033663999999995], [-71.188209, 42.036342999999995], [-71.187594, 42.038508000000014], [-71.187589, 42.03950900000001], [-71.187985, 42.040386], [-71.190021, 42.04269599999999], [-71.190261, 42.043561], [-71.190387, 42.046655000000015], [-71.190743, 42.048317], [-71.191386, 42.04963], [-71.19243, 42.05091199999998], [-71.192629, 42.051824999999994], [-71.178457, 42.057362], [-71.195093, 42.080762], [-71.196374, 42.082468000000006], [-71.205921, 42.07410799999999], [-71.238811, 42.10413900000002], [-71.238804, 42.106401], [-71.253302, 42.105343999999995], [-71.255501, 42.10407800000001], [-71.25383, 42.10506199999999], [-71.25381, 42.105869999999996], [-71.25402, 42.10894000000002], [-71.254279, 42.10889900000002], [-71.2551, 42.10814000000001], [-71.25566, 42.10890999999998], [-71.255269, 42.10928499999998], [-71.25461, 42.11074000000001], [-71.253714, 42.11202100000002], [-71.25199, 42.11322], [-71.25436, 42.11374999999999], [-71.2485, 42.12174000000003], [-71.248814, 42.12249899999999], [-71.250935, 42.12427799999998], [-71.253955, 42.125006], [-71.255927, 42.12613300000001], [-71.256043, 42.127244999999995], [-71.255127, 42.12876600000001], [-71.255601, 42.129181], [-71.25429, 42.132110000000004], [-71.25704, 42.13428700000001], [-71.258094, 42.13604800000001], [-71.258388, 42.137525000000004], [-71.25864, 42.13773]]]}}, {"type": "Feature", "properties": {"district_name": "9th Norfolk District", "chamber": "house", "vintage": "2022-present", "lean_dem_share": 0.5618, "competitiveness": "Likely", "competitiveness_label": "Likely D", "party_favored": "Democratic", "url": "/district/house-9th-norfolk-district-2022-present/"}, "geometry": {"type": "Polygon", "coordinates": [[[-71.458104, 42.017797999999985], [-71.455904, 42.034895], [-71.388272, 42.04099999999999], [-71.365315, 42.076195], [-71.359272, 42.08952099999999], [-71.367718, 42.107263], [-71.379982, 42.12655], [-71.380045, 42.127458], [-71.38067, 42.128212000000005], [-71.380585, 42.128665], [-71.38071300000001, 42.129135], [-71.381462, 42.129722000000015], [-71.38180200000001, 42.129825], [-71.382171, 42.12964599999998], [-71.381645, 42.13049899999999], [-71.382012, 42.130815], [-71.381919, 42.130959000000004], [-71.381637, 42.130817999999984], [-71.381329, 42.13100899999999], [-71.380693, 42.131004000000004], [-71.380258, 42.131426], [-71.38088, 42.132002000000014], [-71.381058, 42.132668], [-71.38052, 42.13297699999999], [-71.380128, 42.13270700000001], [-71.380188, 42.132925], [-71.379326, 42.13324499999999], [-71.379218, 42.13344099999998], [-71.37939, 42.13385500000001], [-71.379933, 42.134370999999994], [-71.380044, 42.134841], [-71.379795, 42.13558600000001], [-71.379214, 42.13587000000001], [-71.378109, 42.13539200000001], [-71.37679, 42.13561], [-71.375731, 42.13549700000001], [-71.374188, 42.134682], [-71.372465, 42.134060000000005], [-71.3711, 42.133158], [-71.369865, 42.133802], [-71.368334, 42.133545999999996], [-71.366619, 42.133805], [-71.366402, 42.13355399999999], [-71.366526, 42.13289000000002], [-71.36633100000002, 42.13192499999998], [-71.365985, 42.13199199999999], [-71.365605, 42.13239900000001], [-71.36394, 42.133089999999996], [-71.36342800000001, 42.13274400000002], [-71.363419, 42.13223599999999], [-71.363031, 42.131986], [-71.362684, 42.13219599999999], [-71.362428, 42.132924], [-71.361881, 42.133506], [-71.36227, 42.13432999999999], [-71.36248, 42.135270000000006], [-71.36253, 42.13575999999999], [-71.36232, 42.13660000000002], [-71.36241, 42.13685000000001], [-71.36409, 42.13903], [-71.36653, 42.14156], [-71.36777, 42.143639999999984], [-71.36576, 42.144339999999985], [-71.36118, 42.14644], [-71.35916, 42.14768000000001], [-71.35841, 42.148709999999994], [-71.359328, 42.14948000000001], [-71.36189, 42.15291000000001], [-71.36553, 42.16101], [-71.366441, 42.16390899999999], [-71.34914, 42.170750000000005], [-71.3454, 42.171990000000015], [-71.34113, 42.17401999999999], [-71.33592, 42.176130000000015], [-71.32473, 42.180069999999986], [-71.31779, 42.18375], [-71.3159, 42.184619999999995], [-71.314654, 42.18495000000001], [-71.314039, 42.185513], [-71.313626, 42.185612], [-71.312913, 42.186139999999995], [-71.312864, 42.186312], [-71.311093, 42.187297], [-71.310287, 42.187197000000005], [-71.30953, 42.18672999999998], [-71.308781, 42.18673599999999], [-71.308562, 42.186783000000005], [-71.308725, 42.186958000000004], [-71.307695, 42.187069], [-71.306707, 42.187843], [-71.30578, 42.186850000000014], [-71.3054, 42.18665], [-71.304137, 42.187148], [-71.30046, 42.18477], [-71.29789, 42.182759999999995], [-71.295282, 42.183375999999996], [-71.294519, 42.184641000000006], [-71.293004, 42.18516900000001], [-71.294106, 42.18507100000001], [-71.294466, 42.18520200000001], [-71.294745, 42.185431], [-71.295025, 42.18608700000001], [-71.294864, 42.18694700000001], [-71.295111, 42.187617], [-71.294544, 42.18827499999999], [-71.294506, 42.189002], [-71.294237, 42.18953200000001], [-71.293374, 42.190403], [-71.292428, 42.190694999999984], [-71.291536, 42.19074599999999], [-71.29002, 42.19135000000001], [-71.289476, 42.19135500000001], [-71.288936, 42.191848], [-71.288918, 42.193318], [-71.288647, 42.193969], [-71.287916, 42.19253899999998], [-71.28672, 42.19225], [-71.28612, 42.19349999999999], [-71.28549, 42.19393000000001], [-71.28458, 42.19519999999999], [-71.2842, 42.19538000000002], [-71.28329, 42.195460000000004], [-71.28291, 42.193200000000004], [-71.28094000000002, 42.19284], [-71.27949, 42.193650000000005], [-71.27827, 42.19401999999999], [-71.278135, 42.194524999999985], [-71.277913, 42.194718], [-71.277904, 42.195471], [-71.277357, 42.195906], [-71.278223, 42.195781999999994], [-71.276859, 42.197142], [-71.27618, 42.197538], [-71.276328, 42.197765000000004], [-71.275759, 42.198132000000015], [-71.275375, 42.19808100000001], [-71.274963, 42.19907], [-71.27379, 42.19927], [-71.27168, 42.20024], [-71.269558, 42.200579], [-71.275671, 42.18166700000001], [-71.275025, 42.148622999999986], [-71.303751, 42.14949999999999], [-71.303785, 42.14921099999999], [-71.303566, 42.148693], [-71.303227, 42.148669000000005], [-71.303139, 42.14842399999999], [-71.302813, 42.14848700000002], [-71.302603, 42.14897799999999], [-71.30234000000002, 42.149026], [-71.302202, 42.14865099999999], [-71.301967, 42.148572], [-71.301965, 42.148165999999996], [-71.301282, 42.148253000000004], [-71.300817, 42.14809099999997], [-71.300873, 42.14750299999999], [-71.300562, 42.147506], [-71.300118, 42.147176], [-71.300441, 42.14692900000001], [-71.300302, 42.146582], [-71.300678, 42.14625100000001], [-71.300275, 42.146039], [-71.300118, 42.14573100000001], [-71.300696, 42.14506799999997], [-71.300351, 42.14472099999999], [-71.300386, 42.14433799999999], [-71.299878, 42.144072999999985], [-71.29985, 42.14376199999999], [-71.300443, 42.143138], [-71.300506, 42.142874], [-71.300228, 42.14269500000001], [-71.300263, 42.14234799999999], [-71.300005, 42.14198699999999], [-71.299406, 42.141771000000006], [-71.299416, 42.14141399999998], [-71.299724, 42.141226], [-71.299768, 42.140936], [-71.298947, 42.140420000000006], [-71.299215, 42.139785], [-71.299031, 42.138948], [-71.299194, 42.138795], [-71.299597, 42.13881700000001], [-71.299748, 42.138501000000005], [-71.300323, 42.138658], [-71.300347, 42.13847399999999], [-71.300665, 42.13830399999998], [-71.300584, 42.138083], [-71.301348, 42.13777300000002], [-71.301379, 42.137194], [-71.3017, 42.13720599999999], [-71.302191, 42.136813], [-71.30176, 42.136634], [-71.29991200000002, 42.129408999999995], [-71.29894, 42.1265], [-71.295013, 42.12822700000001], [-71.29266, 42.130010999999996], [-71.288352, 42.12986199999999], [-71.28394, 42.129250000000006], [-71.282526, 42.12923000000001], [-71.27328, 42.12205900000002], [-71.271429, 42.12098399999999], [-71.269585, 42.11929499999998], [-71.262465, 42.123255], [-71.257863, 42.126732999999994], [-71.255876, 42.12840800000001], [-71.255424, 42.12910399999999], [-71.255127, 42.12876600000001], [-71.256043, 42.127244999999995], [-71.255927, 42.12613300000001], [-71.253955, 42.125006], [-71.250935, 42.12427799999998], [-71.248814, 42.12249899999999], [-71.2485, 42.12174000000003], [-71.25436, 42.11374999999999], [-71.25199, 42.11322], [-71.253714, 42.11202100000002], [-71.25461, 42.11074000000001], [-71.255269, 42.10928499999998], [-71.25566, 42.10890999999998], [-71.2551, 42.10814000000001], [-71.254279, 42.10889900000002], [-71.25402, 42.10894000000002], [-71.25383, 42.10506199999999], [-71.255501, 42.10407800000001], [-71.271736, 42.09844499999999], [-71.284482, 42.08357899999999], [-71.287701, 42.07693100000001], [-71.287099, 42.06370699999999], [-71.289441, 42.05910200000002], [-71.28826500000001, 42.014462], [-71.364344, 41.985293], [-71.381299, 41.98508399999999], [-71.381505, 42.000021000000004], [-71.381401, 42.018798000000004], [-71.415708, 42.018498], [-71.4468, 42.017899], [-71.458104, 42.017797999999985]]]}}, {"type": "Feature", "properties": {"district_name": "10th Norfolk District", "chamber": "house", "vintage": "2022-present", "lean_dem_share": 0.6047, "competitiveness": "Safe", "competitiveness_label": "Safe D", "party_favored": "Democratic", "url": "/district/house-10th-norfolk-district-2022-present/"}, "geometry": {"type": "Polygon", "coordinates": [[[-71.455902, 42.034914], [-71.454754, 42.04411699999999], [-71.454687, 42.052223999999995], [-71.45496, 42.06312800000001], [-71.455872, 42.063187], [-71.45527400000002, 42.07275300000001], [-71.453698, 42.072621], [-71.451974, 42.08373300000001], [-71.44659, 42.102137], [-71.44401, 42.117312], [-71.442552, 42.13163500000001], [-71.441678, 42.131885999999994], [-71.442422, 42.132167], [-71.44208, 42.132521], [-71.442052, 42.132937999999996], [-71.442221, 42.13324099999999], [-71.441961, 42.133597], [-71.442493, 42.133911000000005], [-71.442851, 42.133931999999994], [-71.442886, 42.13407600000001], [-71.442383, 42.134558], [-71.441816, 42.134605999999984], [-71.441426, 42.134829], [-71.441769, 42.13503000000001], [-71.441841, 42.135248000000004], [-71.442366, 42.135316], [-71.442451, 42.13545600000001], [-71.442279, 42.13557200000001], [-71.442693, 42.13578400000001], [-71.444681, 42.135552000000004], [-71.44266, 42.13693], [-71.44273, 42.13929], [-71.442933, 42.140416], [-71.44279, 42.140999999999984], [-71.44282, 42.14394000000001], [-71.443211, 42.149831999999996], [-71.44376, 42.168289999999985], [-71.4441, 42.172529999999995], [-71.444067, 42.17488900000001], [-71.430174, 42.179386], [-71.42373000000002, 42.17925300000001], [-71.42355, 42.178131000000015], [-71.40229500000001, 42.17879400000002], [-71.380366, 42.14316699999999], [-71.3793, 42.141639999999995], [-71.375618, 42.13545399999999], [-71.37679, 42.13561], [-71.378109, 42.13539200000001], [-71.379214, 42.13587000000001], [-71.379795, 42.13558600000001], [-71.380018, 42.135116999999994], [-71.380044, 42.134592], [-71.37939, 42.13385500000001], [-71.379218, 42.13344099999998], [-71.379326, 42.13324499999999], [-71.380188, 42.132925], [-71.380128, 42.13270700000001], [-71.38052, 42.13297699999999], [-71.381058, 42.132668], [-71.38088, 42.132002000000014], [-71.380258, 42.131426], [-71.380693, 42.131004000000004], [-71.381329, 42.13100899999999], [-71.381637, 42.130817999999984], [-71.381919, 42.130959000000004], [-71.382012, 42.130815], [-71.381645, 42.13049899999999], [-71.382171, 42.12964599999998], [-71.38180200000001, 42.129825], [-71.381462, 42.129722000000015], [-71.38071300000001, 42.129135], [-71.380585, 42.128665], [-71.38067, 42.128212000000005], [-71.380045, 42.127458], [-71.379982, 42.12655], [-71.367718, 42.107263], [-71.359272, 42.08952099999999], [-71.365315, 42.076195], [-71.388272, 42.04099999999999], [-71.455902, 42.034914]]]}}, {"type": "Feature", "properties": {"district_name": "11th Norfolk District", "chamber": "house", "vintage": "2022-present", "lean_dem_share": 0.645, "competitiveness": "Safe", "competitiveness_label": "Safe D", "party_favored": "Democratic", "url": "/district/house-11th-norfolk-district-2022-present/"}, "geometry": {"type": "Polygon", "coordinates": [[[-71.275671, 42.18166700000001], [-71.269569, 42.20049899999999], [-71.267523, 42.200938999999984], [-71.263711, 42.203328000000006], [-71.26105500000001, 42.204096], [-71.259791, 42.204115000000016], [-71.258263, 42.20391000000001], [-71.258194, 42.204071], [-71.256403, 42.203672000000005], [-71.254124, 42.2028], [-71.251416, 42.202613], [-71.232237, 42.256898], [-71.232285, 42.258424999999995], [-71.230347, 42.261361999999984], [-71.229455, 42.263906999999996], [-71.228685, 42.264309], [-71.227284, 42.263909000000005], [-71.22565600000001, 42.26413300000001], [-71.22429, 42.26318100000001], [-71.223188, 42.262696999999996], [-71.222488, 42.262881], [-71.221567, 42.26342700000001], [-71.219875, 42.263532000000005], [-71.218675, 42.265387000000004], [-71.218123, 42.267665], [-71.218311, 42.268458], [-71.217973, 42.268678], [-71.217005, 42.26852299999999], [-71.214565, 42.26770199999999], [-71.212318, 42.26754300000001], [-71.211174, 42.267298000000004], [-71.209262, 42.267514000000006], [-71.208049, 42.26785100000001], [-71.205727, 42.26757], [-71.205024, 42.267058999999996], [-71.199523, 42.267796999999995], [-71.198791, 42.268431], [-71.19749800000001, 42.268792], [-71.196694, 42.269223999999994], [-71.188212, 42.280438000000004], [-71.185357, 42.279591], [-71.183257, 42.27599300000001], [-71.183048, 42.27585299999999], [-71.177461, 42.27686800000001], [-71.176364, 42.27664500000001], [-71.174764, 42.275842000000004], [-71.174418, 42.275042], [-71.174825, 42.27420099999999], [-71.174822, 42.27353], [-71.172953, 42.270298], [-71.173529, 42.26943800000003], [-71.174501, 42.268651], [-71.174596, 42.26789399999999], [-71.17431700000002, 42.26717900000001], [-71.17356, 42.266705], [-71.171695, 42.266277999999986], [-71.171379, 42.26590499999998], [-71.171322, 42.26534599999999], [-71.158584, 42.255155000000016], [-71.152312, 42.258336], [-71.146642, 42.25575500000001], [-71.142681, 42.235998000000016], [-71.130771, 42.227926000000004], [-71.131521, 42.227367], [-71.132605, 42.22710699999999], [-71.13411300000001, 42.227465], [-71.134832, 42.22693999999999], [-71.136528, 42.22707900000001], [-71.137098, 42.226727999999994], [-71.14008, 42.223931], [-71.140206, 42.22363699999999], [-71.139983, 42.22319], [-71.140446, 42.22242800000001], [-71.140575, 42.22176300000001], [-71.142248, 42.21952100000001], [-71.142148, 42.218978], [-71.141386, 42.218671000000015], [-71.14117, 42.21836299999998], [-71.141358, 42.21806900000001], [-71.142194, 42.217562], [-71.142819, 42.215672], [-71.142829, 42.21525], [-71.142422, 42.2143], [-71.143526, 42.21312300000001], [-71.142415, 42.21216199999999], [-71.142328, 42.211660999999985], [-71.142595, 42.21139099999999], [-71.143943, 42.21092600000001], [-71.144413, 42.210407000000004], [-71.144893, 42.20947100000001], [-71.145922, 42.20922699999999], [-71.14710900000001, 42.208292], [-71.14841, 42.206786000000015], [-71.14842, 42.20638600000001], [-71.147695, 42.20597199999998], [-71.146326, 42.20640000000002], [-71.145712, 42.20634400000001], [-71.145667, 42.206072000000006], [-71.146255, 42.20525200000001], [-71.146174, 42.20447099999999], [-71.148474, 42.20219900000001], [-71.149959, 42.20106899999999], [-71.150463, 42.199941999999986], [-71.151901, 42.198841999999985], [-71.152349, 42.198032999999995], [-71.152778, 42.19786700000001], [-71.153758, 42.197852000000005], [-71.154462, 42.197102000000015], [-71.154831, 42.19694200000001], [-71.16216, 42.20124], [-71.163233, 42.202142], [-71.178675, 42.21230099999999], [-71.185202, 42.212810000000005], [-71.19042, 42.21365], [-71.19645, 42.213891], [-71.19816, 42.21347999999999], [-71.210778, 42.208806], [-71.238343, 42.182791000000016], [-71.237272, 42.18234200000001], [-71.236768, 42.18128999999999], [-71.236152, 42.18140699999999], [-71.235367, 42.18104], [-71.234508, 42.181174000000006], [-71.234189, 42.181398], [-71.233561, 42.181328000000015], [-71.226106, 42.17180100000002], [-71.22851, 42.16847], [-71.230079, 42.167013000000004], [-71.231199, 42.166169], [-71.234172, 42.16449800000002], [-71.23658, 42.162659999999995], [-71.23867, 42.16162000000002], [-71.23963, 42.160880000000006], [-71.246473, 42.164749], [-71.25225, 42.16703], [-71.251992, 42.16966399999999], [-71.252215, 42.169738], [-71.252281, 42.170097], [-71.252531, 42.16998800000001], [-71.253422, 42.170336000000006], [-71.254296, 42.170421999999995], [-71.255286, 42.17006000000001], [-71.256338, 42.170936000000005], [-71.256874, 42.171182], [-71.257466, 42.171918], [-71.257794, 42.17357700000001], [-71.257743, 42.174073], [-71.25871, 42.17544000000001], [-71.26444, 42.175459999999994], [-71.26495, 42.175889999999995], [-71.265401, 42.176798000000005], [-71.263358, 42.17675799999999], [-71.26432, 42.17684000000001], [-71.265639, 42.17689200000001], [-71.26776, 42.176550000000006], [-71.274618, 42.17659900000002], [-71.275584, 42.177198000000004], [-71.275671, 42.18166700000001]]]}}, {"type": "Feature", "properties": {"district_name": "12th Norfolk District", "chamber": "house", "vintage": "2022-present", "lean_dem_share": 0.609, "competitiveness": "Safe", "competitiveness_label": "Safe D", "party_favored": "Democratic", "url": "/district/house-12th-norfolk-district-2022-present/"}, "geometry": {"type": "Polygon", "coordinates": [[[-71.303566, 42.148693], [-71.303751, 42.14949999999999], [-71.275025, 42.148622999999986], [-71.275584, 42.177198000000004], [-71.274618, 42.17659900000002], [-71.27422, 42.176533], [-71.26776, 42.176550000000006], [-71.26545, 42.176899999999996], [-71.263358, 42.17675799999999], [-71.265401, 42.176798000000005], [-71.26495, 42.175889999999995], [-71.26444, 42.175459999999994], [-71.25871, 42.17544000000001], [-71.257743, 42.174073], [-71.257794, 42.17357700000001], [-71.257466, 42.171918], [-71.256874, 42.171182], [-71.256338, 42.170936000000005], [-71.255286, 42.17006000000001], [-71.254296, 42.170421999999995], [-71.253422, 42.170336000000006], [-71.252531, 42.16998800000001], [-71.252281, 42.170097], [-71.252215, 42.169738], [-71.251992, 42.16966399999999], [-71.25225, 42.16703], [-71.246473, 42.164749], [-71.23963, 42.160880000000006], [-71.23867, 42.16162000000002], [-71.23658, 42.162659999999995], [-71.233281, 42.165088999999995], [-71.231199, 42.166169], [-71.229013, 42.16790500000002], [-71.226106, 42.17180100000002], [-71.233561, 42.181328000000015], [-71.234189, 42.181398], [-71.234508, 42.181174000000006], [-71.235367, 42.18104], [-71.236152, 42.18140699999999], [-71.236768, 42.18128999999999], [-71.237272, 42.18234200000001], [-71.238343, 42.182791000000016], [-71.210778, 42.208806], [-71.19816, 42.21347999999999], [-71.19624, 42.21390099999999], [-71.19185, 42.21375], [-71.18996000000001, 42.2136], [-71.185202, 42.212810000000005], [-71.178675, 42.21230099999999], [-71.163233, 42.202142], [-71.16216, 42.20124], [-71.154831, 42.19694200000001], [-71.15546, 42.19686200000001], [-71.156353, 42.19561], [-71.157626, 42.195292], [-71.158194, 42.19475299999999], [-71.158316, 42.19373499999998], [-71.159298, 42.19203300000001], [-71.160149, 42.19003799999998], [-71.16024, 42.188583], [-71.160415, 42.18829100000003], [-71.162311, 42.187236000000006], [-71.162692, 42.18721600000001], [-71.163269, 42.18771300000002], [-71.163602, 42.18766200000001], [-71.163871, 42.187377], [-71.163872, 42.18677899999999], [-71.16289, 42.18634400000001], [-71.162813, 42.185370999999996], [-71.162937, 42.184961], [-71.16374900000001, 42.184483], [-71.164547, 42.18362900000001], [-71.165347, 42.182415999999996], [-71.165271, 42.18207499999999], [-71.164317, 42.18180700000001], [-71.164045, 42.181586], [-71.164023, 42.181302], [-71.164283, 42.180886], [-71.164937, 42.18055800000001], [-71.165266, 42.18001600000001], [-71.166474, 42.17966], [-71.167368, 42.17973800000001], [-71.167852, 42.17940999999999], [-71.168001, 42.179097999999996], [-71.167708, 42.178817], [-71.166033, 42.178610000000006], [-71.166139, 42.178293], [-71.167136, 42.177763], [-71.166974, 42.17747700000002], [-71.163432, 42.176227999999995], [-71.163404, 42.175987], [-71.163642, 42.17580700000001], [-71.165191, 42.17549499999999], [-71.165462, 42.175143], [-71.165293, 42.17485200000001], [-71.163492, 42.174034000000006], [-71.163448, 42.173791000000016], [-71.163908, 42.17283200000001], [-71.167091, 42.172693], [-71.168313, 42.17293900000001], [-71.168749, 42.172315000000005], [-71.168812, 42.171933], [-71.167702, 42.170192], [-71.16714, 42.169681000000004], [-71.16726200000001, 42.16917699999999], [-71.168516, 42.16912299999998], [-71.169711, 42.16945700000001], [-71.170115, 42.168815999999985], [-71.170388, 42.168654], [-71.171758, 42.168411], [-71.171819, 42.168126], [-71.171573, 42.167470000000016], [-71.172089, 42.16724500000001], [-71.17267700000001, 42.167231], [-71.172995, 42.167703], [-71.173486, 42.16777200000001], [-71.173778, 42.16751599999999], [-71.173924, 42.16705499999998], [-71.173343, 42.166280000000015], [-71.173416, 42.166023], [-71.176251, 42.16594300000001], [-71.176345, 42.16571], [-71.17587, 42.165319], [-71.175724, 42.16497400000001], [-71.177044, 42.16513300000001], [-71.177159, 42.164948], [-71.177092, 42.16421399999999], [-71.177381, 42.16395000000001], [-71.177676, 42.163952], [-71.177889, 42.16419900000001], [-71.178135, 42.165045000000006], [-71.177899, 42.165567], [-71.178247, 42.16581299999998], [-71.179188, 42.16590299999999], [-71.17902, 42.16528299999999], [-71.179796, 42.164978000000005], [-71.180005, 42.165084], [-71.180182, 42.165496000000005], [-71.181313, 42.16552300000001], [-71.181753, 42.165141999999996], [-71.181712, 42.16475], [-71.182014, 42.16457199999999], [-71.182066, 42.164221999999995], [-71.182219, 42.164145999999995], [-71.182179, 42.163883], [-71.18253, 42.163722000000014], [-71.18280300000002, 42.16328699999999], [-71.183387, 42.16323800000002], [-71.183467, 42.163041], [-71.184323, 42.16249200000001], [-71.185032, 42.16245900000002], [-71.185833, 42.16216099999999], [-71.186607, 42.161486], [-71.187881, 42.161308000000005], [-71.188108, 42.16132499999998], [-71.188146, 42.16148900000001], [-71.188691, 42.161127000000015], [-71.186885, 42.153264000000014], [-71.215306, 42.14032599999999], [-71.21791, 42.140180000000015], [-71.218864, 42.140363], [-71.2213, 42.14184000000001], [-71.22333, 42.14274000000001], [-71.226038, 42.14445799999999], [-71.23510000000002, 42.14747999999999], [-71.23656, 42.14792], [-71.23987000000001, 42.14734000000001], [-71.24029, 42.14885], [-71.23991, 42.14872999999999], [-71.239639, 42.14884599999999], [-71.239271, 42.14940699999999], [-71.23906, 42.15049], [-71.24027, 42.15126999999997], [-71.23957, 42.153011], [-71.240018, 42.15375699999999], [-71.24123, 42.154259999999994], [-71.241633, 42.154711000000006], [-71.25607, 42.14646299999997], [-71.25437, 42.14534999999999], [-71.2538, 42.14476], [-71.25864, 42.13773], [-71.258388, 42.137525000000004], [-71.258094, 42.13604800000001], [-71.25704, 42.13428700000001], [-71.25429, 42.132110000000004], [-71.255549, 42.12934400000001], [-71.255601, 42.129181], [-71.255424, 42.12910399999999], [-71.255876, 42.12840800000001], [-71.257863, 42.126732999999994], [-71.262465, 42.123255], [-71.269585, 42.11929499999998], [-71.271429, 42.12098399999999], [-71.27328, 42.12205900000002], [-71.282526, 42.12923000000001], [-71.28394, 42.129250000000006], [-71.288352, 42.12986199999999], [-71.29266, 42.130010999999996], [-71.295013, 42.12822700000001], [-71.29894, 42.1265], [-71.29991200000002, 42.129408999999995], [-71.30176, 42.136634], [-71.302191, 42.136813], [-71.3017, 42.13720599999999], [-71.301379, 42.137194], [-71.301348, 42.13777300000002], [-71.300584, 42.138083], [-71.300665, 42.13830399999998], [-71.300347, 42.13847399999999], [-71.300323, 42.138658], [-71.299748, 42.138501000000005], [-71.299597, 42.13881700000001], [-71.299194, 42.138795], [-71.299031, 42.138948], [-71.299215, 42.139785], [-71.298947, 42.140420000000006], [-71.299768, 42.140936], [-71.299724, 42.141226], [-71.299416, 42.14141399999998], [-71.299406, 42.141771000000006], [-71.300005, 42.14198699999999], [-71.300263, 42.14234799999999], [-71.300228, 42.14269500000001], [-71.300506, 42.142874], [-71.300443, 42.143138], [-71.29985, 42.14376199999999], [-71.299878, 42.144072999999985], [-71.300386, 42.14433799999999], [-71.300351, 42.14472099999999], [-71.300696, 42.14506799999997], [-71.300118, 42.14573100000001], [-71.300275, 42.146039], [-71.300678, 42.14625100000001], [-71.300302, 42.146582], [-71.300441, 42.14692900000001], [-71.300118, 42.147176], [-71.300562, 42.147506], [-71.300873, 42.14750299999999], [-71.300817, 42.14809099999997], [-71.301282, 42.148253000000004], [-71.301965, 42.148165999999996], [-71.301967, 42.148572], [-71.302202, 42.14865099999999], [-71.30234000000002, 42.149026], [-71.302603, 42.14897799999999], [-71.302813, 42.14848700000002], [-71.303139, 42.14842399999999], [-71.303227, 42.148669000000005], [-71.303566, 42.148693]]]}}, {"type": "Feature", "properties": {"district_name": "13th Norfolk District", "chamber": "house", "vintage": "2022-present", "lean_dem_share": 0.7249, "competitiveness": "Safe", "competitiveness_label": "Safe D", "party_favored": "Democratic", "url": "/district/house-13th-norfolk-district-2022-present/"}, "geometry": {"type": "Polygon", "coordinates": [[[-71.352179, 42.207489], [-71.35167, 42.20844400000001], [-71.351736, 42.209988], [-71.351479, 42.211546], [-71.350317, 42.21365099999998], [-71.349023, 42.21454299999999], [-71.34681, 42.215588999999994], [-71.339954, 42.213872999999985], [-71.339564, 42.21407200000001], [-71.338713, 42.21497299999999], [-71.338505, 42.21522999999999], [-71.338351, 42.21597500000001], [-71.338623, 42.21689399999999], [-71.33973100000001, 42.217652000000015], [-71.341167, 42.218262000000024], [-71.342203, 42.21963999999999], [-71.343014, 42.22005499999999], [-71.343166, 42.220613], [-71.343051, 42.22105500000001], [-71.342736, 42.22149799999999], [-71.341657, 42.221921999999985], [-71.34155, 42.22282999999999], [-71.341012, 42.22447200000001], [-71.340689, 42.224849999999996], [-71.33777, 42.22706099999999], [-71.336552, 42.227637], [-71.334833, 42.229130000000026], [-71.334196, 42.229944], [-71.331473, 42.231629000000005], [-71.330391, 42.23249000000003], [-71.329695, 42.23332799999999], [-71.329667, 42.23417299999999], [-71.33101, 42.236523999999996], [-71.331185, 42.23758500000001], [-71.330777, 42.241051], [-71.330524, 42.24192599999999], [-71.329772, 42.24259300000001], [-71.32943, 42.24410799999999], [-71.329377, 42.245148], [-71.330465, 42.246321], [-71.331512, 42.24684800000001], [-71.332298, 42.247549], [-71.332652, 42.24822499999999], [-71.332665, 42.24873200000001], [-71.332496, 42.249075000000005], [-71.302922, 42.24827400000001], [-71.30846, 42.270709], [-71.308115, 42.271223], [-71.308029, 42.27181099999999], [-71.308476, 42.27229400000001], [-71.309013, 42.27334200000002], [-71.309025, 42.27480799999999], [-71.309496, 42.275704], [-71.309302, 42.276378999999984], [-71.308875, 42.27667399999999], [-71.307341, 42.27710499999999], [-71.304636, 42.27835799999999], [-71.302477, 42.28016], [-71.300997, 42.282361], [-71.300315, 42.282897000000006], [-71.299949, 42.282911000000006], [-71.29822, 42.28176199999998], [-71.297514, 42.280909], [-71.297788, 42.27920799999999], [-71.299775, 42.276139], [-71.299641, 42.27500199999999], [-71.299044, 42.274492], [-71.298352, 42.27426100000002], [-71.297199, 42.274497], [-71.296205, 42.274318], [-71.29562, 42.273998999999996], [-71.294843, 42.27305200000001], [-71.233006, 42.31626599999999], [-71.230587, 42.316500000000005], [-71.228915, 42.31636], [-71.227543, 42.31539999999999], [-71.22639300000002, 42.314323], [-71.226343, 42.313419999999994], [-71.227068, 42.31239800000001], [-71.226944, 42.311554000000015], [-71.22631100000001, 42.31028400000001], [-71.227209, 42.30900600000001], [-71.22700300000001, 42.30849099999999], [-71.226688, 42.30825000000001], [-71.225456, 42.30795200000001], [-71.22411, 42.30729999999999], [-71.222776, 42.30715], [-71.220855, 42.30640799999999], [-71.218475, 42.306814], [-71.21636, 42.30640899999998], [-71.21369, 42.306288], [-71.212945, 42.305949], [-71.21148700000002, 42.30366300000001], [-71.211235, 42.30288199999999], [-71.211253, 42.302266], [-71.211768, 42.30093599999999], [-71.211779, 42.300062000000004], [-71.211343, 42.29949500000001], [-71.210477, 42.29883100000001], [-71.207538, 42.296858], [-71.206054, 42.293398], [-71.205584, 42.29171099999999], [-71.205515, 42.290186000000006], [-71.20524, 42.289567999999996], [-71.204566, 42.289046000000006], [-71.203375, 42.288621], [-71.201344, 42.28855799999999], [-71.200018, 42.287595], [-71.196355, 42.28595699999998], [-71.195793, 42.286196], [-71.195524, 42.287572000000004], [-71.195006, 42.28816400000001], [-71.19429, 42.28828299999999], [-71.193087, 42.28795100000001], [-71.192117, 42.28727700000001], [-71.190886, 42.285823], [-71.190889, 42.28512599999999], [-71.191243, 42.28346400000001], [-71.191131, 42.282363999999994], [-71.19051, 42.28164799999999], [-71.188212, 42.280438000000004], [-71.196694, 42.269223999999994], [-71.19749800000001, 42.268792], [-71.198791, 42.268431], [-71.199523, 42.267796999999995], [-71.205024, 42.267058999999996], [-71.205727, 42.26757], [-71.208049, 42.26785100000001], [-71.209262, 42.267514000000006], [-71.211174, 42.267298000000004], [-71.212318, 42.26754300000001], [-71.214565, 42.26770199999999], [-71.217005, 42.26852299999999], [-71.217973, 42.268678], [-71.218311, 42.268458], [-71.218123, 42.267665], [-71.218675, 42.265387000000004], [-71.219875, 42.263532000000005], [-71.221567, 42.26342700000001], [-71.222488, 42.262881], [-71.223188, 42.262696999999996], [-71.22429, 42.26318100000001], [-71.22565600000001, 42.26413300000001], [-71.227284, 42.263909000000005], [-71.228685, 42.264309], [-71.229455, 42.263906999999996], [-71.230347, 42.261361999999984], [-71.232285, 42.258424999999995], [-71.232237, 42.256898], [-71.251416, 42.202613], [-71.254124, 42.2028], [-71.256403, 42.203672000000005], [-71.258194, 42.204071], [-71.258263, 42.20391000000001], [-71.259791, 42.204115000000016], [-71.261366, 42.204044], [-71.263711, 42.203328000000006], [-71.26767, 42.20088100000001], [-71.27168, 42.20024], [-71.27379, 42.19927], [-71.274963, 42.19907], [-71.275375, 42.19808100000001], [-71.275759, 42.198132000000015], [-71.276328, 42.197765000000004], [-71.27618, 42.197538], [-71.276859, 42.197142], [-71.278223, 42.195781999999994], [-71.277357, 42.195906], [-71.277904, 42.195471], [-71.277913, 42.194718], [-71.278135, 42.194524999999985], [-71.27827, 42.19401999999999], [-71.27949, 42.193650000000005], [-71.28094000000002, 42.19284], [-71.28291, 42.193200000000004], [-71.28329, 42.195460000000004], [-71.2842, 42.19538000000002], [-71.28458, 42.19519999999999], [-71.28549, 42.19393000000001], [-71.28612, 42.19349999999999], [-71.28672, 42.19225], [-71.287916, 42.19253899999998], [-71.288647, 42.193969], [-71.288918, 42.193318], [-71.288936, 42.191848], [-71.289476, 42.19135500000001], [-71.29002, 42.19135000000001], [-71.291536, 42.19074599999999], [-71.292428, 42.190694999999984], [-71.293374, 42.190403], [-71.294237, 42.18953200000001], [-71.294506, 42.189002], [-71.294544, 42.18827499999999], [-71.295111, 42.187617], [-71.294864, 42.18694700000001], [-71.295025, 42.18608700000001], [-71.294745, 42.185431], [-71.294466, 42.18520200000001], [-71.294106, 42.18507100000001], [-71.293004, 42.18516900000001], [-71.294519, 42.184641000000006], [-71.295282, 42.183375999999996], [-71.29789, 42.182759999999995], [-71.30046, 42.18477], [-71.304137, 42.187148], [-71.3054, 42.18665], [-71.30578, 42.186850000000014], [-71.306707, 42.187843], [-71.307695, 42.187069], [-71.308725, 42.186958000000004], [-71.308562, 42.186783000000005], [-71.308781, 42.18673599999999], [-71.30953, 42.18672999999998], [-71.310287, 42.187197000000005], [-71.311247, 42.187239999999996], [-71.312864, 42.186312], [-71.312913, 42.186139999999995], [-71.313626, 42.185612], [-71.314039, 42.185513], [-71.314654, 42.18495000000001], [-71.3159, 42.184619999999995], [-71.31779, 42.18375], [-71.322678, 42.181141999999994], [-71.323247, 42.181487999999995], [-71.324945, 42.18148599999998], [-71.325535, 42.181647000000005], [-71.32593, 42.182328999999996], [-71.326554, 42.182731], [-71.32629300000002, 42.18365899999999], [-71.325958, 42.183927], [-71.326012, 42.184092999999976], [-71.326319, 42.18423700000001], [-71.327366, 42.18410999999999], [-71.327788, 42.184203000000004], [-71.327864, 42.184375], [-71.327671, 42.18483800000001], [-71.32777, 42.185011999999986], [-71.329102, 42.184905], [-71.32961, 42.18505599999999], [-71.329417, 42.185548], [-71.328542, 42.18612500000001], [-71.32845, 42.186443000000004], [-71.328822, 42.186674], [-71.330497, 42.18684900000001], [-71.330628, 42.18694099999999], [-71.33072, 42.187894], [-71.332019, 42.18874299999999], [-71.333033, 42.188884], [-71.33440000000002, 42.188504000000016], [-71.335145, 42.18848399999998], [-71.335589, 42.18944800000001], [-71.335594, 42.19101100000001], [-71.335823, 42.19123999999999], [-71.336466, 42.191376], [-71.338377, 42.191207999999996], [-71.33881, 42.19105100000001], [-71.33908, 42.19060999999999], [-71.339406, 42.190645999999994], [-71.339478, 42.190956], [-71.339269, 42.191759000000005], [-71.339515, 42.19292999999999], [-71.339375, 42.19342800000001], [-71.340089, 42.19388099999998], [-71.339071, 42.1941], [-71.338974, 42.19437800000001], [-71.339511, 42.19457200000001], [-71.340232, 42.19442399999999], [-71.340571, 42.19466899999999], [-71.340557, 42.19490900000003], [-71.340095, 42.195351], [-71.338578, 42.19533499999999], [-71.338213, 42.195713], [-71.338283, 42.196034], [-71.339401, 42.196470999999995], [-71.339275, 42.19689199999999], [-71.34009, 42.19718299999999], [-71.339995, 42.197702000000014], [-71.340271, 42.197964999999996], [-71.340771, 42.19781500000002], [-71.34148, 42.19823000000001], [-71.342729, 42.19813399999999], [-71.342754, 42.198878], [-71.342368, 42.199301000000006], [-71.342514, 42.19958100000001], [-71.342878, 42.19978200000002], [-71.343569, 42.199811], [-71.343918, 42.198447999999985], [-71.344235, 42.19839799999999], [-71.344618, 42.198584], [-71.345088, 42.19928500000001], [-71.344259, 42.200269000000006], [-71.344072, 42.201107000000015], [-71.344301, 42.201416], [-71.345726, 42.202070000000006], [-71.346251, 42.202608999999995], [-71.346847, 42.20371399999999], [-71.346457, 42.204302], [-71.346541, 42.20464100000001], [-71.346912, 42.204767], [-71.348457, 42.204705999999995], [-71.349852, 42.205251000000004], [-71.3507, 42.20578300000002], [-71.35176, 42.206775000000015], [-71.352179, 42.207489]], [[-71.299901, 42.27029], [-71.299745, 42.26961300000001], [-71.295653, 42.272484000000006], [-71.296687, 42.272622000000005], [-71.2976, 42.27236400000001], [-71.298391, 42.271342], [-71.29977, 42.27051599999999], [-71.299901, 42.27029]]]}}, {"type": "Feature", "properties": {"district_name": "14th Norfolk District", "chamber": "house", "vintage": "2022-present", "lean_dem_share": 0.7229, "competitiveness": "Safe", "competitiveness_label": "Safe D", "party_favored": "Democratic", "url": "/district/house-14th-norfolk-district-2022-present/"}, "geometry": {"type": "MultiPolygon", "coordinates": [[[[-71.299888, 42.270361], [-71.298391, 42.271342], [-71.2976, 42.27236400000001], [-71.296687, 42.272622000000005], [-71.295653, 42.272484000000006], [-71.299745, 42.26961300000001], [-71.299888, 42.270361]]], [[[-71.335845, 42.393997000000006], [-71.334569, 42.396114], [-71.321524, 42.392683], [-71.319859, 42.392873999999985], [-71.318566, 42.39257499999999], [-71.317749, 42.392169], [-71.314613, 42.39321700000003], [-71.315244, 42.39348], [-71.313524, 42.39627999999998], [-71.312223, 42.395824], [-71.309941, 42.39963300000001], [-71.29952, 42.401274000000015], [-71.299578, 42.403764], [-71.299147, 42.405643999999995], [-71.299367, 42.405992], [-71.300412, 42.406656], [-71.301586, 42.408909999999985], [-71.30175, 42.40977600000001], [-71.29696, 42.41721700000001], [-71.296125, 42.41774900000002], [-71.295339, 42.41872399999998], [-71.294195, 42.419163999999995], [-71.292775, 42.42000399999999], [-71.29142, 42.42203399999999], [-71.291262, 42.42336699999999], [-71.294263, 42.423674], [-71.29753, 42.425053], [-71.303872, 42.425837999999985], [-71.303432, 42.42624599999999], [-71.3028, 42.427462], [-71.302489, 42.428351], [-71.302302, 42.429686000000004], [-71.30149, 42.431374000000005], [-71.300057, 42.433486], [-71.29999, 42.434599], [-71.300258, 42.43774100000001], [-71.299083, 42.439584999999994], [-71.298823, 42.440688], [-71.302864, 42.442935], [-71.309744, 42.446070999999996], [-71.314825, 42.44747399999999], [-71.32013, 42.44986599999999], [-71.313618, 42.455023], [-71.310931, 42.453594], [-71.309929, 42.453248], [-71.304804, 42.452759999999984], [-71.303191, 42.461254], [-71.302155, 42.461116000000025], [-71.302282, 42.46201000000001], [-71.29519, 42.46344600000001], [-71.29521, 42.463235000000005], [-71.289302, 42.46455700000003], [-71.289676, 42.466182], [-71.28294, 42.461170999999986], [-71.28184, 42.45964], [-71.280851, 42.460168], [-71.280711, 42.45999], [-71.28012100000001, 42.460059], [-71.279501, 42.459675999999995], [-71.277982, 42.46023499999999], [-71.277889, 42.460710000000006], [-71.272695, 42.459704], [-71.269018, 42.44049399999999], [-71.267962, 42.43716700000001], [-71.26615, 42.429916000000006], [-71.26723, 42.42443800000002], [-71.271765, 42.41677500000001], [-71.270859, 42.41649700000001], [-71.274421, 42.40987700000001], [-71.281416, 42.412180000000006], [-71.286031, 42.40409700000001], [-71.281205, 42.402691], [-71.282825, 42.399727999999996], [-71.279583, 42.39875200000002], [-71.27617200000002, 42.39291599999999], [-71.267761, 42.390141], [-71.276517, 42.37496500000001], [-71.275724, 42.374558000000015], [-71.27525, 42.37464299999999], [-71.274694, 42.374207999999996], [-71.273623, 42.373736], [-71.273608, 42.37344300000001], [-71.273262, 42.37327399999998], [-71.273012, 42.37281800000001], [-71.273038, 42.37249400000002], [-71.272378, 42.37217], [-71.272148, 42.37177700000001], [-71.272173, 42.37158800000002], [-71.272376, 42.37150799999999], [-71.271755, 42.371227], [-71.2717, 42.37103700000001], [-71.271877, 42.370786], [-71.27159, 42.37061399999999], [-71.270683, 42.369423000000005], [-71.270232, 42.36835799999999], [-71.270772, 42.367484], [-71.272711, 42.36686200000002], [-71.273142, 42.366558], [-71.273567, 42.365899], [-71.273423, 42.365236000000024], [-71.27127500000002, 42.36337300000003], [-71.269517, 42.362844], [-71.269308, 42.36263699999999], [-71.269181, 42.36057400000001], [-71.268917, 42.35988100000001], [-71.265999, 42.35633], [-71.264922, 42.355241], [-71.262889, 42.35422999999998], [-71.261209, 42.35368199999998], [-71.260385, 42.35363299999999], [-71.25914500000002, 42.35172399999999], [-71.25863100000001, 42.350052], [-71.258624, 42.349360999999995], [-71.258747, 42.349107999999994], [-71.259963, 42.34855700000001], [-71.260306, 42.348194], [-71.260432, 42.34761200000001], [-71.259881, 42.346804000000006], [-71.259718, 42.346284], [-71.260169, 42.345452999999985], [-71.261236, 42.34428200000001], [-71.261882, 42.34218799999999], [-71.261706, 42.34152799999999], [-71.261323, 42.34111499999999], [-71.260597, 42.34091399999999], [-71.258248, 42.341190000000005], [-71.256385, 42.340438], [-71.255885, 42.340111], [-71.255661, 42.339555], [-71.25583, 42.338995999999995], [-71.256746, 42.338040000000014], [-71.258964, 42.336579], [-71.25893400000001, 42.336019], [-71.259204, 42.33541899999999], [-71.259933, 42.334825000000016], [-71.26122, 42.334605], [-71.263138, 42.334903000000004], [-71.264415, 42.334472999999996], [-71.264726, 42.333944], [-71.26513, 42.33182999999999], [-71.265666, 42.33127300000001], [-71.26801, 42.33056], [-71.269767, 42.33118100000001], [-71.270246, 42.33098], [-71.270279, 42.33052200000001], [-71.269763, 42.32976399999999], [-71.270249, 42.328929999999986], [-71.270255, 42.328555], [-71.269559, 42.327779], [-71.266097, 42.327391000000006], [-71.263536, 42.32601699999999], [-71.263092, 42.326052], [-71.262488, 42.326509], [-71.261952, 42.32664900000001], [-71.260249, 42.32679], [-71.259565, 42.326674], [-71.258999, 42.326340999999985], [-71.258398, 42.32493799999999], [-71.257818, 42.324506], [-71.256295, 42.324659000000004], [-71.254888, 42.32512600000001], [-71.25447, 42.325391999999994], [-71.254308, 42.326052], [-71.253838, 42.32662], [-71.252937, 42.32675600000001], [-71.251746, 42.326123], [-71.251245, 42.325271], [-71.250229, 42.324551], [-71.24977, 42.32372899999999], [-71.248756, 42.32344700000001], [-71.2478, 42.321864999999995], [-71.247258, 42.32131], [-71.24661, 42.321022000000006], [-71.244586, 42.321258], [-71.242638, 42.320868000000004], [-71.240885, 42.32088400000001], [-71.238786, 42.321799], [-71.238097, 42.32175500000001], [-71.234761, 42.320850000000014], [-71.231144, 42.320840999999994], [-71.229477, 42.319566], [-71.228358, 42.319006], [-71.22814, 42.318384000000016], [-71.228148, 42.31716200000001], [-71.227939, 42.31641699999999], [-71.227528, 42.315895000000005], [-71.227543, 42.31539999999999], [-71.228915, 42.31636], [-71.229404, 42.316459], [-71.231531, 42.316461], [-71.233006, 42.31626599999999], [-71.294843, 42.27305200000001], [-71.29562, 42.273998999999996], [-71.296205, 42.274318], [-71.297199, 42.274497], [-71.298352, 42.27426100000002], [-71.299044, 42.274492], [-71.299641, 42.27500199999999], [-71.299775, 42.276139], [-71.297788, 42.27920799999999], [-71.297514, 42.280909], [-71.297945, 42.281523], [-71.299025, 42.28237599999999], [-71.299949, 42.282911000000006], [-71.300315, 42.282897000000006], [-71.300997, 42.282361], [-71.302477, 42.28016], [-71.304636, 42.27835799999999], [-71.307341, 42.27710499999999], [-71.308875, 42.27667399999999], [-71.309302, 42.276378999999984], [-71.309496, 42.275704], [-71.309025, 42.27480799999999], [-71.309013, 42.27334200000002], [-71.308476, 42.27229400000001], [-71.308029, 42.27181099999999], [-71.308115, 42.271223], [-71.30846, 42.270709], [-71.323662, 42.297415], [-71.32975, 42.312991000000004], [-71.327327, 42.313746], [-71.327444, 42.321113999999994], [-71.328779, 42.33168300000001], [-71.335845, 42.393997000000006]]]]}}, {"type": "Feature", "properties": {"district_name": "2nd Essex District", "chamber": "house", "vintage": "2022-present", "lean_dem_share": 0.6033, "competitiveness": "Safe", "competitiveness_label": "Safe D", "party_favored": "Democratic", "url": "/district/house-2nd-essex-district-2022-present/"}, "geometry": {"type": "Polygon", "coordinates": [[[-71.034638, 42.732354], [-71.026997, 42.73134300000001], [-71.019311, 42.73362500000001], [-71.011255, 42.734184], [-71.00935, 42.73524800000001], [-71.001023, 42.739094000000016], [-70.98417, 42.746193], [-70.979465, 42.748659], [-70.97407500000001, 42.749523999999994], [-70.970224, 42.751213], [-70.959693, 42.75383300000001], [-70.967188, 42.75827699999999], [-70.96649400000001, 42.760237999999994], [-70.963419, 42.765377], [-70.95946, 42.76627400000001], [-70.958291, 42.765652], [-70.956828, 42.76708800000001], [-70.952696, 42.768989000000005], [-70.951699, 42.76886100000001], [-70.949989, 42.769763], [-70.949764, 42.770148999999996], [-70.947529, 42.771595], [-70.94655, 42.771838], [-70.942417, 42.774846], [-70.940534, 42.775808999999995], [-70.93361100000001, 42.77873499999999], [-70.931886, 42.77898300000002], [-70.929259, 42.77979999999999], [-70.92625, 42.781026000000004], [-70.917388, 42.78746999999999], [-70.905122, 42.797441], [-70.89791, 42.798363999999985], [-70.897906, 42.797774999999994], [-70.897697, 42.797551999999996], [-70.896047, 42.79667], [-70.895789, 42.796286], [-70.894354, 42.795369], [-70.89326, 42.79486899999999], [-70.891342, 42.79453900000002], [-70.890802, 42.7943], [-70.874866, 42.79805499999999], [-70.862965, 42.801550000000006], [-70.841045, 42.795908], [-70.808151, 42.81170500000001], [-70.805871, 42.812579], [-70.805999, 42.80934099999998], [-70.805698, 42.80544099999999], [-70.804059, 42.796453], [-70.803987, 42.793813], [-70.801476, 42.782748], [-70.799698, 42.776329999999994], [-70.794618, 42.762698], [-70.792999, 42.757731], [-70.791218, 42.753172], [-70.790752, 42.75052899999997], [-70.78426, 42.736898000000004], [-70.781154, 42.73195200000003], [-70.775454, 42.722213999999994], [-70.7747, 42.72020400000001], [-70.759124, 42.708492], [-70.747461, 42.70138800000001], [-70.73709, 42.695973], [-70.722743, 42.691771], [-70.70898, 42.690916], [-70.721542, 42.671014000000014], [-70.726696, 42.662441], [-70.731982, 42.65417700000001], [-70.73245600000001, 42.65396100000001], [-70.746636, 42.666318], [-70.747324, 42.66713200000001], [-70.751373, 42.67070099999999], [-70.759507, 42.67493700000001], [-70.761497, 42.67574499999999], [-70.762556, 42.67585100000001], [-70.766649, 42.67431700000001], [-70.768914, 42.67365400000001], [-70.771617, 42.673324], [-70.777916, 42.67300500000002], [-70.780984, 42.671242], [-70.784166, 42.67013300000001], [-70.785042, 42.66837399999999], [-70.785696, 42.66795300000002], [-70.786831, 42.667773000000004], [-70.789103, 42.667967], [-70.789456, 42.66781499999999], [-70.789684, 42.66721], [-70.789511, 42.66671300000001], [-70.78931, 42.666681000000004], [-70.78936, 42.665809], [-70.790852, 42.664637000000006], [-70.790976, 42.664076], [-70.790845, 42.663664], [-70.790542, 42.663565], [-70.788846, 42.66364099999999], [-70.788598, 42.663335000000004], [-70.788893, 42.66282999999999], [-70.790201, 42.66187599999999], [-70.792735, 42.66183100000002], [-70.793123, 42.66209], [-70.793135, 42.662271], [-70.792762, 42.66327100000001], [-70.793905, 42.663215], [-70.79408, 42.663067000000005], [-70.793603, 42.66188300000002], [-70.79367300000001, 42.66117500000001], [-70.793549, 42.66069500000001], [-70.792968, 42.660487999999994], [-70.791837, 42.66080300000001], [-70.791241, 42.66080300000001], [-70.790567, 42.66027799999999], [-70.79066, 42.65979899999999], [-70.79250200000001, 42.65888499999999], [-70.793485, 42.659011000000014], [-70.7945, 42.65984799999999], [-70.795482, 42.659821], [-70.795579, 42.65968600000001], [-70.795493, 42.659116], [-70.79462100000002, 42.65878399999998], [-70.794168, 42.658399], [-70.794353, 42.658086], [-70.795417, 42.658072000000004], [-70.795937, 42.65791200000002], [-70.796028, 42.657711], [-70.795897, 42.65728700000001], [-70.795379, 42.656878], [-70.794097, 42.656663], [-70.79388400000002, 42.65620700000001], [-70.793973, 42.65602299999999], [-70.795414, 42.65610900000001], [-70.795581, 42.65590499999998], [-70.795374, 42.655218999999995], [-70.795807, 42.655017], [-70.796367, 42.655244], [-70.796478, 42.65548299999999], [-70.796304, 42.655882000000005], [-70.79640400000001, 42.65608799999998], [-70.796824, 42.656147000000004], [-70.797245, 42.65599], [-70.798487, 42.65617700000001], [-70.79861, 42.656458], [-70.798233, 42.65664400000001], [-70.798065, 42.65706800000002], [-70.798365, 42.657316000000016], [-70.798769, 42.656821999999984], [-70.799722, 42.65636100000001], [-70.800416, 42.65656700000001], [-70.800325, 42.65693999999998], [-70.800686, 42.65728500000001], [-70.801314, 42.65690299999999], [-70.802, 42.65690500000001], [-70.802117, 42.656568000000014], [-70.803305, 42.65668099999999], [-70.80346, 42.656465999999995], [-70.803363, 42.656304000000006], [-70.802873, 42.65642100000001], [-70.802629, 42.65610999999999], [-70.802911, 42.65590499999998], [-70.803359, 42.656047], [-70.803825, 42.65594], [-70.803638, 42.65561099999999], [-70.803929, 42.65558299999999], [-70.803949, 42.655431], [-70.803386, 42.655170000000005], [-70.803814, 42.65487399999999], [-70.804615, 42.654832], [-70.80543, 42.65434299999999], [-70.805696, 42.65441599999999], [-70.805522, 42.654575], [-70.805638, 42.65464099999999], [-70.80554, 42.654911999999996], [-70.806263, 42.654666999999996], [-70.807479, 42.654684], [-70.807905, 42.653655], [-70.807473, 42.653390000000016], [-70.807523, 42.65318499999999], [-70.807721, 42.653245], [-70.807637, 42.652759999999994], [-70.807967, 42.65261499999999], [-70.807695, 42.652395000000006], [-70.80874300000002, 42.65182299999999], [-70.809133, 42.65122999999999], [-70.809919, 42.650943], [-70.810338, 42.649598], [-70.813763, 42.647952], [-70.816109, 42.64719000000001], [-70.815161, 42.64666900000001], [-70.814439, 42.646653], [-70.816929, 42.6413], [-70.813076, 42.64053299999999], [-70.812379, 42.635633000000006], [-70.811851, 42.62531700000002], [-70.818629, 42.624880999999995], [-70.818579, 42.621706], [-70.816112, 42.618798999999996], [-70.809456, 42.607347], [-70.800889, 42.602011999999995], [-70.800831, 42.59533800000001], [-70.814543, 42.59341499999999], [-70.875414, 42.609908000000004], [-70.918608, 42.62260899999999], [-70.919148, 42.622959], [-70.918989, 42.62333999999999], [-70.918553, 42.623598], [-70.918917, 42.623844999999996], [-70.919378, 42.62378799999998], [-70.919715, 42.623199000000014], [-70.91996000000002, 42.62313500000001], [-70.92046, 42.62333300000001], [-70.920836, 42.623755000000024], [-70.921446, 42.62375800000001], [-70.922768, 42.62323000000001], [-70.923489, 42.623383], [-70.924286, 42.623782], [-70.925714, 42.622925000000016], [-70.926592, 42.62056299999999], [-70.927466, 42.61701600000001], [-70.931109, 42.61242500000001], [-70.93165, 42.612496999999976], [-70.932422, 42.613238], [-70.943861, 42.60957400000001], [-70.954722, 42.605322], [-70.95838500000002, 42.60317800000001], [-70.949201, 42.622624000000016], [-70.942128, 42.63609900000001], [-70.947005, 42.639807000000005], [-70.950461, 42.64181799999998], [-70.950918, 42.64366999999999], [-70.950982, 42.645168], [-70.950711, 42.645981], [-70.949871, 42.646958000000005], [-70.949745, 42.64771300000001], [-70.951219, 42.65106300000001], [-70.952486, 42.653240000000004], [-70.952999, 42.65476999999999], [-70.952811, 42.65721500000001], [-70.952261, 42.65946199999999], [-70.952364, 42.660272], [-70.955363, 42.66580199999999], [-70.955939, 42.66639400000002], [-70.956674, 42.666833000000004], [-70.96583900000002, 42.671271000000004], [-70.966708, 42.67191600000002], [-70.967136, 42.672522], [-70.965341, 42.671867000000006], [-70.96445500000002, 42.674825000000006], [-70.948594, 42.68066699999999], [-70.976373, 42.694417], [-70.991611, 42.699467000000006], [-70.991946, 42.700840000000014], [-70.992303, 42.70049000000001], [-70.994921, 42.70056199999999], [-70.995766, 42.69962400000001], [-70.99743000000001, 42.700159000000006], [-70.997346, 42.70066799999999], [-70.999643, 42.70076799999999], [-71.004857, 42.70136300000001], [-71.023627, 42.70159399999999], [-71.025339, 42.70407999999999], [-71.026133, 42.70469099999999], [-71.026274, 42.704975], [-71.031619, 42.71803800000002], [-71.034638, 42.732354]]]}}, {"type": "Feature", "properties": {"district_name": "5th Worcester District", "chamber": "house", "vintage": "2022-present", "lean_dem_share": 0.4623, "competitiveness": "Lean", "competitiveness_label": "Lean R", "party_favored": "Republican", "url": "/district/house-5th-worcester-district-2022-present/"}, "geometry": {"type": "Polygon", "coordinates": [[[-72.288734, 42.35202400000001], [-72.288531, 42.352159], [-72.288381, 42.35270199999999], [-72.288057, 42.352867999999994], [-72.286438, 42.352698], [-72.286168, 42.35286399999999], [-72.286076, 42.353367], [-72.287039, 42.353852], [-72.287287, 42.354152000000006], [-72.287209, 42.35474400000001], [-72.287394, 42.355372999999986], [-72.28414, 42.356584000000005], [-72.283998, 42.35679500000001], [-72.283984, 42.35703999999999], [-72.284345, 42.357393], [-72.285959, 42.357817999999995], [-72.285981, 42.358016], [-72.285318, 42.358319999999985], [-72.28474, 42.359441], [-72.284676, 42.35977299999998], [-72.28550100000001, 42.36055600000001], [-72.285406, 42.360842], [-72.284637, 42.36095199999998], [-72.284367, 42.36138800000001], [-72.284828, 42.36251500000001], [-72.285152, 42.364604], [-72.285038, 42.37307700000001], [-72.284859, 42.37332800000001], [-72.284333, 42.37332], [-72.28410900000002, 42.373176], [-72.284242, 42.37275600000002], [-72.284057, 42.37255], [-72.283617, 42.37238400000001], [-72.2835, 42.372559999999986], [-72.282634, 42.372398999999994], [-72.28203500000001, 42.37191499999999], [-72.28164600000001, 42.372006], [-72.28098, 42.37251400000001], [-72.280287, 42.37376999999999], [-72.27955, 42.37460100000001], [-72.280477, 42.37508199999999], [-72.280931, 42.376138999999995], [-72.280481, 42.37680399999999], [-72.28146, 42.37674599999999], [-72.281013, 42.37766599999999], [-72.28119, 42.377826999999996], [-72.281814, 42.377883999999995], [-72.281856, 42.37824299999999], [-72.281501, 42.37866499999999], [-72.280434, 42.378918000000006], [-72.280026, 42.379285], [-72.279555, 42.38069099999999], [-72.278643, 42.38218], [-72.276748, 42.38294499999999], [-72.274019, 42.384542], [-72.273957, 42.385995000000015], [-72.273247, 42.38711100000001], [-72.272963, 42.387933000000004], [-72.272337, 42.388678], [-72.272861, 42.389136000000015], [-72.272599, 42.389657], [-72.270378, 42.39042900000001], [-72.269784, 42.39035500000001], [-72.269276, 42.390028999999984], [-72.26847400000001, 42.390297999999994], [-72.267927, 42.389995], [-72.267573, 42.38904600000001], [-72.266764, 42.388366000000005], [-72.26596, 42.38727699999998], [-72.265786, 42.38714800000002], [-72.264908, 42.387159], [-72.264118, 42.38662000000001], [-72.258159, 42.393507], [-72.244323, 42.38828000000001], [-72.24226300000001, 42.38810099999999], [-72.241601, 42.388288], [-72.240945, 42.388778000000016], [-72.241021, 42.38908300000001], [-72.240565, 42.38950700000001], [-72.238976, 42.390114000000004], [-72.23798, 42.390690000000006], [-72.237816, 42.391203], [-72.238144, 42.392308], [-72.239081, 42.393145999999994], [-72.239287, 42.393643999999995], [-72.238847, 42.394189], [-72.238512, 42.39526900000001], [-72.23814800000001, 42.395557000000004], [-72.236774, 42.396067000000016], [-72.236519, 42.39725200000001], [-72.235001, 42.39810399999999], [-72.233293, 42.39879], [-72.23109, 42.39889999999999], [-72.230453, 42.399342000000004], [-72.229633, 42.400247], [-72.219029, 42.39549300000001], [-72.20515, 42.417679], [-72.00138, 42.546614], [-71.979686, 42.53231000000001], [-71.91983500000002, 42.491447000000015], [-71.93319100000001, 42.482922999999985], [-71.920293, 42.47453900000001], [-71.965412, 42.446625000000004], [-72.007189, 42.421172], [-72.03508100000002, 42.40391599999999], [-71.989406, 42.31018799999999], [-71.967291, 42.310682000000014], [-71.960534, 42.281424999999984], [-71.885641, 42.28457900000001], [-71.875367, 42.263982999999996], [-71.879998, 42.263127], [-71.881302, 42.26305899999999], [-71.881793, 42.26269899999999], [-71.883968, 42.262484], [-71.88860200000002, 42.25934199999999], [-71.888318, 42.258331000000005], [-71.888366, 42.258033], [-71.88936, 42.257332], [-71.890478, 42.255801999999996], [-71.891381, 42.255573], [-71.890768, 42.25397100000002], [-71.891876, 42.253100999999994], [-71.892315, 42.25218900000001], [-71.892346, 42.251616999999996], [-71.891793, 42.251081], [-71.89054, 42.25042899999999], [-71.889247, 42.25062800000002], [-71.888755, 42.250500999999986], [-71.888239, 42.250027], [-71.887832, 42.249894000000005], [-71.887055, 42.249067000000004], [-71.887109, 42.248934999999996], [-71.886497, 42.24881499999999], [-71.886398, 42.248525], [-71.890657, 42.24676100000001], [-71.892939, 42.24544000000001], [-71.893692, 42.245127000000004], [-71.899894, 42.24622900000001], [-71.903337, 42.246297], [-71.911264, 42.24595099999999], [-71.914269, 42.245346], [-71.91673, 42.24441600000001], [-71.918202, 42.24449799999999], [-71.918294, 42.24396899999999], [-71.918757, 42.24304299999999], [-71.918861, 42.242019000000006], [-71.919312, 42.24117799999999], [-71.920903, 42.23998300000001], [-71.921703, 42.23895499999998], [-71.924504, 42.236954000000004], [-71.925461, 42.23676200000002], [-71.927676, 42.236692999999995], [-71.930636, 42.236986999999985], [-71.931753, 42.23723499999999], [-71.932515, 42.23758800000002], [-71.935446, 42.23797200000001], [-71.936367, 42.23709800000002], [-71.937109, 42.236749], [-71.940383, 42.234110000000015], [-71.941916, 42.233582000000006], [-71.944482, 42.232168], [-71.95094700000001, 42.230381], [-71.951312, 42.230398000000015], [-71.954659, 42.234564999999996], [-71.955205, 42.235019999999984], [-71.957082, 42.23532200000001], [-71.959509, 42.23479599999997], [-71.96090700000002, 42.23531000000002], [-71.962634, 42.236566], [-71.963842, 42.23830199999998], [-71.964232, 42.238625000000006], [-71.968383, 42.240272], [-71.97295300000002, 42.243021999999996], [-71.974588, 42.24367499999999], [-71.976086, 42.24405000000001], [-71.978925, 42.245298999999996], [-71.979826, 42.247453], [-71.981382, 42.24962000000001], [-71.983125, 42.24896399999999], [-71.990901, 42.245181], [-71.992422, 42.244068000000006], [-71.991615, 42.24302999999999], [-71.99153800000002, 42.242515], [-71.991786, 42.241265], [-71.990896, 42.238949000000005], [-71.990369, 42.23814500000002], [-71.988249, 42.23613], [-71.98785700000002, 42.234281], [-71.987183, 42.232741999999995], [-71.987173, 42.231438], [-71.988019, 42.22392999999999], [-71.987811, 42.22215299999999], [-71.986852, 42.221079], [-71.985601, 42.22012], [-71.984706, 42.219908999999994], [-71.983202, 42.22011100000001], [-71.982447, 42.21996400000001], [-71.979655, 42.217802000000006], [-71.977952, 42.214934], [-71.976558, 42.21382100000001], [-71.975618, 42.212492000000005], [-71.97426, 42.21197300000001], [-71.973841, 42.211078000000015], [-71.973156, 42.210358], [-71.97251, 42.208228], [-71.972121, 42.205535], [-71.970894, 42.204468], [-71.972838, 42.20308000000001], [-71.974785, 42.202817999999986], [-71.975125, 42.201699999999995], [-71.97441, 42.197706000000004], [-71.974706, 42.19628700000001], [-71.974214, 42.19430900000001], [-71.974187, 42.19189600000001], [-71.973932, 42.190767], [-71.973201, 42.18995300000001], [-71.973116, 42.18963500000002], [-71.973584, 42.18855000000001], [-71.974759, 42.18720299999999], [-71.9748, 42.186834], [-72.019886, 42.18376199999999], [-72.0186, 42.175699], [-72.089415, 42.167138999999985], [-72.086752, 42.154436000000004], [-72.10868, 42.151588], [-72.111519, 42.164455], [-72.141886, 42.161], [-72.153902, 42.207183], [-72.170099, 42.232581999999965], [-72.170607, 42.233288], [-72.171193, 42.233534], [-72.171059, 42.23380700000003], [-72.171433, 42.234159], [-72.171304, 42.23429300000002], [-72.171661, 42.23457800000002], [-72.171966, 42.23454600000001], [-72.172222, 42.234770000000005], [-72.173159, 42.23505999999999], [-72.17409, 42.23576600000001], [-72.174507, 42.23670199999999], [-72.175809, 42.23700299999999], [-72.176754, 42.236854000000015], [-72.177655, 42.237266999999996], [-72.177498, 42.237697], [-72.177585, 42.23808100000001], [-72.177808, 42.238257999999995], [-72.178018, 42.23882699999999], [-72.17846, 42.23913299999999], [-72.178174, 42.239625999999994], [-72.178733, 42.24175000000001], [-72.178683, 42.24235500000001], [-72.179126, 42.24309400000002], [-72.179121, 42.243655], [-72.179321, 42.24404299999999], [-72.179166, 42.244202999999985], [-72.17935700000001, 42.244410999999985], [-72.179258, 42.244617], [-72.179723, 42.24483], [-72.17942, 42.24553000000001], [-72.179736, 42.24573], [-72.179403, 42.24606200000001], [-72.179567, 42.24625499999999], [-72.18112600000002, 42.24607400000001], [-72.182161, 42.247971], [-72.182506, 42.25138700000002], [-72.211079, 42.251262], [-72.211213, 42.252133], [-72.211457, 42.25241900000001], [-72.211101, 42.25567699999999], [-72.216091, 42.25619699999999], [-72.216549, 42.259689], [-72.218749, 42.261728], [-72.220238, 42.26228], [-72.221267, 42.262881], [-72.222161, 42.263083], [-72.222577, 42.263056000000006], [-72.223186, 42.262711], [-72.224808, 42.26137000000001], [-72.226667, 42.260576999999984], [-72.229691, 42.26002300000001], [-72.231478, 42.25901500000001], [-72.231994, 42.25842200000001], [-72.232914, 42.258775], [-72.233487, 42.25969099999999], [-72.234733, 42.260476999999995], [-72.235776, 42.260372000000004], [-72.23653, 42.259888999999994], [-72.236978, 42.260322000000016], [-72.241215, 42.262008], [-72.241595, 42.260401999999985], [-72.242583, 42.26061299999999], [-72.244448, 42.260650999999996], [-72.24667700000002, 42.260247], [-72.249192, 42.25938300000001], [-72.251377, 42.25947399999999], [-72.252985, 42.259871000000004], [-72.25125, 42.265914], [-72.24966600000002, 42.26792300000001], [-72.247856, 42.26756300000002], [-72.247365, 42.272088], [-72.247285, 42.274916999999995], [-72.246938, 42.275791], [-72.246655, 42.277591999999984], [-72.245575, 42.279766], [-72.244969, 42.281557], [-72.24496, 42.28262], [-72.245225, 42.283885000000005], [-72.245063, 42.285573], [-72.24463, 42.28676999999999], [-72.244648, 42.288365999999996], [-72.243914, 42.29073999999999], [-72.244088, 42.291956000000006], [-72.244578, 42.292909], [-72.245402, 42.295509], [-72.245016, 42.29659000000001], [-72.24489800000002, 42.297644000000005], [-72.244459, 42.298646], [-72.244564, 42.30210899999999], [-72.243682, 42.303420000000024], [-72.2437, 42.30404], [-72.244431, 42.30519], [-72.244543, 42.30603300000002], [-72.261545, 42.303331000000014], [-72.261922, 42.30525799999999], [-72.274639, 42.301963000000015], [-72.280003, 42.329091], [-72.277079, 42.329404999999994], [-72.278491, 42.336465000000004], [-72.281382, 42.336127000000005], [-72.284231, 42.35200999999999], [-72.288734, 42.35202400000001]]]}}, {"type": "Feature", "properties": {"district_name": "3rd Essex District", "chamber": "house", "vintage": "2022-present", "lean_dem_share": 0.5837, "competitiveness": "Likely", "competitiveness_label": "Likely D", "party_favored": "Democratic", "url": "/district/house-3rd-essex-district-2022-present/"}, "geometry": {"type": "Polygon", "coordinates": [[[-71.147939, 42.816176], [-71.132805, 42.821476000000004], [-71.064416, 42.80627499999997], [-71.054005, 42.83328199999999], [-70.999611, 42.81054499999998], [-70.998771, 42.80899900000001], [-70.998602, 42.80753099999999], [-70.99875, 42.806964999999984], [-70.999834, 42.80503999999999], [-71.001711, 42.802800000000005], [-71.003435, 42.801100999999996], [-71.005525, 42.79979599999999], [-71.013256, 42.796008000000015], [-71.01703, 42.793288000000004], [-71.018708, 42.79160500000001], [-71.019301, 42.790701], [-71.019757, 42.78952599999999], [-71.020193, 42.78727], [-71.020381, 42.78429599999999], [-71.021904, 42.779633], [-71.024235, 42.77576000000001], [-71.026732, 42.772696999999994], [-71.030065, 42.769217], [-71.037965, 42.75894500000003], [-71.040017, 42.757721000000004], [-71.042567, 42.757041], [-71.042073, 42.755053999999994], [-71.041774, 42.754654000000016], [-71.041998, 42.754416000000006], [-71.04275, 42.75433799999999], [-71.042901, 42.753978], [-71.044096, 42.753214000000014], [-71.044524, 42.74903400000002], [-71.048341, 42.746144999999984], [-71.052849, 42.73988700000001], [-71.058116, 42.734209], [-71.058883, 42.73246300000001], [-71.072111, 42.73266800000001], [-71.074289, 42.734563000000016], [-71.08191, 42.736685], [-71.084173, 42.736484999999995], [-71.08433400000001, 42.738454999999995], [-71.084973, 42.740718], [-71.085163, 42.742965000000005], [-71.085141, 42.74662200000001], [-71.084906, 42.749683000000005], [-71.084244, 42.752095], [-71.081375, 42.75651100000001], [-71.080899, 42.75774200000001], [-71.080326, 42.760161], [-71.07934, 42.76009199999998], [-71.078774, 42.76095599999999], [-71.076414, 42.76031799999999], [-71.076169, 42.76068400000001], [-71.074891, 42.760327], [-71.073737, 42.76155399999999], [-71.072845, 42.761229], [-71.070958, 42.76331], [-71.069398, 42.763192999999994], [-71.068694, 42.762933], [-71.06592300000001, 42.76602], [-71.065904, 42.76623399999999], [-71.066415, 42.766893999999986], [-71.068192, 42.768606999999996], [-71.068731, 42.768941000000005], [-71.068276, 42.769534000000014], [-71.068856, 42.77009], [-71.06824, 42.770407000000006], [-71.067577, 42.77032399999999], [-71.066701, 42.770990000000005], [-71.069056, 42.77236299999998], [-71.071487, 42.773229], [-71.076184, 42.773669000000005], [-71.084101, 42.77179000000002], [-71.08618, 42.770813000000004], [-71.086961, 42.770597000000016], [-71.093587, 42.765892999999984], [-71.095898, 42.763391], [-71.099602, 42.76238999999999], [-71.103702, 42.76259], [-71.104904, 42.763224000000015], [-71.104153, 42.763783999999994], [-71.105756, 42.764562000000005], [-71.106198, 42.765077], [-71.10699, 42.76552100000001], [-71.10911800000001, 42.767207000000006], [-71.108667, 42.767327999999985], [-71.105823, 42.76590899999999], [-71.104605, 42.76726000000001], [-71.104722, 42.767762999999995], [-71.104178, 42.76933300000001], [-71.104724, 42.77119399999999], [-71.105331, 42.77203399999999], [-71.103039, 42.773624999999996], [-71.103145, 42.774066999999995], [-71.103461, 42.774421999999994], [-71.102418, 42.775451999999994], [-71.10093, 42.77568900000002], [-71.100085, 42.776104999999994], [-71.09973, 42.77691300000001], [-71.10001, 42.778690000000005], [-71.098905, 42.779002000000006], [-71.105791, 42.781014], [-71.109569, 42.78171099999999], [-71.115979, 42.783404], [-71.114251, 42.786168999999994], [-71.112495, 42.788025999999995], [-71.113196, 42.788411999999994], [-71.114307, 42.78954200000001], [-71.114866, 42.790668000000004], [-71.115052, 42.79194], [-71.114596, 42.792427], [-71.113943, 42.79144500000002], [-71.108017, 42.79396700000001], [-71.108707, 42.794586], [-71.110024, 42.79538599999999], [-71.111425, 42.796607], [-71.112063, 42.79762300000001], [-71.112833, 42.79952000000001], [-71.114098, 42.80043299999999], [-71.117921, 42.79917699999999], [-71.118629, 42.799418], [-71.119192, 42.800367], [-71.119941, 42.800043], [-71.120222, 42.800288], [-71.120642, 42.801205], [-71.120552, 42.801870999999984], [-71.121362, 42.801919000000005], [-71.122309, 42.80252], [-71.124004, 42.802572], [-71.125163, 42.802373], [-71.12825, 42.801298], [-71.130461, 42.80212900000002], [-71.138817, 42.807796000000025], [-71.142083, 42.81099299999999], [-71.144104, 42.811875], [-71.145238, 42.812611999999994], [-71.146967, 42.8144], [-71.147939, 42.816176]]]}}, {"type": "Feature", "properties": {"district_name": "6th Worcester District", "chamber": "house", "vintage": "2022-present", "lean_dem_share": 0.4821, "competitiveness": "Tossup", "competitiveness_label": "Tossup R", "party_favored": "Republican", "url": "/district/house-6th-worcester-district-2022-present/"}, "geometry": {"type": "Polygon", "coordinates": [[[-72.099752, 42.02877000000001], [-72.074435, 42.05845999999997], [-72.066425, 42.072086], [-72.065762, 42.072146], [-72.063965, 42.072779000000004], [-72.063383, 42.072770000000006], [-72.061, 42.07166399999999], [-72.060565, 42.071815], [-72.059963, 42.07259699999999], [-72.05941, 42.073961], [-72.059455, 42.07487499999998], [-72.059687, 42.075436999999994], [-72.060285, 42.07619899999999], [-72.060799, 42.07738799999999], [-72.060791, 42.07909199999999], [-72.059922, 42.080355000000004], [-72.059273, 42.08100100000001], [-72.059171, 42.082224000000004], [-72.059023, 42.08259500000001], [-72.058729, 42.082751000000016], [-72.057155, 42.083165000000015], [-72.05537, 42.083129], [-72.054252, 42.08292], [-72.053406, 42.082494999999994], [-72.052096, 42.088418], [-72.046762, 42.10344099999997], [-72.04049800000001, 42.104189000000005], [-72.046816, 42.13492500000003], [-72.024015, 42.14178600000001], [-72.02944, 42.17442600000002], [-72.0186, 42.175699], [-72.019886, 42.18376199999999], [-71.9748, 42.186834], [-71.974759, 42.18720299999999], [-71.973924, 42.188068], [-71.973359, 42.18894000000001], [-71.973144, 42.18982899999999], [-71.973932, 42.190767], [-71.974187, 42.19189600000001], [-71.974214, 42.19430900000001], [-71.974706, 42.19628700000001], [-71.97441, 42.197706000000004], [-71.975146, 42.201605], [-71.974785, 42.202817999999986], [-71.972838, 42.20308000000001], [-71.970894, 42.204468], [-71.972121, 42.205535], [-71.97251, 42.208228], [-71.973156, 42.210358], [-71.973841, 42.211078000000015], [-71.97426, 42.21197300000001], [-71.975618, 42.212492000000005], [-71.976558, 42.21382100000001], [-71.977952, 42.214934], [-71.979655, 42.217802000000006], [-71.982447, 42.21996400000001], [-71.983202, 42.22011100000001], [-71.984706, 42.219908999999994], [-71.985601, 42.22012], [-71.986852, 42.221079], [-71.987811, 42.22215299999999], [-71.988019, 42.22392999999999], [-71.987173, 42.231438], [-71.987183, 42.232741999999995], [-71.98785700000002, 42.234281], [-71.988249, 42.23613], [-71.990369, 42.23814500000002], [-71.990896, 42.238949000000005], [-71.991786, 42.241265], [-71.99153800000002, 42.242515], [-71.991615, 42.24302999999999], [-71.992422, 42.244068000000006], [-71.990901, 42.245181], [-71.983125, 42.24896399999999], [-71.981382, 42.24962000000001], [-71.979826, 42.247453], [-71.978925, 42.245298999999996], [-71.976086, 42.24405000000001], [-71.974588, 42.24367499999999], [-71.97295300000002, 42.243021999999996], [-71.968383, 42.240272], [-71.964445, 42.23874299999998], [-71.963842, 42.23830199999998], [-71.962634, 42.236566], [-71.961092, 42.235412000000004], [-71.960247, 42.235014000000014], [-71.959155, 42.23481100000001], [-71.956883, 42.235325], [-71.955205, 42.235019999999984], [-71.954659, 42.234564999999996], [-71.951312, 42.230398000000015], [-71.948928, 42.230951000000005], [-71.939356, 42.189237999999996], [-71.925799, 42.19022400000001], [-71.92592, 42.189201000000004], [-71.926313, 42.188069], [-71.926757, 42.187345], [-71.928199, 42.18687099999999], [-71.929133, 42.18621499999998], [-71.929651, 42.185367], [-71.930391, 42.18467600000001], [-71.932342, 42.182044000000005], [-71.933424, 42.178933], [-71.9329, 42.177895], [-71.933875, 42.177659], [-71.93435200000002, 42.17687499999999], [-71.934259, 42.176623], [-71.935093, 42.17588400000001], [-71.936214, 42.17382], [-71.93853, 42.17115499999999], [-71.938656, 42.17045700000002], [-71.937144, 42.16791200000001], [-71.944131, 42.16433500000003], [-71.954561, 42.160163999999995], [-71.954613, 42.159953], [-71.957701, 42.15860800000002], [-71.963139, 42.15575000000002], [-71.96661, 42.15442000000001], [-71.971228, 42.15342300000001], [-71.984023, 42.15269000000001], [-71.987368, 42.152238000000004], [-71.992009, 42.151309], [-71.990259, 42.15001999999999], [-71.989634, 42.14901900000001], [-71.98724900000002, 42.14605899999998], [-71.985513, 42.14512100000002], [-71.984626, 42.144186000000005], [-71.976768, 42.14063400000001], [-71.97602, 42.14018500000001], [-71.975061, 42.13925899999999], [-71.97379, 42.138507000000004], [-71.97088, 42.13707700000001], [-71.969973, 42.13678500000001], [-71.96983, 42.13575800000001], [-71.969563, 42.135447], [-71.969424, 42.134724000000006], [-71.969422, 42.13333299999999], [-71.969556, 42.13287200000001], [-71.969221, 42.13184300000002], [-71.967977, 42.131440000000005], [-71.965404, 42.132661000000006], [-71.962247, 42.133015], [-71.959351, 42.13206900000001], [-71.957611, 42.13109200000002], [-71.954564, 42.13205200000001], [-71.950784, 42.13258699999999], [-71.948234, 42.134084], [-71.945884, 42.13395], [-71.943885, 42.13452000000001], [-71.942597, 42.13463599999999], [-71.941263, 42.134353], [-71.936243, 42.132374], [-71.932084, 42.131015], [-71.930363, 42.131046000000005], [-71.928797, 42.131358], [-71.924284, 42.133708000000006], [-71.92211, 42.13458300000001], [-71.921957, 42.134992], [-71.922584, 42.137305000000005], [-71.920867, 42.137600000000006], [-71.919602, 42.13712900000001], [-71.916919, 42.13740499999999], [-71.91393, 42.138704000000004], [-71.912399, 42.138759], [-71.911723, 42.13835400000001], [-71.910967, 42.138788000000005], [-71.907837, 42.13958699999999], [-71.906909, 42.14104600000001], [-71.899489, 42.104113999999996], [-71.911895, 42.10131700000001], [-71.909235, 42.09126100000002], [-71.895113, 42.094247999999986], [-71.891139, 42.072732], [-71.881509, 42.075893000000015], [-71.878978, 42.06775800000002], [-71.879098, 42.06695], [-71.87884, 42.06601800000001], [-71.879609, 42.06389499999999], [-71.881771, 42.06289000000001], [-71.882043, 42.06262000000002], [-71.88214, 42.062114], [-71.88158, 42.06026900000001], [-71.881616, 42.060041], [-71.88224100000001, 42.059348], [-71.88232500000001, 42.058768000000015], [-71.882117, 42.058562000000016], [-71.880766, 42.058383000000006], [-71.879928, 42.05783399999999], [-71.879883, 42.057527000000015], [-71.880387, 42.055507], [-71.880054, 42.054484999999985], [-71.880079, 42.053912], [-71.880736, 42.052397000000006], [-71.880447, 42.051966], [-71.880495, 42.051623], [-71.880979, 42.051247999999994], [-71.88283900000002, 42.051142000000006], [-71.883969, 42.050678000000005], [-71.886431, 42.051069000000005], [-71.886848, 42.051002999999994], [-71.88748000000001, 42.050388], [-71.887404, 42.047191000000005], [-71.887233, 42.04675099999998], [-71.886396, 42.04627100000001], [-71.886332, 42.04595100000001], [-71.886938, 42.045248], [-71.886977, 42.04450099999999], [-71.887285, 42.04398499999999], [-71.887509, 42.04185400000001], [-71.887943, 42.0406], [-71.888694, 42.03917299999999], [-71.889345, 42.035768999999995], [-71.888736, 42.03388300000001], [-71.887475, 42.03222500000001], [-71.887837, 42.031482], [-71.887829, 42.031050000000015], [-71.887689, 42.030699000000006], [-71.886782, 42.029810000000005], [-71.886797, 42.029317999999996], [-71.887098, 42.02863], [-71.88704, 42.02829200000001], [-71.885448, 42.025453], [-71.884994, 42.025131], [-71.884032, 42.024859000000006], [-71.883947, 42.02439400000001], [-71.903251, 42.02458400000001], [-71.98768, 42.026884], [-72.071826, 42.027637], [-72.099752, 42.02877000000001]]]}}, {"type": "Feature", "properties": {"district_name": "4th Essex District", "chamber": "house", "vintage": "2022-present", "lean_dem_share": 0.6078, "competitiveness": "Safe", "competitiveness_label": "Safe D", "party_favored": "Democratic", "url": "/district/house-4th-essex-district-2022-present/"}, "geometry": {"type": "Polygon", "coordinates": [[[-71.21056, 42.705052999999985], [-71.207882, 42.70620000000001], [-71.206551, 42.706564], [-71.206427, 42.706959000000005], [-71.206023, 42.707408], [-71.197743, 42.713863], [-71.197072, 42.71463400000001], [-71.196187, 42.71699199999998], [-71.195757, 42.718694], [-71.195776, 42.72031900000001], [-71.198288, 42.721048999999994], [-71.198063, 42.721403], [-71.198915, 42.72181699999999], [-71.199964, 42.723304000000006], [-71.20044, 42.72517999999999], [-71.201511, 42.725274000000006], [-71.20256900000001, 42.726572000000004], [-71.202604, 42.727256], [-71.201794, 42.72753600000001], [-71.204425, 42.728193999999995], [-71.203699, 42.729633], [-71.20228, 42.73073699999999], [-71.20021, 42.731452], [-71.200427, 42.73120000000001], [-71.200473, 42.73081699999999], [-71.199675, 42.730548], [-71.199163, 42.730612], [-71.199396, 42.730031], [-71.198969, 42.72942299999999], [-71.19841100000001, 42.72945100000001], [-71.198147, 42.730028], [-71.19786, 42.729566000000005], [-71.19744900000002, 42.729398], [-71.197566, 42.728837999999996], [-71.196736, 42.729105000000025], [-71.196604, 42.72909], [-71.196643, 42.72886799999999], [-71.19634, 42.728860999999995], [-71.196076, 42.72955900000001], [-71.195441, 42.729463], [-71.195612, 42.729199], [-71.195402, 42.72889300000001], [-71.195061, 42.729255], [-71.194891, 42.72924], [-71.194852, 42.728966], [-71.194689, 42.728924000000006], [-71.192518, 42.729493000000005], [-71.192192, 42.729228], [-71.192107, 42.728694000000004], [-71.191827, 42.728349], [-71.190447, 42.727357999999995], [-71.188726, 42.72744900000001], [-71.188487, 42.727135], [-71.185622, 42.727816], [-71.18433, 42.727754], [-71.181806, 42.72688500000001], [-71.180132, 42.72574399999999], [-71.178974, 42.725722000000005], [-71.176811, 42.72655000000001], [-71.169887, 42.725856], [-71.167275, 42.72542099999998], [-71.165975, 42.725521], [-71.165375, 42.725826], [-71.165018, 42.72688], [-71.164897, 42.72811100000001], [-71.164987, 42.72912499999999], [-71.164432, 42.72979600000001], [-71.164032, 42.73003500000001], [-71.165161, 42.731677], [-71.167227, 42.735345], [-71.168188, 42.74104100000001], [-71.165458, 42.741829999999986], [-71.163765, 42.74207199999999], [-71.161494, 42.742063], [-71.158712, 42.74169800000001], [-71.156644, 42.741867000000006], [-71.155513, 42.742153], [-71.152894, 42.74319400000001], [-71.150924, 42.743397], [-71.148588, 42.74414000000001], [-71.145818, 42.74430100000001], [-71.139029, 42.745264], [-71.140859, 42.74282700000001], [-71.141485, 42.74163600000001], [-71.142013, 42.74011200000001], [-71.142388, 42.73716100000001], [-71.142011, 42.73456899999999], [-71.143191, 42.73412], [-71.144189, 42.73425400000001], [-71.144273, 42.733097], [-71.143651, 42.73182899999999], [-71.143543, 42.731277000000006], [-71.144275, 42.72957600000001], [-71.149345, 42.729876], [-71.149325, 42.72966700000001], [-71.151227, 42.729657], [-71.151263, 42.729295], [-71.152083, 42.728227], [-71.15168, 42.72748800000001], [-71.151736, 42.726503], [-71.154622, 42.72665800000001], [-71.154724, 42.72644100000001], [-71.153542, 42.724341999999986], [-71.153575, 42.72347400000003], [-71.151659, 42.722893000000006], [-71.151315, 42.723343], [-71.150907, 42.723575], [-71.147739, 42.72035899999999], [-71.147073, 42.719317], [-71.147045, 42.719184], [-71.147253, 42.719076], [-71.146207, 42.71766499999999], [-71.148038, 42.71712099999999], [-71.152692, 42.71738499999998], [-71.150992, 42.714814], [-71.152496, 42.714263000000024], [-71.152036, 42.71356899999999], [-71.152612, 42.71332600000001], [-71.15292, 42.712900000000005], [-71.152946, 42.71252500000001], [-71.152314, 42.712019000000005], [-71.152848, 42.71160699999998], [-71.151736, 42.71122699999999], [-71.15116, 42.71077100000001], [-71.151423, 42.710367999999995], [-71.151474, 42.70916], [-71.153389, 42.709163000000004], [-71.153402, 42.707085000000006], [-71.161275, 42.707077999999996], [-71.161101, 42.70660000000001], [-71.16122900000002, 42.706299], [-71.162908, 42.705641], [-71.163759, 42.705062], [-71.168123, 42.710437999999996], [-71.17107200000001, 42.710828], [-71.171818, 42.711125], [-71.171238, 42.71137200000001], [-71.171928, 42.712193], [-71.172299, 42.712063000000036], [-71.173269, 42.71242499999999], [-71.174249, 42.713655999999986], [-71.173509, 42.71398900000001], [-71.173355, 42.714537], [-71.167191, 42.714920000000006], [-71.167321, 42.716339000000005], [-71.168017, 42.7163], [-71.168162, 42.71771599999999], [-71.169242, 42.717648], [-71.169481, 42.71912800000001], [-71.169316, 42.719006], [-71.168736, 42.71938799999999], [-71.167908, 42.721002000000006], [-71.167242, 42.720462999999995], [-71.166705, 42.720849999999984], [-71.167533, 42.72148], [-71.165693, 42.72229599999999], [-71.168972, 42.722348000000004], [-71.170878, 42.72329700000002], [-71.172381, 42.721641000000005], [-71.191212, 42.71057000000001], [-71.188862, 42.69626800000001], [-71.190985, 42.69742900000001], [-71.194549, 42.69838299999999], [-71.20249, 42.698910000000005], [-71.209942, 42.70062], [-71.21056, 42.705052999999985]]]}}, {"type": "Feature", "properties": {"district_name": "7th Worcester District", "chamber": "house", "vintage": "2022-present", "lean_dem_share": 0.5186, "competitiveness": "Tossup", "competitiveness_label": "Tossup D", "party_favored": "Democratic", "url": "/district/house-7th-worcester-district-2022-present/"}, "geometry": {"type": "Polygon", "coordinates": [[[-71.992009, 42.151309], [-71.987368, 42.152238000000004], [-71.984023, 42.15269000000001], [-71.971228, 42.15342300000001], [-71.96661, 42.15442000000001], [-71.963139, 42.15575000000002], [-71.957701, 42.15860800000002], [-71.954613, 42.159953], [-71.954561, 42.160163999999995], [-71.944131, 42.16433500000003], [-71.937144, 42.16791200000001], [-71.938656, 42.17045700000002], [-71.93853, 42.17115499999999], [-71.936214, 42.17382], [-71.935093, 42.17588400000001], [-71.934259, 42.176623], [-71.93435200000002, 42.17687499999999], [-71.933875, 42.177659], [-71.9329, 42.177895], [-71.933424, 42.178933], [-71.932342, 42.182044000000005], [-71.930391, 42.18467600000001], [-71.929651, 42.185367], [-71.929133, 42.18621499999998], [-71.928199, 42.18687099999999], [-71.926757, 42.187345], [-71.926313, 42.188069], [-71.92592, 42.189201000000004], [-71.925799, 42.19022400000001], [-71.939356, 42.189237999999996], [-71.946281, 42.21938], [-71.945068, 42.218909], [-71.941691, 42.218297999999976], [-71.94001, 42.21831], [-71.938868, 42.218132999999995], [-71.935914, 42.21734200000001], [-71.935459, 42.21757000000001], [-71.934981, 42.21816100000001], [-71.933764, 42.219125000000005], [-71.933509, 42.22051299999999], [-71.933089, 42.221082], [-71.931357, 42.22133899999999], [-71.930482, 42.22180199999999], [-71.927065, 42.221982000000004], [-71.92482400000002, 42.22273300000001], [-71.924954, 42.222328], [-71.923049, 42.22269200000001], [-71.922018, 42.22315300000002], [-71.920683, 42.223435], [-71.910881, 42.225072], [-71.91082, 42.221808], [-71.911366, 42.22095300000001], [-71.912589, 42.220002], [-71.911457, 42.21939], [-71.911076, 42.218988], [-71.910849, 42.21836899999999], [-71.910814, 42.216946], [-71.90762300000002, 42.21627899999999], [-71.904878, 42.216273000000015], [-71.90272, 42.21561599999999], [-71.900416, 42.21605699999999], [-71.898868, 42.216084], [-71.898417, 42.21634900000001], [-71.898636, 42.21545], [-71.898022, 42.21134499999998], [-71.89652700000002, 42.20598499999996], [-71.896035, 42.198532], [-71.894059, 42.19586000000001], [-71.893847, 42.19546999999999], [-71.893625, 42.194188999999994], [-71.87621800000001, 42.214982000000006], [-71.86601, 42.225983000000014], [-71.856525, 42.22668600000001], [-71.810034, 42.231261999999994], [-71.806751, 42.22389800000001], [-71.803834, 42.220926000000006], [-71.797106, 42.210053], [-71.733429, 42.237975000000006], [-71.723535, 42.191484], [-71.733961, 42.18677499999999], [-71.733771, 42.183504000000006], [-71.740533, 42.179206], [-71.74415, 42.18243499999999], [-71.831942, 42.14377500000001], [-71.82953, 42.129390999999984], [-71.817956, 42.13326399999999], [-71.813082, 42.125274000000005], [-71.81508, 42.122527999999996], [-71.817227, 42.12131800000002], [-71.818772, 42.120797999999986], [-71.819755, 42.12073000000001], [-71.820406, 42.12095999999999], [-71.821875, 42.120975], [-71.822994, 42.121241], [-71.824023, 42.121038], [-71.825104, 42.121376999999995], [-71.828106, 42.120841999999996], [-71.831218, 42.11980299999998], [-71.83393, 42.11934600000001], [-71.835962, 42.11882200000001], [-71.8371, 42.118767999999996], [-71.839958, 42.11923000000002], [-71.844379, 42.117278999999996], [-71.846545, 42.11595200000001], [-71.848158, 42.115277], [-71.848331, 42.115045000000016], [-71.851877, 42.116119000000005], [-71.853365, 42.11636], [-71.864723, 42.117032], [-71.867355, 42.116192999999996], [-71.868056, 42.112570000000005], [-71.869515, 42.11267100000001], [-71.869383, 42.114312], [-71.869554, 42.115409], [-71.877153, 42.112993], [-71.878303, 42.112791], [-71.879494, 42.112839], [-71.880506, 42.11316899999999], [-71.881638, 42.11429500000001], [-71.883301, 42.115215], [-71.88446, 42.11554999999999], [-71.886487, 42.115791000000016], [-71.887772, 42.116232999999994], [-71.890241, 42.117952999999986], [-71.893315, 42.119649], [-71.895157, 42.11986499999999], [-71.90001, 42.119375], [-71.901548, 42.11977299999999], [-71.902779, 42.120638000000014], [-71.906909, 42.14104600000001], [-71.907837, 42.13958699999999], [-71.910967, 42.138788000000005], [-71.911723, 42.13835400000001], [-71.912399, 42.138759], [-71.91393, 42.138704000000004], [-71.916919, 42.13740499999999], [-71.919602, 42.13712900000001], [-71.920867, 42.137600000000006], [-71.922584, 42.137305000000005], [-71.921957, 42.134992], [-71.92211, 42.13458300000001], [-71.924284, 42.133708000000006], [-71.928797, 42.131358], [-71.930363, 42.131046000000005], [-71.932084, 42.131015], [-71.936243, 42.132374], [-71.941263, 42.134353], [-71.942597, 42.13463599999999], [-71.943885, 42.13452000000001], [-71.945884, 42.13395], [-71.948234, 42.134084], [-71.950784, 42.13258699999999], [-71.954564, 42.13205200000001], [-71.957611, 42.13109200000002], [-71.959351, 42.13206900000001], [-71.962247, 42.133015], [-71.965404, 42.132661000000006], [-71.967977, 42.131440000000005], [-71.969221, 42.13184300000002], [-71.969556, 42.13287200000001], [-71.969422, 42.13333299999999], [-71.969424, 42.134724000000006], [-71.969563, 42.135447], [-71.96983, 42.13575800000001], [-71.969973, 42.13678500000001], [-71.97088, 42.13707700000001], [-71.97379, 42.138507000000004], [-71.975061, 42.13925899999999], [-71.97602, 42.14018500000001], [-71.976768, 42.14063400000001], [-71.984626, 42.144186000000005], [-71.985513, 42.14512100000002], [-71.98724900000002, 42.14605899999998], [-71.989634, 42.14901900000001], [-71.990259, 42.15001999999999], [-71.992009, 42.151309]]]}}, {"type": "Feature", "properties": {"district_name": "5th Essex District", "chamber": "house", "vintage": "2022-present", "lean_dem_share": 0.6927, "competitiveness": "Safe", "competitiveness_label": "Safe D", "party_favored": "Democratic", "url": "/district/house-5th-essex-district-2022-present/"}, "geometry": {"type": "Polygon", "coordinates": [[[-70.818629, 42.624880999999995], [-70.811851, 42.62531700000002], [-70.812379, 42.635633000000006], [-70.813076, 42.64053299999999], [-70.816929, 42.6413], [-70.814439, 42.646653], [-70.815161, 42.64666900000001], [-70.816109, 42.64719000000001], [-70.813763, 42.647952], [-70.810338, 42.649598], [-70.809919, 42.650943], [-70.809133, 42.65122999999999], [-70.80874300000002, 42.65182299999999], [-70.807695, 42.652395000000006], [-70.807967, 42.65261499999999], [-70.807637, 42.652759999999994], [-70.807721, 42.653245], [-70.807523, 42.65318499999999], [-70.807473, 42.653390000000016], [-70.807905, 42.653655], [-70.807479, 42.654684], [-70.806263, 42.654666999999996], [-70.80554, 42.654911999999996], [-70.805638, 42.65464099999999], [-70.805522, 42.654575], [-70.805696, 42.65441599999999], [-70.80543, 42.65434299999999], [-70.804615, 42.654832], [-70.803814, 42.65487399999999], [-70.803386, 42.655170000000005], [-70.803949, 42.655431], [-70.803929, 42.65558299999999], [-70.803638, 42.65561099999999], [-70.803825, 42.65594], [-70.803359, 42.656047], [-70.802911, 42.65590499999998], [-70.802629, 42.65610999999999], [-70.802873, 42.65642100000001], [-70.803363, 42.656304000000006], [-70.80346, 42.656465999999995], [-70.803305, 42.65668099999999], [-70.802117, 42.656568000000014], [-70.802, 42.65690500000001], [-70.801314, 42.65690299999999], [-70.800686, 42.65728500000001], [-70.800325, 42.65693999999998], [-70.800416, 42.65656700000001], [-70.799722, 42.65636100000001], [-70.798769, 42.656821999999984], [-70.798365, 42.657316000000016], [-70.798065, 42.65706800000002], [-70.798233, 42.65664400000001], [-70.79861, 42.656458], [-70.798487, 42.65617700000001], [-70.797245, 42.65599], [-70.796824, 42.656147000000004], [-70.79640400000001, 42.65608799999998], [-70.796304, 42.655882000000005], [-70.796478, 42.65548299999999], [-70.796367, 42.655244], [-70.795807, 42.655017], [-70.795374, 42.655218999999995], [-70.795581, 42.65590499999998], [-70.795414, 42.65610900000001], [-70.793973, 42.65602299999999], [-70.79388400000002, 42.65620700000001], [-70.794097, 42.656663], [-70.795379, 42.656878], [-70.795897, 42.65728700000001], [-70.796028, 42.657711], [-70.795937, 42.65791200000002], [-70.795417, 42.658072000000004], [-70.794353, 42.658086], [-70.794168, 42.658399], [-70.79462100000002, 42.65878399999998], [-70.795493, 42.659116], [-70.795579, 42.65968600000001], [-70.795482, 42.659821], [-70.7945, 42.65984799999999], [-70.793485, 42.659011000000014], [-70.79250200000001, 42.65888499999999], [-70.79066, 42.65979899999999], [-70.790567, 42.66027799999999], [-70.791241, 42.66080300000001], [-70.791837, 42.66080300000001], [-70.792968, 42.660487999999994], [-70.793549, 42.66069500000001], [-70.79367300000001, 42.66117500000001], [-70.793603, 42.66188300000002], [-70.79408, 42.663067000000005], [-70.793905, 42.663215], [-70.792762, 42.66327100000001], [-70.793135, 42.662271], [-70.793123, 42.66209], [-70.792735, 42.66183100000002], [-70.790201, 42.66187599999999], [-70.788893, 42.66282999999999], [-70.788598, 42.663335000000004], [-70.788846, 42.66364099999999], [-70.790542, 42.663565], [-70.790845, 42.663664], [-70.790976, 42.664076], [-70.790852, 42.664637000000006], [-70.78936, 42.665809], [-70.78931, 42.666681000000004], [-70.789511, 42.66671300000001], [-70.789684, 42.66721], [-70.789456, 42.66781499999999], [-70.789103, 42.667967], [-70.786831, 42.667773000000004], [-70.785696, 42.66795300000002], [-70.785042, 42.66837399999999], [-70.784166, 42.67013300000001], [-70.780984, 42.671242], [-70.777916, 42.67300500000002], [-70.770138, 42.673440000000014], [-70.767722, 42.673967999999995], [-70.762691, 42.67582500000001], [-70.761497, 42.67574499999999], [-70.759507, 42.67493700000001], [-70.751373, 42.67070099999999], [-70.747324, 42.66713200000001], [-70.746636, 42.666318], [-70.73245600000001, 42.65396100000001], [-70.731982, 42.65417700000001], [-70.726696, 42.662441], [-70.721542, 42.671014000000014], [-70.70898, 42.690916], [-70.696088, 42.691415000000006], [-70.687942, 42.692296], [-70.666326, 42.69309900000001], [-70.639606, 42.695035999999995], [-70.628263, 42.69421], [-70.605453, 42.692065], [-70.58707, 42.689209999999996], [-70.577274, 42.68281299999998], [-70.570043, 42.676446999999996], [-70.56747400000002, 42.66749099999998], [-70.565592, 42.65695199999999], [-70.565936, 42.635155000000005], [-70.566756, 42.62492099999999], [-70.567854, 42.61845700000001], [-70.576846, 42.61680299999999], [-70.59810700000001, 42.613856999999996], [-70.620026, 42.609914999999994], [-70.624522, 42.60560599999999], [-70.630696, 42.597137000000004], [-70.640444, 42.58433399999999], [-70.642438, 42.582596999999986], [-70.645103, 42.580827], [-70.647925, 42.57932700000001], [-70.65200100000001, 42.57848000000003], [-70.664718, 42.578195], [-70.671443, 42.578419999999994], [-70.679251, 42.580107999999996], [-70.689225, 42.57922700000001], [-70.701037, 42.576278999999985], [-70.705947, 42.574380000000005], [-70.709325, 42.572489], [-70.713002, 42.570694], [-70.716188, 42.56756400000001], [-70.719049, 42.56335], [-70.722544, 42.557264], [-70.726835, 42.54356800000001], [-70.730652, 42.52355199999999], [-70.732355, 42.505812], [-70.733558, 42.50395700000001], [-70.745428, 42.51319500000001], [-70.773429, 42.53570800000001], [-70.777085, 42.53946200000001], [-70.788368, 42.54954900000001], [-70.794675, 42.551169], [-70.795415, 42.551479], [-70.794805, 42.55739], [-70.793824, 42.562218], [-70.793901, 42.56293700000001], [-70.793312, 42.564263999999994], [-70.79344, 42.56438200000001], [-70.793326, 42.56454699999999], [-70.793407, 42.56509], [-70.793598, 42.565436000000005], [-70.793469, 42.5664], [-70.793158, 42.56692600000001], [-70.793271, 42.567275], [-70.793632, 42.567324], [-70.79379, 42.56759600000001], [-70.79364, 42.56777700000001], [-70.79397600000001, 42.568117000000015], [-70.793793, 42.56853999999999], [-70.794218, 42.568677], [-70.794028, 42.5692], [-70.794417, 42.569219], [-70.807036, 42.580464000000006], [-70.810085, 42.58421799999999], [-70.814543, 42.59341499999999], [-70.800831, 42.59533800000001], [-70.800889, 42.602011999999995], [-70.809456, 42.607347], [-70.816112, 42.618798999999996], [-70.818579, 42.621706], [-70.818629, 42.624880999999995]]]}}, {"type": "Feature", "properties": {"district_name": "8th Worcester District", "chamber": "house", "vintage": "2022-present", "lean_dem_share": 0.5042, "competitiveness": "Tossup", "competitiveness_label": "Tossup D", "party_favored": "Democratic", "url": "/district/house-8th-worcester-district-2022-present/"}, "geometry": {"type": "Polygon", "coordinates": [[[-71.682449, 42.043769999999995], [-71.681802, 42.05492400000001], [-71.677806, 42.053917000000006], [-71.668104, 42.05208700000001], [-71.667884, 42.052826], [-71.666784, 42.054474], [-71.666948, 42.055665], [-71.664065, 42.057396999999995], [-71.663528, 42.05842100000001], [-71.662477, 42.058732], [-71.661999, 42.059161], [-71.659724, 42.060236], [-71.65890200000001, 42.06102899999999], [-71.657887, 42.06117700000001], [-71.656544, 42.06202700000001], [-71.656174, 42.061412], [-71.655141, 42.060962], [-71.653166, 42.06090900000002], [-71.651171, 42.060328999999996], [-71.657951, 42.06349800000003], [-71.656252, 42.06303000000002], [-71.655627, 42.06304699999999], [-71.652216, 42.06487399999998], [-71.64998, 42.06514000000001], [-71.64968, 42.065055], [-71.648503, 42.066636999999986], [-71.648003, 42.06699299999998], [-71.644262, 42.067835], [-71.643131, 42.067838], [-71.641688, 42.06808600000001], [-71.64009400000002, 42.068730999999985], [-71.638996, 42.069386], [-71.637597, 42.070712], [-71.637167, 42.070903], [-71.635217, 42.07154299999999], [-71.632923, 42.07136799999999], [-71.631892, 42.071957], [-71.628997, 42.07262], [-71.62711, 42.07334499999999], [-71.628137, 42.07488099999999], [-71.630054, 42.077083000000016], [-71.631103, 42.076734000000016], [-71.631762, 42.076802], [-71.63363900000002, 42.077759], [-71.636702, 42.07835899999999], [-71.634811, 42.080628999999995], [-71.636791, 42.081406], [-71.639041, 42.08335699999999], [-71.640017, 42.08485700000001], [-71.640237, 42.086195], [-71.64091500000002, 42.08700200000001], [-71.642079, 42.08765300000001], [-71.644161, 42.088081], [-71.644959, 42.088446000000005], [-71.646979, 42.090317000000006], [-71.650733, 42.093036], [-71.653101, 42.094548000000025], [-71.653626, 42.095209000000004], [-71.654062, 42.096356], [-71.65087, 42.095496], [-71.603531, 42.11211], [-71.60282, 42.111498999999995], [-71.601524, 42.111297], [-71.599162, 42.11176599999999], [-71.59854300000002, 42.11171499999999], [-71.595987, 42.112604999999995], [-71.592634, 42.11423800000001], [-71.591951, 42.063694999999996], [-71.498287, 42.06487800000001], [-71.49824, 42.091412], [-71.498025, 42.09257100000001], [-71.49812700000001, 42.093414999999986], [-71.497791, 42.09419899999998], [-71.49767, 42.095033999999984], [-71.49703, 42.09569700000001], [-71.497494, 42.095841999999976], [-71.497457, 42.09644300000001], [-71.497058, 42.09672599999999], [-71.497095, 42.09691899999999], [-71.496493, 42.097195], [-71.496511, 42.097989], [-71.496111, 42.09818000000002], [-71.495282, 42.09995800000001], [-71.495652, 42.10002099999999], [-71.49572, 42.100245], [-71.49609000000001, 42.10035900000002], [-71.495837, 42.10071700000001], [-71.49628, 42.100854999999996], [-71.496623, 42.10120400000002], [-71.496338, 42.10162099999999], [-71.496629, 42.10155000000001], [-71.497294, 42.10178599999999], [-71.497225, 42.101983], [-71.496703, 42.10208500000001], [-71.496703, 42.10225000000001], [-71.49786900000001, 42.102447000000005], [-71.499512, 42.10304899999999], [-71.499878, 42.10385499999999], [-71.500281, 42.104196000000016], [-71.500309, 42.104726], [-71.50068, 42.10505899999999], [-71.500926, 42.105722], [-71.501363, 42.106286000000004], [-71.501384, 42.106767000000005], [-71.501001, 42.106892], [-71.500617, 42.10730300000001], [-71.500599, 42.10745699999998], [-71.500842, 42.10761699999998], [-71.50071900000002, 42.107735000000005], [-71.501469, 42.108077], [-71.5016, 42.108410999999975], [-71.502423, 42.108864000000004], [-71.502292, 42.109337], [-71.502909, 42.10942800000002], [-71.502807, 42.10977600000001], [-71.503078, 42.11028499999998], [-71.502984, 42.110640000000004], [-71.502217, 42.11103], [-71.501965, 42.111657000000015], [-71.501385, 42.11157400000001], [-71.500992, 42.11229100000001], [-71.500384, 42.11269500000001], [-71.500355, 42.11284800000001], [-71.501235, 42.113329], [-71.501104, 42.11364300000001], [-71.501553, 42.11458300000002], [-71.501029, 42.11523099999999], [-71.501628, 42.116102], [-71.501319, 42.11635199999999], [-71.501498, 42.116589000000005], [-71.490128, 42.12458999999999], [-71.478522, 42.13137799999999], [-71.478119, 42.156782], [-71.472744, 42.15687299999999], [-71.464005, 42.158198999999996], [-71.444067, 42.17488900000001], [-71.4441, 42.172529999999995], [-71.44376, 42.168289999999985], [-71.443211, 42.149831999999996], [-71.44282, 42.14394000000001], [-71.44279, 42.140999999999984], [-71.442933, 42.140416], [-71.44273, 42.13929], [-71.44266, 42.13693], [-71.444681, 42.135552000000004], [-71.442693, 42.13578400000001], [-71.442279, 42.13557200000001], [-71.442451, 42.13545600000001], [-71.442366, 42.135316], [-71.441841, 42.135248000000004], [-71.441769, 42.13503000000001], [-71.441426, 42.134829], [-71.442529, 42.13447899999999], [-71.442895, 42.13400099999999], [-71.441961, 42.133597], [-71.442221, 42.13324099999999], [-71.442052, 42.132937999999996], [-71.44208, 42.132521], [-71.442422, 42.132167], [-71.441678, 42.131885999999994], [-71.442552, 42.13163500000001], [-71.44401, 42.117312], [-71.44659, 42.102137], [-71.451974, 42.08373300000001], [-71.453698, 42.072621], [-71.45527400000002, 42.07275300000001], [-71.455872, 42.063187], [-71.45496, 42.06312800000001], [-71.454687, 42.052223999999995], [-71.454754, 42.04411699999999], [-71.458104, 42.017797999999985], [-71.498259, 42.01727199999999], [-71.527702, 42.015094999999995], [-71.680871, 42.01153000000001], [-71.681665, 42.031592], [-71.682449, 42.043769999999995]]]}}, {"type": "Feature", "properties": {"district_name": "6th Essex District", "chamber": "house", "vintage": "2022-present", "lean_dem_share": 0.6922, "competitiveness": "Safe", "competitiveness_label": "Safe D", "party_favored": "Democratic", "url": "/district/house-6th-essex-district-2022-present/"}, "geometry": {"type": "Polygon", "coordinates": [[[-70.922263, 42.59151200000001], [-70.901128, 42.590973000000005], [-70.885954, 42.590906], [-70.885733, 42.59193799999999], [-70.884967, 42.59282900000001], [-70.884953, 42.59355600000001], [-70.885327, 42.59434499999998], [-70.886592, 42.595185000000015], [-70.886889, 42.595583], [-70.887188, 42.596509], [-70.888037, 42.598113000000005], [-70.888771, 42.60024500000001], [-70.889069, 42.60134], [-70.888973, 42.60222299999999], [-70.888509, 42.603154], [-70.88751, 42.604344], [-70.885896, 42.605273000000004], [-70.883394, 42.606009], [-70.884308, 42.61045199999998], [-70.881305, 42.61064], [-70.880328, 42.611350999999985], [-70.874658, 42.609696], [-70.814543, 42.59341499999999], [-70.810085, 42.58421799999999], [-70.807036, 42.580464000000006], [-70.794417, 42.569219], [-70.794028, 42.5692], [-70.794218, 42.568677], [-70.793793, 42.56853999999999], [-70.79397600000001, 42.568117000000015], [-70.79364, 42.56777700000001], [-70.79379, 42.56759600000001], [-70.793632, 42.567324], [-70.793271, 42.567275], [-70.793158, 42.56692600000001], [-70.793469, 42.5664], [-70.793598, 42.565436000000005], [-70.793407, 42.56509], [-70.793326, 42.56454699999999], [-70.79344, 42.56438200000001], [-70.793312, 42.564263999999994], [-70.793901, 42.56293700000001], [-70.793824, 42.562218], [-70.794805, 42.55739], [-70.795415, 42.551479], [-70.794675, 42.551169], [-70.788368, 42.54954900000001], [-70.777085, 42.53946200000001], [-70.773429, 42.53570800000001], [-70.745428, 42.51319500000001], [-70.733558, 42.50395700000001], [-70.736119, 42.50010699999999], [-70.743567, 42.49597399999999], [-70.77789, 42.522795], [-70.78846, 42.530625], [-70.787672, 42.530583000000014], [-70.787275, 42.53087099999999], [-70.78673700000002, 42.530758999999996], [-70.785863, 42.53102999999998], [-70.785453, 42.53139199999999], [-70.785383, 42.531839], [-70.785058, 42.532353], [-70.783442, 42.532805999999994], [-70.783148, 42.533207000000004], [-70.782252, 42.533716], [-70.782213, 42.533982], [-70.782638, 42.53456099999999], [-70.782823, 42.535309999999996], [-70.783209, 42.535669], [-70.786007, 42.537134], [-70.787344, 42.53718], [-70.788405, 42.536879000000006], [-70.788783, 42.535486999999996], [-70.78872900000002, 42.534223], [-70.789403, 42.53185700000001], [-70.796666, 42.53977799999999], [-70.799807, 42.53979500000001], [-70.842493, 42.538196000000006], [-70.856343, 42.539343999999986], [-70.862766, 42.53972], [-70.867792, 42.541795], [-70.870992, 42.540195], [-70.878793, 42.53719499999999], [-70.886447, 42.53804799999999], [-70.887192, 42.537943], [-70.887554, 42.537001999999994], [-70.887527, 42.53638200000001], [-70.887774, 42.536302], [-70.88814, 42.53648799999998], [-70.888266, 42.53678799999999], [-70.8881, 42.539000000000016], [-70.890294, 42.539296], [-70.894394, 42.540696000000004], [-70.898429, 42.54290700000001], [-70.902758, 42.544828], [-70.907041, 42.54619999999999], [-70.907019, 42.546626], [-70.907888, 42.54683599999999], [-70.909208, 42.54624799999999], [-70.908399, 42.545558], [-70.912394, 42.54669499999999], [-70.911671, 42.54963799999999], [-70.91151100000002, 42.549611], [-70.908589, 42.557584999999996], [-70.908381, 42.57304900000001], [-70.922263, 42.59151200000001]], [[-70.803524, 42.548263999999996], [-70.802581, 42.547352], [-70.802047, 42.54710300000001], [-70.800926, 42.54747200000001], [-70.799975, 42.547505000000015], [-70.79938, 42.54711400000001], [-70.798653, 42.547147999999986], [-70.79683600000001, 42.54633400000001], [-70.796442, 42.546386], [-70.7959, 42.546939], [-70.794724, 42.547489], [-70.793333, 42.547325999999984], [-70.793171, 42.54785099999998], [-70.79324, 42.54826800000001], [-70.793627, 42.54866299999999], [-70.794477, 42.548915000000015], [-70.79544400000002, 42.548941], [-70.795668, 42.54941399999999], [-70.795227, 42.549764], [-70.795119, 42.550373], [-70.794879, 42.55058399999998], [-70.795868, 42.55119899999999], [-70.796379, 42.55114100000002], [-70.797075, 42.550473000000004], [-70.797254, 42.54984799999999], [-70.798298, 42.549823999999994], [-70.798846, 42.55097699999999], [-70.799379, 42.551337], [-70.800872, 42.551407999999995], [-70.80234, 42.55208300000001], [-70.803082, 42.551874], [-70.802457, 42.551068], [-70.802225, 42.550473000000004], [-70.803524, 42.548263999999996]], [[-70.798847, 42.54441600000001], [-70.798553, 42.544083], [-70.798251, 42.54406500000002], [-70.797486, 42.544468999999985], [-70.796705, 42.54460300000001], [-70.796202, 42.545069999999996], [-70.79614, 42.54553899999999], [-70.796548, 42.545725999999995], [-70.79781, 42.545512], [-70.798769, 42.544768999999995], [-70.798847, 42.54441600000001]]]}}, {"type": "Feature", "properties": {"district_name": "9th Worcester District", "chamber": "house", "vintage": "2022-present", "lean_dem_share": 0.5695, "competitiveness": "Likely", "competitiveness_label": "Likely D", "party_favored": "Democratic", "url": "/district/house-9th-worcester-district-2022-present/"}, "geometry": {"type": "Polygon", "coordinates": [[[-71.733429, 42.237975000000006], [-71.731237, 42.24128600000001], [-71.717986, 42.245058], [-71.710961, 42.24514400000002], [-71.704659, 42.248362], [-71.67445500000001, 42.252365000000005], [-71.674172, 42.24859099999999], [-71.670932, 42.244701], [-71.650171, 42.247797999999996], [-71.648405, 42.245145], [-71.644438, 42.226625999999996], [-71.62107, 42.230869999999996], [-71.599318, 42.225958999999996], [-71.602221, 42.218101], [-71.58291000000001, 42.195559], [-71.571548, 42.19465299999999], [-71.572085, 42.19362200000001], [-71.572271, 42.192733], [-71.556782, 42.192450000000015], [-71.556243, 42.191820999999976], [-71.55613, 42.19060600000002], [-71.555817, 42.189843], [-71.555953, 42.18908599999998], [-71.555848, 42.188854], [-71.556233, 42.188663], [-71.556092, 42.18832400000001], [-71.556673, 42.188097000000006], [-71.556608, 42.187918], [-71.556344, 42.18809099999999], [-71.556204, 42.187870000000004], [-71.556432, 42.187305], [-71.556447, 42.18661399999999], [-71.55669500000002, 42.186494999999994], [-71.557055, 42.18577399999999], [-71.556935, 42.18569000000001], [-71.556887, 42.185839], [-71.556262, 42.18594700000001], [-71.555485, 42.18540499999999], [-71.555421, 42.185244], [-71.555605, 42.184988], [-71.555508, 42.184779], [-71.55518, 42.184934], [-71.555067, 42.18447599999999], [-71.555203, 42.18410599999998], [-71.555468, 42.183951], [-71.555435, 42.183527999999995], [-71.555725, 42.182819], [-71.555995, 42.18268200000001], [-71.55551, 42.18238699999999], [-71.555527, 42.182229000000014], [-71.555732, 42.18230000000002], [-71.555929, 42.18217], [-71.55431800000001, 42.18177099999999], [-71.55382, 42.18182500000001], [-71.553646, 42.18140600000001], [-71.552866, 42.18109799999999], [-71.552548, 42.180443], [-71.55259, 42.179984], [-71.552368, 42.180015], [-71.552008, 42.17977499999998], [-71.551666, 42.17857100000001], [-71.552525, 42.177408], [-71.553781, 42.178242999999995], [-71.554898, 42.17811300000002], [-71.555079, 42.17761], [-71.555367, 42.17752500000001], [-71.555382, 42.17732899999999], [-71.555819, 42.177402000000015], [-71.555944, 42.177251999999996], [-71.556468, 42.17763799999998], [-71.556382, 42.17778099999999], [-71.556969, 42.178049], [-71.557187, 42.178342000000015], [-71.557472, 42.178469000000014], [-71.557946, 42.178312000000005], [-71.558352, 42.17873000000001], [-71.558832, 42.17884199999999], [-71.55981500000001, 42.17893599999999], [-71.560263, 42.178805999999994], [-71.560888, 42.178976999999996], [-71.56146, 42.17887], [-71.561498, 42.178672999999996], [-71.562017, 42.178614000000024], [-71.561626, 42.17673799999998], [-71.561972, 42.176491000000006], [-71.562029, 42.17593699999999], [-71.561861, 42.17579499999998], [-71.561985, 42.175444000000006], [-71.561736, 42.174715000000006], [-71.561874, 42.174305000000004], [-71.562516, 42.17409799999998], [-71.562689, 42.173175], [-71.562578, 42.17269600000003], [-71.563197, 42.172366999999994], [-71.563269, 42.171969999999995], [-71.562327, 42.171448999999996], [-71.561759, 42.17034899999999], [-71.56055200000002, 42.16873800000001], [-71.560504, 42.16852200000002], [-71.561227, 42.167786], [-71.561056, 42.167598000000005], [-71.560765, 42.16764599999999], [-71.560462, 42.16804200000001], [-71.560155, 42.168027], [-71.559783, 42.167623], [-71.559809, 42.167108], [-71.562839, 42.167838999999994], [-71.564288, 42.165958], [-71.564463, 42.165096], [-71.564259, 42.16448599999998], [-71.564441, 42.164204], [-71.564029, 42.164054], [-71.563466, 42.163285], [-71.563522, 42.162384], [-71.56385, 42.162174000000014], [-71.563532, 42.16152999999999], [-71.563714, 42.161172999999984], [-71.56350400000001, 42.16068399999999], [-71.563003, 42.16051300000001], [-71.562817, 42.160155], [-71.562372, 42.159995], [-71.562295, 42.159512], [-71.561999, 42.159344999999995], [-71.561914, 42.15896299999999], [-71.560954, 42.158315], [-71.571402, 42.151844999999994], [-71.571591, 42.14236699999999], [-71.570005, 42.13918400000001], [-71.573414, 42.135790000000014], [-71.592748, 42.12164800000001], [-71.592634, 42.11423800000001], [-71.595987, 42.112604999999995], [-71.59854300000002, 42.11171499999999], [-71.599162, 42.11176599999999], [-71.601524, 42.111297], [-71.60282, 42.111498999999995], [-71.603531, 42.11211], [-71.65087, 42.095496], [-71.679971, 42.10339599999999], [-71.685541, 42.107265], [-71.707805, 42.099921], [-71.69201, 42.120292], [-71.70464, 42.125253999999984], [-71.693713, 42.136159], [-71.691401, 42.149201000000005], [-71.693687, 42.161214], [-71.691418, 42.163108], [-71.69520400000002, 42.17578899999999], [-71.718614, 42.17296700000001], [-71.723535, 42.191484], [-71.733429, 42.237975000000006]]]}}, {"type": "Feature", "properties": {"district_name": "7th Essex District", "chamber": "house", "vintage": "2022-present", "lean_dem_share": 0.7741, "competitiveness": "Safe", "competitiveness_label": "Safe D", "party_favored": "Democratic", "url": "/district/house-7th-essex-district-2022-present/"}, "geometry": {"type": "MultiPolygon", "coordinates": [[[[-70.798847, 42.544533], [-70.798545, 42.54499700000001], [-70.79781, 42.545512], [-70.796548, 42.545725999999995], [-70.79614, 42.54553899999999], [-70.796202, 42.545069999999996], [-70.796705, 42.54460300000001], [-70.797486, 42.544468999999985], [-70.798445, 42.544052999999984], [-70.798847, 42.544533]]], [[[-70.803485, 42.548360000000024], [-70.803184, 42.548652000000004], [-70.802225, 42.550473000000004], [-70.802457, 42.551068], [-70.803082, 42.551874], [-70.80234, 42.55208300000001], [-70.800872, 42.551407999999995], [-70.799379, 42.551337], [-70.798846, 42.55097699999999], [-70.798298, 42.549823999999994], [-70.797254, 42.54984799999999], [-70.797075, 42.550473000000004], [-70.796379, 42.55114100000002], [-70.795868, 42.55119899999999], [-70.794879, 42.55058399999998], [-70.795119, 42.550373], [-70.795227, 42.549764], [-70.795668, 42.54941399999999], [-70.79544400000002, 42.548941], [-70.794477, 42.548915000000015], [-70.793627, 42.54866299999999], [-70.79324, 42.54826800000001], [-70.793171, 42.54785099999998], [-70.793333, 42.547325999999984], [-70.794724, 42.547489], [-70.7959, 42.546939], [-70.796442, 42.546386], [-70.79683600000001, 42.54633400000001], [-70.798653, 42.547147999999986], [-70.79938, 42.54711400000001], [-70.799975, 42.547505000000015], [-70.80132, 42.547394], [-70.801962, 42.54709999999999], [-70.802279, 42.54717200000002], [-70.803338, 42.548068999999984], [-70.803485, 42.548360000000024]]], [[[-70.817553, 42.514115], [-70.816456, 42.51472600000001], [-70.81607, 42.514669], [-70.815738, 42.514161], [-70.814957, 42.514075000000005], [-70.81537400000002, 42.51372599999999], [-70.815335, 42.51351900000001], [-70.814795, 42.51338800000003], [-70.814323, 42.51282900000001], [-70.814238, 42.51247400000002], [-70.813844, 42.512128999999995], [-70.81294800000002, 42.51229200000001], [-70.812005, 42.51213599999999], [-70.811897, 42.51197500000001], [-70.812322, 42.511793000000004], [-70.812298, 42.51149200000001], [-70.812569, 42.51119], [-70.811873, 42.51098500000001], [-70.812067, 42.510329], [-70.812422, 42.510022000000006], [-70.812685, 42.510036], [-70.81291, 42.510393], [-70.812719, 42.51062900000001], [-70.813071, 42.51068699999999], [-70.813365, 42.51097499999999], [-70.813736, 42.510713000000024], [-70.81447, 42.510962], [-70.815591, 42.512736], [-70.816054, 42.512711], [-70.816433, 42.51307], [-70.816935, 42.51321000000001], [-70.817553, 42.513889000000006], [-70.817553, 42.514115]]], [[[-70.83535, 42.483835000000006], [-70.834685, 42.484421000000005], [-70.834263, 42.48547199999999], [-70.833704, 42.485713], [-70.833768, 42.48540200000001], [-70.833183, 42.48467200000001], [-70.832987, 42.484123], [-70.833352, 42.48408200000001], [-70.83319, 42.483923], [-70.833317, 42.483868000000015], [-70.834599, 42.48410899999999], [-70.834939, 42.483343999999995], [-70.834245, 42.482695], [-70.833558, 42.48254700000001], [-70.833361, 42.48192199999999], [-70.834377, 42.482125], [-70.83452400000002, 42.481931], [-70.834915, 42.48203099999998], [-70.834866, 42.482296999999996], [-70.835159, 42.482476999999996], [-70.83535, 42.483835000000006]]], [[[-70.949917, 42.494775999999995], [-70.919785, 42.520586], [-70.918857, 42.522878999999996], [-70.91773, 42.52263100000001], [-70.91710200000001, 42.524271000000006], [-70.917476, 42.524375], [-70.917986, 42.524235999999995], [-70.918126, 42.52484499999999], [-70.918314, 42.524973], [-70.916482, 42.52685499999999], [-70.917004, 42.527090000000015], [-70.91554, 42.528822000000005], [-70.912707, 42.528057], [-70.913145, 42.53161], [-70.912826, 42.532393000000006], [-70.913256, 42.532576], [-70.91349, 42.541471], [-70.910809, 42.540949999999995], [-70.909755, 42.54092400000001], [-70.90934300000002, 42.54074800000001], [-70.909306, 42.540464], [-70.907922, 42.54033499999999], [-70.909589, 42.54254699999999], [-70.90954, 42.54294800000001], [-70.909835, 42.543108000000004], [-70.909929, 42.54359799999999], [-70.909584, 42.544473999999994], [-70.908399, 42.545558], [-70.909208, 42.54624799999999], [-70.907888, 42.54683599999999], [-70.907019, 42.546626], [-70.907041, 42.54619999999999], [-70.902758, 42.544828], [-70.898429, 42.54290700000001], [-70.894394, 42.540696000000004], [-70.890294, 42.539296], [-70.8881, 42.539000000000016], [-70.888266, 42.53678799999999], [-70.88814, 42.53648799999998], [-70.887774, 42.536302], [-70.887527, 42.53638200000001], [-70.887554, 42.537001999999994], [-70.887192, 42.537943], [-70.886447, 42.53804799999999], [-70.878793, 42.53719499999999], [-70.870992, 42.540195], [-70.867792, 42.541795], [-70.862766, 42.53972], [-70.856343, 42.539343999999986], [-70.842493, 42.538196000000006], [-70.799807, 42.53979500000001], [-70.796666, 42.53977799999999], [-70.789403, 42.53185700000001], [-70.78872900000002, 42.534223], [-70.788783, 42.535486999999996], [-70.788405, 42.536879000000006], [-70.786919, 42.537218], [-70.785729, 42.537052], [-70.783402, 42.53580499999998], [-70.782823, 42.535309999999996], [-70.782638, 42.53456099999999], [-70.782213, 42.533982], [-70.782252, 42.533716], [-70.783148, 42.533207000000004], [-70.783442, 42.532805999999994], [-70.785058, 42.532353], [-70.785383, 42.531839], [-70.785453, 42.53139199999999], [-70.785863, 42.53102999999998], [-70.78673700000002, 42.530758999999996], [-70.787275, 42.53087099999999], [-70.787672, 42.530583000000014], [-70.78846, 42.530625], [-70.77789, 42.522795], [-70.743567, 42.49597399999999], [-70.749489, 42.492722000000015], [-70.767571, 42.484591], [-70.799042, 42.509222], [-70.813707, 42.52237900000001], [-70.843292, 42.528795], [-70.858092, 42.52739499999999], [-70.875092, 42.518494999999994], [-70.877392, 42.514195], [-70.879692, 42.509294999999995], [-70.879359, 42.508429], [-70.878708, 42.505365], [-70.879544, 42.50374999999998], [-70.882245, 42.50270700000001], [-70.886761, 42.49844699999999], [-70.886001, 42.497809], [-70.885801, 42.4978], [-70.885497, 42.49736799999999], [-70.885673, 42.49669299999999], [-70.886141, 42.496149], [-70.886488, 42.495998000000014], [-70.886362, 42.495695000000005], [-70.886604, 42.495179], [-70.887326, 42.494942], [-70.888021, 42.49493700000001], [-70.888401, 42.49471299999999], [-70.888598, 42.494385000000015], [-70.890801, 42.493644999999994], [-70.89052, 42.49337899999999], [-70.890958, 42.493213999999995], [-70.889949, 42.490141], [-70.890624, 42.48874300000001], [-70.894244, 42.485951000000014], [-70.89903300000002, 42.48467200000001], [-70.901779, 42.485358000000005], [-70.905075, 42.484840000000005], [-70.906539, 42.484263000000006], [-70.933985, 42.490802999999985], [-70.949917, 42.494775999999995]]]]}}, {"type": "Feature", "properties": {"district_name": "10th Worcester District", "chamber": "house", "vintage": "2022-present", "lean_dem_share": 0.5749, "competitiveness": "Likely", "competitiveness_label": "Likely D", "party_favored": "Democratic", "url": "/district/house-10th-worcester-district-2022-present/"}, "geometry": {"type": "Polygon", "coordinates": [[[-71.592748, 42.12164800000001], [-71.573414, 42.135790000000014], [-71.570005, 42.13918400000001], [-71.571591, 42.14236699999999], [-71.571402, 42.151844999999994], [-71.560954, 42.158315], [-71.561914, 42.15896299999999], [-71.561999, 42.159344999999995], [-71.562295, 42.159512], [-71.562372, 42.159995], [-71.562817, 42.160155], [-71.563003, 42.16051300000001], [-71.56350400000001, 42.16068399999999], [-71.563714, 42.161172999999984], [-71.563532, 42.16152999999999], [-71.56385, 42.162174000000014], [-71.563522, 42.162384], [-71.563466, 42.163285], [-71.564029, 42.164054], [-71.564441, 42.164204], [-71.564259, 42.16448599999998], [-71.564463, 42.165096], [-71.564288, 42.165958], [-71.562839, 42.167838999999994], [-71.559809, 42.167108], [-71.559783, 42.167623], [-71.560155, 42.168027], [-71.560462, 42.16804200000001], [-71.560765, 42.16764599999999], [-71.561056, 42.167598000000005], [-71.561227, 42.167786], [-71.560504, 42.16852200000002], [-71.56055200000002, 42.16873800000001], [-71.561759, 42.17034899999999], [-71.562327, 42.171448999999996], [-71.563269, 42.171969999999995], [-71.563197, 42.172366999999994], [-71.562578, 42.17269600000003], [-71.562689, 42.173175], [-71.562516, 42.17409799999998], [-71.561874, 42.174305000000004], [-71.561736, 42.174715000000006], [-71.561985, 42.175444000000006], [-71.561861, 42.17579499999998], [-71.562029, 42.17593699999999], [-71.561972, 42.176491000000006], [-71.561626, 42.17673799999998], [-71.562017, 42.178614000000024], [-71.561498, 42.178672999999996], [-71.56146, 42.17887], [-71.560888, 42.178976999999996], [-71.560263, 42.178805999999994], [-71.55981500000001, 42.17893599999999], [-71.558832, 42.17884199999999], [-71.558352, 42.17873000000001], [-71.557946, 42.178312000000005], [-71.557472, 42.178469000000014], [-71.557187, 42.178342000000015], [-71.556969, 42.178049], [-71.556382, 42.17778099999999], [-71.556468, 42.17763799999998], [-71.555944, 42.177251999999996], [-71.555819, 42.177402000000015], [-71.555382, 42.17732899999999], [-71.555367, 42.17752500000001], [-71.555079, 42.17761], [-71.554898, 42.17811300000002], [-71.553711, 42.178242999999995], [-71.552525, 42.177408], [-71.551666, 42.17857100000001], [-71.552008, 42.17977499999998], [-71.552368, 42.180015], [-71.55259, 42.179984], [-71.552548, 42.180443], [-71.552866, 42.18109799999999], [-71.553646, 42.18140600000001], [-71.55382, 42.18182500000001], [-71.55431800000001, 42.18177099999999], [-71.555806, 42.182079], [-71.555915, 42.18222499999999], [-71.55557300000001, 42.182177999999986], [-71.555497, 42.18234200000001], [-71.555738, 42.182503000000004], [-71.539498, 42.189733999999994], [-71.506894, 42.188927], [-71.502626, 42.191416], [-71.497378, 42.166643000000015], [-71.49313600000002, 42.166209999999985], [-71.478027, 42.165871], [-71.478522, 42.13137799999999], [-71.490128, 42.12458999999999], [-71.501428, 42.11665200000001], [-71.501319, 42.11635199999999], [-71.501628, 42.116102], [-71.501029, 42.11523099999999], [-71.501553, 42.11458300000002], [-71.501104, 42.11364300000001], [-71.501235, 42.113329], [-71.500355, 42.11284800000001], [-71.500384, 42.11269500000001], [-71.500992, 42.11229100000001], [-71.501385, 42.11157400000001], [-71.501965, 42.111657000000015], [-71.502217, 42.11103], [-71.502797, 42.110772], [-71.503078, 42.11045899999999], [-71.502807, 42.10977600000001], [-71.502909, 42.10942800000002], [-71.502292, 42.109337], [-71.502423, 42.108864000000004], [-71.5016, 42.108410999999975], [-71.501469, 42.108077], [-71.50071900000002, 42.107735000000005], [-71.500842, 42.10761699999998], [-71.500599, 42.10745699999998], [-71.500617, 42.10730300000001], [-71.501001, 42.106892], [-71.501384, 42.106767000000005], [-71.501363, 42.106286000000004], [-71.500926, 42.105722], [-71.50068, 42.10505899999999], [-71.500309, 42.104726], [-71.500281, 42.104196000000016], [-71.499878, 42.10385499999999], [-71.499512, 42.10304899999999], [-71.49786900000001, 42.102447000000005], [-71.496703, 42.10225000000001], [-71.496703, 42.10208500000001], [-71.497225, 42.101983], [-71.497294, 42.10178599999999], [-71.496629, 42.10155000000001], [-71.496338, 42.10162099999999], [-71.496623, 42.10120400000002], [-71.49628, 42.100854999999996], [-71.495837, 42.10071700000001], [-71.49609000000001, 42.10035900000002], [-71.49572, 42.100245], [-71.495652, 42.10002099999999], [-71.495282, 42.09995800000001], [-71.496111, 42.09818000000002], [-71.496511, 42.097989], [-71.496493, 42.097195], [-71.497095, 42.09691899999999], [-71.497058, 42.09672599999999], [-71.497457, 42.09644300000001], [-71.497494, 42.095841999999976], [-71.49703, 42.09569700000001], [-71.49767, 42.095033999999984], [-71.497791, 42.09419899999998], [-71.49812700000001, 42.093414999999986], [-71.498025, 42.09257100000001], [-71.49824, 42.091412], [-71.498287, 42.06487800000001], [-71.591951, 42.063694999999996], [-71.592748, 42.12164800000001]]]}}, {"type": "Feature", "properties": {"district_name": "8th Essex District", "chamber": "house", "vintage": "2022-present", "lean_dem_share": 0.704, "competitiveness": "Safe", "competitiveness_label": "Safe D", "party_favored": "Democratic", "url": "/district/house-8th-essex-district-2022-present/"}, "geometry": {"type": "Polygon", "coordinates": [[[-70.942356, 42.46138], [-70.93975, 42.461808000000005], [-70.939558, 42.461121], [-70.937279, 42.461574], [-70.936536, 42.46070699999999], [-70.932523, 42.46203300000001], [-70.934594, 42.464284999999975], [-70.934969, 42.465680000000006], [-70.934776, 42.466384], [-70.934276, 42.466740999999985], [-70.93391600000001, 42.46743799999999], [-70.933912, 42.46764800000002], [-70.934472, 42.468199], [-70.932139, 42.469209000000006], [-70.930493, 42.467495], [-70.927383, 42.46916300000001], [-70.926238, 42.467314], [-70.926088, 42.466821], [-70.924928, 42.467155000000005], [-70.924153, 42.46792399999999], [-70.922974, 42.468751000000005], [-70.934111, 42.49083400000001], [-70.906539, 42.484263000000006], [-70.905075, 42.484840000000005], [-70.901779, 42.485358000000005], [-70.89903300000002, 42.48467200000001], [-70.894244, 42.485951000000014], [-70.890624, 42.48874300000001], [-70.889949, 42.490141], [-70.890958, 42.493213999999995], [-70.89052, 42.49337899999999], [-70.890801, 42.493644999999994], [-70.888598, 42.494385000000015], [-70.888401, 42.49471299999999], [-70.888021, 42.49493700000001], [-70.887326, 42.494942], [-70.886604, 42.495179], [-70.886362, 42.495695000000005], [-70.886488, 42.495998000000014], [-70.886141, 42.496149], [-70.885673, 42.49669299999999], [-70.885497, 42.49736799999999], [-70.885801, 42.4978], [-70.886001, 42.497809], [-70.886761, 42.49844699999999], [-70.882245, 42.50270700000001], [-70.879544, 42.50374999999998], [-70.878708, 42.505365], [-70.879359, 42.508429], [-70.879692, 42.509294999999995], [-70.877392, 42.514195], [-70.875092, 42.518494999999994], [-70.858092, 42.52739499999999], [-70.843292, 42.528795], [-70.813707, 42.52237900000001], [-70.799042, 42.509222], [-70.767571, 42.484591], [-70.779145, 42.479170999999994], [-70.799948, 42.468907], [-70.81074, 42.46441], [-70.821063, 42.460374], [-70.831179, 42.457196], [-70.838616, 42.455459000000005], [-70.85935500000001, 42.454552], [-70.881629, 42.452399], [-70.901493, 42.449597000000004], [-70.905993, 42.44519699999999], [-70.905993, 42.43829699999999], [-70.933996, 42.45611999999999], [-70.933954, 42.45622800000002], [-70.937394, 42.457061], [-70.937475, 42.457423], [-70.937682, 42.457581000000005], [-70.939387, 42.458241999999984], [-70.939145, 42.45949], [-70.941366, 42.46005499999999], [-70.942356, 42.46138]], [[-70.835351, 42.483776000000006], [-70.835159, 42.482476999999996], [-70.834866, 42.482296999999996], [-70.834915, 42.48203099999998], [-70.83452400000002, 42.481931], [-70.834377, 42.482125], [-70.833361, 42.48192199999999], [-70.833558, 42.48254700000001], [-70.834245, 42.482695], [-70.834939, 42.483343999999995], [-70.834599, 42.48410899999999], [-70.833317, 42.483868000000015], [-70.83319, 42.483923], [-70.833352, 42.48408200000001], [-70.832987, 42.484123], [-70.833183, 42.48467200000001], [-70.833768, 42.48540200000001], [-70.833704, 42.485713], [-70.834263, 42.48547199999999], [-70.834685, 42.484421000000005], [-70.835351, 42.483776000000006]], [[-70.817553, 42.513889000000006], [-70.816935, 42.51321000000001], [-70.816433, 42.51307], [-70.816054, 42.512711], [-70.815591, 42.512736], [-70.81447, 42.510962], [-70.813736, 42.510713000000024], [-70.813365, 42.51097499999999], [-70.813071, 42.51068699999999], [-70.812719, 42.51062900000001], [-70.81291, 42.510393], [-70.812685, 42.510036], [-70.812422, 42.510022000000006], [-70.812067, 42.510329], [-70.811873, 42.51098500000001], [-70.812569, 42.51119], [-70.812298, 42.51149200000001], [-70.812322, 42.511793000000004], [-70.811897, 42.512052], [-70.81294800000002, 42.51229200000001], [-70.813844, 42.512128999999995], [-70.814238, 42.51247400000002], [-70.814323, 42.51282900000001], [-70.814795, 42.51338800000003], [-70.815335, 42.51351900000001], [-70.81537400000002, 42.51372599999999], [-70.814949, 42.513970999999984], [-70.81503400000001, 42.514132], [-70.815738, 42.514161], [-70.81607, 42.514669], [-70.816456, 42.51472600000001], [-70.817399, 42.514293], [-70.817553, 42.513889000000006]]]}}, {"type": "Feature", "properties": {"district_name": "11th Worcester District", "chamber": "house", "vintage": "2022-present", "lean_dem_share": 0.63, "competitiveness": "Safe", "competitiveness_label": "Safe D", "party_favored": "Democratic", "url": "/district/house-11th-worcester-district-2022-present/"}, "geometry": {"type": "Polygon", "coordinates": [[[-71.768267, 42.31126], [-71.767239, 42.31144299999999], [-71.767199, 42.313226], [-71.756514, 42.31213500000001], [-71.741419, 42.31731799999999], [-71.741745, 42.315726], [-71.731824, 42.317927000000005], [-71.730213, 42.32113799999999], [-71.698673, 42.33240599999999], [-71.695477, 42.330268000000004], [-71.697643, 42.329179], [-71.697589, 42.327552], [-71.690965, 42.328959], [-71.691139, 42.326904999999975], [-71.689537, 42.325973000000005], [-71.687879, 42.32550200000001], [-71.689715, 42.318819999999995], [-71.684362, 42.311370999999994], [-71.680421, 42.30517100000001], [-71.676996, 42.286148000000004], [-71.670115, 42.27876299999999], [-71.65452100000002, 42.28412], [-71.654349, 42.28370700000001], [-71.653374, 42.282588999999994], [-71.626202, 42.28408199999999], [-71.62594, 42.28287999999999], [-71.625977, 42.28180100000002], [-71.627383, 42.280078], [-71.628024, 42.27850399999999], [-71.62684200000001, 42.276624999999996], [-71.624927, 42.274284], [-71.632366, 42.272758], [-71.632402, 42.271834000000005], [-71.632649, 42.271185], [-71.63248, 42.270162000000006], [-71.632588, 42.269690999999995], [-71.633882, 42.26929199999999], [-71.633821, 42.26850999999999], [-71.63416, 42.267943999999986], [-71.634875, 42.267955000000015], [-71.63526, 42.267563], [-71.635523, 42.26676], [-71.63455400000001, 42.266241999999984], [-71.634392, 42.26566499999999], [-71.634023, 42.265484000000015], [-71.634085, 42.26512699999999], [-71.634339, 42.26468], [-71.63487, 42.264353000000014], [-71.63481000000002, 42.2638], [-71.63521, 42.263395000000024], [-71.635087, 42.263153999999986], [-71.635703, 42.262956], [-71.635972, 42.262526000000015], [-71.635772, 42.262364], [-71.635826, 42.262201], [-71.636126, 42.262248], [-71.636381, 42.26199], [-71.63606500000002, 42.261831], [-71.636135, 42.26159899999999], [-71.635566, 42.260852], [-71.635844, 42.258959000000004], [-71.63576000000002, 42.25851899999999], [-71.635391, 42.258240000000015], [-71.63520700000001, 42.257857], [-71.63433, 42.25763799999998], [-71.633922, 42.256944999999995], [-71.633994, 42.25620299999999], [-71.634641, 42.257132999999996], [-71.63511300000002, 42.25732399999999], [-71.635561, 42.257272], [-71.635943, 42.256944000000004], [-71.635911, 42.25660700000001], [-71.635448, 42.255805], [-71.636887, 42.255544999999984], [-71.637002, 42.255892], [-71.637914, 42.256919999999994], [-71.638216, 42.257066000000016], [-71.641519, 42.25650999999999], [-71.639909, 42.25451300000001], [-71.640908, 42.25375399999998], [-71.641604, 42.25344700000001], [-71.645785, 42.252524000000015], [-71.649016, 42.25123299999999], [-71.651325, 42.250604], [-71.65092400000002, 42.24953700000002], [-71.649779, 42.248602000000005], [-71.649399, 42.247917], [-71.670932, 42.244701], [-71.674172, 42.24859099999999], [-71.67445500000001, 42.252365000000005], [-71.704659, 42.248362], [-71.710961, 42.24514400000002], [-71.717986, 42.245058], [-71.731237, 42.24128600000001], [-71.746078, 42.24383799999999], [-71.75128, 42.25449900000002], [-71.758541, 42.296220999999996], [-71.768267, 42.31126]]]}}, {"type": "Feature", "properties": {"district_name": "9th Essex District", "chamber": "house", "vintage": "2022-present", "lean_dem_share": 0.5736, "competitiveness": "Likely", "competitiveness_label": "Likely D", "party_favored": "Democratic", "url": "/district/house-9th-essex-district-2022-present/"}, "geometry": {"type": "Polygon", "coordinates": [[[-71.080033, 42.526454999999984], [-71.07515, 42.531035], [-71.067567, 42.52468], [-71.067263, 42.52494200000001], [-71.067324, 42.52522099999999], [-71.067122, 42.52536999999999], [-71.066354, 42.52481], [-71.065395, 42.524779], [-71.064241, 42.52440400000001], [-71.063784, 42.52462899999999], [-71.06327600000002, 42.524659000000014], [-71.062026, 42.52427599999997], [-71.061478, 42.525034999999995], [-71.060744, 42.525239], [-71.060069, 42.52430699999999], [-71.059109, 42.524089999999994], [-71.05902, 42.523872000000004], [-71.058447, 42.523610000000005], [-71.058209, 42.523914999999995], [-71.057662, 42.52417899999999], [-71.040983, 42.52626200000001], [-71.040004, 42.525189], [-71.038905, 42.52458200000001], [-71.038599, 42.523959999999995], [-71.038736, 42.52353800000001], [-71.039287, 42.523205], [-71.039883, 42.522411000000005], [-71.040913, 42.521718], [-71.04108, 42.520123000000005], [-71.040989, 42.51984700000001], [-71.040325, 42.519292999999976], [-71.040127, 42.518809999999995], [-71.040261, 42.51742099999999], [-71.038888, 42.51674100000001], [-71.039036, 42.51648999999999], [-71.038907, 42.516341], [-71.038516, 42.51642300000002], [-71.038296, 42.516242000000005], [-71.038274, 42.515692], [-71.039259, 42.51484100000002], [-71.039467, 42.51445799999999], [-71.038383, 42.51418899999999], [-71.038298, 42.513750000000016], [-71.037496, 42.513287], [-71.036911, 42.512541000000006], [-71.036556, 42.51243500000001], [-71.03667400000002, 42.511557999999994], [-71.036497, 42.510828], [-71.036926, 42.51045899999998], [-71.037048, 42.509999000000015], [-71.036756, 42.50997399999999], [-71.036457, 42.50969300000001], [-71.036529, 42.509508000000004], [-71.036206, 42.50926999999999], [-71.036305, 42.50900200000001], [-71.03573, 42.50863900000002], [-71.035876, 42.508392], [-71.035553, 42.508313], [-71.03563200000002, 42.50756299999998], [-71.034898, 42.507054], [-71.034929, 42.506679000000005], [-71.035404, 42.506377], [-71.035424, 42.50590900000001], [-71.035739, 42.50573599999999], [-71.035839, 42.50519200000001], [-71.011623, 42.50164800000001], [-71.001736, 42.50707800000001], [-70.996886, 42.507012], [-70.995308, 42.50557200000001], [-70.988372, 42.509214], [-70.988641, 42.509537], [-70.99143, 42.51110899999999], [-70.992966, 42.512267], [-70.98934, 42.511686000000005], [-70.986911, 42.511774], [-70.959531, 42.497834], [-70.960079, 42.497261], [-70.960315, 42.497459], [-70.962793, 42.495811999999994], [-70.963281, 42.49475699999999], [-70.963215, 42.494500999999985], [-70.963417, 42.49446399999999], [-70.965076, 42.490881999999985], [-70.963427, 42.490677999999996], [-70.962139, 42.491009], [-70.961745, 42.49087999999999], [-70.962051, 42.490429000000006], [-70.961847, 42.49031], [-70.962563, 42.48901599999999], [-70.961544, 42.488653000000006], [-70.96115, 42.48775500000001], [-70.960609, 42.487336000000006], [-70.960578, 42.48699500000001], [-70.961219, 42.48706900000001], [-70.962132, 42.487615999999996], [-70.962701, 42.48684599999999], [-70.964147, 42.487272999999995], [-70.965753, 42.48826999999999], [-70.971734, 42.491240000000005], [-70.974354, 42.489852], [-70.974594, 42.48989499999999], [-70.975064, 42.49118], [-70.974674, 42.491658], [-70.97725, 42.49302600000001], [-70.97939, 42.493267], [-70.979391, 42.49310100000001], [-70.98041, 42.492988999999994], [-70.981384, 42.49326000000001], [-70.983014, 42.49343], [-70.989433, 42.49373300000001], [-70.993242, 42.49357699999999], [-70.994586, 42.49333700000001], [-70.995459, 42.49344399999999], [-70.996238, 42.49324099999999], [-70.998332, 42.493263], [-70.999495, 42.49299], [-70.999875, 42.492623999999985], [-71.001071, 42.492611999999994], [-71.001706, 42.49279], [-70.991695, 42.466431], [-70.9922, 42.46570200000001], [-70.992295, 42.46517699999999], [-70.993587, 42.46507299999999], [-70.994698, 42.46520799999998], [-70.995326, 42.46499599999999], [-70.995228, 42.46477000000001], [-70.995342, 42.46391199999999], [-70.995698, 42.463601000000004], [-70.996524, 42.46392300000001], [-70.999703, 42.464634], [-70.999624, 42.465005], [-71.001722, 42.46542600000001], [-71.001088, 42.464888], [-71.00149600000002, 42.465011], [-71.002179, 42.46486399999999], [-71.00107, 42.464085000000004], [-71.000862, 42.464202], [-71.000488, 42.46404900000001], [-71.000301, 42.46376099999999], [-71.000329, 42.46309900000001], [-70.999522, 42.46282500000001], [-70.999663, 42.462634], [-71.000609, 42.46258199999999], [-70.999989, 42.46206100000001], [-70.999492, 42.46193800000001], [-70.998253, 42.46219099999999], [-70.997601, 42.46177800000001], [-70.997481, 42.461479000000004], [-70.996983, 42.461356], [-70.996519, 42.46135999999999], [-70.995981, 42.46170899999999], [-70.995312, 42.46168899999999], [-70.994005, 42.461244], [-70.993822, 42.461038999999985], [-70.99388, 42.460683], [-70.994507, 42.46060400000001], [-70.995132, 42.460287], [-70.996475, 42.460429999999995], [-70.997108, 42.460063], [-70.997448, 42.45960699999999], [-70.997927, 42.459950000000006], [-70.998567, 42.45978100000001], [-70.998621, 42.46004099999997], [-70.998977, 42.460278000000024], [-70.998398, 42.46037799999999], [-70.998205, 42.46065200000001], [-70.999132, 42.46071200000001], [-70.999344, 42.460860000000004], [-70.99949, 42.460232999999995], [-70.999937, 42.45939700000002], [-71.000168, 42.459478000000004], [-71.000536, 42.458868], [-71.003089, 42.45940100000001], [-71.005301, 42.459270000000004], [-71.005561, 42.458325000000016], [-71.007272, 42.45800799999999], [-71.007223, 42.457458], [-71.006545, 42.457562], [-71.006516, 42.45718800000001], [-71.004219, 42.457102000000006], [-71.004559, 42.456638000000005], [-71.004556, 42.456326000000004], [-71.004138, 42.45629700000002], [-71.004061, 42.45540900000001], [-71.003777, 42.45494899999999], [-71.001675, 42.455695000000006], [-71.000595, 42.453196], [-71.000106, 42.453215], [-70.99992, 42.45254299999999], [-71.000452, 42.45224699999999], [-71.000135, 42.452031000000005], [-71.000541, 42.451781], [-71.000182, 42.450650000000024], [-71.001416, 42.450635999999996], [-71.001298, 42.449962], [-70.995923, 42.44967999999999], [-70.99748, 42.44892300000003], [-70.99883, 42.446879], [-71.000314, 42.445023], [-71.000807, 42.444261], [-71.000163, 42.44342600000001], [-71.001294, 42.44139599999999], [-71.001827, 42.44204099999999], [-71.003896, 42.440988000000004], [-71.004294, 42.441392000000015], [-71.005439, 42.44170700000001], [-71.005497, 42.44203099999998], [-71.009106, 42.442586999999996], [-71.00945, 42.44130400000001], [-71.009671, 42.441047], [-71.011864, 42.442134], [-71.018757, 42.45011800000001], [-71.025836, 42.44470900000001], [-71.054214, 42.476903], [-71.052629, 42.48605700000001], [-71.056673, 42.485099000000005], [-71.056596, 42.48439499999999], [-71.058964, 42.483402], [-71.060506, 42.485274], [-71.061278, 42.484259], [-71.060862, 42.48393600000001], [-71.060662, 42.483526000000005], [-71.060475, 42.481826], [-71.060286, 42.48142000000001], [-71.061532, 42.481141999999984], [-71.06107, 42.480422], [-71.060536, 42.478804], [-71.06237300000001, 42.47872699999999], [-71.063845, 42.48305800000001], [-71.065912, 42.482611000000006], [-71.066805, 42.481931], [-71.069034, 42.486303], [-71.069386, 42.487724], [-71.069484, 42.488711], [-71.069322, 42.49079499999999], [-71.069555, 42.49302000000001], [-71.070305, 42.495553], [-71.069319, 42.49970199999999], [-71.069216, 42.500986], [-71.06964900000001, 42.50232500000001], [-71.07116200000002, 42.504459], [-71.071615, 42.50536700000001], [-71.071684, 42.506129000000016], [-71.071205, 42.50810000000002], [-71.071306, 42.509416], [-71.072196, 42.511321], [-71.073311, 42.512724999999996], [-71.074229, 42.514567], [-71.074311, 42.515105000000005], [-71.074008, 42.51614700000001], [-71.074073, 42.516685999999986], [-71.075411, 42.517649999999996], [-71.077292, 42.51978200000001], [-71.077745, 42.52105300000001], [-71.077669, 42.521580000000014], [-71.077373, 42.52206799999999], [-71.077453, 42.522516], [-71.078237, 42.523041], [-71.078144, 42.52320800000001], [-71.078819, 42.52466600000001], [-71.07917, 42.52490399999999], [-71.079256, 42.525369], [-71.080033, 42.526454999999984]]]}}, {"type": "Feature", "properties": {"district_name": "12th Worcester District", "chamber": "house", "vintage": "2022-present", "lean_dem_share": 0.5696, "competitiveness": "Likely", "competitiveness_label": "Likely D", "party_favored": "Democratic", "url": "/district/house-12th-worcester-district-2022-present/"}, "geometry": {"type": "Polygon", "coordinates": [[[-71.835604, 42.48359599999998], [-71.830019, 42.49218600000001], [-71.728385, 42.475128000000005], [-71.71674, 42.518971], [-71.712384, 42.52132899999999], [-71.702236, 42.53389499999997], [-71.635869, 42.52402399999999], [-71.636144, 42.523098000000005], [-71.635153, 42.52286500000001], [-71.634087, 42.52211], [-71.632914, 42.520116999999985], [-71.6319, 42.51911299999999], [-71.630646, 42.51908299999999], [-71.630151, 42.518834], [-71.630022, 42.51782100000001], [-71.630138, 42.51756400000001], [-71.630811, 42.51708], [-71.631824, 42.51699300000002], [-71.632274, 42.51662599999999], [-71.632205, 42.516202], [-71.631124, 42.515871999999995], [-71.630061, 42.515982], [-71.629615, 42.515845000000006], [-71.629132, 42.51509499999998], [-71.629751, 42.513956], [-71.62974, 42.51365999999999], [-71.62916, 42.513379999999984], [-71.628001, 42.513240999999994], [-71.627305, 42.512836], [-71.627441, 42.51234500000001], [-71.627994, 42.51151300000001], [-71.627813, 42.510923999999996], [-71.627964, 42.510707999999994], [-71.628427, 42.510512000000006], [-71.628683, 42.51056700000001], [-71.629201, 42.511100000000006], [-71.629711, 42.51127300000001], [-71.629873, 42.511142], [-71.62982900000002, 42.51041900000001], [-71.630577, 42.509716], [-71.631803, 42.50972599999999], [-71.631849, 42.50950099999998], [-71.631426, 42.50912899999999], [-71.631263, 42.508725999999996], [-71.631326, 42.508333], [-71.632815, 42.506583], [-71.634219, 42.504361], [-71.634183, 42.504167], [-71.633467, 42.50350800000001], [-71.633763, 42.502863999999995], [-71.633699, 42.50269599999999], [-71.633217, 42.50251300000001], [-71.631993, 42.50266700000002], [-71.631236, 42.502563], [-71.629674, 42.50152300000001], [-71.626405, 42.500094000000004], [-71.62588, 42.49949500000002], [-71.625885, 42.49851100000001], [-71.62663, 42.49591199999999], [-71.626834, 42.495567000000015], [-71.62776, 42.495047000000014], [-71.627978, 42.494513], [-71.627594, 42.493335], [-71.627769, 42.492611999999994], [-71.628629, 42.490778000000006], [-71.62895, 42.48877800000001], [-71.630808, 42.48743999999999], [-71.631231, 42.48673800000002], [-71.63161000000001, 42.485423], [-71.631908, 42.485413], [-71.633567, 42.48623500000001], [-71.634151, 42.48580799999999], [-71.634129, 42.485352], [-71.633492, 42.48515900000001], [-71.633103, 42.485265000000005], [-71.632602, 42.48513400000001], [-71.632203, 42.484553000000005], [-71.63206, 42.48397800000001], [-71.632108, 42.482988000000006], [-71.632277, 42.48272599999999], [-71.632539, 42.48267800000001], [-71.633664, 42.48308600000001], [-71.634102, 42.482875000000014], [-71.634158, 42.482445999999996], [-71.633915, 42.48129399999999], [-71.634288, 42.48055000000001], [-71.634847, 42.47996299999998], [-71.634709, 42.47952600000001], [-71.633782, 42.478435], [-71.633689, 42.477183999999994], [-71.635448, 42.477081999999996], [-71.635791, 42.476891], [-71.642426, 42.479502999999994], [-71.65674, 42.430957], [-71.660633, 42.418231999999996], [-71.630418, 42.40953700000001], [-71.580135, 42.386953000000005], [-71.607759, 42.370022], [-71.603065, 42.367267], [-71.610007, 42.357403000000005], [-71.624702, 42.35046500000001], [-71.625825, 42.34972399999999], [-71.620658, 42.345248999999995], [-71.619131, 42.343348999999996], [-71.61826, 42.342589], [-71.622949, 42.33796500000001], [-71.625042, 42.33689900000002], [-71.625767, 42.336300000000016], [-71.62681, 42.334578], [-71.628537, 42.332840999999995], [-71.630082, 42.33084199999997], [-71.630843, 42.328889], [-71.63344, 42.32733999999999], [-71.639343, 42.322973999999995], [-71.640569, 42.32406199999999], [-71.641234, 42.324214000000005], [-71.641209, 42.323502000000005], [-71.641448, 42.323078], [-71.64351, 42.32205399999999], [-71.643875, 42.321275], [-71.644588, 42.320937], [-71.650801, 42.323691999999994], [-71.650589, 42.326397], [-71.649903, 42.32621499999998], [-71.649071, 42.32666199999999], [-71.64837, 42.326817000000005], [-71.649511, 42.32881299999999], [-71.650093, 42.330259999999996], [-71.652365, 42.332728], [-71.653195, 42.33392800000001], [-71.653929, 42.33452500000001], [-71.656535, 42.33598700000001], [-71.658525, 42.33606799999998], [-71.660396, 42.336478], [-71.665736, 42.333909], [-71.667731, 42.33325200000001], [-71.66964800000001, 42.33282599999999], [-71.672887, 42.33249], [-71.68042, 42.332656], [-71.685951, 42.332100999999994], [-71.687879, 42.32550200000001], [-71.689537, 42.325973000000005], [-71.691139, 42.326904999999975], [-71.690965, 42.328959], [-71.697589, 42.327552], [-71.697643, 42.329179], [-71.695477, 42.330268000000004], [-71.698673, 42.33240599999999], [-71.730213, 42.32113799999999], [-71.731824, 42.317927000000005], [-71.741745, 42.315726], [-71.741419, 42.31731799999999], [-71.756514, 42.31213500000001], [-71.764456, 42.312863], [-71.763738, 42.344194999999985], [-71.759706, 42.370742], [-71.753805, 42.383131], [-71.741919, 42.38685000000001], [-71.741916, 42.392773000000005], [-71.763304, 42.40036700000002], [-71.777735, 42.400408999999996], [-71.786552, 42.398979000000004], [-71.817778, 42.403955999999994], [-71.831745, 42.431826], [-71.814231, 42.443999], [-71.814665, 42.444401000000006], [-71.81456, 42.44455700000002], [-71.81324, 42.44520199999999], [-71.813147, 42.445563], [-71.81387, 42.44581799999999], [-71.81532, 42.445807000000016], [-71.815892, 42.446077000000024], [-71.817658, 42.44646399999999], [-71.81841, 42.44701899999999], [-71.818482, 42.44746700000001], [-71.818801, 42.447925000000005], [-71.819111, 42.448042], [-71.819418, 42.448648000000006], [-71.819418, 42.448804], [-71.819011, 42.449014], [-71.818951, 42.44958799999999], [-71.819103, 42.449877], [-71.819489, 42.450196000000005], [-71.821025, 42.45049900000001], [-71.820893, 42.450931999999995], [-71.820256, 42.451585999999985], [-71.820082, 42.45200900000002], [-71.820737, 42.45334199999999], [-71.822012, 42.454497999999994], [-71.822007, 42.45490499999999], [-71.821569, 42.45520599999999], [-71.821638, 42.45565800000001], [-71.823224, 42.457223000000006], [-71.823492, 42.45768399999999], [-71.823564, 42.4582], [-71.823972, 42.458956000000015], [-71.823681, 42.460097000000005], [-71.82400300000002, 42.461408], [-71.823905, 42.461607000000015], [-71.824061, 42.46181999999999], [-71.825366, 42.46234299999999], [-71.825329, 42.462911000000005], [-71.825568, 42.46314499999998], [-71.827267, 42.463640999999996], [-71.827081, 42.464335], [-71.827317, 42.465169], [-71.827348, 42.46554399999998], [-71.827208, 42.465732], [-71.827408, 42.466373000000004], [-71.827869, 42.46692899999999], [-71.82783, 42.467653999999996], [-71.827614, 42.468046], [-71.828226, 42.469258999999994], [-71.828195, 42.47011899999999], [-71.827743, 42.471314], [-71.827799, 42.472061], [-71.835604, 42.48359599999998]]]}}, {"type": "Feature", "properties": {"district_name": "10th Essex District", "chamber": "house", "vintage": "2022-present", "lean_dem_share": 0.6804, "competitiveness": "Safe", "competitiveness_label": "Safe D", "party_favored": "Democratic", "url": "/district/house-10th-essex-district-2022-present/"}, "geometry": {"type": "Polygon", "coordinates": [[[-70.987471, 42.488042000000014], [-70.987074, 42.48847800000001], [-70.985905, 42.48917300000001], [-70.985541, 42.49051400000002], [-70.984281, 42.49222800000002], [-70.98305, 42.492435], [-70.980316, 42.49250299999998], [-70.979643, 42.492791999999994], [-70.978438, 42.49287300000001], [-70.977997, 42.49311999999998], [-70.976709, 42.492796], [-70.974674, 42.491658], [-70.975064, 42.49118], [-70.974594, 42.48989499999999], [-70.974354, 42.489852], [-70.971734, 42.491240000000005], [-70.965753, 42.48826999999999], [-70.964147, 42.487272999999995], [-70.962701, 42.48684599999999], [-70.962132, 42.487615999999996], [-70.961675, 42.487255], [-70.960601, 42.486954000000004], [-70.960609, 42.487336000000006], [-70.96115, 42.48775500000001], [-70.961544, 42.488653000000006], [-70.962563, 42.48901599999999], [-70.961847, 42.49031], [-70.962051, 42.490429000000006], [-70.961745, 42.49087999999999], [-70.962139, 42.491009], [-70.963427, 42.490677999999996], [-70.965076, 42.490881999999985], [-70.963417, 42.49446399999999], [-70.963215, 42.494500999999985], [-70.963281, 42.49475699999999], [-70.962793, 42.495811999999994], [-70.960315, 42.497459], [-70.960079, 42.497261], [-70.959531, 42.497834], [-70.95714, 42.496528000000005], [-70.934111, 42.49083400000001], [-70.922974, 42.468751000000005], [-70.924153, 42.46792399999999], [-70.924928, 42.467155000000005], [-70.926088, 42.466821], [-70.926238, 42.467314], [-70.927383, 42.46916300000001], [-70.930493, 42.467495], [-70.932139, 42.469209000000006], [-70.934472, 42.468199], [-70.935037, 42.468696], [-70.93658, 42.46842899999999], [-70.936926, 42.469041999999995], [-70.939004, 42.46800099999999], [-70.937838, 42.46661099999999], [-70.939825, 42.465680000000006], [-70.94028, 42.46602699999998], [-70.94092600000002, 42.46555000000001], [-70.94114900000001, 42.465531], [-70.941399, 42.46584200000001], [-70.942173, 42.46498399999999], [-70.943127, 42.465404000000014], [-70.9452, 42.465620000000015], [-70.946268, 42.46415100000002], [-70.948505, 42.464410999999984], [-70.950437, 42.464382], [-70.95256, 42.46428000000001], [-70.955332, 42.46379699999999], [-70.957516, 42.463654], [-70.957886, 42.465576], [-70.957335, 42.466047000000025], [-70.9586, 42.467014999999996], [-70.957515, 42.46785400000002], [-70.958376, 42.46854999999999], [-70.956888, 42.469778000000005], [-70.955242, 42.46877400000001], [-70.95434, 42.47032300000002], [-70.955203, 42.47117000000001], [-70.952319, 42.473653000000006], [-70.952301, 42.474754999999995], [-70.952086, 42.475413], [-70.957164, 42.47710999999999], [-70.956364, 42.478468], [-70.957101, 42.478247], [-70.956157, 42.479637999999994], [-70.956963, 42.480245000000004], [-70.957164, 42.480046999999985], [-70.961388, 42.482173], [-70.962014, 42.482795], [-70.963308, 42.48225699999999], [-70.963602, 42.48265600000001], [-70.96403, 42.482779999999984], [-70.965103, 42.481498], [-70.967328, 42.480253], [-70.969334, 42.482407], [-70.969548, 42.48283], [-70.969165, 42.48351999999999], [-70.969383, 42.483739000000014], [-70.970453, 42.48399800000001], [-70.971938, 42.483996000000005], [-70.973642, 42.483594], [-70.974823, 42.483036000000006], [-70.975184, 42.482796], [-70.975319, 42.48235199999999], [-70.97621, 42.481173000000005], [-70.977503, 42.48002100000001], [-70.978794, 42.479434999999995], [-70.97971, 42.47936500000001], [-70.980479, 42.480186], [-70.980987, 42.48111900000001], [-70.981236, 42.48265200000001], [-70.982176, 42.482244], [-70.982188, 42.482089], [-70.982544, 42.481924], [-70.981849, 42.483379999999975], [-70.981799, 42.483823], [-70.981928, 42.483956000000006], [-70.982959, 42.483992], [-70.983488, 42.483509999999995], [-70.986101, 42.483503999999996], [-70.985837, 42.484542999999995], [-70.986601, 42.48529799999999], [-70.986981, 42.486051], [-70.987007, 42.48675599999999], [-70.987456, 42.48741499999999], [-70.987471, 42.488042000000014]]]}}, {"type": "Feature", "properties": {"district_name": "13th Worcester District", "chamber": "house", "vintage": "2022-present", "lean_dem_share": 0.6913, "competitiveness": "Safe", "competitiveness_label": "Safe D", "party_favored": "Democratic", "url": "/district/house-13th-worcester-district-2022-present/"}, "geometry": {"type": "Polygon", "coordinates": [[[-71.884043, 42.281253], [-71.811841, 42.32536100000001], [-71.811038, 42.323967], [-71.810823, 42.323121], [-71.810846, 42.322355000000016], [-71.810445, 42.321604], [-71.80975200000002, 42.321356000000016], [-71.809228, 42.320824], [-71.807341, 42.317920999999984], [-71.8054, 42.31732800000001], [-71.807399, 42.31470399999999], [-71.805831, 42.314299], [-71.806571, 42.311915000000006], [-71.807231, 42.30701499999999], [-71.805983, 42.30691400000001], [-71.800857, 42.30511799999999], [-71.801247, 42.30359799999999], [-71.80134, 42.30216599999999], [-71.800915, 42.30001600000002], [-71.802502, 42.298564], [-71.802845, 42.297840000000015], [-71.803134, 42.29654500000002], [-71.804779, 42.29907499999999], [-71.805127, 42.298939999999995], [-71.807243, 42.29906699999999], [-71.807126, 42.300428999999994], [-71.806787, 42.300814999999986], [-71.806834, 42.301179], [-71.806626, 42.301602999999986], [-71.80775, 42.30361], [-71.809112, 42.302554999999984], [-71.809597, 42.302552], [-71.810868, 42.302984999999985], [-71.81133, 42.30296899999998], [-71.811661, 42.30272199999999], [-71.812292, 42.30315700000001], [-71.812646, 42.302599], [-71.813663, 42.30237600000002], [-71.814255, 42.30264900000001], [-71.815287, 42.30367799999998], [-71.816226, 42.304190000000006], [-71.816686, 42.30470700000001], [-71.818032, 42.30479100000001], [-71.817776, 42.302096000000006], [-71.817884, 42.299881000000006], [-71.819058, 42.30019599999999], [-71.820961, 42.300375], [-71.820642, 42.29895599999999], [-71.818671, 42.296272], [-71.819704, 42.296376], [-71.820263, 42.293065000000006], [-71.818063, 42.292744000000006], [-71.818194, 42.292260000000006], [-71.817682, 42.29219399999999], [-71.817817, 42.291286], [-71.816932, 42.291133], [-71.81607, 42.29118799999999], [-71.812841, 42.28987899999999], [-71.812966, 42.289243], [-71.811968, 42.28901900000001], [-71.812291, 42.28705300000001], [-71.807228, 42.286542], [-71.80728100000002, 42.286756000000004], [-71.807022, 42.286515000000016], [-71.806557, 42.286525], [-71.808464, 42.283486], [-71.80856, 42.28164300000001], [-71.80598900000001, 42.281862999999994], [-71.806233, 42.28226600000001], [-71.804233, 42.28264800000001], [-71.804291, 42.28295400000001], [-71.803268, 42.283353], [-71.799681, 42.284150000000004], [-71.799653, 42.285481999999995], [-71.800536, 42.28717800000001], [-71.799587, 42.28749799999999], [-71.798132, 42.287655000000015], [-71.79758700000001, 42.28797300000001], [-71.797434, 42.28756699999998], [-71.797843, 42.286454], [-71.797976, 42.284940999999996], [-71.797829, 42.279016], [-71.79767100000001, 42.27786900000001], [-71.797207, 42.27649099999999], [-71.79424800000001, 42.27067], [-71.793474, 42.268764], [-71.795039, 42.269163000000006], [-71.795489, 42.269088], [-71.79627700000002, 42.26865500000001], [-71.798439, 42.26873799999999], [-71.798673, 42.270027999999996], [-71.798628, 42.271413000000024], [-71.802258, 42.271443], [-71.806729, 42.27108299999999], [-71.806885, 42.26779400000001], [-71.80868, 42.267981000000006], [-71.809317, 42.26398600000001], [-71.812204, 42.26403799999999], [-71.814574, 42.263732], [-71.81527, 42.266093999999995], [-71.814618, 42.270444], [-71.816409, 42.27031600000002], [-71.816994, 42.26956], [-71.817673, 42.267466000000006], [-71.820675, 42.26149300000001], [-71.818441, 42.26089199999999], [-71.820765, 42.256441999999986], [-71.825792, 42.25768000000001], [-71.827475, 42.25859], [-71.829803, 42.258755], [-71.830989, 42.259232999999995], [-71.830117, 42.26301600000001], [-71.832759, 42.263522], [-71.836545, 42.265648000000006], [-71.838222, 42.26446099999999], [-71.837567, 42.26396700000001], [-71.837646, 42.26384500000001], [-71.839614, 42.263095], [-71.839015, 42.26218399999999], [-71.844487, 42.260287999999996], [-71.845161, 42.260186000000004], [-71.845745, 42.26036500000001], [-71.8482, 42.26222000000001], [-71.848267, 42.261321], [-71.84783500000002, 42.260675], [-71.847766, 42.260019000000014], [-71.847301, 42.259459999999976], [-71.847185, 42.25882200000001], [-71.845867, 42.25868700000001], [-71.846608, 42.258194], [-71.848507, 42.25775399999998], [-71.850537, 42.261948000000004], [-71.851654, 42.26333299999998], [-71.853965, 42.266796], [-71.854395, 42.268724000000006], [-71.854869, 42.27004300000001], [-71.854708, 42.271538999999976], [-71.854889, 42.273078], [-71.854708, 42.27381600000001], [-71.856744, 42.273353000000014], [-71.858162, 42.27255199999999], [-71.860074, 42.27188900000001], [-71.861023, 42.27118099999999], [-71.861392, 42.27063900000002], [-71.861608, 42.269826999999985], [-71.861234, 42.268347], [-71.861253, 42.267503], [-71.86235, 42.265968], [-71.876726, 42.266692000000006], [-71.884043, 42.281253]]]}}, {"type": "Feature", "properties": {"district_name": "11th Essex District", "chamber": "house", "vintage": "2022-present", "lean_dem_share": 0.6749, "competitiveness": "Safe", "competitiveness_label": "Safe D", "party_favored": "Democratic", "url": "/district/house-11th-essex-district-2022-present/"}, "geometry": {"type": "Polygon", "coordinates": [[[-71.001621, 42.492786999999986], [-71.001071, 42.492611999999994], [-70.999875, 42.492623999999985], [-70.999495, 42.49299], [-70.998332, 42.493263], [-70.996238, 42.49324099999999], [-70.995459, 42.49344399999999], [-70.994586, 42.49333700000001], [-70.993242, 42.49357699999999], [-70.989433, 42.49373300000001], [-70.983014, 42.49343], [-70.981384, 42.49326000000001], [-70.98041, 42.492988999999994], [-70.979391, 42.49310100000001], [-70.97939, 42.493267], [-70.977997, 42.49311999999998], [-70.978438, 42.49287300000001], [-70.979643, 42.492791999999994], [-70.980316, 42.49250299999998], [-70.98305, 42.492435], [-70.984281, 42.49222800000002], [-70.985541, 42.49051400000002], [-70.985905, 42.48917300000001], [-70.987074, 42.48847800000001], [-70.987471, 42.488042000000014], [-70.987456, 42.48741499999999], [-70.987007, 42.48675599999999], [-70.986981, 42.486051], [-70.986601, 42.48529799999999], [-70.985837, 42.484542999999995], [-70.986101, 42.483503999999996], [-70.983488, 42.483509999999995], [-70.982959, 42.483992], [-70.981928, 42.483956000000006], [-70.981799, 42.483823], [-70.981849, 42.483379999999975], [-70.982544, 42.481924], [-70.982188, 42.482089], [-70.982176, 42.482244], [-70.981236, 42.48265200000001], [-70.980987, 42.48111900000001], [-70.980479, 42.480186], [-70.97971, 42.47936500000001], [-70.978794, 42.479434999999995], [-70.977503, 42.48002100000001], [-70.97621, 42.481173000000005], [-70.975319, 42.48235199999999], [-70.975184, 42.482796], [-70.974823, 42.483036000000006], [-70.973642, 42.483594], [-70.971938, 42.483996000000005], [-70.970453, 42.48399800000001], [-70.969383, 42.483739000000014], [-70.969165, 42.48351999999999], [-70.969548, 42.48283], [-70.969334, 42.482407], [-70.967328, 42.480253], [-70.965103, 42.481498], [-70.96403, 42.482779999999984], [-70.963602, 42.48265600000001], [-70.963308, 42.48225699999999], [-70.962014, 42.482795], [-70.961388, 42.482173], [-70.957164, 42.480046999999985], [-70.956963, 42.480245000000004], [-70.956157, 42.479637999999994], [-70.957101, 42.478247], [-70.956364, 42.478468], [-70.957164, 42.47710999999999], [-70.952086, 42.475413], [-70.952301, 42.474754999999995], [-70.952319, 42.473653000000006], [-70.955203, 42.47117000000001], [-70.95434, 42.47032300000002], [-70.955242, 42.46877400000001], [-70.956888, 42.469778000000005], [-70.958376, 42.46854999999999], [-70.957515, 42.46785400000002], [-70.9586, 42.467014999999996], [-70.957335, 42.466047000000025], [-70.957886, 42.465576], [-70.957516, 42.463654], [-70.955332, 42.46379699999999], [-70.95256, 42.46428000000001], [-70.950437, 42.464382], [-70.948505, 42.464410999999984], [-70.946268, 42.46415100000002], [-70.9452, 42.465620000000015], [-70.943127, 42.465404000000014], [-70.942173, 42.46498399999999], [-70.941399, 42.46584200000001], [-70.94114900000001, 42.465531], [-70.94092600000002, 42.46555000000001], [-70.94028, 42.46602699999998], [-70.939825, 42.465680000000006], [-70.937838, 42.46661099999999], [-70.939004, 42.46800099999999], [-70.936926, 42.469041999999995], [-70.93658, 42.46842899999999], [-70.935037, 42.468696], [-70.933912, 42.46764800000002], [-70.934276, 42.466740999999985], [-70.934776, 42.466384], [-70.934969, 42.465680000000006], [-70.934594, 42.464284999999975], [-70.932523, 42.46203300000001], [-70.936536, 42.46070699999999], [-70.937279, 42.461574], [-70.939558, 42.461121], [-70.93975, 42.461808000000005], [-70.942356, 42.46138], [-70.941366, 42.46005499999999], [-70.939145, 42.45949], [-70.939387, 42.458241999999984], [-70.937682, 42.457581000000005], [-70.937475, 42.457423], [-70.937394, 42.457061], [-70.933954, 42.45622800000002], [-70.933996, 42.45611999999999], [-70.905993, 42.43829699999999], [-70.896544, 42.433972], [-70.888486, 42.422849], [-70.88062400000001, 42.41766199999999], [-70.867911, 42.41037500000002], [-70.859212, 42.404324], [-70.854528, 42.39950700000001], [-70.851436, 42.393209000000006], [-70.901292, 42.384098000000016], [-70.924593, 42.386798], [-70.959494, 42.407498000000004], [-70.962093, 42.412397000000006], [-70.959093, 42.41859699999998], [-70.952993, 42.42939599999999], [-70.951393, 42.436996], [-70.950793, 42.44429599999999], [-70.966293, 42.44349700000001], [-70.968594, 42.444396], [-70.972289, 42.44681699999999], [-70.979083, 42.450863000000005], [-70.981404, 42.45126899999998], [-70.983828, 42.452375999999994], [-70.983768, 42.453187], [-70.983353, 42.45380800000001], [-70.979694, 42.455305], [-70.97942, 42.45582100000001], [-70.979494, 42.456196], [-70.982068, 42.45773199999998], [-70.983108, 42.45861000000001], [-70.98416, 42.45861199999999], [-70.984853, 42.458355000000005], [-70.985969, 42.45722500000001], [-70.986094, 42.456796000000004], [-70.985995, 42.45548699999999], [-70.986161, 42.45498700000002], [-70.986694, 42.454596], [-70.987494, 42.45499600000001], [-70.987402, 42.457162999999994], [-70.98568, 42.45921699999999], [-70.985609, 42.459699], [-70.986364, 42.459765999999995], [-70.98736, 42.45894599999999], [-70.988075, 42.45871999999999], [-70.988787, 42.45958199999998], [-70.989139, 42.459689], [-71.001621, 42.492786999999986]]]}}, {"type": "Feature", "properties": {"district_name": "14th Worcester District", "chamber": "house", "vintage": "2022-present", "lean_dem_share": 0.6582, "competitiveness": "Safe", "competitiveness_label": "Safe D", "party_favored": "Democratic", "url": "/district/house-14th-worcester-district-2022-present/"}, "geometry": {"type": "Polygon", "coordinates": [[[-71.824162, 42.404854], [-71.786552, 42.398979000000004], [-71.777735, 42.400408999999996], [-71.763304, 42.40036700000002], [-71.741916, 42.392773000000005], [-71.741919, 42.38685000000001], [-71.753805, 42.383131], [-71.759706, 42.370742], [-71.763738, 42.344194999999985], [-71.764442, 42.312911000000014], [-71.767199, 42.313226], [-71.767239, 42.31144299999999], [-71.768267, 42.31126], [-71.758541, 42.296220999999996], [-71.75474, 42.274387000000004], [-71.769701, 42.27360600000001], [-71.773983, 42.273637], [-71.783385, 42.273349999999986], [-71.783674, 42.273711000000006], [-71.783581, 42.27485400000001], [-71.787642, 42.27615299999998], [-71.78696, 42.27715799999998], [-71.785444, 42.277133000000006], [-71.785426, 42.277511], [-71.786212, 42.27749100000001], [-71.786387, 42.277877000000004], [-71.790186, 42.27797799999999], [-71.788695, 42.280729], [-71.789697, 42.280501], [-71.788751, 42.282866000000006], [-71.791945, 42.283566999999984], [-71.79204, 42.283318], [-71.79662, 42.283953000000004], [-71.797935, 42.283941], [-71.797902, 42.286137], [-71.797434, 42.28756699999998], [-71.79758700000001, 42.28797300000001], [-71.798132, 42.287655000000015], [-71.799587, 42.28749799999999], [-71.800536, 42.28717800000001], [-71.799653, 42.285481999999995], [-71.799681, 42.284150000000004], [-71.803268, 42.283353], [-71.804291, 42.28295400000001], [-71.804233, 42.28264800000001], [-71.806233, 42.28226600000001], [-71.80598900000001, 42.281862999999994], [-71.80856, 42.28164300000001], [-71.808464, 42.283486], [-71.806557, 42.286525], [-71.807022, 42.286515000000016], [-71.80728100000002, 42.286756000000004], [-71.807228, 42.286542], [-71.812291, 42.28705300000001], [-71.811968, 42.28901900000001], [-71.812966, 42.289243], [-71.812841, 42.28987899999999], [-71.81607, 42.29118799999999], [-71.816932, 42.291133], [-71.817817, 42.291286], [-71.817682, 42.29219399999999], [-71.818194, 42.292260000000006], [-71.818063, 42.292744000000006], [-71.820263, 42.293065000000006], [-71.819704, 42.296376], [-71.818671, 42.296272], [-71.820642, 42.29895599999999], [-71.820961, 42.300375], [-71.819058, 42.30019599999999], [-71.817884, 42.299881000000006], [-71.817776, 42.302096000000006], [-71.818032, 42.30479100000001], [-71.816686, 42.30470700000001], [-71.816226, 42.304190000000006], [-71.815287, 42.30367799999998], [-71.814255, 42.30264900000001], [-71.813663, 42.30237600000002], [-71.812646, 42.302599], [-71.812292, 42.30315700000001], [-71.811661, 42.30272199999999], [-71.81133, 42.30296899999998], [-71.810868, 42.302984999999985], [-71.809597, 42.302552], [-71.809112, 42.302554999999984], [-71.80775, 42.30361], [-71.806626, 42.301602999999986], [-71.806834, 42.301179], [-71.806787, 42.300814999999986], [-71.807126, 42.300428999999994], [-71.807243, 42.29906699999999], [-71.805127, 42.298939999999995], [-71.804779, 42.29907499999999], [-71.803134, 42.29654500000002], [-71.802845, 42.297840000000015], [-71.802502, 42.298564], [-71.800915, 42.30001600000002], [-71.80134, 42.30216599999999], [-71.801247, 42.30359799999999], [-71.800857, 42.30511799999999], [-71.805983, 42.30691400000001], [-71.807231, 42.30701499999999], [-71.806571, 42.311915000000006], [-71.805831, 42.314299], [-71.807399, 42.31470399999999], [-71.8054, 42.31732800000001], [-71.807341, 42.317920999999984], [-71.809228, 42.320824], [-71.80975200000002, 42.321356000000016], [-71.810445, 42.321604], [-71.810846, 42.322355000000016], [-71.810823, 42.323121], [-71.811038, 42.323967], [-71.811841, 42.32536100000001], [-71.80204200000001, 42.331345000000006], [-71.824162, 42.404854]]]}}, {"type": "Feature", "properties": {"district_name": "12th Essex District", "chamber": "house", "vintage": "2022-present", "lean_dem_share": 0.5583, "competitiveness": "Likely", "competitiveness_label": "Likely D", "party_favored": "Democratic", "url": "/district/house-12th-essex-district-2022-present/"}, "geometry": {"type": "Polygon", "coordinates": [[[-71.001819, 42.54921900000001], [-71.001049, 42.54943000000001], [-70.999845, 42.550404], [-70.999078, 42.55032400000002], [-70.999013, 42.55118000000001], [-70.998403, 42.553182], [-70.998281, 42.554479000000015], [-70.998809, 42.556195], [-70.997553, 42.558161999999996], [-70.999737, 42.558986], [-71.000879, 42.560305], [-71.00004, 42.56097100000001], [-70.999931, 42.56145499999999], [-70.99955100000001, 42.56155099999999], [-70.99932, 42.56222700000003], [-70.979833, 42.555943000000006], [-70.941722, 42.546859], [-70.941327, 42.54643200000001], [-70.941009, 42.54643399999999], [-70.940832, 42.545892], [-70.94071, 42.54603500000002], [-70.94007, 42.545939], [-70.939554, 42.54660300000001], [-70.938994, 42.54642400000001], [-70.937938, 42.547209999999986], [-70.937428, 42.54738700000001], [-70.936763, 42.547101], [-70.935752, 42.547048999999994], [-70.934875, 42.54666200000001], [-70.93204, 42.545865], [-70.930965, 42.54577300000002], [-70.928734, 42.54497700000001], [-70.928394, 42.545215000000006], [-70.928183, 42.545806], [-70.927827, 42.54579700000001], [-70.926587, 42.545345999999995], [-70.923996, 42.54386900000001], [-70.91349, 42.541471], [-70.913256, 42.532576], [-70.912826, 42.532393000000006], [-70.913145, 42.53161], [-70.912707, 42.528057], [-70.91554, 42.528822000000005], [-70.917004, 42.527090000000015], [-70.916482, 42.52685499999999], [-70.918314, 42.524973], [-70.918126, 42.52484499999999], [-70.917986, 42.524235999999995], [-70.917476, 42.524375], [-70.91710200000001, 42.524271000000006], [-70.91773, 42.52263100000001], [-70.918857, 42.522878999999996], [-70.919785, 42.520586], [-70.949945, 42.494753], [-70.95714, 42.496528000000005], [-70.987054, 42.51184400000001], [-70.99937700000001, 42.519385000000014], [-70.99695, 42.522546000000006], [-70.995165, 42.52600399999999], [-70.990617, 42.533443999999996], [-70.989233, 42.536068], [-70.99235, 42.53631399999999], [-70.99406, 42.53589899999999], [-70.994653, 42.536081], [-70.995295, 42.53675400000001], [-70.995764, 42.53756900000002], [-70.996027, 42.537725000000016], [-70.995449, 42.53840099999999], [-70.994765, 42.54033300000002], [-70.995251, 42.540411], [-70.995062, 42.541360999999995], [-70.995121, 42.542623000000006], [-70.994792, 42.543797000000005], [-70.996351, 42.544017], [-70.997793, 42.544463999999984], [-70.999306, 42.54534300000001], [-71.000562, 42.54662400000001], [-71.001819, 42.54921900000001]]]}}, {"type": "Feature", "properties": {"district_name": "15th Worcester District", "chamber": "house", "vintage": "2022-present", "lean_dem_share": 0.6913, "competitiveness": "Safe", "competitiveness_label": "Safe D", "party_favored": "Democratic", "url": "/district/house-15th-worcester-district-2022-present/"}, "geometry": {"type": "Polygon", "coordinates": [[[-71.820765, 42.256441999999986], [-71.818441, 42.26089199999999], [-71.820675, 42.26149300000001], [-71.817673, 42.267466000000006], [-71.816994, 42.26956], [-71.816409, 42.27031600000002], [-71.814618, 42.270444], [-71.81527, 42.266093999999995], [-71.814574, 42.263732], [-71.812204, 42.26403799999999], [-71.809317, 42.26398600000001], [-71.80868, 42.267981000000006], [-71.806885, 42.26779400000001], [-71.806729, 42.27108299999999], [-71.802258, 42.271443], [-71.798628, 42.271413000000024], [-71.798673, 42.270027999999996], [-71.798439, 42.26873799999999], [-71.79627700000002, 42.26865500000001], [-71.795489, 42.269088], [-71.795039, 42.269163000000006], [-71.793474, 42.268764], [-71.79424800000001, 42.27067], [-71.797207, 42.27649099999999], [-71.79758, 42.27750400000001], [-71.797829, 42.279016], [-71.797935, 42.283941], [-71.79662, 42.283953000000004], [-71.79204, 42.283318], [-71.791945, 42.283566999999984], [-71.788751, 42.282866000000006], [-71.789697, 42.280501], [-71.788695, 42.280729], [-71.790186, 42.27797799999999], [-71.786387, 42.277877000000004], [-71.786212, 42.27749100000001], [-71.785426, 42.277511], [-71.785444, 42.277133000000006], [-71.78696, 42.27715799999998], [-71.787642, 42.27615299999998], [-71.783581, 42.27485400000001], [-71.783674, 42.273711000000006], [-71.783385, 42.273349999999986], [-71.773983, 42.273637], [-71.769701, 42.27360600000001], [-71.75474, 42.274387000000004], [-71.752269, 42.260189], [-71.758869, 42.25971800000001], [-71.761686, 42.25887699999999], [-71.763474, 42.259433], [-71.764375, 42.25943500000001], [-71.765181, 42.25914099999998], [-71.767338, 42.25790000000001], [-71.772096, 42.25644199999998], [-71.785057, 42.25586700000001], [-71.785063, 42.25543600000001], [-71.784566, 42.25507999999999], [-71.784658, 42.25487800000001], [-71.784237, 42.25214999999999], [-71.789142, 42.251863000000014], [-71.789061, 42.251207], [-71.789983, 42.251161], [-71.790743, 42.25090800000001], [-71.792579, 42.250862], [-71.792451, 42.24866600000001], [-71.794709, 42.250055], [-71.795537, 42.251654], [-71.796856, 42.253494], [-71.797242, 42.253539], [-71.799093, 42.249279], [-71.801252, 42.24976499999999], [-71.800463, 42.251398], [-71.80532, 42.25136500000001], [-71.805938, 42.252651], [-71.806709, 42.25261999999999], [-71.807628, 42.252855], [-71.808866, 42.251003], [-71.810966, 42.25185900000002], [-71.814699, 42.25439200000001], [-71.806548, 42.25863799999999], [-71.805165, 42.259619], [-71.805693, 42.259944999999995], [-71.807001, 42.259481000000015], [-71.807969, 42.25889300000001], [-71.809171, 42.260118000000006], [-71.812132, 42.259635], [-71.811963, 42.25834300000001], [-71.813343, 42.258267], [-71.814739, 42.25793699999999], [-71.816164, 42.256942], [-71.817142, 42.257264], [-71.818262, 42.255827999999994], [-71.820765, 42.256441999999986]]]}}, {"type": "Feature", "properties": {"district_name": "13th Essex District", "chamber": "house", "vintage": "2022-present", "lean_dem_share": 0.5663, "competitiveness": "Likely", "competitiveness_label": "Likely D", "party_favored": "Democratic", "url": "/district/house-13th-essex-district-2022-present/"}, "geometry": {"type": "Polygon", "coordinates": [[[-71.034847, 42.56550000000002], [-71.02981, 42.565157], [-71.029317, 42.56997899999999], [-71.027246, 42.56959599999999], [-71.024445, 42.569356000000006], [-71.02397, 42.569534000000004], [-71.023443, 42.570391], [-71.021201, 42.56988999999999], [-71.020929, 42.568692999999996], [-71.020266, 42.56856199999999], [-71.020004, 42.568343], [-71.018656, 42.568025], [-71.015131, 42.567893], [-71.014317, 42.56715], [-71.012599, 42.566104], [-71.011463, 42.56572900000002], [-71.009777, 42.564852], [-71.009127, 42.564724000000005], [-71.008714, 42.564122999999995], [-71.008194, 42.5641], [-71.007487, 42.56463099999999], [-71.006354, 42.56497900000001], [-71.004022, 42.565195], [-71.003438, 42.56507400000002], [-71.003261, 42.56497499999999], [-71.00328, 42.564265999999996], [-71.002921, 42.563322], [-71.002297, 42.564018999999995], [-71.002003, 42.565047], [-71.002032, 42.56557600000001], [-71.001284, 42.56554400000001], [-71.000635, 42.56624099999999], [-71.000123, 42.566229000000014], [-70.999432, 42.566776], [-70.9987, 42.567041], [-70.997915, 42.567045], [-70.997056, 42.56771600000002], [-70.997069, 42.56788000000002], [-70.997936, 42.56835199999999], [-70.997374, 42.56838299999999], [-70.997044, 42.568666], [-70.997351, 42.568886], [-70.997195, 42.569105999999984], [-70.996666, 42.568806999999985], [-70.996404, 42.56893100000001], [-70.996392, 42.56919900000001], [-70.996877, 42.569573000000005], [-70.996512, 42.569769], [-70.996472, 42.570007000000025], [-70.996004, 42.569898], [-70.995843, 42.57016500000001], [-70.997017, 42.570217], [-70.996687, 42.57098300000001], [-70.996767, 42.57128], [-70.996228, 42.571535000000004], [-70.996469, 42.571082000000004], [-70.996363, 42.57093900000002], [-70.99588, 42.571001], [-70.995518, 42.57158199999998], [-70.995158, 42.57127800000001], [-70.995073, 42.57154400000002], [-70.995923, 42.57221299999999], [-70.994408, 42.57244500000001], [-70.995089, 42.573702999999995], [-70.993881, 42.57369], [-70.993447, 42.573939], [-71.001551, 42.580318000000005], [-71.000001, 42.581313999999985], [-70.998325, 42.581858999999994], [-70.997567, 42.582328999999994], [-70.998025, 42.583349000000005], [-70.997545, 42.58460699999999], [-70.998776, 42.587396000000005], [-70.999288, 42.587885000000014], [-71.000103, 42.58819], [-71.000863, 42.58873000000001], [-71.001073, 42.58945], [-71.000648, 42.589772999999994], [-71.000206, 42.590415], [-70.999826, 42.591156000000026], [-70.999497, 42.592418], [-70.999095, 42.593091], [-70.998261, 42.59362399999999], [-70.997395, 42.594944999999996], [-70.996639, 42.595737], [-71.001037, 42.596462], [-71.002, 42.597909], [-71.003219, 42.599105], [-71.003297, 42.600121], [-71.002835, 42.60093200000001], [-71.002764, 42.601549999999996], [-71.002913, 42.60311599999999], [-71.002743, 42.604169999999996], [-71.002874, 42.60452800000003], [-71.000314, 42.60602299999999], [-71.000047, 42.60655], [-71.00022, 42.60830700000001], [-71.001304, 42.609109000000004], [-71.001007, 42.61086000000002], [-71.001206, 42.61203399999999], [-71.001621, 42.613173999999994], [-71.002475, 42.613949999999996], [-71.002862, 42.61509600000001], [-71.004348, 42.616889000000015], [-71.003388, 42.617292], [-71.003208, 42.616811], [-71.002559, 42.616066000000004], [-71.001778, 42.615584], [-71.001724, 42.61535099999998], [-71.00088800000002, 42.61497], [-70.99968000000001, 42.61600399999999], [-70.999273, 42.61701800000002], [-70.996942, 42.616432], [-70.996288, 42.61685100000001], [-70.99458, 42.619056], [-70.992119, 42.62008900000001], [-70.989998, 42.620062999999995], [-70.989038, 42.619817999999995], [-70.989022, 42.619548000000016], [-70.988238, 42.619477], [-70.988193, 42.62018499999999], [-70.987826, 42.620792999999985], [-70.985938, 42.62204100000001], [-70.985241, 42.621702], [-70.984904, 42.621859], [-70.983579, 42.621931999999994], [-70.983181, 42.621562000000004], [-70.982942, 42.621678], [-70.981387, 42.62148999999999], [-70.981055, 42.621610999999994], [-70.981011, 42.621443], [-70.980483, 42.621352000000016], [-70.979989, 42.621701], [-70.977785, 42.621374999999986], [-70.977351, 42.62149800000001], [-70.977266, 42.62125700000001], [-70.977411, 42.620971], [-70.977228, 42.620714], [-70.976896, 42.620701], [-70.97606700000001, 42.62110199999999], [-70.976304, 42.621604000000005], [-70.976228, 42.621998999999995], [-70.976565, 42.62214000000001], [-70.976684, 42.622367], [-70.975962, 42.622732000000006], [-70.97661, 42.622916], [-70.97668, 42.62322600000001], [-70.976432, 42.623281], [-70.976401, 42.623461], [-70.975413, 42.623818000000014], [-70.974971, 42.623776], [-70.974513, 42.623442], [-70.97403000000001, 42.623504999999994], [-70.973365, 42.623876], [-70.973099, 42.62426700000001], [-70.972666, 42.624200999999985], [-70.972449, 42.624003000000016], [-70.971673, 42.62402699999999], [-70.971558, 42.624188000000004], [-70.971946, 42.624444999999994], [-70.971964, 42.624964999999996], [-70.971187, 42.62500999999999], [-70.970348, 42.625389999999996], [-70.96959, 42.62502400000001], [-70.969138, 42.62509399999999], [-70.968798, 42.625646999999994], [-70.968871, 42.626065], [-70.968218, 42.626251999999994], [-70.968113, 42.62688000000001], [-70.96958, 42.62750499999999], [-70.970059, 42.627508999999996], [-70.970951, 42.62831700000001], [-70.971715, 42.62852800000001], [-70.971782, 42.628837000000004], [-70.973157, 42.62937599999999], [-70.973555, 42.629887], [-70.973541, 42.63035099999998], [-70.974081, 42.63089499999998], [-70.973848, 42.63118699999999], [-70.973418, 42.631243], [-70.973351, 42.63178800000001], [-70.974076, 42.632729999999995], [-70.974431, 42.63288299999999], [-70.974324, 42.633110000000016], [-70.974574, 42.633554000000004], [-70.974492, 42.633922], [-70.974774, 42.634033999999986], [-70.975193, 42.63372], [-70.975262, 42.633880000000005], [-70.97511, 42.634088000000006], [-70.975251, 42.634373000000004], [-70.974841, 42.63443300000001], [-70.974798, 42.63480800000002], [-70.974963, 42.635167], [-70.974436, 42.636129999999994], [-70.97401, 42.63623700000001], [-70.97375, 42.63651000000001], [-70.973337, 42.636562000000005], [-70.97333600000002, 42.636752], [-70.973671, 42.637164], [-70.973665, 42.637876], [-70.973874, 42.638305], [-70.974192, 42.63835099999999], [-70.97498, 42.639275999999995], [-70.975315, 42.63927800000001], [-70.975447, 42.639946], [-70.976146, 42.640174], [-70.97637, 42.640714000000024], [-70.97552, 42.64218799999999], [-70.960359, 42.64907800000002], [-70.968982, 42.67319599999999], [-70.967136, 42.672522], [-70.966708, 42.67191600000002], [-70.96583900000002, 42.671271000000004], [-70.956674, 42.666833000000004], [-70.955468, 42.66594800000001], [-70.952297, 42.660028], [-70.952261, 42.65946199999999], [-70.952811, 42.65721500000001], [-70.952999, 42.65476999999999], [-70.952486, 42.653240000000004], [-70.951219, 42.65106300000001], [-70.949745, 42.64771300000001], [-70.949871, 42.646958000000005], [-70.950711, 42.645981], [-70.950982, 42.645168], [-70.950918, 42.64366999999999], [-70.950461, 42.64181799999998], [-70.947005, 42.639807000000005], [-70.942128, 42.63609900000001], [-70.949201, 42.622624000000016], [-70.95838500000002, 42.60317800000001], [-70.954722, 42.605322], [-70.943861, 42.60957400000001], [-70.932422, 42.613238], [-70.93165, 42.612496999999976], [-70.931109, 42.61242500000001], [-70.927466, 42.61701600000001], [-70.926592, 42.62056299999999], [-70.925714, 42.622925000000016], [-70.924286, 42.623782], [-70.923489, 42.623383], [-70.922768, 42.62323000000001], [-70.921446, 42.62375800000001], [-70.920836, 42.623755000000024], [-70.92046, 42.62333300000001], [-70.91996000000002, 42.62313500000001], [-70.919715, 42.623199000000014], [-70.919378, 42.62378799999998], [-70.918802, 42.62382], [-70.918581, 42.623503000000014], [-70.918989, 42.62333999999999], [-70.919148, 42.622959], [-70.918608, 42.62260899999999], [-70.880328, 42.611350999999985], [-70.881305, 42.61064], [-70.884308, 42.61045199999998], [-70.883394, 42.606009], [-70.885896, 42.605273000000004], [-70.88751, 42.604344], [-70.888509, 42.603154], [-70.888973, 42.60222299999999], [-70.889069, 42.60134], [-70.888771, 42.60024500000001], [-70.888037, 42.598113000000005], [-70.887188, 42.596509], [-70.886889, 42.595583], [-70.886592, 42.595185000000015], [-70.885327, 42.59434499999998], [-70.884953, 42.59355600000001], [-70.884967, 42.59282900000001], [-70.885733, 42.59193799999999], [-70.885954, 42.590906], [-70.901128, 42.590973000000005], [-70.922342, 42.591513], [-70.908381, 42.57304900000001], [-70.908589, 42.557584999999996], [-70.91151100000002, 42.549611], [-70.911671, 42.54963799999999], [-70.912394, 42.54669499999999], [-70.908399, 42.545558], [-70.909584, 42.544473999999994], [-70.909929, 42.54359799999999], [-70.909835, 42.543108000000004], [-70.90954, 42.54294800000001], [-70.909589, 42.54254699999999], [-70.907922, 42.54033499999999], [-70.909306, 42.540464], [-70.90934300000002, 42.54074800000001], [-70.909755, 42.54092400000001], [-70.910809, 42.540949999999995], [-70.91349, 42.541471], [-70.923104, 42.54361199999999], [-70.923996, 42.54386900000001], [-70.926587, 42.545345999999995], [-70.927827, 42.54579700000001], [-70.928183, 42.545806], [-70.928394, 42.545215000000006], [-70.928734, 42.54497700000001], [-70.930965, 42.54577300000002], [-70.93204, 42.545865], [-70.934875, 42.54666200000001], [-70.935752, 42.547048999999994], [-70.936763, 42.547101], [-70.937428, 42.54738700000001], [-70.937938, 42.547209999999986], [-70.938994, 42.54642400000001], [-70.939554, 42.54660300000001], [-70.94007, 42.545939], [-70.94071, 42.54603500000002], [-70.940832, 42.545892], [-70.941009, 42.54643399999999], [-70.941327, 42.54643200000001], [-70.941722, 42.546859], [-70.979833, 42.555943000000006], [-70.99932, 42.56222700000003], [-70.99955100000001, 42.56155099999999], [-70.999931, 42.56145499999999], [-71.00004, 42.56097100000001], [-71.000879, 42.560305], [-70.999737, 42.558986], [-70.997553, 42.558161999999996], [-70.998809, 42.556195], [-70.998281, 42.554479000000015], [-70.998403, 42.553182], [-70.999013, 42.55118000000001], [-70.999078, 42.55032400000002], [-70.999845, 42.550404], [-71.001049, 42.54943000000001], [-71.001819, 42.54921900000001], [-71.00041700000001, 42.546398999999994], [-70.999306, 42.54534300000001], [-70.997793, 42.544463999999984], [-70.996351, 42.544017], [-70.994792, 42.543797000000005], [-70.995121, 42.542623000000006], [-70.995062, 42.541360999999995], [-70.995251, 42.540411], [-70.994765, 42.54033300000002], [-70.995449, 42.53840099999999], [-70.996027, 42.537725000000016], [-70.995764, 42.53756900000002], [-70.995487, 42.536988999999984], [-70.994653, 42.536081], [-70.99406, 42.53589899999999], [-70.99235, 42.53631399999999], [-70.989233, 42.536068], [-70.990617, 42.533443999999996], [-70.995165, 42.52600399999999], [-70.99695, 42.522546000000006], [-70.99937700000001, 42.519385000000014], [-71.005288, 42.52299200000001], [-71.031558, 42.551203], [-71.034847, 42.56550000000002]]]}}, {"type": "Feature", "properties": {"district_name": "26th Middlesex District", "chamber": "house", "vintage": "2022-present", "lean_dem_share": 0.9115, "competitiveness": "Safe", "competitiveness_label": "Safe D", "party_favored": "Democratic", "url": "/district/house-26th-middlesex-district-2022-present/"}, "geometry": {"type": "Polygon", "coordinates": [[[-71.117165, 42.356997], [-71.116597, 42.35918499999999], [-71.116704, 42.36125500000001], [-71.112329, 42.36267699999998], [-71.110928, 42.361735], [-71.110326, 42.362213999999994], [-71.108719, 42.36124100000001], [-71.102865, 42.366693999999995], [-71.10175, 42.36830199999999], [-71.10692, 42.370049], [-71.106493, 42.37067700000001], [-71.107275, 42.37094299999999], [-71.106831, 42.37161399999999], [-71.105738, 42.371190000000006], [-71.103937, 42.373417999999994], [-71.104995, 42.37387700000001], [-71.104716, 42.374233999999994], [-71.10305, 42.374018], [-71.103204, 42.374327], [-71.097463, 42.374431], [-71.094749, 42.37429199999999], [-71.095589, 42.376972], [-71.094129, 42.379074], [-71.093092, 42.378704], [-71.093295, 42.37689700000001], [-71.091489, 42.37684200000001], [-71.091862, 42.37826], [-71.089263, 42.377264], [-71.089925, 42.38006399999999], [-71.089741, 42.380109000000004], [-71.09014, 42.38142500000001], [-71.091801, 42.383815999999996], [-71.091321, 42.38387700000001], [-71.090477, 42.386520000000026], [-71.089502, 42.388232], [-71.088199, 42.389604000000006], [-71.090346, 42.39061299999999], [-71.090003, 42.391052], [-71.086509, 42.393587000000004], [-71.085748, 42.39288299999997], [-71.08532900000002, 42.39481899999999], [-71.083423, 42.40001299999999], [-71.077152, 42.39677799999999], [-71.075996, 42.39639600000001], [-71.075586, 42.39524700000001], [-71.073496, 42.391795999999985], [-71.079713, 42.38292100000003], [-71.080971, 42.38232300000001], [-71.080701, 42.381039], [-71.075657, 42.380196000000005], [-71.072689, 42.37322199999999], [-71.074001, 42.37254900000001], [-71.074353, 42.37255], [-71.074946, 42.372917999999984], [-71.075372, 42.372567], [-71.07606, 42.370713000000016], [-71.075569, 42.37036099999999], [-71.078618, 42.370862999999986], [-71.079725, 42.36612], [-71.084285, 42.36668900000003], [-71.084472, 42.365959], [-71.087914, 42.366357999999984], [-71.088562, 42.36626400000001], [-71.089053, 42.365925999999995], [-71.089432, 42.36478999999999], [-71.084389, 42.362713], [-71.084675, 42.362298999999986], [-71.090021, 42.362691000000005], [-71.090227, 42.362452], [-71.094852, 42.36016600000001], [-71.097684, 42.361816000000005], [-71.09886, 42.361184], [-71.098178, 42.36078199999997], [-71.102642, 42.35864400000001], [-71.106402, 42.355134], [-71.106725, 42.355002999999996], [-71.108195, 42.35521200000001], [-71.109577, 42.3559], [-71.110233, 42.35525100000001], [-71.110379, 42.354877999999985], [-71.110431, 42.35446099999998], [-71.110283, 42.35408000000002], [-71.110589, 42.352616], [-71.112834, 42.353002], [-71.114916, 42.35386100000001], [-71.116852, 42.35538499999999], [-71.117066, 42.355866], [-71.117165, 42.356997]]]}}, {"type": "Feature", "properties": {"district_name": "25th Middlesex District", "chamber": "house", "vintage": "2022-present", "lean_dem_share": 0.9233, "competitiveness": "Safe", "competitiveness_label": "Safe D", "party_favored": "Democratic", "url": "/district/house-25th-middlesex-district-2022-present/"}, "geometry": {"type": "Polygon", "coordinates": [[[-71.13173, 42.385185], [-71.129067, 42.38617099999998], [-71.129619, 42.38665800000002], [-71.127558, 42.387402], [-71.129006, 42.390072000000025], [-71.127685, 42.38985100000001], [-71.127643, 42.39037799999999], [-71.126849, 42.390342000000004], [-71.125751, 42.391636000000005], [-71.125266, 42.392586], [-71.124874, 42.39269600000001], [-71.125284, 42.393061999999986], [-71.124368, 42.39365299999999], [-71.122838, 42.392242], [-71.120974, 42.393706000000016], [-71.120214, 42.392641000000005], [-71.117085, 42.389580999999986], [-71.118007, 42.38910400000002], [-71.117452, 42.388386000000004], [-71.118193, 42.388009], [-71.115584, 42.385158], [-71.111656, 42.38174900000002], [-71.110699, 42.381687], [-71.107855, 42.379374], [-71.108457, 42.379112000000006], [-71.103077, 42.374205999999994], [-71.10305, 42.374018], [-71.104716, 42.374233999999994], [-71.104995, 42.37387700000001], [-71.103937, 42.373417999999994], [-71.105738, 42.371190000000006], [-71.106831, 42.37161399999999], [-71.107275, 42.37094299999999], [-71.106493, 42.37067700000001], [-71.10692, 42.370049], [-71.10175, 42.36830199999999], [-71.103146, 42.36634400000002], [-71.108719, 42.36124100000001], [-71.110326, 42.362213999999994], [-71.110928, 42.361735], [-71.112329, 42.36267699999998], [-71.116704, 42.36125500000001], [-71.116936, 42.363676999999996], [-71.116968, 42.36665099999999], [-71.11723, 42.36736700000001], [-71.117934, 42.368385], [-71.11955, 42.36883799999999], [-71.122044, 42.368703], [-71.123827, 42.369156999999994], [-71.124582, 42.369636000000014], [-71.126024, 42.37194799999999], [-71.127634, 42.37325899999999], [-71.128951, 42.37383500000001], [-71.13099700000001, 42.373892], [-71.130999, 42.37435200000002], [-71.13064500000002, 42.37437400000002], [-71.130579, 42.374705], [-71.128433, 42.374566999999985], [-71.12822, 42.37561], [-71.128977, 42.375816], [-71.128352, 42.377173], [-71.128954, 42.37754300000002], [-71.129855, 42.377804999999995], [-71.129815, 42.377988], [-71.129184, 42.37823299999999], [-71.130066, 42.379715], [-71.129781, 42.380772], [-71.128855, 42.381132999999984], [-71.129775, 42.38168499999999], [-71.129072, 42.38233800000002], [-71.130224, 42.383065], [-71.12977700000002, 42.38346099999999], [-71.131146, 42.38400099999999], [-71.130792, 42.384484], [-71.13173, 42.385185]]]}}, {"type": "Feature", "properties": {"district_name": "27th Middlesex District", "chamber": "house", "vintage": "2022-present", "lean_dem_share": 0.9009, "competitiveness": "Safe", "competitiveness_label": "Safe D", "party_favored": "Democratic", "url": "/district/house-27th-middlesex-district-2022-present/"}, "geometry": {"type": "Polygon", "coordinates": [[[-71.127291, 42.39715399999999], [-71.126012, 42.39706400000001], [-71.124159, 42.398518], [-71.124567, 42.39903400000001], [-71.122225, 42.401458000000005], [-71.12175, 42.40132899999998], [-71.12068100000002, 42.402855], [-71.121716, 42.403636999999996], [-71.123482, 42.40446], [-71.12242, 42.406029], [-71.120808, 42.40540299999999], [-71.12144, 42.404567000000014], [-71.119367, 42.40374600000001], [-71.118342, 42.404225], [-71.117199, 42.404015], [-71.116909, 42.401303], [-71.116393, 42.401217], [-71.114916, 42.40216699999999], [-71.113868, 42.400985000000006], [-71.112374, 42.400226], [-71.100489, 42.396253999999985], [-71.099608, 42.39712099999998], [-71.098255, 42.395887], [-71.097596, 42.39484300000002], [-71.097649, 42.39472799999999], [-71.098647, 42.395272000000006], [-71.099884, 42.39347599999999], [-71.099087, 42.393123], [-71.100823, 42.390826], [-71.100021, 42.390490999999976], [-71.100302, 42.390099], [-71.097398, 42.38876700000001], [-71.097146, 42.38912100000001], [-71.096284, 42.388304], [-71.093175, 42.38736099999998], [-71.092782, 42.38818700000001], [-71.090778, 42.390838], [-71.088199, 42.389604000000006], [-71.089502, 42.388232], [-71.090477, 42.386520000000026], [-71.091321, 42.38387700000001], [-71.091801, 42.383815999999996], [-71.09014, 42.38142500000001], [-71.089741, 42.380109000000004], [-71.089925, 42.38006399999999], [-71.089263, 42.377264], [-71.091862, 42.37826], [-71.091489, 42.37684200000001], [-71.093295, 42.37689700000001], [-71.093092, 42.378704], [-71.094129, 42.379074], [-71.095589, 42.376972], [-71.094749, 42.37429199999999], [-71.097463, 42.374431], [-71.103204, 42.374327], [-71.108457, 42.379112000000006], [-71.107855, 42.379374], [-71.110699, 42.381687], [-71.111656, 42.38174900000002], [-71.115584, 42.385158], [-71.118193, 42.388009], [-71.117452, 42.388386000000004], [-71.118007, 42.38910400000002], [-71.117085, 42.389580999999986], [-71.120214, 42.392641000000005], [-71.120974, 42.393706000000016], [-71.122838, 42.392242], [-71.124313, 42.393584000000004], [-71.127291, 42.39715399999999]]]}}, {"type": "Feature", "properties": {"district_name": "28th Middlesex District", "chamber": "house", "vintage": "2022-present", "lean_dem_share": 0.6884, "competitiveness": "Safe", "competitiveness_label": "Safe D", "party_favored": "Democratic", "url": "/district/house-28th-middlesex-district-2022-present/"}, "geometry": {"type": "Polygon", "coordinates": [[[-71.076419, 42.39777299999999], [-71.075988, 42.399706000000016], [-71.073448, 42.402665000000006], [-71.071297, 42.40692200000001], [-71.072692, 42.408237], [-71.073659, 42.40851899999999], [-71.073744, 42.40867900000001], [-71.073801, 42.409056], [-71.073624, 42.40930300000001], [-71.072161, 42.41036299999999], [-71.071873, 42.411099000000014], [-71.071907, 42.41167200000001], [-71.072111, 42.412081000000015], [-71.073196, 42.41299599999999], [-71.073296, 42.41479600000002], [-71.064507, 42.41524099999999], [-71.064559, 42.41533399999999], [-71.061584, 42.41561000000001], [-71.060441, 42.416007], [-71.05685, 42.41867100000002], [-71.054735, 42.42003799999999], [-71.054383, 42.420027], [-71.050472, 42.42288700000001], [-71.02822700000002, 42.424202], [-71.02962, 42.42129899999999], [-71.031275, 42.418433000000014], [-71.033442, 42.41338000000001], [-71.035629, 42.40964100000001], [-71.038589, 42.411739], [-71.04339100000001, 42.41107599999999], [-71.043259, 42.40935400000001], [-71.043795, 42.40827899999998], [-71.043095, 42.408233], [-71.044384, 42.405421], [-71.041159, 42.40453100000001], [-71.04144400000001, 42.403898000000005], [-71.039487, 42.40362600000001], [-71.040568, 42.401982], [-71.041435, 42.401795999999976], [-71.052758, 42.403152], [-71.057668, 42.40315300000001], [-71.059751, 42.402546], [-71.05986, 42.40213500000001], [-71.060573, 42.40122300000001], [-71.061838, 42.40030399999999], [-71.066944, 42.39475500000001], [-71.066858, 42.394979], [-71.067367, 42.395296], [-71.069037, 42.39388500000001], [-71.069322, 42.39402200000001], [-71.072696, 42.390796], [-71.074086, 42.39258800000001], [-71.075586, 42.39524700000001], [-71.076419, 42.39777299999999]]]}}, {"type": "Feature", "properties": {"district_name": "29th Middlesex District", "chamber": "house", "vintage": "2022-present", "lean_dem_share": 0.8658, "competitiveness": "Safe", "competitiveness_label": "Safe D", "party_favored": "Democratic", "url": "/district/house-29th-middlesex-district-2022-present/"}, "geometry": {"type": "Polygon", "coordinates": [[[-71.196298, 42.361802000000004], [-71.192215, 42.36542399999999], [-71.191106, 42.365103000000005], [-71.189502, 42.365384999999996], [-71.187284, 42.36496699999999], [-71.185551, 42.364838999999996], [-71.185278, 42.364995000000015], [-71.185609, 42.36527], [-71.185486, 42.365752], [-71.1852, 42.36578300000001], [-71.184826, 42.36549600000001], [-71.181256, 42.368569000000015], [-71.182558, 42.369499], [-71.184285, 42.36797700000001], [-71.187364, 42.36998500000001], [-71.186213, 42.371084999999994], [-71.187584, 42.371947000000006], [-71.187947, 42.371365000000004], [-71.189455, 42.372448], [-71.18894, 42.373093999999995], [-71.189735, 42.373694000000015], [-71.190597, 42.37265800000001], [-71.19139100000001, 42.369874000000024], [-71.19354, 42.37010899999999], [-71.195332, 42.37101100000001], [-71.193583, 42.374029], [-71.193339, 42.37545200000001], [-71.1924, 42.375213999999986], [-71.192151, 42.375656000000006], [-71.191176, 42.37656900000001], [-71.189883, 42.37920199999999], [-71.190503, 42.37986699999999], [-71.190112, 42.380402999999994], [-71.189701, 42.380648000000015], [-71.189241, 42.380727], [-71.186517, 42.380349999999986], [-71.185165, 42.38044100000001], [-71.179495, 42.38019500000001], [-71.174732, 42.37928000000001], [-71.171229, 42.37827899999999], [-71.170803, 42.378319], [-71.16954900000002, 42.37768599999999], [-71.164508, 42.37688899999999], [-71.160774, 42.376628000000004], [-71.158604, 42.376135999999995], [-71.155632, 42.375206000000006], [-71.154361, 42.37505699999999], [-71.156231, 42.38063600000001], [-71.155051, 42.38020000000001], [-71.155333, 42.380907999999984], [-71.15520600000002, 42.38116699999999], [-71.15581400000002, 42.381598999999994], [-71.157792, 42.38221100000001], [-71.157971, 42.382805], [-71.160332, 42.386444], [-71.158381, 42.386776], [-71.157758, 42.38736500000001], [-71.157054, 42.390252999999994], [-71.158387, 42.39459300000001], [-71.156362, 42.395852], [-71.153169, 42.39564300000001], [-71.150115, 42.39493300000001], [-71.146191, 42.393203], [-71.14428, 42.392638], [-71.144297, 42.394676000000004], [-71.140607, 42.394679999999994], [-71.140745, 42.39588600000001], [-71.139396, 42.39596999999998], [-71.138359, 42.39564500000001], [-71.13835, 42.3968], [-71.13713, 42.39698300000001], [-71.136932, 42.397572], [-71.13221300000001, 42.39727600000001], [-71.132153, 42.395762], [-71.130854, 42.39578500000002], [-71.129463, 42.396626999999995], [-71.128744, 42.396010000000004], [-71.128654, 42.39605699999999], [-71.128824, 42.39620399999999], [-71.12736100000001, 42.39709599999998], [-71.124368, 42.39365299999999], [-71.125284, 42.393061999999986], [-71.124874, 42.39269600000001], [-71.125266, 42.392586], [-71.125751, 42.391636000000005], [-71.126849, 42.390342000000004], [-71.127643, 42.39037799999999], [-71.127685, 42.38985100000001], [-71.129006, 42.390072000000025], [-71.127558, 42.387402], [-71.129619, 42.38665800000002], [-71.129067, 42.38617099999998], [-71.13173, 42.385185], [-71.130792, 42.384484], [-71.131146, 42.38400099999999], [-71.12977700000002, 42.38346099999999], [-71.130224, 42.383065], [-71.129072, 42.38233800000002], [-71.129775, 42.38168499999999], [-71.128855, 42.381132999999984], [-71.129781, 42.380772], [-71.130066, 42.379715], [-71.129184, 42.37823299999999], [-71.129815, 42.377988], [-71.129855, 42.377804999999995], [-71.128954, 42.37754300000002], [-71.128352, 42.377173], [-71.128977, 42.375816], [-71.12822, 42.37561], [-71.128433, 42.374566999999985], [-71.130579, 42.374705], [-71.13064500000002, 42.37437400000002], [-71.130999, 42.37435200000002], [-71.13099700000001, 42.373892], [-71.13207, 42.373595], [-71.132719, 42.373199000000014], [-71.133101, 42.37270099999999], [-71.133179, 42.372338000000006], [-71.133091, 42.371976], [-71.132182, 42.37090100000001], [-71.131788, 42.370065000000004], [-71.13179, 42.36968600000002], [-71.132117, 42.36914600000001], [-71.133803, 42.367942000000006], [-71.135719, 42.367273999999995], [-71.136658, 42.36675199999997], [-71.13856, 42.36509900000002], [-71.139464, 42.364556], [-71.140642, 42.36442199999999], [-71.142909, 42.365026000000015], [-71.144065, 42.365004], [-71.144492, 42.36482199999999], [-71.14524, 42.364150000000016], [-71.146336, 42.362475], [-71.147573, 42.361438], [-71.148332, 42.361118999999995], [-71.152476, 42.360678000000014], [-71.155246, 42.35989500000001], [-71.159278, 42.359902], [-71.160518, 42.359497], [-71.162285, 42.358564], [-71.16300800000002, 42.35846900000001], [-71.16421800000002, 42.35863100000001], [-71.165691, 42.359707000000014], [-71.166824, 42.360036000000015], [-71.168921, 42.360183000000006], [-71.172754, 42.35933100000001], [-71.175272, 42.359272], [-71.17824, 42.359565999999994], [-71.182126, 42.360681], [-71.18368, 42.358829], [-71.196298, 42.361802000000004]]]}}, {"type": "Feature", "properties": {"district_name": "10th Plymouth District", "chamber": "house", "vintage": "2022-present", "lean_dem_share": 0.7195, "competitiveness": "Safe", "competitiveness_label": "Safe D", "party_favored": "Democratic", "url": "/district/house-10th-plymouth-district-2022-present/"}, "geometry": {"type": "Polygon", "coordinates": [[[-71.025709, 42.05478900000001], [-71.025232, 42.055113], [-71.023723, 42.054435], [-71.020803, 42.05446000000001], [-71.020868, 42.054829000000005], [-71.015591, 42.05640399999999], [-71.016822, 42.059779], [-71.017448, 42.05966999999999], [-71.018225, 42.06111599999999], [-71.016234, 42.06165000000001], [-71.016012, 42.061327000000006], [-71.014729, 42.061552999999996], [-71.017048, 42.067916], [-71.020271, 42.067336000000005], [-71.020654, 42.06903199999999], [-71.021796, 42.075665], [-71.019426, 42.075881999999986], [-71.019617, 42.076981999999994], [-71.016364, 42.07701199999999], [-71.016438, 42.07976500000001], [-71.020057, 42.07954100000001], [-71.020226, 42.08075999999999], [-71.019845, 42.08362399999999], [-71.019881, 42.08555700000001], [-71.019266, 42.088469999999994], [-71.019281, 42.095924], [-71.020037, 42.098864999999996], [-71.021871, 42.10172300000001], [-71.019945, 42.10253900000001], [-71.022087, 42.105535], [-71.021365, 42.105866000000006], [-71.022778, 42.10786399999999], [-71.023711, 42.109837], [-71.025534, 42.117293], [-71.001974, 42.12652599999999], [-70.998594, 42.111636], [-70.97948, 42.11403700000001], [-70.979117, 42.114076999999995], [-70.97898, 42.11388200000001], [-70.978774, 42.11339699999999], [-70.978914, 42.11290400000001], [-70.979248, 42.11274700000001], [-70.979873, 42.11162399999999], [-70.980818, 42.11118199999998], [-70.98095600000002, 42.110949], [-70.980539, 42.10992600000001], [-70.980663, 42.109255], [-70.980512, 42.10902000000001], [-70.979817, 42.10870000000001], [-70.978747, 42.108461], [-70.97813, 42.107862], [-70.977925, 42.10649799999999], [-70.977479, 42.10611999999999], [-70.977364, 42.10577299999999], [-70.977875, 42.104768000000014], [-70.977603, 42.104369999999996], [-70.977374, 42.10434299999999], [-70.97742, 42.10417000000002], [-70.976855, 42.103358000000014], [-70.976725, 42.10265900000001], [-70.976688, 42.10185799999999], [-70.976969, 42.101314], [-70.976895, 42.101199], [-70.977058, 42.10109900000001], [-70.976733, 42.100534999999994], [-70.977144, 42.100253000000016], [-70.977174, 42.09978000000001], [-70.976737, 42.09915099999999], [-70.976674, 42.098707], [-70.975954, 42.09830799999999], [-70.97507200000001, 42.096228999999994], [-70.975188, 42.09572699999999], [-70.975533, 42.09531500000001], [-70.975243, 42.09508500000002], [-70.97518, 42.094816], [-70.975437, 42.09418100000001], [-70.975458, 42.09283400000001], [-70.975703, 42.092348999999984], [-70.975226, 42.09170700000001], [-70.975356, 42.091229000000006], [-70.97525, 42.09069400000002], [-70.975587, 42.090594], [-70.975445, 42.09017499999998], [-70.975864, 42.08990000000001], [-70.97587, 42.08973099999999], [-70.975788, 42.089346], [-70.975373, 42.089085999999995], [-70.975176, 42.088082], [-70.97499, 42.08792999999999], [-70.975387, 42.087496000000016], [-70.976528, 42.087198999999984], [-70.975231, 42.071177999999996], [-70.980789, 42.068858], [-70.989919, 42.059487000000004], [-70.987159, 42.046568], [-71.022924, 42.04217799999999], [-71.025709, 42.05478900000001]]]}}, {"type": "Feature", "properties": {"district_name": "30th Middlesex District", "chamber": "house", "vintage": "2022-present", "lean_dem_share": 0.6183, "competitiveness": "Safe", "competitiveness_label": "Safe D", "party_favored": "Democratic", "url": "/district/house-30th-middlesex-district-2022-present/"}, "geometry": {"type": "Polygon", "coordinates": [[[-71.182944, 42.48212199999999], [-71.181375, 42.483386], [-71.181501, 42.483622], [-71.168924, 42.487087], [-71.170719, 42.48975500000001], [-71.168914, 42.490547000000014], [-71.168444, 42.498299], [-71.169199, 42.506508000000004], [-71.169923, 42.506730999999995], [-71.169395, 42.507311], [-71.16972, 42.507451], [-71.169324, 42.507872], [-71.169473, 42.509487000000014], [-71.169876, 42.50972099999999], [-71.16954, 42.510242], [-71.170258, 42.51045200000001], [-71.169635, 42.511461999999995], [-71.170033, 42.515537], [-71.131295, 42.53182000000002], [-71.134922, 42.546204], [-71.133643, 42.54681800000001], [-71.132889, 42.547105], [-71.131307, 42.54698799999999], [-71.129982, 42.54677400000001], [-71.128941, 42.54620700000001], [-71.12766, 42.54518899999999], [-71.127057, 42.54451100000001], [-71.126886, 42.54406500000003], [-71.127028, 42.54325], [-71.125528, 42.541962999999996], [-71.124525, 42.54048899999999], [-71.1231, 42.53898100000001], [-71.122225, 42.537330999999995], [-71.119725, 42.536015000000006], [-71.119152, 42.53540099999999], [-71.119054, 42.534960999999996], [-71.119573, 42.534147000000004], [-71.119754, 42.533437999999975], [-71.119142, 42.531943], [-71.12107000000002, 42.53126300000002], [-71.12274, 42.530465000000014], [-71.119795, 42.52832600000001], [-71.11951200000001, 42.527335], [-71.116659, 42.52540599999999], [-71.115386, 42.525915999999995], [-71.114652, 42.525244], [-71.112676, 42.525993000000014], [-71.110952, 42.526416000000005], [-71.106197, 42.527092999999994], [-71.1035, 42.525784000000016], [-71.10218000000002, 42.52574899999999], [-71.102016, 42.52657100000001], [-71.102405, 42.527915], [-71.100163, 42.53113299999999], [-71.099366, 42.532666000000006], [-71.098157, 42.53386299999999], [-71.094836, 42.53623500000001], [-71.094073, 42.537151], [-71.092746, 42.536760000000015], [-71.091974, 42.537679000000004], [-71.089537, 42.53702799999999], [-71.088596, 42.537244999999984], [-71.08749500000002, 42.53550399999999], [-71.087507, 42.535282999999986], [-71.086476, 42.53507400000002], [-71.085428, 42.535306], [-71.084796, 42.53408700000001], [-71.082981, 42.532028999999994], [-71.0808, 42.52817100000001], [-71.079865, 42.526709], [-71.079745, 42.526725000000006], [-71.08108500000002, 42.525473], [-71.083507, 42.525489000000015], [-71.096773, 42.51167800000001], [-71.097463, 42.510246], [-71.095564, 42.508966], [-71.094351, 42.507808000000004], [-71.094115, 42.507365], [-71.094289, 42.50708699999999], [-71.099645, 42.50643099999999], [-71.100727, 42.502242], [-71.11976, 42.500291999999995], [-71.121765, 42.49872000000001], [-71.116795, 42.49463900000001], [-71.112056, 42.47381999999999], [-71.123862, 42.473392000000004], [-71.146008, 42.465800999999985], [-71.146561, 42.46673900000001], [-71.147868, 42.467976], [-71.150193, 42.471158999999986], [-71.150404, 42.47176600000002], [-71.150033, 42.47254], [-71.150905, 42.47372400000002], [-71.155579, 42.477897000000006], [-71.159572, 42.476933], [-71.162841, 42.476941], [-71.165029, 42.475953], [-71.167024, 42.47540399999999], [-71.167279, 42.47624099999999], [-71.166842, 42.477098000000005], [-71.167821, 42.477332000000004], [-71.168658, 42.47797699999999], [-71.170341, 42.47798100000001], [-71.172442, 42.479077000000004], [-71.174092, 42.48003899999998], [-71.174451, 42.48129200000001], [-71.178802, 42.480506000000005], [-71.181832, 42.48033300000001], [-71.182944, 42.48212199999999]]]}}, {"type": "Feature", "properties": {"district_name": "11th Plymouth District", "chamber": "house", "vintage": "2022-present", "lean_dem_share": 0.7195, "competitiveness": "Safe", "competitiveness_label": "Safe D", "party_favored": "Democratic", "url": "/district/house-11th-plymouth-district-2022-present/"}, "geometry": {"type": "Polygon", "coordinates": [[[-71.059134, 42.09405600000001], [-71.057638, 42.09980500000001], [-71.057487, 42.102478999999995], [-71.057766, 42.10457], [-71.025534, 42.117293], [-71.023711, 42.109837], [-71.022778, 42.10786399999999], [-71.021365, 42.105866000000006], [-71.022087, 42.105535], [-71.019945, 42.10253900000001], [-71.021871, 42.10172300000001], [-71.020037, 42.098864999999996], [-71.019281, 42.095924], [-71.019266, 42.088469999999994], [-71.019881, 42.08555700000001], [-71.019845, 42.08362399999999], [-71.020221, 42.080487], [-71.020057, 42.07954100000001], [-71.016438, 42.07976500000001], [-71.016364, 42.07701199999999], [-71.019617, 42.076981999999994], [-71.019426, 42.075881999999986], [-71.021796, 42.075665], [-71.020271, 42.067336000000005], [-71.017048, 42.067916], [-71.014729, 42.061552999999996], [-71.016012, 42.061327000000006], [-71.016234, 42.06165000000001], [-71.018225, 42.06111599999999], [-71.017448, 42.05966999999999], [-71.016822, 42.059779], [-71.015591, 42.05640399999999], [-71.020868, 42.054829000000005], [-71.020803, 42.05446000000001], [-71.023488, 42.054404000000005], [-71.024645, 42.05474200000002], [-71.028347, 42.05737900000001], [-71.02926, 42.05760399999999], [-71.028287, 42.058833], [-71.027398, 42.058354999999985], [-71.026967, 42.05886700000001], [-71.022377, 42.06069299999999], [-71.022874, 42.061373], [-71.023318, 42.06122300000001], [-71.024341, 42.062291], [-71.023827, 42.06247199999999], [-71.02467300000002, 42.064286], [-71.026274, 42.063853], [-71.028301, 42.067448000000006], [-71.027759, 42.06765299999999], [-71.029614, 42.07125500000001], [-71.036937, 42.069918], [-71.037077, 42.07090200000001], [-71.037654, 42.071061000000014], [-71.037105, 42.073986000000005], [-71.038137, 42.079056], [-71.038605, 42.07947600000001], [-71.038769, 42.080287], [-71.037927, 42.080387000000016], [-71.038393, 42.08040700000001], [-71.038767, 42.08191699999999], [-71.038185, 42.082003], [-71.038089, 42.082146], [-71.039206, 42.087582], [-71.03964, 42.08793399999999], [-71.040186, 42.087902], [-71.040299, 42.08866299999999], [-71.040088, 42.08941200000002], [-71.043401, 42.08947299999999], [-71.046781, 42.08872900000001], [-71.047367, 42.08877999999999], [-71.048576, 42.08959200000001], [-71.059134, 42.09405600000001]]]}}, {"type": "Feature", "properties": {"district_name": "1st Barnstable District", "chamber": "house", "vintage": "2022-present", "lean_dem_share": 0.6081, "competitiveness": "Safe", "competitiveness_label": "Safe D", "party_favored": "Democratic", "url": "/district/house-1st-barnstable-district-2022-present/"}, "geometry": {"type": "Polygon", "coordinates": [[[-70.265778, 41.673514000000004], [-70.25964, 41.69223200000001], [-70.260542, 41.704584], [-70.260678, 41.705084], [-70.261677, 41.706857], [-70.262174, 41.707280999999995], [-70.263505, 41.707945], [-70.263905, 41.70838800000001], [-70.263406, 41.70901500000001], [-70.263089, 41.709134], [-70.262374, 41.710201000000005], [-70.262337, 41.71053100000001], [-70.262073, 41.71062899999999], [-70.261038, 41.71188899999999], [-70.26113, 41.71403599999999], [-70.259423, 41.71399200000001], [-70.258157, 41.71543900000001], [-70.25713, 41.71598199999999], [-70.255796, 41.71634400000001], [-70.255092, 41.717211], [-70.254169, 41.717748000000014], [-70.253915, 41.717689000000014], [-70.252697, 41.718667], [-70.252739, 41.719104000000016], [-70.252482, 41.71955899999999], [-70.251323, 41.720152], [-70.25081, 41.720980000000026], [-70.250912, 41.72154000000001], [-70.250325, 41.72182500000002], [-70.250186, 41.72230899999999], [-70.249856, 41.72233], [-70.249665, 41.72262100000001], [-70.248462, 41.722878], [-70.24774400000001, 41.723224], [-70.247217, 41.723812], [-70.246015, 41.724153], [-70.244293, 41.724434], [-70.243656, 41.724275], [-70.242952, 41.724369], [-70.239259, 41.725516000000006], [-70.239278, 41.72604700000002], [-70.240143, 41.72587900000001], [-70.241086, 41.725455], [-70.241381, 41.725731999999994], [-70.241333, 41.72628400000001], [-70.240659, 41.727337999999996], [-70.240735, 41.72772999999998], [-70.240589, 41.72814700000001], [-70.240084, 41.72894899999999], [-70.23643, 41.73260700000001], [-70.235199, 41.733513], [-70.234327, 41.73372200000001], [-70.232898, 41.734376000000005], [-70.226374, 41.737837], [-70.226075, 41.73807899999999], [-70.225972, 41.73847000000001], [-70.224918, 41.738780000000006], [-70.224504, 41.739213], [-70.223405, 41.73966], [-70.221329, 41.740949], [-70.21693, 41.742873], [-70.213786, 41.74373400000001], [-70.212894, 41.744267999999984], [-70.208611, 41.745701999999994], [-70.194203, 41.750265], [-70.192235, 41.751099], [-70.188657, 41.752307], [-70.18851, 41.752213000000005], [-70.188712, 41.75204300000001], [-70.188607, 41.75182799999998], [-70.187799, 41.751806], [-70.187155, 41.750905000000024], [-70.186847, 41.750775], [-70.185714, 41.75057899999999], [-70.184379, 41.750606000000005], [-70.183261, 41.750959], [-70.179477, 41.751630999999996], [-70.178432, 41.752098000000004], [-70.172823, 41.753718000000006], [-70.171644, 41.754413000000014], [-70.170379, 41.75441], [-70.168121, 41.75505900000002], [-70.167781, 41.755004], [-70.165518, 41.756093], [-70.163945, 41.75614399999999], [-70.163534, 41.755875], [-70.16289, 41.75575899999999], [-70.16087700000001, 41.756093], [-70.160636, 41.756379], [-70.158726, 41.756063], [-70.15607200000001, 41.756703], [-70.155832, 41.757013], [-70.155484, 41.757152], [-70.155932, 41.756505000000004], [-70.155871, 41.756194000000015], [-70.153851, 41.756441], [-70.15416000000002, 41.757029], [-70.153368, 41.756716], [-70.150594, 41.75715100000001], [-70.143866, 41.75972699999999], [-70.143161, 41.75970400000001], [-70.141124, 41.76026300000001], [-70.140751, 41.76023500000001], [-70.140183, 41.75987400000001], [-70.139054, 41.759736000000004], [-70.138402, 41.759335], [-70.137903, 41.759302000000005], [-70.136239, 41.75962500000001], [-70.134742, 41.760365], [-70.134244, 41.760459000000004], [-70.133745, 41.760194999999975], [-70.131861, 41.75993], [-70.130285, 41.759452], [-70.125473, 41.759544999999996], [-70.124508, 41.75935599999999], [-70.123823, 41.759479999999975], [-70.123594, 41.75941400000001], [-70.123297, 41.758791], [-70.122988, 41.758787000000005], [-70.121744, 41.75885900000001], [-70.121528, 41.75952400000001], [-70.121141, 41.759703000000016], [-70.120368, 41.760595], [-70.119922, 41.760820999999986], [-70.118866, 41.76102199999999], [-70.118813, 41.76078800000001], [-70.118195, 41.76074800000001], [-70.116453, 41.761082000000016], [-70.115449, 41.760915999999995], [-70.114769, 41.761049999999976], [-70.11425900000002, 41.76085599999999], [-70.114478, 41.759991], [-70.11432, 41.75970000000001], [-70.114319, 41.760042], [-70.113929, 41.76091099999999], [-70.114249, 41.761199], [-70.114917, 41.761300999999996], [-70.114837, 41.761462], [-70.11126, 41.76267100000001], [-70.110145, 41.762803], [-70.109382, 41.762606], [-70.108701, 41.76263899999998], [-70.105064, 41.763667], [-70.099935, 41.76553899999999], [-70.098582, 41.76582799999999], [-70.095817, 41.766989], [-70.09528700000001, 41.76703100000001], [-70.092249, 41.768238999999994], [-70.091801, 41.768288999999996], [-70.091377, 41.768487], [-70.091153, 41.769010000000016], [-70.09077, 41.769253000000006], [-70.090282, 41.76924000000001], [-70.089095, 41.768778], [-70.089045, 41.768944000000005], [-70.088266, 41.768917], [-70.087694, 41.768436999999984], [-70.086951, 41.76853899999999], [-70.087009, 41.76880700000001], [-70.08648, 41.76888299999999], [-70.08616, 41.76873600000002], [-70.086338, 41.768466], [-70.085737, 41.76840599999999], [-70.082902, 41.76909399999998], [-70.080524, 41.77009499999998], [-70.076996, 41.77190399999999], [-70.073131, 41.77308000000001], [-70.07276, 41.773010000000006], [-70.072149, 41.773184], [-70.071396, 41.773161], [-70.070815, 41.773399], [-70.070218, 41.77335800000001], [-70.069735, 41.77317200000001], [-70.069795, 41.772528], [-70.069173, 41.772191], [-70.067053, 41.77234599999999], [-70.06421, 41.773039000000004], [-70.060856, 41.774249999999995], [-70.06045, 41.774575999999996], [-70.058632, 41.77482500000001], [-70.054276, 41.776292], [-70.05264, 41.77709300000001], [-70.052075, 41.77711000000001], [-70.05107, 41.77745600000001], [-70.050696, 41.77774699999999], [-70.048995, 41.77807000000001], [-70.045855, 41.77929400000001], [-70.044498, 41.779629], [-70.041681, 41.780814000000014], [-70.040992, 41.78129700000001], [-70.035707, 41.78334199999998], [-70.034357, 41.784117000000045], [-70.03275, 41.78474199999999], [-70.031777, 41.78535599999999], [-70.031292, 41.785354000000005], [-70.029002, 41.78680399999998], [-70.027053, 41.78722], [-70.027083, 41.787364000000004], [-70.026779, 41.78737600000001], [-70.02651, 41.78759099999999], [-70.02636000000001, 41.787514], [-70.026135, 41.787718999999996], [-70.025764, 41.787677999999985], [-70.025099, 41.78809900000001], [-70.024348, 41.787573], [-70.02422, 41.78764300000001], [-70.024259, 41.788127999999986], [-70.02388, 41.788339], [-70.023461, 41.78809799999999], [-70.023114, 41.78824699999999], [-70.022149, 41.787487999999996], [-70.021199, 41.787135000000006], [-70.020455, 41.787227], [-70.020626, 41.786812000000005], [-70.020168, 41.786552999999984], [-70.019476, 41.786459], [-70.019084, 41.78619199999999], [-70.018876, 41.786], [-70.018835, 41.78533099999999], [-70.019375, 41.785028], [-70.019391, 41.784843], [-70.019102, 41.784828], [-70.01789, 41.785430999999996], [-70.017339, 41.785151000000006], [-70.017744, 41.784855], [-70.01772, 41.784696999999994], [-70.017268, 41.784807], [-70.016956, 41.784482999999994], [-70.016578, 41.784721000000005], [-70.01626100000001, 41.78463], [-70.016233, 41.78447499999999], [-70.016476, 41.78428199999999], [-70.016389, 41.78411700000003], [-70.016006, 41.78415], [-70.015742, 41.78439100000002], [-70.015517, 41.784108], [-70.014978, 41.78385099999999], [-70.014602, 41.78412300000001], [-70.013905, 41.78348199999999], [-70.013736, 41.783713], [-70.013456, 41.78376299999999], [-70.013109, 41.783460999999996], [-70.01323, 41.78323600000001], [-70.013135, 41.78307499999999], [-70.012501, 41.782762000000005], [-70.012577, 41.782386999999986], [-70.012434, 41.78222499999999], [-70.012086, 41.78238999999998], [-70.011788, 41.78225799999999], [-70.012068, 41.781860000000016], [-70.011864, 41.781589000000004], [-70.011355, 41.781716], [-70.011455, 41.78152999999999], [-70.011165, 41.780834999999996], [-70.010218, 41.779219], [-70.005365, 41.768815000000004], [-70.005377, 41.764625999999986], [-69.993179, 41.747792], [-69.99503, 41.74564600000002], [-69.997254, 41.741349], [-70.00075, 41.73795600000002], [-70.002259, 41.73568599999998], [-69.991763, 41.72904200000003], [-69.991779, 41.72893200000001], [-70.011042, 41.728137], [-70.02444, 41.727759999999996], [-70.026913, 41.72679900000002], [-70.026974, 41.72640400000002], [-70.026575, 41.725634], [-70.028199, 41.72441799999999], [-70.03029, 41.724433], [-70.03064900000001, 41.72404399999999], [-70.031511, 41.72382500000001], [-70.032791, 41.72405599999999], [-70.034613, 41.725754], [-70.03595, 41.72638699999999], [-70.037499, 41.726743000000006], [-70.038447, 41.726778], [-70.040024, 41.725516999999975], [-70.040824, 41.725099], [-70.041679, 41.72496600000001], [-70.043356, 41.725118], [-70.043232, 41.723833], [-70.043806, 41.72354599999999], [-70.049809, 41.72179800000001], [-70.052808, 41.721571], [-70.057022, 41.72189], [-70.063902, 41.723143], [-70.066825, 41.723326000000014], [-70.069832, 41.723213], [-70.071617, 41.722958999999996], [-70.075537, 41.72182100000001], [-70.081881, 41.72510800000001], [-70.084354, 41.725928999999994], [-70.086219, 41.726244], [-70.086963, 41.72593400000002], [-70.09405, 41.724502], [-70.096371, 41.71600100000002], [-70.133847, 41.70613700000001], [-70.117548, 41.65522299999999], [-70.119312, 41.655281], [-70.122129, 41.65503600000001], [-70.122621, 41.654929], [-70.122589, 41.654770000000006], [-70.123358, 41.65480799999998], [-70.125506, 41.65437800000001], [-70.129624, 41.653158000000005], [-70.134471, 41.652063], [-70.13475600000001, 41.65183300000001], [-70.136162, 41.65151999999999], [-70.136828, 41.65120799999999], [-70.141067, 41.650408000000006], [-70.14193, 41.650573], [-70.143212, 41.650299000000004], [-70.145283, 41.650310000000005], [-70.146776, 41.650514], [-70.148218, 41.650399000000014], [-70.153305, 41.65111999999999], [-70.153737, 41.651362], [-70.154498, 41.65147699999999], [-70.156515, 41.65136300000001], [-70.156169, 41.65061600000001], [-70.156284, 41.65057699999998], [-70.157015, 41.651354], [-70.15771, 41.651377999999994], [-70.158621, 41.65043800000001], [-70.191827, 41.647495], [-70.191061, 41.645259], [-70.220092, 41.636005999999995], [-70.219903, 41.63480499999999], [-70.233901, 41.63046699999999], [-70.23577, 41.63194099999999], [-70.237257, 41.63262499999999], [-70.236789, 41.633299], [-70.236905, 41.634890000000006], [-70.23405400000001, 41.644270000000006], [-70.229918, 41.64968799999999], [-70.230772, 41.64985899999999], [-70.227978, 41.652802], [-70.226964, 41.653438000000016], [-70.225214, 41.654039999999995], [-70.223808, 41.65516900000001], [-70.222357, 41.656048], [-70.221936, 41.656794], [-70.221994, 41.658123], [-70.221364, 41.65954300000001], [-70.221029, 41.66006100000001], [-70.219925, 41.66104800000001], [-70.219036, 41.66252000000001], [-70.211912, 41.665738], [-70.213124, 41.667306999999994], [-70.216598, 41.68029499999999], [-70.216974, 41.681019], [-70.219599, 41.68369300000001], [-70.221356, 41.68350300000001], [-70.223071, 41.683096], [-70.222299, 41.67782500000001], [-70.222907, 41.677904], [-70.222754, 41.676754999999986], [-70.223122, 41.67646799999999], [-70.223579, 41.67657100000001], [-70.224631, 41.677867], [-70.227724, 41.67764800000002], [-70.227779, 41.67918300000001], [-70.227625, 41.680292000000016], [-70.228286, 41.682364000000014], [-70.245089, 41.678344999999986], [-70.249216, 41.677516], [-70.253038, 41.67637299999999], [-70.256398, 41.675789], [-70.265778, 41.673514000000004]]]}}, {"type": "Feature", "properties": {"district_name": "31st Middlesex District", "chamber": "house", "vintage": "2022-present", "lean_dem_share": 0.6447, "competitiveness": "Safe", "competitiveness_label": "Safe D", "party_favored": "Democratic", "url": "/district/house-31st-middlesex-district-2022-present/"}, "geometry": {"type": "Polygon", "coordinates": [[[-71.181968, 42.44376200000001], [-71.181147, 42.443609], [-71.179792, 42.443021000000016], [-71.178522, 42.443008000000006], [-71.177651, 42.443324000000004], [-71.176905, 42.442938], [-71.175965, 42.443025], [-71.175074, 42.44270099999999], [-71.173914, 42.44278400000002], [-71.171352, 42.44431700000001], [-71.169087, 42.44504000000001], [-71.168588, 42.4461], [-71.168557, 42.44663000000001], [-71.16509400000001, 42.44685799999999], [-71.164251, 42.44704399999999], [-71.163404, 42.44684], [-71.16275200000001, 42.447072000000006], [-71.162123, 42.446973000000035], [-71.1618, 42.44779900000002], [-71.160448, 42.44729199999999], [-71.159703, 42.44739899999999], [-71.159744, 42.44768799999999], [-71.159025, 42.44748100000001], [-71.158277, 42.447677999999996], [-71.15811300000001, 42.447901999999985], [-71.158159, 42.448283], [-71.159694, 42.449901999999994], [-71.160561, 42.450588], [-71.15703400000001, 42.451664], [-71.159036, 42.45426499999998], [-71.160047, 42.456858000000004], [-71.16140500000002, 42.45808400000001], [-71.164343, 42.459758], [-71.163003, 42.46019600000001], [-71.156237, 42.456917], [-71.15233, 42.46370699999999], [-71.123862, 42.473392000000004], [-71.112056, 42.47381999999999], [-71.116795, 42.49463900000001], [-71.121765, 42.49872000000001], [-71.11976, 42.500291999999995], [-71.100727, 42.502242], [-71.090115, 42.501260999999985], [-71.085502, 42.492258000000014], [-71.07524000000001, 42.488008], [-71.076599, 42.47749200000003], [-71.077707, 42.47739099999998], [-71.078152, 42.47402], [-71.079189, 42.46164799999998], [-71.082116, 42.44394], [-71.104867, 42.448879], [-71.119402, 42.453445], [-71.121346, 42.448670000000014], [-71.124153, 42.444115999999994], [-71.121976, 42.43978599999999], [-71.127146, 42.43888699999999], [-71.129041, 42.435599], [-71.153682, 42.435802999999986], [-71.182277, 42.43627900000001], [-71.177885, 42.440200999999995], [-71.182378, 42.443499], [-71.181968, 42.44376200000001]]]}}, {"type": "Feature", "properties": {"district_name": "12th Plymouth District", "chamber": "house", "vintage": "2022-present", "lean_dem_share": 0.5018, "competitiveness": "Tossup", "competitiveness_label": "Tossup D", "party_favored": "Democratic", "url": "/district/house-12th-plymouth-district-2022-present/"}, "geometry": {"type": "Polygon", "coordinates": [[[-70.999972, 41.92904899999998], [-70.999773, 41.929671], [-70.9995, 41.929819999999985], [-70.998752, 41.92982599999999], [-70.998295, 41.930214000000014], [-70.99869, 41.932138000000016], [-70.998288, 41.93378700000001], [-70.998017, 41.93420900000002], [-70.997524, 41.93424300000001], [-70.996707, 41.93356499999999], [-70.995957, 41.93318600000001], [-70.99373900000002, 41.93245000000001], [-70.992609, 41.932260999999976], [-70.991521, 41.93162199999999], [-70.990037, 41.931674999999984], [-70.989546, 41.932007000000006], [-70.987902, 41.934198], [-70.987436, 41.935585999999994], [-70.987311, 41.93737], [-70.987123, 41.937616], [-70.986658, 41.937873000000025], [-70.984656, 41.938238], [-70.980529, 41.940224000000015], [-70.979717, 41.940450000000006], [-70.978749, 41.940325], [-70.976063, 41.939395000000005], [-70.974859, 41.939621], [-70.97406, 41.94014799999999], [-70.973391, 41.940052000000016], [-70.970843, 41.938982999999986], [-70.968518, 41.93850799999998], [-70.965905, 41.936823], [-70.960725, 41.935921], [-70.960429, 41.935816999999986], [-70.95931, 41.934791000000004], [-70.956929, 41.93404399999999], [-70.956095, 41.93402299999999], [-70.95496, 41.934514], [-70.954297, 41.93461500000003], [-70.952348, 41.93429400000001], [-70.949245, 41.934431], [-70.94798900000002, 41.93399700000001], [-70.947019, 41.932747000000006], [-70.946474, 41.932622], [-70.94595, 41.932833], [-70.943384, 41.93533700000001], [-70.942806, 41.93651100000001], [-70.942561, 41.937495000000006], [-70.940745, 41.93870999999999], [-70.939757, 41.94013700000001], [-70.938793, 41.941163000000024], [-70.938068, 41.943347], [-70.936674, 41.945453000000015], [-70.936373, 41.946306], [-70.936913, 41.94903599999999], [-70.93677600000001, 41.949980999999994], [-70.936094, 41.95183500000001], [-70.93597, 41.953334999999996], [-70.934607, 41.95483600000002], [-70.934193, 41.955763], [-70.933914, 41.95708300000001], [-70.933443, 41.95782600000001], [-70.932602, 41.958669], [-70.93127, 41.959497], [-70.929175, 41.960219], [-70.925791, 41.959768], [-70.924274, 41.959053], [-70.923596, 41.959071000000016], [-70.922778, 41.95966699999999], [-70.922683, 41.960859000000006], [-70.921789, 41.962478], [-70.92068, 41.96309300000001], [-70.92001, 41.962975], [-70.920133, 41.962301999999994], [-70.919622, 41.96206], [-70.917567, 41.961936], [-70.915205, 41.96107700000001], [-70.913994, 41.96107399999999], [-70.913548, 41.961305999999986], [-70.913434, 41.96155900000001], [-70.914439, 41.96166800000001], [-70.914832, 41.962005000000005], [-70.914153, 41.96297599999999], [-70.913435, 41.96335799999999], [-70.913025, 41.96307600000001], [-70.912483, 41.963127], [-70.910999, 41.963749], [-70.910054, 41.96396700000001], [-70.909836, 41.964431], [-70.910697, 41.965379000000006], [-70.910827, 41.966009000000014], [-70.908607, 41.96634499999999], [-70.907347, 41.967327], [-70.907277, 41.970199], [-70.907585, 41.97082100000001], [-70.908448, 41.97153500000002], [-70.908841, 41.97220500000001], [-70.908384, 41.97401699999998], [-70.910139, 41.975954], [-70.911726, 41.97700699999998], [-70.912119, 41.977692000000005], [-70.91221, 41.97855199999999], [-70.91155, 41.979759], [-70.91148, 41.980227], [-70.901399, 41.98298100000001], [-70.899775, 41.988284], [-70.899185, 41.99632100000002], [-70.899571, 42.002975], [-70.898768, 42.00881699999999], [-70.895789, 42.010727], [-70.894971, 42.01089799999999], [-70.894095, 42.010853999999995], [-70.892004, 42.010341000000004], [-70.88541, 42.009691], [-70.88457, 42.00927099999999], [-70.884471, 42.008132999999994], [-70.884667, 42.004359000000015], [-70.885095, 42.001507000000004], [-70.883372, 41.99948199999999], [-70.882354, 41.99725699999998], [-70.88039, 41.99589499999998], [-70.877699, 41.99457900000001], [-70.877406, 41.994191], [-70.875969, 41.993806], [-70.874185, 41.99341899999999], [-70.870317, 41.99312799999999], [-70.862371, 41.99097], [-70.861556, 41.990869], [-70.86055, 41.990937], [-70.857618, 41.99171100000001], [-70.854162, 41.99150899999999], [-70.854173, 41.99186799999999], [-70.853591, 41.992656999999994], [-70.853445, 41.99327199999999], [-70.853955, 41.996375999999984], [-70.853677, 41.99767599999998], [-70.854685, 41.998285], [-70.853727, 41.99921499999999], [-70.85493500000001, 42.00000999999999], [-70.855375, 42.00076], [-70.854513, 42.00092799999996], [-70.854561, 42.001588000000005], [-70.852808, 42.001960000000004], [-70.852271, 42.001884999999994], [-70.852042, 42.001410000000014], [-70.850838, 42.000885000000004], [-70.850386, 42.00091900000001], [-70.84968, 42.00065099999998], [-70.848899, 42.000691], [-70.847657, 42.00027899999999], [-70.846138, 42.000637000000005], [-70.845848, 42.000292], [-70.845378, 42.00029], [-70.845266, 41.999313], [-70.84454, 41.999344], [-70.844203, 41.99589999999999], [-70.843448, 41.996306999999995], [-70.842352, 41.99662399999998], [-70.837237, 41.99741600000001], [-70.833989, 41.996653000000016], [-70.832473, 41.995937000000005], [-70.831246, 41.99562499999998], [-70.829757, 41.998853999999994], [-70.830552, 42.001582000000006], [-70.829452, 42.004275], [-70.828701, 42.00491800000001], [-70.82499800000001, 42.00680499999999], [-70.823664, 42.007877], [-70.822933, 42.008860999999996], [-70.820491, 42.009558000000006], [-70.81832, 42.010505999999985], [-70.817051, 42.010664], [-70.816481, 42.01044199999997], [-70.81206, 42.00739000000001], [-70.810826, 42.006981], [-70.8099, 42.007184], [-70.809597, 42.00684800000002], [-70.806495, 42.01033300000002], [-70.807517, 42.011084000000025], [-70.807931, 42.01167099999999], [-70.807989, 42.01212600000001], [-70.807668, 42.012491], [-70.807494, 42.012489999999985], [-70.807251, 42.01287599999998], [-70.807318, 42.01311], [-70.808193, 42.013679], [-70.808804, 42.014586], [-70.809676, 42.01530799999999], [-70.809765, 42.015848], [-70.809389, 42.01666800000001], [-70.811855, 42.017629], [-70.812289, 42.01818800000001], [-70.812296, 42.01862700000001], [-70.81363, 42.019416], [-70.813772, 42.019871], [-70.813367, 42.020424000000006], [-70.813757, 42.021208999999985], [-70.812975, 42.022721999999995], [-70.814978, 42.02397500000001], [-70.833463, 42.019548], [-70.844766, 42.04269799999999], [-70.842246, 42.04343200000002], [-70.841071, 42.04489300000002], [-70.845658, 42.046155], [-70.846294, 42.04696299999999], [-70.846306, 42.04736299999999], [-70.846517, 42.04772200000001], [-70.847013, 42.048158999999984], [-70.847246, 42.049684], [-70.847022, 42.050188], [-70.847251, 42.050672], [-70.846997, 42.05191499999999], [-70.845417, 42.053857], [-70.845367, 42.05409099999999], [-70.84583, 42.055073], [-70.836825, 42.05929099999999], [-70.835075, 42.058673], [-70.835116, 42.05804400000001], [-70.832498, 42.058172000000006], [-70.828035, 42.057931000000025], [-70.825834, 42.05558000000002], [-70.822771, 42.05345800000001], [-70.821122, 42.053964], [-70.820485, 42.053201], [-70.821132, 42.05338600000001], [-70.821212, 42.053184000000016], [-70.820805, 42.051761999999975], [-70.820222, 42.052446], [-70.818129, 42.05130199999999], [-70.815654, 42.05129000000001], [-70.816461, 42.05012499999999], [-70.817566, 42.04915400000001], [-70.81892600000002, 42.04824299999999], [-70.819414, 42.04758000000001], [-70.819901, 42.045924], [-70.819838, 42.04453999999999], [-70.820105, 42.043293999999996], [-70.821706, 42.039919], [-70.821676, 42.039142000000005], [-70.821455, 42.03874799999999], [-70.81723700000002, 42.03948399999998], [-70.815551, 42.039393000000004], [-70.807819, 42.03693599999998], [-70.80769, 42.03675400000001], [-70.805948, 42.036042000000016], [-70.805738, 42.036267000000024], [-70.802709, 42.03527000000002], [-70.801494, 42.034486], [-70.801096, 42.033819999999984], [-70.800998, 42.033256], [-70.801669, 42.029925], [-70.801609, 42.029173], [-70.800702, 42.02740300000001], [-70.798683, 42.02498700000001], [-70.800754, 42.02285899999999], [-70.799563, 42.02149], [-70.80144, 42.01855499999999], [-70.801684, 42.017801999999996], [-70.801284, 42.016602], [-70.800384, 42.016102], [-70.800525, 42.01644199999999], [-70.796725, 42.020587000000006], [-70.775527, 42.023167000000015], [-70.769492, 42.022063], [-70.73124000000001, 42.017707], [-70.730136, 42.01623100000001], [-70.724022, 42.009288], [-70.724657, 42.007039], [-70.722814, 42.004639999999995], [-70.722223, 42.004259], [-70.721793, 42.00281699999999], [-70.711264, 42.002403000000015], [-70.711225, 42.00314900000001], [-70.705902, 42.004456], [-70.698582, 42.00670300000001], [-70.682081, 42.001403999999994], [-70.673269, 42.00023000000001], [-70.672635, 41.999658], [-70.671738, 41.998325000000015], [-70.671066, 41.99651000000001], [-70.6701, 41.992642999999994], [-70.669137, 41.99087800000001], [-70.668339, 41.989996999999995], [-70.667055, 41.989205], [-70.66525300000002, 41.988588], [-70.662497, 41.988123000000016], [-70.653511, 41.987113], [-70.652348, 41.990216999999994], [-70.649808, 41.99604200000001], [-70.64839, 41.997844], [-70.645899, 42.002459], [-70.643583, 42.007777], [-70.64202, 42.012396999999986], [-70.6415, 42.013155000000005], [-70.612653, 42.01355099999999], [-70.612821, 42.01321499999998], [-70.60889800000001, 42.01319999999998], [-70.609301, 42.01358299999998], [-70.598554, 42.01367700000001], [-70.597423, 42.00674200000001], [-70.594365, 42.003261], [-70.59563400000002, 42.003145], [-70.603552, 42.001124], [-70.62011, 41.990193], [-70.650131, 41.977739], [-70.651268, 41.97897499999999], [-70.652069, 41.979240999999995], [-70.652671, 41.979115000000014], [-70.652723, 41.978635], [-70.652197, 41.977166999999994], [-70.654522, 41.97608699999999], [-70.652911, 41.969204999999995], [-70.648822, 41.966165000000004], [-70.646982, 41.96251699999999], [-70.643708, 41.956816999999994], [-70.643284, 41.956824], [-70.64684400000002, 41.95440000000001], [-70.650329, 41.95148000000001], [-70.649646, 41.95097999999998], [-70.649563, 41.950734], [-70.650115, 41.950449], [-70.649866, 41.950192], [-70.647127, 41.949690000000004], [-70.645307, 41.94957699999999], [-70.645804, 41.947969999999984], [-70.650954, 41.948746000000014], [-70.652764, 41.94942700000001], [-70.653621, 41.948346], [-70.653766, 41.947552], [-70.653423, 41.94646000000001], [-70.653806, 41.94544500000001], [-70.654109, 41.944929], [-70.656136, 41.94271700000002], [-70.657776, 41.942032], [-70.65841100000002, 41.942816999999984], [-70.660165, 41.944255], [-70.661224, 41.945626000000004], [-70.661231, 41.94523999999999], [-70.661533, 41.94493600000003], [-70.664315, 41.943318999999995], [-70.664952, 41.942572], [-70.664869, 41.94206299999998], [-70.665786, 41.941677], [-70.665701, 41.94137099999999], [-70.665831, 41.940996000000005], [-70.666531, 41.940392], [-70.666086, 41.93921799999999], [-70.666841, 41.93901000000002], [-70.669164, 41.94037200000001], [-70.675136, 41.94450200000001], [-70.675176, 41.943796000000006], [-70.674362, 41.942685], [-70.674783, 41.941308], [-70.677431, 41.941229], [-70.67777800000002, 41.941458000000004], [-70.677959, 41.94195799999999], [-70.678248, 41.942239], [-70.678779, 41.94207399999999], [-70.679658, 41.941170000000014], [-70.680053, 41.94042699999999], [-70.680126, 41.93992099999999], [-70.680973, 41.939096999999975], [-70.681621, 41.93874400000001], [-70.68528, 41.93848500000001], [-70.686208, 41.93770599999999], [-70.686817, 41.937475000000006], [-70.687096, 41.93689599999999], [-70.686965, 41.935922999999995], [-70.687099, 41.93571299999999], [-70.685177, 41.93182900000001], [-70.685504, 41.93193000000001], [-70.685792, 41.93227900000001], [-70.68682, 41.93266200000001], [-70.687031, 41.93229899999999], [-70.687312, 41.932263], [-70.687435, 41.931844000000005], [-70.688258, 41.930824], [-70.689155, 41.93107499999999], [-70.693353, 41.930646], [-70.695781, 41.930845000000005], [-70.69745400000001, 41.93060300000002], [-70.702215, 41.93093699999999], [-70.702835, 41.931381], [-70.702794, 41.934516], [-70.7051, 41.93322500000001], [-70.706672, 41.931414999999994], [-70.711233, 41.942265000000006], [-70.716422, 41.93910899999999], [-70.7213, 41.93579900000002], [-70.726928, 41.93291399999999], [-70.729212, 41.931465], [-70.732102, 41.93095099999999], [-70.734869, 41.931335000000026], [-70.736242, 41.931281], [-70.737347, 41.930930999999994], [-70.741992, 41.928568], [-70.745348, 41.92829], [-70.748164, 41.92745899999999], [-70.751154, 41.92714100000001], [-70.753527, 41.933241], [-70.758692, 41.947506999999995], [-70.771717, 41.946146999999996], [-70.829827, 41.92769900000002], [-70.843563, 41.940756000000015], [-70.84395, 41.94048000000001], [-70.844204, 41.93937900000001], [-70.844418, 41.93908700000001], [-70.84512, 41.93887100000001], [-70.850577, 41.93842000000001], [-70.855874, 41.9384], [-70.856752, 41.938074], [-70.858214, 41.936732], [-70.858589, 41.935558999999984], [-70.861272, 41.930647], [-70.862007, 41.92734500000001], [-70.862283, 41.926836], [-70.863634, 41.925389], [-70.866218, 41.923311000000005], [-70.870316, 41.92294299999999], [-70.871364, 41.922540999999995], [-70.873633, 41.920145000000005], [-70.874567, 41.918936], [-70.874035, 41.91632899999998], [-70.874151, 41.91607100000001], [-70.876049, 41.91541], [-70.879395, 41.913374999999995], [-70.880728, 41.912198999999994], [-70.881306, 41.911898], [-70.887197, 41.91033100000002], [-70.895814, 41.90883], [-70.89827, 41.90859900000001], [-70.905022, 41.908356999999995], [-70.915023, 41.907545], [-70.915086, 41.90833099999999], [-70.917, 41.909712], [-70.918044, 41.909712999999996], [-70.918147, 41.90952699999998], [-70.918043, 41.90892100000001], [-70.918499, 41.90864700000001], [-70.919778, 41.909085000000005], [-70.921588, 41.90924900000001], [-70.922161, 41.90955399999999], [-70.922015, 41.910192], [-70.92081, 41.91126999999999], [-70.921313, 41.913486000000006], [-70.921932, 41.914165000000004], [-70.923874, 41.914712999999985], [-70.92468300000002, 41.91506400000001], [-70.925066, 41.91550400000001], [-70.924949, 41.91587499999999], [-70.923891, 41.91642400000001], [-70.923186, 41.91726899999999], [-70.922069, 41.918125000000025], [-70.922246, 41.918490999999996], [-70.923327, 41.91952600000001], [-70.924007, 41.91793199999999], [-70.924398, 41.91761199999999], [-70.927585, 41.916264], [-70.926911, 41.915192], [-70.925939, 41.91287899999998], [-70.926253, 41.91286], [-70.926846, 41.912354000000015], [-70.92799, 41.910565], [-70.929309, 41.910405], [-70.929907, 41.90895699999999], [-70.930984, 41.90815200000001], [-70.933986, 41.905288], [-70.935652, 41.90476999999999], [-70.937692, 41.904596999999995], [-70.938423, 41.905614999999976], [-70.939098, 41.90613499999998], [-70.943986, 41.908380000000015], [-70.946764, 41.909836], [-70.956261, 41.913269000000014], [-70.960144, 41.916531], [-70.9623, 41.919064000000006], [-70.962845, 41.919928999999996], [-70.971987, 41.920462000000015], [-70.976275, 41.920948], [-70.97836, 41.92143399999999], [-70.98295, 41.918845000000005], [-70.984087, 41.91783999999999], [-70.985056, 41.91749100000001], [-70.985654, 41.917695999999985], [-70.989387, 41.920101], [-70.990088, 41.92009800000001], [-70.989878, 41.919261000000006], [-70.994834, 41.922535], [-70.996448, 41.92378600000001], [-70.995912, 41.924201999999994], [-70.995544, 41.92491999999999], [-70.995674, 41.925883000000006], [-70.996037, 41.92656999999999], [-70.996752, 41.92736899999999], [-70.99733, 41.92774099999999], [-70.99978, 41.92855200000001], [-70.999972, 41.92904899999998]]]}}, {"type": "Feature", "properties": {"district_name": "2nd Barnstable District", "chamber": "house", "vintage": "2022-present", "lean_dem_share": 0.5655, "competitiveness": "Likely", "competitiveness_label": "Likely D", "party_favored": "Democratic", "url": "/district/house-2nd-barnstable-district-2022-present/"}, "geometry": {"type": "Polygon", "coordinates": [[[-70.46758, 41.63427200000002], [-70.466304, 41.637082], [-70.458476, 41.637471000000005], [-70.454361, 41.639193999999996], [-70.452557, 41.638748000000014], [-70.453189, 41.639856], [-70.453063, 41.640488], [-70.453238, 41.641690000000004], [-70.45171200000001, 41.64248200000001], [-70.446514, 41.65033999999999], [-70.447897, 41.652347000000006], [-70.447234, 41.653029], [-70.44674, 41.652666], [-70.446372, 41.65211899999999], [-70.445495, 41.65146500000002], [-70.445236, 41.650967000000016], [-70.445209, 41.65156999999999], [-70.445641, 41.652417000000014], [-70.445676, 41.652972999999996], [-70.443976, 41.65469300000001], [-70.442698, 41.65699899999999], [-70.438662, 41.656406000000004], [-70.437573, 41.655891999999994], [-70.437347, 41.655502000000006], [-70.43712, 41.654007], [-70.434672, 41.65146099999998], [-70.433844, 41.651002], [-70.433261, 41.64992200000001], [-70.433052, 41.64877000000003], [-70.432678, 41.64822800000002], [-70.431488, 41.64701899999999], [-70.429966, 41.64638299999999], [-70.426212, 41.64751699999999], [-70.418393, 41.649353], [-70.415081, 41.65074100000001], [-70.413798, 41.65106500000002], [-70.405829, 41.65209200000001], [-70.398413, 41.653406999999994], [-70.394933, 41.653507], [-70.371461, 41.652260000000005], [-70.372734, 41.65439800000001], [-70.372998, 41.655840000000005], [-70.37365, 41.65680900000001], [-70.374272, 41.657033000000006], [-70.376256, 41.65719200000002], [-70.377457, 41.657523999999995], [-70.378414, 41.65824200000001], [-70.381397, 41.65987500000001], [-70.382662, 41.66168899999999], [-70.384091, 41.663298], [-70.384661, 41.66424500000001], [-70.385158, 41.665414], [-70.385216, 41.666088], [-70.385658, 41.66637400000001], [-70.385443, 41.666772999999985], [-70.385568, 41.66776700000002], [-70.383739, 41.6689], [-70.382788, 41.66996000000002], [-70.381037, 41.671341], [-70.379869, 41.67322000000001], [-70.379016, 41.67418000000001], [-70.377967, 41.676410000000004], [-70.370875, 41.676764], [-70.369581, 41.676705000000005], [-70.368733, 41.67645699999999], [-70.364574, 41.67447599999999], [-70.361913, 41.67271900000001], [-70.358981, 41.67573699999999], [-70.359291, 41.676286000000005], [-70.3593, 41.677735], [-70.36008, 41.6788], [-70.358895, 41.67879799999999], [-70.356939, 41.679277], [-70.356096, 41.68146500000002], [-70.356372, 41.68189499999999], [-70.354177, 41.68348100000001], [-70.352056, 41.68652600000002], [-70.348048, 41.68926800000001], [-70.346847, 41.691175], [-70.346239, 41.693493000000004], [-70.345047, 41.695055999999994], [-70.343507, 41.696222000000006], [-70.340853, 41.697109], [-70.339824, 41.69721199999999], [-70.339932, 41.69772199999999], [-70.340919, 41.699484000000005], [-70.34063400000001, 41.699887], [-70.341086, 41.700743999999986], [-70.341841, 41.703241000000006], [-70.341519, 41.70386700000002], [-70.341072, 41.704103], [-70.340772, 41.705179000000015], [-70.341505, 41.705701], [-70.341454, 41.706452999999996], [-70.343777, 41.706655], [-70.344326, 41.706902], [-70.344583, 41.70725899999999], [-70.343902, 41.708186999999995], [-70.3438, 41.709130999999985], [-70.343654, 41.70930700000001], [-70.343731, 41.709593000000034], [-70.343546, 41.709689999999995], [-70.342679, 41.709236], [-70.342174, 41.708561], [-70.341536, 41.708204], [-70.3407, 41.70744099999998], [-70.340129, 41.707463], [-70.339741, 41.70787000000001], [-70.339275, 41.708064], [-70.338994, 41.70856300000002], [-70.338364, 41.70979199999999], [-70.337674, 41.71182999999999], [-70.338087, 41.71194400000001], [-70.337801, 41.712504], [-70.337948, 41.71284399999999], [-70.340352, 41.71349099999999], [-70.341385, 41.71436400000002], [-70.342338, 41.71480799999999], [-70.343987, 41.71541700000001], [-70.344294, 41.71517], [-70.345313, 41.714938999999994], [-70.344075, 41.71547799999999], [-70.344779, 41.71637199999999], [-70.344142, 41.717783], [-70.34434, 41.718316], [-70.343776, 41.718475], [-70.343783, 41.718782000000026], [-70.343957, 41.718827], [-70.342824, 41.71900200000002], [-70.34149, 41.71881600000001], [-70.340838, 41.719024999999995], [-70.342223, 41.719639], [-70.342809, 41.71973199999999], [-70.343711, 41.71966599999999], [-70.344367, 41.71937900000001], [-70.344532, 41.720413], [-70.343169, 41.722052000000005], [-70.343675, 41.722248999999984], [-70.342734, 41.72359800000001], [-70.342174, 41.72405299999999], [-70.34089200000001, 41.72392700000001], [-70.336268, 41.724906], [-70.331732, 41.724786], [-70.329497, 41.724946], [-70.328537, 41.725347], [-70.327885, 41.725395999999996], [-70.327452, 41.72569500000001], [-70.325584, 41.725598999999995], [-70.323862, 41.725298000000016], [-70.321656, 41.725441], [-70.321495, 41.725606000000006], [-70.321971, 41.725863], [-70.321964, 41.726203999999996], [-70.322227, 41.726122000000004], [-70.322037, 41.72633600000001], [-70.321575, 41.726116], [-70.321158, 41.72628599999999], [-70.321634, 41.72590699999999], [-70.321319, 41.725786999999976], [-70.319113, 41.726424], [-70.318431, 41.726473000000006], [-70.31915, 41.726972999999994], [-70.31882, 41.72725299999998], [-70.318871, 41.727829], [-70.318732, 41.727972000000015], [-70.318446, 41.727659000000024], [-70.318578, 41.72705000000001], [-70.31771300000001, 41.727011], [-70.316717, 41.72674200000001], [-70.315383, 41.72723100000001], [-70.315405, 41.72746200000001], [-70.315764, 41.72747300000001], [-70.315815, 41.72774700000001], [-70.316021, 41.727790999999996], [-70.315933, 41.72786199999999], [-70.315354, 41.72753900000001], [-70.314364, 41.72805499999998], [-70.312877, 41.72752200000001], [-70.311506, 41.72754399999999], [-70.310011, 41.726831000000004], [-70.309564, 41.726847], [-70.30861900000001, 41.725035], [-70.308055, 41.72446999999999], [-70.307674, 41.72358], [-70.307725, 41.72306999999998], [-70.30701400000001, 41.72203199999999], [-70.306567, 41.721686999999996], [-70.30453, 41.720638], [-70.303504, 41.720769999999995], [-70.30302800000001, 41.720479], [-70.300844, 41.72028100000001], [-70.299591, 41.72056600000001], [-70.299217, 41.720275], [-70.298594, 41.72018200000001], [-70.29774400000001, 41.72045099999999], [-70.296872, 41.720516999999994], [-70.296836, 41.72093900000001], [-70.297678, 41.721466], [-70.2994, 41.72112099999999], [-70.300983, 41.721159], [-70.300727, 41.72129600000002], [-70.299225, 41.72136199999998], [-70.298975, 41.721593], [-70.29921000000002, 41.721922], [-70.300184, 41.722306999999994], [-70.300045, 41.722415999999996], [-70.30014, 41.722899000000005], [-70.300822, 41.72377199999999], [-70.301459, 41.72408500000001], [-70.301965, 41.725259999999984], [-70.302485, 41.725474], [-70.302991, 41.72531500000001], [-70.302895, 41.725645], [-70.302544, 41.725715999999984], [-70.301628, 41.725452000000004], [-70.301173, 41.724826], [-70.299759, 41.723848999999994], [-70.299473, 41.72319000000001], [-70.29899700000001, 41.72273500000001], [-70.298169, 41.72237799999999], [-70.296843, 41.72234999999999], [-70.296073, 41.72274500000001], [-70.295905, 41.72308], [-70.296425, 41.72419999999999], [-70.296513, 41.724596], [-70.296315, 41.724579], [-70.29559, 41.723294], [-70.295927, 41.72265800000001], [-70.295722, 41.72246], [-70.296059, 41.72247100000002], [-70.29633, 41.72227900000001], [-70.296279, 41.722065], [-70.296718, 41.722131], [-70.29688, 41.721889000000004], [-70.29526, 41.72184500000001], [-70.294051, 41.72127900000001], [-70.292468, 41.72125700000001], [-70.29145, 41.721537], [-70.290812, 41.72316200000001], [-70.290694, 41.72418900000001], [-70.290005, 41.72479200000001], [-70.289096, 41.72527000000001], [-70.28889800000002, 41.725555], [-70.288876, 41.725686999999986], [-70.289228, 41.725747000000005], [-70.289492, 41.72599999999999], [-70.28947, 41.726609], [-70.289228, 41.72664200000001], [-70.289155, 41.726115], [-70.28872200000002, 41.726066], [-70.287308, 41.72703700000001], [-70.28689, 41.727515000000004], [-70.286142, 41.727537], [-70.28538, 41.72673500000001], [-70.285366, 41.726104], [-70.285579, 41.725526999999985], [-70.284993, 41.724598999999984], [-70.283806, 41.72399500000001], [-70.282517, 41.72280399999999], [-70.281102, 41.722293000000015], [-70.280392, 41.722221], [-70.278992, 41.72268199999999], [-70.277504, 41.722896], [-70.276302, 41.72344400000001], [-70.274085, 41.72358200000001], [-70.272289, 41.72134600000001], [-70.267666, 41.716933], [-70.26384, 41.714258], [-70.263025, 41.714016000000015], [-70.26113, 41.71403599999999], [-70.261038, 41.71188899999999], [-70.262073, 41.71062899999999], [-70.262337, 41.71053100000001], [-70.262374, 41.710201000000005], [-70.263089, 41.709134], [-70.263406, 41.70901500000001], [-70.263905, 41.70838800000001], [-70.263505, 41.707945], [-70.262174, 41.707280999999995], [-70.261677, 41.706857], [-70.260678, 41.705084], [-70.260542, 41.704584], [-70.25964, 41.69223200000001], [-70.265778, 41.673514000000004], [-70.256398, 41.675789], [-70.253038, 41.67637299999999], [-70.249216, 41.677516], [-70.245089, 41.678344999999986], [-70.228286, 41.682364000000014], [-70.227625, 41.680292000000016], [-70.227779, 41.67918300000001], [-70.227724, 41.67764800000002], [-70.224631, 41.677867], [-70.223579, 41.67657100000001], [-70.223122, 41.67646799999999], [-70.222754, 41.676754999999986], [-70.222907, 41.677904], [-70.222299, 41.67782500000001], [-70.223071, 41.683096], [-70.221356, 41.68350300000001], [-70.219599, 41.68369300000001], [-70.216974, 41.681019], [-70.216712, 41.680583999999975], [-70.213124, 41.667306999999994], [-70.211912, 41.665738], [-70.219036, 41.66252000000001], [-70.219925, 41.66104800000001], [-70.221029, 41.66006100000001], [-70.221364, 41.65954300000001], [-70.221994, 41.658123], [-70.221936, 41.656794], [-70.222357, 41.656048], [-70.223808, 41.65516900000001], [-70.225214, 41.654039999999995], [-70.226964, 41.653438000000016], [-70.227978, 41.652802], [-70.230772, 41.64985899999999], [-70.229918, 41.64968799999999], [-70.23405400000001, 41.644270000000006], [-70.236905, 41.634890000000006], [-70.236789, 41.633299], [-70.237257, 41.63262499999999], [-70.23577, 41.63194099999999], [-70.233901, 41.63046699999999], [-70.249248, 41.624684000000016], [-70.253015, 41.620774], [-70.254878, 41.61240399999999], [-70.262812, 41.607445999999996], [-70.271761, 41.608899], [-70.275439, 41.62511099999999], [-70.290661, 41.616242], [-70.313275, 41.61462400000002], [-70.374572, 41.60929299999999], [-70.402251, 41.59999100000002], [-70.40111000000002, 41.60667200000001], [-70.401392, 41.606864], [-70.401386, 41.60668600000001], [-70.401517, 41.606703], [-70.401539, 41.60712], [-70.402702, 41.60707600000001], [-70.407179, 41.607555000000005], [-70.410851, 41.60737999999999], [-70.419899, 41.60611899999998], [-70.4263, 41.604675], [-70.427784, 41.60489], [-70.430535, 41.605729], [-70.4372, 41.605330000000016], [-70.437322, 41.604813], [-70.438566, 41.603697999999994], [-70.438924, 41.603155], [-70.439853, 41.602605999999994], [-70.440043, 41.60228699999999], [-70.440738, 41.59884499999998], [-70.441374, 41.59756], [-70.441418, 41.596973000000006], [-70.441593, 41.596824999999995], [-70.44201000000001, 41.596819], [-70.442734, 41.597170000000006], [-70.442412, 41.597818], [-70.441725, 41.598543], [-70.441411, 41.599592], [-70.441623, 41.600415], [-70.441893, 41.600783], [-70.442208, 41.60091399999999], [-70.442632, 41.600728], [-70.443071, 41.5993], [-70.44299, 41.598828], [-70.443809, 41.59751599999999], [-70.443721, 41.59684600000002], [-70.443933, 41.59578100000002], [-70.444423, 41.594601], [-70.444313, 41.593673], [-70.444569, 41.592674], [-70.444467, 41.59261399999999], [-70.445096, 41.591593], [-70.4459, 41.590884], [-70.445973, 41.59065399999998], [-70.446441, 41.590269], [-70.447041, 41.590061], [-70.447004, 41.58995600000003], [-70.448883, 41.589089], [-70.450198, 41.588941], [-70.450102, 41.587701000000024], [-70.451448, 41.58704799999999], [-70.451697, 41.58741300000001], [-70.452076, 41.58747000000002], [-70.452308, 41.58698800000003], [-70.452153, 41.586725], [-70.453008, 41.58633600000002], [-70.458592, 41.588668000000006], [-70.464982, 41.59673999999998], [-70.46105, 41.606363000000016], [-70.45734, 41.610761999999994], [-70.452641, 41.615958000000006], [-70.450828, 41.61608499999999], [-70.450448, 41.61659299999999], [-70.450316, 41.617539999999984], [-70.450607, 41.61859200000001], [-70.450477, 41.61890700000001], [-70.449387, 41.61894800000001], [-70.449324, 41.61918900000001], [-70.449717, 41.61949100000002], [-70.449563, 41.620157000000006], [-70.44981200000001, 41.620694], [-70.4496, 41.62094099999999], [-70.449009, 41.62092100000002], [-70.448946, 41.621365000000004], [-70.448607, 41.621491000000006], [-70.449056, 41.622374], [-70.448739, 41.62260100000001], [-70.448965, 41.62280200000001], [-70.448842, 41.62294999999999], [-70.449238, 41.62312399999999], [-70.448956, 41.623345999999984], [-70.449705, 41.624086], [-70.449791, 41.624554], [-70.4501, 41.624635999999995], [-70.450295, 41.62506500000001], [-70.450622, 41.625273], [-70.450569, 41.62579], [-70.451053, 41.62650000000001], [-70.450997, 41.62704000000001], [-70.451266, 41.62729099999999], [-70.450957, 41.62805599999999], [-70.45148, 41.62868799999998], [-70.451394, 41.629018], [-70.45183900000002, 41.62924400000002], [-70.451889, 41.62956499999999], [-70.451802, 41.63005600000001], [-70.451419, 41.630436], [-70.45162, 41.630904], [-70.451991, 41.631231000000014], [-70.452009, 41.631384000000004], [-70.451698, 41.63158500000001], [-70.451895, 41.63201899999999], [-70.452516, 41.632561], [-70.452675, 41.63333], [-70.452466, 41.633616999999994], [-70.452459, 41.634111], [-70.452811, 41.634565], [-70.452677, 41.63484900000001], [-70.453509, 41.63493499999999], [-70.455991, 41.63432999999998], [-70.456488, 41.635029], [-70.460589, 41.633529000000024], [-70.464608, 41.632515], [-70.465705, 41.633044000000005], [-70.466495, 41.633706], [-70.46758, 41.63427200000002]]]}}, {"type": "Feature", "properties": {"district_name": "1st Suffolk District", "chamber": "house", "vintage": "2022-present", "lean_dem_share": 0.8238, "competitiveness": "Safe", "competitiveness_label": "Safe D", "party_favored": "Democratic", "url": "/district/house-1st-suffolk-district-2022-present/"}, "geometry": {"type": "Polygon", "coordinates": [[[-71.049095, 42.371197], [-71.046995, 42.372597000000006], [-71.046113, 42.37479799999999], [-71.045195, 42.37709699999999], [-71.044298, 42.383209], [-71.043264, 42.383594000000016], [-71.039512, 42.38685300000001], [-71.038813, 42.386810999999994], [-71.038357, 42.386529], [-71.034975, 42.385876], [-71.033234, 42.384910000000005], [-71.031995, 42.38459700000001], [-71.027712, 42.384041], [-71.022428, 42.386373], [-71.020512, 42.38764099999999], [-71.017794, 42.390697], [-71.016094, 42.395897], [-71.013395, 42.39739799999999], [-71.011272, 42.396589000000006], [-71.01193, 42.39575200000001], [-71.009894, 42.395475000000005], [-71.008945, 42.39519200000001], [-71.005861, 42.393892], [-71.001407, 42.39674000000001], [-70.998768, 42.396974], [-70.996651, 42.39639600000001], [-70.996475, 42.396308000000005], [-70.995361, 42.393813], [-70.993818, 42.392924], [-70.989771, 42.393240000000006], [-70.987442, 42.39274200000001], [-70.987113, 42.391985], [-70.987571, 42.390582], [-70.987511, 42.38922900000001], [-70.987289, 42.388734], [-70.986053, 42.388116000000004], [-70.986798, 42.386956000000005], [-70.987836, 42.38694799999998], [-70.988281, 42.38710700000001], [-70.994239, 42.384647000000015], [-70.994634, 42.38271099999997], [-70.994648, 42.38114999999999], [-70.996694, 42.37874100000001], [-70.999326, 42.377737999999994], [-71.000206, 42.37775400000002], [-71.006123, 42.376052], [-71.010363, 42.365031], [-71.000695, 42.36464], [-71.000736, 42.364818], [-70.986597, 42.364572], [-70.985593, 42.356796999999986], [-70.972893, 42.35359699999999], [-70.975094, 42.34349900000001], [-70.988173, 42.34344700000002], [-71.010994, 42.34269800000001], [-71.028363, 42.35409899999999], [-71.02979500000001, 42.35178899999999], [-71.032422, 42.353091], [-71.045828, 42.357227], [-71.045564, 42.358246], [-71.045566, 42.359733], [-71.042596, 42.363798], [-71.049095, 42.371197]]]}}, {"type": "Feature", "properties": {"district_name": "3rd Barnstable District", "chamber": "house", "vintage": "2022-present", "lean_dem_share": 0.5931, "competitiveness": "Likely", "competitiveness_label": "Likely D", "party_favored": "Democratic", "url": "/district/house-3rd-barnstable-district-2022-present/"}, "geometry": {"type": "Polygon", "coordinates": [[[-70.690964, 41.66045700000001], [-70.684292, 41.673897], [-70.676629, 41.691129], [-70.67440400000001, 41.68960899999999], [-70.6437, 41.717465000000004], [-70.642244, 41.71922500000001], [-70.640276, 41.723609], [-70.640756, 41.72485700000001], [-70.639476, 41.726473000000006], [-70.639332, 41.72904900000002], [-70.63258, 41.733656999999994], [-70.633268, 41.73546499999999], [-70.632706, 41.73775899999999], [-70.630959, 41.736681], [-70.629359, 41.73632899999999], [-70.625683, 41.736633], [-70.622268, 41.73785799999998], [-70.615478, 41.741164], [-70.614757, 41.741662000000005], [-70.611416, 41.742862], [-70.593012, 41.74663699999999], [-70.589514, 41.74772600000001], [-70.58718700000001, 41.74417800000002], [-70.586975, 41.74354], [-70.58632, 41.743570999999996], [-70.585919, 41.74331900000001], [-70.58592, 41.742988999999994], [-70.586227, 41.74262999999999], [-70.586269, 41.74226899999999], [-70.584395, 41.735799], [-70.584036, 41.73368800000001], [-70.584242, 41.72523900000001], [-70.584262, 41.726506], [-70.584476, 41.72659599999999], [-70.584596, 41.72652500000002], [-70.584631, 41.725756000000004], [-70.58493, 41.72568399999997], [-70.585783, 41.724748], [-70.58562, 41.72321400000001], [-70.587984, 41.723355000000005], [-70.588382, 41.723542], [-70.591628, 41.723483], [-70.5918, 41.723731], [-70.592163, 41.72290300000001], [-70.591863, 41.72253499999999], [-70.591716, 41.722010999999995], [-70.591867, 41.72150299999999], [-70.592404, 41.72096600000001], [-70.59274, 41.72085899999999], [-70.593503, 41.721213000000006], [-70.596125, 41.72128699999999], [-70.597915, 41.722005], [-70.600049, 41.721728999999996], [-70.601771, 41.721833], [-70.602759, 41.721656], [-70.603869, 41.722123], [-70.605123, 41.72070799999999], [-70.6077, 41.719941000000006], [-70.609026, 41.717724], [-70.609162, 41.716902], [-70.609075, 41.71582700000001], [-70.609324, 41.71482099999999], [-70.609361, 41.712223], [-70.609, 41.71065299999999], [-70.609021, 41.709133], [-70.60869, 41.705729000000005], [-70.607587, 41.705847], [-70.603471, 41.70697500000001], [-70.600745, 41.70864399999999], [-70.598082, 41.710604000000004], [-70.596425, 41.713088000000006], [-70.594874, 41.712430000000005], [-70.594031, 41.711728], [-70.59351300000002, 41.711619], [-70.591453, 41.71178799999999], [-70.588556, 41.711579000000015], [-70.588038, 41.711871], [-70.587905, 41.712531000000006], [-70.586752, 41.711741999999994], [-70.586714, 41.71156100000001], [-70.583384, 41.711741], [-70.583346, 41.709843000000006], [-70.58402, 41.70417400000001], [-70.583278, 41.704181], [-70.582439, 41.70461800000002], [-70.581466, 41.704659000000014], [-70.57979, 41.705163], [-70.578417, 41.70506100000001], [-70.577474, 41.704143], [-70.576837, 41.703877], [-70.576287, 41.704077], [-70.57359, 41.70442499999999], [-70.573087, 41.704849], [-70.57251, 41.706537999999995], [-70.570392, 41.70864499999999], [-70.569198, 41.708986], [-70.567625, 41.70878699999998], [-70.56664, 41.708303], [-70.566264, 41.707677000000004], [-70.565634, 41.707273999999984], [-70.561396, 41.70645400000001], [-70.560926, 41.705471], [-70.559231, 41.704045999999984], [-70.556682, 41.703151], [-70.555543, 41.702344], [-70.553434, 41.701759999999986], [-70.550923, 41.70074], [-70.549942, 41.70020700000001], [-70.548795, 41.699128], [-70.548346, 41.69888900000001], [-70.547125, 41.69893700000001], [-70.544937, 41.69935799999999], [-70.541715, 41.699702000000016], [-70.541731, 41.69879600000001], [-70.540964, 41.696504000000004], [-70.540385, 41.695350000000005], [-70.540649, 41.69359800000001], [-70.540633, 41.692339], [-70.541084, 41.69149200000002], [-70.541002, 41.690427000000014], [-70.541344, 41.689937], [-70.541983, 41.68787900000001], [-70.542843, 41.68674], [-70.544573, 41.683775000000004], [-70.545273, 41.681965999999996], [-70.545308, 41.680825], [-70.545924, 41.679928999999994], [-70.546747, 41.676652], [-70.546969, 41.67625], [-70.550508, 41.671248999999996], [-70.552479, 41.66951800000001], [-70.553086, 41.66869599999999], [-70.557628, 41.664970000000004], [-70.559152, 41.66307200000001], [-70.560476, 41.661912], [-70.56145, 41.66132199999999], [-70.566687, 41.656313999999995], [-70.566878, 41.653995], [-70.566284, 41.65222099999998], [-70.566319, 41.651602000000004], [-70.567481, 41.649183000000015], [-70.568055, 41.648782999999995], [-70.568924, 41.64854500000002], [-70.568841, 41.64804], [-70.568042, 41.64748799999999], [-70.567705, 41.64694800000001], [-70.567682, 41.646137], [-70.5679, 41.64553400000002], [-70.539647, 41.637212000000005], [-70.538076, 41.63900399999999], [-70.537017, 41.63987099999999], [-70.535776, 41.641386000000004], [-70.5332, 41.64253399999998], [-70.530504, 41.644367999999986], [-70.523175, 41.650439], [-70.520805, 41.654998000000006], [-70.520048, 41.655624], [-70.519344, 41.65676799999999], [-70.516458, 41.663945000000005], [-70.516375, 41.664987], [-70.515497, 41.668806], [-70.51344, 41.673775], [-70.511373, 41.676097999999996], [-70.497175, 41.670649], [-70.497098, 41.670727], [-70.49746000000002, 41.671119000000004], [-70.497392, 41.671410000000016], [-70.49524, 41.671485], [-70.49473900000001, 41.672052999999984], [-70.494018, 41.672283], [-70.493694, 41.67279200000001], [-70.493577, 41.673700000000004], [-70.493907, 41.674626], [-70.493688, 41.67573699999999], [-70.49386, 41.676112999999994], [-70.493852, 41.676831], [-70.49677, 41.678087000000005], [-70.49720000000002, 41.683482000000005], [-70.478058, 41.68512900000001], [-70.475553, 41.682421000000005], [-70.475269, 41.679683], [-70.474925, 41.678456], [-70.474935, 41.67726300000001], [-70.475076, 41.67679400000001], [-70.475879, 41.67674900000002], [-70.482171, 41.66597500000001], [-70.480554, 41.661024000000005], [-70.475371, 41.659745000000015], [-70.474978, 41.660537000000005], [-70.47355400000001, 41.662179], [-70.472326, 41.66393299999999], [-70.471688, 41.664435], [-70.471112, 41.66596400000001], [-70.458737, 41.664041], [-70.451059, 41.65691200000001], [-70.446514, 41.65033999999999], [-70.45171200000001, 41.64248200000001], [-70.453238, 41.641690000000004], [-70.453063, 41.640488], [-70.453189, 41.639856], [-70.452557, 41.638748000000014], [-70.454361, 41.639193999999996], [-70.458476, 41.637471000000005], [-70.466304, 41.637082], [-70.467605, 41.63422], [-70.466495, 41.633706], [-70.465705, 41.633044000000005], [-70.464608, 41.632515], [-70.460589, 41.633529000000024], [-70.456488, 41.635029], [-70.455991, 41.63432999999998], [-70.453509, 41.63493499999999], [-70.452662, 41.634828000000006], [-70.45282, 41.634607], [-70.452459, 41.634111], [-70.452466, 41.633616999999994], [-70.452675, 41.63333], [-70.452516, 41.632561], [-70.451895, 41.63201899999999], [-70.451698, 41.63158500000001], [-70.452009, 41.631384000000004], [-70.451991, 41.631231000000014], [-70.45162, 41.630904], [-70.451419, 41.630436], [-70.451814, 41.63002999999999], [-70.451854, 41.629263000000016], [-70.451394, 41.629018], [-70.45148, 41.62868799999998], [-70.450957, 41.62805599999999], [-70.451266, 41.62729099999999], [-70.450997, 41.62704000000001], [-70.451053, 41.62650000000001], [-70.450569, 41.62579], [-70.450622, 41.625273], [-70.450295, 41.62506500000001], [-70.4501, 41.624635999999995], [-70.449712, 41.624447999999994], [-70.449705, 41.624086], [-70.448956, 41.623345999999984], [-70.449238, 41.62312399999999], [-70.448879, 41.622990000000016], [-70.448954, 41.62276800000001], [-70.448739, 41.62260100000001], [-70.449059, 41.622398000000004], [-70.448607, 41.621491000000006], [-70.448946, 41.621365000000004], [-70.449009, 41.62092100000002], [-70.4496, 41.62094099999999], [-70.44981200000001, 41.620694], [-70.449563, 41.620157000000006], [-70.449717, 41.61949100000002], [-70.449431, 41.619358], [-70.449322, 41.619074], [-70.449461, 41.618886999999994], [-70.450477, 41.61890700000001], [-70.450607, 41.61859200000001], [-70.450316, 41.617539999999984], [-70.450396, 41.61683999999999], [-70.450828, 41.61608499999999], [-70.452641, 41.615958000000006], [-70.45734, 41.610761999999994], [-70.46105, 41.606363000000016], [-70.464982, 41.59673999999998], [-70.458592, 41.588668000000006], [-70.453008, 41.58633600000002], [-70.452153, 41.586725], [-70.452308, 41.58698800000003], [-70.452076, 41.58747000000002], [-70.451697, 41.58741300000001], [-70.451448, 41.58704799999999], [-70.450102, 41.587701000000024], [-70.450104, 41.586228], [-70.45098, 41.584406], [-70.453912, 41.58072099999998], [-70.455929, 41.57844299999999], [-70.457237, 41.577321999999995], [-70.457537, 41.576223999999996], [-70.457376, 41.57599900000001], [-70.458355, 41.57498899999999], [-70.459057, 41.57399500000002], [-70.461746, 41.571508], [-70.461994, 41.571239], [-70.461907, 41.57117299999999], [-70.463945, 41.56922899999999], [-70.465012, 41.56795499999999], [-70.466583, 41.566533], [-70.468782, 41.564615999999994], [-70.46982, 41.56410000000001], [-70.473086, 41.561365], [-70.47538, 41.55901999999999], [-70.478945, 41.556905000000015], [-70.483797, 41.555096], [-70.486157, 41.55385999999999], [-70.487958, 41.553726999999995], [-70.489991, 41.55335000000001], [-70.493033, 41.552047000000016], [-70.493948, 41.551813], [-70.494658, 41.55176600000001], [-70.496951, 41.552081], [-70.500801, 41.55190900000001], [-70.501549, 41.55171000000001], [-70.505107, 41.551467], [-70.515277, 41.55010800000001], [-70.521911, 41.54902299999998], [-70.525953, 41.548118], [-70.526852, 41.547394], [-70.526961, 41.547547999999985], [-70.528181, 41.547479], [-70.529308, 41.54646099999998], [-70.530301, 41.547691], [-70.531894, 41.549009000000005], [-70.532851, 41.549569000000005], [-70.535123, 41.550415], [-70.538821, 41.551256], [-70.545003, 41.55158099999998], [-70.546519, 41.55209599999999], [-70.547863, 41.550918], [-70.54782, 41.55076600000001], [-70.548007, 41.550776], [-70.54789, 41.550549], [-70.549469, 41.55029700000001], [-70.549425, 41.550039], [-70.550178, 41.55009900000001], [-70.550455, 41.549989000000004], [-70.550426, 41.549808000000006], [-70.551391, 41.54995599999999], [-70.551793, 41.549884999999996], [-70.551756, 41.54972], [-70.552355, 41.549797000000005], [-70.552889, 41.549665], [-70.55283800000001, 41.549501], [-70.553963, 41.549302999999995], [-70.553934, 41.549111], [-70.554745, 41.549155], [-70.555169, 41.54907300000002], [-70.55514, 41.54892400000001], [-70.556294, 41.548963], [-70.556331, 41.54873799999999], [-70.558472, 41.548698999999985], [-70.559568, 41.54831], [-70.56093500000001, 41.54825499999999], [-70.560942, 41.548013], [-70.561644, 41.54831], [-70.56358, 41.548364], [-70.563668, 41.54824399999999], [-70.564654, 41.548303999999995], [-70.564764, 41.54811200000001], [-70.56518, 41.54823300000001], [-70.566218, 41.548183], [-70.566277, 41.54803500000001], [-70.567351, 41.548106], [-70.567373, 41.54798499999999], [-70.567782, 41.54802400000001], [-70.567782, 41.54792], [-70.568206, 41.547990999999996], [-70.568323, 41.54775500000001], [-70.569309, 41.54794700000001], [-70.570222, 41.54773300000003], [-70.57085200000002, 41.547337], [-70.570837, 41.547173000000015], [-70.571816, 41.54720499999999], [-70.573854, 41.54689799999999], [-70.574351, 41.54668399999998], [-70.574366, 41.546162], [-70.57533, 41.546206], [-70.57631000000002, 41.54603600000001], [-70.576646, 41.54592000000002], [-70.576595, 41.545745000000004], [-70.57818, 41.545404], [-70.578114, 41.54525600000001], [-70.579035, 41.545036], [-70.578984, 41.544899], [-70.580014, 41.54474200000001], [-70.580495, 41.54452500000001], [-70.580555, 41.54424], [-70.581892, 41.544662], [-70.586415, 41.54543], [-70.588469, 41.545347], [-70.588776, 41.54515500000001], [-70.589296, 41.549429], [-70.58909500000001, 41.550661999999996], [-70.590606, 41.55331200000001], [-70.591319, 41.554272], [-70.591939, 41.557916999999996], [-70.592165, 41.55842800000001], [-70.59216600000002, 41.559476], [-70.592686, 41.560816], [-70.593288, 41.563949], [-70.596102, 41.56445899999999], [-70.59463700000002, 41.56874500000001], [-70.594082, 41.573564000000005], [-70.592917, 41.57693], [-70.589753, 41.581382000000005], [-70.5851, 41.587138999999986], [-70.582833, 41.589455], [-70.58546, 41.59116800000001], [-70.585541, 41.59134199999999], [-70.585402, 41.591576999999994], [-70.585535, 41.591641], [-70.587174, 41.59133100000001], [-70.5886, 41.591331000000004], [-70.590327, 41.592014000000006], [-70.591083, 41.59318100000002], [-70.592118, 41.594159999999995], [-70.592494, 41.59530999999999], [-70.59260000000002, 41.596531], [-70.592355, 41.596935000000016], [-70.591584, 41.597389000000014], [-70.589801, 41.598091000000004], [-70.588768, 41.59867400000001], [-70.587149, 41.599179000000014], [-70.58668, 41.599726], [-70.583273, 41.600764], [-70.581245, 41.59989099999999], [-70.580308, 41.599911], [-70.579876, 41.59973900000001], [-70.579423, 41.59946500000001], [-70.578413, 41.59825200000001], [-70.576351, 41.598692000000014], [-70.574798, 41.597925], [-70.573403, 41.600269999999995], [-70.573058, 41.600536000000005], [-70.573074, 41.60119999999999], [-70.572708, 41.60238699999999], [-70.572829, 41.603254], [-70.573605, 41.604974999999996], [-70.576273, 41.607377], [-70.578439, 41.60862499999999], [-70.579968, 41.60984599999999], [-70.584124, 41.61143699999999], [-70.589065, 41.611331], [-70.591729, 41.611472000000006], [-70.59343, 41.61203100000001], [-70.597309, 41.61437199999999], [-70.598184, 41.61462500000001], [-70.600612, 41.614759], [-70.602727, 41.61539300000001], [-70.604062, 41.61529700000001], [-70.60681, 41.614450000000005], [-70.607468, 41.614498], [-70.609676, 41.61514599999998], [-70.610951, 41.61511100000002], [-70.612289, 41.614786999999986], [-70.613399, 41.614881], [-70.61494, 41.615161999999984], [-70.62283, 41.617673999999994], [-70.622609, 41.61643800000001], [-70.622915, 41.615531], [-70.625125, 41.613965], [-70.626374, 41.61231500000001], [-70.626817, 41.612003], [-70.628566, 41.61132700000002], [-70.629076, 41.610848000000004], [-70.631753, 41.61114800000002], [-70.63440900000002, 41.607265999999996], [-70.634549, 41.607558], [-70.635677, 41.607487], [-70.636296, 41.608257], [-70.637607, 41.60895500000001], [-70.640222, 41.609643], [-70.640414, 41.609893], [-70.640273, 41.60998399999999], [-70.641053, 41.611092], [-70.641977, 41.611978], [-70.641398, 41.61232500000001], [-70.639228, 41.612322], [-70.638024, 41.612111], [-70.636075, 41.612331999999995], [-70.634739, 41.61287000000001], [-70.632053, 41.612764], [-70.631685, 41.61293500000001], [-70.631347, 41.613953], [-70.633748, 41.614535000000004], [-70.636926, 41.615049], [-70.638081, 41.615094000000006], [-70.63954, 41.615656], [-70.639534, 41.61612300000001], [-70.638753, 41.616967], [-70.639648, 41.61758999999999], [-70.637538, 41.61971700000001], [-70.63718, 41.620713], [-70.637426, 41.62170299999998], [-70.638717, 41.623332999999995], [-70.638991, 41.623945000000006], [-70.654383, 41.62321099999999], [-70.654394, 41.625107], [-70.660339, 41.625106], [-70.659556, 41.65921], [-70.690964, 41.66045700000001]]]}}, {"type": "Feature", "properties": {"district_name": "2nd Suffolk District", "chamber": "house", "vintage": "2022-present", "lean_dem_share": 0.8374, "competitiveness": "Safe", "competitiveness_label": "Safe D", "party_favored": "Democratic", "url": "/district/house-2nd-suffolk-district-2022-present/"}, "geometry": {"type": "Polygon", "coordinates": [[[-71.107213, 42.347049000000005], [-71.106894, 42.348588], [-71.106001, 42.348404000000016], [-71.105067, 42.34669599999999], [-71.103352, 42.347156000000005], [-71.10282, 42.346187999999984], [-71.099905, 42.347528], [-71.099802, 42.34765099999998], [-71.101143, 42.347758], [-71.100564, 42.347918], [-71.100995, 42.34797], [-71.100764, 42.348101], [-71.100555, 42.349357000000005], [-71.103624, 42.349733], [-71.103032, 42.352514], [-71.09789, 42.35311999999999], [-71.098817, 42.355342], [-71.096564, 42.35609000000001], [-71.096886, 42.356627], [-71.095092, 42.357236999999984], [-71.095244, 42.357475], [-71.093138, 42.358222999999995], [-71.093254, 42.358443000000015], [-71.093845, 42.358309999999996], [-71.094065, 42.358699], [-71.093489, 42.35888100000002], [-71.094107, 42.35960899999999], [-71.094852, 42.36016600000001], [-71.090227, 42.362452], [-71.090021, 42.362691000000005], [-71.084675, 42.362298999999986], [-71.084389, 42.362713], [-71.089432, 42.36478999999999], [-71.088941, 42.366054], [-71.087914, 42.366357999999984], [-71.084472, 42.365959], [-71.084285, 42.36668900000003], [-71.079725, 42.36612], [-71.078618, 42.370862999999986], [-71.075569, 42.37036099999999], [-71.07606, 42.370713000000016], [-71.075372, 42.372567], [-71.074946, 42.372917999999984], [-71.074353, 42.37255], [-71.074001, 42.37254900000001], [-71.072689, 42.37322199999999], [-71.075657, 42.380196000000005], [-71.080701, 42.381039], [-71.080971, 42.38232300000001], [-71.079713, 42.38292100000003], [-71.073496, 42.391795999999985], [-71.072696, 42.390796], [-71.069322, 42.39402200000001], [-71.069037, 42.39388500000001], [-71.067367, 42.395296], [-71.066858, 42.394979], [-71.066944, 42.39475500000001], [-71.061838, 42.40030399999999], [-71.060573, 42.40122300000001], [-71.05986, 42.40213500000001], [-71.059751, 42.402546], [-71.058464, 42.402973], [-71.057081, 42.403195], [-71.052758, 42.403152], [-71.041435, 42.401795999999976], [-71.040568, 42.401982], [-71.048145, 42.396633999999985], [-71.050018, 42.39757], [-71.051076, 42.397781], [-71.051945, 42.397619], [-71.052858, 42.396945], [-71.053297, 42.396178], [-71.053301, 42.395392], [-71.052521, 42.39487500000001], [-71.05069, 42.394576000000015], [-71.050131, 42.393980000000006], [-71.050229, 42.393776], [-71.050002, 42.39347099999999], [-71.050695, 42.391996000000006], [-71.055295, 42.38709700000002], [-71.048186, 42.385685999999986], [-71.047284, 42.38528399999999], [-71.044298, 42.383209], [-71.045195, 42.37709699999999], [-71.046995, 42.372597000000006], [-71.049095, 42.371197], [-71.050895, 42.370697], [-71.054995, 42.370697], [-71.057141, 42.369982], [-71.059795, 42.368767], [-71.062994, 42.36839100000001], [-71.063921, 42.369016000000016], [-71.069478, 42.36904599999999], [-71.073721, 42.365056], [-71.074792, 42.363773000000016], [-71.076092, 42.36038], [-71.077334, 42.35908399999999], [-71.077952, 42.35873500000001], [-71.091235, 42.354338], [-71.089757, 42.35136299999999], [-71.09165, 42.350801], [-71.091618, 42.34919300000001], [-71.091933, 42.349180000000004], [-71.091939, 42.348856000000005], [-71.091768, 42.34885700000002], [-71.09204400000002, 42.34685000000002], [-71.09227, 42.34711100000002], [-71.093295, 42.346511], [-71.094303, 42.345577], [-71.094768, 42.344443000000005], [-71.099554, 42.34311000000001], [-71.09854, 42.34091], [-71.096885, 42.339026], [-71.097289, 42.338783], [-71.097741, 42.338698], [-71.098383, 42.33882400000001], [-71.10023500000001, 42.33989900000003], [-71.103275, 42.342741], [-71.10304, 42.342948], [-71.104619, 42.34438799999999], [-71.105516, 42.343812], [-71.107213, 42.347049000000005]]]}}, {"type": "Feature", "properties": {"district_name": "4th Barnstable District", "chamber": "house", "vintage": "2022-present", "lean_dem_share": 0.6824, "competitiveness": "Safe", "competitiveness_label": "Safe D", "party_favored": "Democratic", "url": "/district/house-4th-barnstable-district-2022-present/"}, "geometry": {"type": "Polygon", "coordinates": [[[-70.250188, 42.06336700000001], [-70.249592, 42.06578999999999], [-70.24879, 42.067702000000004], [-70.244574, 42.07279299999999], [-70.241139, 42.075553000000006], [-70.237504, 42.077737000000006], [-70.233922, 42.079527000000006], [-70.232082, 42.080249], [-70.221403, 42.08321000000001], [-70.217788, 42.08387300000001], [-70.208865, 42.085066000000005], [-70.2015, 42.085494], [-70.185298, 42.08560899999999], [-70.181347, 42.085419], [-70.160775, 42.08285999999998], [-70.153566, 42.080504000000005], [-70.139786, 42.07755100000001], [-70.135981, 42.07625699999999], [-70.12447, 42.07341], [-70.117771, 42.072022], [-70.113093, 42.07132299999999], [-70.107285, 42.068746000000004], [-70.101064, 42.06671100000001], [-70.08744800000001, 42.06142700000001], [-70.07956200000001, 42.05733300000001], [-70.060014, 42.04665800000001], [-70.053293, 42.041186], [-70.045877, 42.035866000000006], [-70.036606, 42.02684800000001], [-70.033725, 42.023767], [-70.036616, 42.02066000000001], [-70.034161, 42.018275], [-70.03071, 42.014210999999996], [-70.029621, 42.01262399999999], [-70.028304, 42.011433], [-70.026885, 42.009588], [-70.025914, 42.008593999999995], [-70.024369, 42.006474000000004], [-70.023339, 42.004688999999985], [-70.019993, 42.000664], [-70.019562, 41.999926], [-70.01798, 41.998350000000016], [-70.016289, 41.995632000000015], [-70.016098, 41.994983999999995], [-70.013885, 41.99232099999998], [-70.01375300000001, 41.991794000000006], [-70.012863, 41.990635], [-70.011363, 41.98914599999999], [-70.009401, 41.98537399999999], [-70.004374, 41.977988], [-70.002302, 41.97521400000001], [-70.002118, 41.97513700000001], [-70.002059, 41.975522], [-70.001919, 41.97546700000001], [-70.001589, 41.97451099999999], [-70.00034, 41.972303000000004], [-69.995645, 41.96523299999999], [-69.995041, 41.963921], [-69.993273, 41.96156100000002], [-69.991373, 41.958510000000025], [-69.990555, 41.957461], [-69.986084, 41.94954200000002], [-69.984464, 41.94700000000001], [-69.983311, 41.944619], [-69.978841, 41.946604000000015], [-69.97289200000002, 41.934045000000005], [-69.971112, 41.930977], [-69.969681, 41.927763000000006], [-69.967249, 41.920307000000015], [-69.961408, 41.906563], [-69.958144, 41.898179999999996], [-69.957701, 41.89663800000002], [-69.955619, 41.892379999999996], [-69.952905, 41.88454800000002], [-69.952234, 41.880784], [-69.951017, 41.878484], [-69.950179, 41.87510699999999], [-69.93862, 41.839428000000005], [-69.93550900000001, 41.82542500000002], [-69.934736, 41.819239], [-69.934757, 41.81750000000001], [-69.935394, 41.816507], [-69.935354, 41.816264000000004], [-69.932067, 41.81155300000002], [-69.930782, 41.808944000000004], [-69.930712, 41.808408], [-69.93098, 41.80583300000001], [-69.930572, 41.804421000000005], [-69.930398, 41.801291], [-69.929778, 41.798286000000004], [-69.928696, 41.78474699999999], [-69.928538, 41.780927], [-69.926219, 41.76604799999999], [-69.926528, 41.76369100000001], [-69.926475, 41.761701999999985], [-69.925587, 41.75752400000001], [-69.92549200000002, 41.754788000000026], [-69.92488, 41.75164800000001], [-69.924443, 41.743951000000024], [-69.924303, 41.734299000000014], [-69.923562, 41.72205699999999], [-69.928094, 41.72246700000001], [-69.928271, 41.72173200000001], [-69.928181, 41.71662299999998], [-69.928321, 41.71116599999999], [-69.927977, 41.70716399999999], [-69.928337, 41.697748000000004], [-69.928147, 41.69715999999999], [-69.928206, 41.69428300000001], [-69.928396, 41.69267500000001], [-69.928279, 41.69202100000002], [-69.928462, 41.69168600000001], [-69.928499, 41.690796999999996], [-69.928719, 41.690067], [-69.928748, 41.688601], [-69.929078, 41.687141], [-69.929459, 41.686383], [-69.929408, 41.685779], [-69.929657, 41.685093], [-69.929796, 41.68351100000001], [-69.930331, 41.682309], [-69.930499, 41.68114000000002], [-69.931722, 41.676988000000016], [-69.933195, 41.66966800000001], [-69.934215, 41.66815700000001], [-69.936467, 41.665761], [-69.938629, 41.662907999999995], [-69.938965, 41.66233400000001], [-69.939491, 41.66072299999999], [-69.940724, 41.658216], [-69.94106, 41.657845], [-69.941651, 41.656071], [-69.94299, 41.65309], [-69.943613, 41.65224899999999], [-69.944308, 41.65179400000001], [-69.945025, 41.650196000000015], [-69.946028, 41.648922], [-69.946364, 41.648258], [-69.953691, 41.620658999999996], [-69.992849, 41.541736], [-70.006584, 41.537135000000006], [-70.02007, 41.546685], [-69.975523, 41.65379100000001], [-69.977119, 41.653955], [-69.977822, 41.654526], [-69.978556, 41.654793000000005], [-69.980532, 41.656298], [-69.98089, 41.656775], [-69.980888, 41.65709100000001], [-69.983522, 41.657261000000005], [-69.984106, 41.657105999999985], [-69.985822, 41.657819], [-69.987432, 41.659082999999995], [-69.989037, 41.661054000000014], [-69.990936, 41.66302099999999], [-69.993443, 41.664984999999994], [-69.998762, 41.668277], [-70.001798, 41.669760999999994], [-70.002892, 41.669854], [-70.003836, 41.670474000000006], [-70.006449, 41.67139800000002], [-70.009063, 41.672014], [-70.012299, 41.67222400000001], [-70.015595, 41.671819000000006], [-70.015829, 41.671468], [-70.016708, 41.67086400000001], [-70.017367, 41.669648000000024], [-70.018067, 41.66988899999999], [-70.021849, 41.669988000000004], [-70.022079, 41.669854], [-70.023731, 41.669774000000004], [-70.024896, 41.669385], [-70.024947, 41.669171], [-70.025423, 41.66913799999999], [-70.026264, 41.668764], [-70.027188, 41.66870500000001], [-70.027627, 41.668507], [-70.027562, 41.668392], [-70.02907, 41.66803500000001], [-70.029136, 41.667728], [-70.031194, 41.667827], [-70.032072, 41.667640999999996], [-70.03372000000002, 41.667943], [-70.037185, 41.66819799999999], [-70.036897, 41.66796], [-70.037271, 41.66757599999998], [-70.037103, 41.666735999999986], [-70.037491, 41.66731400000002], [-70.037962, 41.66642600000001], [-70.039384, 41.666712999999994], [-70.040229, 41.666578], [-70.041247, 41.66668700000001], [-70.041496, 41.666858000000005], [-70.042287, 41.66683200000001], [-70.045316, 41.666183], [-70.046107, 41.66553300000001], [-70.047635, 41.66527800000001], [-70.051507, 41.664726], [-70.057362, 41.664426], [-70.060562, 41.66341700000001], [-70.060877, 41.66342800000001], [-70.061081, 41.664107000000016], [-70.06107, 41.66307300000001], [-70.06175100000002, 41.662989999999986], [-70.062846, 41.66077700000001], [-70.062456, 41.66024400000001], [-70.064758, 41.659916999999986], [-70.065891, 41.661697000000004], [-70.067155, 41.66224799999999], [-70.070185, 41.662758999999994], [-70.07245000000002, 41.66333000000001], [-70.075691, 41.66333], [-70.083436, 41.662601999999985], [-70.08648800000002, 41.66203000000001], [-70.087405, 41.662058999999985], [-70.088949, 41.661821999999994], [-70.089108, 41.660994], [-70.089583, 41.660757000000004], [-70.090731, 41.66117199999999], [-70.09481, 41.661053], [-70.100195, 41.659811], [-70.100433, 41.659574], [-70.101621, 41.659574], [-70.107521, 41.658213], [-70.108947, 41.65750299999999], [-70.114213, 41.656466999999985], [-70.114649, 41.656052999999986], [-70.114768, 41.655431999999976], [-70.115322, 41.65543199999999], [-70.11552, 41.654337], [-70.116114, 41.654248], [-70.116431, 41.65525399999999], [-70.117592, 41.655378000000006], [-70.133847, 41.70613700000001], [-70.096371, 41.71600100000002], [-70.09405, 41.724502], [-70.086963, 41.72593400000002], [-70.086219, 41.726244], [-70.084354, 41.725928999999994], [-70.081881, 41.72510800000001], [-70.075537, 41.72182100000001], [-70.071617, 41.722958999999996], [-70.069832, 41.723213], [-70.066825, 41.723326000000014], [-70.063902, 41.723143], [-70.057022, 41.72189], [-70.052808, 41.721571], [-70.049809, 41.72179800000001], [-70.043806, 41.72354599999999], [-70.043232, 41.723833], [-70.043356, 41.725118], [-70.041679, 41.72496600000001], [-70.040824, 41.725099], [-70.040024, 41.725516999999975], [-70.038447, 41.726778], [-70.037499, 41.726743000000006], [-70.03595, 41.72638699999999], [-70.034613, 41.725754], [-70.032791, 41.72405599999999], [-70.031511, 41.72382500000001], [-70.03064900000001, 41.72404399999999], [-70.03029, 41.724433], [-70.028199, 41.72441799999999], [-70.026575, 41.725634], [-70.026974, 41.72640400000002], [-70.026913, 41.72679900000002], [-70.02444, 41.727759999999996], [-70.011042, 41.728137], [-69.992646, 41.72888999999999], [-69.991779, 41.72893200000001], [-69.991763, 41.72904200000003], [-70.002259, 41.73568599999998], [-70.00075, 41.73795600000002], [-69.997254, 41.741349], [-69.99503, 41.74564600000002], [-69.993179, 41.747792], [-70.005377, 41.764625999999986], [-70.005365, 41.768815000000004], [-70.010218, 41.779219], [-70.011165, 41.780834999999996], [-70.011455, 41.78152999999999], [-70.011355, 41.781716], [-70.011864, 41.781589000000004], [-70.012068, 41.781860000000016], [-70.011788, 41.78225799999999], [-70.012086, 41.78238999999998], [-70.012434, 41.78222499999999], [-70.012577, 41.782386999999986], [-70.012501, 41.782762000000005], [-70.013135, 41.78307499999999], [-70.01323, 41.78323600000001], [-70.013109, 41.783460999999996], [-70.013456, 41.78376299999999], [-70.013736, 41.783713], [-70.013905, 41.78348199999999], [-70.014602, 41.78412300000001], [-70.014978, 41.78385099999999], [-70.015517, 41.784108], [-70.015742, 41.78439100000002], [-70.016006, 41.78415], [-70.016389, 41.78411700000003], [-70.016476, 41.78428199999999], [-70.016233, 41.78447499999999], [-70.01626100000001, 41.78463], [-70.016578, 41.784721000000005], [-70.016956, 41.784482999999994], [-70.017268, 41.784807], [-70.01772, 41.784696999999994], [-70.017744, 41.784855], [-70.017339, 41.785151000000006], [-70.01789, 41.785430999999996], [-70.019102, 41.784828], [-70.019391, 41.784843], [-70.019375, 41.785028], [-70.018835, 41.78533099999999], [-70.01889, 41.78603200000001], [-70.019476, 41.786459], [-70.020168, 41.786552999999984], [-70.020626, 41.786812000000005], [-70.020455, 41.787227], [-70.021199, 41.787135000000006], [-70.022149, 41.787487999999996], [-70.023767, 41.78860099999999], [-70.023722, 41.789496], [-70.023275, 41.79034], [-70.019101, 41.79438600000002], [-70.018147, 41.795052], [-70.017225, 41.79612900000001], [-70.016746, 41.79696399999999], [-70.015446, 41.79830299999998], [-70.013943, 41.79945399999999], [-70.012065, 41.800409], [-70.010208, 41.801084], [-70.039764, 41.81536100000002], [-70.041185, 41.816371000000004], [-70.040724, 41.835992000000005], [-70.040719, 41.85426300000001], [-70.040504, 41.865774], [-70.040979, 41.87582299999999], [-70.082652, 41.87039599999998], [-70.085397, 41.93562699999999], [-70.085262, 41.955936], [-70.086745, 41.991600000000005], [-70.087769, 42.007742000000015], [-70.090247, 42.014998999999996], [-70.094132, 42.02291799999999], [-70.100853, 42.03241100000001], [-70.106232, 42.037684], [-70.112845, 42.042909], [-70.117753, 42.045791], [-70.129144, 42.05143500000001], [-70.133834, 42.05303500000001], [-70.140014, 42.05476700000002], [-70.143682, 42.05604500000001], [-70.147534, 42.056726000000005], [-70.147545, 42.03949100000002], [-70.165368, 42.037940000000006], [-70.163798, 42.037181000000004], [-70.162684, 42.035819000000004], [-70.162063, 42.034014000000006], [-70.162446, 42.03193100000001], [-70.163518, 42.029774999999994], [-70.168568, 42.02449400000001], [-70.173679, 42.02040399999999], [-70.176349, 42.019184], [-70.181763, 42.017843000000006], [-70.183083, 42.01738599999998], [-70.186358, 42.01706500000001], [-70.192571, 42.01702000000001], [-70.196212, 42.01762200000001], [-70.19869, 42.01821400000001], [-70.212267, 42.02855000000001], [-70.216999, 42.03365000000001], [-70.21928, 42.037741999999994], [-70.221325, 42.041947], [-70.22776, 42.047748000000006], [-70.232093, 42.05151600000001], [-70.235691, 42.05381500000001], [-70.238584, 42.055032], [-70.241179, 42.055583], [-70.245211, 42.05695599999998], [-70.246887, 42.05817099999999], [-70.248424, 42.05949], [-70.250188, 42.06336700000001]]]}}, {"type": "Feature", "properties": {"district_name": "3rd Suffolk District", "chamber": "house", "vintage": "2022-present", "lean_dem_share": 0.8238, "competitiveness": "Safe", "competitiveness_label": "Safe D", "party_favored": "Democratic", "url": "/district/house-3rd-suffolk-district-2022-present/"}, "geometry": {"type": "Polygon", "coordinates": [[[-71.075936, 42.34391500000001], [-71.074488, 42.344297000000005], [-71.075253, 42.345884], [-71.071815, 42.34867700000001], [-71.073067, 42.351243], [-71.067533, 42.352513], [-71.064562, 42.35238300000001], [-71.063419, 42.35505999999999], [-71.061956, 42.356534], [-71.063169, 42.357748], [-71.062642, 42.357977000000005], [-71.062846, 42.358889], [-71.062911, 42.361229], [-71.063721, 42.36124100000001], [-71.063718, 42.363281], [-71.063388, 42.364193000000014], [-71.064806, 42.36559599999998], [-71.067492, 42.36630899999999], [-71.070644, 42.367949], [-71.069478, 42.36904599999999], [-71.063921, 42.369016000000016], [-71.062994, 42.36839100000001], [-71.059795, 42.368767], [-71.057141, 42.369982], [-71.054995, 42.370697], [-71.050895, 42.370697], [-71.049095, 42.371197], [-71.042596, 42.363798], [-71.049396, 42.354498], [-71.049595, 42.354496999999995], [-71.05218800000002, 42.351121], [-71.052186, 42.350922], [-71.054771, 42.347253], [-71.054788, 42.34687100000001], [-71.054469, 42.34677800000001], [-71.058757, 42.345554], [-71.05964, 42.344860000000004], [-71.060485, 42.345423999999994], [-71.060434, 42.34555], [-71.060555, 42.345476000000005], [-71.061254, 42.345938000000004], [-71.062529, 42.343009], [-71.06593, 42.34393599999999], [-71.069855, 42.345266], [-71.070684, 42.344464], [-71.074586, 42.34240799999999], [-71.075723, 42.343475], [-71.075936, 42.34391500000001]]]}}, {"type": "Feature", "properties": {"district_name": "5th Barnstable District", "chamber": "house", "vintage": "2022-present", "lean_dem_share": 0.5446, "competitiveness": "Lean", "competitiveness_label": "Lean D", "party_favored": "Democratic", "url": "/district/house-5th-barnstable-district-2022-present/"}, "geometry": {"type": "Polygon", "coordinates": [[[-70.632706, 41.73775899999999], [-70.625988, 41.74496899999999], [-70.623193, 41.745614999999994], [-70.62195, 41.746058999999995], [-70.620785, 41.747530000000005], [-70.621014, 41.74830300000001], [-70.621622, 41.748972], [-70.625156, 41.75114399999999], [-70.62501200000001, 41.75404000000001], [-70.629673, 41.760217000000004], [-70.630081, 41.76089899999998], [-70.63, 41.76125600000001], [-70.631157, 41.761855000000004], [-70.631129, 41.762158], [-70.63155, 41.762419], [-70.631471, 41.76271], [-70.632126, 41.76253400000002], [-70.632555, 41.76290399999999], [-70.602939, 41.774696000000006], [-70.565281, 41.786705000000005], [-70.537501, 41.810675], [-70.537005, 41.810277], [-70.53245, 41.804472999999994], [-70.531446, 41.80344600000001], [-70.525652, 41.79832300000002], [-70.522308, 41.795989], [-70.519442, 41.793254], [-70.518254, 41.79164], [-70.515336, 41.78936599999997], [-70.512484, 41.787614000000005], [-70.508331, 41.78574499999999], [-70.500849, 41.781447], [-70.49406, 41.77825], [-70.49441, 41.77812599999999], [-70.494834, 41.77665699999999], [-70.494971, 41.775297], [-70.493188, 41.77591099999998], [-70.493094, 41.77575100000001], [-70.494993, 41.77513000000001], [-70.493029, 41.773326000000004], [-70.492187, 41.77337799999998], [-70.490794, 41.773099], [-70.488736, 41.773352999999986], [-70.488001, 41.772714], [-70.488796, 41.77248999999999], [-70.489029, 41.772808], [-70.48931600000002, 41.77284500000002], [-70.490902, 41.772482999999994], [-70.488625, 41.77170199999997], [-70.487192, 41.770922], [-70.486934, 41.77095399999998], [-70.486382, 41.76992800000001], [-70.482552, 41.767574999999994], [-70.478837, 41.76620400000001], [-70.477275, 41.76581800000002], [-70.476891, 41.765488], [-70.477042, 41.76445799999998], [-70.476611, 41.76426200000001], [-70.474578, 41.765856], [-70.474483, 41.765779], [-70.475339, 41.764962000000004], [-70.475134, 41.76480200000002], [-70.474608, 41.76493999999998], [-70.474138, 41.764698], [-70.474311, 41.76454799999999], [-70.47376, 41.763232], [-70.47308, 41.762537], [-70.467395, 41.76093699999999], [-70.466857, 41.76054800000001], [-70.462933, 41.759255999999986], [-70.460055, 41.758613000000004], [-70.459242, 41.75812800000002], [-70.457417, 41.75755900000001], [-70.452861, 41.756429], [-70.450571, 41.755666999999995], [-70.448893, 41.75535699999999], [-70.44656, 41.75435700000001], [-70.446382, 41.7542], [-70.446558, 41.75408199999999], [-70.43716, 41.75139899999999], [-70.429928, 41.749765], [-70.42906, 41.749718000000016], [-70.427554, 41.749924], [-70.42753, 41.749731000000004], [-70.428482, 41.74834200000001], [-70.42878, 41.747648000000005], [-70.427181, 41.749357], [-70.426921, 41.75010199999999], [-70.425768, 41.748909999999995], [-70.4255, 41.748019], [-70.424798, 41.74732000000001], [-70.418966, 41.746086999999996], [-70.415609, 41.745660999999984], [-70.413692, 41.744842999999996], [-70.410154, 41.744066999999994], [-70.409289, 41.744059000000014], [-70.408357, 41.74375499999999], [-70.406539, 41.743481], [-70.404287, 41.743434000000015], [-70.401834, 41.742883], [-70.397683, 41.74249499999999], [-70.395896, 41.74156500000001], [-70.393187, 41.741269], [-70.390056, 41.740639000000016], [-70.388911, 41.740659], [-70.381211, 41.73983899999999], [-70.377945, 41.739669], [-70.377108, 41.73939699999999], [-70.37568, 41.739371999999996], [-70.374744, 41.738926], [-70.37208600000001, 41.738749000000006], [-70.368316, 41.73825399999999], [-70.364162, 41.73824799999999], [-70.363389, 41.738116999999995], [-70.364167, 41.73798800000001], [-70.362498, 41.73771900000001], [-70.346888, 41.736794], [-70.344584, 41.736839], [-70.343443, 41.736589000000016], [-70.340656, 41.736407], [-70.315039, 41.735575999999995], [-70.308062, 41.73560899999998], [-70.300366, 41.735262999999996], [-70.297874, 41.73544399999998], [-70.296027, 41.735273], [-70.294847, 41.73469099999999], [-70.2916, 41.73438300000001], [-70.290464, 41.73413599999999], [-70.288815, 41.733378000000016], [-70.28793, 41.73271299999998], [-70.285053, 41.73127600000001], [-70.281355, 41.72995300000002], [-70.278791, 41.72858600000001], [-70.278614, 41.727896], [-70.278361, 41.727609000000015], [-70.27673300000001, 41.72698500000001], [-70.273978, 41.72562299999999], [-70.27288, 41.724762], [-70.272815, 41.724132000000004], [-70.272999, 41.723766], [-70.273284, 41.723671000000024], [-70.276302, 41.72344400000001], [-70.277841, 41.72280200000001], [-70.278992, 41.72268199999999], [-70.280091, 41.72226500000001], [-70.281102, 41.722293000000015], [-70.282517, 41.72280399999999], [-70.283996, 41.724132000000004], [-70.284861, 41.724468], [-70.285579, 41.725526999999985], [-70.285366, 41.726104], [-70.28538, 41.72673500000001], [-70.286142, 41.727537], [-70.28689, 41.727515000000004], [-70.287308, 41.72703700000001], [-70.28872200000002, 41.726066], [-70.289155, 41.726115], [-70.289228, 41.72664200000001], [-70.28947, 41.726609], [-70.289492, 41.72599999999999], [-70.289228, 41.725747000000005], [-70.288876, 41.725686999999986], [-70.28889800000002, 41.725555], [-70.289096, 41.72527000000001], [-70.290005, 41.72479200000001], [-70.290694, 41.72418900000001], [-70.290812, 41.72316200000001], [-70.29145, 41.721537], [-70.292468, 41.72125700000001], [-70.292967, 41.721356], [-70.293707, 41.721229999999984], [-70.29526, 41.72184500000001], [-70.29688, 41.721889000000004], [-70.296718, 41.722131], [-70.296279, 41.722065], [-70.29633, 41.72227900000001], [-70.296059, 41.72247100000002], [-70.295722, 41.72246], [-70.295927, 41.72265800000001], [-70.29559, 41.723294], [-70.296315, 41.724579], [-70.296513, 41.724596], [-70.296425, 41.72419999999999], [-70.295905, 41.72308], [-70.296073, 41.72274500000001], [-70.296843, 41.72234999999999], [-70.298169, 41.72237799999999], [-70.29899700000001, 41.72273500000001], [-70.299473, 41.72319000000001], [-70.299759, 41.723848999999994], [-70.301173, 41.724826], [-70.301628, 41.725452000000004], [-70.302822, 41.72570000000001], [-70.302991, 41.72531500000001], [-70.302485, 41.725474], [-70.301965, 41.725259999999984], [-70.301459, 41.72408500000001], [-70.300822, 41.72377199999999], [-70.300338, 41.72320700000001], [-70.300038, 41.722669], [-70.300184, 41.722306999999994], [-70.29921000000002, 41.721922], [-70.298975, 41.721593], [-70.299225, 41.72136199999998], [-70.300727, 41.72129600000002], [-70.300983, 41.721159], [-70.2994, 41.72112099999999], [-70.297678, 41.721466], [-70.296836, 41.72093900000001], [-70.296872, 41.720516999999994], [-70.29774400000001, 41.72045099999999], [-70.298594, 41.72018200000001], [-70.299217, 41.720275], [-70.299591, 41.72056600000001], [-70.300478, 41.720292], [-70.302046, 41.720330000000004], [-70.30302800000001, 41.720479], [-70.303504, 41.720769999999995], [-70.30453, 41.720638], [-70.306853, 41.72189], [-70.307725, 41.72306999999998], [-70.307674, 41.72358], [-70.308055, 41.72446999999999], [-70.30861900000001, 41.725035], [-70.309564, 41.726847], [-70.310011, 41.726831000000004], [-70.311506, 41.72754399999999], [-70.312877, 41.72752200000001], [-70.314364, 41.72805499999998], [-70.315354, 41.72753900000001], [-70.315933, 41.72786199999999], [-70.316021, 41.727790999999996], [-70.315815, 41.72774700000001], [-70.315764, 41.72747300000001], [-70.315405, 41.72746200000001], [-70.315383, 41.72723100000001], [-70.316717, 41.72674200000001], [-70.31771300000001, 41.727011], [-70.318578, 41.72705000000001], [-70.318446, 41.727659000000024], [-70.318732, 41.727972000000015], [-70.318871, 41.727829], [-70.31882, 41.72725299999998], [-70.31915, 41.726972999999994], [-70.318431, 41.726473000000006], [-70.319113, 41.726424], [-70.321319, 41.725786999999976], [-70.321634, 41.72590699999999], [-70.321158, 41.72628599999999], [-70.321575, 41.726116], [-70.322037, 41.72633600000001], [-70.322227, 41.726122000000004], [-70.321964, 41.726203999999996], [-70.321971, 41.725863], [-70.321495, 41.725606000000006], [-70.321854, 41.725408000000016], [-70.323862, 41.725298000000016], [-70.325584, 41.725598999999995], [-70.327452, 41.72569500000001], [-70.327885, 41.725395999999996], [-70.328537, 41.725347], [-70.329497, 41.724946], [-70.331732, 41.724786], [-70.336268, 41.724906], [-70.34089200000001, 41.72392700000001], [-70.342174, 41.72405299999999], [-70.342734, 41.72359800000001], [-70.343675, 41.722248999999984], [-70.343169, 41.722052000000005], [-70.344532, 41.720413], [-70.344445, 41.71964499999999], [-70.344367, 41.71937900000001], [-70.3433, 41.71973199999999], [-70.342223, 41.719639], [-70.340838, 41.719024999999995], [-70.34149, 41.71881600000001], [-70.342824, 41.71900200000002], [-70.343957, 41.718827], [-70.343783, 41.718782000000026], [-70.343776, 41.718475], [-70.34434, 41.718316], [-70.344142, 41.717783], [-70.344779, 41.71637199999999], [-70.344075, 41.71547799999999], [-70.345313, 41.714938999999994], [-70.343847, 41.715401], [-70.341517, 41.71444600000002], [-70.340352, 41.71349099999999], [-70.337802, 41.71271799999999], [-70.338087, 41.71194400000001], [-70.337674, 41.71182999999999], [-70.338364, 41.70979199999999], [-70.339275, 41.708064], [-70.340305, 41.707381000000005], [-70.3407, 41.70744099999998], [-70.341536, 41.708204], [-70.342174, 41.708561], [-70.342679, 41.709236], [-70.343546, 41.709689999999995], [-70.343731, 41.709593000000034], [-70.343654, 41.70930700000001], [-70.3438, 41.709130999999985], [-70.343902, 41.708186999999995], [-70.344583, 41.70725899999999], [-70.344326, 41.706902], [-70.343777, 41.706655], [-70.341454, 41.706452999999996], [-70.341505, 41.705701], [-70.340772, 41.705179000000015], [-70.341072, 41.704103], [-70.341519, 41.70386700000002], [-70.341841, 41.703241000000006], [-70.341086, 41.700743999999986], [-70.34063400000001, 41.699887], [-70.340919, 41.699484000000005], [-70.339932, 41.69772199999999], [-70.339824, 41.69721199999999], [-70.340853, 41.697109], [-70.343507, 41.696222000000006], [-70.345047, 41.695055999999994], [-70.346239, 41.693493000000004], [-70.346847, 41.691175], [-70.348048, 41.68926800000001], [-70.352056, 41.68652600000002], [-70.354177, 41.68348100000001], [-70.356372, 41.68189499999999], [-70.356096, 41.68146500000002], [-70.356939, 41.679277], [-70.358895, 41.67879799999999], [-70.36008, 41.6788], [-70.3593, 41.677735], [-70.359291, 41.676286000000005], [-70.358981, 41.67573699999999], [-70.361913, 41.67271900000001], [-70.364574, 41.67447599999999], [-70.368733, 41.67645699999999], [-70.369581, 41.676705000000005], [-70.370875, 41.676764], [-70.377967, 41.676410000000004], [-70.379016, 41.67418000000001], [-70.379869, 41.67322000000001], [-70.381037, 41.671341], [-70.382788, 41.66996000000002], [-70.383739, 41.6689], [-70.385568, 41.66776700000002], [-70.385443, 41.666772999999985], [-70.385658, 41.66637400000001], [-70.385216, 41.666088], [-70.385158, 41.665414], [-70.384661, 41.66424500000001], [-70.384091, 41.663298], [-70.382662, 41.66168899999999], [-70.381397, 41.65987500000001], [-70.378414, 41.65824200000001], [-70.377457, 41.657523999999995], [-70.376256, 41.65719200000002], [-70.374272, 41.657033000000006], [-70.37365, 41.65680900000001], [-70.372998, 41.655840000000005], [-70.372734, 41.65439800000001], [-70.371461, 41.652260000000005], [-70.394933, 41.653507], [-70.398413, 41.653406999999994], [-70.405829, 41.65209200000001], [-70.413798, 41.65106500000002], [-70.415081, 41.65074100000001], [-70.418393, 41.649353], [-70.426212, 41.64751699999999], [-70.429966, 41.64638299999999], [-70.431488, 41.64701899999999], [-70.432678, 41.64822800000002], [-70.433052, 41.64877000000003], [-70.433261, 41.64992200000001], [-70.433844, 41.651002], [-70.434672, 41.65146099999998], [-70.436998, 41.653843000000016], [-70.437431, 41.65570700000001], [-70.438247, 41.656283000000016], [-70.440181, 41.65672800000001], [-70.442698, 41.65699899999999], [-70.443976, 41.65469300000001], [-70.445676, 41.652972999999996], [-70.445641, 41.652417000000014], [-70.445209, 41.65156999999999], [-70.445236, 41.650967000000016], [-70.445495, 41.65146500000002], [-70.446372, 41.65211899999999], [-70.44674, 41.652666], [-70.447234, 41.653029], [-70.447897, 41.652347000000006], [-70.451059, 41.65691200000001], [-70.458737, 41.664041], [-70.471112, 41.66596400000001], [-70.471688, 41.664435], [-70.472326, 41.66393299999999], [-70.47355400000001, 41.662179], [-70.474978, 41.660537000000005], [-70.475371, 41.659745000000015], [-70.480554, 41.661024000000005], [-70.482171, 41.66597500000001], [-70.475879, 41.67674900000002], [-70.475076, 41.67679400000001], [-70.474925, 41.678456], [-70.475269, 41.679683], [-70.475553, 41.682421000000005], [-70.478058, 41.68512900000001], [-70.496004, 41.683591], [-70.49720000000002, 41.683482000000005], [-70.49677, 41.678087000000005], [-70.493852, 41.676831], [-70.49386, 41.676112999999994], [-70.493688, 41.67573699999999], [-70.493907, 41.674626], [-70.493577, 41.673700000000004], [-70.493694, 41.67279200000001], [-70.494018, 41.672283], [-70.49473900000001, 41.672052999999984], [-70.49524, 41.671485], [-70.497392, 41.671410000000016], [-70.49746000000002, 41.671119000000004], [-70.497098, 41.670727], [-70.497175, 41.670649], [-70.511373, 41.676097999999996], [-70.51344, 41.673775], [-70.515497, 41.668806], [-70.516375, 41.664987], [-70.516458, 41.663945000000005], [-70.519344, 41.65676799999999], [-70.520048, 41.655624], [-70.520805, 41.654998000000006], [-70.523175, 41.650439], [-70.530504, 41.644367999999986], [-70.5332, 41.64253399999998], [-70.535776, 41.641386000000004], [-70.537017, 41.63987099999999], [-70.538076, 41.63900399999999], [-70.539647, 41.637212000000005], [-70.5679, 41.64553400000002], [-70.567682, 41.646137], [-70.567705, 41.64694800000001], [-70.568042, 41.64748799999999], [-70.568841, 41.64804], [-70.568924, 41.64854500000002], [-70.568055, 41.648782999999995], [-70.567481, 41.649183000000015], [-70.566319, 41.651602000000004], [-70.566284, 41.65222099999998], [-70.566889, 41.654139000000015], [-70.566773, 41.655965], [-70.566553, 41.656513], [-70.56145, 41.66132199999999], [-70.560476, 41.661912], [-70.559152, 41.66307200000001], [-70.557628, 41.664970000000004], [-70.553086, 41.66869599999999], [-70.552479, 41.66951800000001], [-70.550508, 41.671248999999996], [-70.546811, 41.676512], [-70.545924, 41.679928999999994], [-70.545308, 41.680825], [-70.545273, 41.681965999999996], [-70.544573, 41.683775000000004], [-70.542843, 41.68674], [-70.541983, 41.68787900000001], [-70.541344, 41.689937], [-70.541002, 41.690427000000014], [-70.541084, 41.69149200000002], [-70.540633, 41.692339], [-70.540649, 41.69359800000001], [-70.540385, 41.695350000000005], [-70.540964, 41.696504000000004], [-70.541731, 41.69879600000001], [-70.541715, 41.699702000000016], [-70.544937, 41.69935799999999], [-70.547125, 41.69893700000001], [-70.548346, 41.69888900000001], [-70.548795, 41.699128], [-70.549942, 41.70020700000001], [-70.550923, 41.70074], [-70.553434, 41.701759999999986], [-70.555543, 41.702344], [-70.556682, 41.703151], [-70.559231, 41.704045999999984], [-70.560926, 41.705471], [-70.561396, 41.70645400000001], [-70.565337, 41.707172], [-70.566094, 41.707536], [-70.56664, 41.708303], [-70.567163, 41.708578], [-70.568863, 41.708975], [-70.569509, 41.70894500000001], [-70.570664, 41.708442], [-70.57251, 41.706537999999995], [-70.573087, 41.704849], [-70.57359, 41.70442499999999], [-70.576287, 41.704077], [-70.576837, 41.703877], [-70.577474, 41.704143], [-70.578417, 41.70506100000001], [-70.57979, 41.705163], [-70.581466, 41.704659000000014], [-70.582439, 41.70461800000002], [-70.583278, 41.704181], [-70.58402, 41.70417400000001], [-70.583346, 41.709843000000006], [-70.583384, 41.711741], [-70.586714, 41.71156100000001], [-70.586752, 41.711741999999994], [-70.587905, 41.712531000000006], [-70.588038, 41.711871], [-70.588556, 41.711579000000015], [-70.591453, 41.71178799999999], [-70.59351300000002, 41.711619], [-70.594031, 41.711728], [-70.594874, 41.712430000000005], [-70.596425, 41.713088000000006], [-70.598082, 41.710604000000004], [-70.600745, 41.70864399999999], [-70.603471, 41.70697500000001], [-70.607587, 41.705847], [-70.60869, 41.705729000000005], [-70.609021, 41.709133], [-70.609, 41.71065299999999], [-70.609361, 41.712223], [-70.609324, 41.71482099999999], [-70.609075, 41.71582700000001], [-70.609162, 41.716902], [-70.609026, 41.717724], [-70.6077, 41.719941000000006], [-70.605123, 41.72070799999999], [-70.603869, 41.722123], [-70.602759, 41.721656], [-70.601771, 41.721833], [-70.600049, 41.721728999999996], [-70.597915, 41.722005], [-70.596125, 41.72128699999999], [-70.593503, 41.721213000000006], [-70.59274, 41.72085899999999], [-70.592404, 41.72096600000001], [-70.591867, 41.72150299999999], [-70.591716, 41.722010999999995], [-70.591863, 41.72253499999999], [-70.592163, 41.72290300000001], [-70.5918, 41.723731], [-70.591628, 41.723483], [-70.588382, 41.723542], [-70.587984, 41.723355000000005], [-70.58562, 41.72321400000001], [-70.585783, 41.724748], [-70.58493, 41.72568399999997], [-70.584631, 41.725756000000004], [-70.584596, 41.72652500000002], [-70.584476, 41.72659599999999], [-70.584262, 41.726506], [-70.584242, 41.72523900000001], [-70.584036, 41.73368800000001], [-70.584395, 41.735799], [-70.586269, 41.74226899999999], [-70.586227, 41.74262999999999], [-70.58592, 41.742988999999994], [-70.585919, 41.74331900000001], [-70.58632, 41.743570999999996], [-70.586975, 41.74354], [-70.58718700000001, 41.74417800000002], [-70.589514, 41.74772600000001], [-70.593012, 41.74663699999999], [-70.611416, 41.742862], [-70.614757, 41.741662000000005], [-70.615478, 41.741164], [-70.622268, 41.73785799999998], [-70.625683, 41.736633], [-70.629359, 41.73632899999999], [-70.630959, 41.736681], [-70.632706, 41.73775899999999]]]}}, {"type": "Feature", "properties": {"district_name": "4th Suffolk District", "chamber": "house", "vintage": "2022-present", "lean_dem_share": 0.8238, "competitiveness": "Safe", "competitiveness_label": "Safe D", "party_favored": "Democratic", "url": "/district/house-4th-suffolk-district-2022-present/"}, "geometry": {"type": "Polygon", "coordinates": [[[-71.063553, 42.330791000000005], [-71.060584, 42.335446], [-71.060042, 42.33656400000002], [-71.059697, 42.336801], [-71.060001, 42.340054999999985], [-71.059983, 42.34207099999999], [-71.059782, 42.34298499999998], [-71.059265, 42.343989000000015], [-71.058143, 42.34564699999999], [-71.054469, 42.34677800000001], [-71.054788, 42.34687100000001], [-71.054771, 42.347253], [-71.052186, 42.350922], [-71.05218800000002, 42.351121], [-71.049595, 42.354496999999995], [-71.049396, 42.354498], [-71.045566, 42.359733], [-71.045564, 42.358246], [-71.045828, 42.357227], [-71.032422, 42.353091], [-71.02979500000001, 42.35178899999999], [-71.028363, 42.35409899999999], [-71.010994, 42.34269800000001], [-70.988173, 42.34344700000002], [-70.975094, 42.34349900000001], [-70.972893, 42.35359699999999], [-70.968935, 42.35592500000001], [-70.96882, 42.35586600000001], [-70.967257, 42.35706900000001], [-70.967048, 42.356954], [-70.917892, 42.38599700000002], [-70.901292, 42.384098000000016], [-70.851436, 42.393209000000006], [-70.749487, 42.400820000000024], [-70.648072, 42.40562799999999], [-70.652005, 42.39293899999999], [-70.658723, 42.375097999999994], [-70.67569, 42.375097999999994], [-70.74947, 42.37333999999999], [-70.851191, 42.372499], [-70.894292, 42.372398999999994], [-70.905692, 42.316999], [-70.917091, 42.314198000000005], [-70.927191, 42.310097999999996], [-70.937091, 42.311097999999994], [-70.948991, 42.301298], [-70.960192, 42.29949800000001], [-70.975992, 42.300097999999984], [-70.981781, 42.308382], [-70.988693, 42.31359800000001], [-70.998593, 42.31199800000001], [-71.002093, 42.308697999999985], [-71.009991, 42.30518], [-71.015393, 42.30669799999998], [-71.022093, 42.305598], [-71.028395, 42.30879899999999], [-71.028195, 42.324599], [-71.037194, 42.324797999999994], [-71.044999, 42.324596], [-71.045109, 42.32399199999999], [-71.046227, 42.323285], [-71.047841, 42.32259200000001], [-71.050283, 42.321864000000026], [-71.050244, 42.32201700000002], [-71.05123000000002, 42.32140599999999], [-71.052456, 42.32146600000002], [-71.052904, 42.32286999999999], [-71.053787, 42.323994000000006], [-71.05685, 42.326288999999996], [-71.056868, 42.32686700000001], [-71.055984, 42.32684999999999], [-71.055997, 42.327774999999995], [-71.056173, 42.32801099999999], [-71.056915, 42.32803499999998], [-71.057017, 42.329511], [-71.058124, 42.327514], [-71.058951, 42.328795], [-71.059288, 42.329972999999995], [-71.063553, 42.330791000000005]]]}}, {"type": "Feature", "properties": {"district_name": "Barnstable-Dukes-Nantucket District", "chamber": "house", "vintage": "2022-present", "lean_dem_share": 0.711, "competitiveness": "Safe", "competitiveness_label": "Safe D", "party_favored": "Democratic", "url": "/district/house-barnstable-dukes-nantucket-district-2022-present/"}, "geometry": {"type": "Polygon", "coordinates": [[[-71.051854, 41.416729], [-70.999482, 41.442372], [-70.956821, 41.46247200000001], [-70.91481, 41.483092], [-70.879213, 41.500105999999995], [-70.763776, 41.55660700000001], [-70.758464, 41.560930999999975], [-70.749476, 41.55639], [-70.697498, 41.527158], [-70.664171, 41.542882999999996], [-70.65623, 41.56651400000001], [-70.648153, 41.57145199999999], [-70.647207, 41.57853899999999], [-70.654276, 41.605216000000006], [-70.654383, 41.62321099999999], [-70.638991, 41.623945000000006], [-70.638717, 41.623332999999995], [-70.637426, 41.62170299999998], [-70.63718, 41.620713], [-70.637538, 41.61971700000001], [-70.639648, 41.61758999999999], [-70.638753, 41.616967], [-70.639534, 41.61612300000001], [-70.63954, 41.615656], [-70.638081, 41.615094000000006], [-70.636926, 41.615049], [-70.633748, 41.614535000000004], [-70.631347, 41.613953], [-70.631685, 41.61293500000001], [-70.632053, 41.612764], [-70.634739, 41.61287000000001], [-70.636259, 41.612293], [-70.638024, 41.612111], [-70.639228, 41.612322], [-70.641311, 41.612342999999996], [-70.641977, 41.611978], [-70.641053, 41.611092], [-70.640273, 41.60998399999999], [-70.640414, 41.609893], [-70.640222, 41.609643], [-70.637118, 41.608739000000014], [-70.63611, 41.608097000000036], [-70.635677, 41.607487], [-70.634549, 41.607558], [-70.63440900000002, 41.607265999999996], [-70.631753, 41.61114800000002], [-70.629076, 41.610848000000004], [-70.628566, 41.61132700000002], [-70.626587, 41.61214399999998], [-70.625125, 41.613965], [-70.622915, 41.615531], [-70.622609, 41.61643800000001], [-70.62283, 41.617673999999994], [-70.61494, 41.615161999999984], [-70.613399, 41.614881], [-70.612289, 41.614786999999986], [-70.610951, 41.61511100000002], [-70.609676, 41.61514599999998], [-70.607468, 41.614498], [-70.60681, 41.614450000000005], [-70.604062, 41.61529700000001], [-70.602727, 41.61539300000001], [-70.600612, 41.614759], [-70.598184, 41.61462500000001], [-70.597309, 41.61437199999999], [-70.59343, 41.61203100000001], [-70.591729, 41.611472000000006], [-70.589065, 41.611331], [-70.584239, 41.611449000000015], [-70.583626, 41.61129600000002], [-70.579968, 41.60984599999999], [-70.578825, 41.60888599999999], [-70.576677, 41.607661], [-70.575045, 41.60639600000001], [-70.57336800000002, 41.604634], [-70.572829, 41.603254], [-70.572708, 41.60238699999999], [-70.573074, 41.60119999999999], [-70.573058, 41.600536000000005], [-70.573403, 41.600269999999995], [-70.574798, 41.597925], [-70.576351, 41.598692000000014], [-70.578413, 41.59825200000001], [-70.579423, 41.59946500000001], [-70.579876, 41.59973900000001], [-70.580308, 41.599911], [-70.581245, 41.59989099999999], [-70.583273, 41.600764], [-70.58668, 41.599726], [-70.587149, 41.599179000000014], [-70.588768, 41.59867400000001], [-70.589801, 41.598091000000004], [-70.591584, 41.597389000000014], [-70.592355, 41.596935000000016], [-70.59260000000002, 41.596531], [-70.592494, 41.59530999999999], [-70.592118, 41.594159999999995], [-70.591083, 41.59318100000002], [-70.590327, 41.592014000000006], [-70.5886, 41.591331000000004], [-70.587174, 41.59133100000001], [-70.585535, 41.591641], [-70.585402, 41.591576999999994], [-70.585541, 41.59134199999999], [-70.58546, 41.59116800000001], [-70.582833, 41.589455], [-70.5851, 41.587138999999986], [-70.589753, 41.581382000000005], [-70.592917, 41.57693], [-70.594082, 41.573564000000005], [-70.59463700000002, 41.56874500000001], [-70.596102, 41.56445899999999], [-70.593288, 41.563949], [-70.592686, 41.560816], [-70.59216600000002, 41.559476], [-70.592165, 41.55842800000001], [-70.591939, 41.557916999999996], [-70.591319, 41.554272], [-70.590606, 41.55331200000001], [-70.58909500000001, 41.550661999999996], [-70.589296, 41.549429], [-70.588827, 41.545753000000005], [-70.588958, 41.545177], [-70.591852, 41.545439], [-70.59183, 41.54523599999999], [-70.592743, 41.54536800000001], [-70.593825, 41.54529599999999], [-70.59381, 41.54509800000001], [-70.594512, 41.545027], [-70.59525, 41.545175], [-70.595206, 41.54487800000001], [-70.596601, 41.54470800000001], [-70.596601, 41.544433000000005], [-70.597514, 41.54412599999999], [-70.597346, 41.54386199999999], [-70.601437, 41.542186000000015], [-70.602263, 41.54199400000001], [-70.603249, 41.542015000000006], [-70.603307, 41.541889000000005], [-70.606596, 41.542837999999996], [-70.607239, 41.54282100000001], [-70.608225, 41.54247999999999], [-70.609015, 41.542848], [-70.610053, 41.543033999999984], [-70.611879, 41.542874], [-70.61399, 41.542208999999986], [-70.615101, 41.542378000000014], [-70.616285, 41.54226199999999], [-70.616723, 41.542031999999985], [-70.616701, 41.541745999999996], [-70.617007, 41.541554], [-70.617241, 41.541554], [-70.617227, 41.54178999999998], [-70.617585, 41.541828], [-70.61776, 41.541799999999995], [-70.617636, 41.54153199999998], [-70.617826, 41.54150400000001], [-70.618082, 41.54185000000002], [-70.620544, 41.54134299999999], [-70.622991, 41.54122100000001], [-70.62641, 41.540192000000005], [-70.62678300000002, 41.539911999999994], [-70.629676, 41.539485000000006], [-70.631796, 41.53884899999999], [-70.631803, 41.538734000000005], [-70.633535, 41.53838300000002], [-70.633711, 41.538163999999995], [-70.634741, 41.537851], [-70.634697, 41.537708999999985], [-70.63863, 41.53601899999999], [-70.640895, 41.534686], [-70.642196, 41.533764999999995], [-70.645639, 41.530543], [-70.646224, 41.52971999999999], [-70.646217, 41.52938000000001], [-70.647387, 41.528093000000005], [-70.647185, 41.52793500000002], [-70.647752, 41.52772800000002], [-70.648366, 41.527173999999995], [-70.64841, 41.526855], [-70.6489, 41.526433000000004], [-70.649002, 41.52606500000001], [-70.649563, 41.52546600000002], [-70.649389, 41.525316999999994], [-70.650033, 41.52460499999999], [-70.650055, 41.52415499999999], [-70.650947, 41.52329300000001], [-70.651561, 41.522163], [-70.653493, 41.520243000000015], [-70.653778, 41.51976100000001], [-70.654302, 41.518052000000004], [-70.654295, 41.51760100000001], [-70.653835, 41.51663500000001], [-70.653814, 41.516278], [-70.654494, 41.515417], [-70.655122, 41.51512600000001], [-70.668001, 41.51198800000001], [-70.664005, 41.508430000000004], [-70.658182, 41.500108999999995], [-70.65732, 41.49835199999999], [-70.653136, 41.492786], [-70.65000900000001, 41.488009000000005], [-70.646412, 41.489323], [-70.640223, 41.491977], [-70.627355, 41.498359999999984], [-70.624473, 41.500108999999995], [-70.602979, 41.511801999999996], [-70.539279, 41.508126], [-70.502832, 41.500635], [-70.50860300000001, 41.498965], [-70.504182, 41.494858], [-70.499472, 41.488233], [-70.494942, 41.479631999999995], [-70.49165800000002, 41.47100900000001], [-70.489689, 41.462976999999995], [-70.485385, 41.463802999999984], [-70.475994, 41.46614099999998], [-70.46395, 41.468], [-70.448007, 41.469355], [-70.436449, 41.46891900000001], [-70.421087, 41.46441600000002], [-70.405928, 41.457012999999996], [-70.392892, 41.44548], [-70.385874, 41.43372099999999], [-70.380807, 41.411996], [-70.380693, 41.385361], [-70.382163, 41.375117999999986], [-70.383449, 41.369933], [-70.370112, 41.36876899999999], [-70.367698, 41.37142700000001], [-70.362641, 41.375117999999986], [-70.353085, 41.381454999999995], [-70.338289, 41.38854999999999], [-70.323593, 41.391607], [-70.308734, 41.390693000000006], [-70.302438, 41.38962500000001], [-70.294179, 41.39144600000001], [-70.283214, 41.39288499999999], [-70.267283, 41.393426000000005], [-70.258549, 41.392106999999996], [-70.249463, 41.390049], [-70.247689, 41.38989099999999], [-70.238142, 41.38620499999999], [-70.233576, 41.38263999999998], [-70.224936, 41.37512000000002], [-70.221622, 41.371769], [-70.21733400000001, 41.364996999999995], [-70.215115, 41.360274999999994], [-70.208297, 41.35802499999999], [-70.198383, 41.35902500000001], [-70.187287, 41.358380000000004], [-70.174906, 41.357290000000006], [-70.159992, 41.35224200000002], [-70.148699, 41.345215999999986], [-70.13794, 41.346371000000005], [-70.132231, 41.348731], [-70.124461, 41.35132699999998], [-70.119335, 41.352638000000006], [-70.110095, 41.353592], [-70.101618, 41.35345000000001], [-70.09784400000001, 41.353584000000005], [-70.103251, 41.359705], [-70.107199, 41.365213000000004], [-70.111328, 41.37038899999998], [-70.11644, 41.38616500000001], [-70.116541, 41.39513199999999], [-70.112734, 41.408126], [-70.105819, 41.419866], [-70.094412, 41.43081], [-70.078847, 41.438015], [-70.06517400000001, 41.442687], [-70.044272, 41.44380099999999], [-70.025902, 41.441079], [-70.006467, 41.43389800000001], [-69.999458, 41.42843199999999], [-69.98922700000001, 41.421225], [-69.98177500000001, 41.41520800000001], [-69.974592, 41.40892200000001], [-69.969634, 41.403510999999995], [-69.957745, 41.38725], [-69.943801, 41.36671700000001], [-69.938456, 41.357645000000005], [-69.929837, 41.34532299999999], [-69.92644, 41.33879399999998], [-69.921579, 41.332398], [-69.91495, 41.32419500000001], [-69.910093, 41.317263], [-69.906211, 41.31080000000001], [-69.898321, 41.29700299999999], [-69.894885, 41.29037199999999], [-69.893789, 41.286925000000004], [-69.89295900000002, 41.28364299999999], [-69.89244500000001, 41.27909000000001], [-69.8925, 41.27621099999999], [-69.892209, 41.271323], [-69.894472, 41.25923999999999], [-69.896044, 41.254119], [-69.897743, 41.25012199999999], [-69.89901, 41.24553800000001], [-69.902992, 41.238416], [-69.910319, 41.226849], [-69.915842, 41.220939], [-69.922911, 41.21583999999999], [-69.930953, 41.21054300000001], [-69.942008, 41.204519999999995], [-69.953586, 41.19967199999999], [-69.973182, 41.193545000000015], [-69.983151, 41.191403], [-69.999457, 41.188305], [-70.012483, 41.18705299999999], [-70.025702, 41.187102], [-70.039705, 41.18819200000001], [-70.051647, 41.190908], [-70.072666, 41.19163400000001], [-70.109684, 41.189803000000005], [-70.12446, 41.19242200000001], [-70.135855, 41.194649], [-70.16117, 41.20068999999998], [-70.178851, 41.204530999999996], [-70.217017, 41.21817599999999], [-70.227997, 41.22266400000001], [-70.239982, 41.228463], [-70.285736, 41.242346000000005], [-70.294484, 41.246499000000014], [-70.314298, 41.260532000000005], [-70.33509000000001, 41.272779], [-70.344083, 41.27614600000001], [-70.357554, 41.27259600000002], [-70.374466, 41.26945800000001], [-70.386671, 41.27128199999999], [-70.396777, 41.273013999999996], [-70.408733, 41.277294000000005], [-70.414493, 41.273953], [-70.429075, 41.268651000000006], [-70.444758, 41.265513000000006], [-70.459851, 41.26525300000001], [-70.475635, 41.270219999999995], [-70.493308, 41.279975], [-70.499469, 41.28574100000001], [-70.512199, 41.298313], [-70.530599, 41.299198999999994], [-70.54521000000001, 41.299672000000015], [-70.571848, 41.30009399999999], [-70.593135, 41.299843999999986], [-70.606672, 41.29940999999999], [-70.62447, 41.298382], [-70.655087, 41.29616499999999], [-70.68502, 41.293176], [-70.686615, 41.292058999999995], [-70.689055, 41.290937000000014], [-70.692874, 41.28963900000001], [-70.700169, 41.289058000000004], [-70.703106, 41.28904], [-70.704591, 41.28483399999999], [-70.707362, 41.280218], [-70.711063, 41.27485699999999], [-70.716499, 41.26945200000001], [-70.721634, 41.265861], [-70.726731, 41.26311000000002], [-70.734843, 41.25923100000001], [-70.734065, 41.256147999999996], [-70.734045, 41.253327000000006], [-70.733667, 41.25011600000003], [-70.73475300000001, 41.24625999999999], [-70.738908, 41.236427], [-70.744307, 41.22603000000001], [-70.749473, 41.22017299999998], [-70.754188, 41.216091], [-70.767837, 41.20648999999999], [-70.783582, 41.201219], [-70.80595, 41.19874200000001], [-70.823645, 41.20064899999999], [-70.847746, 41.20581399999999], [-70.866343, 41.215397], [-70.874474, 41.221380999999994], [-70.877327, 41.224143999999995], [-70.884973, 41.23378399999999], [-70.890541, 41.24309099999999], [-70.89245700000001, 41.25011200000001], [-70.894203, 41.25943899999999], [-70.893595, 41.267993999999995], [-70.890337, 41.27736199999999], [-70.885683, 41.28506600000001], [-70.878182, 41.29214699999999], [-70.874475, 41.29496799999998], [-70.870027, 41.29706799999999], [-70.874474, 41.30134999999999], [-70.877963, 41.30370800000001], [-70.884472, 41.31016199999997], [-70.891363, 41.318817999999986], [-70.897722, 41.327411000000005], [-70.901005, 41.334613], [-70.903815, 41.346727], [-70.903739, 41.35508000000001], [-70.901866, 41.36177], [-70.896017, 41.37014800000001], [-70.902603, 41.36761300000002], [-70.918399, 41.363033], [-70.938664, 41.353986000000006], [-70.955752, 41.35016100000001], [-70.970521, 41.34918700000001], [-70.979229, 41.349643999999984], [-70.990748, 41.351288999999994], [-70.99948, 41.354103], [-71.006315, 41.357319], [-71.014799, 41.362019999999994], [-71.020472, 41.366723], [-71.026103, 41.37169300000001], [-71.032701, 41.38027300000001], [-71.037211, 41.388908000000015], [-71.039918, 41.398259], [-71.038114, 41.405453], [-71.033604, 41.41408500000001], [-71.051854, 41.416729]]]}}, {"type": "Feature", "properties": {"district_name": "5th Suffolk District", "chamber": "house", "vintage": "2022-present", "lean_dem_share": 0.8238, "competitiveness": "Safe", "competitiveness_label": "Safe D", "party_favored": "Democratic", "url": "/district/house-5th-suffolk-district-2022-present/"}, "geometry": {"type": "Polygon", "coordinates": [[[-71.10485, 42.30232], [-71.103303, 42.30382800000001], [-71.103079, 42.30478900000001], [-71.102713, 42.30526900000001], [-71.10269, 42.30596599999999], [-71.101977, 42.30598400000001], [-71.101486, 42.306574], [-71.100716, 42.30656599999998], [-71.100248, 42.307861999999986], [-71.099954, 42.30789800000001], [-71.09934, 42.308834000000004], [-71.099384, 42.309076], [-71.09807, 42.30972200000001], [-71.097796, 42.31141900000001], [-71.097488, 42.311856999999996], [-71.096391, 42.312391999999996], [-71.095145, 42.313282000000015], [-71.093977, 42.31269400000001], [-71.093603, 42.31215000000001], [-71.093104, 42.31232700000001], [-71.092028, 42.31366800000001], [-71.08993, 42.312628999999994], [-71.088331, 42.31461], [-71.08372400000002, 42.313236], [-71.083644, 42.313093], [-71.084258, 42.312598], [-71.085426, 42.312174999999996], [-71.086956, 42.310235], [-71.085298, 42.309415000000016], [-71.084739, 42.31014299999998], [-71.082804, 42.309331], [-71.080312, 42.312418], [-71.08097, 42.31277600000001], [-71.080766, 42.313495999999994], [-71.081632, 42.313681], [-71.083641, 42.31354499999999], [-71.083673, 42.314392999999995], [-71.08285, 42.316362], [-71.084424, 42.316772999999976], [-71.085492, 42.316741], [-71.086508, 42.317052999999994], [-71.086225, 42.318236999999975], [-71.082367, 42.317233], [-71.081789, 42.318269999999984], [-71.080863, 42.31775600000002], [-71.078962, 42.316249], [-71.078215, 42.315870999999994], [-71.077761, 42.318606], [-71.07774600000002, 42.320431], [-71.075522, 42.32057299999999], [-71.075399, 42.32124799999999], [-71.076373, 42.321439], [-71.074641, 42.323237999999996], [-71.075811, 42.324146], [-71.075076, 42.3253], [-71.074903, 42.325206999999985], [-71.073511, 42.325539000000006], [-71.071479, 42.326687000000014], [-71.069136, 42.32505100000001], [-71.065756, 42.32137399999999], [-71.063154, 42.320978000000004], [-71.061865, 42.32047699999999], [-71.061481, 42.32050000000001], [-71.060846, 42.319911000000005], [-71.061915, 42.31790500000002], [-71.063382, 42.31452400000001], [-71.064602, 42.314769000000005], [-71.064213, 42.314105], [-71.064431, 42.313741], [-71.064151, 42.31295800000001], [-71.064413, 42.31256900000001], [-71.061724, 42.310556000000005], [-71.060224, 42.31007200000002], [-71.05981, 42.31019], [-71.059574, 42.31055100000001], [-71.057896, 42.30995899999997], [-71.059796, 42.301537999999994], [-71.060149, 42.30215], [-71.061916, 42.301665], [-71.062293, 42.302308], [-71.067367, 42.301007000000006], [-71.066227, 42.30032599999999], [-71.072089, 42.29873], [-71.072927, 42.29957900000001], [-71.073641, 42.299371], [-71.074675, 42.300237], [-71.076309, 42.301073], [-71.077489, 42.30201199999999], [-71.078534, 42.303388], [-71.079027, 42.30299300000001], [-71.079526, 42.302917999999984], [-71.08069000000002, 42.303892], [-71.079561, 42.304621999999995], [-71.080563, 42.30543999999998], [-71.083191, 42.30367599999999], [-71.084389, 42.303525], [-71.084303, 42.30329], [-71.082236, 42.30169999999998], [-71.083716, 42.30091600000001], [-71.085727, 42.30195299999998], [-71.086992, 42.298142], [-71.090059, 42.297391], [-71.091437, 42.296865], [-71.094542, 42.29302100000001], [-71.096402, 42.293234999999996], [-71.103291, 42.299806], [-71.10383200000001, 42.300102], [-71.104661, 42.300271], [-71.104583, 42.301332], [-71.10485, 42.30232]]]}}, {"type": "Feature", "properties": {"district_name": "1st Berkshire District", "chamber": "house", "vintage": "2022-present", "lean_dem_share": 0.6853, "competitiveness": "Safe", "competitiveness_label": "Safe D", "party_favored": "Democratic", "url": "/district/house-1st-berkshire-district-2022-present/"}, "geometry": {"type": "Polygon", "coordinates": [[[-73.383661, 42.42549700000001], [-73.309828, 42.625080999999994], [-73.264827, 42.745851], [-73.1416, 42.74357400000001], [-73.023015, 42.74113500000001], [-73.023709, 42.70269], [-72.99787800000001, 42.701264], [-72.949639, 42.705111000000024], [-72.94883800000001, 42.704263000000005], [-72.948703, 42.70363499999999], [-72.94933, 42.70227900000001], [-72.950039, 42.70137700000001], [-72.951691, 42.700509999999994], [-72.953497, 42.69890500000001], [-72.953869, 42.69838599999999], [-72.953764, 42.69799200000001], [-72.952266, 42.69662600000002], [-72.951736, 42.69565300000001], [-72.951575, 42.694716], [-72.951647, 42.693951000000006], [-72.952247, 42.69219000000002], [-72.953836, 42.690481999999996], [-72.954353, 42.690276], [-72.956975, 42.690165], [-72.958321, 42.689861], [-72.959335, 42.68951799999999], [-72.961713, 42.68807], [-72.963802, 42.68749199999998], [-72.964777, 42.687544], [-72.967477, 42.688296], [-72.971584, 42.68905500000001], [-72.972514, 42.689072000000024], [-72.97352, 42.688808], [-72.974194, 42.68847899999999], [-72.975176, 42.68755], [-72.977495, 42.685913000000006], [-72.977659, 42.685660000000006], [-72.976987, 42.68279299999999], [-72.97602, 42.681358], [-72.97561, 42.680423999999995], [-72.975667, 42.67968100000002], [-72.975826, 42.679422], [-72.97630400000001, 42.67916299999999], [-72.977257, 42.67905100000001], [-72.983884, 42.679384999999996], [-72.986685, 42.679081999999994], [-72.989269, 42.67857299999998], [-72.989628, 42.678448999999986], [-72.989772, 42.678219000000006], [-72.98865500000001, 42.675831], [-72.988533, 42.67533199999999], [-72.988728, 42.67453599999999], [-72.989251, 42.67423300000001], [-72.99009, 42.674120000000016], [-72.992223, 42.674351], [-72.994665, 42.674322000000004], [-72.995294, 42.67412000000001], [-72.995686, 42.673649000000005], [-72.995539, 42.673156000000006], [-72.993268, 42.67104600000002], [-72.988966, 42.66762000000001], [-72.98552900000001, 42.66593799999998], [-72.982406, 42.66520100000001], [-72.981026, 42.66467200000001], [-72.979644, 42.663832000000006], [-72.976768, 42.661393], [-72.97579, 42.66084099999999], [-72.975209, 42.66082399999999], [-72.974626, 42.661041000000004], [-72.972542, 42.662951], [-72.97022, 42.66392700000001], [-72.968286, 42.664277], [-72.966229, 42.66398300000001], [-72.964711, 42.66407900000001], [-72.963948, 42.664294], [-72.963398, 42.66478700000002], [-72.962742, 42.66626200000001], [-72.96228, 42.66686300000001], [-72.961519, 42.667278], [-72.960443, 42.66738700000002], [-72.959818, 42.66719], [-72.957432, 42.666971999999994], [-72.954854, 42.665789999999994], [-72.954457, 42.66423199999999], [-72.954358, 42.662461000000015], [-72.955533, 42.65937400000001], [-72.955656, 42.657913], [-72.955589, 42.65459899999999], [-72.955428, 42.65403000000001], [-72.953956, 42.651222], [-72.953644, 42.651033], [-72.95265, 42.650865], [-72.951039, 42.64100599999998], [-72.975409, 42.55603700000002], [-72.979036, 42.541617], [-72.968583, 42.54001199999999], [-72.979314, 42.49773900000001], [-72.986473, 42.46670600000001], [-72.988126, 42.46694699999999], [-72.994495, 42.44206899999999], [-73.009085, 42.38773400000001], [-73.011683, 42.379683], [-73.065772, 42.389111], [-73.068508, 42.38072], [-73.09157, 42.384822], [-73.140788, 42.39310800000001], [-73.135639, 42.411959], [-73.16918600000001, 42.412755999999995], [-73.157329, 42.453509000000004], [-73.124392, 42.452629000000016], [-73.115162, 42.48781399999999], [-73.113708, 42.492416], [-73.120264, 42.49349], [-73.107866, 42.53646500000001], [-73.146637, 42.541067000000005], [-73.162765, 42.51562800000001], [-73.182199, 42.485415], [-73.311743, 42.504608], [-73.315114, 42.49294600000002], [-73.319544, 42.493435999999996], [-73.33891, 42.418564999999994], [-73.383661, 42.42549700000001]]]}}, {"type": "Feature", "properties": {"district_name": "6th Suffolk District", "chamber": "house", "vintage": "2022-present", "lean_dem_share": 0.8238, "competitiveness": "Safe", "competitiveness_label": "Safe D", "party_favored": "Democratic", "url": "/district/house-6th-suffolk-district-2022-present/"}, "geometry": {"type": "Polygon", "coordinates": [[[-71.121776, 42.27067600000001], [-71.120429, 42.276503999999996], [-71.119712, 42.28028799999999], [-71.119488, 42.28791599999999], [-71.119171, 42.291205000000005], [-71.11704, 42.291150999999985], [-71.116804, 42.29234099999999], [-71.115471, 42.292348000000004], [-71.114437, 42.29304599999998], [-71.1139, 42.29248199999999], [-71.114329, 42.291833999999994], [-71.11448400000002, 42.29118799999999], [-71.113983, 42.289480000000005], [-71.11351, 42.289066000000005], [-71.111749, 42.28822300000001], [-71.110681, 42.28730900000001], [-71.110563, 42.28694999999999], [-71.10976300000002, 42.28763900000001], [-71.107089, 42.289234000000015], [-71.105666, 42.289745], [-71.101683, 42.293164999999995], [-71.099821, 42.292943], [-71.096546, 42.293221999999986], [-71.09633, 42.29286199999999], [-71.096181, 42.292885999999996], [-71.096402, 42.293234999999996], [-71.094542, 42.29302100000001], [-71.091437, 42.296865], [-71.090059, 42.297391], [-71.086992, 42.298142], [-71.085727, 42.30195299999998], [-71.083716, 42.30091600000001], [-71.082236, 42.30169999999998], [-71.084303, 42.30329], [-71.084389, 42.303525], [-71.083191, 42.30367599999999], [-71.080563, 42.30543999999998], [-71.079561, 42.304621999999995], [-71.08069000000002, 42.303892], [-71.079419, 42.302839000000006], [-71.078534, 42.303388], [-71.077192, 42.301745000000004], [-71.076152, 42.300964], [-71.074675, 42.300237], [-71.073641, 42.299371], [-71.072927, 42.29957900000001], [-71.072089, 42.29873], [-71.066227, 42.30032599999999], [-71.06432000000001, 42.299204999999986], [-71.065538, 42.29831300000002], [-71.066413, 42.297022], [-71.065103, 42.297360999999995], [-71.064512, 42.29607100000001], [-71.062623, 42.29657500000001], [-71.062471, 42.295809000000006], [-71.063142, 42.29561499999999], [-71.063069, 42.29470299999998], [-71.065203, 42.294210000000014], [-71.06459, 42.29234699999999], [-71.067578, 42.291425999999994], [-71.067218, 42.290757], [-71.069648, 42.28995199999999], [-71.06701, 42.28906899999999], [-71.071168, 42.28796500000001], [-71.071119, 42.288734999999996], [-71.071602, 42.290218], [-71.071996, 42.290217000000005], [-71.073059, 42.28927100000001], [-71.077468, 42.28809700000001], [-71.078198, 42.287713], [-71.077085, 42.284425000000006], [-71.076257, 42.28316000000001], [-71.080175, 42.28246], [-71.080585, 42.283000999999985], [-71.081147, 42.284254999999995], [-71.08381800000001, 42.283238000000004], [-71.086091, 42.280215999999996], [-71.086926, 42.27934399999998], [-71.088454, 42.280095999999986], [-71.089939, 42.278583], [-71.092706, 42.28010700000001], [-71.092968, 42.28002100000001], [-71.09349, 42.27842100000001], [-71.093576, 42.27724799999999], [-71.095396, 42.278622], [-71.09806500000002, 42.281423], [-71.099632, 42.28233600000001], [-71.10051, 42.281840000000024], [-71.104108, 42.281165], [-71.105959, 42.28020699999999], [-71.107436, 42.27874400000001], [-71.107742, 42.27750499999999], [-71.10858, 42.275395], [-71.109191, 42.274363], [-71.110374, 42.275065], [-71.112193, 42.271962999999985], [-71.110159, 42.27070099999998], [-71.111649, 42.267483999999996], [-71.110828, 42.266065000000005], [-71.115, 42.26472700000001], [-71.11788, 42.26402399999999], [-71.118391, 42.266842999999994], [-71.120607, 42.27028399999999], [-71.121185, 42.270683999999996], [-71.12144, 42.270385999999995], [-71.121776, 42.27067600000001]]]}}, {"type": "Feature", "properties": {"district_name": "2nd Berkshire District", "chamber": "house", "vintage": "2022-present", "lean_dem_share": 0.7402, "competitiveness": "Safe", "competitiveness_label": "Safe D", "party_favored": "Democratic", "url": "/district/house-2nd-berkshire-district-2022-present/"}, "geometry": {"type": "Polygon", "coordinates": [[[-73.33891, 42.418564999999994], [-73.319544, 42.493435999999996], [-73.315114, 42.49294600000002], [-73.311743, 42.504608], [-73.182199, 42.485415], [-73.191026, 42.452289], [-73.206359, 42.398130999999985], [-73.33891, 42.418564999999994]]]}}, {"type": "Feature", "properties": {"district_name": "7th Suffolk District", "chamber": "house", "vintage": "2022-present", "lean_dem_share": 0.8238, "competitiveness": "Safe", "competitiveness_label": "Safe D", "party_favored": "Democratic", "url": "/district/house-7th-suffolk-district-2022-present/"}, "geometry": {"type": "Polygon", "coordinates": [[[-71.111559, 42.33738100000001], [-71.110885, 42.338884], [-71.110663, 42.340270999999994], [-71.110177, 42.340959], [-71.109553, 42.34149399999999], [-71.108412, 42.341888], [-71.10802700000002, 42.34247799999999], [-71.10651400000002, 42.34310599999999], [-71.106072, 42.34358299999999], [-71.104619, 42.34438799999999], [-71.10304, 42.342948], [-71.103275, 42.342741], [-71.101047, 42.34057000000001], [-71.099544, 42.33939800000002], [-71.098235, 42.338773], [-71.097289, 42.338783], [-71.096885, 42.339026], [-71.09621, 42.339827000000014], [-71.095718, 42.340101], [-71.09321700000001, 42.34088899999999], [-71.093277, 42.340596], [-71.092543, 42.33951299999999], [-71.09181, 42.33987100000002], [-71.091188, 42.340949], [-71.089523, 42.33712599999998], [-71.090654, 42.33574399999999], [-71.090518, 42.335665000000006], [-71.084681, 42.340293], [-71.081969, 42.338415999999995], [-71.08849400000001, 42.334896], [-71.088253, 42.334582], [-71.087462, 42.33412600000001], [-71.086991, 42.334602999999994], [-71.086174, 42.33428900000002], [-71.085345, 42.335071], [-71.083946, 42.33455], [-71.080943, 42.33293099999999], [-71.081738, 42.331942], [-71.082986, 42.330831], [-71.083448, 42.32865000000001], [-71.080891, 42.328497000000006], [-71.080318, 42.32599], [-71.078654, 42.32486699999999], [-71.0796, 42.324161000000004], [-71.076664, 42.32288900000001], [-71.077146, 42.322196], [-71.077709, 42.32063000000001], [-71.077761, 42.318606], [-71.078215, 42.315870999999994], [-71.078962, 42.316249], [-71.080863, 42.31775600000002], [-71.081789, 42.318269999999984], [-71.082367, 42.317233], [-71.086225, 42.318236999999975], [-71.086508, 42.317052999999994], [-71.085492, 42.316741], [-71.084424, 42.316772999999976], [-71.08285, 42.316362], [-71.083673, 42.314392999999995], [-71.083641, 42.31354499999999], [-71.081632, 42.313681], [-71.080766, 42.313495999999994], [-71.08097, 42.31277600000001], [-71.080312, 42.312418], [-71.082804, 42.309331], [-71.084739, 42.31014299999998], [-71.085298, 42.309415000000016], [-71.086956, 42.310235], [-71.085426, 42.312174999999996], [-71.084258, 42.312598], [-71.083644, 42.313093], [-71.08372400000002, 42.313236], [-71.088331, 42.31461], [-71.08993, 42.312628999999994], [-71.092028, 42.31366800000001], [-71.093104, 42.31232700000001], [-71.093603, 42.31215000000001], [-71.093977, 42.31269400000001], [-71.095145, 42.313282000000015], [-71.094088, 42.31414199999999], [-71.097701, 42.316419], [-71.095305, 42.31882499999998], [-71.095743, 42.31925], [-71.096319, 42.319424], [-71.098412, 42.31957200000001], [-71.098636, 42.32395900000002], [-71.098398, 42.324933999999985], [-71.098917, 42.325025000000025], [-71.097601, 42.328377], [-71.096506, 42.330212], [-71.095351, 42.33155399999999], [-71.097185, 42.331782], [-71.097603, 42.33077200000001], [-71.098495, 42.330067], [-71.1014, 42.331459], [-71.102293, 42.330354], [-71.106724, 42.331418000000006], [-71.106503, 42.331942], [-71.107282, 42.33215100000001], [-71.107027, 42.334066], [-71.106676, 42.334452000000006], [-71.108018, 42.335335999999984], [-71.107508, 42.335842], [-71.109333, 42.33700000000001], [-71.110808, 42.335586000000006], [-71.111, 42.335833], [-71.110708, 42.336307999999995], [-71.111559, 42.33738100000001]]]}}, {"type": "Feature", "properties": {"district_name": "3rd Berkshire District", "chamber": "house", "vintage": "2022-present", "lean_dem_share": 0.7472, "competitiveness": "Safe", "competitiveness_label": "Safe D", "party_favored": "Democratic", "url": "/district/house-3rd-berkshire-district-2022-present/"}, "geometry": {"type": "Polygon", "coordinates": [[[-73.50821, 42.08613400000002], [-73.483416, 42.154448000000016], [-73.383661, 42.42549700000001], [-73.206359, 42.398130999999985], [-73.191026, 42.452289], [-73.182199, 42.485415], [-73.162765, 42.51562800000001], [-73.146637, 42.541067000000005], [-73.107866, 42.53646500000001], [-73.120264, 42.49349], [-73.113708, 42.492416], [-73.115162, 42.48781399999999], [-73.124392, 42.452629000000016], [-73.157329, 42.453509000000004], [-73.16918600000001, 42.412755999999995], [-73.135639, 42.411959], [-73.140788, 42.39310800000001], [-73.09157, 42.384822], [-73.068508, 42.38072], [-73.064301, 42.33976999999998], [-73.062886, 42.328951], [-73.060602, 42.328039999999994], [-73.056766, 42.32594499999998], [-73.055086, 42.32539700000002], [-73.052656, 42.32428899999999], [-73.051518, 42.323589999999996], [-73.05056200000001, 42.322436999999994], [-73.049016, 42.321418], [-73.048141, 42.321352000000005], [-73.046675, 42.320745], [-73.046255, 42.32037100000001], [-73.04584, 42.31963800000001], [-73.045445, 42.31939600000001], [-73.044549, 42.319405], [-73.043197, 42.319735000000016], [-73.042729, 42.320065], [-73.041873, 42.320304], [-73.040752, 42.32018300000001], [-73.039629, 42.31863099999999], [-73.03972400000002, 42.317853999999976], [-73.039181, 42.315824000000006], [-73.039355, 42.315445999999994], [-73.038954, 42.314955000000005], [-73.036127, 42.31356199999999], [-73.034955, 42.312792], [-73.034163, 42.31211999999997], [-73.032829, 42.310495], [-73.031785, 42.309591], [-73.029398, 42.308568], [-73.027358, 42.30808900000002], [-73.026237, 42.30799000000001], [-73.024924, 42.30917199999998], [-73.023032, 42.309577], [-73.021716, 42.309371], [-73.020709, 42.30839100000002], [-73.020146, 42.308259], [-73.019202, 42.30849599999999], [-73.018241, 42.30900499999999], [-73.017104, 42.31096], [-73.016535, 42.31111300000002], [-73.015908, 42.310667], [-73.01433, 42.30903699999999], [-73.014216, 42.30848], [-73.013232, 42.307592], [-73.012742, 42.306767], [-73.011216, 42.30564199999999], [-73.010537, 42.30484000000001], [-73.009672, 42.304498], [-73.008776, 42.304477000000006], [-73.007611, 42.304939999999995], [-73.006611, 42.30479399999999], [-73.005354, 42.3052], [-73.005211, 42.305465], [-73.005344, 42.305713], [-73.005813, 42.305952999999995], [-73.005809, 42.306470999999995], [-73.00496, 42.307238999999996], [-73.00355100000002, 42.30788399999997], [-73.003432, 42.30840100000001], [-73.003548, 42.309431000000004], [-73.00333, 42.309785], [-73.002069, 42.31037999999998], [-73.001804, 42.311994], [-73.000803, 42.312537000000006], [-73.000278, 42.31259699999999], [-73.00185, 42.25101699999999], [-73.004294, 42.25134700000001], [-73.008264, 42.237010000000005], [-73.03492, 42.143652], [-73.071113, 42.148206], [-73.070405, 42.146956], [-73.070263, 42.146421], [-73.070564, 42.145806], [-73.070295, 42.14491699999999], [-73.07213, 42.143547999999996], [-73.070546, 42.140159999999995], [-73.070106, 42.139576000000005], [-73.069182, 42.138967], [-73.0688, 42.138363999999996], [-73.068941, 42.137747], [-73.068581, 42.136945], [-73.0685, 42.13549799999999], [-73.069442, 42.13498599999999], [-73.06983, 42.13345799999999], [-73.069686, 42.13224999999999], [-73.069285, 42.130869], [-73.068426, 42.129541], [-73.067797, 42.12785499999999], [-73.067206, 42.127351], [-73.066668, 42.125999000000014], [-73.066672, 42.12505600000001], [-73.06621, 42.12418799999999], [-73.06426, 42.122775], [-73.06321, 42.121263000000006], [-73.061764, 42.119917], [-73.061094, 42.11869999999999], [-73.061206, 42.118112], [-73.061517, 42.117580000000004], [-73.063213, 42.115933000000005], [-73.065745, 42.11477800000001], [-73.069227, 42.11392600000001], [-73.070979, 42.113127], [-73.072377, 42.11198000000001], [-73.072934, 42.111247000000006], [-73.073092, 42.110783999999995], [-73.072897, 42.110335000000006], [-73.071837, 42.10935599999999], [-73.071867, 42.10816299999997], [-73.072254, 42.107528000000016], [-73.072889, 42.10701699999999], [-73.074807, 42.10618100000001], [-73.075086, 42.10536500000003], [-73.074167, 42.10186699999999], [-73.073082, 42.094184999999996], [-73.061805, 42.070637999999995], [-73.060878, 42.069959000000004], [-73.060051, 42.068667000000005], [-73.058556, 42.06770999999999], [-73.058236, 42.067129], [-73.058153, 42.066753], [-73.058342, 42.066254000000015], [-73.059193, 42.06547200000001], [-73.060502, 42.06376399999999], [-73.061666, 42.06217999999998], [-73.061698, 42.061745], [-73.06071, 42.06100500000001], [-73.058248, 42.05959099999998], [-73.056492, 42.05903100000002], [-73.055623, 42.058575], [-73.054899, 42.05793899999999], [-73.054303, 42.056918], [-73.053899, 42.055276], [-73.053995, 42.054589], [-73.055396, 42.050278000000006], [-73.056453, 42.04831400000001], [-73.056549, 42.047419], [-73.056311, 42.046295], [-73.055807, 42.04504700000001], [-73.053288, 42.039865000000006], [-73.129412, 42.04221199999999], [-73.233362, 42.045055], [-73.340723, 42.048365000000004], [-73.426168, 42.05042600000001], [-73.436758, 42.05051100000001], [-73.487319, 42.049525], [-73.497018, 42.049624], [-73.50821, 42.08613400000002]]]}}, {"type": "Feature", "properties": {"district_name": "32nd Middlesex District", "chamber": "house", "vintage": "2022-present", "lean_dem_share": 0.7021, "competitiveness": "Safe", "competitiveness_label": "Safe D", "party_favored": "Democratic", "url": "/district/house-32nd-middlesex-district-2022-present/"}, "geometry": {"type": "Polygon", "coordinates": [[[-71.100722, 42.50225799999998], [-71.099645, 42.50643099999999], [-71.094289, 42.50708699999999], [-71.094115, 42.507365], [-71.094351, 42.507808000000004], [-71.095564, 42.508966], [-71.097463, 42.510246], [-71.096773, 42.51167800000001], [-71.083507, 42.525489000000015], [-71.08108500000002, 42.525473], [-71.080103, 42.52638799999999], [-71.079774, 42.52621699999998], [-71.079256, 42.525369], [-71.07917, 42.52490399999999], [-71.078819, 42.52466600000001], [-71.078144, 42.52320800000001], [-71.078237, 42.523041], [-71.077383, 42.522335], [-71.077745, 42.52105300000001], [-71.077292, 42.51978200000001], [-71.075411, 42.517649999999996], [-71.074073, 42.516685999999986], [-71.074008, 42.51614700000001], [-71.074311, 42.515105000000005], [-71.074229, 42.514567], [-71.073311, 42.512724999999996], [-71.072196, 42.511321], [-71.071306, 42.509416], [-71.071205, 42.50810000000002], [-71.071684, 42.506129000000016], [-71.071615, 42.50536700000001], [-71.07116200000002, 42.504459], [-71.06964900000001, 42.50232500000001], [-71.069216, 42.500986], [-71.069319, 42.49970199999999], [-71.070305, 42.495553], [-71.069555, 42.49302000000001], [-71.069322, 42.49079499999999], [-71.069484, 42.488711], [-71.069386, 42.487724], [-71.069034, 42.486303], [-71.066805, 42.481931], [-71.065912, 42.482611000000006], [-71.063845, 42.48305800000001], [-71.06237300000001, 42.47872699999999], [-71.060536, 42.478804], [-71.06107, 42.480422], [-71.061532, 42.481141999999984], [-71.060286, 42.48142000000001], [-71.060475, 42.481826], [-71.060662, 42.483526000000005], [-71.060862, 42.48393600000001], [-71.061278, 42.484259], [-71.060506, 42.485274], [-71.058964, 42.483402], [-71.056596, 42.48439499999999], [-71.056673, 42.485099000000005], [-71.052629, 42.48605700000001], [-71.054214, 42.476903], [-71.025836, 42.44470900000001], [-71.050272, 42.4422], [-71.049197, 42.441696000000015], [-71.048987, 42.440311], [-71.048175, 42.439452], [-71.04971500000002, 42.439432], [-71.050383, 42.43645000000001], [-71.04893, 42.434175999999994], [-71.050817, 42.43333200000001], [-71.053125, 42.433541], [-71.053108, 42.43383999999998], [-71.054017, 42.43445599999999], [-71.054247, 42.43502000000001], [-71.057789, 42.43469300000002], [-71.059817, 42.434177], [-71.060935, 42.43416899999998], [-71.060467, 42.432715], [-71.062856, 42.43223799999999], [-71.063563, 42.432304], [-71.06414200000002, 42.43311], [-71.064334, 42.435036], [-71.06449200000002, 42.43516], [-71.064997, 42.43528799999999], [-71.066521, 42.434872], [-71.067772, 42.43484], [-71.067633, 42.43657], [-71.067191, 42.437380999999995], [-71.06708, 42.438812999999996], [-71.067198, 42.439564999999995], [-71.06765700000001, 42.44041099999999], [-71.082919, 42.438840000000006], [-71.079189, 42.46164799999998], [-71.078152, 42.47402], [-71.077707, 42.47739099999998], [-71.076599, 42.47749200000003], [-71.07524000000001, 42.488008], [-71.085502, 42.492258000000014], [-71.090115, 42.501260999999985], [-71.100722, 42.50225799999998]]]}}, {"type": "Feature", "properties": {"district_name": "16th Worcester District", "chamber": "house", "vintage": "2022-present", "lean_dem_share": 0.6913, "competitiveness": "Safe", "competitiveness_label": "Safe D", "party_favored": "Democratic", "url": "/district/house-16th-worcester-district-2022-present/"}, "geometry": {"type": "Polygon", "coordinates": [[[-71.824473, 42.24372900000001], [-71.823802, 42.24403800000001], [-71.823603, 42.244437], [-71.819264, 42.24716199999998], [-71.818536, 42.246638], [-71.816916, 42.247595999999994], [-71.814882, 42.24576499999999], [-71.813923, 42.24503000000001], [-71.813665, 42.245036], [-71.814661, 42.24357400000002], [-71.81201, 42.24361400000002], [-71.810968, 42.243829000000005], [-71.812283, 42.24140899999998], [-71.811313, 42.242066000000015], [-71.810188, 42.24248000000001], [-71.806755, 42.24271400000001], [-71.805128, 42.243131000000005], [-71.803762, 42.244040000000005], [-71.802611, 42.245488999999985], [-71.802552, 42.24461900000001], [-71.801711, 42.24447400000001], [-71.801421, 42.24495600000001], [-71.800837, 42.244837000000004], [-71.800126, 42.245914000000006], [-71.800732, 42.24612800000001], [-71.799773, 42.24782900000001], [-71.797674, 42.252297], [-71.797242, 42.253539], [-71.796856, 42.253494], [-71.796317, 42.252754], [-71.795537, 42.251654], [-71.794709, 42.250055], [-71.792451, 42.24866600000001], [-71.792579, 42.250862], [-71.790743, 42.25090800000001], [-71.789983, 42.251161], [-71.789061, 42.251207], [-71.789142, 42.251863000000014], [-71.784237, 42.25214999999999], [-71.784658, 42.25487800000001], [-71.784566, 42.25507999999999], [-71.785063, 42.25543600000001], [-71.785057, 42.25586700000001], [-71.772096, 42.25644199999998], [-71.767338, 42.25790000000001], [-71.765181, 42.25914099999998], [-71.764375, 42.25943500000001], [-71.763474, 42.259433], [-71.761686, 42.25887699999999], [-71.758869, 42.25971800000001], [-71.752269, 42.260189], [-71.751192, 42.254247000000014], [-71.746078, 42.24383799999999], [-71.731237, 42.24128600000001], [-71.733429, 42.237975000000006], [-71.797106, 42.210053], [-71.803834, 42.220926000000006], [-71.806751, 42.22389800000001], [-71.810034, 42.231261999999994], [-71.819639, 42.23031699999999], [-71.819321, 42.23091900000001], [-71.820085, 42.230999000000004], [-71.817838, 42.23846700000001], [-71.81871, 42.238544000000026], [-71.820033, 42.239129], [-71.822794, 42.23915100000001], [-71.822528, 42.240589000000014], [-71.823305, 42.240595], [-71.823174, 42.241332000000014], [-71.82389, 42.24143900000001], [-71.824228, 42.240929], [-71.824372, 42.240937999999986], [-71.823761, 42.241672], [-71.820882, 42.24358899999999], [-71.824473, 42.24372900000001]]]}}, {"type": "Feature", "properties": {"district_name": "14th Essex District", "chamber": "house", "vintage": "2022-present", "lean_dem_share": 0.595, "competitiveness": "Likely", "competitiveness_label": "Likely D", "party_favored": "Democratic", "url": "/district/house-14th-essex-district-2022-present/"}, "geometry": {"type": "Polygon", "coordinates": [[[-71.145857, 42.69848099999999], [-71.14547, 42.698757000000015], [-71.144976, 42.698746], [-71.144822, 42.69910999999999], [-71.144381, 42.699262999999995], [-71.142778, 42.698923000000015], [-71.142372, 42.69938399999999], [-71.14089, 42.703345000000006], [-71.139323, 42.70340400000001], [-71.137116, 42.70438700000002], [-71.137525, 42.704806], [-71.137559, 42.706525], [-71.136292, 42.707214], [-71.13455, 42.70941500000001], [-71.133956, 42.71041400000001], [-71.133454, 42.71248], [-71.133498, 42.713549000000015], [-71.133843, 42.715086], [-71.13475800000002, 42.717271000000004], [-71.134966, 42.718222], [-71.134909, 42.719891], [-71.134458, 42.721162], [-71.133696, 42.72199700000001], [-71.130706, 42.724451], [-71.12681, 42.72835700000001], [-71.124461, 42.731654], [-71.121623, 42.73384899999999], [-71.118606, 42.736622999999994], [-71.116448, 42.739085999999986], [-71.11586800000002, 42.74013100000002], [-71.115579, 42.74110399999999], [-71.108632, 42.735281], [-71.097834, 42.73521999999999], [-71.092467, 42.737000000000016], [-71.090078, 42.736969], [-71.088064, 42.73614399999999], [-71.08191, 42.736685], [-71.07406, 42.73448599999999], [-71.072111, 42.73266800000001], [-71.058883, 42.73246300000001], [-71.058116, 42.734209], [-71.052849, 42.73988700000001], [-71.048341, 42.746144999999984], [-71.044524, 42.74903400000002], [-71.044096, 42.753214000000014], [-71.042901, 42.753978], [-71.04275, 42.75433799999999], [-71.041998, 42.754416000000006], [-71.041774, 42.754654000000016], [-71.042073, 42.755053999999994], [-71.042567, 42.757041], [-71.040017, 42.757721000000004], [-71.037965, 42.75894500000003], [-71.030065, 42.769217], [-71.026732, 42.772696999999994], [-71.024235, 42.77576000000001], [-71.021904, 42.779633], [-71.020381, 42.78429599999999], [-71.020193, 42.78727], [-71.019757, 42.78952599999999], [-71.019301, 42.790701], [-71.018708, 42.79160500000001], [-71.01703, 42.793288000000004], [-71.013256, 42.796008000000015], [-71.005525, 42.79979599999999], [-71.003435, 42.801100999999996], [-71.001711, 42.802800000000005], [-70.999834, 42.80503999999999], [-70.99875, 42.806964999999984], [-70.998602, 42.80753099999999], [-70.99868500000001, 42.80862700000001], [-70.999079, 42.80967400000001], [-71.00096, 42.812779], [-71.001362, 42.815312], [-71.001034, 42.81760700000001], [-71.000741, 42.818189999999994], [-70.999766, 42.819170000000014], [-70.997571, 42.820886999999985], [-70.995817, 42.821684999999995], [-70.99101000000002, 42.822168], [-70.986112, 42.82372999999999], [-70.981726, 42.824404000000015], [-70.97872, 42.824589], [-70.972945, 42.82403500000001], [-70.97133, 42.82356999999996], [-70.96918, 42.822495999999994], [-70.974762, 42.83432500000001], [-70.963673, 42.834957999999986], [-70.958965, 42.835504], [-70.936605, 42.839890000000004], [-70.937371, 42.842629], [-70.937288, 42.844832], [-70.936958, 42.84564900000001], [-70.938171, 42.845844], [-70.941885, 42.845376], [-70.94331700000001, 42.84658799999999], [-70.942441, 42.84777699999998], [-70.941656, 42.84942600000001], [-70.942418, 42.85156200000001], [-70.943055, 42.851676], [-70.94357500000001, 42.85204200000001], [-70.943805, 42.852716999999984], [-70.944126, 42.853129], [-70.943735, 42.853644], [-70.9443, 42.853979000000024], [-70.9431, 42.853978], [-70.939605, 42.854608000000006], [-70.930867, 42.857248000000006], [-70.930642, 42.85764600000003], [-70.929712, 42.857204], [-70.929192, 42.85663600000001], [-70.927483, 42.85571000000002], [-70.92695, 42.856342], [-70.92663000000002, 42.856244], [-70.926284, 42.85650199999999], [-70.925454, 42.857603], [-70.923755, 42.856466], [-70.92195400000001, 42.853678000000016], [-70.92087, 42.854222], [-70.918081, 42.853381999999996], [-70.916727, 42.854309], [-70.912968, 42.85532899999998], [-70.910232, 42.856703], [-70.909056, 42.857492], [-70.905974, 42.85907600000001], [-70.904846, 42.860615], [-70.899832, 42.847386000000014], [-70.904198, 42.83389], [-70.904946, 42.83372799999999], [-70.908311, 42.833645000000004], [-70.911473, 42.834371000000004], [-70.912901, 42.835152], [-70.913559, 42.83591499999999], [-70.91401, 42.836796], [-70.914778, 42.839281], [-70.915689, 42.840669], [-70.917638, 42.84128299999999], [-70.91931500000001, 42.841273000000015], [-70.920842, 42.84103900000001], [-70.922146, 42.84055699999999], [-70.923302, 42.839904], [-70.925323, 42.838365000000024], [-70.928788, 42.83457200000001], [-70.931461, 42.83218899999999], [-70.932354, 42.831072000000006], [-70.933131, 42.829249000000004], [-70.933888, 42.828017], [-70.936991, 42.825631], [-70.938944, 42.823326000000016], [-70.940294, 42.822548000000005], [-70.93783, 42.819615999999996], [-70.936183, 42.818456000000005], [-70.93585, 42.81773100000001], [-70.93554, 42.817626999999995], [-70.934685, 42.81791499999999], [-70.934201, 42.817849], [-70.934089, 42.81760099999999], [-70.934558, 42.816962000000004], [-70.934604, 42.816527], [-70.933719, 42.815667000000005], [-70.932787, 42.81506700000001], [-70.931834, 42.815120999999984], [-70.931085, 42.81493900000001], [-70.930663, 42.814595000000004], [-70.93072, 42.814283999999994], [-70.931503, 42.813567000000006], [-70.931591, 42.812116], [-70.931246, 42.811465999999996], [-70.930132, 42.81062800000001], [-70.92988700000001, 42.810178], [-70.929622, 42.80881100000001], [-70.929905, 42.808139000000004], [-70.931085, 42.807092], [-70.931569, 42.80640399999999], [-70.931557, 42.805448000000005], [-70.930809, 42.802690999999996], [-70.917388, 42.78746999999999], [-70.92625, 42.781026000000004], [-70.929259, 42.77979999999999], [-70.931886, 42.77898300000002], [-70.93361100000001, 42.77873499999999], [-70.940534, 42.775808999999995], [-70.942417, 42.774846], [-70.94655, 42.771838], [-70.947529, 42.771595], [-70.949764, 42.770148999999996], [-70.949989, 42.769763], [-70.951699, 42.76886100000001], [-70.952696, 42.768989000000005], [-70.956828, 42.76708800000001], [-70.958291, 42.765652], [-70.95946, 42.76627400000001], [-70.963419, 42.765377], [-70.96649400000001, 42.760237999999994], [-70.967188, 42.75827699999999], [-70.959693, 42.75383300000001], [-70.970224, 42.751213], [-70.97407500000001, 42.749523999999994], [-70.979465, 42.748659], [-70.98417, 42.746193], [-71.001023, 42.739094000000016], [-71.00935, 42.73524800000001], [-71.011255, 42.734184], [-71.019311, 42.73362500000001], [-71.026997, 42.73134300000001], [-71.034638, 42.732354], [-71.031619, 42.71803800000002], [-71.026274, 42.704975], [-71.026133, 42.70469099999999], [-71.025339, 42.70407999999999], [-71.023627, 42.70159399999999], [-71.004857, 42.70136300000001], [-70.999643, 42.70076799999999], [-70.997346, 42.70066799999999], [-70.99743000000001, 42.700159000000006], [-70.995766, 42.69962400000001], [-70.994921, 42.70056199999999], [-70.992303, 42.70049000000001], [-70.991946, 42.700840000000014], [-70.991611, 42.699467000000006], [-70.976373, 42.694417], [-70.948594, 42.68066699999999], [-70.96445500000002, 42.674825000000006], [-70.965341, 42.671867000000006], [-70.968982, 42.67319599999999], [-70.967639, 42.669442999999994], [-70.967975, 42.66948599999999], [-70.96789, 42.669793000000006], [-70.968525, 42.67001199999999], [-70.96999, 42.671279000000006], [-70.970362, 42.671354], [-70.970811, 42.67102600000001], [-70.971811, 42.671296999999996], [-70.972818, 42.67207199999999], [-70.97381, 42.672222], [-70.974825, 42.67275399999998], [-70.975329, 42.67267299999999], [-70.975863, 42.673249], [-70.978018, 42.67395500000001], [-70.979017, 42.67396000000001], [-70.980368, 42.67421], [-70.983018, 42.673272000000004], [-70.98884200000002, 42.67067800000001], [-70.990007, 42.669116000000024], [-70.990501, 42.667158], [-70.991889, 42.665625], [-70.992817, 42.66516500000001], [-70.995147, 42.664642999999984], [-70.99783, 42.663728000000006], [-70.997971, 42.663514000000006], [-71.002367, 42.66088200000001], [-71.003331, 42.659653000000006], [-71.007691, 42.66144399999998], [-71.011811, 42.662333], [-71.017079, 42.662395999999994], [-71.01782, 42.662852000000015], [-71.018855, 42.664422], [-71.021026, 42.66469300000001], [-71.023223, 42.66588200000001], [-71.024926, 42.666386], [-71.028908, 42.666227000000006], [-71.037575, 42.66765500000002], [-71.040519, 42.67268800000001], [-71.046769, 42.678435999999984], [-71.049869, 42.676811], [-71.050658, 42.676289999999995], [-71.05101900000001, 42.67570099999998], [-71.051959, 42.675237], [-71.050673, 42.674423000000004], [-71.049534, 42.673444], [-71.04881400000001, 42.67257899999998], [-71.047855, 42.672456999999994], [-71.048162, 42.671901], [-71.050693, 42.67035800000001], [-71.050752, 42.669123], [-71.051833, 42.667649999999995], [-71.051629, 42.667027999999995], [-71.055902, 42.665746], [-71.058446, 42.66570699999999], [-71.061866, 42.66643999999996], [-71.0629, 42.666305], [-71.064617, 42.66554199999999], [-71.06557100000002, 42.66529799999999], [-71.06783300000001, 42.665209], [-71.070288, 42.66538700000002], [-71.072327, 42.665754], [-71.074569, 42.666411999999994], [-71.076464, 42.66763399999998], [-71.077661, 42.668138000000006], [-71.080258, 42.66879900000001], [-71.082643, 42.66906399999999], [-71.08471, 42.670038999999996], [-71.087397, 42.669539999999984], [-71.088579, 42.66916899999999], [-71.089703, 42.669062], [-71.090565, 42.669132], [-71.091953, 42.66958700000001], [-71.093732, 42.669515], [-71.095728, 42.66992700000001], [-71.098258, 42.67224500000001], [-71.100655, 42.672826999999984], [-71.101955, 42.670993], [-71.099913, 42.668128], [-71.09828800000001, 42.66637200000001], [-71.099025, 42.66567700000002], [-71.099396, 42.66555200000001], [-71.1001, 42.66544], [-71.101332, 42.66556600000002], [-71.101634, 42.66531300000001], [-71.102548, 42.665089], [-71.104872, 42.66492900000001], [-71.105793, 42.664222999999986], [-71.106962, 42.663893000000016], [-71.107273, 42.66274799999998], [-71.107075, 42.66203600000001], [-71.105284, 42.659649], [-71.105394, 42.659169], [-71.106025, 42.658836], [-71.114817, 42.66520599999999], [-71.115584, 42.66433800000001], [-71.117321, 42.66295499999998], [-71.118756, 42.66102299999999], [-71.12882700000002, 42.67445], [-71.134452, 42.67677799999999], [-71.133584, 42.679428], [-71.139402, 42.684477], [-71.1383, 42.68470599999999], [-71.137787, 42.685046000000014], [-71.137998, 42.685323], [-71.139177, 42.68515], [-71.139465, 42.685344], [-71.139297, 42.685694], [-71.138824, 42.685732], [-71.138317, 42.68618099999999], [-71.138291, 42.686036], [-71.138121, 42.686044], [-71.137949, 42.686403], [-71.137679, 42.686438], [-71.137908, 42.686571], [-71.137981, 42.68690099999999], [-71.138333, 42.686848000000005], [-71.13844, 42.68664999999998], [-71.139202, 42.68673499999999], [-71.139457, 42.68678], [-71.139809, 42.68718599999999], [-71.139193, 42.68773800000001], [-71.138968, 42.687705], [-71.138868, 42.68745100000001], [-71.138499, 42.687594], [-71.138523, 42.688285], [-71.138385, 42.688325], [-71.138555, 42.68846000000001], [-71.138372, 42.68861299999999], [-71.138508, 42.688837], [-71.13828, 42.68907500000001], [-71.137936, 42.689021], [-71.137866, 42.68921999999999], [-71.137319, 42.689343000000015], [-71.13729, 42.689582], [-71.137428, 42.689485], [-71.137532, 42.689595000000004], [-71.137173, 42.689817], [-71.137222, 42.690036000000006], [-71.137392, 42.68995199999999], [-71.13745200000001, 42.69007299999999], [-71.137296, 42.69041299999999], [-71.137678, 42.69060900000001], [-71.137394, 42.690820000000016], [-71.137503, 42.691089999999996], [-71.13732, 42.691136], [-71.137637, 42.691286999999996], [-71.137522, 42.69140599999999], [-71.137599, 42.69164900000001], [-71.137897, 42.69153800000001], [-71.137922, 42.69182099999999], [-71.137712, 42.691880999999995], [-71.137863, 42.691925], [-71.137743, 42.69203900000001], [-71.13798, 42.69226], [-71.137818, 42.692282], [-71.138022, 42.692398000000004], [-71.137936, 42.69250700000001], [-71.138637, 42.692756], [-71.139296, 42.69274300000002], [-71.139219, 42.69320900000002], [-71.140009, 42.69351700000001], [-71.140169, 42.693419999999996], [-71.140264, 42.69366300000003], [-71.140418, 42.69358900000001], [-71.140597, 42.69385299999999], [-71.141674, 42.69412], [-71.141703, 42.694316999999984], [-71.143149, 42.69420000000001], [-71.143395, 42.69702800000001], [-71.144903, 42.697756999999996], [-71.145005, 42.697947], [-71.14546, 42.698062000000014], [-71.145446, 42.698194999999984], [-71.145718, 42.698169000000014], [-71.145857, 42.69848099999999]]]}}, {"type": "Feature", "properties": {"district_name": "17th Worcester District", "chamber": "house", "vintage": "2022-present", "lean_dem_share": 0.6497, "competitiveness": "Safe", "competitiveness_label": "Safe D", "party_favored": "Democratic", "url": "/district/house-17th-worcester-district-2022-present/"}, "geometry": {"type": "Polygon", "coordinates": [[[-71.948928, 42.230951000000005], [-71.944482, 42.232168], [-71.941916, 42.233582000000006], [-71.940383, 42.234110000000015], [-71.937109, 42.236749], [-71.936367, 42.23709800000002], [-71.935446, 42.23797200000001], [-71.932515, 42.23758800000002], [-71.931753, 42.23723499999999], [-71.930636, 42.236986999999985], [-71.927676, 42.236692999999995], [-71.925461, 42.23676200000002], [-71.924504, 42.236954000000004], [-71.921703, 42.23895499999998], [-71.920903, 42.23998300000001], [-71.919312, 42.24117799999999], [-71.918861, 42.242019000000006], [-71.918757, 42.24304299999999], [-71.918294, 42.24396899999999], [-71.918202, 42.24449799999999], [-71.91673, 42.24441600000001], [-71.914269, 42.245346], [-71.911264, 42.24595099999999], [-71.903337, 42.246297], [-71.899894, 42.24622900000001], [-71.893692, 42.245127000000004], [-71.892939, 42.24544000000001], [-71.890657, 42.24676100000001], [-71.886398, 42.248525], [-71.886497, 42.24881499999999], [-71.887109, 42.248934999999996], [-71.887055, 42.249067000000004], [-71.887832, 42.249894000000005], [-71.888239, 42.250027], [-71.888755, 42.250500999999986], [-71.889247, 42.25062800000002], [-71.89054, 42.25042899999999], [-71.891793, 42.251081], [-71.892346, 42.251616999999996], [-71.892315, 42.25218900000001], [-71.891876, 42.253100999999994], [-71.890768, 42.25397100000002], [-71.891381, 42.255573], [-71.890478, 42.255801999999996], [-71.88936, 42.257332], [-71.888366, 42.258033], [-71.888318, 42.258331000000005], [-71.88860200000002, 42.25934199999999], [-71.883968, 42.262484], [-71.881793, 42.26269899999999], [-71.881302, 42.26305899999999], [-71.879998, 42.263127], [-71.875367, 42.263982999999996], [-71.876726, 42.266692000000006], [-71.86235, 42.265968], [-71.861253, 42.267503], [-71.861234, 42.268347], [-71.861608, 42.269826999999985], [-71.861392, 42.27063900000002], [-71.861023, 42.27118099999999], [-71.860074, 42.27188900000001], [-71.858162, 42.27255199999999], [-71.856744, 42.273353000000014], [-71.854708, 42.27381600000001], [-71.854889, 42.273078], [-71.854708, 42.271538999999976], [-71.854869, 42.27004300000001], [-71.854395, 42.268724000000006], [-71.853965, 42.266796], [-71.851654, 42.26333299999998], [-71.850537, 42.261948000000004], [-71.848507, 42.25775399999998], [-71.846608, 42.258194], [-71.845867, 42.25868700000001], [-71.847185, 42.25882200000001], [-71.847301, 42.259459999999976], [-71.847766, 42.260019000000014], [-71.84783500000002, 42.260675], [-71.848267, 42.261321], [-71.8482, 42.26222000000001], [-71.845745, 42.26036500000001], [-71.845161, 42.260186000000004], [-71.844487, 42.260287999999996], [-71.839015, 42.26218399999999], [-71.839614, 42.263095], [-71.837646, 42.26384500000001], [-71.837567, 42.26396700000001], [-71.838222, 42.26446099999999], [-71.836545, 42.265648000000006], [-71.832759, 42.263522], [-71.830117, 42.26301600000001], [-71.830989, 42.259232999999995], [-71.829803, 42.258755], [-71.827475, 42.25859], [-71.82563, 42.257629000000016], [-71.818262, 42.255827999999994], [-71.817142, 42.257264], [-71.816164, 42.256942], [-71.814739, 42.25793699999999], [-71.813343, 42.258267], [-71.811963, 42.25834300000001], [-71.812132, 42.259635], [-71.809171, 42.260118000000006], [-71.807969, 42.25889300000001], [-71.805866, 42.259980000000006], [-71.80561, 42.259915], [-71.805165, 42.259619], [-71.806548, 42.25863799999999], [-71.814699, 42.25439200000001], [-71.810966, 42.25185900000002], [-71.808866, 42.251003], [-71.807628, 42.252855], [-71.806709, 42.25261999999999], [-71.805938, 42.252651], [-71.80532, 42.25136500000001], [-71.800463, 42.251398], [-71.801252, 42.24976499999999], [-71.799093, 42.249279], [-71.800732, 42.24612800000001], [-71.800126, 42.245914000000006], [-71.800882, 42.24481000000001], [-71.801421, 42.24495600000001], [-71.801711, 42.24447400000001], [-71.802552, 42.24461900000001], [-71.802611, 42.245488999999985], [-71.803762, 42.244040000000005], [-71.805128, 42.243131000000005], [-71.806755, 42.24271400000001], [-71.810188, 42.24248000000001], [-71.811313, 42.242066000000015], [-71.812283, 42.24140899999998], [-71.810968, 42.243829000000005], [-71.81201, 42.24361400000002], [-71.814661, 42.24357400000002], [-71.813665, 42.245036], [-71.813923, 42.24503000000001], [-71.814882, 42.24576499999999], [-71.816916, 42.247595999999994], [-71.818536, 42.246638], [-71.819264, 42.24716199999998], [-71.823603, 42.244437], [-71.823802, 42.24403800000001], [-71.824473, 42.24372900000001], [-71.820882, 42.24358899999999], [-71.823761, 42.241672], [-71.824372, 42.240937999999986], [-71.824228, 42.240929], [-71.82389, 42.24143900000001], [-71.823174, 42.241332000000014], [-71.823305, 42.240595], [-71.822528, 42.240589000000014], [-71.822794, 42.23915100000001], [-71.820033, 42.239129], [-71.81871, 42.238544000000026], [-71.817838, 42.23846700000001], [-71.820085, 42.230999000000004], [-71.819321, 42.23091900000001], [-71.819639, 42.23031699999999], [-71.856525, 42.22668600000001], [-71.86601, 42.225983000000014], [-71.87621800000001, 42.214982000000006], [-71.893625, 42.194188999999994], [-71.893847, 42.19546999999999], [-71.894059, 42.19586000000001], [-71.896035, 42.198532], [-71.89652700000002, 42.20598499999996], [-71.898022, 42.21134499999998], [-71.898636, 42.21545], [-71.898417, 42.21634900000001], [-71.898868, 42.216084], [-71.900416, 42.21605699999999], [-71.90272, 42.21561599999999], [-71.904878, 42.216273000000015], [-71.90762300000002, 42.21627899999999], [-71.910814, 42.216946], [-71.910849, 42.21836899999999], [-71.911076, 42.218988], [-71.911457, 42.21939], [-71.912589, 42.220002], [-71.911366, 42.22095300000001], [-71.91082, 42.221808], [-71.910881, 42.225072], [-71.920683, 42.223435], [-71.922018, 42.22315300000002], [-71.923049, 42.22269200000001], [-71.924954, 42.222328], [-71.92482400000002, 42.22273300000001], [-71.927065, 42.221982000000004], [-71.930482, 42.22180199999999], [-71.931357, 42.22133899999999], [-71.933089, 42.221082], [-71.933461, 42.22065099999998], [-71.933812, 42.21906299999999], [-71.934981, 42.21816100000001], [-71.935615, 42.21744199999999], [-71.936202, 42.217345], [-71.938868, 42.218132999999995], [-71.94001, 42.21831], [-71.941965, 42.218336000000015], [-71.945068, 42.218909], [-71.946281, 42.21938], [-71.948928, 42.230951000000005]]]}}, {"type": "Feature", "properties": {"district_name": "15th Essex District", "chamber": "house", "vintage": "2022-present", "lean_dem_share": 0.5592, "competitiveness": "Likely", "competitiveness_label": "Likely D", "party_favored": "Democratic", "url": "/district/house-15th-essex-district-2022-present/"}, "geometry": {"type": "Polygon", "coordinates": [[[-71.2551, 42.736592], [-71.245426, 42.74254600000002], [-71.237432, 42.744895], [-71.22383, 42.746484], [-71.181786, 42.737340999999994], [-71.182693, 42.75026299999998], [-71.18614, 42.79093499999999], [-71.166647, 42.80888100000001], [-71.147939, 42.816176], [-71.146967, 42.8144], [-71.145238, 42.812611999999994], [-71.144104, 42.811875], [-71.142083, 42.81099299999999], [-71.138817, 42.807796000000025], [-71.130461, 42.80212900000002], [-71.12825, 42.801298], [-71.125163, 42.802373], [-71.124004, 42.802572], [-71.122309, 42.80252], [-71.121362, 42.801919000000005], [-71.120552, 42.801870999999984], [-71.120642, 42.801205], [-71.120222, 42.800288], [-71.119941, 42.800043], [-71.119192, 42.800367], [-71.118629, 42.799418], [-71.117921, 42.79917699999999], [-71.114098, 42.80043299999999], [-71.112833, 42.79952000000001], [-71.112063, 42.79762300000001], [-71.111425, 42.796607], [-71.110024, 42.79538599999999], [-71.108707, 42.794586], [-71.108017, 42.79396700000001], [-71.113943, 42.79144500000002], [-71.114596, 42.792427], [-71.115052, 42.79194], [-71.114866, 42.790668000000004], [-71.114307, 42.78954200000001], [-71.113196, 42.788411999999994], [-71.112495, 42.788025999999995], [-71.114251, 42.786168999999994], [-71.115979, 42.783404], [-71.109569, 42.78171099999999], [-71.105791, 42.781014], [-71.098905, 42.779002000000006], [-71.10001, 42.778690000000005], [-71.09973, 42.77691300000001], [-71.100085, 42.776104999999994], [-71.10093, 42.77568900000002], [-71.102418, 42.775451999999994], [-71.103461, 42.774421999999994], [-71.103145, 42.774066999999995], [-71.103039, 42.773624999999996], [-71.105331, 42.77203399999999], [-71.104724, 42.77119399999999], [-71.104178, 42.76933300000001], [-71.104722, 42.767762999999995], [-71.104605, 42.76726000000001], [-71.105823, 42.76590899999999], [-71.108667, 42.767327999999985], [-71.10911800000001, 42.767207000000006], [-71.10699, 42.76552100000001], [-71.106198, 42.765077], [-71.105756, 42.764562000000005], [-71.104153, 42.763783999999994], [-71.104904, 42.763224000000015], [-71.103702, 42.76259], [-71.099602, 42.76238999999999], [-71.095898, 42.763391], [-71.093587, 42.765892999999984], [-71.086961, 42.770597000000016], [-71.08618, 42.770813000000004], [-71.084101, 42.77179000000002], [-71.076184, 42.773669000000005], [-71.071487, 42.773229], [-71.069056, 42.77236299999998], [-71.066701, 42.770990000000005], [-71.067577, 42.77032399999999], [-71.06824, 42.770407000000006], [-71.068856, 42.77009], [-71.068276, 42.769534000000014], [-71.068731, 42.768941000000005], [-71.068192, 42.768606999999996], [-71.06668, 42.767162], [-71.065887, 42.76609], [-71.068694, 42.762933], [-71.069398, 42.763192999999994], [-71.070958, 42.76331], [-71.072845, 42.761229], [-71.073737, 42.76155399999999], [-71.074891, 42.760327], [-71.076169, 42.76068400000001], [-71.076414, 42.76031799999999], [-71.078774, 42.76095599999999], [-71.07934, 42.76009199999998], [-71.080326, 42.760161], [-71.080899, 42.75774200000001], [-71.081375, 42.75651100000001], [-71.084244, 42.752095], [-71.084844, 42.750089], [-71.085141, 42.74662200000001], [-71.085163, 42.742965000000005], [-71.084973, 42.740718], [-71.08433400000001, 42.738454999999995], [-71.084173, 42.736484999999995], [-71.088064, 42.73614399999999], [-71.090078, 42.736969], [-71.092467, 42.737000000000016], [-71.097834, 42.73521999999999], [-71.108632, 42.735281], [-71.115579, 42.74110399999999], [-71.115624, 42.742224], [-71.11644100000001, 42.74423800000001], [-71.119345, 42.747575], [-71.121389, 42.74954599999999], [-71.125581, 42.752044], [-71.127588, 42.754670000000004], [-71.137236, 42.74690100000001], [-71.139029, 42.745264], [-71.145818, 42.74430100000001], [-71.148588, 42.74414000000001], [-71.150924, 42.743397], [-71.152894, 42.74319400000001], [-71.155513, 42.742153], [-71.156644, 42.741867000000006], [-71.158712, 42.74169800000001], [-71.161494, 42.742063], [-71.163765, 42.74207199999999], [-71.165458, 42.741829999999986], [-71.168188, 42.74104100000001], [-71.167227, 42.735345], [-71.165161, 42.731677], [-71.164032, 42.73003500000001], [-71.164432, 42.72979600000001], [-71.164987, 42.72912499999999], [-71.164946, 42.727222], [-71.165499, 42.72565800000001], [-71.166357, 42.725441000000004], [-71.167275, 42.72542099999998], [-71.169887, 42.725856], [-71.176811, 42.72655000000001], [-71.178974, 42.725722000000005], [-71.180132, 42.72574399999999], [-71.181806, 42.72688500000001], [-71.18433, 42.727754], [-71.185622, 42.727816], [-71.188487, 42.727135], [-71.188726, 42.72744900000001], [-71.190447, 42.727357999999995], [-71.191827, 42.728349], [-71.192107, 42.728694000000004], [-71.192192, 42.729228], [-71.192518, 42.729493000000005], [-71.194689, 42.728924000000006], [-71.194852, 42.728966], [-71.194891, 42.72924], [-71.195061, 42.729255], [-71.195402, 42.72889300000001], [-71.195612, 42.729199], [-71.195441, 42.729463], [-71.196076, 42.72955900000001], [-71.19634, 42.728860999999995], [-71.196643, 42.72886799999999], [-71.196604, 42.72909], [-71.196736, 42.729105000000025], [-71.197566, 42.728837999999996], [-71.19744900000002, 42.729398], [-71.19786, 42.729566000000005], [-71.198147, 42.730028], [-71.19841100000001, 42.72945100000001], [-71.198969, 42.72942299999999], [-71.199396, 42.730031], [-71.199163, 42.730612], [-71.199675, 42.730548], [-71.200473, 42.73081699999999], [-71.200427, 42.73120000000001], [-71.20021, 42.731452], [-71.20228, 42.73073699999999], [-71.203699, 42.729633], [-71.204425, 42.728193999999995], [-71.201794, 42.72753600000001], [-71.202604, 42.727256], [-71.20256900000001, 42.726572000000004], [-71.201511, 42.725274000000006], [-71.20044, 42.72517999999999], [-71.199964, 42.723304000000006], [-71.198915, 42.72181699999999], [-71.198063, 42.721403], [-71.198288, 42.721048999999994], [-71.195776, 42.72031900000001], [-71.195778, 42.71856700000001], [-71.196187, 42.71699199999998], [-71.197126, 42.714529000000006], [-71.197743, 42.713863], [-71.206219, 42.70724499999999], [-71.206551, 42.706564], [-71.207882, 42.70620000000001], [-71.21056, 42.705052999999985], [-71.209942, 42.70062], [-71.212798, 42.701188], [-71.215536, 42.70119800000002], [-71.218173, 42.700630000000004], [-71.219821, 42.699806], [-71.220524, 42.699235000000016], [-71.224622, 42.693934], [-71.224807, 42.69342999999999], [-71.225389, 42.68686699999999], [-71.225649, 42.685783], [-71.226074, 42.684431999999994], [-71.228171, 42.68003600000001], [-71.229367, 42.67819999999999], [-71.234094, 42.672518000000004], [-71.235607, 42.67116200000001], [-71.238179, 42.669418999999984], [-71.2551, 42.736592]]]}}, {"type": "Feature", "properties": {"district_name": "18th Worcester District", "chamber": "house", "vintage": "2022-present", "lean_dem_share": 0.468, "competitiveness": "Lean", "competitiveness_label": "Lean R", "party_favored": "Republican", "url": "/district/house-18th-worcester-district-2022-present/"}, "geometry": {"type": "Polygon", "coordinates": [[[-71.911855, 42.101326], [-71.899489, 42.104113999999996], [-71.902779, 42.120638000000014], [-71.901548, 42.11977299999999], [-71.90001, 42.119375], [-71.895157, 42.11986499999999], [-71.893315, 42.119649], [-71.890241, 42.117952999999986], [-71.887772, 42.116232999999994], [-71.886487, 42.115791000000016], [-71.88446, 42.11554999999999], [-71.883301, 42.115215], [-71.881638, 42.11429500000001], [-71.880506, 42.11316899999999], [-71.879494, 42.112839], [-71.878303, 42.112791], [-71.877153, 42.112993], [-71.869554, 42.115409], [-71.869383, 42.114312], [-71.869515, 42.11267100000001], [-71.868056, 42.112570000000005], [-71.867355, 42.116192999999996], [-71.864723, 42.117032], [-71.853365, 42.11636], [-71.851877, 42.116119000000005], [-71.848331, 42.115045000000016], [-71.848158, 42.115277], [-71.846545, 42.11595200000001], [-71.844379, 42.117278999999996], [-71.839958, 42.11923000000002], [-71.8371, 42.118767999999996], [-71.835962, 42.11882200000001], [-71.83393, 42.11934600000001], [-71.831218, 42.11980299999998], [-71.828106, 42.120841999999996], [-71.825104, 42.121376999999995], [-71.824023, 42.121038], [-71.822994, 42.121241], [-71.821875, 42.120975], [-71.820406, 42.12095999999999], [-71.819755, 42.12073000000001], [-71.818772, 42.120797999999986], [-71.817227, 42.12131800000002], [-71.814775, 42.122814000000005], [-71.814384, 42.123572], [-71.813082, 42.125274000000005], [-71.817956, 42.13326399999999], [-71.82953, 42.129390999999984], [-71.831942, 42.14377500000001], [-71.74415, 42.18243499999999], [-71.740533, 42.179206], [-71.733771, 42.183504000000006], [-71.733961, 42.18677499999999], [-71.723535, 42.191484], [-71.718614, 42.17296700000001], [-71.69520400000002, 42.17578899999999], [-71.691418, 42.163108], [-71.693687, 42.161214], [-71.691401, 42.149201000000005], [-71.693713, 42.136159], [-71.70464, 42.125253999999984], [-71.69201, 42.120292], [-71.707805, 42.099921], [-71.685541, 42.107265], [-71.679971, 42.10339599999999], [-71.654062, 42.096356], [-71.653626, 42.095209000000004], [-71.653101, 42.094548000000025], [-71.650733, 42.093036], [-71.646979, 42.090317000000006], [-71.644959, 42.088446000000005], [-71.644161, 42.088081], [-71.642079, 42.08765300000001], [-71.64091500000002, 42.08700200000001], [-71.640237, 42.086195], [-71.640017, 42.08485700000001], [-71.639041, 42.08335699999999], [-71.636791, 42.081406], [-71.634811, 42.080628999999995], [-71.636702, 42.07835899999999], [-71.63363900000002, 42.077759], [-71.631762, 42.076802], [-71.631103, 42.076734000000016], [-71.630054, 42.077083000000016], [-71.628137, 42.07488099999999], [-71.62711, 42.07334499999999], [-71.628997, 42.07262], [-71.631892, 42.071957], [-71.632923, 42.07136799999999], [-71.635217, 42.07154299999999], [-71.637167, 42.070903], [-71.637597, 42.070712], [-71.638996, 42.069386], [-71.64009400000002, 42.068730999999985], [-71.641688, 42.06808600000001], [-71.643131, 42.067838], [-71.644262, 42.067835], [-71.648003, 42.06699299999998], [-71.648503, 42.066636999999986], [-71.64968, 42.065055], [-71.64998, 42.06514000000001], [-71.652216, 42.06487399999998], [-71.655627, 42.06304699999999], [-71.656252, 42.06303000000002], [-71.657951, 42.06349800000003], [-71.651171, 42.060328999999996], [-71.653166, 42.06090900000002], [-71.655141, 42.060962], [-71.656174, 42.061412], [-71.656544, 42.06202700000001], [-71.657887, 42.06117700000001], [-71.65890200000001, 42.06102899999999], [-71.659724, 42.060236], [-71.661999, 42.059161], [-71.662477, 42.058732], [-71.663528, 42.05842100000001], [-71.664065, 42.057396999999995], [-71.666948, 42.055665], [-71.666784, 42.054474], [-71.667884, 42.052826], [-71.668104, 42.05208700000001], [-71.677806, 42.053917000000006], [-71.681802, 42.05492400000001], [-71.682451, 42.04374200000001], [-71.681665, 42.031592], [-71.680871, 42.01153000000001], [-71.771427, 42.009481000000015], [-71.799188, 42.008053], [-71.799709, 42.015629000000004], [-71.800671, 42.02351400000001], [-71.883947, 42.02439400000001], [-71.884032, 42.024859000000006], [-71.88526, 42.02527700000001], [-71.88704, 42.02829200000001], [-71.887098, 42.02863], [-71.886797, 42.029317999999996], [-71.886782, 42.029810000000005], [-71.887689, 42.030699000000006], [-71.887829, 42.031050000000015], [-71.887837, 42.031482], [-71.887475, 42.03222500000001], [-71.888736, 42.03388300000001], [-71.889345, 42.035768999999995], [-71.888694, 42.03917299999999], [-71.887943, 42.0406], [-71.887509, 42.04185400000001], [-71.887285, 42.04398499999999], [-71.886977, 42.04450099999999], [-71.886938, 42.045248], [-71.886332, 42.04595100000001], [-71.886396, 42.04627100000001], [-71.887233, 42.04675099999998], [-71.887404, 42.047191000000005], [-71.88748000000001, 42.050388], [-71.886848, 42.051002999999994], [-71.886431, 42.051069000000005], [-71.883969, 42.050678000000005], [-71.88283900000002, 42.051142000000006], [-71.880979, 42.051247999999994], [-71.880495, 42.051623], [-71.880447, 42.051966], [-71.880736, 42.052397000000006], [-71.880079, 42.053912], [-71.880054, 42.054484999999985], [-71.880387, 42.055507], [-71.879883, 42.057527000000015], [-71.879928, 42.05783399999999], [-71.880766, 42.058383000000006], [-71.882117, 42.058562000000016], [-71.88232500000001, 42.058768000000015], [-71.88224100000001, 42.059348], [-71.881616, 42.060041], [-71.88158, 42.06026900000001], [-71.88214, 42.062114], [-71.882043, 42.06262000000002], [-71.881771, 42.06289000000001], [-71.879609, 42.06389499999999], [-71.878827, 42.066158], [-71.879098, 42.06695], [-71.878978, 42.06775800000002], [-71.879083, 42.06817600000001], [-71.881509, 42.075893000000015], [-71.891139, 42.072732], [-71.895113, 42.094247999999986], [-71.909235, 42.09126100000002], [-71.911855, 42.101326]]]}}, {"type": "Feature", "properties": {"district_name": "16th Essex District", "chamber": "house", "vintage": "2022-present", "lean_dem_share": 0.6835, "competitiveness": "Safe", "competitiveness_label": "Safe D", "party_favored": "Democratic", "url": "/district/house-16th-essex-district-2022-present/"}, "geometry": {"type": "Polygon", "coordinates": [[[-71.175759, 42.69392399999999], [-71.170397, 42.69748899999999], [-71.16552800000001, 42.70112799999999], [-71.160196, 42.703293], [-71.161958, 42.706047], [-71.161107, 42.70644599999999], [-71.161275, 42.707077999999996], [-71.153402, 42.707085000000006], [-71.153389, 42.709163000000004], [-71.151474, 42.70916], [-71.151423, 42.710367999999995], [-71.151171, 42.71081800000001], [-71.151736, 42.71122699999999], [-71.152848, 42.71160699999998], [-71.152314, 42.712019000000005], [-71.152864, 42.712406], [-71.152959, 42.712786], [-71.152612, 42.71332600000001], [-71.152036, 42.71356899999999], [-71.152496, 42.714263000000024], [-71.150992, 42.714814], [-71.152692, 42.71738499999998], [-71.148038, 42.71712099999999], [-71.146207, 42.71766499999999], [-71.147253, 42.719076], [-71.147045, 42.719184], [-71.147073, 42.719317], [-71.147739, 42.72035899999999], [-71.150907, 42.723575], [-71.151315, 42.723343], [-71.151659, 42.722893000000006], [-71.153575, 42.72347400000003], [-71.153542, 42.724341999999986], [-71.154724, 42.72644100000001], [-71.154622, 42.72665800000001], [-71.151736, 42.726503], [-71.15168, 42.72748800000001], [-71.152083, 42.728227], [-71.151263, 42.729295], [-71.151227, 42.729657], [-71.149325, 42.72966700000001], [-71.149345, 42.729876], [-71.144275, 42.72957600000001], [-71.143543, 42.731277000000006], [-71.143651, 42.73182899999999], [-71.144273, 42.733097], [-71.144189, 42.73425400000001], [-71.143191, 42.73412], [-71.142011, 42.73456899999999], [-71.142388, 42.73716100000001], [-71.142013, 42.74011200000001], [-71.141485, 42.74163600000001], [-71.140706, 42.74308400000001], [-71.138782, 42.745533], [-71.127588, 42.754670000000004], [-71.125581, 42.752044], [-71.121389, 42.74954599999999], [-71.119345, 42.747575], [-71.11644100000001, 42.74423800000001], [-71.115875, 42.743072000000005], [-71.115556, 42.74132900000001], [-71.115819, 42.740261], [-71.116207, 42.739487000000004], [-71.118606, 42.736622999999994], [-71.121623, 42.73384899999999], [-71.124461, 42.731654], [-71.126385, 42.72882800000001], [-71.127581, 42.72755099999999], [-71.131717, 42.72350200000001], [-71.133696, 42.72199700000001], [-71.134458, 42.721162], [-71.134909, 42.719891], [-71.134966, 42.718222], [-71.13475800000002, 42.717271000000004], [-71.133843, 42.715086], [-71.133498, 42.713549000000015], [-71.133454, 42.71248], [-71.133956, 42.71041400000001], [-71.13455, 42.70941500000001], [-71.136292, 42.707214], [-71.137559, 42.706525], [-71.137525, 42.704806], [-71.137116, 42.70438700000002], [-71.139323, 42.70340400000001], [-71.14089, 42.703345000000006], [-71.142372, 42.69938399999999], [-71.142778, 42.698923000000015], [-71.144381, 42.699262999999995], [-71.144822, 42.69910999999999], [-71.144976, 42.698746], [-71.14547, 42.698757000000015], [-71.145857, 42.69848099999999], [-71.145718, 42.698169000000014], [-71.145446, 42.698194999999984], [-71.14546, 42.698062000000014], [-71.145005, 42.697947], [-71.144903, 42.697756999999996], [-71.143395, 42.69702800000001], [-71.143149, 42.69420000000001], [-71.141703, 42.694316999999984], [-71.141674, 42.69412], [-71.140597, 42.69385299999999], [-71.140418, 42.69358900000001], [-71.140264, 42.69366300000003], [-71.140169, 42.693419999999996], [-71.140009, 42.69351700000001], [-71.139219, 42.69320900000002], [-71.139296, 42.69274300000002], [-71.138637, 42.692756], [-71.137936, 42.69250700000001], [-71.138022, 42.692398000000004], [-71.137818, 42.692282], [-71.13798, 42.69226], [-71.137743, 42.69203900000001], [-71.137863, 42.691925], [-71.137712, 42.691880999999995], [-71.137922, 42.69182099999999], [-71.137897, 42.69153800000001], [-71.137599, 42.69164900000001], [-71.137522, 42.69140599999999], [-71.137637, 42.691286999999996], [-71.13732, 42.691136], [-71.137503, 42.691089999999996], [-71.137394, 42.690820000000016], [-71.137678, 42.69060900000001], [-71.137296, 42.69041299999999], [-71.13745200000001, 42.69007299999999], [-71.137392, 42.68995199999999], [-71.137222, 42.690036000000006], [-71.137173, 42.689817], [-71.137532, 42.689595000000004], [-71.137428, 42.689485], [-71.13729, 42.689582], [-71.137319, 42.689343000000015], [-71.137866, 42.68921999999999], [-71.137936, 42.689021], [-71.13828, 42.68907500000001], [-71.138508, 42.688837], [-71.138372, 42.68861299999999], [-71.138555, 42.68846000000001], [-71.138385, 42.688325], [-71.138523, 42.688285], [-71.138499, 42.687594], [-71.138868, 42.68745100000001], [-71.138968, 42.687705], [-71.139193, 42.68773800000001], [-71.139809, 42.68718599999999], [-71.139457, 42.68678], [-71.139202, 42.68673499999999], [-71.13844, 42.68664999999998], [-71.138333, 42.686848000000005], [-71.137981, 42.68690099999999], [-71.137908, 42.686571], [-71.137679, 42.686438], [-71.137949, 42.686403], [-71.138121, 42.686044], [-71.138291, 42.686036], [-71.138317, 42.68618099999999], [-71.138824, 42.685732], [-71.139297, 42.685694], [-71.139465, 42.685344], [-71.139177, 42.68515], [-71.137998, 42.685323], [-71.137787, 42.685046000000014], [-71.1383, 42.68470599999999], [-71.139402, 42.684477], [-71.133584, 42.679428], [-71.134452, 42.67677799999999], [-71.151213, 42.681707], [-71.165722, 42.679245], [-71.167682, 42.682379], [-71.169779, 42.682204000000006], [-71.171393, 42.68231399999999], [-71.171735, 42.682603999999984], [-71.172845, 42.682685000000006], [-71.172827, 42.68355], [-71.173028, 42.684133], [-71.171957, 42.68439699999999], [-71.172532, 42.685873], [-71.172498, 42.686134], [-71.171422, 42.687037000000004], [-71.172063, 42.687545], [-71.173033, 42.686963], [-71.173803, 42.68681599999998], [-71.173209, 42.688837], [-71.173409, 42.69036200000001], [-71.174473, 42.69006600000001], [-71.174847, 42.690643999999985], [-71.173568, 42.691635000000026], [-71.174611, 42.69235799999999], [-71.174185, 42.69301599999999], [-71.175759, 42.69392399999999]]]}}, {"type": "Feature", "properties": {"district_name": "19th Worcester District", "chamber": "house", "vintage": "2022-present", "lean_dem_share": 0.6799, "competitiveness": "Safe", "competitiveness_label": "Safe D", "party_favored": "Democratic", "url": "/district/house-19th-worcester-district-2022-present/"}, "geometry": {"type": "Polygon", "coordinates": [[[-71.689715, 42.318819999999995], [-71.685951, 42.332100999999994], [-71.68042, 42.332656], [-71.672887, 42.33249], [-71.66964800000001, 42.33282599999999], [-71.667731, 42.33325200000001], [-71.665736, 42.333909], [-71.660396, 42.336478], [-71.658525, 42.33606799999998], [-71.656535, 42.33598700000001], [-71.653303, 42.334036], [-71.652365, 42.332728], [-71.650093, 42.330259999999996], [-71.649511, 42.32881299999999], [-71.64837, 42.326817000000005], [-71.649071, 42.32666199999999], [-71.649903, 42.32621499999998], [-71.650589, 42.326397], [-71.650801, 42.323691999999994], [-71.644588, 42.320937], [-71.643875, 42.321275], [-71.64351, 42.32205399999999], [-71.641448, 42.323078], [-71.641209, 42.323502000000005], [-71.641234, 42.324214000000005], [-71.640569, 42.32406199999999], [-71.639343, 42.322973999999995], [-71.63344, 42.32733999999999], [-71.630843, 42.328889], [-71.630082, 42.33084199999997], [-71.628537, 42.332840999999995], [-71.62681, 42.334578], [-71.625767, 42.336300000000016], [-71.625042, 42.33689900000002], [-71.622949, 42.33796500000001], [-71.61826, 42.342589], [-71.61755, 42.341967999999994], [-71.616047, 42.341463999999995], [-71.611529, 42.338993], [-71.604663, 42.336746000000005], [-71.604099, 42.336769000000004], [-71.603591, 42.33167600000001], [-71.605266, 42.33016], [-71.60371, 42.328548000000005], [-71.601885, 42.32697099999999], [-71.597363, 42.321016000000014], [-71.592502, 42.317901], [-71.58521, 42.31095199999999], [-71.569085, 42.32037299999999], [-71.551126, 42.326395000000005], [-71.516527, 42.33033600000001], [-71.50821600000002, 42.327928], [-71.486797, 42.33018899999999], [-71.486744, 42.329936999999994], [-71.485419, 42.33042], [-71.484117, 42.330057000000004], [-71.483556, 42.329691], [-71.482344, 42.329705], [-71.477012, 42.331038], [-71.474992, 42.331812], [-71.47427, 42.332215], [-71.47166, 42.334501], [-71.471154, 42.33471500000001], [-71.470173, 42.33339299999998], [-71.469547, 42.333285], [-71.469373, 42.33310800000002], [-71.469169, 42.33246900000001], [-71.469467, 42.33197200000001], [-71.469522, 42.33125], [-71.46929, 42.33091300000002], [-71.469269, 42.330463000000016], [-71.469086, 42.330255000000015], [-71.468788, 42.33028399999999], [-71.468238, 42.329741999999996], [-71.467718, 42.329609], [-71.467119, 42.329109], [-71.466214, 42.328696], [-71.46626, 42.32819499999997], [-71.465882, 42.32705500000001], [-71.465626, 42.326722999999994], [-71.465608, 42.325703999999995], [-71.46584600000001, 42.32461100000001], [-71.467582, 42.322786000000015], [-71.467474, 42.32205900000001], [-71.466284, 42.319815000000006], [-71.465002, 42.31872600000001], [-71.464403, 42.31780700000001], [-71.463808, 42.31581199999999], [-71.4638, 42.31328900000001], [-71.463534, 42.312792], [-71.463059, 42.31219299999999], [-71.461155, 42.311126], [-71.464723, 42.30903200000001], [-71.466438, 42.30855600000001], [-71.467207, 42.30817699999999], [-71.468509, 42.30677099999999], [-71.471615, 42.30783600000001], [-71.473641, 42.30792999999998], [-71.473878, 42.30869700000001], [-71.474866, 42.31017099999999], [-71.475129, 42.31034900000001], [-71.476121, 42.310446], [-71.47599, 42.311399999999985], [-71.477639, 42.311207], [-71.477969, 42.310807], [-71.479169, 42.31059300000001], [-71.48083200000002, 42.310735000000015], [-71.481668, 42.31058799999999], [-71.481753, 42.310911], [-71.484096, 42.310853], [-71.48421, 42.309915000000004], [-71.48635, 42.31044899999999], [-71.505882, 42.272938000000025], [-71.505928, 42.266578], [-71.506091, 42.264392999999984], [-71.506275, 42.26430500000001], [-71.506932, 42.264334000000005], [-71.507471, 42.26410099999999], [-71.508985, 42.26448600000001], [-71.510194, 42.265387], [-71.510085, 42.266044], [-71.510216, 42.266156], [-71.51054, 42.266227], [-71.511374, 42.266004], [-71.511704, 42.26636800000002], [-71.51327, 42.26737099999999], [-71.513882, 42.26758499999999], [-71.515566, 42.267782], [-71.516207, 42.267573000000006], [-71.517168, 42.267738], [-71.518587, 42.26762000000001], [-71.518911, 42.267718000000016], [-71.519228, 42.267633999999994], [-71.519187, 42.267496], [-71.519664, 42.26714599999999], [-71.520642, 42.26659800000001], [-71.521143, 42.266497999999984], [-71.521672, 42.266645000000004], [-71.52251200000002, 42.266436000000006], [-71.523412, 42.26598599999998], [-71.524931, 42.265904999999975], [-71.527995, 42.266524999999994], [-71.532144, 42.26614699999998], [-71.534854, 42.264977000000016], [-71.535444, 42.265038], [-71.535948, 42.264755999999984], [-71.536837, 42.264574999999994], [-71.538072, 42.26453800000001], [-71.538658, 42.26361], [-71.539632, 42.262793], [-71.54097000000002, 42.26320299999999], [-71.541752, 42.26399500000001], [-71.541977, 42.263897], [-71.54275100000001, 42.264051000000016], [-71.542963, 42.26380799999999], [-71.543289, 42.264017], [-71.543668, 42.26393000000001], [-71.544307, 42.264441000000005], [-71.543982, 42.26456099999999], [-71.544202, 42.264823000000014], [-71.54477, 42.26475299999999], [-71.544687, 42.264444], [-71.54583, 42.264701], [-71.546022, 42.26489600000001], [-71.545862, 42.26523000000001], [-71.546639, 42.26542500000001], [-71.546908, 42.265262], [-71.547171, 42.265372], [-71.547289, 42.265643], [-71.547586, 42.265450000000016], [-71.547958, 42.26553900000001], [-71.547955, 42.26576500000001], [-71.548181, 42.265767], [-71.547949, 42.265937000000015], [-71.548045, 42.26601299999999], [-71.548757, 42.265928000000024], [-71.549453, 42.266095], [-71.549949, 42.265892999999984], [-71.550755, 42.26625500000001], [-71.551488, 42.266234000000004], [-71.55176300000001, 42.26635799999999], [-71.551918, 42.266824], [-71.552412, 42.267431], [-71.552947, 42.26762200000001], [-71.553498, 42.26760500000001], [-71.554498, 42.26788400000001], [-71.554861, 42.26754799999999], [-71.555284, 42.26746], [-71.555463, 42.26783399999999], [-71.555813, 42.26776999999999], [-71.556584, 42.268134], [-71.557291, 42.26779299999998], [-71.557285, 42.26759400000001], [-71.557729, 42.26767200000001], [-71.557879, 42.267400000000016], [-71.558335, 42.267390999999996], [-71.558581, 42.267867999999986], [-71.559781, 42.26758200000002], [-71.560584, 42.267864], [-71.562194, 42.267651], [-71.586759, 42.25954500000002], [-71.599318, 42.225958999999996], [-71.62107, 42.230869999999996], [-71.644438, 42.226625999999996], [-71.648405, 42.245145], [-71.650171, 42.247797999999996], [-71.649399, 42.247917], [-71.649543, 42.24822399999999], [-71.649882, 42.248700999999976], [-71.65092400000002, 42.24953700000002], [-71.651325, 42.250604], [-71.649016, 42.25123299999999], [-71.645785, 42.252524000000015], [-71.641604, 42.25344700000001], [-71.640908, 42.25375399999998], [-71.639909, 42.25451300000001], [-71.641519, 42.25650999999999], [-71.641232, 42.256627000000016], [-71.639854, 42.256714], [-71.638823, 42.25704199999999], [-71.638216, 42.257066000000016], [-71.637914, 42.256919999999994], [-71.637002, 42.255892], [-71.636887, 42.255544999999984], [-71.635448, 42.255805], [-71.635911, 42.25660700000001], [-71.635943, 42.256944000000004], [-71.635561, 42.257272], [-71.63511300000002, 42.25732399999999], [-71.634641, 42.257132999999996], [-71.633994, 42.25620299999999], [-71.633922, 42.256944999999995], [-71.63433, 42.25763799999998], [-71.63520700000001, 42.257857], [-71.635391, 42.258240000000015], [-71.63576000000002, 42.25851899999999], [-71.635844, 42.258959000000004], [-71.635566, 42.260852], [-71.636135, 42.26159899999999], [-71.63606500000002, 42.261831], [-71.636381, 42.26199], [-71.636126, 42.262248], [-71.635826, 42.262201], [-71.635772, 42.262364], [-71.635972, 42.262526000000015], [-71.635703, 42.262956], [-71.635087, 42.263153999999986], [-71.63521, 42.263395000000024], [-71.63481000000002, 42.2638], [-71.63487, 42.264353000000014], [-71.634339, 42.26468], [-71.634085, 42.26512699999999], [-71.634023, 42.265484000000015], [-71.634392, 42.26566499999999], [-71.63455400000001, 42.266241999999984], [-71.635523, 42.26676], [-71.635076, 42.26787399999999], [-71.63416, 42.267943999999986], [-71.634167, 42.26811500000001], [-71.633851, 42.268383], [-71.633882, 42.26929199999999], [-71.632588, 42.269690999999995], [-71.63248, 42.270162000000006], [-71.632649, 42.271185], [-71.632402, 42.271834000000005], [-71.632366, 42.272758], [-71.624927, 42.274284], [-71.62684200000001, 42.276624999999996], [-71.628024, 42.27850399999999], [-71.627383, 42.280078], [-71.625977, 42.28180100000002], [-71.62594, 42.28287999999999], [-71.626202, 42.28408199999999], [-71.653374, 42.282588999999994], [-71.654349, 42.28370700000001], [-71.65452100000002, 42.28412], [-71.670115, 42.27876299999999], [-71.676996, 42.286148000000004], [-71.680421, 42.30517100000001], [-71.684362, 42.311370999999994], [-71.689715, 42.318819999999995]]]}}, {"type": "Feature", "properties": {"district_name": "17th Essex District", "chamber": "house", "vintage": "2022-present", "lean_dem_share": 0.7013, "competitiveness": "Safe", "competitiveness_label": "Safe D", "party_favored": "Democratic", "url": "/district/house-17th-essex-district-2022-present/"}, "geometry": {"type": "Polygon", "coordinates": [[[-71.191212, 42.71057000000001], [-71.172381, 42.721641000000005], [-71.170878, 42.72329700000002], [-71.168972, 42.722348000000004], [-71.165693, 42.72229599999999], [-71.167533, 42.72148], [-71.166705, 42.720849999999984], [-71.167242, 42.720462999999995], [-71.167908, 42.721002000000006], [-71.168736, 42.71938799999999], [-71.169316, 42.719006], [-71.169481, 42.71912800000001], [-71.169242, 42.717648], [-71.168162, 42.71771599999999], [-71.168017, 42.7163], [-71.167321, 42.716339000000005], [-71.167191, 42.714920000000006], [-71.173355, 42.714537], [-71.173509, 42.71398900000001], [-71.174249, 42.713655999999986], [-71.173269, 42.71242499999999], [-71.172299, 42.712063000000036], [-71.171928, 42.712193], [-71.171238, 42.71137200000001], [-71.171818, 42.711125], [-71.170983, 42.71079800000001], [-71.168123, 42.710437999999996], [-71.163759, 42.705062], [-71.161958, 42.706047], [-71.160196, 42.703293], [-71.16552800000001, 42.70112799999999], [-71.170397, 42.69748899999999], [-71.175759, 42.69392399999999], [-71.174185, 42.69301599999999], [-71.174611, 42.69235799999999], [-71.173568, 42.691635000000026], [-71.174847, 42.690643999999985], [-71.174473, 42.69006600000001], [-71.173409, 42.69036200000001], [-71.173209, 42.688837], [-71.173803, 42.68681599999998], [-71.173033, 42.686963], [-71.172063, 42.687545], [-71.171422, 42.687037000000004], [-71.172498, 42.686134], [-71.172532, 42.685873], [-71.171957, 42.68439699999999], [-71.173028, 42.684133], [-71.172827, 42.68355], [-71.172845, 42.682685000000006], [-71.171735, 42.682603999999984], [-71.171393, 42.68231399999999], [-71.169779, 42.682204000000006], [-71.167682, 42.682379], [-71.165722, 42.679245], [-71.151213, 42.681707], [-71.134538, 42.67681300000001], [-71.12882700000002, 42.67445], [-71.12683500000001, 42.67181500000001], [-71.127479, 42.67083299999999], [-71.128423, 42.668861], [-71.130268, 42.66593900000001], [-71.131118, 42.665198999999994], [-71.134009, 42.663478], [-71.135005, 42.662698], [-71.133715, 42.661466999999995], [-71.132458, 42.65896299999999], [-71.133347, 42.658832999999994], [-71.132702, 42.656774000000006], [-71.135816, 42.656477], [-71.139873, 42.65519700000001], [-71.142077, 42.654706000000004], [-71.141809, 42.655176999999995], [-71.143919, 42.65659200000002], [-71.145747, 42.657357999999995], [-71.147152, 42.65725100000002], [-71.147607, 42.65770500000001], [-71.14819600000001, 42.65869999999999], [-71.149386, 42.659276999999996], [-71.155086, 42.659986], [-71.165935, 42.660343], [-71.166479, 42.660477000000014], [-71.16734400000001, 42.66137500000001], [-71.169565, 42.66172399999999], [-71.171022, 42.66233900000001], [-71.172895, 42.66266199999999], [-71.175249, 42.66340499999999], [-71.179821, 42.66380700000002], [-71.182388, 42.663118000000004], [-71.183584, 42.66315699999999], [-71.184551, 42.66298500000001], [-71.186633, 42.66398000000001], [-71.188692, 42.664483000000004], [-71.188878, 42.665659], [-71.189682, 42.667958999999996], [-71.189696, 42.668476999999996], [-71.188954, 42.669529], [-71.188995, 42.670486999999994], [-71.18887300000002, 42.670748999999994], [-71.186939, 42.673422], [-71.18575500000001, 42.675777999999994], [-71.185511, 42.675919999999984], [-71.191212, 42.71057000000001]]]}}, {"type": "Feature", "properties": {"district_name": "18th Essex District", "chamber": "house", "vintage": "2022-present", "lean_dem_share": 0.6054, "competitiveness": "Safe", "competitiveness_label": "Safe D", "party_favored": "Democratic", "url": "/district/house-18th-essex-district-2022-present/"}, "geometry": {"type": "Polygon", "coordinates": [[[-71.276083, 42.62526799999999], [-71.274709, 42.62885899999998], [-71.271188, 42.644241999999984], [-71.271446, 42.64609200000002], [-71.271682, 42.646305], [-71.27170700000002, 42.64801799999999], [-71.272018, 42.64921600000001], [-71.275154, 42.656216], [-71.272607, 42.656664], [-71.26434700000001, 42.657667], [-71.261963, 42.657483], [-71.258482, 42.65692299999999], [-71.256733, 42.657001], [-71.254966, 42.657775], [-71.252879, 42.659544000000004], [-71.250763, 42.66078200000001], [-71.249479, 42.66110100000001], [-71.24682, 42.66101400000001], [-71.245454, 42.661195000000006], [-71.244172, 42.661514000000004], [-71.24249, 42.662345999999985], [-71.24189, 42.66289600000002], [-71.241409, 42.663685], [-71.240397, 42.66673], [-71.239285, 42.66819500000001], [-71.238103, 42.669490999999994], [-71.235607, 42.67116200000001], [-71.234094, 42.672518000000004], [-71.229367, 42.67819999999999], [-71.228171, 42.68003600000001], [-71.226074, 42.684431999999994], [-71.225649, 42.685783], [-71.225389, 42.68686699999999], [-71.224807, 42.69342999999999], [-71.224251, 42.69450600000001], [-71.221174, 42.69849599999998], [-71.219821, 42.699806], [-71.218173, 42.700630000000004], [-71.214948, 42.701261], [-71.212079, 42.70108499999999], [-71.20249, 42.698910000000005], [-71.194549, 42.69838299999999], [-71.190985, 42.69742900000001], [-71.188862, 42.69626800000001], [-71.185511, 42.675919999999984], [-71.18575500000001, 42.675777999999994], [-71.186939, 42.673422], [-71.188932, 42.670639], [-71.188954, 42.669529], [-71.189609, 42.668647], [-71.189708, 42.66807099999999], [-71.188878, 42.665659], [-71.188692, 42.664483000000004], [-71.186633, 42.66398000000001], [-71.184551, 42.66298500000001], [-71.183584, 42.66315699999999], [-71.182388, 42.663118000000004], [-71.179821, 42.66380700000002], [-71.175249, 42.66340499999999], [-71.172895, 42.66266199999999], [-71.171022, 42.66233900000001], [-71.169565, 42.66172399999999], [-71.16734400000001, 42.66137500000001], [-71.166479, 42.660477000000014], [-71.166097, 42.660365], [-71.155086, 42.659986], [-71.149386, 42.659276999999996], [-71.14819600000001, 42.65869999999999], [-71.147607, 42.65770500000001], [-71.147152, 42.65725100000002], [-71.145747, 42.657357999999995], [-71.143919, 42.65659200000002], [-71.141809, 42.655176999999995], [-71.142077, 42.654706000000004], [-71.139873, 42.65519700000001], [-71.135816, 42.656477], [-71.132702, 42.656774000000006], [-71.133347, 42.658832999999994], [-71.132458, 42.65896299999999], [-71.133715, 42.661466999999995], [-71.135005, 42.662698], [-71.134009, 42.663478], [-71.131118, 42.665198999999994], [-71.130268, 42.66593900000001], [-71.128423, 42.668861], [-71.127479, 42.67083299999999], [-71.12683500000001, 42.67181500000001], [-71.118756, 42.66102299999999], [-71.117321, 42.66295499999998], [-71.115584, 42.66433800000001], [-71.114817, 42.66520599999999], [-71.106025, 42.658836], [-71.105394, 42.659169], [-71.105284, 42.659649], [-71.107075, 42.66203600000001], [-71.107273, 42.66274799999998], [-71.106962, 42.663893000000016], [-71.105793, 42.664222999999986], [-71.104872, 42.66492900000001], [-71.102548, 42.665089], [-71.101634, 42.66531300000001], [-71.101332, 42.66556600000002], [-71.1001, 42.66544], [-71.099396, 42.66555200000001], [-71.099025, 42.66567700000002], [-71.09828800000001, 42.66637200000001], [-71.099913, 42.668128], [-71.101955, 42.670993], [-71.100655, 42.672826999999984], [-71.098258, 42.67224500000001], [-71.095728, 42.66992700000001], [-71.093732, 42.669515], [-71.091953, 42.66958700000001], [-71.090565, 42.669132], [-71.089703, 42.669062], [-71.088579, 42.66916899999999], [-71.087397, 42.669539999999984], [-71.08471, 42.670038999999996], [-71.082643, 42.66906399999999], [-71.080258, 42.66879900000001], [-71.077661, 42.668138000000006], [-71.076464, 42.66763399999998], [-71.074569, 42.666411999999994], [-71.072327, 42.665754], [-71.070288, 42.66538700000002], [-71.06783300000001, 42.665209], [-71.06557100000002, 42.66529799999999], [-71.064617, 42.66554199999999], [-71.0629, 42.666305], [-71.061866, 42.66643999999996], [-71.058446, 42.66570699999999], [-71.055902, 42.665746], [-71.051629, 42.667027999999995], [-71.051833, 42.667649999999995], [-71.050752, 42.669123], [-71.050693, 42.67035800000001], [-71.048162, 42.671901], [-71.047855, 42.672456999999994], [-71.04881400000001, 42.67257899999998], [-71.049534, 42.673444], [-71.050673, 42.674423000000004], [-71.051959, 42.675237], [-71.05101900000001, 42.67570099999998], [-71.050658, 42.676289999999995], [-71.049869, 42.676811], [-71.046769, 42.678435999999984], [-71.040519, 42.67268800000001], [-71.037575, 42.66765500000002], [-71.028908, 42.666227000000006], [-71.024926, 42.666386], [-71.023223, 42.66588200000001], [-71.021026, 42.66469300000001], [-71.018855, 42.664422], [-71.01782, 42.662852000000015], [-71.017079, 42.662395999999994], [-71.011811, 42.662333], [-71.007691, 42.66144399999998], [-71.003331, 42.659653000000006], [-71.002367, 42.66088200000001], [-70.997971, 42.663514000000006], [-70.99783, 42.663728000000006], [-70.995147, 42.664642999999984], [-70.992817, 42.66516500000001], [-70.991889, 42.665625], [-70.990501, 42.667158], [-70.990007, 42.669116000000024], [-70.988666, 42.67081199999999], [-70.983018, 42.673272000000004], [-70.980368, 42.67421], [-70.979017, 42.67396000000001], [-70.978018, 42.67395500000001], [-70.975863, 42.673249], [-70.975329, 42.67267299999999], [-70.974825, 42.67275399999998], [-70.97381, 42.672222], [-70.972818, 42.67207199999999], [-70.972136, 42.671472], [-70.97102, 42.671041], [-70.970811, 42.67102600000001], [-70.970362, 42.671354], [-70.96999, 42.671279000000006], [-70.968525, 42.67001199999999], [-70.96789, 42.669793000000006], [-70.967975, 42.66948599999999], [-70.967639, 42.669442999999994], [-70.960359, 42.64907800000002], [-70.97552, 42.64218799999999], [-70.97637, 42.640714000000024], [-70.976146, 42.640174], [-70.975447, 42.639946], [-70.975315, 42.63927800000001], [-70.97498, 42.639275999999995], [-70.974192, 42.63835099999999], [-70.973874, 42.638305], [-70.973665, 42.637876], [-70.973671, 42.637164], [-70.97333600000002, 42.636752], [-70.973337, 42.636562000000005], [-70.974386, 42.63618399999999], [-70.9747, 42.63576299999999], [-70.974963, 42.635167], [-70.974785, 42.63457500000001], [-70.974841, 42.63443300000001], [-70.97523, 42.63444199999999], [-70.97511, 42.634088000000006], [-70.975262, 42.633880000000005], [-70.975131, 42.633688999999976], [-70.974774, 42.634033999999986], [-70.974492, 42.633922], [-70.974574, 42.633554000000004], [-70.974324, 42.633110000000016], [-70.974431, 42.63288299999999], [-70.974076, 42.632729999999995], [-70.973351, 42.63178800000001], [-70.973418, 42.631243], [-70.973848, 42.63118699999999], [-70.974081, 42.63089499999998], [-70.973541, 42.63035099999998], [-70.973555, 42.629887], [-70.973333, 42.62950399999998], [-70.972498, 42.629029], [-70.971782, 42.628837000000004], [-70.971715, 42.62852800000001], [-70.970951, 42.62831700000001], [-70.970059, 42.627508999999996], [-70.96958, 42.62750499999999], [-70.968109, 42.62683899999999], [-70.968231, 42.62673199999999], [-70.968218, 42.626251999999994], [-70.968871, 42.626065], [-70.968798, 42.625646999999994], [-70.968959, 42.62556200000001], [-70.969054, 42.625134], [-70.96959, 42.62502400000001], [-70.970348, 42.625389999999996], [-70.971187, 42.62500999999999], [-70.971964, 42.624964999999996], [-70.971946, 42.624444999999994], [-70.971558, 42.624188000000004], [-70.971673, 42.62402699999999], [-70.972449, 42.624003000000016], [-70.972666, 42.624200999999985], [-70.973099, 42.62426700000001], [-70.973365, 42.623876], [-70.97403000000001, 42.623504999999994], [-70.974513, 42.623442], [-70.974971, 42.623776], [-70.975413, 42.623818000000014], [-70.976438, 42.623435], [-70.976432, 42.623281], [-70.97668, 42.62322600000001], [-70.97661, 42.622916], [-70.975962, 42.622732000000006], [-70.976684, 42.622367], [-70.976565, 42.62214000000001], [-70.976228, 42.621998999999995], [-70.976304, 42.621604000000005], [-70.97606700000001, 42.62110199999999], [-70.97663000000001, 42.62077099999999], [-70.977228, 42.620714], [-70.977411, 42.620971], [-70.977266, 42.62125700000001], [-70.977351, 42.62149800000001], [-70.977785, 42.621374999999986], [-70.979989, 42.621701], [-70.980483, 42.621352000000016], [-70.981011, 42.621443], [-70.981055, 42.621610999999994], [-70.981387, 42.62148999999999], [-70.982942, 42.621678], [-70.983181, 42.621562000000004], [-70.983579, 42.621931999999994], [-70.985348, 42.62171800000001], [-71.02231, 42.641636], [-71.054558, 42.627652000000005], [-71.058766, 42.60907700000001], [-71.076167, 42.60413599999999], [-71.135405, 42.599079999999994], [-71.141203, 42.603207], [-71.143197, 42.60403900000001], [-71.145942, 42.608335000000004], [-71.146608, 42.609996], [-71.148653, 42.613167999999995], [-71.154419, 42.61526799999999], [-71.156564, 42.61497700000001], [-71.158617, 42.612947999999996], [-71.159517, 42.60765900000001], [-71.160667, 42.605318], [-71.163909, 42.601852], [-71.164879, 42.598021], [-71.180481, 42.60770900000001], [-71.181349, 42.60837299999999], [-71.182023, 42.60843100000002], [-71.181501, 42.60811499999999], [-71.182288, 42.60795], [-71.182466, 42.607775999999994], [-71.182371, 42.607613], [-71.18201, 42.60759300000001], [-71.181904, 42.60738199999997], [-71.182047, 42.60626400000001], [-71.181577, 42.604412], [-71.182017, 42.603943], [-71.182884, 42.60423500000002], [-71.182521, 42.60468099999999], [-71.182656, 42.604866], [-71.182956, 42.60492300000001], [-71.183181, 42.60466600000002], [-71.183451, 42.60468000000001], [-71.183352, 42.605599], [-71.18397400000002, 42.606503000000004], [-71.183826, 42.606785000000016], [-71.184813, 42.60622200000001], [-71.187511, 42.60629300000001], [-71.188578, 42.606067999999986], [-71.18948300000001, 42.606187000000006], [-71.189345, 42.60764500000001], [-71.189754, 42.610298], [-71.19165100000001, 42.61031099999999], [-71.195708, 42.60970499999999], [-71.196141, 42.610062], [-71.201528, 42.612341], [-71.202335, 42.612525], [-71.209034, 42.612266], [-71.215684, 42.612709], [-71.222633, 42.611478999999996], [-71.225716, 42.61154999999999], [-71.227877, 42.611328], [-71.229918, 42.611505], [-71.231615, 42.611888], [-71.232008, 42.61346], [-71.231999, 42.614157], [-71.231006, 42.617021], [-71.229619, 42.618624], [-71.228945, 42.619911], [-71.230448, 42.620625], [-71.231274, 42.62073600000001], [-71.231174, 42.621827], [-71.230549, 42.621883000000004], [-71.230742, 42.62241499999999], [-71.231297, 42.62253999999999], [-71.23190000000001, 42.622032000000004], [-71.232339, 42.621942000000004], [-71.232825, 42.620188000000006], [-71.252209, 42.62275300000002], [-71.251975, 42.623866], [-71.25114, 42.625179], [-71.251187, 42.625598], [-71.251851, 42.626233], [-71.252245, 42.62740900000001], [-71.25462, 42.628902], [-71.254263, 42.629729000000005], [-71.254061, 42.630759], [-71.254602, 42.631937], [-71.254942, 42.632133], [-71.255802, 42.63203499999997], [-71.256839, 42.631640999999995], [-71.258698, 42.631239999999984], [-71.259426, 42.63064000000001], [-71.260556, 42.630757], [-71.26079, 42.63105900000001], [-71.267974, 42.629214], [-71.270245, 42.628369], [-71.273255, 42.62692899999998], [-71.276083, 42.62526799999999]]]}}, {"type": "Feature", "properties": {"district_name": "1st Franklin District", "chamber": "house", "vintage": "2022-present", "lean_dem_share": 0.7393, "competitiveness": "Safe", "competitiveness_label": "Safe D", "party_favored": "Democratic", "url": "/district/house-1st-franklin-district-2022-present/"}, "geometry": {"type": "Polygon", "coordinates": [[[-73.023709, 42.70269], [-73.023015, 42.74113500000001], [-72.923563, 42.73916400000001], [-72.809113, 42.736581000000015], [-72.721319, 42.734099], [-72.598638, 42.73092399999999], [-72.516736, 42.728528000000004], [-72.489502, 42.66238899999999], [-72.540215, 42.656369000000005], [-72.540527, 42.656327000000005], [-72.540785, 42.655661], [-72.543829, 42.65529299999998], [-72.544161, 42.655254000000006], [-72.543789, 42.655521], [-72.543664, 42.65594300000001], [-72.63304, 42.645351], [-72.642501, 42.607004], [-72.63850500000001, 42.60279899999999], [-72.637095, 42.60111400000001], [-72.635279, 42.597615000000005], [-72.632599, 42.59381599999999], [-72.632013, 42.592597999999995], [-72.630865, 42.58933699999999], [-72.627355, 42.589133999999994], [-72.626539, 42.59261300000001], [-72.620064, 42.59308699999999], [-72.62009200000001, 42.59401], [-72.61914, 42.593656], [-72.615464, 42.590994], [-72.61522, 42.590769000000016], [-72.615257, 42.59019500000001], [-72.611194, 42.590346], [-72.611051, 42.59276800000001], [-72.6112, 42.59388400000001], [-72.609807, 42.593564000000015], [-72.607915, 42.593633000000004], [-72.608875, 42.59666899999999], [-72.604515, 42.59700300000001], [-72.604358, 42.595382], [-72.600954, 42.59491000000001], [-72.6004, 42.59775300000001], [-72.595071, 42.59717300000001], [-72.590597, 42.596208], [-72.589464, 42.59719500000001], [-72.587083, 42.596737000000005], [-72.587464, 42.595648], [-72.588331, 42.59141499999999], [-72.587356, 42.588686], [-72.587175, 42.587780000000016], [-72.58721100000001, 42.585505999999995], [-72.586955, 42.584399999999995], [-72.58634300000001, 42.583298], [-72.586136, 42.581387000000014], [-72.585542, 42.584925], [-72.584622, 42.586684000000005], [-72.582842, 42.58718], [-72.583099, 42.587796999999995], [-72.581862, 42.588161], [-72.581602, 42.58742000000001], [-72.580656, 42.587535], [-72.582249, 42.58906300000001], [-72.58317, 42.590297], [-72.583289, 42.59093800000001], [-72.583176, 42.592404], [-72.582787, 42.593578], [-72.582198, 42.59441100000001], [-72.580911, 42.595234000000005], [-72.579183, 42.59552300000002], [-72.576461, 42.59688099999999], [-72.575067, 42.59827600000001], [-72.57264, 42.601121000000006], [-72.570062, 42.603568], [-72.566751, 42.60618000000001], [-72.564253, 42.60777900000001], [-72.558014, 42.61134500000001], [-72.554792, 42.61221499999999], [-72.552686, 42.612195000000014], [-72.552682, 42.61085800000001], [-72.551928, 42.60980200000001], [-72.549739, 42.60771300000001], [-72.547496, 42.60645899999999], [-72.54613900000001, 42.605366000000004], [-72.545781, 42.604763], [-72.54543, 42.60353500000001], [-72.545456, 42.59993200000001], [-72.545279, 42.598548], [-72.545065, 42.59803200000001], [-72.54423, 42.597155000000015], [-72.543059, 42.596636], [-72.542205, 42.59646600000001], [-72.541098, 42.59639899999999], [-72.539172, 42.596751], [-72.531909, 42.59934600000002], [-72.528887, 42.600833999999985], [-72.523766, 42.603914999999986], [-72.522071, 42.604395000000004], [-72.520154, 42.60450599999999], [-72.514366, 42.604415], [-72.507632, 42.60389500000001], [-72.506039, 42.60352900000001], [-72.50562800000002, 42.60302699999999], [-72.505506, 42.601952999999995], [-72.504456, 42.59989000000001], [-72.502996, 42.59849], [-72.500092, 42.59676700000001], [-72.498621, 42.596857000000014], [-72.497071, 42.59756900000001], [-72.496378, 42.59689600000001], [-72.496156, 42.596298], [-72.496152, 42.59514200000002], [-72.496423, 42.593875000000004], [-72.496116, 42.593474000000015], [-72.495059, 42.59275000000001], [-72.496424, 42.59114799999999], [-72.49743700000002, 42.590298000000004], [-72.497856, 42.58968800000001], [-72.498225, 42.588809000000005], [-72.498228, 42.58851999999999], [-72.497849, 42.588048], [-72.497611, 42.587188], [-72.497664, 42.586416], [-72.497928, 42.585944000000005], [-72.501513, 42.582666999999994], [-72.50371800000002, 42.580954], [-72.50351, 42.58036800000002], [-72.502248, 42.579613999999985], [-72.500941, 42.579480000000025], [-72.500057, 42.57956900000001], [-72.496327, 42.58031200000001], [-72.495253, 42.58078499999999], [-72.494281, 42.580866], [-72.493209, 42.58073499999999], [-72.492342, 42.580381999999986], [-72.490045, 42.578800000000015], [-72.487833, 42.578354000000004], [-72.484335, 42.57846], [-72.482962, 42.579138000000015], [-72.481383, 42.579217], [-72.480054, 42.57883199999999], [-72.479123, 42.57825800000002], [-72.47724700000002, 42.57667600000001], [-72.476371, 42.575305], [-72.475512, 42.57463400000001], [-72.474748, 42.574207], [-72.473554, 42.573955999999995], [-72.472932, 42.573945], [-72.470344, 42.57452299999999], [-72.466104, 42.57671800000001], [-72.465851, 42.57619], [-72.463838, 42.574008000000006], [-72.46381, 42.57381900000001], [-72.464203, 42.573289999999986], [-72.463837, 42.57181400000002], [-72.464226, 42.57101599999999], [-72.464259, 42.570382000000016], [-72.463826, 42.56978500000001], [-72.463601, 42.568679999999986], [-72.462678, 42.567828000000006], [-72.462323, 42.56716800000001], [-72.462377, 42.566632000000006], [-72.461157, 42.565372], [-72.460805, 42.564569], [-72.459939, 42.563969], [-72.459953, 42.56352900000001], [-72.459702, 42.56320199999999], [-72.456872, 42.561575000000005], [-72.455373, 42.560421999999996], [-72.453933, 42.558297], [-72.45387, 42.557211], [-72.452754, 42.554629], [-72.459641, 42.51642699999998], [-72.439538, 42.518579], [-72.452979, 42.438615999999996], [-72.499513, 42.43252400000001], [-72.530968, 42.42885299999999], [-72.581103, 42.422579000000006], [-72.585585, 42.42314399999999], [-72.622315, 42.41510799999999], [-72.629147, 42.414871999999995], [-72.629085, 42.414311000000005], [-72.704392, 42.40554999999998], [-72.700877, 42.45291999999999], [-72.757758, 42.445883], [-72.75711, 42.45241300000001], [-72.765937, 42.45168099999998], [-72.765114, 42.455884], [-72.759111, 42.45649399999999], [-72.758287, 42.46092599999997], [-72.7643, 42.460156000000005], [-72.763792, 42.46366499999999], [-72.773601, 42.465540000000004], [-72.773329, 42.46678199999999], [-72.831494, 42.476998], [-72.831566, 42.47637600000001], [-72.855788, 42.48095000000001], [-72.871136, 42.484041], [-72.875155, 42.507249], [-72.87032, 42.52515], [-72.875461, 42.52589700000001], [-72.876658, 42.531732999999996], [-72.876849, 42.541197000000004], [-72.975409, 42.55603700000002], [-72.951039, 42.64100599999998], [-72.95265, 42.650865], [-72.953644, 42.651033], [-72.953956, 42.651222], [-72.955428, 42.65403000000001], [-72.955589, 42.65459899999999], [-72.955656, 42.657913], [-72.955533, 42.65937400000001], [-72.954358, 42.662461000000015], [-72.954348, 42.66342799999999], [-72.95463, 42.665305999999994], [-72.954721, 42.665624], [-72.955045, 42.66591199999998], [-72.957432, 42.666971999999994], [-72.959818, 42.66719], [-72.960443, 42.66738700000002], [-72.961519, 42.667278], [-72.96228, 42.66686300000001], [-72.962742, 42.66626200000001], [-72.963398, 42.66478700000002], [-72.963948, 42.664294], [-72.964711, 42.66407900000001], [-72.966229, 42.66398300000001], [-72.968286, 42.664277], [-72.97022, 42.66392700000001], [-72.972542, 42.662951], [-72.974626, 42.661041000000004], [-72.975209, 42.66082399999999], [-72.97579, 42.66084099999999], [-72.976768, 42.661393], [-72.979644, 42.663832000000006], [-72.981026, 42.66467200000001], [-72.982406, 42.66520100000001], [-72.98552900000001, 42.66593799999998], [-72.988966, 42.66762000000001], [-72.993268, 42.67104600000002], [-72.995539, 42.673156000000006], [-72.995686, 42.673649000000005], [-72.995294, 42.67412000000001], [-72.994665, 42.674322000000004], [-72.992223, 42.674351], [-72.99009, 42.674120000000016], [-72.989251, 42.67423300000001], [-72.988728, 42.67453599999999], [-72.988533, 42.67533199999999], [-72.98865500000001, 42.675831], [-72.989772, 42.678219000000006], [-72.989628, 42.678448999999986], [-72.989269, 42.67857299999998], [-72.986685, 42.679081999999994], [-72.983884, 42.679384999999996], [-72.977257, 42.67905100000001], [-72.97630400000001, 42.67916299999999], [-72.975826, 42.679422], [-72.975667, 42.67968100000002], [-72.97561, 42.680423999999995], [-72.97602, 42.681358], [-72.976987, 42.68279299999999], [-72.977659, 42.685660000000006], [-72.977495, 42.685913000000006], [-72.975176, 42.68755], [-72.974194, 42.68847899999999], [-72.97352, 42.688808], [-72.972514, 42.689072000000024], [-72.971584, 42.68905500000001], [-72.967477, 42.688296], [-72.964777, 42.687544], [-72.963802, 42.68749199999998], [-72.961713, 42.68807], [-72.959335, 42.68951799999999], [-72.958321, 42.689861], [-72.956975, 42.690165], [-72.954353, 42.690276], [-72.953836, 42.690481999999996], [-72.952247, 42.69219000000002], [-72.951647, 42.693951000000006], [-72.951575, 42.694716], [-72.951736, 42.69565300000001], [-72.952266, 42.69662600000002], [-72.953764, 42.69799200000001], [-72.953869, 42.69838599999999], [-72.953497, 42.69890500000001], [-72.951691, 42.700509999999994], [-72.950229, 42.701164999999996], [-72.949077, 42.702746], [-72.948703, 42.70363499999999], [-72.948738, 42.70406100000001], [-72.949639, 42.705111000000024], [-72.99787800000001, 42.701264], [-73.023709, 42.70269]]]}}, {"type": "Feature", "properties": {"district_name": "2nd Franklin District", "chamber": "house", "vintage": "2022-present", "lean_dem_share": 0.6017, "competitiveness": "Safe", "competitiveness_label": "Safe D", "party_favored": "Democratic", "url": "/district/house-2nd-franklin-district-2022-present/"}, "geometry": {"type": "Polygon", "coordinates": [[[-72.642501, 42.607004], [-72.63304, 42.645351], [-72.543664, 42.65594300000001], [-72.543789, 42.655521], [-72.544161, 42.655254000000006], [-72.543829, 42.65529299999998], [-72.540785, 42.655661], [-72.540527, 42.656327000000005], [-72.540215, 42.656369000000005], [-72.489502, 42.66238899999999], [-72.516736, 42.728528000000004], [-72.457389, 42.72690299999999], [-72.41434300000002, 42.725377], [-72.345784, 42.72336300000001], [-72.302737, 42.722272000000004], [-72.250963, 42.720685], [-72.124555, 42.71756499999999], [-72.077673, 42.71620000000002], [-72.070895, 42.71323000000001], [-72.069066, 42.712089000000006], [-72.068114, 42.71130899999999], [-72.049269, 42.69017900000001], [-72.044991, 42.68565499999999], [-72.044215, 42.683263000000004], [-72.044855, 42.68245700000001], [-72.045469, 42.68270599999999], [-72.047362, 42.680216], [-72.04993, 42.681621], [-72.052367, 42.681741999999986], [-72.055127, 42.680677000000024], [-72.056999, 42.67918999999999], [-72.05779100000001, 42.678952], [-72.060614, 42.67861999999999], [-72.061553, 42.677918999999996], [-72.062847, 42.67752500000002], [-72.064179, 42.67654600000001], [-72.065046, 42.676446999999996], [-72.066463, 42.676722], [-72.067137, 42.676671999999996], [-72.06765, 42.676169], [-72.06735, 42.67570500000001], [-72.067371, 42.675387], [-72.067806, 42.67549600000001], [-72.068042, 42.67536599999998], [-72.073335, 42.671732], [-72.077057, 42.66992300000001], [-72.07827, 42.66889599999999], [-72.07901, 42.66788799999999], [-72.079291, 42.667136], [-72.079358, 42.6662], [-72.078019, 42.65925099999999], [-72.077962, 42.65783400000001], [-72.078109, 42.65683599999999], [-72.081078, 42.647359], [-72.081194, 42.64577800000002], [-72.080913, 42.639083000000014], [-72.080548, 42.63729600000002], [-72.080084, 42.636046], [-72.074498, 42.624247999999994], [-72.075749, 42.625235], [-72.116631, 42.62660699999999], [-72.138952, 42.623946], [-72.138666, 42.62385900000001], [-72.138806, 42.62363100000001], [-72.13817, 42.62285500000001], [-72.136987, 42.622586], [-72.137153, 42.621928], [-72.136894, 42.62159699999999], [-72.136507, 42.621446], [-72.136741, 42.621054999999984], [-72.136135, 42.621141000000016], [-72.136234, 42.620784], [-72.135954, 42.62080000000002], [-72.136036, 42.62058500000002], [-72.13564, 42.620453], [-72.13579, 42.620070999999996], [-72.136178, 42.61976400000001], [-72.136228, 42.61915599999999], [-72.135838, 42.619006000000006], [-72.13548, 42.61857100000001], [-72.134635, 42.61844899999999], [-72.134709, 42.618002], [-72.134263, 42.61791200000001], [-72.134452, 42.61717600000001], [-72.134238, 42.61722600000001], [-72.134001, 42.61678400000001], [-72.13362, 42.616789999999995], [-72.133201, 42.616488], [-72.132599, 42.616907000000005], [-72.132461, 42.61662900000001], [-72.132085, 42.616541], [-72.13218, 42.615975], [-72.131857, 42.615881000000016], [-72.131474, 42.61544], [-72.131936, 42.61504699999998], [-72.131413, 42.615006], [-72.131836, 42.61475600000001], [-72.13148, 42.61453900000001], [-72.130812, 42.61466], [-72.130851, 42.614457000000016], [-72.130612, 42.614368], [-72.130429, 42.613911], [-72.130024, 42.613755999999995], [-72.130113, 42.61359399999998], [-72.129651, 42.61329899999999], [-72.129742, 42.612842], [-72.128699, 42.61205199999997], [-72.127812, 42.61181900000001], [-72.127266, 42.611932999999986], [-72.126421, 42.611597], [-72.126118, 42.611798999999976], [-72.125221, 42.611704999999986], [-72.124821, 42.611346000000005], [-72.124889, 42.610897], [-72.124646, 42.61073900000002], [-72.124787, 42.610079999999996], [-72.121595, 42.57844299999999], [-72.126935, 42.57528800000001], [-72.095391, 42.53550599999996], [-72.09066400000002, 42.523979], [-72.090636, 42.523799], [-72.091157, 42.52338], [-72.09155, 42.52262399999999], [-72.091604, 42.52223699999999], [-72.091323, 42.52189700000001], [-72.092177, 42.52134100000001], [-72.092147, 42.52120000000001], [-72.091752, 42.52123200000002], [-72.09162200000002, 42.52100799999999], [-72.090835, 42.520650999999994], [-72.091253, 42.520072000000006], [-72.091921, 42.51970200000001], [-72.091915, 42.518651], [-72.090965, 42.51808399999998], [-72.091291, 42.51752700000001], [-72.091157, 42.51701199999999], [-72.090714, 42.51691499999999], [-72.090391, 42.51648899999999], [-72.088572, 42.51573200000001], [-72.08841400000001, 42.51519900000002], [-72.087487, 42.51427699999999], [-72.086692, 42.512907], [-72.086524, 42.51273800000001], [-72.085909, 42.512684], [-72.085289, 42.51205600000002], [-72.084956, 42.511055], [-72.084472, 42.510479000000004], [-72.084548, 42.509518], [-72.084102, 42.509278], [-72.083766, 42.50856300000001], [-72.083755, 42.50769799999998], [-72.083987, 42.50660899999999], [-72.084865, 42.50547799999999], [-72.085006, 42.504937], [-72.084378, 42.504503], [-72.083584, 42.50440300000001], [-72.083146, 42.503757], [-72.082372, 42.501569], [-72.082659, 42.500295000000015], [-72.080339, 42.49925400000001], [-72.080477, 42.498978999999984], [-72.081248, 42.499038], [-72.081903, 42.49885199999997], [-72.081907, 42.49861], [-72.081515, 42.49818799999999], [-72.08165, 42.496713], [-72.082023, 42.49601], [-72.082039, 42.49562300000001], [-72.100941, 42.48368200000001], [-72.185642, 42.550360000000005], [-72.196385, 42.54892], [-72.244868, 42.51343899999999], [-72.269111, 42.533425000000015], [-72.271352, 42.547227], [-72.35679, 42.548702], [-72.353785, 42.59808600000001], [-72.355236, 42.598433], [-72.357084, 42.59884400000002], [-72.359053, 42.59871799999999], [-72.360237, 42.59762], [-72.360431, 42.597348], [-72.360448, 42.596971], [-72.361626, 42.595604999999985], [-72.362301, 42.595222], [-72.362733, 42.59519300000001], [-72.36391, 42.595586000000004], [-72.369702, 42.598369999999996], [-72.37396500000001, 42.59942800000001], [-72.376203, 42.599022000000005], [-72.377701, 42.598101999999976], [-72.378598, 42.597828], [-72.381644, 42.59810499999998], [-72.382748, 42.597906], [-72.383188, 42.598063], [-72.38396, 42.59804300000002], [-72.38489, 42.597784], [-72.386484, 42.59669199999998], [-72.387507, 42.596216000000005], [-72.388854, 42.595798999999985], [-72.389335, 42.595854999999986], [-72.392207, 42.59756899999999], [-72.39333200000002, 42.597997], [-72.395274, 42.59819000000001], [-72.397685, 42.598048000000006], [-72.402347, 42.598135000000006], [-72.409886, 42.604037], [-72.413486, 42.605835], [-72.414682, 42.606595], [-72.415496, 42.60738500000001], [-72.416232, 42.60774699999999], [-72.419596, 42.607772000000004], [-72.42228, 42.607524999999995], [-72.426449, 42.607651], [-72.427825, 42.60695700000001], [-72.429317, 42.605621000000006], [-72.430228, 42.60449200000001], [-72.431412, 42.602170999999984], [-72.432232, 42.60104299999999], [-72.434011, 42.599759], [-72.436508, 42.59887600000001], [-72.437667, 42.598235], [-72.437857, 42.59761199999999], [-72.437044, 42.595050999999984], [-72.437157, 42.59425699999999], [-72.437428, 42.593951000000004], [-72.438309, 42.593621], [-72.439887, 42.59269700000001], [-72.441404, 42.592091999999994], [-72.443077, 42.589639999999996], [-72.443931, 42.58933800000002], [-72.445151, 42.589327999999995], [-72.445777, 42.589133], [-72.449555, 42.58608199999999], [-72.453585, 42.583466], [-72.454613, 42.583005999999976], [-72.45522, 42.582551999999986], [-72.456003, 42.58232199999999], [-72.457015, 42.58154900000001], [-72.45996200000002, 42.58052800000001], [-72.461121, 42.57929099999999], [-72.461225, 42.57836000000001], [-72.46151, 42.57811499999999], [-72.466791, 42.576464], [-72.470344, 42.57452299999999], [-72.472932, 42.573945], [-72.473554, 42.573955999999995], [-72.474748, 42.574207], [-72.475512, 42.57463400000001], [-72.476371, 42.575305], [-72.47724700000002, 42.57667600000001], [-72.479123, 42.57825800000002], [-72.480054, 42.57883199999999], [-72.481383, 42.579217], [-72.482962, 42.579138000000015], [-72.484335, 42.57846], [-72.487833, 42.578354000000004], [-72.490045, 42.578800000000015], [-72.492342, 42.580381999999986], [-72.493521, 42.58079200000001], [-72.494859, 42.580856], [-72.496327, 42.58031200000001], [-72.500941, 42.579480000000025], [-72.502248, 42.579613999999985], [-72.50351, 42.58036800000002], [-72.50371800000002, 42.580954], [-72.501513, 42.582666999999994], [-72.497928, 42.585944000000005], [-72.497664, 42.586416], [-72.497611, 42.587188], [-72.497849, 42.588048], [-72.498228, 42.58851999999999], [-72.498225, 42.588809000000005], [-72.497856, 42.58968800000001], [-72.49743700000002, 42.590298000000004], [-72.496424, 42.59114799999999], [-72.495059, 42.59275000000001], [-72.496116, 42.593474000000015], [-72.496423, 42.593875000000004], [-72.496152, 42.59514200000002], [-72.496156, 42.596298], [-72.496378, 42.59689600000001], [-72.497071, 42.59756900000001], [-72.498621, 42.596857000000014], [-72.500092, 42.59676700000001], [-72.502996, 42.59849], [-72.504223, 42.59960700000001], [-72.50496, 42.60073999999998], [-72.505506, 42.601952999999995], [-72.505534, 42.60262699999999], [-72.50579, 42.60331099999999], [-72.506745, 42.603769000000014], [-72.514366, 42.604415], [-72.520154, 42.60450599999999], [-72.522071, 42.604395000000004], [-72.523766, 42.603914999999986], [-72.528887, 42.600833999999985], [-72.531909, 42.59934600000002], [-72.539172, 42.596751], [-72.541098, 42.59639899999999], [-72.542205, 42.59646600000001], [-72.543059, 42.596636], [-72.54423, 42.597155000000015], [-72.545065, 42.59803200000001], [-72.545279, 42.598548], [-72.545456, 42.59993200000001], [-72.54543, 42.60353500000001], [-72.545781, 42.604763], [-72.54613900000001, 42.605366000000004], [-72.547496, 42.60645899999999], [-72.549739, 42.60771300000001], [-72.551928, 42.60980200000001], [-72.552682, 42.61085800000001], [-72.552686, 42.612195000000014], [-72.554792, 42.61221499999999], [-72.556177, 42.611872999999996], [-72.558437, 42.611149000000005], [-72.565963, 42.606711999999995], [-72.569506, 42.60403999999998], [-72.571574, 42.60220799999999], [-72.576461, 42.59688099999999], [-72.579183, 42.59552300000002], [-72.580911, 42.595234000000005], [-72.582198, 42.59441100000001], [-72.582787, 42.593578], [-72.583176, 42.592404], [-72.583289, 42.59093800000001], [-72.58317, 42.590297], [-72.582249, 42.58906300000001], [-72.580656, 42.587535], [-72.581602, 42.58742000000001], [-72.581862, 42.588161], [-72.583099, 42.587796999999995], [-72.582842, 42.58718], [-72.584622, 42.586684000000005], [-72.585542, 42.584925], [-72.586136, 42.581387000000014], [-72.58634300000001, 42.583298], [-72.586955, 42.584399999999995], [-72.58721100000001, 42.585505999999995], [-72.587175, 42.587780000000016], [-72.587356, 42.588686], [-72.588331, 42.59141499999999], [-72.587464, 42.595648], [-72.587083, 42.596737000000005], [-72.589464, 42.59719500000001], [-72.590597, 42.596208], [-72.595071, 42.59717300000001], [-72.6004, 42.59775300000001], [-72.600954, 42.59491000000001], [-72.604358, 42.595382], [-72.604515, 42.59700300000001], [-72.608875, 42.59666899999999], [-72.607915, 42.593633000000004], [-72.609807, 42.593564000000015], [-72.6112, 42.59388400000001], [-72.611051, 42.59276800000001], [-72.611194, 42.590346], [-72.615257, 42.59019500000001], [-72.61522, 42.590769000000016], [-72.615464, 42.590994], [-72.61914, 42.593656], [-72.62009200000001, 42.59401], [-72.620064, 42.59308699999999], [-72.626539, 42.59261300000001], [-72.627355, 42.589133999999994], [-72.630865, 42.58933699999999], [-72.632013, 42.592597999999995], [-72.632599, 42.59381599999999], [-72.635279, 42.597615000000005], [-72.637095, 42.60111400000001], [-72.63850500000001, 42.60279899999999], [-72.642501, 42.607004]]]}}, {"type": "Feature", "properties": {"district_name": "1st Hampden District", "chamber": "house", "vintage": "2022-present", "lean_dem_share": 0.4788, "competitiveness": "Tossup", "competitiveness_label": "Tossup R", "party_favored": "Republican", "url": "/district/house-1st-hampden-district-2022-present/"}, "geometry": {"type": "Polygon", "coordinates": [[[-72.395478, 42.18573700000001], [-72.35810900000001, 42.18981600000001], [-72.358504, 42.190056], [-72.360061, 42.190127999999994], [-72.360473, 42.190332999999995], [-72.3609, 42.191137], [-72.361667, 42.193484999999995], [-72.361749, 42.19428], [-72.361561, 42.194549], [-72.360931, 42.194596000000004], [-72.359471, 42.194220000000016], [-72.35928200000001, 42.194335], [-72.359204, 42.19457300000001], [-72.35963000000001, 42.19529500000001], [-72.359859, 42.196321], [-72.360999, 42.19725700000001], [-72.363529, 42.197017999999986], [-72.363852, 42.19730100000001], [-72.363853, 42.197955000000015], [-72.362842, 42.19823000000001], [-72.362517, 42.19904], [-72.363477, 42.20203999999998], [-72.364536, 42.20288799999999], [-72.364939, 42.205499], [-72.364888, 42.20702099999999], [-72.364667, 42.20725999999999], [-72.363482, 42.207685], [-72.361991, 42.207328000000004], [-72.361948, 42.20712600000001], [-72.36213800000002, 42.20696400000001], [-72.363329, 42.20641400000002], [-72.363292, 42.206029], [-72.361881, 42.205760000000005], [-72.361204, 42.20533100000001], [-72.360518, 42.205412999999986], [-72.359224, 42.2063], [-72.35836, 42.20777700000001], [-72.358051, 42.207963], [-72.357338, 42.209003], [-72.35655, 42.20924600000001], [-72.355018, 42.20885400000001], [-72.354451, 42.207713], [-72.353714, 42.207015000000006], [-72.352881, 42.20687900000001], [-72.352323, 42.20701400000002], [-72.350369, 42.208526000000006], [-72.349741, 42.20935599999999], [-72.349774, 42.21003299999999], [-72.349568, 42.210178], [-72.347394, 42.21014], [-72.346782, 42.21043], [-72.345518, 42.212750999999976], [-72.34554, 42.213161], [-72.346248, 42.21484300000001], [-72.346124, 42.21621699999999], [-72.345516, 42.21678599999999], [-72.344848, 42.217022], [-72.343974, 42.218033], [-72.342962, 42.21885400000001], [-72.342406, 42.219114000000005], [-72.34168, 42.21923199999999], [-72.337793, 42.21915400000001], [-72.336566, 42.219411999999984], [-72.336021, 42.21992699999999], [-72.335535, 42.22117900000001], [-72.335404, 42.22184699999999], [-72.335579, 42.222241999999994], [-72.336982, 42.223105], [-72.337075, 42.22341200000002], [-72.335432, 42.226828000000005], [-72.33576, 42.22772799999999], [-72.334373, 42.228750000000005], [-72.334016, 42.22932099999999], [-72.33401, 42.23051600000001], [-72.334472, 42.232062], [-72.334196, 42.23254], [-72.334288, 42.23328099999998], [-72.333137, 42.23476299999999], [-72.333319, 42.23604100000003], [-72.332948, 42.237092], [-72.333024, 42.237649000000005], [-72.333776, 42.240372], [-72.334786, 42.241309], [-72.334927, 42.24353599999999], [-72.33525, 42.24407399999999], [-72.33487, 42.24505299999998], [-72.333642, 42.24536000000001], [-72.333542, 42.245591000000005], [-72.334868, 42.24746300000002], [-72.334951, 42.24852700000001], [-72.334673, 42.24963899999998], [-72.334759, 42.25123399999999], [-72.335606, 42.253858000000015], [-72.336237, 42.255188], [-72.336313, 42.256247], [-72.336738, 42.25717100000001], [-72.336436, 42.257791000000005], [-72.336681, 42.258075], [-72.338339, 42.258432], [-72.3385, 42.25867600000001], [-72.338416, 42.259055], [-72.337992, 42.25933499999999], [-72.336712, 42.259395], [-72.337763, 42.26037], [-72.337779, 42.26093199999998], [-72.337375, 42.26168299999999], [-72.335852, 42.262563], [-72.334492, 42.26230200000001], [-72.334114, 42.26236800000001], [-72.33378, 42.26265499999999], [-72.333621, 42.263305], [-72.333658, 42.26436900000001], [-72.334398, 42.26508500000001], [-72.334513, 42.266051999999995], [-72.334244, 42.26653400000001], [-72.33289, 42.267761], [-72.331903, 42.26969700000001], [-72.331535, 42.271081], [-72.331975, 42.27205499999999], [-72.333071, 42.27285300000001], [-72.336456, 42.27340399999999], [-72.338258, 42.27418900000001], [-72.338851, 42.275294], [-72.338799, 42.27711599999999], [-72.338429, 42.278285], [-72.338292, 42.279411], [-72.338484, 42.27981900000001], [-72.339443, 42.280877999999994], [-72.341136, 42.28148900000001], [-72.343261, 42.28165400000002], [-72.346168, 42.283362], [-72.34679, 42.28361000000002], [-72.348445, 42.283792], [-72.35012, 42.284265999999995], [-72.35068, 42.284679999999994], [-72.350872, 42.285278], [-72.35075, 42.285954], [-72.350214, 42.287019], [-72.350035, 42.28796000000001], [-72.348851, 42.291090999999994], [-72.348531, 42.29419299999998], [-72.348631, 42.29458599999999], [-72.350041, 42.29464800000001], [-72.350596, 42.29501199999999], [-72.352199, 42.295433], [-72.352635, 42.29573399999999], [-72.352442, 42.29682599999999], [-72.351963, 42.297895000000004], [-72.350807, 42.298244999999994], [-72.350766, 42.298435], [-72.354317, 42.298913], [-72.35472300000002, 42.29919800000001], [-72.354896, 42.29984600000001], [-72.354631, 42.30091199999999], [-72.353646, 42.302353], [-72.354186, 42.302747], [-72.356018, 42.30328300000001], [-72.355189, 42.30463200000001], [-72.35421, 42.305684000000014], [-72.3522, 42.30642300000001], [-72.351891, 42.306412000000016], [-72.3516, 42.30591499999999], [-72.351689, 42.30426200000001], [-72.351558, 42.304041], [-72.350996, 42.30391], [-72.349894, 42.30451600000001], [-72.349555, 42.30514599999999], [-72.349517, 42.305552000000006], [-72.349556, 42.306031], [-72.34996500000001, 42.30676799999999], [-72.350659, 42.30739], [-72.350959, 42.307475999999994], [-72.351992, 42.307166], [-72.35277800000001, 42.307451000000015], [-72.352771, 42.30768], [-72.352278, 42.30793800000001], [-72.349889, 42.308042999999984], [-72.349596, 42.30844300000001], [-72.349557, 42.308643], [-72.349794, 42.30879299999999], [-72.350391, 42.308772999999995], [-72.350937, 42.30907100000002], [-72.351459, 42.30999299999999], [-72.351169, 42.31034000000001], [-72.350159, 42.310312], [-72.34918, 42.309405000000005], [-72.348656, 42.30917600000003], [-72.346259, 42.30977399999999], [-72.345889, 42.309969], [-72.344895, 42.31105099999999], [-72.343597, 42.31188699999999], [-72.342584, 42.313942999999995], [-72.342287, 42.314242], [-72.341559, 42.31443600000001], [-72.338244, 42.31444599999999], [-72.336364, 42.315009], [-72.335246, 42.315142], [-72.334914, 42.31554200000001], [-72.335045, 42.31602199999998], [-72.334699, 42.31670299999998], [-72.334715, 42.317618], [-72.333073, 42.319122], [-72.331377, 42.319604], [-72.329489, 42.319755], [-72.329118, 42.319686999999995], [-72.328834, 42.31942000000001], [-72.328863, 42.318645], [-72.328333, 42.31855800000001], [-72.328117, 42.318745999999976], [-72.327546, 42.31954], [-72.327211, 42.320917000000016], [-72.3274, 42.323477], [-72.328219, 42.325248], [-72.32818, 42.326058999999994], [-72.32761, 42.32675699999999], [-72.326762, 42.326814], [-72.326538, 42.326449], [-72.32643, 42.325449], [-72.326214, 42.325158], [-72.3252, 42.32555800000001], [-72.324535, 42.326297], [-72.324673, 42.326765999999985], [-72.326007, 42.327946999999995], [-72.326085, 42.32824399999999], [-72.325334, 42.33006599999998], [-72.324865, 42.330819999999996], [-72.324559, 42.33095300000001], [-72.323064, 42.330943000000005], [-72.322584, 42.331168999999996], [-72.322386, 42.332283999999994], [-72.322563, 42.33263300000001], [-72.323075, 42.33297700000001], [-72.32318, 42.333278], [-72.322861, 42.33416], [-72.321878, 42.335249000000005], [-72.320336, 42.33646], [-72.317631, 42.33962600000001], [-72.316621, 42.33978700000002], [-72.315464, 42.33935999999999], [-72.314933, 42.33954299999998], [-72.314606, 42.340934], [-72.314893, 42.34216400000001], [-72.314778, 42.34349600000001], [-72.31396, 42.343702], [-72.313382, 42.34301199999999], [-72.312784, 42.343048999999986], [-72.312176, 42.342802000000006], [-72.31149300000001, 42.34316799999999], [-72.310797, 42.34311700000001], [-72.310151, 42.343729], [-72.309763, 42.343638], [-72.309409, 42.34376100000001], [-72.30949900000002, 42.344226000000006], [-72.309331, 42.344549], [-72.308788, 42.344891], [-72.308354, 42.344634000000006], [-72.308859, 42.34436100000001], [-72.308803, 42.34410199999999], [-72.30802300000002, 42.344297000000005], [-72.306804, 42.344282], [-72.306411, 42.344619], [-72.306537, 42.344812000000005], [-72.30711200000002, 42.345035], [-72.306241, 42.34557399999999], [-72.30646500000002, 42.345950999999985], [-72.306382, 42.346053], [-72.305724, 42.346089], [-72.30473, 42.345821000000015], [-72.30483, 42.34565400000002], [-72.305331, 42.34552299999999], [-72.3053, 42.34530600000001], [-72.304652, 42.345307], [-72.303753, 42.345757], [-72.302925, 42.34667999999999], [-72.301737, 42.347469], [-72.301397, 42.348229], [-72.301127, 42.348434999999995], [-72.298744, 42.349322000000015], [-72.297904, 42.34914500000001], [-72.296709, 42.34936900000001], [-72.295389, 42.35056899999999], [-72.292677, 42.351287], [-72.291981, 42.35182699999999], [-72.291333, 42.35173600000001], [-72.291264, 42.351119], [-72.291001, 42.35103299999999], [-72.290716, 42.35104999999998], [-72.290384, 42.351319000000025], [-72.290288, 42.351645], [-72.290516, 42.352012000000016], [-72.290288, 42.35210900000001], [-72.289166, 42.351913], [-72.288559, 42.35207799999999], [-72.284231, 42.35200999999999], [-72.281382, 42.336127000000005], [-72.278491, 42.336465000000004], [-72.277079, 42.329404999999994], [-72.280003, 42.329091], [-72.274639, 42.301963000000015], [-72.261922, 42.30525799999999], [-72.261545, 42.303331000000014], [-72.244543, 42.30603300000002], [-72.244431, 42.30519], [-72.24364500000001, 42.303881999999994], [-72.243738, 42.303303], [-72.244564, 42.30210899999999], [-72.244459, 42.298646], [-72.24489800000002, 42.297644000000005], [-72.245016, 42.29659000000001], [-72.245398, 42.29559999999999], [-72.244578, 42.292909], [-72.244088, 42.291956000000006], [-72.243894, 42.291000000000004], [-72.244648, 42.288365999999996], [-72.24463, 42.28676999999999], [-72.245063, 42.285573], [-72.245225, 42.283885000000005], [-72.24496, 42.28262], [-72.244951, 42.281664000000006], [-72.245575, 42.279766], [-72.246655, 42.277591999999984], [-72.246938, 42.275791], [-72.247285, 42.274916999999995], [-72.247365, 42.272088], [-72.247856, 42.26756300000002], [-72.24966600000002, 42.26792300000001], [-72.25125, 42.265914], [-72.252985, 42.259871000000004], [-72.251377, 42.25947399999999], [-72.249192, 42.25938300000001], [-72.24667700000002, 42.260247], [-72.244448, 42.260650999999996], [-72.242583, 42.26061299999999], [-72.241595, 42.260401999999985], [-72.241215, 42.262008], [-72.236978, 42.260322000000016], [-72.23653, 42.259888999999994], [-72.235776, 42.260372000000004], [-72.234733, 42.260476999999995], [-72.233487, 42.25969099999999], [-72.232914, 42.258775], [-72.231994, 42.25842200000001], [-72.231478, 42.25901500000001], [-72.229691, 42.26002300000001], [-72.226667, 42.260576999999984], [-72.224808, 42.26137000000001], [-72.223186, 42.262711], [-72.222577, 42.263056000000006], [-72.222161, 42.263083], [-72.221267, 42.262881], [-72.220238, 42.26228], [-72.218749, 42.261728], [-72.216549, 42.259689], [-72.216091, 42.25619699999999], [-72.211101, 42.25567699999999], [-72.211457, 42.25241900000001], [-72.211213, 42.252133], [-72.211079, 42.251262], [-72.182506, 42.25138700000002], [-72.182161, 42.247971], [-72.18112600000002, 42.24607400000001], [-72.179567, 42.24625499999999], [-72.179403, 42.24606200000001], [-72.179736, 42.24573], [-72.17942, 42.24553000000001], [-72.179723, 42.24483], [-72.179258, 42.244617], [-72.17935700000001, 42.244410999999985], [-72.179166, 42.244202999999985], [-72.179321, 42.24404299999999], [-72.179121, 42.243655], [-72.179126, 42.24309400000002], [-72.178683, 42.24235500000001], [-72.178733, 42.24175000000001], [-72.178174, 42.239625999999994], [-72.17846, 42.23913299999999], [-72.178018, 42.23882699999999], [-72.177808, 42.238257999999995], [-72.177585, 42.23808100000001], [-72.177498, 42.237697], [-72.177655, 42.237266999999996], [-72.176754, 42.236854000000015], [-72.175809, 42.23700299999999], [-72.174507, 42.23670199999999], [-72.17409, 42.23576600000001], [-72.173159, 42.23505999999999], [-72.172222, 42.234770000000005], [-72.171966, 42.23454600000001], [-72.171661, 42.23457800000002], [-72.171304, 42.23429300000002], [-72.171433, 42.234159], [-72.171059, 42.23380700000003], [-72.171193, 42.233534], [-72.170607, 42.233288], [-72.170099, 42.232581999999965], [-72.153902, 42.207183], [-72.141886, 42.161], [-72.111519, 42.164455], [-72.10868, 42.151588], [-72.086752, 42.154436000000004], [-72.089415, 42.167138999999985], [-72.02944, 42.17442600000002], [-72.024015, 42.14178600000001], [-72.046816, 42.13492500000003], [-72.04049800000001, 42.104189000000005], [-72.046762, 42.10344099999997], [-72.052096, 42.088418], [-72.053406, 42.082494999999994], [-72.054252, 42.08292], [-72.05537, 42.083129], [-72.057155, 42.083165000000015], [-72.058729, 42.082751000000016], [-72.059023, 42.08259500000001], [-72.059171, 42.082224000000004], [-72.059273, 42.08100100000001], [-72.059922, 42.080355000000004], [-72.060791, 42.07909199999999], [-72.060799, 42.07738799999999], [-72.060285, 42.07619899999999], [-72.059687, 42.075436999999994], [-72.059455, 42.07487499999998], [-72.05941, 42.073961], [-72.059963, 42.07259699999999], [-72.060565, 42.071815], [-72.061, 42.07166399999999], [-72.063383, 42.072770000000006], [-72.063965, 42.072779000000004], [-72.065762, 42.072146], [-72.066425, 42.072086], [-72.074435, 42.05845999999997], [-72.099752, 42.02877000000001], [-72.143151, 42.030522000000005], [-72.270657, 42.031615], [-72.270095, 42.092522], [-72.274455, 42.14374899999999], [-72.274927, 42.143975], [-72.277309, 42.143441], [-72.279864, 42.143606], [-72.280396, 42.14341500000002], [-72.280988, 42.14294999999999], [-72.281309, 42.142435], [-72.281477, 42.14154800000001], [-72.284644, 42.14115199999999], [-72.285887, 42.141282], [-72.286267, 42.141691], [-72.287017, 42.14189900000001], [-72.288329, 42.14174100000001], [-72.289561, 42.14203899999999], [-72.290954, 42.14213199999999], [-72.291684, 42.14246099999998], [-72.293115, 42.14382400000001], [-72.29382, 42.143895999999984], [-72.295102, 42.14332400000001], [-72.295909, 42.143261], [-72.297039, 42.14442900000001], [-72.298385, 42.144735], [-72.302322, 42.14415700000001], [-72.303985, 42.144522], [-72.30578, 42.14447100000001], [-72.307668, 42.144918], [-72.308739, 42.14473800000001], [-72.311136, 42.143314], [-72.31229, 42.143379999999986], [-72.313359, 42.14374], [-72.31439800000001, 42.144366000000005], [-72.314456, 42.14489600000001], [-72.314059, 42.14605], [-72.31569800000001, 42.147944], [-72.316166, 42.14822200000002], [-72.316527, 42.148245], [-72.317125, 42.147941], [-72.318232, 42.14654499999998], [-72.318625, 42.146317999999994], [-72.318883, 42.14635499999999], [-72.31962, 42.146874], [-72.320811, 42.147219], [-72.321344, 42.148588], [-72.321721, 42.149199], [-72.322094, 42.14948400000001], [-72.322707, 42.14969099999999], [-72.323673, 42.149313], [-72.324545, 42.149608], [-72.325892, 42.151376000000006], [-72.32894, 42.15157399999999], [-72.330296, 42.152004], [-72.330657, 42.152475], [-72.332479, 42.15628999999998], [-72.332872, 42.156761], [-72.33367700000001, 42.15722199999999], [-72.333838, 42.157732], [-72.334348, 42.15788800000001], [-72.33497500000001, 42.158628], [-72.335544, 42.15897699999998], [-72.33610100000001, 42.15918], [-72.338691, 42.159404000000016], [-72.34003800000002, 42.15926600000002], [-72.340491, 42.159015], [-72.341289, 42.15900100000001], [-72.341785, 42.15952600000001], [-72.342094, 42.160664], [-72.342737, 42.161222], [-72.343334, 42.16114400000001], [-72.34402400000002, 42.16042], [-72.344828, 42.160075], [-72.345227, 42.160347], [-72.345121, 42.160847000000004], [-72.345326, 42.161331], [-72.346305, 42.161713], [-72.3477, 42.16082099999999], [-72.348421, 42.16084700000001], [-72.348908, 42.16044800000001], [-72.350396, 42.160992], [-72.352328, 42.160726999999994], [-72.354257, 42.16094800000001], [-72.355077, 42.160845000000016], [-72.35744, 42.159223000000004], [-72.358946, 42.158778999999996], [-72.36069, 42.158643000000005], [-72.364949, 42.155529], [-72.365533, 42.154645999999985], [-72.366318, 42.154332999999994], [-72.367467, 42.154326000000005], [-72.369127, 42.15384000000002], [-72.370135, 42.15374099999999], [-72.37097, 42.154078999999996], [-72.372109, 42.154056999999995], [-72.37296, 42.15389900000002], [-72.373859, 42.153489000000015], [-72.378777, 42.152672999999986], [-72.382149, 42.15235099999998], [-72.383533, 42.152483000000004], [-72.386181, 42.15227899999999], [-72.389044, 42.152416], [-72.395478, 42.18573700000001]]]}}, {"type": "Feature", "properties": {"district_name": "2nd Hampden District", "chamber": "house", "vintage": "2022-present", "lean_dem_share": 0.5515, "competitiveness": "Likely", "competitiveness_label": "Likely D", "party_favored": "Democratic", "url": "/district/house-2nd-hampden-district-2022-present/"}, "geometry": {"type": "Polygon", "coordinates": [[[-72.608113, 42.032972999999984], [-72.607984, 42.03904200000001], [-72.607337, 42.044856999999986], [-72.606221, 42.048201], [-72.60525, 42.050048], [-72.600451, 42.057759], [-72.591813, 42.069561], [-72.589383, 42.07219099999998], [-72.555529, 42.06673499999999], [-72.555253, 42.068971000000005], [-72.554903, 42.069711000000005], [-72.554115, 42.07040100000001], [-72.551429, 42.071850000000005], [-72.551006, 42.072370000000014], [-72.550863, 42.07296199999998], [-72.551046, 42.07360200000001], [-72.551779, 42.074418000000016], [-72.554803, 42.075601], [-72.555782, 42.075613000000004], [-72.556593, 42.076639], [-72.55736, 42.076867], [-72.558553, 42.076722], [-72.559021, 42.07724200000001], [-72.559143, 42.078306000000005], [-72.558276, 42.082702], [-72.55788000000001, 42.08299000000001], [-72.556053, 42.08341899999999], [-72.555272, 42.08377899999999], [-72.556394, 42.084898], [-72.55549, 42.085388], [-72.552602, 42.082522000000004], [-72.553568, 42.082334], [-72.551808, 42.080602], [-72.552533, 42.080188], [-72.548305, 42.075974], [-72.546036, 42.07714199999999], [-72.547337, 42.078435], [-72.546799, 42.07884], [-72.546942, 42.079683999999986], [-72.547537, 42.08027899999998], [-72.545827, 42.08047700000001], [-72.546171, 42.082244], [-72.545017, 42.08240999999999], [-72.54444, 42.083704999999995], [-72.543719, 42.08356499999999], [-72.54206100000002, 42.08241199999999], [-72.541913, 42.08035700000001], [-72.53985, 42.080522000000016], [-72.539973, 42.081404000000006], [-72.538156, 42.08058399999999], [-72.537215, 42.080333], [-72.533806, 42.07990500000001], [-72.53094, 42.079178000000006], [-72.524261, 42.07786200000001], [-72.522987, 42.07746699999999], [-72.522384, 42.077051], [-72.519972, 42.07381199999999], [-72.516519, 42.07041000000001], [-72.515409, 42.068931], [-72.512442, 42.069477000000006], [-72.511535, 42.069781000000006], [-72.510857, 42.069655000000004], [-72.510108, 42.071476000000004], [-72.509967, 42.074137], [-72.506555, 42.073891999999994], [-72.505367, 42.07532499999999], [-72.50379, 42.07598000000001], [-72.501761, 42.075697000000005], [-72.501077, 42.075191000000004], [-72.501032, 42.073858], [-72.501333, 42.073315000000015], [-72.501231, 42.07250200000001], [-72.499421, 42.072671], [-72.498663, 42.072895], [-72.495719, 42.075407999999996], [-72.491774, 42.076801], [-72.488968, 42.07839399999999], [-72.486797, 42.079861000000015], [-72.483158, 42.08094100000002], [-72.481964, 42.083269999999985], [-72.477751, 42.080351], [-72.476316, 42.07958299999999], [-72.474105, 42.078468], [-72.469615, 42.076914], [-72.470332, 42.081939999999996], [-72.469815, 42.08204400000002], [-72.469248, 42.08178399999999], [-72.469939, 42.084764], [-72.418173, 42.090491], [-72.414539, 42.099221999999976], [-72.379439, 42.103134], [-72.376613, 42.08709600000001], [-72.374288, 42.088035], [-72.37039, 42.090624999999996], [-72.369157, 42.09213700000001], [-72.368815, 42.09484400000001], [-72.368097, 42.095867], [-72.367087, 42.09640300000001], [-72.364474, 42.09716100000001], [-72.36317, 42.09788], [-72.362195, 42.098634000000004], [-72.360516, 42.100839999999984], [-72.359264, 42.10217699999999], [-72.358888, 42.102854999999984], [-72.358757, 42.10361699999999], [-72.35897300000002, 42.105655], [-72.358727, 42.10652800000001], [-72.357665, 42.10776200000001], [-72.355873, 42.10879699999999], [-72.354529, 42.109223], [-72.353469, 42.109274], [-72.352472, 42.109035000000006], [-72.350405, 42.10784399999999], [-72.349322, 42.107522000000024], [-72.34784200000001, 42.107496], [-72.34545300000002, 42.107932], [-72.340175, 42.10734200000002], [-72.33670900000001, 42.107665000000004], [-72.335275, 42.108095000000006], [-72.33263100000002, 42.109286999999995], [-72.329776, 42.10983999999999], [-72.32882300000001, 42.109838999999994], [-72.322462, 42.10643000000002], [-72.320365, 42.10441900000001], [-72.31942, 42.10306300000001], [-72.318577, 42.10217], [-72.318641, 42.103145], [-72.317987, 42.104661000000014], [-72.317206, 42.10727700000001], [-72.315725, 42.109615000000005], [-72.315236, 42.111585000000005], [-72.313245, 42.116105], [-72.312072, 42.118154999999994], [-72.30835, 42.12289500000001], [-72.306809, 42.12542299999998], [-72.307427, 42.121652000000005], [-72.30614, 42.120987000000014], [-72.305373, 42.12080000000001], [-72.30317100000002, 42.12066600000001], [-72.301382, 42.121058999999995], [-72.299464, 42.120731], [-72.297429, 42.120763], [-72.296, 42.120481999999996], [-72.294304, 42.120373], [-72.295346, 42.12491900000001], [-72.296013, 42.12626299999999], [-72.297033, 42.13254500000002], [-72.297815, 42.134492], [-72.299367, 42.13654400000001], [-72.300178, 42.13821300000002], [-72.300441, 42.139098], [-72.301312, 42.140455], [-72.302022, 42.141084], [-72.303048, 42.14245499999999], [-72.30856, 42.141418], [-72.311595, 42.141703], [-72.313215, 42.14302800000001], [-72.313757, 42.14396], [-72.31229, 42.143379999999986], [-72.311384, 42.143261], [-72.308739, 42.14473800000001], [-72.307668, 42.144918], [-72.30578, 42.14447100000001], [-72.303985, 42.144522], [-72.302322, 42.14415700000001], [-72.298385, 42.144735], [-72.297039, 42.14442900000001], [-72.295909, 42.143261], [-72.295102, 42.14332400000001], [-72.29382, 42.143895999999984], [-72.293115, 42.14382400000001], [-72.291684, 42.14246099999998], [-72.290954, 42.14213199999999], [-72.289561, 42.14203899999999], [-72.288329, 42.14174100000001], [-72.287017, 42.14189900000001], [-72.286267, 42.141691], [-72.285887, 42.141282], [-72.284928, 42.14115000000001], [-72.282201, 42.14136299999999], [-72.281477, 42.14154800000001], [-72.281309, 42.142435], [-72.280988, 42.14294999999999], [-72.280396, 42.14341500000002], [-72.279864, 42.143606], [-72.277309, 42.143441], [-72.274927, 42.143975], [-72.274455, 42.14374899999999], [-72.270095, 42.092522], [-72.270657, 42.031615], [-72.338809, 42.03215999999999], [-72.353705, 42.03255800000001], [-72.391818, 42.03295200000002], [-72.460119, 42.034357], [-72.492236, 42.034214000000006], [-72.531549, 42.034577999999996], [-72.572778, 42.030218999999995], [-72.582163, 42.02474100000001], [-72.607169, 42.02514800000001], [-72.608113, 42.032972999999984]]]}}, {"type": "Feature", "properties": {"district_name": "3rd Hampden District", "chamber": "house", "vintage": "2022-present", "lean_dem_share": 0.439, "competitiveness": "Likely", "competitiveness_label": "Likely R", "party_favored": "Republican", "url": "/district/house-3rd-hampden-district-2022-present/"}, "geometry": {"type": "Polygon", "coordinates": [[[-73.075052, 42.105571000000005], [-73.074807, 42.10618100000001], [-73.072889, 42.10701699999999], [-73.072254, 42.107528000000016], [-73.071867, 42.10816299999997], [-73.071837, 42.10935599999999], [-73.07273600000002, 42.110097999999994], [-73.073092, 42.110783999999995], [-73.072934, 42.111247000000006], [-73.072377, 42.11198000000001], [-73.070979, 42.113127], [-73.069227, 42.11392600000001], [-73.065745, 42.11477800000001], [-73.063213, 42.115933000000005], [-73.061517, 42.117580000000004], [-73.061206, 42.118112], [-73.061094, 42.11869999999999], [-73.061764, 42.119917], [-73.06321, 42.121263000000006], [-73.06426, 42.122775], [-73.06621, 42.12418799999999], [-73.066672, 42.12505600000001], [-73.066668, 42.125999000000014], [-73.067206, 42.127351], [-73.067797, 42.12785499999999], [-73.068426, 42.129541], [-73.069285, 42.130869], [-73.069686, 42.13224999999999], [-73.06983, 42.13345799999999], [-73.069442, 42.13498599999999], [-73.0685, 42.13549799999999], [-73.068581, 42.136945], [-73.068941, 42.137747], [-73.0688, 42.138363999999996], [-73.069182, 42.138967], [-73.070106, 42.139576000000005], [-73.070546, 42.140159999999995], [-73.07213, 42.143547999999996], [-73.070295, 42.14491699999999], [-73.070564, 42.145806], [-73.070263, 42.146421], [-73.070405, 42.146956], [-73.071113, 42.148206], [-73.03492, 42.143652], [-73.008264, 42.237010000000005], [-73.004294, 42.25134700000001], [-73.00185, 42.25101699999999], [-73.000278, 42.31259699999999], [-73.000803, 42.312537000000006], [-73.001804, 42.311994], [-73.002069, 42.31037999999998], [-73.00333, 42.309785], [-73.003548, 42.309431000000004], [-73.003432, 42.30840100000001], [-73.00355100000002, 42.30788399999997], [-73.00496, 42.307238999999996], [-73.005809, 42.306470999999995], [-73.005813, 42.305952999999995], [-73.005344, 42.305713], [-73.005211, 42.305465], [-73.005354, 42.3052], [-73.006611, 42.30479399999999], [-73.007611, 42.304939999999995], [-73.008776, 42.304477000000006], [-73.009672, 42.304498], [-73.010537, 42.30484000000001], [-73.011216, 42.30564199999999], [-73.012742, 42.306767], [-73.013232, 42.307592], [-73.014216, 42.30848], [-73.01433, 42.30903699999999], [-73.015908, 42.310667], [-73.016535, 42.31111300000002], [-73.017104, 42.31096], [-73.018241, 42.30900499999999], [-73.019202, 42.30849599999999], [-73.020146, 42.308259], [-73.020709, 42.30839100000002], [-73.021716, 42.309371], [-73.023032, 42.309577], [-73.024924, 42.30917199999998], [-73.026237, 42.30799000000001], [-73.027358, 42.30808900000002], [-73.029398, 42.308568], [-73.031785, 42.309591], [-73.032829, 42.310495], [-73.034163, 42.31211999999997], [-73.034955, 42.312792], [-73.036127, 42.31356199999999], [-73.038954, 42.314955000000005], [-73.039355, 42.315445999999994], [-73.039181, 42.315824000000006], [-73.03972400000002, 42.317853999999976], [-73.039629, 42.31863099999999], [-73.040752, 42.32018300000001], [-73.041873, 42.320304], [-73.042729, 42.320065], [-73.043197, 42.319735000000016], [-73.044549, 42.319405], [-73.045445, 42.31939600000001], [-73.04584, 42.31963800000001], [-73.046255, 42.32037100000001], [-73.046675, 42.320745], [-73.048141, 42.321352000000005], [-73.049016, 42.321418], [-73.05056200000001, 42.322436999999994], [-73.051518, 42.323589999999996], [-73.052656, 42.32428899999999], [-73.055086, 42.32539700000002], [-73.056766, 42.32594499999998], [-73.060602, 42.328039999999994], [-73.062886, 42.328951], [-73.064301, 42.33976999999998], [-73.068508, 42.38072], [-73.065772, 42.389111], [-73.011683, 42.379683], [-73.009085, 42.38773400000001], [-72.976501, 42.391449000000016], [-72.976832, 42.38942699999999], [-72.977248, 42.38805299999999], [-72.97733800000002, 42.38676500000001], [-72.977916, 42.385246], [-72.97777000000002, 42.38498600000001], [-72.975762, 42.38356300000001], [-72.975094, 42.38049599999997], [-72.97435, 42.379234999999994], [-72.974069, 42.377384000000006], [-72.973839, 42.376871], [-72.973168, 42.37631599999999], [-72.971644, 42.375913], [-72.970894, 42.375516000000005], [-72.970074, 42.37476800000001], [-72.969822, 42.373802], [-72.969615, 42.373588], [-72.968504, 42.372898999999975], [-72.967521, 42.37279800000001], [-72.96724500000002, 42.372582], [-72.966937, 42.37189099999999], [-72.965394, 42.370887], [-72.96498, 42.370380000000004], [-72.965089, 42.369709000000014], [-72.966012, 42.369034], [-72.966049, 42.36830999999997], [-72.96629, 42.367856], [-72.968575, 42.36593699999999], [-72.968968, 42.365344], [-72.968904, 42.364888], [-72.968632, 42.36469900000001], [-72.96733, 42.36453300000001], [-72.965999, 42.36403799999999], [-72.965974, 42.36367], [-72.96686000000001, 42.362705], [-72.966828, 42.36254400000001], [-72.965952, 42.361485], [-72.963858, 42.35766399999999], [-72.963534, 42.356469000000004], [-72.963434, 42.35456299999999], [-72.963076, 42.353498], [-72.961821, 42.35274399999999], [-72.960131, 42.35039900000001], [-72.957521, 42.347629], [-72.956741, 42.34712700000001], [-72.95481, 42.346427999999996], [-72.953944, 42.34591199999999], [-72.953377, 42.34474199999999], [-72.953272, 42.343830000000004], [-72.895638, 42.340701999999986], [-72.894788, 42.33149099999999], [-72.885208, 42.332612000000005], [-72.885635, 42.340035999999984], [-72.854244, 42.343405000000004], [-72.85364, 42.342535], [-72.852001, 42.34217600000001], [-72.84884600000001, 42.34251800000001], [-72.847496, 42.342311], [-72.847088, 42.341845000000006], [-72.846673, 42.340597], [-72.846437, 42.340467000000004], [-72.846128, 42.34072199999999], [-72.844985, 42.34340799999999], [-72.843723, 42.344653], [-72.840376, 42.345076999999996], [-72.840032, 42.34464199999999], [-72.839842, 42.34336299999999], [-72.839222, 42.34294500000001], [-72.837686, 42.34275399999998], [-72.835737, 42.34325400000001], [-72.833483, 42.341748], [-72.830911, 42.342278], [-72.828722, 42.34223600000001], [-72.827246, 42.342506], [-72.826388, 42.34236299999999], [-72.825838, 42.34194000000001], [-72.826184, 42.341149000000016], [-72.824724, 42.340447000000005], [-72.823956, 42.339428], [-72.823175, 42.339102999999994], [-72.822012, 42.33936199999999], [-72.821122, 42.33862999999999], [-72.812576, 42.23495400000001], [-72.793414, 42.236853999999994], [-72.791987, 42.217302], [-72.782111, 42.217271], [-72.781039, 42.19974900000001], [-72.785762, 42.200474], [-72.797892, 42.165860999999985], [-72.802506, 42.16288600000001], [-72.80751400000001, 42.157340000000005], [-72.812875, 42.155848000000006], [-72.828936, 42.13698599999999], [-72.83049, 42.138097999999985], [-72.831301, 42.138264999999976], [-72.833276, 42.138021], [-72.835517, 42.137443000000005], [-72.836118, 42.13719], [-72.83633, 42.13680500000002], [-72.836384, 42.13646099999999], [-72.835909, 42.134775999999995], [-72.836117, 42.13433799999999], [-72.836604, 42.133945000000004], [-72.837676, 42.13353399999999], [-72.839215, 42.133375999999984], [-72.840342, 42.13242300000002], [-72.84083100000001, 42.13219599999999], [-72.842526, 42.13222100000001], [-72.843424, 42.132481999999996], [-72.843936, 42.13226399999999], [-72.844251, 42.13136899999999], [-72.844131, 42.12986399999999], [-72.8437, 42.12860900000001], [-72.842746, 42.127137999999995], [-72.842792, 42.12671099999999], [-72.843324, 42.126207000000015], [-72.843815, 42.126063], [-72.844612, 42.126070999999996], [-72.846211, 42.126495000000006], [-72.84701800000002, 42.126413], [-72.847759, 42.126070999999996], [-72.849439, 42.12490200000001], [-72.85061, 42.12508199999999], [-72.851292, 42.124659000000015], [-72.85142, 42.123509], [-72.851642, 42.123033], [-72.851868, 42.122907000000005], [-72.853897, 42.11500600000001], [-72.839319, 42.111726999999995], [-72.837212, 42.10221800000001], [-72.705989, 42.08079700000001], [-72.70565, 42.08214399999997], [-72.702866, 42.08773300000001], [-72.701963, 42.09103800000001], [-72.700659, 42.093253], [-72.696307, 42.102349999999994], [-72.695682, 42.10312], [-72.695461, 42.104741999999995], [-72.694869, 42.105883999999996], [-72.693577, 42.10575500000001], [-72.69107, 42.106225], [-72.688686, 42.106233999999986], [-72.684013, 42.107151999999985], [-72.683258, 42.106972], [-72.682884, 42.106713000000006], [-72.682661, 42.10631200000002], [-72.68252, 42.102846], [-72.682209, 42.101551], [-72.681936, 42.10108100000001], [-72.681442, 42.10069500000001], [-72.680178, 42.100963000000014], [-72.678359, 42.10054800000002], [-72.676712, 42.100512], [-72.676309, 42.10032500000001], [-72.675983, 42.099954000000004], [-72.675717, 42.098412999999994], [-72.673969, 42.096383999999986], [-72.673246, 42.09486300000001], [-72.670284, 42.09333500000002], [-72.668392, 42.091313], [-72.667178, 42.088942], [-72.666658, 42.087048], [-72.665869, 42.086168], [-72.663891, 42.084672999999995], [-72.663737, 42.08344600000001], [-72.66274, 42.08273100000001], [-72.66222, 42.080441], [-72.661468, 42.07950600000001], [-72.661552, 42.079271999999996], [-72.662228, 42.078785999999994], [-72.662788, 42.077758], [-72.66218, 42.077540000000006], [-72.654804, 42.076184], [-72.641156, 42.08685100000001], [-72.639363, 42.08849], [-72.638748, 42.08879699999999], [-72.636164, 42.089491], [-72.63215, 42.08959599999999], [-72.627071, 42.08941], [-72.626819, 42.089864], [-72.624455, 42.088868], [-72.620914, 42.087654], [-72.619477, 42.08749499999998], [-72.615431, 42.08764], [-72.613494, 42.087547], [-72.61048, 42.088494], [-72.609561, 42.08861000000001], [-72.607158, 42.088266], [-72.605721, 42.087824], [-72.602144, 42.086266], [-72.601081, 42.085996], [-72.600739, 42.086253], [-72.598843, 42.09317300000001], [-72.597899, 42.09366399999999], [-72.595872, 42.093859], [-72.59492, 42.09378800000002], [-72.59414, 42.09354299999999], [-72.591763, 42.092022000000036], [-72.588487, 42.09321200000001], [-72.585619, 42.09002000000001], [-72.584912, 42.088843], [-72.584112, 42.08699699999999], [-72.582693, 42.081557999999994], [-72.58258, 42.080452], [-72.582671, 42.079518], [-72.583583, 42.07814299999998], [-72.587002, 42.07513099999996], [-72.588765, 42.073164], [-72.589383, 42.07219099999998], [-72.591813, 42.069561], [-72.600451, 42.057759], [-72.605747, 42.049178000000005], [-72.606804, 42.046737], [-72.607337, 42.044856999999986], [-72.607984, 42.03904200000001], [-72.60813000000002, 42.03274600000001], [-72.607978, 42.031083], [-72.611739, 42.03106799999999], [-72.640191, 42.03204800000002], [-72.673032, 42.035195], [-72.69933, 42.036957], [-72.714561, 42.03691100000001], [-72.714558, 42.03655299999999], [-72.755894, 42.03634899999998], [-72.756046, 42.034943], [-72.756802, 42.03438599999999], [-72.75690600000001, 42.033799], [-72.75730100000001, 42.033381000000006], [-72.754641, 42.03259500000001], [-72.752553, 42.031249], [-72.751944, 42.03013000000001], [-72.752062, 42.02902499999999], [-72.75296700000001, 42.027815], [-72.753842, 42.027258], [-72.753908, 42.02674600000002], [-72.754536, 42.02576], [-72.75578000000002, 42.024732], [-72.756086, 42.02382699999999], [-72.756652, 42.022926], [-72.756591, 42.02187800000002], [-72.757341, 42.020979], [-72.75836, 42.020829], [-72.759232, 42.021077999999996], [-72.759232, 42.021754], [-72.759434, 42.02216300000001], [-72.760567, 42.02265], [-72.761411, 42.022713], [-72.761886, 42.02216800000001], [-72.763487, 42.02118399999999], [-72.763812, 42.02124500000001], [-72.763789, 42.02163300000002], [-72.763952, 42.02191800000001], [-72.76486, 42.02220100000001], [-72.765012, 42.02242700000001], [-72.765252, 42.022366000000005], [-72.765303, 42.021892], [-72.764587, 42.021513999999996], [-72.764477, 42.020873000000016], [-72.765369, 42.02034499999999], [-72.765806, 42.01956800000002], [-72.76556, 42.019448999999994], [-72.765141, 42.01980199999999], [-72.764629, 42.01995300000001], [-72.762947, 42.01968299999999], [-72.762453, 42.01822199999999], [-72.762018, 42.017696], [-72.760735, 42.01709999999999], [-72.760068, 42.017314999999996], [-72.759826, 42.01694400000001], [-72.759999, 42.016355999999995], [-72.759402, 42.01624200000001], [-72.759103, 42.015497], [-72.75895, 42.01546900000001], [-72.759696, 42.01511000000002], [-72.760624, 42.01569], [-72.761004, 42.01470400000002], [-72.762977, 42.01346600000001], [-72.763066, 42.011983000000015], [-72.762543, 42.011458], [-72.761918, 42.01015100000001], [-72.761392, 42.00987599999999], [-72.761501, 42.009302], [-72.76297600000001, 42.008545000000005], [-72.76487400000002, 42.008371000000004], [-72.766253, 42.00787100000001], [-72.766733, 42.00326600000002], [-72.817053, 41.997685], [-72.813784, 42.03674399999999], [-72.86364, 42.037528000000016], [-72.872302, 42.037487], [-72.873327, 42.03767599999999], [-72.979038, 42.03823700000001], [-73.036802, 42.03929399999999], [-73.053288, 42.039865000000006], [-73.055807, 42.04504700000001], [-73.056311, 42.046295], [-73.056549, 42.047419], [-73.056453, 42.04831400000001], [-73.055396, 42.050278000000006], [-73.053995, 42.054589], [-73.053899, 42.055276], [-73.054204, 42.056645], [-73.054899, 42.05793899999999], [-73.055623, 42.058575], [-73.056492, 42.05903100000002], [-73.058248, 42.05959099999998], [-73.06071, 42.06100500000001], [-73.061698, 42.061745], [-73.061666, 42.06217999999998], [-73.060502, 42.06376399999999], [-73.059193, 42.06547200000001], [-73.058342, 42.066254000000015], [-73.058153, 42.066753], [-73.058236, 42.067129], [-73.058556, 42.06770999999999], [-73.060051, 42.068667000000005], [-73.060878, 42.069959000000004], [-73.061805, 42.070637999999995], [-73.073082, 42.094184999999996], [-73.074167, 42.10186699999999], [-73.074805, 42.103996], [-73.075052, 42.105571000000005]]]}}, {"type": "Feature", "properties": {"district_name": "4th Hampden District", "chamber": "house", "vintage": "2022-present", "lean_dem_share": 0.5, "competitiveness": "Tossup", "competitiveness_label": "Tossup R", "party_favored": "Republican", "url": "/district/house-4th-hampden-district-2022-present/"}, "geometry": {"type": "Polygon", "coordinates": [[[-72.853897, 42.11500600000001], [-72.851868, 42.122907000000005], [-72.851642, 42.123033], [-72.85142, 42.123509], [-72.851292, 42.124659000000015], [-72.850929, 42.12499300000001], [-72.850188, 42.125072999999986], [-72.849439, 42.12490200000001], [-72.847759, 42.126070999999996], [-72.84701800000002, 42.126413], [-72.846211, 42.126495000000006], [-72.844612, 42.126070999999996], [-72.843815, 42.126063], [-72.843324, 42.126207000000015], [-72.842792, 42.12671099999999], [-72.842746, 42.127137999999995], [-72.8437, 42.12860900000001], [-72.844131, 42.12986399999999], [-72.844251, 42.13136899999999], [-72.843936, 42.13226399999999], [-72.843424, 42.132481999999996], [-72.842526, 42.13222100000001], [-72.84083100000001, 42.13219599999999], [-72.840342, 42.13242300000002], [-72.839215, 42.133375999999984], [-72.837676, 42.13353399999999], [-72.836604, 42.133945000000004], [-72.836117, 42.13433799999999], [-72.835909, 42.134775999999995], [-72.836384, 42.13646099999999], [-72.83633, 42.13680500000002], [-72.836118, 42.13719], [-72.835517, 42.137443000000005], [-72.833276, 42.138021], [-72.831301, 42.138264999999976], [-72.83049, 42.138097999999985], [-72.828936, 42.13698599999999], [-72.812875, 42.155848000000006], [-72.80751400000001, 42.157340000000005], [-72.802506, 42.16288600000001], [-72.797892, 42.165860999999985], [-72.785762, 42.200474], [-72.781039, 42.19974900000001], [-72.782111, 42.217271], [-72.791987, 42.217302], [-72.793414, 42.236853999999994], [-72.812576, 42.23495400000001], [-72.81440500000001, 42.25681900000002], [-72.735758, 42.266518], [-72.7363, 42.27653899999999], [-72.725019, 42.27808800000001], [-72.724713, 42.277723000000016], [-72.72403, 42.277618], [-72.723283, 42.277109999999986], [-72.721237, 42.276344], [-72.718725, 42.27634599999998], [-72.717051, 42.276628], [-72.71454200000001, 42.276014999999994], [-72.714125, 42.27609399999999], [-72.71258, 42.27590199999999], [-72.711199, 42.27408700000001], [-72.710497, 42.273663000000006], [-72.710247, 42.27232300000001], [-72.708899, 42.27022800000002], [-72.707764, 42.269329], [-72.707359, 42.26926900000001], [-72.707272, 42.269715999999995], [-72.706943, 42.269935], [-72.706526, 42.26973499999999], [-72.7055, 42.26983], [-72.705207, 42.26944100000001], [-72.704718, 42.26955599999999], [-72.7033, 42.269408000000006], [-72.702912, 42.269097000000016], [-72.702483, 42.269017], [-72.702102, 42.26900299999999], [-72.70147, 42.26927500000001], [-72.701203, 42.26898800000001], [-72.700778, 42.268929000000014], [-72.699746, 42.26918299999998], [-72.699742, 42.26945500000001], [-72.699389, 42.26965], [-72.698499, 42.26937699999999], [-72.698287, 42.268474], [-72.697931, 42.26805000000001], [-72.698155, 42.267155000000024], [-72.697858, 42.26702099999999], [-72.69708, 42.267214999999986], [-72.69569, 42.26599600000001], [-72.695467, 42.26558699999998], [-72.696332, 42.26457800000001], [-72.696637, 42.263897], [-72.697298, 42.263866], [-72.696947, 42.263443], [-72.697085, 42.26317000000001], [-72.697647, 42.262865000000005], [-72.698172, 42.262896], [-72.698363, 42.262727999999996], [-72.697911, 42.26243099999999], [-72.698487, 42.26205200000001], [-72.698387, 42.26157700000001], [-72.698683, 42.26060800000001], [-72.698438, 42.26036500000001], [-72.698529, 42.260137], [-72.698021, 42.25994299999999], [-72.697985, 42.259786000000005], [-72.698304, 42.25957400000001], [-72.698306, 42.259252], [-72.698521, 42.259041], [-72.698774, 42.259532999999976], [-72.69915500000002, 42.259393], [-72.699046, 42.259054000000006], [-72.699156, 42.25896700000001], [-72.699785, 42.25905900000001], [-72.699886, 42.258913], [-72.69944, 42.258525], [-72.698798, 42.25867800000002], [-72.698675, 42.258466], [-72.699175, 42.25803699999998], [-72.699662, 42.258210000000005], [-72.700617, 42.258019000000004], [-72.700372, 42.257526999999996], [-72.701423, 42.25710899999999], [-72.682592, 42.244127000000006], [-72.684423, 42.242385], [-72.685711, 42.24019], [-72.686808, 42.238904], [-72.687279, 42.23801100000003], [-72.68719, 42.236749], [-72.686484, 42.23553], [-72.685997, 42.234049], [-72.685837, 42.23163099999999], [-72.686712, 42.225789000000006], [-72.687678, 42.223241], [-72.66777, 42.225456], [-72.670033, 42.216503999999986], [-72.690515, 42.213076], [-72.686266, 42.18904699999999], [-72.686774, 42.18599100000001], [-72.686861, 42.18339000000001], [-72.684891, 42.16293700000001], [-72.685538, 42.15457100000001], [-72.686653, 42.15070299999999], [-72.687974, 42.149374], [-72.689152, 42.146324], [-72.686691, 42.143885], [-72.687192, 42.142315999999994], [-72.686872, 42.13996199999999], [-72.68919, 42.13935899999999], [-72.692603, 42.138917000000006], [-72.695215, 42.13889800000001], [-72.699437, 42.13915600000001], [-72.699217, 42.134031], [-72.698998, 42.133118], [-72.700299, 42.13253000000002], [-72.702967, 42.130919], [-72.703846, 42.130675000000004], [-72.704152, 42.131443000000004], [-72.703336, 42.132955], [-72.703392, 42.13311000000001], [-72.704567, 42.133223], [-72.705188, 42.13255899999999], [-72.708209, 42.133290999999986], [-72.708754, 42.133261000000005], [-72.709071, 42.13305300000001], [-72.709675, 42.13219599999999], [-72.709543, 42.129726999999995], [-72.70911700000002, 42.128974], [-72.714167, 42.127739999999996], [-72.716593, 42.12815], [-72.719153, 42.127401], [-72.720646, 42.127275000000004], [-72.720925, 42.127086], [-72.720942, 42.12684500000002], [-72.720231, 42.12598400000001], [-72.72017, 42.12569799999999], [-72.720383, 42.125446], [-72.721239, 42.125094999999995], [-72.721698, 42.12454999999999], [-72.723299, 42.12524899999999], [-72.722862, 42.126237], [-72.722908, 42.12661399999999], [-72.723485, 42.127146], [-72.72489, 42.127614], [-72.724929, 42.12784799999999], [-72.72529, 42.128014], [-72.725567, 42.128837000000004], [-72.72761800000002, 42.13049399999999], [-72.727903, 42.131746000000014], [-72.728803, 42.13301500000002], [-72.729617, 42.133426], [-72.73183, 42.13515699999998], [-72.73332, 42.13578], [-72.734235, 42.136386], [-72.735371, 42.136053000000004], [-72.735901, 42.13569900000001], [-72.73763, 42.13674400000001], [-72.73859, 42.13655500000001], [-72.73917, 42.136644], [-72.739367, 42.135742], [-72.735611, 42.133356], [-72.737993, 42.131190999999994], [-72.739803, 42.131301], [-72.740782, 42.128978000000004], [-72.730231, 42.126389999999994], [-72.727268, 42.12546999999999], [-72.726428, 42.125047999999985], [-72.723956, 42.12352700000001], [-72.714164, 42.11486299999999], [-72.714482, 42.114487], [-72.713976, 42.11250600000002], [-72.712399, 42.112071000000014], [-72.707087, 42.10891400000001], [-72.703842, 42.107687], [-72.69468, 42.10622299999999], [-72.695461, 42.104741999999995], [-72.695682, 42.10312], [-72.696307, 42.102349999999994], [-72.700659, 42.093253], [-72.701963, 42.09103800000001], [-72.702866, 42.08773300000001], [-72.70565, 42.08214399999997], [-72.705989, 42.08079700000001], [-72.837212, 42.10221800000001], [-72.839319, 42.111726999999995], [-72.853897, 42.11500600000001]]]}}, {"type": "Feature", "properties": {"district_name": "5th Hampden District", "chamber": "house", "vintage": "2022-present", "lean_dem_share": 0.68, "competitiveness": "Safe", "competitiveness_label": "Safe D", "party_favored": "Democratic", "url": "/district/house-5th-hampden-district-2022-present/"}, "geometry": {"type": "Polygon", "coordinates": [[[-72.690515, 42.213076], [-72.670033, 42.216503999999986], [-72.66777, 42.225456], [-72.656536, 42.227739], [-72.634585, 42.273943], [-72.613138, 42.286265], [-72.612708, 42.28592000000001], [-72.611529, 42.28542999999999], [-72.605056, 42.28440100000001], [-72.60432000000002, 42.284021], [-72.601209, 42.281259], [-72.600797, 42.279986000000015], [-72.600714, 42.27858700000001], [-72.600376, 42.27739299999998], [-72.599959, 42.276845], [-72.599364, 42.275336], [-72.59884, 42.27066800000001], [-72.599074, 42.267718000000016], [-72.599917, 42.265741], [-72.600627, 42.265071000000006], [-72.607781, 42.26057999999999], [-72.611248, 42.25725], [-72.612579, 42.255310000000016], [-72.613621, 42.254248999999994], [-72.615071, 42.252013999999996], [-72.618009, 42.248368999999975], [-72.619172, 42.24633600000001], [-72.623983, 42.235925], [-72.62411, 42.23507299999999], [-72.624007, 42.234031000000016], [-72.623656, 42.23165599999999], [-72.622861, 42.230539], [-72.621612, 42.22973500000001], [-72.615127, 42.22681000000001], [-72.613564, 42.22558199999999], [-72.61285100000002, 42.224790999999996], [-72.611959, 42.223611000000005], [-72.611654, 42.22294599999999], [-72.61121100000001, 42.220903], [-72.610322, 42.21857800000001], [-72.60949, 42.217466], [-72.608035, 42.21630200000001], [-72.606533, 42.215297], [-72.604638, 42.214298], [-72.602352, 42.21331500000001], [-72.59872900000002, 42.21231300000001], [-72.596133, 42.211774999999996], [-72.593627, 42.211603000000004], [-72.593238, 42.211380999999996], [-72.591781, 42.209829], [-72.59139, 42.20911399999999], [-72.590476, 42.206685000000014], [-72.590216, 42.20507799999999], [-72.59023500000002, 42.20412900000001], [-72.590396, 42.20339499999999], [-72.591335, 42.20155599999998], [-72.593125, 42.199949000000004], [-72.594771, 42.19878299999999], [-72.601989, 42.194557], [-72.60617, 42.191368], [-72.607637, 42.190626000000016], [-72.609696, 42.18984800000001], [-72.61764, 42.186997000000005], [-72.62204, 42.185637], [-72.623113, 42.18508400000002], [-72.623745, 42.184552], [-72.625053, 42.18302099999999], [-72.626133, 42.18112500000001], [-72.626851, 42.17923600000001], [-72.627902, 42.175380000000004], [-72.625816, 42.17521299999999], [-72.624618, 42.180127000000006], [-72.621858, 42.179258], [-72.619703, 42.178327000000024], [-72.620105, 42.17803000000001], [-72.614639, 42.17552999999999], [-72.614561, 42.17150499999999], [-72.614288, 42.167997], [-72.623349, 42.167108999999996], [-72.622734, 42.166321], [-72.621296, 42.16508699999999], [-72.61899, 42.16336000000001], [-72.617183, 42.162251999999995], [-72.617951, 42.161505], [-72.621937, 42.161178], [-72.622244, 42.16185599999999], [-72.625594, 42.161660999999995], [-72.625601, 42.162362999999985], [-72.626402, 42.162353999999986], [-72.627505, 42.162586], [-72.627342, 42.16203200000001], [-72.684891, 42.16293700000001], [-72.686861, 42.18339000000001], [-72.686774, 42.18599100000001], [-72.686266, 42.18904699999999], [-72.690515, 42.213076]]]}}, {"type": "Feature", "properties": {"district_name": "6th Hampden District", "chamber": "house", "vintage": "2022-present", "lean_dem_share": 0.5281, "competitiveness": "Lean", "competitiveness_label": "Lean D", "party_favored": "Democratic", "url": "/district/house-6th-hampden-district-2022-present/"}, "geometry": {"type": "Polygon", "coordinates": [[[-72.740782, 42.128978000000004], [-72.739803, 42.131301], [-72.737993, 42.131190999999994], [-72.735611, 42.133356], [-72.739367, 42.135742], [-72.73917, 42.136644], [-72.73859, 42.13655500000001], [-72.73763, 42.13674400000001], [-72.735901, 42.13569900000001], [-72.735371, 42.136053000000004], [-72.734235, 42.136386], [-72.73332, 42.13578], [-72.73183, 42.13515699999998], [-72.729617, 42.133426], [-72.728803, 42.13301500000002], [-72.727903, 42.131746000000014], [-72.72761800000002, 42.13049399999999], [-72.725567, 42.128837000000004], [-72.72529, 42.128014], [-72.724929, 42.12784799999999], [-72.72489, 42.127614], [-72.723485, 42.127146], [-72.722908, 42.12661399999999], [-72.722862, 42.126237], [-72.723299, 42.12524899999999], [-72.721698, 42.12454999999999], [-72.721239, 42.125094999999995], [-72.720383, 42.125446], [-72.72017, 42.12569799999999], [-72.720231, 42.12598400000001], [-72.720942, 42.12684500000002], [-72.720925, 42.127086], [-72.720646, 42.127275000000004], [-72.719153, 42.127401], [-72.716593, 42.12815], [-72.714167, 42.127739999999996], [-72.70911700000002, 42.128974], [-72.709543, 42.129726999999995], [-72.709675, 42.13219599999999], [-72.709071, 42.13305300000001], [-72.708754, 42.133261000000005], [-72.708209, 42.133290999999986], [-72.705188, 42.13255899999999], [-72.704567, 42.133223], [-72.703392, 42.13311000000001], [-72.703336, 42.132955], [-72.704152, 42.131443000000004], [-72.703846, 42.130675000000004], [-72.702967, 42.130919], [-72.700299, 42.13253000000002], [-72.698998, 42.133118], [-72.699217, 42.134031], [-72.699437, 42.13915600000001], [-72.695215, 42.13889800000001], [-72.692603, 42.138917000000006], [-72.68919, 42.13935899999999], [-72.686872, 42.13996199999999], [-72.687192, 42.142315999999994], [-72.686691, 42.143885], [-72.689152, 42.146324], [-72.687974, 42.149374], [-72.686653, 42.15070299999999], [-72.685538, 42.15457100000001], [-72.684891, 42.16293700000001], [-72.627342, 42.16203200000001], [-72.627505, 42.162586], [-72.626402, 42.162353999999986], [-72.625601, 42.162362999999985], [-72.625594, 42.161660999999995], [-72.622244, 42.16185599999999], [-72.621937, 42.161178], [-72.618132, 42.161429], [-72.617183, 42.162251999999995], [-72.61899, 42.16336000000001], [-72.621296, 42.16508699999999], [-72.622734, 42.166321], [-72.623349, 42.167108999999996], [-72.614288, 42.167997], [-72.614561, 42.17150499999999], [-72.610863, 42.171253], [-72.610093, 42.171527], [-72.610369, 42.168687], [-72.611425, 42.162345000000016], [-72.611258, 42.160896], [-72.610444, 42.158887], [-72.610099, 42.157427000000006], [-72.610211, 42.15547399999997], [-72.61076, 42.15388900000001], [-72.613445, 42.149114], [-72.614363, 42.148891], [-72.619034, 42.149993], [-72.621234, 42.148793000000005], [-72.622419, 42.14697000000003], [-72.620208, 42.14536900000001], [-72.618363, 42.143706], [-72.615534, 42.142796000000004], [-72.616107, 42.14377300000001], [-72.616096, 42.144578], [-72.615819, 42.145111999999976], [-72.613631, 42.14527699999999], [-72.612693, 42.145876], [-72.611883, 42.14524800000001], [-72.611255, 42.145721999999985], [-72.610209, 42.14494299999999], [-72.609256, 42.145649000000006], [-72.608851, 42.145737000000004], [-72.608816, 42.14707799999999], [-72.608055, 42.14705599999998], [-72.607331, 42.14678800000001], [-72.607077, 42.147145999999985], [-72.606983, 42.14829699999999], [-72.607237, 42.14861200000001], [-72.607812, 42.148910000000015], [-72.604183, 42.148306000000005], [-72.604177, 42.149035], [-72.603587, 42.149188], [-72.603548, 42.148183], [-72.599922, 42.148109000000005], [-72.599865, 42.14487199999999], [-72.593446, 42.14442100000001], [-72.593129, 42.141563000000005], [-72.591604, 42.136237000000015], [-72.621481, 42.123788000000005], [-72.62213100000001, 42.121424000000005], [-72.621987, 42.119718], [-72.62112600000002, 42.116814], [-72.62072, 42.115925000000004], [-72.615209, 42.10948], [-72.61316, 42.107967], [-72.609845, 42.106016], [-72.601077, 42.10246600000001], [-72.596765, 42.100344], [-72.592636, 42.097436999999985], [-72.588523, 42.09323499999999], [-72.591763, 42.092022000000036], [-72.592489, 42.092375000000004], [-72.593858, 42.09340100000001], [-72.59492, 42.09378800000002], [-72.597113, 42.09376599999999], [-72.598523, 42.093428], [-72.598843, 42.09317300000001], [-72.600739, 42.086253], [-72.601081, 42.085996], [-72.602144, 42.086266], [-72.605721, 42.087824], [-72.607158, 42.088266], [-72.609561, 42.08861000000001], [-72.61048, 42.088494], [-72.613494, 42.087547], [-72.615431, 42.08764], [-72.619477, 42.08749499999998], [-72.620914, 42.087654], [-72.624455, 42.088868], [-72.626819, 42.089864], [-72.627071, 42.08941], [-72.63215, 42.08959599999999], [-72.636164, 42.089491], [-72.638748, 42.08879699999999], [-72.639363, 42.08849], [-72.641156, 42.08685100000001], [-72.654804, 42.076184], [-72.66218, 42.077540000000006], [-72.662788, 42.077758], [-72.662228, 42.078785999999994], [-72.661552, 42.079271999999996], [-72.661468, 42.07950600000001], [-72.66222, 42.080441], [-72.66274, 42.08273100000001], [-72.663737, 42.08344600000001], [-72.663891, 42.084672999999995], [-72.665869, 42.086168], [-72.666658, 42.087048], [-72.667178, 42.088942], [-72.668392, 42.091313], [-72.670284, 42.09333500000002], [-72.673246, 42.09486300000001], [-72.673969, 42.096383999999986], [-72.675717, 42.098412999999994], [-72.675983, 42.099954000000004], [-72.676309, 42.10032500000001], [-72.676712, 42.100512], [-72.678359, 42.10054800000002], [-72.680178, 42.100963000000014], [-72.681442, 42.10069500000001], [-72.681936, 42.10108100000001], [-72.682209, 42.101551], [-72.68252, 42.102846], [-72.682661, 42.10631200000002], [-72.682884, 42.106713000000006], [-72.683258, 42.106972], [-72.684458, 42.10713499999999], [-72.688686, 42.106233999999986], [-72.69107, 42.106225], [-72.693919, 42.105744], [-72.694869, 42.105883999999996], [-72.69468, 42.10622299999999], [-72.703842, 42.107687], [-72.705884, 42.10837099999998], [-72.707825, 42.109311999999996], [-72.712399, 42.112071000000014], [-72.713976, 42.11250600000002], [-72.714482, 42.114487], [-72.714164, 42.11486299999999], [-72.723956, 42.12352700000001], [-72.726428, 42.125047999999985], [-72.727268, 42.12546999999999], [-72.730231, 42.126389999999994], [-72.740782, 42.128978000000004]]]}}, {"type": "Feature", "properties": {"district_name": "7th Hampden District", "chamber": "house", "vintage": "2022-present", "lean_dem_share": 0.5791, "competitiveness": "Likely", "competitiveness_label": "Likely D", "party_favored": "Democratic", "url": "/district/house-7th-hampden-district-2022-present/"}, "geometry": {"type": "Polygon", "coordinates": [[[-72.524195, 42.21874799999999], [-72.44712, 42.227254], [-72.464195, 42.308053], [-72.472287, 42.35145800000001], [-72.477301, 42.376786], [-72.483696, 42.407481000000004], [-72.489891, 42.43381599999999], [-72.452979, 42.438615999999996], [-72.439538, 42.518579], [-72.459641, 42.51642699999998], [-72.452754, 42.554629], [-72.45387, 42.557211], [-72.453933, 42.558297], [-72.455373, 42.560421999999996], [-72.456872, 42.561575000000005], [-72.459702, 42.56320199999999], [-72.459953, 42.56352900000001], [-72.459939, 42.563969], [-72.460805, 42.564569], [-72.461157, 42.565372], [-72.462377, 42.566632000000006], [-72.462323, 42.56716800000001], [-72.462678, 42.567828000000006], [-72.463601, 42.568679999999986], [-72.463826, 42.56978500000001], [-72.464259, 42.570382000000016], [-72.464226, 42.57101599999999], [-72.463837, 42.57181400000002], [-72.464203, 42.573289999999986], [-72.46381, 42.57381900000001], [-72.463838, 42.574008000000006], [-72.465851, 42.57619], [-72.466104, 42.57671800000001], [-72.464408, 42.57712999999999], [-72.461344, 42.57821400000001], [-72.461121, 42.57929099999999], [-72.45996200000002, 42.58052800000001], [-72.457015, 42.58154900000001], [-72.456003, 42.58232199999999], [-72.45522, 42.582551999999986], [-72.454613, 42.583005999999976], [-72.453585, 42.583466], [-72.449555, 42.58608199999999], [-72.445777, 42.589133], [-72.445151, 42.589327999999995], [-72.443931, 42.58933800000002], [-72.443077, 42.589639999999996], [-72.441404, 42.592091999999994], [-72.437428, 42.593951000000004], [-72.437015, 42.59470200000003], [-72.437805, 42.59729600000001], [-72.437875, 42.597856], [-72.437667, 42.598235], [-72.436508, 42.59887600000001], [-72.434011, 42.599759], [-72.432232, 42.60104299999999], [-72.431771, 42.60155499999999], [-72.430052, 42.60472599999999], [-72.428756, 42.60616900000001], [-72.427472, 42.607192000000005], [-72.426007, 42.607699], [-72.422987, 42.607518999999996], [-72.419596, 42.607772000000004], [-72.416232, 42.60774699999999], [-72.415496, 42.60738500000001], [-72.414682, 42.606595], [-72.413486, 42.605835], [-72.409886, 42.604037], [-72.402347, 42.598135000000006], [-72.397685, 42.598048000000006], [-72.395274, 42.59819000000001], [-72.39333200000002, 42.597997], [-72.392207, 42.59756899999999], [-72.389335, 42.595854999999986], [-72.388854, 42.595798999999985], [-72.387507, 42.596216000000005], [-72.386484, 42.59669199999998], [-72.38489, 42.597784], [-72.38396, 42.59804300000002], [-72.383188, 42.598063], [-72.382748, 42.597906], [-72.381644, 42.59810499999998], [-72.378598, 42.597828], [-72.377701, 42.598101999999976], [-72.376203, 42.599022000000005], [-72.37396500000001, 42.59942800000001], [-72.369702, 42.598369999999996], [-72.36391, 42.595586000000004], [-72.362733, 42.59519300000001], [-72.362301, 42.595222], [-72.361626, 42.595604999999985], [-72.360448, 42.596971], [-72.360431, 42.597348], [-72.360237, 42.59762], [-72.359053, 42.59871799999999], [-72.357084, 42.59884400000002], [-72.353785, 42.59808600000001], [-72.35679, 42.548702], [-72.271352, 42.547227], [-72.269111, 42.533425000000015], [-72.244868, 42.51343899999999], [-72.196385, 42.54892], [-72.185642, 42.550360000000005], [-72.100941, 42.48368200000001], [-72.20515, 42.417679], [-72.219029, 42.39549300000001], [-72.229633, 42.400247], [-72.230453, 42.399342000000004], [-72.23109, 42.39889999999999], [-72.233293, 42.39879], [-72.235001, 42.39810399999999], [-72.236519, 42.39725200000001], [-72.236774, 42.396067000000016], [-72.23814800000001, 42.395557000000004], [-72.238512, 42.39526900000001], [-72.238847, 42.394189], [-72.239287, 42.393643999999995], [-72.239081, 42.393145999999994], [-72.238144, 42.392308], [-72.237816, 42.391203], [-72.23798, 42.390690000000006], [-72.238976, 42.390114000000004], [-72.240565, 42.38950700000001], [-72.241021, 42.38908300000001], [-72.240945, 42.388778000000016], [-72.241601, 42.388288], [-72.24226300000001, 42.38810099999999], [-72.244323, 42.38828000000001], [-72.258159, 42.393507], [-72.264118, 42.38662000000001], [-72.264908, 42.387159], [-72.265786, 42.38714800000002], [-72.26596, 42.38727699999998], [-72.266764, 42.388366000000005], [-72.267573, 42.38904600000001], [-72.267927, 42.389995], [-72.26847400000001, 42.390297999999994], [-72.269276, 42.390028999999984], [-72.269784, 42.39035500000001], [-72.270378, 42.39042900000001], [-72.272599, 42.389657], [-72.272861, 42.389136000000015], [-72.272337, 42.388678], [-72.272963, 42.387933000000004], [-72.273247, 42.38711100000001], [-72.273957, 42.385995000000015], [-72.274019, 42.384542], [-72.276748, 42.38294499999999], [-72.278643, 42.38218], [-72.279555, 42.38069099999999], [-72.280026, 42.379285], [-72.280434, 42.378918000000006], [-72.281501, 42.37866499999999], [-72.281856, 42.37824299999999], [-72.281814, 42.377883999999995], [-72.28119, 42.377826999999996], [-72.281013, 42.37766599999999], [-72.28146, 42.37674599999999], [-72.280481, 42.37680399999999], [-72.280931, 42.376138999999995], [-72.280477, 42.37508199999999], [-72.27955, 42.37460100000001], [-72.280287, 42.37376999999999], [-72.28098, 42.37251400000001], [-72.28164600000001, 42.372006], [-72.28203500000001, 42.37191499999999], [-72.282634, 42.372398999999994], [-72.2835, 42.372559999999986], [-72.283617, 42.37238400000001], [-72.284057, 42.37255], [-72.284242, 42.37275600000002], [-72.28410900000002, 42.373176], [-72.284333, 42.37332], [-72.284859, 42.37332800000001], [-72.285038, 42.37307700000001], [-72.285152, 42.364604], [-72.284828, 42.36251500000001], [-72.284367, 42.36138800000001], [-72.284637, 42.36095199999998], [-72.285406, 42.360842], [-72.28550100000001, 42.36055600000001], [-72.284676, 42.35977299999998], [-72.28474, 42.359441], [-72.285318, 42.358319999999985], [-72.285981, 42.358016], [-72.285959, 42.357817999999995], [-72.284523, 42.357474], [-72.283984, 42.35703999999999], [-72.28414, 42.356584000000005], [-72.287394, 42.355372999999986], [-72.287209, 42.35474400000001], [-72.287287, 42.354152000000006], [-72.287039, 42.353852], [-72.286076, 42.353367], [-72.286168, 42.35286399999999], [-72.286438, 42.352698], [-72.288057, 42.352867999999994], [-72.288381, 42.35270199999999], [-72.288531, 42.352159], [-72.289166, 42.351913], [-72.290288, 42.35210900000001], [-72.290516, 42.352012000000016], [-72.290288, 42.351645], [-72.290384, 42.351319000000025], [-72.290716, 42.35104999999998], [-72.291264, 42.351119], [-72.291333, 42.35173600000001], [-72.291981, 42.35182699999999], [-72.292677, 42.351287], [-72.295389, 42.35056899999999], [-72.296709, 42.34936900000001], [-72.297904, 42.34914500000001], [-72.298744, 42.349322000000015], [-72.301127, 42.348434999999995], [-72.301397, 42.348229], [-72.301737, 42.347469], [-72.302925, 42.34667999999999], [-72.303753, 42.345757], [-72.304398, 42.34542199999999], [-72.305028, 42.34521299999999], [-72.3053, 42.34530600000001], [-72.305331, 42.34552299999999], [-72.30483, 42.34565400000002], [-72.30473, 42.345821000000015], [-72.305724, 42.346089], [-72.306382, 42.346053], [-72.30646500000002, 42.345950999999985], [-72.306241, 42.34557399999999], [-72.30711200000002, 42.345035], [-72.306537, 42.344812000000005], [-72.306411, 42.344619], [-72.306804, 42.344282], [-72.30802300000002, 42.344297000000005], [-72.308803, 42.34410199999999], [-72.308859, 42.34436100000001], [-72.308354, 42.344634000000006], [-72.308788, 42.344891], [-72.309331, 42.344549], [-72.30949900000002, 42.344226000000006], [-72.309409, 42.34376100000001], [-72.309763, 42.343638], [-72.310151, 42.343729], [-72.310797, 42.34311700000001], [-72.31149300000001, 42.34316799999999], [-72.312176, 42.342802000000006], [-72.312784, 42.343048999999986], [-72.313382, 42.34301199999999], [-72.31396, 42.343702], [-72.314778, 42.34349600000001], [-72.314893, 42.34216400000001], [-72.314606, 42.340934], [-72.314933, 42.33954299999998], [-72.315464, 42.33935999999999], [-72.316621, 42.33978700000002], [-72.317631, 42.33962600000001], [-72.320336, 42.33646], [-72.321878, 42.335249000000005], [-72.322861, 42.33416], [-72.32318, 42.333278], [-72.323075, 42.33297700000001], [-72.322563, 42.33263300000001], [-72.322386, 42.332283999999994], [-72.322584, 42.331168999999996], [-72.323064, 42.330943000000005], [-72.324559, 42.33095300000001], [-72.324865, 42.330819999999996], [-72.325334, 42.33006599999998], [-72.326085, 42.32824399999999], [-72.326007, 42.327946999999995], [-72.324673, 42.326765999999985], [-72.324535, 42.326297], [-72.3252, 42.32555800000001], [-72.326214, 42.325158], [-72.32643, 42.325449], [-72.326538, 42.326449], [-72.326762, 42.326814], [-72.32761, 42.32675699999999], [-72.32818, 42.326058999999994], [-72.328219, 42.325248], [-72.3274, 42.323477], [-72.327211, 42.320917000000016], [-72.327546, 42.31954], [-72.328117, 42.318745999999976], [-72.328333, 42.31855800000001], [-72.328863, 42.318645], [-72.328834, 42.31942000000001], [-72.329118, 42.319686999999995], [-72.329489, 42.319755], [-72.331377, 42.319604], [-72.333073, 42.319122], [-72.334715, 42.317618], [-72.334699, 42.31670299999998], [-72.335045, 42.31602199999998], [-72.334914, 42.31554200000001], [-72.335246, 42.315142], [-72.336364, 42.315009], [-72.338244, 42.31444599999999], [-72.341559, 42.31443600000001], [-72.342287, 42.314242], [-72.342584, 42.313942999999995], [-72.343597, 42.31188699999999], [-72.344895, 42.31105099999999], [-72.345889, 42.309969], [-72.346259, 42.30977399999999], [-72.348656, 42.30917600000003], [-72.34918, 42.309405000000005], [-72.350159, 42.310312], [-72.351169, 42.31034000000001], [-72.351354, 42.310184999999976], [-72.351385, 42.30969399999999], [-72.350937, 42.30907100000002], [-72.350391, 42.308772999999995], [-72.349794, 42.30879299999999], [-72.349557, 42.308643], [-72.349596, 42.30844300000001], [-72.349889, 42.308042999999984], [-72.352278, 42.30793800000001], [-72.352771, 42.30768], [-72.35277800000001, 42.307451000000015], [-72.351992, 42.307166], [-72.350959, 42.307475999999994], [-72.350659, 42.30739], [-72.34996500000001, 42.30676799999999], [-72.349556, 42.306031], [-72.349517, 42.305552000000006], [-72.349555, 42.30514599999999], [-72.349894, 42.30451600000001], [-72.350996, 42.30391], [-72.351558, 42.304041], [-72.351689, 42.30426200000001], [-72.3516, 42.30591499999999], [-72.351891, 42.306412000000016], [-72.3522, 42.30642300000001], [-72.35421, 42.305684000000014], [-72.355189, 42.30463200000001], [-72.356018, 42.30328300000001], [-72.354186, 42.302747], [-72.353646, 42.302353], [-72.354539, 42.30114699999999], [-72.35473300000001, 42.300558999999964], [-72.354874, 42.299462000000005], [-72.354498, 42.29898899999999], [-72.350766, 42.298435], [-72.350807, 42.298244999999994], [-72.351963, 42.297895000000004], [-72.352442, 42.29682599999999], [-72.352635, 42.29573399999999], [-72.352199, 42.295433], [-72.350596, 42.29501199999999], [-72.350041, 42.29464800000001], [-72.348631, 42.29458599999999], [-72.348531, 42.29419299999998], [-72.348851, 42.291090999999994], [-72.350035, 42.28796000000001], [-72.350214, 42.287019], [-72.35075, 42.285954], [-72.350872, 42.285278], [-72.35068, 42.284679999999994], [-72.35012, 42.284265999999995], [-72.348445, 42.283792], [-72.34679, 42.28361000000002], [-72.346168, 42.283362], [-72.343261, 42.28165400000002], [-72.341136, 42.28148900000001], [-72.339443, 42.280877999999994], [-72.338484, 42.27981900000001], [-72.338292, 42.279411], [-72.338429, 42.278285], [-72.338799, 42.27711599999999], [-72.338851, 42.275294], [-72.338258, 42.27418900000001], [-72.336456, 42.27340399999999], [-72.333071, 42.27285300000001], [-72.331975, 42.27205499999999], [-72.331535, 42.271081], [-72.331903, 42.26969700000001], [-72.33289, 42.267761], [-72.334244, 42.26653400000001], [-72.334513, 42.266051999999995], [-72.334398, 42.26508500000001], [-72.333658, 42.26436900000001], [-72.333621, 42.263305], [-72.33378, 42.26265499999999], [-72.334114, 42.26236800000001], [-72.334492, 42.26230200000001], [-72.335852, 42.262563], [-72.337375, 42.26168299999999], [-72.337779, 42.26093199999998], [-72.337763, 42.26037], [-72.336712, 42.259395], [-72.337992, 42.25933499999999], [-72.338416, 42.259055], [-72.3385, 42.25867600000001], [-72.338339, 42.258432], [-72.336681, 42.258075], [-72.336436, 42.257791000000005], [-72.336738, 42.25717100000001], [-72.336313, 42.256247], [-72.336237, 42.255188], [-72.335606, 42.253858000000015], [-72.334759, 42.25123399999999], [-72.334673, 42.24963899999998], [-72.334951, 42.24852700000001], [-72.334868, 42.24746300000002], [-72.333542, 42.245591000000005], [-72.333642, 42.24536000000001], [-72.33487, 42.24505299999998], [-72.33525, 42.24407399999999], [-72.334927, 42.24353599999999], [-72.334786, 42.241309], [-72.333776, 42.240372], [-72.333024, 42.237649000000005], [-72.332948, 42.237092], [-72.333319, 42.23604100000003], [-72.333137, 42.23476299999999], [-72.334288, 42.23328099999998], [-72.334196, 42.23254], [-72.334472, 42.232062], [-72.33401, 42.23051600000001], [-72.334016, 42.22932099999999], [-72.334373, 42.228750000000005], [-72.33576, 42.22772799999999], [-72.335432, 42.226828000000005], [-72.337075, 42.22341200000002], [-72.336982, 42.223105], [-72.335579, 42.222241999999994], [-72.335404, 42.22184699999999], [-72.335535, 42.22117900000001], [-72.336021, 42.21992699999999], [-72.336566, 42.219411999999984], [-72.337793, 42.21915400000001], [-72.34168, 42.21923199999999], [-72.342406, 42.219114000000005], [-72.342962, 42.21885400000001], [-72.343974, 42.218033], [-72.344848, 42.217022], [-72.345516, 42.21678599999999], [-72.346124, 42.21621699999999], [-72.346248, 42.21484300000001], [-72.34554, 42.213161], [-72.345518, 42.212750999999976], [-72.346782, 42.21043], [-72.347394, 42.21014], [-72.349568, 42.210178], [-72.349774, 42.21003299999999], [-72.349741, 42.20935599999999], [-72.350369, 42.208526000000006], [-72.352323, 42.20701400000002], [-72.352881, 42.20687900000001], [-72.353714, 42.207015000000006], [-72.354451, 42.207713], [-72.355018, 42.20885400000001], [-72.35655, 42.20924600000001], [-72.357338, 42.209003], [-72.358051, 42.207963], [-72.35836, 42.20777700000001], [-72.359224, 42.2063], [-72.360518, 42.205412999999986], [-72.361204, 42.20533100000001], [-72.361881, 42.205760000000005], [-72.363292, 42.206029], [-72.363329, 42.20641400000002], [-72.36213800000002, 42.20696400000001], [-72.361948, 42.20712600000001], [-72.361991, 42.207328000000004], [-72.363482, 42.207685], [-72.364667, 42.20725999999999], [-72.364888, 42.20702099999999], [-72.364939, 42.205499], [-72.364536, 42.20288799999999], [-72.363477, 42.20203999999998], [-72.362517, 42.19904], [-72.362842, 42.19823000000001], [-72.363853, 42.197955000000015], [-72.363852, 42.19730100000001], [-72.363529, 42.197017999999986], [-72.360999, 42.19725700000001], [-72.359859, 42.196321], [-72.35963000000001, 42.19529500000001], [-72.359204, 42.19457300000001], [-72.35928200000001, 42.194335], [-72.359471, 42.194220000000016], [-72.360931, 42.194596000000004], [-72.361561, 42.194549], [-72.361749, 42.19428], [-72.361667, 42.193484999999995], [-72.3609, 42.191137], [-72.360473, 42.190332999999995], [-72.360061, 42.190127999999994], [-72.358504, 42.190056], [-72.35810900000001, 42.18981600000001], [-72.395478, 42.18573700000001], [-72.39525, 42.184816], [-72.39632300000001, 42.183645000000006], [-72.39751, 42.182703999999994], [-72.40104, 42.181497], [-72.403811, 42.17987200000002], [-72.407076, 42.17841999999999], [-72.409605, 42.17774300000001], [-72.410083, 42.177793], [-72.410037, 42.17719600000001], [-72.411219, 42.176539999999996], [-72.412155, 42.17578899999999], [-72.412376, 42.175242], [-72.412349, 42.174944], [-72.412127, 42.174727000000004], [-72.41059, 42.174366], [-72.41031400000001, 42.174205], [-72.410122, 42.17381200000001], [-72.41017, 42.17318100000001], [-72.411188, 42.17065899999999], [-72.411082, 42.168654999999994], [-72.412032, 42.167287], [-72.412004, 42.166911999999996], [-72.410943, 42.164841000000024], [-72.410258, 42.162614000000005], [-72.410615, 42.161086999999995], [-72.410584, 42.16053299999997], [-72.40953, 42.157374999999995], [-72.409036, 42.154820000000015], [-72.409115, 42.15422], [-72.409533, 42.15380100000001], [-72.412236, 42.153033], [-72.413798, 42.153104], [-72.417666, 42.154910000000015], [-72.418651, 42.156434999999995], [-72.419368, 42.15697000000002], [-72.420157, 42.15720500000001], [-72.421331, 42.157223999999985], [-72.428539, 42.15656299999999], [-72.429667, 42.156153999999994], [-72.430677, 42.155524], [-72.431374, 42.15539900000001], [-72.43259, 42.155525], [-72.43526, 42.156406], [-72.437036, 42.156529], [-72.441457, 42.15577699999999], [-72.442811, 42.155254], [-72.44457, 42.154124], [-72.446588, 42.153562], [-72.449643, 42.15338299999999], [-72.450689, 42.153698000000006], [-72.452825, 42.154864999999994], [-72.454576, 42.155079], [-72.458505, 42.154691000000014], [-72.460978, 42.154098], [-72.46360800000001, 42.15305300000001], [-72.464627, 42.152823], [-72.469613, 42.152662], [-72.472995, 42.153664], [-72.47435, 42.15388500000002], [-72.475278, 42.153936], [-72.477674, 42.15342900000002], [-72.478764, 42.153513000000004], [-72.484595, 42.156524000000005], [-72.487185, 42.157297], [-72.488159, 42.158128999999995], [-72.487822, 42.15875100000001], [-72.48675, 42.15923600000001], [-72.486635, 42.159506], [-72.486786, 42.159839000000005], [-72.487629, 42.159946], [-72.488898, 42.15906400000001], [-72.489465, 42.159042], [-72.489874, 42.159434], [-72.489887, 42.159684], [-72.489384, 42.16044100000001], [-72.488926, 42.16156500000002], [-72.48897, 42.16185999999999], [-72.489251, 42.16208600000001], [-72.489766, 42.16205899999999], [-72.490864, 42.161561999999996], [-72.493145, 42.16122], [-72.497045, 42.16133800000001], [-72.505275, 42.16220800000001], [-72.506221, 42.162046000000004], [-72.509242, 42.160819], [-72.510754, 42.16048299999998], [-72.511565, 42.160484], [-72.513414, 42.16090700000001], [-72.51597700000002, 42.160816999999994], [-72.518737, 42.173889], [-72.513909, 42.174431999999996], [-72.524195, 42.21874799999999]]]}}, {"type": "Feature", "properties": {"district_name": "8th Hampden District", "chamber": "house", "vintage": "2022-present", "lean_dem_share": 0.5554, "competitiveness": "Likely", "competitiveness_label": "Likely D", "party_favored": "Democratic", "url": "/district/house-8th-hampden-district-2022-present/"}, "geometry": {"type": "Polygon", "coordinates": [[[-72.627902, 42.175380000000004], [-72.626851, 42.17923600000001], [-72.625863, 42.18167300000001], [-72.625053, 42.18302099999999], [-72.623113, 42.18508400000002], [-72.621249, 42.18596999999999], [-72.61764, 42.186997000000005], [-72.606928, 42.190968], [-72.604745, 42.19233100000002], [-72.601989, 42.194557], [-72.594771, 42.19878299999999], [-72.591714, 42.20111600000001], [-72.590825, 42.202463000000016], [-72.590312, 42.203680999999996], [-72.590216, 42.20507799999999], [-72.590476, 42.206685000000014], [-72.591781, 42.209829], [-72.593448, 42.211557000000006], [-72.52429, 42.218734000000005], [-72.513909, 42.174431999999996], [-72.518737, 42.173889], [-72.51597700000002, 42.160816999999994], [-72.520146, 42.16128199999997], [-72.522008, 42.161137000000004], [-72.524736, 42.160261000000006], [-72.528736, 42.158305], [-72.533377, 42.15736600000001], [-72.535801, 42.15747799999999], [-72.536463, 42.156963999999995], [-72.537222, 42.155308], [-72.537975, 42.154807999999996], [-72.539482, 42.15487199999999], [-72.540323, 42.15534600000001], [-72.540703, 42.156206], [-72.540815, 42.15754900000001], [-72.591604, 42.136237000000015], [-72.593129, 42.141563000000005], [-72.593446, 42.14442100000001], [-72.599865, 42.14487199999999], [-72.599922, 42.148109000000005], [-72.603548, 42.148183], [-72.603587, 42.149188], [-72.604177, 42.149035], [-72.604183, 42.148306000000005], [-72.607812, 42.148910000000015], [-72.607237, 42.14861200000001], [-72.606983, 42.14829699999999], [-72.607077, 42.147145999999985], [-72.607331, 42.14678800000001], [-72.608055, 42.14705599999998], [-72.608816, 42.14707799999999], [-72.608851, 42.145737000000004], [-72.609256, 42.145649000000006], [-72.610209, 42.14494299999999], [-72.611255, 42.145721999999985], [-72.611883, 42.14524800000001], [-72.612693, 42.145876], [-72.613631, 42.14527699999999], [-72.615819, 42.145111999999976], [-72.616096, 42.144578], [-72.616107, 42.14377300000001], [-72.615534, 42.142796000000004], [-72.618363, 42.143706], [-72.620208, 42.14536900000001], [-72.622419, 42.14697000000003], [-72.621234, 42.148793000000005], [-72.619034, 42.149993], [-72.614363, 42.148891], [-72.613445, 42.149114], [-72.61076, 42.15388900000001], [-72.610211, 42.15547399999997], [-72.610099, 42.157427000000006], [-72.610444, 42.158887], [-72.611258, 42.160896], [-72.611425, 42.162345000000016], [-72.610369, 42.168687], [-72.610093, 42.171527], [-72.610863, 42.171253], [-72.614561, 42.17150499999999], [-72.614639, 42.17552999999999], [-72.620105, 42.17803000000001], [-72.619703, 42.178327000000024], [-72.621858, 42.179258], [-72.624292, 42.180034], [-72.624654, 42.18004200000001], [-72.625816, 42.17521299999999], [-72.627902, 42.175380000000004]]]}}, {"type": "Feature", "properties": {"district_name": "9th Hampden District", "chamber": "house", "vintage": "2022-present", "lean_dem_share": 0.7104, "competitiveness": "Safe", "competitiveness_label": "Safe D", "party_favored": "Democratic", "url": "/district/house-9th-hampden-district-2022-present/"}, "geometry": {"type": "Polygon", "coordinates": [[[-72.608279, 42.12921599999999], [-72.540815, 42.15754900000001], [-72.540703, 42.156206], [-72.540323, 42.15534600000001], [-72.539482, 42.15487199999999], [-72.538244, 42.154774999999994], [-72.537593, 42.15499200000001], [-72.537222, 42.155308], [-72.536463, 42.156963999999995], [-72.535801, 42.15747799999999], [-72.533377, 42.15736600000001], [-72.528736, 42.158305], [-72.524004, 42.160562], [-72.521499, 42.16121700000002], [-72.520146, 42.16128199999997], [-72.516782, 42.16082799999999], [-72.513414, 42.16090700000001], [-72.511565, 42.160484], [-72.510754, 42.16048299999998], [-72.509242, 42.160819], [-72.506221, 42.162046000000004], [-72.505275, 42.16220800000001], [-72.497045, 42.16133800000001], [-72.493145, 42.16122], [-72.490864, 42.161561999999996], [-72.4894, 42.162097], [-72.489051, 42.161984], [-72.488926, 42.16156500000002], [-72.489384, 42.16044100000001], [-72.489887, 42.159684], [-72.48972, 42.15921], [-72.489465, 42.159042], [-72.488898, 42.15906400000001], [-72.487629, 42.159946], [-72.486786, 42.159839000000005], [-72.486662, 42.159351], [-72.487004, 42.15905999999998], [-72.487822, 42.15875100000001], [-72.48812200000002, 42.158305], [-72.4881, 42.15796200000001], [-72.487185, 42.157297], [-72.484595, 42.156524000000005], [-72.484463, 42.15596500000001], [-72.48392, 42.153229000000024], [-72.485247, 42.153082999999995], [-72.48494, 42.15156100000001], [-72.488061, 42.151191000000004], [-72.487998, 42.15146300000001], [-72.490306, 42.153605999999996], [-72.49168, 42.15276400000001], [-72.493299, 42.149201000000005], [-72.495837, 42.14130599999999], [-72.503759, 42.14004099999998], [-72.505034, 42.139684], [-72.505295, 42.13928800000001], [-72.505136, 42.138777], [-72.505522, 42.13862000000001], [-72.504808, 42.13573199999999], [-72.503861, 42.13309300000001], [-72.508042, 42.13269400000003], [-72.508165, 42.13260700000001], [-72.507928, 42.132103000000015], [-72.507182, 42.132001], [-72.505382, 42.13211099999999], [-72.504098, 42.13268200000002], [-72.502121, 42.132976000000006], [-72.501693, 42.133359], [-72.499893, 42.13346800000001], [-72.498768, 42.134502], [-72.497838, 42.134612000000004], [-72.497261, 42.135234], [-72.496685, 42.135540999999996], [-72.495818, 42.13560199999999], [-72.495712, 42.12926400000001], [-72.496613, 42.126032], [-72.497422, 42.126142], [-72.4984, 42.125781], [-72.501012, 42.125766], [-72.502, 42.124999], [-72.503352, 42.124731000000004], [-72.503872, 42.124137000000026], [-72.504145, 42.124165999999995], [-72.504333, 42.12489300000002], [-72.509365, 42.124262], [-72.509355, 42.123684999999995], [-72.510328, 42.12342], [-72.511036, 42.12668099999999], [-72.515608, 42.12621300000001], [-72.514261, 42.128381000000005], [-72.51312, 42.12903800000001], [-72.51512100000001, 42.130569], [-72.514881, 42.130648], [-72.51489800000002, 42.131062], [-72.518563, 42.13069500000001], [-72.518891, 42.13200499999999], [-72.519793, 42.13187800000001], [-72.519742, 42.13166100000001], [-72.526066, 42.130961], [-72.526528, 42.13119799999998], [-72.528258, 42.129763], [-72.53024, 42.129598000000016], [-72.532692, 42.129920000000006], [-72.53471, 42.130790999999995], [-72.536724, 42.12662600000001], [-72.53766, 42.125648], [-72.538493, 42.124983000000014], [-72.54286, 42.12277800000001], [-72.544412, 42.12160600000001], [-72.545565, 42.12265000000001], [-72.546604, 42.12419599999999], [-72.545443, 42.12461199999999], [-72.545341, 42.12446800000001], [-72.544844, 42.12464], [-72.545438, 42.125631], [-72.545889, 42.125622], [-72.545577, 42.12622599999999], [-72.545515, 42.126836000000004], [-72.546188, 42.133634999999984], [-72.561623, 42.12878500000002], [-72.566928, 42.12636600000001], [-72.566915, 42.126670000000004], [-72.569085, 42.125604], [-72.574933, 42.121846], [-72.576728, 42.12102899999999], [-72.583636, 42.11849000000001], [-72.58279300000001, 42.117549999999994], [-72.582248, 42.115935000000015], [-72.585958, 42.116482], [-72.588483, 42.114585999999996], [-72.589488, 42.11537899999999], [-72.594997, 42.11112600000002], [-72.597123, 42.113388], [-72.59591800000001, 42.114335999999994], [-72.595019, 42.117394000000004], [-72.595927, 42.118227999999995], [-72.595779, 42.118342999999996], [-72.598496, 42.120604], [-72.600254, 42.120066], [-72.603055, 42.117991], [-72.604589, 42.119445000000006], [-72.605302, 42.120841999999996], [-72.605405, 42.12138499999999], [-72.607521, 42.12296099999999], [-72.608148, 42.126947], [-72.608279, 42.12921599999999]]]}}, {"type": "Feature", "properties": {"district_name": "10th Hampden District", "chamber": "house", "vintage": "2022-present", "lean_dem_share": 0.7104, "competitiveness": "Safe", "competitiveness_label": "Safe D", "party_favored": "Democratic", "url": "/district/house-10th-hampden-district-2022-present/"}, "geometry": {"type": "Polygon", "coordinates": [[[-72.62213100000001, 42.121424000000005], [-72.621481, 42.123788000000005], [-72.608279, 42.12921599999999], [-72.608148, 42.126947], [-72.607521, 42.12296099999999], [-72.605405, 42.12138499999999], [-72.605302, 42.120841999999996], [-72.604589, 42.119445000000006], [-72.603055, 42.117991], [-72.600254, 42.120066], [-72.598496, 42.120604], [-72.595779, 42.118342999999996], [-72.595927, 42.118227999999995], [-72.595019, 42.117394000000004], [-72.59591800000001, 42.114335999999994], [-72.597123, 42.113388], [-72.594997, 42.11112600000002], [-72.589488, 42.11537899999999], [-72.588483, 42.114585999999996], [-72.585958, 42.116482], [-72.582248, 42.115935000000015], [-72.57853900000002, 42.11263100000001], [-72.578431, 42.112111000000006], [-72.578816, 42.110461], [-72.577035, 42.108074], [-72.582199, 42.10490500000002], [-72.581517, 42.10426000000001], [-72.584027, 42.10225199999999], [-72.582395, 42.10199899999999], [-72.581613, 42.10149299999999], [-72.578623, 42.104109], [-72.577789, 42.103663], [-72.57693, 42.10411], [-72.576576, 42.103570000000005], [-72.576814, 42.1033], [-72.580235, 42.100522], [-72.57849400000002, 42.099501], [-72.57568100000002, 42.099754000000004], [-72.574934, 42.09962500000001], [-72.57334, 42.10007], [-72.571213, 42.101566], [-72.57165000000002, 42.10225499999999], [-72.571884, 42.103261], [-72.571093, 42.10391800000001], [-72.564819, 42.099650999999994], [-72.564247, 42.098984], [-72.563617, 42.09711399999998], [-72.56324, 42.096692], [-72.561238, 42.09651000000001], [-72.558073, 42.095316999999994], [-72.552669, 42.09359199999999], [-72.550409, 42.093149000000004], [-72.544286, 42.088811], [-72.552363, 42.087245], [-72.550835, 42.08487600000001], [-72.547879, 42.08433200000001], [-72.54745, 42.08213799999999], [-72.546171, 42.082244], [-72.545827, 42.08047700000001], [-72.547537, 42.08027899999998], [-72.546942, 42.079683999999986], [-72.546799, 42.07884], [-72.547337, 42.078435], [-72.546036, 42.07714199999999], [-72.548196, 42.07593200000001], [-72.548544, 42.076179], [-72.552533, 42.080188], [-72.551808, 42.080602], [-72.553568, 42.082334], [-72.552602, 42.082522000000004], [-72.55549, 42.085388], [-72.556394, 42.084898], [-72.555272, 42.08377899999999], [-72.556053, 42.08341899999999], [-72.55788000000001, 42.08299000000001], [-72.558276, 42.082702], [-72.559143, 42.078306000000005], [-72.559021, 42.07724200000001], [-72.558553, 42.076722], [-72.55736, 42.076867], [-72.556593, 42.076639], [-72.555782, 42.075613000000004], [-72.554803, 42.075601], [-72.551779, 42.074418000000016], [-72.551046, 42.07360200000001], [-72.550863, 42.07296199999998], [-72.551006, 42.072370000000014], [-72.551429, 42.071850000000005], [-72.554115, 42.07040100000001], [-72.554903, 42.069711000000005], [-72.555253, 42.068971000000005], [-72.555529, 42.06673499999999], [-72.589383, 42.07219099999998], [-72.588765, 42.073164], [-72.587002, 42.07513099999996], [-72.583722, 42.07799100000002], [-72.582671, 42.079518], [-72.582581, 42.080787000000015], [-72.582693, 42.081557999999994], [-72.584112, 42.08699699999999], [-72.584912, 42.088843], [-72.585619, 42.09002000000001], [-72.588487, 42.09321200000001], [-72.592636, 42.097436999999985], [-72.596765, 42.100344], [-72.601077, 42.10246600000001], [-72.609845, 42.106016], [-72.61316, 42.107967], [-72.615209, 42.10948], [-72.62072, 42.115925000000004], [-72.62112600000002, 42.116814], [-72.621987, 42.119718], [-72.62213100000001, 42.121424000000005]]]}}, {"type": "Feature", "properties": {"district_name": "11th Hampden District", "chamber": "house", "vintage": "2022-present", "lean_dem_share": 0.7104, "competitiveness": "Safe", "competitiveness_label": "Safe D", "party_favored": "Democratic", "url": "/district/house-11th-hampden-district-2022-present/"}, "geometry": {"type": "Polygon", "coordinates": [[[-72.584027, 42.10225199999999], [-72.581517, 42.10426000000001], [-72.582199, 42.10490500000002], [-72.577035, 42.108074], [-72.578816, 42.110461], [-72.578431, 42.112111000000006], [-72.57853900000002, 42.11263100000001], [-72.582187, 42.115821], [-72.58279300000001, 42.117549999999994], [-72.583636, 42.11849000000001], [-72.576728, 42.12102899999999], [-72.574933, 42.121846], [-72.569085, 42.125604], [-72.566915, 42.126670000000004], [-72.566928, 42.12636600000001], [-72.561623, 42.12878500000002], [-72.546188, 42.133634999999984], [-72.545515, 42.126836000000004], [-72.545577, 42.12622599999999], [-72.545889, 42.125622], [-72.545438, 42.125631], [-72.544844, 42.12464], [-72.545341, 42.12446800000001], [-72.545443, 42.12461199999999], [-72.546604, 42.12419599999999], [-72.545565, 42.12265000000001], [-72.544412, 42.12160600000001], [-72.54286, 42.12277800000001], [-72.538493, 42.124983000000014], [-72.53766, 42.125648], [-72.536724, 42.12662600000001], [-72.53471, 42.130790999999995], [-72.532692, 42.129920000000006], [-72.530424, 42.129585], [-72.528258, 42.129763], [-72.526528, 42.13119799999998], [-72.526066, 42.130961], [-72.519742, 42.13166100000001], [-72.519793, 42.13187800000001], [-72.518891, 42.13200499999999], [-72.518563, 42.13069500000001], [-72.51489800000002, 42.131062], [-72.514881, 42.130648], [-72.51512100000001, 42.130569], [-72.51312, 42.12903800000001], [-72.514261, 42.128381000000005], [-72.515608, 42.12621300000001], [-72.511036, 42.12668099999999], [-72.510328, 42.12342], [-72.509355, 42.123684999999995], [-72.50944, 42.12419399999999], [-72.509047, 42.124325], [-72.504333, 42.12489300000002], [-72.504145, 42.124165999999995], [-72.503872, 42.124137000000026], [-72.503352, 42.124731000000004], [-72.502, 42.124999], [-72.501012, 42.125766], [-72.4984, 42.125781], [-72.497422, 42.126142], [-72.496613, 42.126032], [-72.498061, 42.121038], [-72.50489300000001, 42.12042900000001], [-72.504482, 42.117477], [-72.508649, 42.117549000000004], [-72.50879, 42.11477900000002], [-72.508658, 42.113907], [-72.505674, 42.11394399999999], [-72.50333300000001, 42.11340100000002], [-72.508231, 42.106139], [-72.508797, 42.10559499999999], [-72.50963, 42.10511999999999], [-72.510842, 42.104791999999996], [-72.521523, 42.103597000000015], [-72.521753, 42.104642999999996], [-72.522259, 42.10475699999999], [-72.523076, 42.10448199999997], [-72.524446, 42.104318], [-72.525315, 42.10377], [-72.526568, 42.10332400000001], [-72.528123, 42.103438000000004], [-72.529375, 42.103582], [-72.531276, 42.10433], [-72.532563, 42.105506000000005], [-72.533931, 42.107693999999995], [-72.542531, 42.10789400000001], [-72.543823, 42.10581199999999], [-72.546415, 42.105727], [-72.546119, 42.10514299999999], [-72.545434, 42.104890000000005], [-72.544265, 42.105005], [-72.54236400000002, 42.10491700000001], [-72.540206, 42.10513100000001], [-72.53939, 42.105028000000004], [-72.538149, 42.10444900000002], [-72.537572, 42.103831000000014], [-72.537277, 42.103137], [-72.537352, 42.102534999999996], [-72.538152, 42.10065599999998], [-72.538178, 42.099771999999994], [-72.540019, 42.09961], [-72.541366, 42.099134], [-72.540824, 42.095326], [-72.54201600000002, 42.094842999999976], [-72.54304, 42.094208000000016], [-72.544664, 42.09311300000002], [-72.545452, 42.092228000000006], [-72.542449, 42.09195600000001], [-72.542074, 42.08924800000001], [-72.531191, 42.091388999999985], [-72.531126, 42.091146], [-72.528996, 42.09111800000001], [-72.528978, 42.09072200000001], [-72.528548, 42.09011699999999], [-72.528273, 42.08844499999998], [-72.529409, 42.08846200000001], [-72.529224, 42.08668900000002], [-72.528275, 42.08258200000001], [-72.539409, 42.081222000000004], [-72.539973, 42.081404000000006], [-72.53985, 42.080522000000016], [-72.541913, 42.08035700000001], [-72.54206100000002, 42.08241199999999], [-72.543719, 42.08356499999999], [-72.54444, 42.083704999999995], [-72.545104, 42.082364999999996], [-72.54745, 42.08213799999999], [-72.547879, 42.08433200000001], [-72.550835, 42.08487600000001], [-72.552363, 42.087245], [-72.544286, 42.088811], [-72.550409, 42.093149000000004], [-72.552669, 42.09359199999999], [-72.558073, 42.095316999999994], [-72.561238, 42.09651000000001], [-72.56324, 42.096692], [-72.563617, 42.09711399999998], [-72.564247, 42.098984], [-72.564819, 42.099650999999994], [-72.571093, 42.10391800000001], [-72.571884, 42.103261], [-72.57165000000002, 42.10225499999999], [-72.571213, 42.101566], [-72.57334, 42.10007], [-72.574934, 42.09962500000001], [-72.57568100000002, 42.099754000000004], [-72.57849400000002, 42.099501], [-72.580235, 42.100522], [-72.576814, 42.1033], [-72.576576, 42.103570000000005], [-72.57693, 42.10411], [-72.577789, 42.103663], [-72.578623, 42.104109], [-72.581613, 42.10149299999999], [-72.582395, 42.10199899999999], [-72.584027, 42.10225199999999]]]}}, {"type": "Feature", "properties": {"district_name": "12th Hampden District", "chamber": "house", "vintage": "2022-present", "lean_dem_share": 0.5926, "competitiveness": "Likely", "competitiveness_label": "Likely D", "party_favored": "Democratic", "url": "/district/house-12th-hampden-district-2022-present/"}, "geometry": {"type": "Polygon", "coordinates": [[[-72.546415, 42.105727], [-72.543823, 42.10581199999999], [-72.542531, 42.10789400000001], [-72.533931, 42.107693999999995], [-72.532316, 42.105194999999995], [-72.531191, 42.10427000000001], [-72.529258, 42.10355700000001], [-72.52669, 42.103322], [-72.525518, 42.10367500000001], [-72.524446, 42.104318], [-72.523076, 42.10448199999997], [-72.522318, 42.10475000000001], [-72.521753, 42.104642999999996], [-72.521523, 42.103597000000015], [-72.510538, 42.104839], [-72.509423, 42.10521500000001], [-72.508626, 42.105733], [-72.508081, 42.106344999999976], [-72.50333300000001, 42.11340100000002], [-72.505674, 42.11394399999999], [-72.508658, 42.113907], [-72.50879, 42.11477900000002], [-72.508649, 42.117549000000004], [-72.504482, 42.117477], [-72.50489300000001, 42.12042900000001], [-72.498061, 42.121038], [-72.495712, 42.12926400000001], [-72.495818, 42.13560199999999], [-72.496685, 42.135540999999996], [-72.497261, 42.135234], [-72.497838, 42.134612000000004], [-72.498768, 42.134502], [-72.499893, 42.13346800000001], [-72.501693, 42.133359], [-72.502121, 42.132976000000006], [-72.504098, 42.13268200000002], [-72.505382, 42.13211099999999], [-72.507182, 42.132001], [-72.507928, 42.132103000000015], [-72.508165, 42.13260700000001], [-72.508042, 42.13269400000003], [-72.503861, 42.13309300000001], [-72.504808, 42.13573199999999], [-72.505522, 42.13862000000001], [-72.505136, 42.138777], [-72.505295, 42.13928800000001], [-72.505034, 42.139684], [-72.503759, 42.14004099999998], [-72.495837, 42.14130599999999], [-72.493299, 42.149201000000005], [-72.49168, 42.15276400000001], [-72.490306, 42.153605999999996], [-72.487998, 42.15146300000001], [-72.488061, 42.151191000000004], [-72.48494, 42.15156100000001], [-72.485247, 42.153082999999995], [-72.48392, 42.153229000000024], [-72.484595, 42.156524000000005], [-72.478764, 42.153513000000004], [-72.477674, 42.15342900000002], [-72.475278, 42.153936], [-72.47435, 42.15388500000002], [-72.472995, 42.153664], [-72.469613, 42.152662], [-72.464627, 42.152823], [-72.46360800000001, 42.15305300000001], [-72.460978, 42.154098], [-72.458505, 42.154691000000014], [-72.454576, 42.155079], [-72.452825, 42.154864999999994], [-72.450689, 42.153698000000006], [-72.449643, 42.15338299999999], [-72.446588, 42.153562], [-72.44457, 42.154124], [-72.442811, 42.155254], [-72.441457, 42.15577699999999], [-72.437036, 42.156529], [-72.43526, 42.156406], [-72.43259, 42.155525], [-72.431374, 42.15539900000001], [-72.430677, 42.155524], [-72.429667, 42.156153999999994], [-72.428539, 42.15656299999999], [-72.421331, 42.157223999999985], [-72.420157, 42.15720500000001], [-72.419368, 42.15697000000002], [-72.418651, 42.156434999999995], [-72.417666, 42.154910000000015], [-72.413798, 42.153104], [-72.412236, 42.153033], [-72.409533, 42.15380100000001], [-72.409115, 42.15422], [-72.409036, 42.154820000000015], [-72.40953, 42.157374999999995], [-72.410584, 42.16053299999997], [-72.410615, 42.161086999999995], [-72.410258, 42.162614000000005], [-72.410943, 42.164841000000024], [-72.412004, 42.166911999999996], [-72.412032, 42.167287], [-72.411082, 42.168654999999994], [-72.411188, 42.17065899999999], [-72.41017, 42.17318100000001], [-72.410122, 42.17381200000001], [-72.41031400000001, 42.174205], [-72.41059, 42.174366], [-72.412127, 42.174727000000004], [-72.412349, 42.174944], [-72.412312, 42.17555799999999], [-72.411219, 42.176539999999996], [-72.41013, 42.177099000000005], [-72.410018, 42.17727], [-72.410083, 42.177793], [-72.409605, 42.17774300000001], [-72.407076, 42.17841999999999], [-72.403811, 42.17987200000002], [-72.40104, 42.181497], [-72.39777, 42.182576999999995], [-72.396855, 42.18317200000001], [-72.39525, 42.184816], [-72.389044, 42.152416], [-72.386181, 42.15227899999999], [-72.383533, 42.152483000000004], [-72.382149, 42.15235099999998], [-72.378777, 42.152672999999986], [-72.373859, 42.153489000000015], [-72.37296, 42.15389900000002], [-72.372109, 42.154056999999995], [-72.37097, 42.154078999999996], [-72.370135, 42.15374099999999], [-72.369127, 42.15384000000002], [-72.367467, 42.154326000000005], [-72.366318, 42.154332999999994], [-72.365533, 42.154645999999985], [-72.364949, 42.155529], [-72.36069, 42.158643000000005], [-72.358946, 42.158778999999996], [-72.357876, 42.159054000000005], [-72.356739, 42.159658000000015], [-72.35528, 42.16074900000001], [-72.354785, 42.160922999999976], [-72.352328, 42.160726999999994], [-72.350396, 42.160992], [-72.348908, 42.16044800000001], [-72.348421, 42.16084700000001], [-72.3477, 42.16082099999999], [-72.346305, 42.161713], [-72.345326, 42.161331], [-72.345121, 42.160847000000004], [-72.345227, 42.160347], [-72.344828, 42.160075], [-72.34402400000002, 42.16042], [-72.343334, 42.16114400000001], [-72.342737, 42.161222], [-72.342094, 42.160664], [-72.341785, 42.15952600000001], [-72.341289, 42.15900100000001], [-72.340491, 42.159015], [-72.34003800000002, 42.15926600000002], [-72.338691, 42.159404000000016], [-72.335807, 42.15909200000001], [-72.33497500000001, 42.158628], [-72.334348, 42.15788800000001], [-72.333838, 42.157732], [-72.33367700000001, 42.15722199999999], [-72.332872, 42.156761], [-72.332479, 42.15628999999998], [-72.330657, 42.152475], [-72.330296, 42.152004], [-72.32894, 42.15157399999999], [-72.325892, 42.151376000000006], [-72.324545, 42.149608], [-72.323673, 42.149313], [-72.322707, 42.14969099999999], [-72.322094, 42.14948400000001], [-72.321721, 42.149199], [-72.321344, 42.148588], [-72.320811, 42.147219], [-72.31962, 42.146874], [-72.318883, 42.14635499999999], [-72.318625, 42.146317999999994], [-72.318232, 42.14654499999998], [-72.317345, 42.147715000000005], [-72.316823, 42.148143], [-72.316166, 42.14822200000002], [-72.31569800000001, 42.147944], [-72.314059, 42.14605], [-72.314456, 42.14489600000001], [-72.31439800000001, 42.144366000000005], [-72.313757, 42.14396], [-72.313215, 42.14302800000001], [-72.311595, 42.141703], [-72.30856, 42.141418], [-72.303048, 42.14245499999999], [-72.302022, 42.141084], [-72.301158, 42.140264], [-72.300441, 42.139098], [-72.300178, 42.13821300000002], [-72.299367, 42.13654400000001], [-72.298008, 42.13482199999999], [-72.297226, 42.13305300000001], [-72.29688, 42.131806999999995], [-72.296013, 42.12626299999999], [-72.295346, 42.12491900000001], [-72.294304, 42.120373], [-72.296, 42.120481999999996], [-72.297429, 42.120763], [-72.299464, 42.120731], [-72.301382, 42.121058999999995], [-72.30317100000002, 42.12066600000001], [-72.305373, 42.12080000000001], [-72.30614, 42.120987000000014], [-72.307427, 42.121652000000005], [-72.306809, 42.12542299999998], [-72.30835, 42.12289500000001], [-72.312072, 42.118154999999994], [-72.313245, 42.116105], [-72.315236, 42.111585000000005], [-72.315725, 42.109615000000005], [-72.317206, 42.10727700000001], [-72.317987, 42.104661000000014], [-72.318641, 42.103145], [-72.318577, 42.10217], [-72.31942, 42.10306300000001], [-72.320365, 42.10441900000001], [-72.322462, 42.10643000000002], [-72.32882300000001, 42.109838999999994], [-72.329776, 42.10983999999999], [-72.33263100000002, 42.109286999999995], [-72.335275, 42.108095000000006], [-72.33670900000001, 42.107665000000004], [-72.340175, 42.10734200000002], [-72.34545300000002, 42.107932], [-72.34784200000001, 42.107496], [-72.349322, 42.107522000000024], [-72.350405, 42.10784399999999], [-72.352472, 42.109035000000006], [-72.353469, 42.109274], [-72.354529, 42.109223], [-72.355873, 42.10879699999999], [-72.357665, 42.10776200000001], [-72.358727, 42.10652800000001], [-72.35897300000002, 42.105655], [-72.358757, 42.10361699999999], [-72.358888, 42.102854999999984], [-72.359264, 42.10217699999999], [-72.360516, 42.100839999999984], [-72.362195, 42.098634000000004], [-72.36317, 42.09788], [-72.364474, 42.09716100000001], [-72.367087, 42.09640300000001], [-72.368097, 42.095867], [-72.368815, 42.09484400000001], [-72.369157, 42.09213700000001], [-72.37039, 42.090624999999996], [-72.374288, 42.088035], [-72.376613, 42.08709600000001], [-72.379439, 42.103134], [-72.414539, 42.099221999999976], [-72.418173, 42.090491], [-72.469939, 42.084764], [-72.469248, 42.08178399999999], [-72.469815, 42.08204400000002], [-72.470332, 42.081939999999996], [-72.469615, 42.076914], [-72.474105, 42.078468], [-72.476316, 42.07958299999999], [-72.477751, 42.080351], [-72.481964, 42.083269999999985], [-72.483158, 42.08094100000002], [-72.486797, 42.079861000000015], [-72.488968, 42.07839399999999], [-72.491774, 42.076801], [-72.495719, 42.075407999999996], [-72.498663, 42.072895], [-72.499421, 42.072671], [-72.501231, 42.07250200000001], [-72.501333, 42.073315000000015], [-72.501032, 42.073858], [-72.501077, 42.075191000000004], [-72.501761, 42.075697000000005], [-72.50379, 42.07598000000001], [-72.505367, 42.07532499999999], [-72.506555, 42.073891999999994], [-72.509967, 42.074137], [-72.510108, 42.071476000000004], [-72.510857, 42.069655000000004], [-72.511535, 42.069781000000006], [-72.512442, 42.069477000000006], [-72.515409, 42.068931], [-72.516519, 42.07041000000001], [-72.519972, 42.07381199999999], [-72.522384, 42.077051], [-72.522987, 42.07746699999999], [-72.524261, 42.07786200000001], [-72.53094, 42.079178000000006], [-72.533806, 42.07990500000001], [-72.537215, 42.080333], [-72.53955300000001, 42.08120799999999], [-72.528275, 42.08258200000001], [-72.529224, 42.08668900000002], [-72.529409, 42.08846200000001], [-72.528273, 42.08844499999998], [-72.528548, 42.09011699999999], [-72.528978, 42.09072200000001], [-72.528996, 42.09111800000001], [-72.531126, 42.091146], [-72.531191, 42.091388999999985], [-72.542074, 42.08924800000001], [-72.542449, 42.09195600000001], [-72.545452, 42.092228000000006], [-72.544664, 42.09311300000002], [-72.54304, 42.094208000000016], [-72.54201600000002, 42.094842999999976], [-72.540824, 42.095326], [-72.541366, 42.099134], [-72.540019, 42.09961], [-72.538178, 42.099771999999994], [-72.538152, 42.10065599999998], [-72.537297, 42.102744], [-72.537344, 42.10346399999999], [-72.538149, 42.10444900000002], [-72.53939, 42.105028000000004], [-72.540206, 42.10513100000001], [-72.54236400000002, 42.10491700000001], [-72.544265, 42.105005], [-72.545434, 42.104890000000005], [-72.546119, 42.10514299999999], [-72.546415, 42.105727]]]}}, {"type": "Feature", "properties": {"district_name": "1st Hampshire District", "chamber": "house", "vintage": "2022-present", "lean_dem_share": 0.8307, "competitiveness": "Safe", "competitiveness_label": "Safe D", "party_favored": "Democratic", "url": "/district/house-1st-hampshire-district-2022-present/"}, "geometry": {"type": "Polygon", "coordinates": [[[-73.009085, 42.38773400000001], [-72.994495, 42.44206899999999], [-72.988126, 42.46694699999999], [-72.986473, 42.46670600000001], [-72.979314, 42.49773900000001], [-72.968583, 42.54001199999999], [-72.979036, 42.541617], [-72.975409, 42.55603700000002], [-72.876849, 42.541197000000004], [-72.876658, 42.531732999999996], [-72.875461, 42.52589700000001], [-72.87032, 42.52515], [-72.875155, 42.507249], [-72.871136, 42.484041], [-72.855788, 42.48095000000001], [-72.831566, 42.47637600000001], [-72.831494, 42.476998], [-72.773329, 42.46678199999999], [-72.773601, 42.465540000000004], [-72.763792, 42.46366499999999], [-72.7643, 42.460156000000005], [-72.758287, 42.46092599999997], [-72.759111, 42.45649399999999], [-72.765114, 42.455884], [-72.765937, 42.45168099999998], [-72.75711, 42.45241300000001], [-72.757758, 42.445883], [-72.700877, 42.45291999999999], [-72.704392, 42.40554999999998], [-72.629085, 42.414311000000005], [-72.629147, 42.414871999999995], [-72.622315, 42.41510799999999], [-72.585585, 42.42314399999999], [-72.58114300000001, 42.422581000000015], [-72.577916, 42.41392799999999], [-72.576458, 42.411525], [-72.5756, 42.409265999999995], [-72.575054, 42.40729600000001], [-72.574767, 42.40509200000002], [-72.575313, 42.400808], [-72.575644, 42.39990999999998], [-72.576673, 42.39853599999999], [-72.577979, 42.39772099999999], [-72.578967, 42.39738599999999], [-72.580693, 42.397305], [-72.581412, 42.397490000000005], [-72.583315, 42.398538], [-72.584712, 42.399], [-72.587656, 42.399029999999996], [-72.588887, 42.39867200000002], [-72.589947, 42.397403999999995], [-72.590331, 42.396567000000005], [-72.590197, 42.39576099999999], [-72.586991, 42.39158699999998], [-72.586176, 42.38984799999999], [-72.586389, 42.38889999999999], [-72.587656, 42.387147000000006], [-72.589579, 42.38259800000003], [-72.591402, 42.376923999999995], [-72.591766, 42.374848], [-72.591693, 42.372888], [-72.59121, 42.370654000000016], [-72.590335, 42.368522999999996], [-72.588285, 42.364434], [-72.587453, 42.361172], [-72.58753, 42.358608], [-72.588151, 42.35657299999998], [-72.58922, 42.354448], [-72.590851, 42.352782], [-72.592245, 42.351827000000014], [-72.594495, 42.350847000000016], [-72.599326, 42.34988699999999], [-72.603285, 42.349515000000004], [-72.605903, 42.34951300000001], [-72.61547, 42.350309], [-72.625972, 42.351687], [-72.628242, 42.35174600000001], [-72.63334, 42.351251], [-72.635128, 42.350775], [-72.637164, 42.34953800000001], [-72.638294, 42.348288000000004], [-72.63891, 42.34703100000001], [-72.639089, 42.34633999999999], [-72.639076, 42.345157], [-72.63887, 42.344723], [-72.638016, 42.344189000000014], [-72.633691, 42.344483000000004], [-72.624558, 42.34334200000001], [-72.622516, 42.342759], [-72.620793, 42.341854000000005], [-72.620137, 42.34130799999999], [-72.61903, 42.33892900000001], [-72.61871000000001, 42.337476], [-72.618318, 42.33692], [-72.61711, 42.336060999999994], [-72.612283, 42.333339999999986], [-72.608226, 42.331449], [-72.603414, 42.32967899999999], [-72.597972, 42.328806], [-72.592946, 42.32776500000001], [-72.58746, 42.32712099999999], [-72.58633, 42.326533000000026], [-72.585786, 42.32603199999999], [-72.58438, 42.323941999999995], [-72.584108, 42.321789], [-72.584238, 42.321365], [-72.585311, 42.319855], [-72.586607, 42.31873499999999], [-72.588321, 42.317947000000004], [-72.592722, 42.317030999999986], [-72.593391, 42.31677500000001], [-72.593694, 42.31648299999999], [-72.595111, 42.314488], [-72.597169, 42.31059200000001], [-72.599228, 42.307849000000004], [-72.61129, 42.295806000000006], [-72.613704, 42.292395000000006], [-72.614701, 42.29019900000001], [-72.619303, 42.290067], [-72.621085, 42.28962], [-72.622198, 42.289012], [-72.624521, 42.28814800000001], [-72.627382, 42.286492], [-72.627927, 42.28592299999999], [-72.629022, 42.28526699999998], [-72.630232, 42.28492899999999], [-72.633669, 42.285122], [-72.634849, 42.28538800000001], [-72.636196, 42.286113], [-72.637441, 42.287406], [-72.640677, 42.284137000000015], [-72.64208, 42.288174000000005], [-72.643832, 42.28851900000001], [-72.646138, 42.290468], [-72.648766, 42.291824000000005], [-72.660468, 42.288695999999995], [-72.660216, 42.28925399999998], [-72.672035, 42.290192999999995], [-72.672169, 42.290962000000015], [-72.672091, 42.29188700000002], [-72.736726, 42.284241], [-72.735758, 42.266518], [-72.81440500000001, 42.25681900000002], [-72.821122, 42.33862999999999], [-72.822012, 42.33936199999999], [-72.823175, 42.339102999999994], [-72.823956, 42.339428], [-72.824724, 42.340447000000005], [-72.826184, 42.341149000000016], [-72.825838, 42.34194000000001], [-72.826115, 42.34225000000001], [-72.826703, 42.342439999999996], [-72.827246, 42.342506], [-72.828722, 42.34223600000001], [-72.830911, 42.342278], [-72.833483, 42.341748], [-72.835737, 42.34325400000001], [-72.837686, 42.34275399999998], [-72.839222, 42.34294500000001], [-72.839842, 42.34336299999999], [-72.840032, 42.34464199999999], [-72.840376, 42.345076999999996], [-72.843723, 42.344653], [-72.844985, 42.34340799999999], [-72.846128, 42.34072199999999], [-72.846437, 42.340467000000004], [-72.846673, 42.340597], [-72.847088, 42.341845000000006], [-72.847496, 42.342311], [-72.84884600000001, 42.34251800000001], [-72.852001, 42.34217600000001], [-72.85364, 42.342535], [-72.854244, 42.343405000000004], [-72.885635, 42.340035999999984], [-72.885208, 42.332612000000005], [-72.894788, 42.33149099999999], [-72.895638, 42.340701999999986], [-72.953272, 42.343830000000004], [-72.953377, 42.34474199999999], [-72.953944, 42.34591199999999], [-72.95481, 42.346427999999996], [-72.956741, 42.34712700000001], [-72.957521, 42.347629], [-72.960131, 42.35039900000001], [-72.961821, 42.35274399999999], [-72.963076, 42.353498], [-72.963434, 42.35456299999999], [-72.963534, 42.356469000000004], [-72.963858, 42.35766399999999], [-72.965952, 42.361485], [-72.966828, 42.36254400000001], [-72.96686000000001, 42.362705], [-72.965974, 42.36367], [-72.965999, 42.36403799999999], [-72.96733, 42.36453300000001], [-72.968632, 42.36469900000001], [-72.968904, 42.364888], [-72.968968, 42.365344], [-72.968575, 42.36593699999999], [-72.96629, 42.367856], [-72.966049, 42.36830999999997], [-72.966012, 42.369034], [-72.965089, 42.369709000000014], [-72.96498, 42.370380000000004], [-72.965394, 42.370887], [-72.966937, 42.37189099999999], [-72.96724500000002, 42.372582], [-72.967521, 42.37279800000001], [-72.968504, 42.372898999999975], [-72.969615, 42.373588], [-72.969822, 42.373802], [-72.970074, 42.37476800000001], [-72.970894, 42.375516000000005], [-72.971644, 42.375913], [-72.973168, 42.37631599999999], [-72.973839, 42.376871], [-72.974069, 42.377384000000006], [-72.97435, 42.379234999999994], [-72.975094, 42.38049599999997], [-72.975762, 42.38356300000001], [-72.97777000000002, 42.38498600000001], [-72.977916, 42.385246], [-72.97733800000002, 42.38676500000001], [-72.977248, 42.38805299999999], [-72.976832, 42.38942699999999], [-72.976501, 42.391449000000016], [-73.009085, 42.38773400000001]]]}}, {"type": "Feature", "properties": {"district_name": "33rd Middlesex District", "chamber": "house", "vintage": "2022-present", "lean_dem_share": 0.7503, "competitiveness": "Safe", "competitiveness_label": "Safe D", "party_favored": "Democratic", "url": "/district/house-33rd-middlesex-district-2022-present/"}, "geometry": {"type": "Polygon", "coordinates": [[[-71.08943, 42.426724], [-71.089062, 42.42911500000001], [-71.088031, 42.42902600000001], [-71.08725, 42.43413900000002], [-71.085859, 42.43275100000002], [-71.082271, 42.43301600000001], [-71.081872, 42.431968999999995], [-71.08177, 42.43122799999998], [-71.078059, 42.431472], [-71.074826, 42.431958], [-71.072307, 42.432058], [-71.072276, 42.43308900000001], [-71.071944, 42.433787], [-71.071995, 42.43536199999999], [-71.072576, 42.435824], [-71.072848, 42.435846], [-71.072819, 42.43668499999999], [-71.071412, 42.436430999999985], [-71.071232, 42.43684100000001], [-71.071085, 42.4378], [-71.071619, 42.44000000000001], [-71.06765700000001, 42.44041099999999], [-71.067198, 42.439564999999995], [-71.06708, 42.438812999999996], [-71.067191, 42.437380999999995], [-71.067633, 42.43657], [-71.067772, 42.43484], [-71.066521, 42.434872], [-71.064997, 42.43528799999999], [-71.06449200000002, 42.43516], [-71.064334, 42.435036], [-71.06414200000002, 42.43311], [-71.063563, 42.432304], [-71.062856, 42.43223799999999], [-71.060467, 42.432715], [-71.060935, 42.43416899999998], [-71.059817, 42.434177], [-71.057789, 42.43469300000002], [-71.054247, 42.43502000000001], [-71.054017, 42.43445599999999], [-71.053108, 42.43383999999998], [-71.053125, 42.433541], [-71.051189, 42.43334199999998], [-71.050817, 42.43333200000001], [-71.04893, 42.434175999999994], [-71.050334, 42.436284], [-71.050377, 42.43665800000001], [-71.04971500000002, 42.439432], [-71.048175, 42.439452], [-71.048987, 42.440311], [-71.049197, 42.441696000000015], [-71.050272, 42.4422], [-71.025836, 42.44470900000001], [-71.020377, 42.43824999999998], [-71.02822700000002, 42.424202], [-71.050472, 42.42288700000001], [-71.05283300000002, 42.42116300000001], [-71.055546, 42.42312800000001], [-71.053391, 42.424772], [-71.055064, 42.42603600000001], [-71.05646, 42.428363000000004], [-71.059451, 42.42703300000001], [-71.060009, 42.42790699999997], [-71.063295, 42.426170000000006], [-71.066172, 42.425261], [-71.072803, 42.425543999999974], [-71.074519, 42.42597799999998], [-71.076241, 42.421700999999985], [-71.076701, 42.42013399999998], [-71.076801, 42.413196], [-71.077132, 42.41328500000001], [-71.07931, 42.414938], [-71.07991, 42.415166000000006], [-71.081724, 42.41515700000001], [-71.08349, 42.41600700000001], [-71.08588, 42.417913], [-71.08943, 42.426724]]]}}, {"type": "Feature", "properties": {"district_name": "34th Middlesex District", "chamber": "house", "vintage": "2022-present", "lean_dem_share": 0.8401, "competitiveness": "Safe", "competitiveness_label": "Safe D", "party_favored": "Democratic", "url": "/district/house-34th-middlesex-district-2022-present/"}, "geometry": {"type": "Polygon", "coordinates": [[[-71.134623, 42.404376000000006], [-71.134595, 42.405445000000014], [-71.134286, 42.406403999999995], [-71.132569, 42.40869599999999], [-71.132223, 42.40952300000001], [-71.132247, 42.41017800000001], [-71.132887, 42.41197299999998], [-71.132859, 42.412456999999996], [-71.132435, 42.415215999999994], [-71.131872, 42.415291], [-71.131614, 42.41551100000001], [-71.13155800000001, 42.416839], [-71.129986, 42.41756599999999], [-71.126853, 42.41815600000001], [-71.125809, 42.417999], [-71.126121, 42.417647], [-71.125289, 42.417565], [-71.123937, 42.41705799999997], [-71.121285, 42.417574], [-71.12046200000002, 42.41749300000002], [-71.11826, 42.41685400000001], [-71.117767, 42.417521], [-71.115467, 42.417528000000004], [-71.112483, 42.41690700000001], [-71.112979, 42.415952999999995], [-71.110588, 42.41553], [-71.110482, 42.417159000000005], [-71.110009, 42.417762], [-71.108118, 42.41684200000001], [-71.10652, 42.41562], [-71.105441, 42.415018], [-71.104024, 42.414904000000014], [-71.1041, 42.416355], [-71.098462, 42.41356999999999], [-71.092838, 42.411169], [-71.092024, 42.411024], [-71.084974, 42.411069000000005], [-71.084799, 42.41100099999999], [-71.084571, 42.410176000000014], [-71.083861, 42.408868999999996], [-71.082142, 42.406667000000006], [-71.081473, 42.405077999999996], [-71.081649, 42.404666], [-71.079428, 42.404305000000015], [-71.079756, 42.403262999999995], [-71.08208400000001, 42.403486], [-71.08532900000002, 42.39481899999999], [-71.085748, 42.39288299999997], [-71.086509, 42.393587000000004], [-71.090003, 42.391052], [-71.090346, 42.39061299999999], [-71.090778, 42.390838], [-71.092782, 42.38818700000001], [-71.093175, 42.38736099999998], [-71.096284, 42.388304], [-71.097146, 42.38912100000001], [-71.097398, 42.38876700000001], [-71.100302, 42.390099], [-71.100021, 42.390490999999976], [-71.100823, 42.390826], [-71.099087, 42.393123], [-71.099884, 42.39347599999999], [-71.098647, 42.395272000000006], [-71.097649, 42.39472799999999], [-71.097596, 42.39484300000002], [-71.098255, 42.395887], [-71.099608, 42.39712099999998], [-71.100489, 42.396253999999985], [-71.112374, 42.400226], [-71.113868, 42.400985000000006], [-71.114916, 42.40216699999999], [-71.116393, 42.401217], [-71.116909, 42.401303], [-71.117199, 42.404015], [-71.118342, 42.404225], [-71.119367, 42.40374600000001], [-71.12144, 42.404567000000014], [-71.120808, 42.40540299999999], [-71.12242, 42.406029], [-71.123482, 42.40446], [-71.121716, 42.403636999999996], [-71.12068100000002, 42.402855], [-71.12175, 42.40132899999998], [-71.122225, 42.401458000000005], [-71.124567, 42.39903400000001], [-71.124159, 42.398518], [-71.126012, 42.39706400000001], [-71.12736100000001, 42.39709599999998], [-71.13130000000001, 42.401579999999996], [-71.134623, 42.404376000000006]]]}}, {"type": "Feature", "properties": {"district_name": "35th Middlesex District", "chamber": "house", "vintage": "2022-present", "lean_dem_share": 0.755, "competitiveness": "Safe", "competitiveness_label": "Safe D", "party_favored": "Democratic", "url": "/district/house-35th-middlesex-district-2022-present/"}, "geometry": {"type": "Polygon", "coordinates": [[[-71.126808, 42.43549199999999], [-71.126346, 42.436437], [-71.12613, 42.43836000000001], [-71.125736, 42.438893], [-71.125154, 42.43923299999999], [-71.121976, 42.43978599999999], [-71.124153, 42.444115999999994], [-71.121346, 42.448670000000014], [-71.119402, 42.453445], [-71.104867, 42.448879], [-71.082116, 42.44394], [-71.082919, 42.438840000000006], [-71.071619, 42.44000000000001], [-71.071085, 42.4378], [-71.071232, 42.43684100000001], [-71.071412, 42.436430999999985], [-71.072819, 42.43668499999999], [-71.072848, 42.435846], [-71.072576, 42.435824], [-71.071995, 42.43536199999999], [-71.071944, 42.433787], [-71.072276, 42.43308900000001], [-71.072307, 42.432058], [-71.074826, 42.431958], [-71.078059, 42.431472], [-71.08177, 42.43122799999998], [-71.081872, 42.431968999999995], [-71.082271, 42.43301600000001], [-71.085859, 42.43275100000002], [-71.08725, 42.43413900000002], [-71.088031, 42.42902600000001], [-71.089062, 42.42911500000001], [-71.089446, 42.42662299999999], [-71.08588, 42.417913], [-71.08349, 42.41600700000001], [-71.081724, 42.41515700000001], [-71.07991, 42.415166000000006], [-71.07931, 42.414938], [-71.077132, 42.41328500000001], [-71.076801, 42.413196], [-71.076701, 42.42013399999998], [-71.076241, 42.421700999999985], [-71.074519, 42.42597799999998], [-71.072803, 42.425543999999974], [-71.066172, 42.425261], [-71.063295, 42.426170000000006], [-71.060009, 42.42790699999997], [-71.059451, 42.42703300000001], [-71.05646, 42.428363000000004], [-71.055064, 42.42603600000001], [-71.053391, 42.424772], [-71.055546, 42.42312800000001], [-71.05283300000002, 42.42116300000001], [-71.054383, 42.420027], [-71.054735, 42.42003799999999], [-71.05685, 42.41867100000002], [-71.060144, 42.41617399999999], [-71.061584, 42.41561000000001], [-71.064559, 42.41533399999999], [-71.064507, 42.41524099999999], [-71.073296, 42.41479600000002], [-71.073196, 42.41299599999999], [-71.072111, 42.412081000000015], [-71.071907, 42.41167200000001], [-71.071873, 42.411099000000014], [-71.072161, 42.41036299999999], [-71.073624, 42.40930300000001], [-71.073801, 42.409056], [-71.073744, 42.40867900000001], [-71.073659, 42.40851899999999], [-71.072692, 42.408237], [-71.071297, 42.40692200000001], [-71.073448, 42.402665000000006], [-71.075988, 42.399706000000016], [-71.076419, 42.39777299999999], [-71.075996, 42.39639600000001], [-71.077152, 42.39677799999999], [-71.083423, 42.40001299999999], [-71.08208400000001, 42.403486], [-71.079756, 42.403262999999995], [-71.079428, 42.404305000000015], [-71.081649, 42.404666], [-71.081473, 42.405077999999996], [-71.082142, 42.406667000000006], [-71.084129, 42.409293999999996], [-71.084799, 42.41100099999999], [-71.092024, 42.411024], [-71.092838, 42.411169], [-71.098462, 42.41356999999999], [-71.1041, 42.416355], [-71.104024, 42.414904000000014], [-71.105441, 42.415018], [-71.10652, 42.41562], [-71.108118, 42.41684200000001], [-71.110089, 42.41779399999999], [-71.109703, 42.418222000000014], [-71.112596, 42.418935000000005], [-71.115093, 42.420228], [-71.114555, 42.42096800000001], [-71.114661, 42.42116199999999], [-71.114969, 42.421262000000006], [-71.115458, 42.421878], [-71.116747, 42.42282399999999], [-71.117411, 42.424078000000016], [-71.11812, 42.424034999999996], [-71.118308, 42.424771000000014], [-71.117415, 42.42491100000001], [-71.117766, 42.426259], [-71.118705, 42.42616300000001], [-71.119047, 42.42715199999999], [-71.119555, 42.427564], [-71.120583, 42.427408], [-71.120426, 42.42671600000001], [-71.121262, 42.42648500000001], [-71.122905, 42.425352], [-71.126508, 42.427794000000006], [-71.125991, 42.42835199999998], [-71.125816, 42.428844], [-71.126808, 42.43549199999999]]]}}, {"type": "Feature", "properties": {"district_name": "36th Middlesex District", "chamber": "house", "vintage": "2022-present", "lean_dem_share": 0.4953, "competitiveness": "Tossup", "competitiveness_label": "Tossup R", "party_favored": "Republican", "url": "/district/house-36th-middlesex-district-2022-present/"}, "geometry": {"type": "Polygon", "coordinates": [[[-71.498593, 42.63879200000001], [-71.497478, 42.641667], [-71.496484, 42.649802], [-71.49246, 42.649101999999985], [-71.489029, 42.64919700000001], [-71.482511, 42.65102999999999], [-71.479484, 42.658794000000015], [-71.474784, 42.649888999999995], [-71.457188, 42.65836899999999], [-71.458683, 42.65975499999999], [-71.45493, 42.660105], [-71.455438, 42.661211], [-71.449754, 42.661827], [-71.44695600000001, 42.663167999999985], [-71.447835, 42.666609999999984], [-71.448618, 42.667735000000015], [-71.451527, 42.66975800000001], [-71.451694, 42.669372], [-71.45236900000002, 42.66938600000001], [-71.452343, 42.669743], [-71.446418, 42.67041000000002], [-71.447285, 42.677496], [-71.44803, 42.68091300000001], [-71.450282, 42.685295999999994], [-71.45146600000001, 42.68536], [-71.452088, 42.68715399999999], [-71.456121, 42.68635200000001], [-71.457027, 42.690656999999995], [-71.458139, 42.69104100000002], [-71.459532, 42.69042100000001], [-71.461033, 42.69196899999998], [-71.456336, 42.695848999999995], [-71.457691, 42.70052499999997], [-71.390474, 42.69903499999999], [-71.351635, 42.697901000000016], [-71.321814, 42.697306999999995], [-71.317065, 42.697389000000015], [-71.294637, 42.69704200000002], [-71.289324, 42.70217000000001], [-71.278949, 42.71135000000003], [-71.275441, 42.715787000000006], [-71.267873, 42.726026], [-71.255147, 42.73655399999999], [-71.238179, 42.669418999999984], [-71.240397, 42.66673], [-71.241186, 42.66416100000001], [-71.241754, 42.663079999999994], [-71.24249, 42.662345999999985], [-71.243523, 42.661767000000005], [-71.24618, 42.661067999999986], [-71.249479, 42.66110100000001], [-71.250763, 42.66078200000001], [-71.252879, 42.659544000000004], [-71.254966, 42.657775], [-71.256733, 42.657001], [-71.258482, 42.65692299999999], [-71.261963, 42.657483], [-71.26434700000001, 42.657667], [-71.272607, 42.656664], [-71.275154, 42.656216], [-71.277749, 42.65534], [-71.280406, 42.65412], [-71.28686, 42.648867999999986], [-71.299569, 42.66651499999999], [-71.357523, 42.654454000000044], [-71.368882, 42.661753000000004], [-71.378204, 42.660686999999996], [-71.382474, 42.652770999999994], [-71.38224, 42.651877], [-71.380531, 42.650859999999994], [-71.380247, 42.65035999999999], [-71.38027900000002, 42.650017000000005], [-71.38092, 42.649007999999995], [-71.382483, 42.64938699999997], [-71.38522, 42.649599], [-71.392488, 42.648476], [-71.394341, 42.648474], [-71.396968, 42.649637], [-71.398173, 42.65101899999998], [-71.398995, 42.652467], [-71.40211, 42.651603], [-71.401094, 42.649182999999994], [-71.398312, 42.64550199999999], [-71.39889, 42.64494900000002], [-71.402782, 42.646770999999994], [-71.404028, 42.648405999999994], [-71.405309, 42.648138000000024], [-71.409764, 42.648785], [-71.411978, 42.64797400000001], [-71.412309, 42.64941000000001], [-71.417642, 42.653774], [-71.493528, 42.61740400000001], [-71.498593, 42.63879200000001]]]}}, {"type": "Feature", "properties": {"district_name": "37th Middlesex District", "chamber": "house", "vintage": "2022-present", "lean_dem_share": 0.6982, "competitiveness": "Safe", "competitiveness_label": "Safe D", "party_favored": "Democratic", "url": "/district/house-37th-middlesex-district-2022-present/"}, "geometry": {"type": "Polygon", "coordinates": [[[-71.678969, 42.530430000000024], [-71.677622, 42.539879000000006], [-71.664597, 42.61162], [-71.65793, 42.649944000000005], [-71.656412, 42.649723], [-71.652466, 42.645755], [-71.648988, 42.64423000000001], [-71.646949, 42.644152], [-71.64074, 42.63926599999999], [-71.630784, 42.635163000000006], [-71.621867, 42.631876], [-71.615525, 42.629273000000005], [-71.61418, 42.62849799999998], [-71.609874, 42.627845], [-71.609929, 42.62755400000001], [-71.608056, 42.62738000000001], [-71.607123, 42.630468], [-71.606576, 42.63079400000001], [-71.605621, 42.631025999999984], [-71.604828, 42.630818999999995], [-71.603562, 42.629864], [-71.601616, 42.626981], [-71.60091, 42.62625400000002], [-71.600309, 42.625972], [-71.599644, 42.625821], [-71.59846, 42.625851], [-71.59598800000002, 42.62633699999999], [-71.593623, 42.626247000000006], [-71.593127, 42.626509999999996], [-71.591601, 42.62570699999999], [-71.588848, 42.623363], [-71.58416500000001, 42.618680999999995], [-71.584188, 42.61739399999999], [-71.583466, 42.615545000000004], [-71.582733, 42.614285], [-71.580859, 42.612056], [-71.579486, 42.61076500000001], [-71.578002, 42.60965600000001], [-71.57339, 42.60686400000001], [-71.572612, 42.606013], [-71.572149, 42.60477399999999], [-71.568478, 42.605886000000005], [-71.567889, 42.60495900000001], [-71.56769900000002, 42.602779999999996], [-71.567106, 42.600982000000016], [-71.56627200000001, 42.59995500000001], [-71.564423, 42.59877399999999], [-71.563317, 42.59782500000003], [-71.561011, 42.597317], [-71.558561, 42.596239], [-71.556801, 42.59624199999999], [-71.554814, 42.596888], [-71.553634, 42.59684000000001], [-71.549465, 42.595191], [-71.54837700000002, 42.59417599999999], [-71.547588, 42.593864999999994], [-71.544952, 42.593938999999985], [-71.54222500000002, 42.594366000000015], [-71.541459, 42.59427900000002], [-71.540294, 42.59380099999998], [-71.539597, 42.593188], [-71.538398, 42.59053400000001], [-71.53719700000002, 42.589442000000005], [-71.53529, 42.58847900000001], [-71.533052, 42.58632999999999], [-71.531324, 42.58539299999999], [-71.528295, 42.58312500000001], [-71.526033, 42.581951999999994], [-71.52395, 42.581207000000006], [-71.520856, 42.57915800000002], [-71.516721, 42.57366900000001], [-71.513732, 42.571205], [-71.512437, 42.569921], [-71.511412, 42.56941599999999], [-71.516325, 42.566627000000004], [-71.520892, 42.56431099999999], [-71.523187, 42.559826], [-71.523796, 42.55964399999999], [-71.524447, 42.55966499999998], [-71.524622, 42.559112], [-71.524504, 42.558692000000015], [-71.525222, 42.558467], [-71.525257, 42.558259000000014], [-71.525543, 42.558149], [-71.525616, 42.557694], [-71.526181, 42.557734999999994], [-71.526231, 42.557531], [-71.526612, 42.557459999999985], [-71.526687, 42.557133999999984], [-71.527642, 42.55657], [-71.52788, 42.556226], [-71.5292, 42.55590699999999], [-71.529461, 42.55574599999999], [-71.529628, 42.55521300000001], [-71.531476, 42.55405699999999], [-71.532431, 42.553797], [-71.533318, 42.55290699999999], [-71.533031, 42.55272999999999], [-71.542323, 42.550333999999985], [-71.53878, 42.54303], [-71.531377, 42.520352], [-71.517807, 42.51561600000001], [-71.51482, 42.511523999999994], [-71.51144, 42.508857000000006], [-71.50908400000002, 42.51004300000001], [-71.50281, 42.506868999999995], [-71.500053, 42.509266000000004], [-71.473528, 42.50017700000001], [-71.473813, 42.49976399999999], [-71.464653, 42.494672], [-71.461877, 42.492773], [-71.463048, 42.491634000000005], [-71.462787, 42.49093200000001], [-71.46299, 42.49029799999999], [-71.462382, 42.48970300000001], [-71.462199, 42.489175000000024], [-71.462154, 42.48884399999999], [-71.462547, 42.488698999999976], [-71.46255200000002, 42.488557], [-71.462355, 42.48827099999999], [-71.46176, 42.487956], [-71.467674, 42.48163499999999], [-71.466613, 42.48159400000001], [-71.464055, 42.482509], [-71.463267, 42.482578000000004], [-71.46198900000002, 42.482318], [-71.459125, 42.48134800000001], [-71.456854, 42.481073999999985], [-71.452646, 42.480937999999995], [-71.450822, 42.48128], [-71.447381, 42.476521999999996], [-71.446026, 42.47496499999999], [-71.444757, 42.474281000000005], [-71.438524, 42.472549], [-71.42552, 42.47122699999999], [-71.420717, 42.470579], [-71.410917, 42.469958999999996], [-71.408455, 42.46955200000001], [-71.430389, 42.436937], [-71.498546, 42.463775], [-71.54339400000002, 42.46645199999998], [-71.54890300000001, 42.44730799999999], [-71.635791, 42.476891], [-71.635448, 42.477081999999996], [-71.634076, 42.47706299999999], [-71.633638, 42.477247000000006], [-71.633782, 42.478435], [-71.634832, 42.479775000000004], [-71.634791, 42.480112], [-71.634288, 42.48055000000001], [-71.633915, 42.48129399999999], [-71.634166, 42.48268699999999], [-71.634102, 42.482875000000014], [-71.633664, 42.48308600000001], [-71.632539, 42.48267800000001], [-71.632192, 42.48277799999998], [-71.632108, 42.482988000000006], [-71.63206, 42.48397800000001], [-71.632419, 42.484904000000014], [-71.632741, 42.48520400000001], [-71.633492, 42.48515900000001], [-71.634129, 42.485352], [-71.634151, 42.48580799999999], [-71.633567, 42.48623500000001], [-71.631908, 42.485413], [-71.63161000000001, 42.485423], [-71.631231, 42.48673800000002], [-71.630808, 42.48743999999999], [-71.62895, 42.48877800000001], [-71.628629, 42.490778000000006], [-71.627769, 42.492611999999994], [-71.627594, 42.493335], [-71.627978, 42.494513], [-71.62776, 42.495047000000014], [-71.626834, 42.495567000000015], [-71.62663, 42.49591199999999], [-71.625794, 42.499108], [-71.62588, 42.49949500000002], [-71.626405, 42.500094000000004], [-71.629674, 42.50152300000001], [-71.63095300000002, 42.50244300000001], [-71.631604, 42.502667000000024], [-71.633507, 42.50256500000001], [-71.633763, 42.502863999999995], [-71.633467, 42.50350800000001], [-71.634219, 42.504265999999994], [-71.632815, 42.506583], [-71.631326, 42.508333], [-71.631263, 42.508725999999996], [-71.631426, 42.50912899999999], [-71.631849, 42.50950099999998], [-71.631803, 42.50972599999999], [-71.630577, 42.509716], [-71.62982900000002, 42.51041900000001], [-71.629873, 42.511142], [-71.629711, 42.51127300000001], [-71.629201, 42.511100000000006], [-71.628683, 42.51056700000001], [-71.628427, 42.510512000000006], [-71.627964, 42.510707999999994], [-71.627813, 42.510923999999996], [-71.627994, 42.51151300000001], [-71.627336, 42.51259499999999], [-71.627421, 42.513008000000006], [-71.628633, 42.513412], [-71.629455, 42.513458], [-71.62974, 42.51365999999999], [-71.629751, 42.513956], [-71.629132, 42.51509499999998], [-71.629615, 42.515845000000006], [-71.630061, 42.515982], [-71.631124, 42.515871999999995], [-71.631798, 42.515979], [-71.632312, 42.51636200000001], [-71.632274, 42.51662599999999], [-71.631824, 42.51699300000002], [-71.630811, 42.51708], [-71.630138, 42.51756400000001], [-71.630022, 42.51782100000001], [-71.630214, 42.518919999999994], [-71.630646, 42.51908299999999], [-71.6319, 42.51911299999999], [-71.632914, 42.520116999999985], [-71.634087, 42.52211], [-71.635153, 42.52286500000001], [-71.636144, 42.523098000000005], [-71.635869, 42.52402399999999], [-71.678969, 42.530430000000024]]]}}, {"type": "Feature", "properties": {"district_name": "1st Norfolk District", "chamber": "house", "vintage": "2022-present", "lean_dem_share": 0.682, "competitiveness": "Safe", "competitiveness_label": "Safe D", "party_favored": "Democratic", "url": "/district/house-1st-norfolk-district-2022-present/"}, "geometry": {"type": "Polygon", "coordinates": [[[-71.093189, 42.21393600000002], [-71.053021, 42.229173], [-71.06109, 42.242383999999994], [-71.032078, 42.25834900000001], [-71.03138800000002, 42.25921200000001], [-71.041672, 42.26642699999999], [-71.04185, 42.267550000000014], [-71.041635, 42.26839], [-71.042782, 42.277102], [-71.041594, 42.27809799999999], [-71.04049400000001, 42.281898000000005], [-71.039293, 42.28379899999999], [-71.03789400000001, 42.284898], [-71.03529400000001, 42.288798], [-71.041294, 42.300097999999984], [-71.041694, 42.305298], [-71.028395, 42.30879899999999], [-71.022093, 42.305598], [-71.015393, 42.30669799999998], [-71.009991, 42.30518], [-71.002093, 42.308697999999985], [-70.998593, 42.31199800000001], [-70.988693, 42.31359800000001], [-70.981781, 42.308382], [-70.975992, 42.300097999999984], [-70.966375, 42.29973299999999], [-70.971735, 42.295696000000014], [-71.004391, 42.284908], [-71.0061, 42.284606], [-71.013328, 42.27844100000001], [-71.013581, 42.278555000000004], [-71.01689, 42.27592], [-71.01855, 42.273030000000006], [-71.01951, 42.27238800000001], [-71.02126, 42.27081], [-71.02396, 42.272439999999975], [-71.025226, 42.2711], [-71.020319, 42.26653600000001], [-71.02621, 42.26307], [-71.02608, 42.26294], [-71.02686, 42.262389999999996], [-71.02586, 42.26144000000001], [-71.02787, 42.260679999999994], [-71.02601, 42.258860000000006], [-71.028764, 42.258407], [-71.02898, 42.25783999999999], [-71.02789, 42.257340000000006], [-71.02618, 42.25547], [-71.02626, 42.25514999999999], [-71.02708, 42.25475999999997], [-71.02876, 42.25472000000001], [-71.0312, 42.255529999999986], [-71.03249, 42.25406000000001], [-71.0331, 42.254370000000016], [-71.0345, 42.252800000000015], [-71.03516, 42.253130000000006], [-71.03661, 42.25157000000001], [-71.035012, 42.24932900000001], [-71.03258, 42.24641], [-71.03141, 42.24625999999998], [-71.0315, 42.24540999999999], [-71.031691, 42.245388999999996], [-71.031528, 42.24506199999999], [-71.026857, 42.24326700000001], [-71.02544, 42.24214], [-71.025502, 42.242264], [-71.02376200000002, 42.242439999999995], [-71.023008, 42.24148900000001], [-71.02128, 42.24197999999999], [-71.020882, 42.241619000000014], [-71.01925, 42.24116000000001], [-71.01735, 42.24021], [-71.01501, 42.23791999999998], [-71.01615, 42.236959999999996], [-71.017124, 42.23757300000001], [-71.017802, 42.23736300000002], [-71.017668, 42.23657700000001], [-71.01706, 42.23618], [-71.017622, 42.23568499999999], [-71.017871, 42.23581000000001], [-71.01727000000001, 42.23491500000001], [-71.015992, 42.23389900000001], [-71.013877, 42.232729000000006], [-71.01392, 42.23230999999998], [-71.008337, 42.22966900000001], [-71.01079, 42.228667999999985], [-71.033, 42.227884], [-71.044938, 42.215384], [-71.044883, 42.206483999999996], [-71.045595, 42.206267], [-71.046978, 42.206561], [-71.047857, 42.20626], [-71.048928, 42.206665999999984], [-71.04949, 42.206669000000005], [-71.047271, 42.194592], [-71.029591, 42.19153], [-71.01913, 42.186851000000004], [-71.019517, 42.185947999999996], [-71.01909, 42.18535399999999], [-71.019345, 42.185189999999984], [-71.019273, 42.184988], [-71.019468, 42.184650999999995], [-71.019312, 42.184435000000015], [-71.019411, 42.18425999999999], [-71.018988, 42.184057], [-71.019459, 42.18378900000001], [-71.019229, 42.18351100000001], [-71.019456, 42.183246], [-71.019941, 42.181895999999995], [-71.019646, 42.18147999999999], [-71.019691, 42.18125899999999], [-71.020164, 42.180970999999985], [-71.019898, 42.18029399999999], [-71.020167, 42.179622], [-71.019746, 42.179326], [-71.019751, 42.179013999999995], [-71.019549, 42.17879400000002], [-71.019665, 42.178529], [-71.019994, 42.178514], [-71.019878, 42.177938000000005], [-71.020628, 42.17757], [-71.020574, 42.176565], [-71.021054, 42.176210999999995], [-71.021134, 42.17589799999999], [-71.020816, 42.175015000000016], [-71.021034, 42.17460299999999], [-71.021614, 42.17409899999999], [-71.021298, 42.17340999999999], [-71.022428, 42.170546], [-71.021695, 42.170418], [-71.02162, 42.170166], [-71.021984, 42.16941700000001], [-71.021994, 42.16900499999999], [-71.026911, 42.15778399999999], [-71.027179, 42.157913], [-71.02714, 42.15943999999998], [-71.026803, 42.15976099999998], [-71.026943, 42.16014200000001], [-71.026682, 42.160404], [-71.026945, 42.160687], [-71.025931, 42.162434], [-71.028059, 42.162090000000006], [-71.028738, 42.161045999999985], [-71.038452, 42.166068], [-71.041326, 42.162583000000005], [-71.04147, 42.16269], [-71.046595, 42.17095599999999], [-71.04879, 42.17536], [-71.051992, 42.180933], [-71.05936, 42.19167], [-71.060629, 42.19478899999999], [-71.06113, 42.19732], [-71.06184, 42.199619999999996], [-71.065058, 42.205073], [-71.064914, 42.205105], [-71.065118, 42.20544800000003], [-71.067968, 42.20498899999998], [-71.069679, 42.20450799999998], [-71.073314, 42.20422000000001], [-71.074471, 42.204224], [-71.075143, 42.20473899999998], [-71.076997, 42.20452000000001], [-71.07776, 42.204789], [-71.079186, 42.20461399999999], [-71.080747, 42.204948], [-71.081612, 42.20466], [-71.082244, 42.20474900000001], [-71.082475, 42.20437400000001], [-71.08272700000002, 42.204289999999986], [-71.093189, 42.21393600000002]]]}}, {"type": "Feature", "properties": {"district_name": "2nd Norfolk District", "chamber": "house", "vintage": "2022-present", "lean_dem_share": 0.6629, "competitiveness": "Safe", "competitiveness_label": "Safe D", "party_favored": "Democratic", "url": "/district/house-2nd-norfolk-district-2022-present/"}, "geometry": {"type": "Polygon", "coordinates": [[[-71.03661, 42.25157000000001], [-71.03516, 42.253130000000006], [-71.0345, 42.252800000000015], [-71.0331, 42.254370000000016], [-71.03249, 42.25406000000001], [-71.0312, 42.255529999999986], [-71.02876, 42.25472000000001], [-71.02708, 42.25475999999997], [-71.02626, 42.25514999999999], [-71.02618, 42.25547], [-71.02789, 42.257340000000006], [-71.02898, 42.25783999999999], [-71.028764, 42.258407], [-71.02601, 42.258860000000006], [-71.02787, 42.260679999999994], [-71.02586, 42.26144000000001], [-71.02686, 42.262389999999996], [-71.02608, 42.26294], [-71.02621, 42.26307], [-71.020319, 42.26653600000001], [-71.025226, 42.2711], [-71.02396, 42.272439999999975], [-71.02126, 42.27081], [-71.01951, 42.27238800000001], [-71.01855, 42.273030000000006], [-71.01689, 42.27592], [-71.013581, 42.278555000000004], [-71.013328, 42.27844100000001], [-71.0061, 42.284606], [-71.004391, 42.284908], [-70.971735, 42.295696000000014], [-70.966375, 42.29973299999999], [-70.960192, 42.29949800000001], [-70.960255, 42.29579399999999], [-70.959975, 42.295584], [-70.960257, 42.29566100000001], [-70.960392, 42.28769900000001], [-70.937691, 42.277499], [-70.938091, 42.266399], [-70.959491, 42.24779899999999], [-70.960191, 42.24679900000001], [-70.97009100000001, 42.249799], [-70.975392, 42.253699000000005], [-70.982492, 42.25429900000001], [-70.983977, 42.253659], [-70.98477600000001, 42.25350100000002], [-70.98582, 42.251964], [-70.9849, 42.251784000000015], [-70.98574, 42.25025000000001], [-70.98404, 42.249519999999976], [-70.98499, 42.24871000000001], [-70.98704, 42.24911000000001], [-70.98885, 42.249100000000006], [-70.99517000000002, 42.25005], [-70.99716, 42.24992], [-70.99773, 42.25008], [-70.99794, 42.24879], [-70.99854, 42.24828], [-70.99805, 42.247960000000006], [-70.99743000000001, 42.247110000000006], [-70.99762, 42.24677], [-71.00019, 42.245409999999985], [-71.00039, 42.245790000000014], [-71.00209, 42.24529999999999], [-71.00239, 42.245350000000016], [-71.00269, 42.245719999999984], [-71.003116, 42.245459], [-71.00329, 42.24491999999999], [-71.00327, 42.24426], [-71.00305, 42.24412], [-71.00266, 42.24429], [-71.00031, 42.24154000000001], [-71.00092, 42.24116000000001], [-71.00094, 42.24089000000001], [-71.00194, 42.240029999999976], [-71.00324, 42.23975999999999], [-71.00333, 42.238880000000016], [-71.00396, 42.23787999999998], [-71.005, 42.23901], [-71.0044, 42.241509999999984], [-71.00666, 42.24053], [-71.0098, 42.24114000000003], [-71.009719, 42.24048900000001], [-71.011514, 42.23993900000001], [-71.01376, 42.23972], [-71.01399, 42.239119999999986], [-71.01503, 42.23935000000001], [-71.01619, 42.2391], [-71.01768, 42.24043000000002], [-71.01925, 42.24116000000001], [-71.020882, 42.241619000000014], [-71.02128, 42.24197999999999], [-71.023008, 42.24148900000001], [-71.02376200000002, 42.242439999999995], [-71.025502, 42.242264], [-71.02544, 42.24214], [-71.026857, 42.24326700000001], [-71.031528, 42.24506199999999], [-71.031691, 42.245388999999996], [-71.0315, 42.24540999999999], [-71.03141, 42.24625999999998], [-71.03258, 42.24641], [-71.03423, 42.24836], [-71.03661, 42.25157000000001]]]}}, {"type": "Feature", "properties": {"district_name": "8th Suffolk District", "chamber": "house", "vintage": "2022-present", "lean_dem_share": 0.8238, "competitiveness": "Safe", "competitiveness_label": "Safe D", "party_favored": "Democratic", "url": "/district/house-8th-suffolk-district-2022-present/"}, "geometry": {"type": "Polygon", "coordinates": [[[-71.099554, 42.34311000000001], [-71.094768, 42.344443000000005], [-71.094303, 42.345577], [-71.093295, 42.346511], [-71.09227, 42.34711100000002], [-71.09204400000002, 42.34685000000002], [-71.091768, 42.34885700000002], [-71.091939, 42.348856000000005], [-71.091933, 42.349180000000004], [-71.091618, 42.34919300000001], [-71.09165, 42.350801], [-71.089757, 42.35136299999999], [-71.091235, 42.354338], [-71.077952, 42.35873500000001], [-71.077334, 42.35908399999999], [-71.076092, 42.36038], [-71.074792, 42.363773000000016], [-71.073721, 42.365056], [-71.070644, 42.367949], [-71.067492, 42.36630899999999], [-71.064806, 42.36559599999998], [-71.063388, 42.364193000000014], [-71.063718, 42.363281], [-71.063721, 42.36124100000001], [-71.062911, 42.361229], [-71.062846, 42.358889], [-71.062642, 42.357977000000005], [-71.063169, 42.357748], [-71.061956, 42.356534], [-71.063419, 42.35505999999999], [-71.064562, 42.35238300000001], [-71.067533, 42.352513], [-71.0684, 42.352356], [-71.071057, 42.35180299999998], [-71.079508, 42.349508], [-71.078718, 42.347834000000006], [-71.07891900000001, 42.34769299999999], [-71.078699, 42.347697], [-71.0849, 42.34273300000001], [-71.083151, 42.34162199999999], [-71.090518, 42.335665000000006], [-71.090654, 42.33574399999999], [-71.089523, 42.33712599999998], [-71.091188, 42.340949], [-71.09181, 42.33987100000002], [-71.092543, 42.33951299999999], [-71.093277, 42.340596], [-71.09321700000001, 42.34088899999999], [-71.095718, 42.340101], [-71.096336, 42.339715], [-71.096885, 42.339026], [-71.09854, 42.34091], [-71.099554, 42.34311000000001]]]}}, {"type": "Feature", "properties": {"district_name": "1st Bristol District", "chamber": "house", "vintage": "2022-present", "lean_dem_share": 0.5712, "competitiveness": "Likely", "competitiveness_label": "Likely D", "party_favored": "Democratic", "url": "/district/house-1st-bristol-district-2022-present/"}, "geometry": {"type": "Polygon", "coordinates": [[[-71.289424, 42.059136], [-71.287099, 42.06370699999999], [-71.287701, 42.07693100000001], [-71.284482, 42.08357899999999], [-71.271736, 42.09844499999999], [-71.255347, 42.104131], [-71.253302, 42.105343999999995], [-71.238804, 42.106401], [-71.238811, 42.10413900000002], [-71.205921, 42.07410799999999], [-71.196374, 42.082468000000006], [-71.196277, 42.082394], [-71.178457, 42.057362], [-71.192629, 42.051824999999994], [-71.19243, 42.05091199999998], [-71.191386, 42.04963], [-71.190743, 42.048317], [-71.190387, 42.046655000000015], [-71.190261, 42.043561], [-71.190021, 42.04269599999999], [-71.187985, 42.040386], [-71.187589, 42.03950900000001], [-71.187594, 42.038508000000014], [-71.188209, 42.036342999999995], [-71.188301, 42.033663999999995], [-71.189263, 42.03162399999999], [-71.185254, 42.03065400000001], [-71.182277, 42.02922800000001], [-71.180816, 42.028748], [-71.161448, 42.02601000000001], [-71.15645, 42.001042000000034], [-71.100854, 41.993151], [-71.125751, 41.96699100000001], [-71.15567, 41.937999], [-71.158772, 41.93577], [-71.159214, 41.937235], [-71.160792, 41.940112000000006], [-71.161465, 41.94096], [-71.16233, 41.941689999999994], [-71.163994, 41.942564000000004], [-71.175669, 41.946373], [-71.182323, 41.951257000000005], [-71.183584, 41.953872], [-71.185535, 41.956618000000006], [-71.185934, 41.957412000000005], [-71.187001, 41.962022999999995], [-71.186955, 41.96594399999999], [-71.187146, 41.96637899999999], [-71.187767, 41.96705300000001], [-71.190908, 41.96439600000001], [-71.192299, 41.963489], [-71.198515, 41.961595999999986], [-71.199863, 41.96628300000001], [-71.200153, 41.96670999999999], [-71.201893, 41.96813199999998], [-71.203823, 41.97375200000001], [-71.204993, 41.973578], [-71.20671, 41.973693000000004], [-71.20716, 41.97606600000001], [-71.207455, 41.976352000000006], [-71.209303, 41.975472999999994], [-71.210023, 41.975437], [-71.211476, 41.976827], [-71.21283, 41.977346], [-71.213971, 41.97807999999999], [-71.214133, 41.97901800000001], [-71.214318, 41.97921300000001], [-71.216056, 41.979801], [-71.216383, 41.98033500000002], [-71.216573, 41.981074000000014], [-71.216505, 41.98201199999999], [-71.21717000000001, 41.98259400000002], [-71.217395, 41.983828], [-71.217781, 41.984122000000006], [-71.21794, 41.984682], [-71.218545, 41.985445], [-71.218749, 41.985994000000005], [-71.219932, 41.98625100000001], [-71.220945, 41.988073], [-71.221345, 41.98823200000001], [-71.221469, 41.98857699999999], [-71.259289, 41.974216], [-71.260361, 41.975674], [-71.225173, 42.02533500000003], [-71.223994, 42.02425000000002], [-71.22379, 42.023423], [-71.214366, 42.024966], [-71.216115, 42.02687499999998], [-71.21477, 42.027115000000016], [-71.215324, 42.02908999999997], [-71.215008, 42.029132], [-71.215142, 42.030507], [-71.218459, 42.0301], [-71.218723, 42.03332], [-71.218199, 42.03455600000001], [-71.218221, 42.03517399999999], [-71.21158, 42.04442800000001], [-71.28826500000001, 42.014462], [-71.289424, 42.059136]]]}}, {"type": "Feature", "properties": {"district_name": "3rd Norfolk District", "chamber": "house", "vintage": "2022-present", "lean_dem_share": 0.6011, "competitiveness": "Safe", "competitiveness_label": "Safe D", "party_favored": "Democratic", "url": "/district/house-3rd-norfolk-district-2022-present/"}, "geometry": {"type": "Polygon", "coordinates": [[[-71.035093, 42.13563400000001], [-71.027565, 42.15632099999999], [-71.026911, 42.15778399999999], [-71.026132, 42.157477], [-71.026461, 42.155431], [-71.025548, 42.15420000000001], [-71.026544, 42.153475], [-71.026726, 42.152950000000004], [-71.02651, 42.152508000000005], [-71.026522, 42.151967000000006], [-71.025781, 42.15112500000001], [-71.025578, 42.150597000000005], [-71.024715, 42.15001800000001], [-71.021715, 42.14954400000002], [-71.020376, 42.149135], [-71.019767, 42.147983], [-71.01891000000002, 42.14912], [-71.01848, 42.14930999999999], [-71.01788, 42.14927999999999], [-71.01832, 42.14901], [-71.01842, 42.14861000000001], [-71.01804, 42.148249999999976], [-71.01714, 42.14812], [-71.01718, 42.14771], [-71.016864, 42.14763500000001], [-71.016896, 42.14733600000001], [-71.01282, 42.14693], [-71.01274, 42.146739999999994], [-71.01301, 42.145330000000016], [-71.01134, 42.145269999999975], [-71.00935, 42.14573], [-71.0087, 42.145739999999996], [-71.00868, 42.14866999999999], [-71.00826, 42.150999999999975], [-71.00855, 42.15479], [-71.0031, 42.15471000000001], [-70.9978, 42.15232], [-70.99796, 42.151900000000005], [-70.99878, 42.14504999999999], [-70.99879, 42.14467999999999], [-70.9986, 42.144450000000006], [-70.997909, 42.144259999999996], [-70.995251, 42.144079999999995], [-70.99173, 42.144180000000006], [-70.986727, 42.14511299999999], [-70.98302, 42.141509999999975], [-70.98067, 42.139593], [-70.9687, 42.219877999999994], [-70.967684, 42.22066199999997], [-70.968016, 42.221201], [-70.968066, 42.22169000000002], [-70.967022, 42.223353], [-70.965414, 42.22389899999999], [-70.964283, 42.224585], [-70.963728, 42.224694000000014], [-70.962891, 42.225499], [-70.960891, 42.226899], [-70.960596, 42.228539000000005], [-70.960384, 42.22871499999999], [-70.960191, 42.23129899999999], [-70.960491, 42.23509899999997], [-70.967991, 42.237998999999995], [-70.972758, 42.237146], [-70.973408, 42.237356999999996], [-70.974965, 42.23735899999999], [-70.974944, 42.23752999999999], [-70.975868, 42.237846999999995], [-70.976226, 42.23815799999999], [-70.97713, 42.238415], [-70.977817, 42.23827099999999], [-70.978389, 42.237925], [-70.97896, 42.23711699999999], [-70.979737, 42.23647600000001], [-70.980156, 42.23543799999998], [-70.980404, 42.23532], [-70.980662, 42.235641999999984], [-70.981105, 42.235749000000006], [-71.00217, 42.232208], [-71.008337, 42.22966900000001], [-71.01392, 42.23230999999998], [-71.013877, 42.232729000000006], [-71.015992, 42.23389900000001], [-71.01727000000001, 42.23491500000001], [-71.017871, 42.23581000000001], [-71.017622, 42.23568499999999], [-71.01706, 42.23618], [-71.017668, 42.23657700000001], [-71.017802, 42.23736300000002], [-71.017124, 42.23757300000001], [-71.01615, 42.236959999999996], [-71.01501, 42.23791999999998], [-71.01619, 42.2391], [-71.01503, 42.23935000000001], [-71.01399, 42.239119999999986], [-71.01376, 42.23972], [-71.011514, 42.23993900000001], [-71.009719, 42.24048900000001], [-71.0098, 42.24114000000003], [-71.00666, 42.24053], [-71.0044, 42.241509999999984], [-71.005, 42.23901], [-71.00396, 42.23787999999998], [-71.00333, 42.238880000000016], [-71.00324, 42.23975999999999], [-71.00194, 42.240029999999976], [-71.00094, 42.24089000000001], [-71.00092, 42.24116000000001], [-71.00031, 42.24154000000001], [-71.00266, 42.24429], [-71.00305, 42.24412], [-71.00327, 42.24426], [-71.00329, 42.24491999999999], [-71.003116, 42.245459], [-71.00269, 42.245719999999984], [-71.00239, 42.245350000000016], [-71.00209, 42.24529999999999], [-71.00039, 42.245790000000014], [-71.00019, 42.245409999999985], [-70.99762, 42.24677], [-70.99743000000001, 42.247110000000006], [-70.99805, 42.247960000000006], [-70.99854, 42.24828], [-70.99794, 42.24879], [-70.99773, 42.25008], [-70.99716, 42.24992], [-70.99517000000002, 42.25005], [-70.98885, 42.249100000000006], [-70.98704, 42.24911000000001], [-70.98499, 42.24871000000001], [-70.98404, 42.249519999999976], [-70.98574, 42.25025000000001], [-70.9849, 42.251784000000015], [-70.98582, 42.251964], [-70.98477600000001, 42.25350100000002], [-70.983977, 42.253659], [-70.982492, 42.25429900000001], [-70.975392, 42.253699000000005], [-70.97009100000001, 42.249799], [-70.960191, 42.24679900000001], [-70.960909, 42.24609100000001], [-70.962086, 42.24642399999998], [-70.961641, 42.245782], [-70.963479, 42.245967], [-70.962194, 42.24645499999999], [-70.96541, 42.24679099999998], [-70.967124, 42.244256], [-70.965962, 42.243991], [-70.966093, 42.243537999999994], [-70.966663, 42.24310499999999], [-70.966493, 42.24294999999999], [-70.966723, 42.24151499999999], [-70.966877, 42.241494], [-70.966669, 42.24041199999998], [-70.966999, 42.23973600000001], [-70.963629, 42.23893300000002], [-70.96336, 42.240514000000005], [-70.960398, 42.240326000000024], [-70.959759, 42.239989999999985], [-70.958813, 42.239817], [-70.95779, 42.24013200000001], [-70.957251, 42.24012800000001], [-70.954858, 42.23933599999999], [-70.953135, 42.238415], [-70.95218, 42.238218999999994], [-70.951319, 42.23759], [-70.951491, 42.237379999999995], [-70.951198, 42.23713800000001], [-70.95056, 42.236941], [-70.949966, 42.23721900000001], [-70.949961, 42.237939999999995], [-70.949935, 42.23806299999999], [-70.94985, 42.23821699999999], [-70.94978, 42.23823800000001], [-70.949934, 42.237978], [-70.949249, 42.237053999999986], [-70.949279, 42.236607000000014], [-70.949749, 42.236212], [-70.950064, 42.236324], [-70.950872, 42.236224], [-70.951703, 42.236539], [-70.952095, 42.236514], [-70.95198, 42.236174], [-70.953246, 42.236807], [-70.954282, 42.23671500000001], [-70.953939, 42.23571], [-70.952177, 42.23286999999999], [-70.952125, 42.23255600000001], [-70.951763, 42.23249000000001], [-70.950763, 42.23268700000001], [-70.950517, 42.232460999999994], [-70.950694, 42.23215200000001], [-70.950534, 42.23163800000001], [-70.950979, 42.23132999999999], [-70.950956, 42.23109699999999], [-70.949724, 42.23059299999998], [-70.948247, 42.230694], [-70.948266, 42.23051600000001], [-70.950079, 42.230410000000006], [-70.951636, 42.230064000000034], [-70.951344, 42.229775000000004], [-70.95189500000001, 42.228528999999995], [-70.95103, 42.22707], [-70.94807, 42.226839999999996], [-70.9462, 42.227289999999996], [-70.94601, 42.226789999999994], [-70.94535, 42.22612], [-70.94523, 42.22494000000001], [-70.94307, 42.22281999999999], [-70.94516, 42.2216], [-70.94395, 42.22021999999999], [-70.94548, 42.21941000000001], [-70.947267, 42.21880200000002], [-70.948228, 42.21782900000001], [-70.95208, 42.21709], [-70.95613700000001, 42.217248], [-70.955776, 42.206554], [-70.95674, 42.207219999999985], [-70.95718, 42.20775], [-70.956726, 42.20682999999999], [-70.95612, 42.20482000000001], [-70.955659, 42.19449699999999], [-70.959631, 42.195775], [-70.960739, 42.1934], [-70.960308, 42.193341000000004], [-70.962437, 42.19077], [-70.962437, 42.19048], [-70.962074, 42.18882000000001], [-70.962281, 42.18793800000001], [-70.95843000000002, 42.188460000000006], [-70.9556, 42.189031], [-70.95518, 42.18084], [-70.95538, 42.17672999999999], [-70.95721, 42.176899999999996], [-70.96439, 42.178430000000006], [-70.964451, 42.17827], [-70.963318, 42.178053], [-70.963069, 42.177716], [-70.963222, 42.17725000000002], [-70.963699, 42.176837000000006], [-70.96376, 42.17629500000001], [-70.962799, 42.17500100000001], [-70.96279, 42.174448000000005], [-70.959081, 42.169515], [-70.95812700000002, 42.16763900000001], [-70.955356, 42.15847], [-70.948963, 42.14815600000001], [-71.002152, 42.127304], [-71.001974, 42.12652599999999], [-71.021859, 42.118745], [-71.026953, 42.123734], [-71.027521, 42.126414999999994], [-71.027576, 42.12759600000001], [-71.02721, 42.13293899999998], [-71.035093, 42.13563400000001]]]}}, {"type": "Feature", "properties": {"district_name": "9th Suffolk District", "chamber": "house", "vintage": "2022-present", "lean_dem_share": 0.8238, "competitiveness": "Safe", "competitiveness_label": "Safe D", "party_favored": "Democratic", "url": "/district/house-9th-suffolk-district-2022-present/"}, "geometry": {"type": "Polygon", "coordinates": [[[-71.08849400000001, 42.334896], [-71.081969, 42.338415999999995], [-71.084681, 42.340293], [-71.083151, 42.34162199999999], [-71.0849, 42.34273300000001], [-71.078699, 42.347697], [-71.07891900000001, 42.34769299999999], [-71.078718, 42.347834000000006], [-71.079508, 42.349508], [-71.073067, 42.351243], [-71.071815, 42.34867700000001], [-71.075253, 42.345884], [-71.074488, 42.344297000000005], [-71.075936, 42.34391500000001], [-71.075723, 42.343475], [-71.074586, 42.34240799999999], [-71.070684, 42.344464], [-71.069855, 42.345266], [-71.06593, 42.34393599999999], [-71.062529, 42.343009], [-71.061254, 42.345938000000004], [-71.060555, 42.345476000000005], [-71.060434, 42.34555], [-71.060485, 42.345423999999994], [-71.05964, 42.344860000000004], [-71.058757, 42.345554], [-71.058143, 42.34564699999999], [-71.059394, 42.343759000000006], [-71.059952, 42.342320000000015], [-71.060001, 42.340054999999985], [-71.059697, 42.336801], [-71.060042, 42.33656400000002], [-71.060584, 42.335446], [-71.063553, 42.330791000000005], [-71.059288, 42.329972999999995], [-71.058951, 42.328795], [-71.058124, 42.327514], [-71.057017, 42.329511], [-71.056915, 42.32803499999998], [-71.056173, 42.32801099999999], [-71.055997, 42.327774999999995], [-71.055984, 42.32684999999999], [-71.056868, 42.32686700000001], [-71.05685, 42.326288999999996], [-71.053787, 42.323994000000006], [-71.052904, 42.32286999999999], [-71.052456, 42.32146600000002], [-71.054977, 42.32131999999999], [-71.056769, 42.32072200000001], [-71.056764, 42.31985199999999], [-71.058344, 42.319393999999996], [-71.059217, 42.31932499999999], [-71.058717, 42.31873799999999], [-71.058834, 42.3186], [-71.059596, 42.31886899999999], [-71.059881, 42.31797200000001], [-71.061674, 42.31838], [-71.060846, 42.319911000000005], [-71.061481, 42.32050000000001], [-71.061865, 42.32047699999999], [-71.063154, 42.320978000000004], [-71.065756, 42.32137399999999], [-71.069136, 42.32505100000001], [-71.071479, 42.326687000000014], [-71.073511, 42.325539000000006], [-71.074903, 42.325206999999985], [-71.075076, 42.3253], [-71.075811, 42.324146], [-71.074641, 42.323237999999996], [-71.076373, 42.321439], [-71.075399, 42.32124799999999], [-71.075522, 42.32057299999999], [-71.07774600000002, 42.320431], [-71.077146, 42.322196], [-71.076664, 42.32288900000001], [-71.0796, 42.324161000000004], [-71.078654, 42.32486699999999], [-71.080318, 42.32599], [-71.080891, 42.328497000000006], [-71.083469, 42.328708000000006], [-71.082986, 42.330831], [-71.081738, 42.331942], [-71.080943, 42.33293099999999], [-71.083946, 42.33455], [-71.085345, 42.335071], [-71.086174, 42.33428900000002], [-71.086991, 42.334602999999994], [-71.087462, 42.33412600000001], [-71.088253, 42.334582], [-71.08849400000001, 42.334896]]]}}, {"type": "Feature", "properties": {"district_name": "2nd Bristol District", "chamber": "house", "vintage": "2022-present", "lean_dem_share": 0.5816, "competitiveness": "Likely", "competitiveness_label": "Likely D", "party_favored": "Democratic", "url": "/district/house-2nd-bristol-district-2022-present/"}, "geometry": {"type": "Polygon", "coordinates": [[[-71.381463, 41.893545999999986], [-71.381439, 41.914816], [-71.33595800000002, 41.940785999999996], [-71.291074, 41.97186099999999], [-71.291466, 41.96949400000001], [-71.291372, 41.96825600000001], [-71.290533, 41.965991], [-71.28964700000002, 41.964829999999985], [-71.288054, 41.96206399999999], [-71.287623, 41.958183], [-71.28824, 41.95568300000002], [-71.289859, 41.951807], [-71.290069, 41.949954999999996], [-71.289595, 41.950150000000015], [-71.288569, 41.94980199999999], [-71.287826, 41.95002300000001], [-71.287188, 41.949392], [-71.286701, 41.94960400000001], [-71.285997, 41.949432999999985], [-71.285736, 41.949556], [-71.285565, 41.94997800000001], [-71.285059, 41.950159000000006], [-71.28479700000001, 41.950606], [-71.284387, 41.95063999999999], [-71.283358, 41.944669], [-71.282477, 41.94472], [-71.281377, 41.94429999999999], [-71.280414, 41.946364], [-71.276367, 41.949556999999984], [-71.275702, 41.949934], [-71.269449, 41.95273399999999], [-71.264626, 41.95399000000001], [-71.262526, 41.95414399999999], [-71.257733, 41.95394299999998], [-71.254999, 41.95438], [-71.252503, 41.95454899999999], [-71.247136, 41.95446999999999], [-71.243383, 41.95384500000001], [-71.208162, 41.90885199999999], [-71.222494, 41.91224400000001], [-71.300719, 41.90366099999999], [-71.338787, 41.898592999999984], [-71.381463, 41.893545999999986]]]}}, {"type": "Feature", "properties": {"district_name": "10th Suffolk District", "chamber": "house", "vintage": "2022-present", "lean_dem_share": 0.8298, "competitiveness": "Safe", "competitiveness_label": "Safe D", "party_favored": "Democratic", "url": "/district/house-10th-suffolk-district-2022-present/"}, "geometry": {"type": "Polygon", "coordinates": [[[-71.191234, 42.283002], [-71.178636, 42.29459500000001], [-71.164702, 42.30382999999999], [-71.16642, 42.304747], [-71.16612, 42.30531], [-71.16415, 42.30420999999999], [-71.16346, 42.304399999999994], [-71.16296, 42.30525000000001], [-71.16282, 42.30581], [-71.16252, 42.3061], [-71.16338, 42.3069], [-71.16397, 42.30795000000002], [-71.16324, 42.31015], [-71.16273, 42.31016999999999], [-71.16115, 42.30962000000001], [-71.16235, 42.30913], [-71.16263, 42.30865999999999], [-71.16261, 42.30825999999998], [-71.16233, 42.307790000000004], [-71.161549, 42.30707], [-71.160201, 42.306140000000006], [-71.159119, 42.30589399999999], [-71.158511, 42.30557700000001], [-71.15868, 42.30604000000001], [-71.15857, 42.30668000000001], [-71.15782, 42.30699], [-71.15499, 42.30612999999999], [-71.15427, 42.30576000000001], [-71.153439, 42.30581699999998], [-71.153455, 42.306328000000015], [-71.152501, 42.305280999999994], [-71.151762, 42.303756], [-71.150984, 42.303448999999986], [-71.150845, 42.303743000000004], [-71.149199, 42.30510899999998], [-71.147518, 42.305794000000006], [-71.140135, 42.302147000000005], [-71.13650200000001, 42.306204], [-71.13186300000001, 42.31317800000001], [-71.124269, 42.321856], [-71.123711, 42.32271600000002], [-71.12336700000002, 42.322571], [-71.121528, 42.323882], [-71.120112, 42.32283499999998], [-71.119539, 42.322745], [-71.119364, 42.321538000000004], [-71.118506, 42.32125700000001], [-71.11657000000001, 42.321021], [-71.109773, 42.32197799999998], [-71.113084, 42.317484000000015], [-71.116468, 42.31858299999999], [-71.116736, 42.317636], [-71.116899, 42.31575300000001], [-71.11717800000001, 42.315407], [-71.1185, 42.31449799999999], [-71.114397, 42.31162100000001], [-71.114853, 42.310393999999995], [-71.115472, 42.30967500000001], [-71.116722, 42.309096999999994], [-71.118393, 42.30875099999997], [-71.120727, 42.30900900000002], [-71.121671, 42.30865600000001], [-71.120783, 42.30835900000002], [-71.12241900000001, 42.30668300000002], [-71.122022, 42.306507], [-71.123579, 42.304137999999995], [-71.123556, 42.302923], [-71.124893, 42.302566], [-71.125399, 42.302878], [-71.125816, 42.30232200000001], [-71.125504, 42.302001], [-71.125631, 42.30060699999999], [-71.12518300000002, 42.299667], [-71.124526, 42.29922400000001], [-71.123637, 42.298913], [-71.122582, 42.297823], [-71.121626, 42.297621], [-71.12050900000001, 42.297842], [-71.120304, 42.29668699999999], [-71.120361, 42.29640600000001], [-71.12066, 42.296129], [-71.12016, 42.295951999999986], [-71.12280400000002, 42.294005], [-71.124217, 42.29258099999999], [-71.126229, 42.29002899999999], [-71.127139, 42.28916099999999], [-71.125965, 42.28848200000001], [-71.135535, 42.279548999999996], [-71.140308, 42.275428999999995], [-71.146811, 42.27039], [-71.151124, 42.26666600000001], [-71.154063, 42.269009], [-71.154676, 42.269296999999995], [-71.158643, 42.26956600000001], [-71.160005, 42.26702300000001], [-71.160424, 42.26682300000002], [-71.158567, 42.26545800000001], [-71.157609, 42.263433000000006], [-71.155958, 42.256484999999984], [-71.158584, 42.255155000000016], [-71.171322, 42.26534599999999], [-71.171379, 42.26590499999998], [-71.171695, 42.266277999999986], [-71.17356, 42.266705], [-71.17431700000002, 42.26717900000001], [-71.174596, 42.26789399999999], [-71.174501, 42.268651], [-71.173529, 42.26943800000003], [-71.172953, 42.270298], [-71.174822, 42.27353], [-71.174825, 42.27420099999999], [-71.174418, 42.275042], [-71.174764, 42.275842000000004], [-71.176364, 42.27664500000001], [-71.177461, 42.27686800000001], [-71.183048, 42.27585299999999], [-71.183257, 42.27599300000001], [-71.185357, 42.279591], [-71.187773, 42.280227000000004], [-71.18993, 42.281289], [-71.190974, 42.282123999999996], [-71.191234, 42.283002]]]}}, {"type": "Feature", "properties": {"district_name": "4th Norfolk District", "chamber": "house", "vintage": "2022-present", "lean_dem_share": 0.5844, "competitiveness": "Likely", "competitiveness_label": "Likely D", "party_favored": "Democratic", "url": "/district/house-4th-norfolk-district-2022-present/"}, "geometry": {"type": "Polygon", "coordinates": [[[-70.967124, 42.244256], [-70.96541, 42.24679099999998], [-70.962194, 42.24645499999999], [-70.963479, 42.245967], [-70.961641, 42.245782], [-70.962086, 42.24642399999998], [-70.960909, 42.24609100000001], [-70.960191, 42.24679900000001], [-70.959491, 42.24779899999999], [-70.938091, 42.266399], [-70.937691, 42.277499], [-70.925491, 42.28959899999999], [-70.920791, 42.289398999999996], [-70.914091, 42.288799999999995], [-70.91349, 42.278698999999996], [-70.90209, 42.267499], [-70.90899, 42.264399], [-70.91739, 42.263899], [-70.91819100000001, 42.26009999999997], [-70.917081, 42.25560000000001], [-70.91932, 42.25470299999999], [-70.921181, 42.254264000000006], [-70.923308, 42.25388600000001], [-70.925091, 42.25390000000001], [-70.932203, 42.252781000000006], [-70.932435, 42.25264399999999], [-70.933491, 42.25], [-70.931191, 42.2486], [-70.931, 42.246814000000015], [-70.93119, 42.246098999999994], [-70.93129, 42.244299000000005], [-70.929591, 42.24270000000001], [-70.92579, 42.23680000000002], [-70.92239, 42.22930000000001], [-70.923751, 42.228055000000005], [-70.923708, 42.226487000000006], [-70.92349, 42.2259], [-70.92209, 42.22529999999999], [-70.91879, 42.2263], [-70.918091, 42.225500999999994], [-70.916874, 42.225866999999994], [-70.916443, 42.22569699999999], [-70.916226, 42.22584899999999], [-70.915619, 42.22583], [-70.915587, 42.225627], [-70.914896, 42.22546099999999], [-70.914732, 42.225196000000004], [-70.924877, 42.15758], [-70.948963, 42.14815600000001], [-70.955356, 42.15847], [-70.95812700000002, 42.16763900000001], [-70.959081, 42.169515], [-70.96279, 42.174448000000005], [-70.962799, 42.17500100000001], [-70.96376, 42.17629500000001], [-70.963699, 42.176837000000006], [-70.963222, 42.17725000000002], [-70.963069, 42.177716], [-70.963318, 42.178053], [-70.964451, 42.17827], [-70.96439, 42.178430000000006], [-70.95721, 42.176899999999996], [-70.95538, 42.17672999999999], [-70.95518, 42.18084], [-70.9556, 42.189031], [-70.95843000000002, 42.188460000000006], [-70.962281, 42.18793800000001], [-70.962074, 42.18882000000001], [-70.962437, 42.19048], [-70.962437, 42.19077], [-70.960308, 42.193341000000004], [-70.960739, 42.1934], [-70.959631, 42.195775], [-70.955659, 42.19449699999999], [-70.95612, 42.20482000000001], [-70.956726, 42.20682999999999], [-70.95718, 42.20775], [-70.95674, 42.207219999999985], [-70.955776, 42.206554], [-70.95613700000001, 42.217248], [-70.95208, 42.21709], [-70.948228, 42.21782900000001], [-70.947267, 42.21880200000002], [-70.94548, 42.21941000000001], [-70.94395, 42.22021999999999], [-70.94516, 42.2216], [-70.94307, 42.22281999999999], [-70.94523, 42.22494000000001], [-70.94535, 42.22612], [-70.94601, 42.226789999999994], [-70.9462, 42.227289999999996], [-70.94807, 42.226839999999996], [-70.95103, 42.22707], [-70.95189500000001, 42.228528999999995], [-70.951344, 42.229775000000004], [-70.951636, 42.230064000000034], [-70.950079, 42.230410000000006], [-70.948266, 42.23051600000001], [-70.948247, 42.230694], [-70.949724, 42.23059299999998], [-70.950956, 42.23109699999999], [-70.950979, 42.23132999999999], [-70.950534, 42.23163800000001], [-70.950694, 42.23215200000001], [-70.950517, 42.232460999999994], [-70.950763, 42.23268700000001], [-70.951763, 42.23249000000001], [-70.952125, 42.23255600000001], [-70.952177, 42.23286999999999], [-70.953939, 42.23571], [-70.954282, 42.23671500000001], [-70.953246, 42.236807], [-70.95198, 42.236174], [-70.952095, 42.236514], [-70.951703, 42.236539], [-70.950872, 42.236224], [-70.950064, 42.236324], [-70.949749, 42.236212], [-70.949279, 42.236607000000014], [-70.949249, 42.237053999999986], [-70.949934, 42.237978], [-70.94978, 42.23823800000001], [-70.949961, 42.237939999999995], [-70.949966, 42.23721900000001], [-70.95056, 42.236941], [-70.951198, 42.23713800000001], [-70.951491, 42.237379999999995], [-70.951319, 42.23759], [-70.95218, 42.238218999999994], [-70.953135, 42.238415], [-70.954858, 42.23933599999999], [-70.957251, 42.24012800000001], [-70.95779, 42.24013200000001], [-70.958813, 42.239817], [-70.959759, 42.239989999999985], [-70.960398, 42.240326000000024], [-70.96336, 42.240514000000005], [-70.963629, 42.23893300000002], [-70.966999, 42.23973600000001], [-70.966669, 42.24041199999998], [-70.966877, 42.241494], [-70.966723, 42.24151499999999], [-70.966493, 42.24294999999999], [-70.966663, 42.24310499999999], [-70.966093, 42.243537999999994], [-70.965962, 42.243991], [-70.967124, 42.244256]]]}}, {"type": "Feature", "properties": {"district_name": "3rd Bristol District", "chamber": "house", "vintage": "2022-present", "lean_dem_share": 0.5616, "competitiveness": "Likely", "competitiveness_label": "Likely D", "party_favored": "Democratic", "url": "/district/house-3rd-bristol-district-2022-present/"}, "geometry": {"type": "Polygon", "coordinates": [[[-71.193893, 41.910765], [-71.15567, 41.937999], [-71.125751, 41.96699100000001], [-71.100854, 41.993151], [-71.15645, 42.001042000000034], [-71.164092, 42.038849000000006], [-71.15806, 42.04416599999999], [-71.156368, 42.04764000000001], [-71.156991, 42.04954899999999], [-71.147798, 42.05132600000001], [-71.142268, 42.051463], [-71.137892, 42.051963], [-71.130245, 42.050646], [-71.129357, 42.05063299999998], [-71.127987, 42.048950999999995], [-71.126557, 42.045384999999996], [-71.124254, 42.04549100000002], [-71.123641, 42.045652], [-71.123091, 42.04588], [-71.121777, 42.046927], [-71.119071, 42.047280999999984], [-71.116522, 42.047276999999994], [-71.11607, 42.04565300000001], [-71.113993, 42.040783000000005], [-71.11361800000002, 42.038315], [-71.108995, 42.03332800000002], [-71.106661, 42.03421], [-71.100812, 42.03512800000001], [-71.096857, 42.03616500000001], [-71.096117, 42.036591999999985], [-71.095341, 42.037575999999994], [-71.094011, 42.03844499999999], [-71.078553, 41.98930399999999], [-71.087157, 41.990832000000005], [-71.08533100000001, 41.98234300000001], [-71.083182, 41.98028800000001], [-71.082438, 41.979891], [-71.08066, 41.977299000000016], [-71.080327, 41.97549999999998], [-71.081083, 41.972235999999995], [-71.083106, 41.96888899999997], [-71.083764, 41.96561700000001], [-71.081206, 41.961228], [-71.08052400000001, 41.959537999999995], [-71.083532, 41.954615], [-71.085589, 41.949934], [-71.085905, 41.94758699999999], [-71.086275, 41.94625099999999], [-71.088841, 41.94347599999999], [-71.090205, 41.94154499999999], [-71.091277, 41.94104], [-71.091874, 41.940452], [-71.091957, 41.939865999999995], [-71.09269900000001, 41.938993], [-71.075715, 41.91829300000001], [-71.076211, 41.91814099999999], [-71.077339, 41.918157], [-71.079592, 41.918497], [-71.081053, 41.91846700000001], [-71.083706, 41.919143], [-71.089685, 41.919110000000025], [-71.089234, 41.91698999999999], [-71.090029, 41.91357300000001], [-71.08651, 41.91092600000001], [-71.089129, 41.90886400000001], [-71.090325, 41.907552000000024], [-71.090464, 41.90716099999999], [-71.088656, 41.90676500000001], [-71.089474, 41.90543499999999], [-71.089818, 41.903654], [-71.088891, 41.903546000000006], [-71.089275, 41.901592], [-71.089851, 41.901614], [-71.089024, 41.90113199999999], [-71.085398, 41.89827], [-71.084396, 41.89776100000001], [-71.085735, 41.895036999999995], [-71.08806000000001, 41.89644200000001], [-71.090818, 41.897783], [-71.090769, 41.897083999999985], [-71.091351, 41.896263999999995], [-71.090862, 41.894187999999986], [-71.089396, 41.89271500000001], [-71.088795, 41.891888], [-71.088379, 41.89089800000001], [-71.088552, 41.889806], [-71.089134, 41.888749], [-71.090198, 41.887572], [-71.092649, 41.88837299999999], [-71.094162, 41.88735599999999], [-71.094984, 41.885935], [-71.095896, 41.88219099999999], [-71.09702500000002, 41.88117799999999], [-71.099186, 41.88066299999999], [-71.10179500000001, 41.881568999999985], [-71.104064, 41.882850000000005], [-71.104488, 41.883373999999996], [-71.105311, 41.885291], [-71.105671, 41.885676], [-71.108211, 41.88593699999998], [-71.109143, 41.886446], [-71.110627, 41.886688], [-71.112665, 41.88802300000001], [-71.113561, 41.88720499999999], [-71.11442, 41.88570399999999], [-71.116574, 41.884664], [-71.11733, 41.882883], [-71.116594, 41.880351000000005], [-71.115593, 41.87827000000001], [-71.114844, 41.876028], [-71.112748, 41.87570899999998], [-71.109167, 41.874658999999994], [-71.107002, 41.87326000000001], [-71.110137, 41.872123000000016], [-71.111592, 41.86996], [-71.113775, 41.864815999999976], [-71.11357, 41.861568000000005], [-71.119007, 41.863908], [-71.121381, 41.864386999999994], [-71.121278, 41.86458100000002], [-71.121483, 41.864999], [-71.121896, 41.86528199999999], [-71.122783, 41.866423], [-71.123791, 41.86685], [-71.124671, 41.866510000000005], [-71.125258, 41.86697700000001], [-71.125882, 41.867803], [-71.129026, 41.867869], [-71.130419, 41.868356], [-71.13073700000001, 41.86900599999999], [-71.130638, 41.87028000000001], [-71.186788, 41.879338], [-71.193893, 41.910765]]]}}, {"type": "Feature", "properties": {"district_name": "11th Suffolk District", "chamber": "house", "vintage": "2022-present", "lean_dem_share": 0.7539, "competitiveness": "Safe", "competitiveness_label": "Safe D", "party_favored": "Democratic", "url": "/district/house-11th-suffolk-district-2022-present/"}, "geometry": {"type": "Polygon", "coordinates": [[[-71.055295, 42.38709700000002], [-71.050695, 42.391996000000006], [-71.050002, 42.39347099999999], [-71.050229, 42.393776], [-71.050131, 42.393980000000006], [-71.05069, 42.394576000000015], [-71.052521, 42.39487500000001], [-71.053301, 42.395392], [-71.053297, 42.396178], [-71.052858, 42.396945], [-71.051945, 42.397619], [-71.051076, 42.397781], [-71.050018, 42.39757], [-71.048145, 42.396633999999985], [-71.040568, 42.401982], [-71.039487, 42.40362600000001], [-71.04144400000001, 42.403898000000005], [-71.041159, 42.40453100000001], [-71.044384, 42.405421], [-71.043095, 42.408233], [-71.043795, 42.40827899999998], [-71.043259, 42.40935400000001], [-71.04339100000001, 42.41107599999999], [-71.038589, 42.411739], [-71.035629, 42.40964100000001], [-71.033442, 42.41338000000001], [-71.033181, 42.41420599999999], [-71.029036, 42.410354000000005], [-71.02797, 42.40872699999999], [-71.027115, 42.40778199999998], [-71.026898, 42.40733199999999], [-71.026826, 42.406432999999986], [-71.026004, 42.40579300000002], [-71.024901, 42.40590000000002], [-71.023847, 42.40532400000001], [-71.023278, 42.40554399999999], [-71.022855, 42.40512499999999], [-71.022442, 42.405474], [-71.02148, 42.405164000000006], [-71.020619, 42.40519199999999], [-71.02036, 42.405051999999976], [-71.020305, 42.404829], [-71.021191, 42.40423299999999], [-71.021169, 42.40392400000001], [-71.020828, 42.403513000000004], [-71.019981, 42.40372300000001], [-71.018715, 42.403709000000006], [-71.018088, 42.40335699999999], [-71.017826, 42.402883], [-71.017035, 42.40271499999999], [-71.01563, 42.402704000000014], [-71.013772, 42.402964], [-71.013007, 42.402864], [-71.010861, 42.401689000000005], [-71.009396, 42.401183], [-71.009445, 42.400475], [-71.009629, 42.40016700000001], [-71.013395, 42.39739799999999], [-71.016094, 42.395897], [-71.017794, 42.390697], [-71.020512, 42.38764099999999], [-71.022428, 42.386373], [-71.027712, 42.384041], [-71.031995, 42.38459700000001], [-71.033234, 42.384910000000005], [-71.034975, 42.385876], [-71.039427, 42.386858999999994], [-71.043264, 42.383594000000016], [-71.044298, 42.383209], [-71.047284, 42.38528399999999], [-71.048186, 42.385685999999986], [-71.055295, 42.38709700000002]]]}}, {"type": "Feature", "properties": {"district_name": "19th Suffolk District", "chamber": "house", "vintage": "2022-present", "lean_dem_share": 0.6172, "competitiveness": "Safe", "competitiveness_label": "Safe D", "party_favored": "Democratic", "url": "/district/house-19th-suffolk-district-2022-present/"}, "geometry": {"type": "Polygon", "coordinates": [[[-71.010363, 42.365031], [-71.006123, 42.376052], [-71.000206, 42.37775400000002], [-70.999326, 42.377737999999994], [-70.996694, 42.37874100000001], [-70.994648, 42.38114999999999], [-70.994634, 42.38271099999997], [-70.994239, 42.384647000000015], [-70.988281, 42.38710700000001], [-70.987836, 42.38694799999998], [-70.986798, 42.386956000000005], [-70.986053, 42.388116000000004], [-70.987289, 42.388734], [-70.987511, 42.38922900000001], [-70.987571, 42.390582], [-70.987113, 42.391985], [-70.987442, 42.39274200000001], [-70.989771, 42.393240000000006], [-70.993818, 42.392924], [-70.995361, 42.393813], [-70.996475, 42.396308000000005], [-70.998306, 42.396929], [-71.000683, 42.39681700000001], [-70.99667, 42.400588000000006], [-70.99868500000001, 42.40167099999999], [-71.001915, 42.40402699999999], [-71.00498, 42.40518900000001], [-71.003845, 42.405788000000015], [-71.002693, 42.40685300000001], [-71.002266, 42.406181], [-71.001762, 42.406738000000004], [-70.999137, 42.406018999999986], [-70.998016, 42.407481000000004], [-70.997932, 42.40834600000001], [-70.996935, 42.407973], [-70.996619, 42.409188], [-70.996224, 42.409832999999985], [-70.998675, 42.410681], [-70.999571, 42.40990699999999], [-71.000172, 42.40962399999999], [-70.99565100000001, 42.415816], [-70.999356, 42.417047], [-70.999698, 42.416417], [-71.00791, 42.416755], [-71.005076, 42.42060200000001], [-71.005053, 42.421431000000005], [-71.004022, 42.421904999999995], [-70.997234, 42.43105099999999], [-70.995714, 42.430855000000015], [-70.994849, 42.43115], [-70.992023, 42.43413499999999], [-70.99012, 42.43487700000001], [-70.987805, 42.43399799999998], [-70.985754, 42.432557], [-70.983708, 42.431663], [-70.982294, 42.431296], [-70.979894, 42.432396000000004], [-70.975194, 42.436896000000004], [-70.971594, 42.442696], [-70.968594, 42.444396], [-70.966293, 42.44349700000001], [-70.950793, 42.44429599999999], [-70.951393, 42.436996], [-70.952993, 42.42939599999999], [-70.959093, 42.41859699999998], [-70.962093, 42.412397000000006], [-70.959494, 42.407498000000004], [-70.924593, 42.386798], [-70.917892, 42.38599700000002], [-70.967048, 42.356954], [-70.967257, 42.35706900000001], [-70.96882, 42.35586600000001], [-70.968935, 42.35592500000001], [-70.972893, 42.35359699999999], [-70.985593, 42.356796999999986], [-70.986597, 42.364572], [-71.000736, 42.364818], [-71.000695, 42.36464], [-71.010363, 42.365031]]]}}, {"type": "Feature", "properties": {"district_name": "12th Bristol District", "chamber": "house", "vintage": "2022-present", "lean_dem_share": 0.4701, "competitiveness": "Lean", "competitiveness_label": "Lean R", "party_favored": "Republican", "url": "/district/house-12th-bristol-district-2022-present/"}, "geometry": {"type": "Polygon", "coordinates": [[[-71.11961, 41.790968000000014], [-71.119442, 41.79542600000001], [-71.118618, 41.797612999999984], [-71.117916, 41.79849599999999], [-71.117551, 41.79975300000001], [-71.117917, 41.80107999999999], [-71.119092, 41.803723000000005], [-71.119214, 41.805004000000004], [-71.118863, 41.80719100000001], [-71.118329, 41.808219000000015], [-71.116498, 41.809826], [-71.114911, 41.810762999999994], [-71.11236300000002, 41.813575], [-71.112699, 41.814915], [-71.114499, 41.816553], [-71.114972, 41.817445], [-71.115385, 41.818442999999995], [-71.116101, 41.822390000000006], [-71.117765, 41.824668], [-71.117643, 41.82520199999998], [-71.117292, 41.825956000000005], [-71.116468, 41.826718], [-71.115294, 41.827303], [-71.114743, 41.82808899999999], [-71.114926, 41.828859], [-71.114577, 41.82975], [-71.109516, 41.83169600000001], [-71.108839, 41.832719000000004], [-71.108259, 41.83568599999999], [-71.10838100000001, 41.83693200000002], [-71.109708, 41.839667], [-71.110685, 41.840643], [-71.110913, 41.841670000000015], [-71.110528, 41.843563000000024], [-71.110891, 41.84452699999999], [-71.112845, 41.84729400000002], [-71.112845, 41.84868000000001], [-71.112554, 41.848569], [-71.112389, 41.849207000000014], [-71.1117, 41.85053700000001], [-71.111264, 41.851043999999995], [-71.107918, 41.852693], [-71.107819, 41.85323899999999], [-71.10807400000002, 41.853672], [-71.108685, 41.85407000000001], [-71.108281, 41.855966], [-71.107388, 41.857609999999994], [-71.10729000000002, 41.859052000000005], [-71.106838, 41.859776999999994], [-71.104427, 41.860441], [-71.104275, 41.86060899999999], [-71.104916, 41.86362199999999], [-71.10487, 41.864178999999986], [-71.104397, 41.866804], [-71.104397, 41.86790299999999], [-71.10342, 41.86961200000001], [-71.103405, 41.870786], [-71.103115, 41.871275], [-71.102871, 41.871519], [-71.101971, 41.871855000000004], [-71.099743, 41.87242700000001], [-71.09457, 41.87277799999998], [-71.093594, 41.87300700000001], [-71.092963, 41.872901], [-71.093235, 41.872695000000014], [-71.09419, 41.87256599999999], [-71.07644600000002, 41.87297], [-71.072191, 41.86967799999999], [-71.05829500000002, 41.862675], [-71.055612, 41.872092], [-71.06453, 41.879737], [-71.066808, 41.884674], [-71.072672, 41.89355799999999], [-71.075981, 41.89551399999999], [-71.07913000000002, 41.896646999999966], [-71.080069, 41.89681999999998], [-71.082015, 41.896695000000015], [-71.082658, 41.896821], [-71.083663, 41.897474], [-71.085165, 41.898109], [-71.089024, 41.90113199999999], [-71.089851, 41.901614], [-71.089275, 41.901592], [-71.088891, 41.903546000000006], [-71.089818, 41.903654], [-71.089474, 41.90543499999999], [-71.088656, 41.90676500000001], [-71.090464, 41.90716099999999], [-71.090325, 41.907552000000024], [-71.089129, 41.90886400000001], [-71.08651, 41.91092600000001], [-71.090029, 41.91357300000001], [-71.089234, 41.91698999999999], [-71.089685, 41.919110000000025], [-71.083706, 41.919143], [-71.081053, 41.91846700000001], [-71.079592, 41.918497], [-71.077339, 41.918157], [-71.076211, 41.91814099999999], [-71.075715, 41.91829300000001], [-71.063346, 41.90326599999999], [-71.060236, 41.90286100000001], [-71.05808400000001, 41.90236599999999], [-71.05631, 41.901346999999994], [-71.055504, 41.901146], [-71.054709, 41.901738000000016], [-71.054316, 41.90254099999999], [-71.054305, 41.904147], [-71.053763, 41.904686999999996], [-71.053102, 41.904946999999986], [-71.05119, 41.90498300000003], [-71.048406, 41.904762000000005], [-71.04772500000001, 41.90441100000001], [-71.0468, 41.90280700000001], [-71.045114, 41.901521], [-71.045453, 41.899740999999985], [-71.045253, 41.898961], [-71.044866, 41.89826300000001], [-71.04394, 41.89726299999999], [-71.04234, 41.89595], [-71.04174900000001, 41.89520999999999], [-71.041701, 41.894836], [-71.042034, 41.89457300000001], [-71.04347, 41.894042999999996], [-71.043719, 41.894411999999996], [-71.043629, 41.895014], [-71.044205, 41.89523800000002], [-71.044984, 41.89490400000001], [-71.046047, 41.89408400000001], [-71.047241, 41.89347699999999], [-71.047221, 41.893254999999996], [-71.047002, 41.893128], [-71.045642, 41.89281000000001], [-71.04488, 41.89188199999999], [-71.044768, 41.89149200000001], [-71.046861, 41.891033], [-71.047321, 41.89053900000002], [-71.047319, 41.89003400000001], [-71.048541, 41.88924900000001], [-71.048713, 41.888749], [-71.048155, 41.88730199999999], [-71.047681, 41.886681000000024], [-71.046502, 41.88591900000001], [-71.044876, 41.885353], [-71.043791, 41.885465999999994], [-71.04338900000002, 41.88625000000002], [-71.042802, 41.886478], [-71.04253, 41.886255000000006], [-71.0426, 41.885944], [-71.043245, 41.88480899999999], [-71.043323, 41.88438399999999], [-71.042681, 41.883892], [-71.041983, 41.884085999999996], [-71.040857, 41.88543800000001], [-71.039989, 41.88568200000001], [-71.038729, 41.885771], [-71.037788, 41.885245000000005], [-71.038124, 41.883738999999984], [-71.037615, 41.88341], [-71.037012, 41.883583], [-71.035811, 41.88503499999999], [-71.035203, 41.885505], [-71.033778, 41.886363999999986], [-71.0326, 41.886770000000006], [-71.03208200000002, 41.886736000000006], [-71.030025, 41.88602600000001], [-71.029259, 41.88597400000001], [-71.0274, 41.88629799999999], [-71.025457, 41.886293000000016], [-71.024058, 41.886814], [-71.022651, 41.88778000000001], [-71.021762, 41.88885499999999], [-71.020921, 41.889302000000015], [-71.020508, 41.88941100000001], [-71.017782, 41.889357999999994], [-71.016825, 41.88971699999999], [-71.015773, 41.890622], [-71.015478, 41.89138299999999], [-71.014853, 41.89213299999997], [-71.013971, 41.892446], [-71.013107, 41.892399999999995], [-71.011875, 41.89004400000001], [-71.00862, 41.89051099999999], [-71.005519, 41.884583000000006], [-71.003344, 41.885068], [-71.003514, 41.88490100000001], [-71.003356, 41.884784999999994], [-71.003477, 41.88461800000001], [-71.003418, 41.88425100000002], [-71.003663, 41.88393600000001], [-71.00357200000002, 41.88368099999999], [-71.003709, 41.883684999999986], [-71.003512, 41.88345700000001], [-71.003597, 41.883019000000004], [-71.000322, 41.883939], [-70.997727, 41.884238], [-70.994983, 41.885107], [-70.992113, 41.889737999999994], [-70.993725, 41.891119], [-70.993793, 41.892573000000006], [-70.99363, 41.894349000000005], [-70.994453, 41.89703600000001], [-70.999705, 41.89690800000001], [-70.998959, 41.897708], [-70.996966, 41.900801], [-70.996071, 41.902798], [-70.995366, 41.903938000000004], [-70.993912, 41.90529099999999], [-70.993502, 41.90623500000002], [-70.992547, 41.90685400000001], [-70.991926, 41.907506999999995], [-70.99115, 41.909133], [-70.990984, 41.910059], [-70.992128, 41.91590800000001], [-70.993155, 41.91643100000001], [-70.993776, 41.91643], [-70.99431, 41.916002], [-70.994422, 41.91499499999999], [-70.995082, 41.91496800000001], [-70.995822, 41.91524000000001], [-70.996347, 41.915627000000015], [-70.996912, 41.916310000000024], [-70.997327, 41.917139999999996], [-70.997326, 41.919188], [-70.996814, 41.92117500000001], [-70.99720900000001, 41.922467], [-70.997223, 41.923111], [-70.996448, 41.92378600000001], [-70.994834, 41.922535], [-70.989878, 41.919261000000006], [-70.990088, 41.92009800000001], [-70.989387, 41.920101], [-70.985144, 41.91749400000001], [-70.984087, 41.91783999999999], [-70.98295, 41.918845000000005], [-70.97836, 41.92143399999999], [-70.976275, 41.920948], [-70.971987, 41.920462000000015], [-70.962845, 41.919928999999996], [-70.9623, 41.919064000000006], [-70.960144, 41.916531], [-70.956261, 41.913269000000014], [-70.946764, 41.909836], [-70.943986, 41.908380000000015], [-70.939098, 41.90613499999998], [-70.938423, 41.905614999999976], [-70.937692, 41.904596999999995], [-70.935652, 41.90476999999999], [-70.933986, 41.905288], [-70.930984, 41.90815200000001], [-70.929907, 41.90895699999999], [-70.929309, 41.910405], [-70.92799, 41.910565], [-70.926846, 41.912354000000015], [-70.926253, 41.91286], [-70.925939, 41.91287899999998], [-70.926911, 41.915192], [-70.927585, 41.916264], [-70.924398, 41.91761199999999], [-70.924007, 41.91793199999999], [-70.923327, 41.91952600000001], [-70.922246, 41.918490999999996], [-70.922069, 41.918125000000025], [-70.923186, 41.91726899999999], [-70.923891, 41.91642400000001], [-70.924949, 41.91587499999999], [-70.925066, 41.91550400000001], [-70.92468300000002, 41.91506400000001], [-70.923874, 41.914712999999985], [-70.921932, 41.914165000000004], [-70.921313, 41.913486000000006], [-70.92081, 41.91126999999999], [-70.922015, 41.910192], [-70.922191, 41.90984199999999], [-70.922161, 41.90955399999999], [-70.921588, 41.90924900000001], [-70.919778, 41.909085000000005], [-70.918499, 41.90864700000001], [-70.918043, 41.90892100000001], [-70.918147, 41.90952699999998], [-70.918044, 41.909712999999996], [-70.917, 41.909712], [-70.915086, 41.90833099999999], [-70.915023, 41.907545], [-70.905022, 41.908356999999995], [-70.896241, 41.908777999999984], [-70.887197, 41.91033100000002], [-70.881306, 41.911898], [-70.880728, 41.912198999999994], [-70.879395, 41.913374999999995], [-70.876049, 41.91541], [-70.875492, 41.91568899999999], [-70.874284, 41.91596200000001], [-70.874035, 41.91632899999998], [-70.874567, 41.918936], [-70.871549, 41.92238700000002], [-70.871119, 41.922696], [-70.870316, 41.92294299999999], [-70.866218, 41.923311000000005], [-70.864468, 41.924621999999985], [-70.862283, 41.926836], [-70.861934, 41.927566000000006], [-70.861496, 41.92996099999999], [-70.861164, 41.93090200000001], [-70.858589, 41.935558999999984], [-70.858151, 41.93684799999999], [-70.856752, 41.938074], [-70.855874, 41.9384], [-70.850577, 41.93842000000001], [-70.84512, 41.93887100000001], [-70.844418, 41.93908700000001], [-70.844204, 41.93937900000001], [-70.84395, 41.94048000000001], [-70.843563, 41.940756000000015], [-70.829827, 41.92769900000002], [-70.815504, 41.913627999999996], [-70.806889, 41.888270000000034], [-70.809312, 41.887392000000006], [-70.810854, 41.886553000000006], [-70.811554, 41.88640699999999], [-70.814198, 41.886427999999974], [-70.815707, 41.88604200000001], [-70.816716, 41.887076000000015], [-70.817532, 41.888802999999996], [-70.818388, 41.88979199999999], [-70.821131, 41.89148100000001], [-70.823171, 41.893513999999996], [-70.829168, 41.897314], [-70.83207, 41.89987899999999], [-70.833207, 41.90056700000001], [-70.834793, 41.90090200000001], [-70.83714, 41.901778], [-70.838844, 41.9029], [-70.839534, 41.90387299999999], [-70.840247, 41.90449399999999], [-70.843611, 41.90466699999999], [-70.845691, 41.904421], [-70.846144, 41.90369500000002], [-70.847252, 41.90294000000001], [-70.847812, 41.90272300000001], [-70.849131, 41.902591999999984], [-70.850632, 41.90194], [-70.851849, 41.90102499999999], [-70.853897, 41.89864000000001], [-70.856207, 41.898849999999996], [-70.855849, 41.898000000000025], [-70.855641, 41.89681100000001], [-70.855031, 41.89547600000001], [-70.851092, 41.89559399999998], [-70.84951200000002, 41.892926], [-70.848311, 41.892769], [-70.847234, 41.892205], [-70.846132, 41.89245100000001], [-70.845676, 41.891749999999995], [-70.845468, 41.890892], [-70.846096, 41.888013], [-70.846146, 41.88584100000002], [-70.846548, 41.885177000000006], [-70.847209, 41.884833], [-70.846941, 41.884461], [-70.848618, 41.883186], [-70.849645, 41.88198599999999], [-70.849971, 41.88188299999999], [-70.855311, 41.882221000000015], [-70.857856, 41.883407999999996], [-70.85906, 41.88360699999999], [-70.865881, 41.882821], [-70.86972, 41.882609], [-70.87242, 41.882145], [-70.875547, 41.88197999999999], [-70.877157, 41.88163100000001], [-70.87951, 41.88075599999998], [-70.881261, 41.883347], [-70.881449, 41.88435599999999], [-70.882126, 41.88561900000002], [-70.883509, 41.886181], [-70.88944, 41.89159999999999], [-70.891324, 41.89292699999999], [-70.893633, 41.894109], [-70.894418, 41.89556400000001], [-70.895903, 41.896546], [-70.897559, 41.896228], [-70.897731, 41.895677], [-70.898346, 41.89482399999999], [-70.90073000000001, 41.89397400000001], [-70.901984, 41.893922], [-70.90241700000001, 41.893609], [-70.902588, 41.893138000000015], [-70.901496, 41.89202999999999], [-70.901405, 41.891135000000006], [-70.902379, 41.890498], [-70.903202, 41.890407], [-70.904143, 41.89051799999999], [-70.90479, 41.890048], [-70.904718, 41.88974699999999], [-70.905557, 41.887922999999994], [-70.905521, 41.887028], [-70.90572, 41.886461], [-70.905136, 41.885692], [-70.905138, 41.885422000000005], [-70.906152, 41.88399499999999], [-70.908029, 41.88319899999998], [-70.90917, 41.882518], [-70.909318, 41.881592], [-70.909574, 41.881169], [-70.909329, 41.88015600000001], [-70.909401, 41.87984800000001], [-70.91073, 41.879713], [-70.910665, 41.87896699999999], [-70.911787, 41.878219000000016], [-70.913072, 41.87860299999999], [-70.914084, 41.87863500000001], [-70.914262, 41.87845699999998], [-70.91409, 41.87802700000001], [-70.914222, 41.877777000000016], [-70.914559, 41.877583000000016], [-70.915476, 41.87767500000001], [-70.91653900000001, 41.876806], [-70.916611, 41.87652900000001], [-70.916096, 41.874833], [-70.916327, 41.87257], [-70.91605800000002, 41.872350999999995], [-70.915066, 41.872316], [-70.914616, 41.872081], [-70.913035, 41.870596000000006], [-70.912968, 41.87024399999999], [-70.913182, 41.86993699999999], [-70.914624, 41.86904500000001], [-70.91492, 41.868431], [-70.916472, 41.86768299999998], [-70.916738, 41.86716700000001], [-70.915509, 41.86667299999999], [-70.915041, 41.866310999999996], [-70.915093, 41.866055999999986], [-70.915988, 41.865806000000006], [-70.915936, 41.86566900000002], [-70.914928, 41.86545599999999], [-70.914689, 41.86527500000001], [-70.915349, 41.86441399999999], [-70.913827, 41.86409999999999], [-70.913508, 41.86385900000001], [-70.91361, 41.86364900000001], [-70.914595, 41.86352], [-70.914447, 41.862132], [-70.914098, 41.861943000000004], [-70.913065, 41.86192999999999], [-70.912876, 41.861726999999995], [-70.913448, 41.860685], [-70.914321, 41.860587], [-70.914382, 41.86048300000001], [-70.914116, 41.86029399999999], [-70.914541, 41.859591], [-70.916262, 41.85992999999999], [-70.917748, 41.858715999999994], [-70.917709, 41.85852100000001], [-70.917181, 41.85814499999999], [-70.917264, 41.85780599999998], [-70.916899, 41.857502], [-70.916815, 41.85720000000001], [-70.917189, 41.856527000000014], [-70.917131, 41.85577700000002], [-70.918897, 41.852728000000006], [-70.91870500000002, 41.851943], [-70.893973, 41.828881], [-70.893454, 41.82790100000001], [-70.893777, 41.82659100000002], [-70.89864400000002, 41.81487700000002], [-70.8964, 41.794320000000006], [-71.026288, 41.778888], [-71.014591, 41.79956800000001], [-71.03657, 41.816525], [-71.088462, 41.817786999999996], [-71.093149, 41.81285], [-71.093197, 41.81173499999999], [-71.092887, 41.811676999999996], [-71.093115, 41.81159099999999], [-71.093014, 41.81142599999998], [-71.093348, 41.811413], [-71.093231, 41.81119], [-71.092844, 41.811074], [-71.092973, 41.81092000000001], [-71.092617, 41.810857], [-71.092902, 41.81075300000001], [-71.093349, 41.810927000000014], [-71.093385, 41.81075300000001], [-71.093078, 41.810383], [-71.0934, 41.81026500000001], [-71.093317, 41.81003400000001], [-71.092932, 41.809901999999994], [-71.093056, 41.809554999999996], [-71.09269900000001, 41.80942100000001], [-71.093161, 41.809025999999996], [-71.092829, 41.808467000000014], [-71.091933, 41.80839699999999], [-71.091723, 41.80822400000001], [-71.091531, 41.808374], [-71.091251, 41.80830999999999], [-71.090664, 41.808848], [-71.090699, 41.80905700000001], [-71.090047, 41.809377000000005], [-71.088713, 41.80911600000001], [-71.08767300000001, 41.807959], [-71.086697, 41.80575199999999], [-71.086465, 41.80479000000001], [-71.087722, 41.802492000000036], [-71.089091, 41.801786], [-71.091044, 41.801504000000016], [-71.092814, 41.800748999999996], [-71.094111, 41.79981800000002], [-71.095443, 41.79916999999998], [-71.095943, 41.79704100000001], [-71.101604, 41.79356199999999], [-71.102031, 41.79289800000001], [-71.102611, 41.790700999999984], [-71.103084, 41.789587], [-71.104686, 41.78798499999999], [-71.10898900000001, 41.784506], [-71.111583, 41.781560999999996], [-71.114489, 41.778800999999966], [-71.11961, 41.790968000000014]]]}}, {"type": "Feature", "properties": {"district_name": "1st Worcester District", "chamber": "house", "vintage": "2022-present", "lean_dem_share": 0.5427, "competitiveness": "Lean", "competitiveness_label": "Lean D", "party_favored": "Democratic", "url": "/district/house-1st-worcester-district-2022-present/"}, "geometry": {"type": "Polygon", "coordinates": [[[-72.035033, 42.403946999999995], [-72.007189, 42.421172], [-71.965412, 42.446625000000004], [-71.920293, 42.47453900000001], [-71.93319100000001, 42.482922999999985], [-71.91983500000002, 42.491447000000015], [-71.979686, 42.53231000000001], [-71.975522, 42.53591800000002], [-71.972522, 42.536171], [-71.959405, 42.546378999999995], [-71.963924, 42.549432], [-71.951807, 42.56031099999999], [-71.923503, 42.59541500000001], [-71.928022, 42.60200900000002], [-71.912929, 42.607772999999995], [-71.91303, 42.607381999999994], [-71.911409, 42.607868], [-71.910661, 42.6067], [-71.895295, 42.611602999999995], [-71.89597400000001, 42.612759999999994], [-71.89289500000001, 42.613778], [-71.892139, 42.612466000000005], [-71.883051, 42.61534200000001], [-71.883629, 42.616350000000004], [-71.880601, 42.617339000000015], [-71.882034, 42.619911], [-71.858659, 42.62902699999999], [-71.862343, 42.55805], [-71.860262, 42.558518000000014], [-71.856873, 42.558119000000005], [-71.855131, 42.558291], [-71.855591, 42.552055], [-71.862508, 42.55247399999999], [-71.862953, 42.544703000000005], [-71.837807, 42.543783], [-71.842326, 42.51263000000001], [-71.822289, 42.504306000000014], [-71.835604, 42.48359599999998], [-71.827799, 42.472061], [-71.827743, 42.471314], [-71.828195, 42.47011899999999], [-71.828226, 42.469258999999994], [-71.827614, 42.468046], [-71.82783, 42.467653999999996], [-71.827869, 42.46692899999999], [-71.827408, 42.466373000000004], [-71.827208, 42.465732], [-71.827348, 42.46554399999998], [-71.827317, 42.465169], [-71.827081, 42.464335], [-71.827267, 42.463640999999996], [-71.825568, 42.46314499999998], [-71.825329, 42.462911000000005], [-71.825366, 42.46234299999999], [-71.824061, 42.46181999999999], [-71.823905, 42.461607000000015], [-71.82400300000002, 42.461408], [-71.823681, 42.460097000000005], [-71.823972, 42.458956000000015], [-71.823564, 42.4582], [-71.823492, 42.45768399999999], [-71.823224, 42.457223000000006], [-71.821638, 42.45565800000001], [-71.821569, 42.45520599999999], [-71.822007, 42.45490499999999], [-71.822012, 42.454497999999994], [-71.820737, 42.45334199999999], [-71.820082, 42.45200900000002], [-71.820256, 42.451585999999985], [-71.820893, 42.450931999999995], [-71.821025, 42.45049900000001], [-71.819489, 42.450196000000005], [-71.819103, 42.449877], [-71.818951, 42.44958799999999], [-71.819011, 42.449014], [-71.819418, 42.448804], [-71.819418, 42.448648000000006], [-71.819111, 42.448042], [-71.818801, 42.447925000000005], [-71.818482, 42.44746700000001], [-71.81841, 42.44701899999999], [-71.817887, 42.446608000000005], [-71.81532, 42.445807000000016], [-71.81387, 42.44581799999999], [-71.813257, 42.44565099999999], [-71.813101, 42.445348999999986], [-71.813843, 42.444814999999984], [-71.814203, 42.444809], [-71.81456, 42.44455700000002], [-71.814665, 42.444401000000006], [-71.814231, 42.443999], [-71.831745, 42.431826], [-71.817778, 42.403955999999994], [-71.824162, 42.404854], [-71.80204200000001, 42.331345000000006], [-71.884043, 42.281253], [-71.885641, 42.28457900000001], [-71.960534, 42.281424999999984], [-71.967291, 42.310682000000014], [-71.989406, 42.31018799999999], [-72.035033, 42.403946999999995]]]}}, {"type": "Feature", "properties": {"district_name": "13th Bristol District", "chamber": "house", "vintage": "2022-present", "lean_dem_share": 0.6204, "competitiveness": "Safe", "competitiveness_label": "Safe D", "party_favored": "Democratic", "url": "/district/house-13th-bristol-district-2022-present/"}, "geometry": {"type": "Polygon", "coordinates": [[[-70.972785, 41.660505999999984], [-70.947223, 41.66258599999999], [-70.951532, 41.65946700000002], [-70.952269, 41.65865700000001], [-70.953002, 41.65726699999999], [-70.953211, 41.65612899999999], [-70.953379, 41.652235], [-70.95285, 41.65217700000001], [-70.952863, 41.651578], [-70.952219, 41.650644999999976], [-70.95224, 41.65009600000001], [-70.95144, 41.648774], [-70.943156, 41.65195200000001], [-70.942846, 41.651390000000006], [-70.93908, 41.652102], [-70.941228, 41.65589899999999], [-70.939216, 41.656228000000006], [-70.938351, 41.65456600000001], [-70.93694200000002, 41.65250699999999], [-70.93607, 41.652671999999995], [-70.933411, 41.647028], [-70.933325, 41.646705999999995], [-70.93356800000001, 41.645824], [-70.933058, 41.64302600000001], [-70.938809, 41.642491], [-70.938987, 41.643398], [-70.951222, 41.64220199999999], [-70.949885, 41.63963800000002], [-70.949572, 41.63832200000001], [-70.945237, 41.63880999999999], [-70.944375, 41.634373], [-70.937279, 41.63518500000001], [-70.937021, 41.63384400000002], [-70.930498, 41.63454600000001], [-70.930211, 41.633182000000005], [-70.929115, 41.63154799999998], [-70.928156, 41.628271], [-70.926608, 41.62590999999998], [-70.92555, 41.624837], [-70.92425, 41.624990999999994], [-70.92434300000001, 41.62557000000001], [-70.922651, 41.625730999999995], [-70.923676, 41.63197799999999], [-70.921374, 41.632211999999996], [-70.920634, 41.632052], [-70.918235, 41.632497000000015], [-70.913182, 41.63450400000001], [-70.910282, 41.632004000000016], [-70.907582, 41.63050400000001], [-70.906695, 41.625134], [-70.906381, 41.624404000000006], [-70.904081, 41.62100399999999], [-70.897281, 41.61340400000001], [-70.878749, 41.591791999999984], [-70.911743, 41.58184], [-70.924782, 41.604803999999994], [-70.927282, 41.60880399999998], [-70.932347, 41.60820700000001], [-70.933009, 41.610986], [-70.934652, 41.610038], [-70.936423, 41.614370000000015], [-70.949731, 41.620932999999994], [-70.959753, 41.63683299999999], [-70.960454, 41.640225], [-70.969695, 41.648655000000005], [-70.972785, 41.660505999999984]]]}}, {"type": "Feature", "properties": {"district_name": "2nd Worcester District", "chamber": "house", "vintage": "2022-present", "lean_dem_share": 0.5146, "competitiveness": "Tossup", "competitiveness_label": "Tossup D", "party_favored": "Democratic", "url": "/district/house-2nd-worcester-district-2022-present/"}, "geometry": {"type": "Polygon", "coordinates": [[[-72.138952, 42.623946], [-72.116631, 42.62660699999999], [-72.075749, 42.625235], [-72.074498, 42.624247999999994], [-72.080084, 42.636046], [-72.080548, 42.63729600000002], [-72.080913, 42.639083000000014], [-72.081194, 42.64577800000002], [-72.081078, 42.647359], [-72.078109, 42.65683599999999], [-72.077962, 42.65783400000001], [-72.078019, 42.65925099999999], [-72.079358, 42.6662], [-72.079291, 42.667136], [-72.07901, 42.66788799999999], [-72.07827, 42.66889599999999], [-72.077057, 42.66992300000001], [-72.073335, 42.671732], [-72.068042, 42.67536599999998], [-72.067806, 42.67549600000001], [-72.067371, 42.675387], [-72.06735, 42.67570500000001], [-72.06765, 42.676169], [-72.067137, 42.676671999999996], [-72.066463, 42.676722], [-72.065046, 42.676446999999996], [-72.064179, 42.67654600000001], [-72.062847, 42.67752500000002], [-72.061553, 42.677918999999996], [-72.060614, 42.67861999999999], [-72.05779100000001, 42.678952], [-72.056999, 42.67918999999999], [-72.055127, 42.680677000000024], [-72.052367, 42.681741999999986], [-72.04993, 42.681621], [-72.047362, 42.680216], [-72.045469, 42.68270599999999], [-72.044855, 42.68245700000001], [-72.044215, 42.683263000000004], [-72.044991, 42.68565499999999], [-72.049269, 42.69017900000001], [-72.068114, 42.71130899999999], [-72.069066, 42.712089000000006], [-72.070895, 42.71323000000001], [-72.077673, 42.71620000000002], [-71.98157800000001, 42.71323199999999], [-71.931072, 42.712165999999996], [-71.898773, 42.711312000000014], [-71.897103, 42.70372799999999], [-71.869778, 42.68364700000001], [-71.865751, 42.684111], [-71.863754, 42.679550999999975], [-71.864076, 42.67955700000001], [-71.857757, 42.674982], [-71.856393, 42.667643000000005], [-71.858482, 42.633841], [-71.858659, 42.62902699999999], [-71.882034, 42.619911], [-71.880601, 42.617339000000015], [-71.883629, 42.616350000000004], [-71.883051, 42.61534200000001], [-71.892139, 42.612466000000005], [-71.89289500000001, 42.613778], [-71.89597400000001, 42.612759999999994], [-71.895295, 42.611602999999995], [-71.910661, 42.6067], [-71.911409, 42.607868], [-71.91303, 42.607381999999994], [-71.912929, 42.607772999999995], [-71.928022, 42.60200900000002], [-71.923503, 42.59541500000001], [-71.951807, 42.56031099999999], [-71.963924, 42.549432], [-71.959405, 42.546378999999995], [-71.972522, 42.536171], [-71.975522, 42.53591800000002], [-71.979686, 42.53231000000001], [-72.00138, 42.546614], [-72.082039, 42.49562300000001], [-72.082023, 42.49601], [-72.08165, 42.496713], [-72.081515, 42.49818799999999], [-72.081907, 42.49861], [-72.081903, 42.49885199999997], [-72.081248, 42.499038], [-72.080477, 42.498978999999984], [-72.080339, 42.49925400000001], [-72.082659, 42.500295000000015], [-72.082372, 42.501569], [-72.083146, 42.503757], [-72.083584, 42.50440300000001], [-72.084378, 42.504503], [-72.085006, 42.504937], [-72.084865, 42.50547799999999], [-72.083987, 42.50660899999999], [-72.083755, 42.50769799999998], [-72.083766, 42.50856300000001], [-72.084102, 42.509278], [-72.084548, 42.509518], [-72.084472, 42.510479000000004], [-72.084956, 42.511055], [-72.085289, 42.51205600000002], [-72.085909, 42.512684], [-72.086524, 42.51273800000001], [-72.086692, 42.512907], [-72.087487, 42.51427699999999], [-72.08841400000001, 42.51519900000002], [-72.088572, 42.51573200000001], [-72.090391, 42.51648899999999], [-72.090714, 42.51691499999999], [-72.091157, 42.51701199999999], [-72.091291, 42.51752700000001], [-72.090965, 42.51808399999998], [-72.091915, 42.518651], [-72.091921, 42.51970200000001], [-72.091253, 42.520072000000006], [-72.090835, 42.520650999999994], [-72.09162200000002, 42.52100799999999], [-72.091752, 42.52123200000002], [-72.092147, 42.52120000000001], [-72.092177, 42.52134100000001], [-72.091323, 42.52189700000001], [-72.091604, 42.52223699999999], [-72.09155, 42.52262399999999], [-72.091157, 42.52338], [-72.090636, 42.523799], [-72.09066400000002, 42.523979], [-72.095391, 42.53550599999996], [-72.126935, 42.57528800000001], [-72.121595, 42.57844299999999], [-72.124787, 42.610079999999996], [-72.124646, 42.61073900000002], [-72.124889, 42.610897], [-72.124821, 42.611346000000005], [-72.125221, 42.611704999999986], [-72.126118, 42.611798999999976], [-72.126421, 42.611597], [-72.127266, 42.611932999999986], [-72.127812, 42.61181900000001], [-72.128699, 42.61205199999997], [-72.129742, 42.612842], [-72.129651, 42.61329899999999], [-72.130113, 42.61359399999998], [-72.130024, 42.613755999999995], [-72.130429, 42.613911], [-72.130612, 42.614368], [-72.130851, 42.614457000000016], [-72.130812, 42.61466], [-72.13148, 42.61453900000001], [-72.131836, 42.61475600000001], [-72.131413, 42.615006], [-72.131936, 42.61504699999998], [-72.131474, 42.61544], [-72.131857, 42.615881000000016], [-72.13218, 42.615975], [-72.132085, 42.616541], [-72.132461, 42.61662900000001], [-72.132599, 42.616907000000005], [-72.133201, 42.616488], [-72.13362, 42.616789999999995], [-72.134001, 42.61678400000001], [-72.134238, 42.61722600000001], [-72.134452, 42.61717600000001], [-72.134263, 42.61791200000001], [-72.134709, 42.618002], [-72.134635, 42.61844899999999], [-72.13548, 42.61857100000001], [-72.135838, 42.619006000000006], [-72.136228, 42.61915599999999], [-72.136178, 42.61976400000001], [-72.13579, 42.620070999999996], [-72.13564, 42.620453], [-72.136036, 42.62058500000002], [-72.135954, 42.62080000000002], [-72.136234, 42.620784], [-72.136135, 42.621141000000016], [-72.136741, 42.621054999999984], [-72.136507, 42.621446], [-72.136894, 42.62159699999999], [-72.137153, 42.621928], [-72.136987, 42.622586], [-72.13817, 42.62285500000001], [-72.138806, 42.62363100000001], [-72.138666, 42.62385900000001], [-72.138952, 42.623946]]]}}, {"type": "Feature", "properties": {"district_name": "14th Bristol District", "chamber": "house", "vintage": "2022-present", "lean_dem_share": 0.5705, "competitiveness": "Likely", "competitiveness_label": "Likely D", "party_favored": "Democratic", "url": "/district/house-14th-bristol-district-2022-present/"}, "geometry": {"type": "Polygon", "coordinates": [[[-71.381439, 41.914816], [-71.381299, 41.98508399999999], [-71.364344, 41.985293], [-71.28826500000001, 42.014462], [-71.21158, 42.04442800000001], [-71.218221, 42.03517399999999], [-71.218199, 42.03455600000001], [-71.218723, 42.03332], [-71.218459, 42.0301], [-71.215142, 42.030507], [-71.215008, 42.029132], [-71.215324, 42.02908999999997], [-71.21477, 42.027115000000016], [-71.216115, 42.02687499999998], [-71.214366, 42.024966], [-71.22379, 42.023423], [-71.223994, 42.02425000000002], [-71.225173, 42.02533500000003], [-71.260361, 41.975674], [-71.243383, 41.95384500000001], [-71.247136, 41.95446999999999], [-71.252503, 41.95454899999999], [-71.254999, 41.95438], [-71.257733, 41.95394299999998], [-71.262526, 41.95414399999999], [-71.264626, 41.95399000000001], [-71.269449, 41.95273399999999], [-71.275702, 41.949934], [-71.276367, 41.949556999999984], [-71.280414, 41.946364], [-71.281377, 41.94429999999999], [-71.282477, 41.94472], [-71.283358, 41.944669], [-71.284387, 41.95063999999999], [-71.28479700000001, 41.950606], [-71.285059, 41.950159000000006], [-71.285565, 41.94997800000001], [-71.285736, 41.949556], [-71.285997, 41.949432999999985], [-71.286701, 41.94960400000001], [-71.287188, 41.949392], [-71.287826, 41.95002300000001], [-71.288569, 41.94980199999999], [-71.289595, 41.950150000000015], [-71.290069, 41.949954999999996], [-71.289859, 41.951807], [-71.28824, 41.95568300000002], [-71.287623, 41.958183], [-71.288054, 41.96206399999999], [-71.28964700000002, 41.964829999999985], [-71.290533, 41.965991], [-71.291372, 41.96825600000001], [-71.291466, 41.96949400000001], [-71.291074, 41.97186099999999], [-71.33595800000002, 41.940785999999996], [-71.381439, 41.914816]]]}}, {"type": "Feature", "properties": {"district_name": "3rd Worcester District", "chamber": "house", "vintage": "2022-present", "lean_dem_share": 0.5772, "competitiveness": "Likely", "competitiveness_label": "Likely D", "party_favored": "Democratic", "url": "/district/house-3rd-worcester-district-2022-present/"}, "geometry": {"type": "Polygon", "coordinates": [[[-71.862953, 42.544703000000005], [-71.862508, 42.55247399999999], [-71.855591, 42.552055], [-71.855131, 42.558291], [-71.856873, 42.558119000000005], [-71.860262, 42.558518000000014], [-71.862343, 42.55805], [-71.858483, 42.633815], [-71.844843, 42.63798500000001], [-71.775325, 42.63666300000001], [-71.773451, 42.61456799999999], [-71.770887, 42.603662], [-71.77197, 42.58597100000002], [-71.770606, 42.586689], [-71.768992, 42.587236999999995], [-71.765927, 42.589592999999994], [-71.759419, 42.59181000000001], [-71.756158, 42.593962000000005], [-71.754779, 42.594608], [-71.751926, 42.595263], [-71.74813, 42.595152999999996], [-71.744966, 42.595668], [-71.744274, 42.59587200000001], [-71.742024, 42.597014999999985], [-71.739986, 42.59728200000001], [-71.73592, 42.59838899999999], [-71.734885, 42.598229999999994], [-71.730071, 42.595528000000016], [-71.726107, 42.59469500000001], [-71.725142, 42.59474], [-71.724601, 42.59506799999998], [-71.723905, 42.594183], [-71.723876, 42.59322199999999], [-71.726276, 42.589496], [-71.729038, 42.587703000000005], [-71.729707, 42.586975], [-71.72995200000001, 42.586042], [-71.730118, 42.58419100000002], [-71.730776, 42.582953999999994], [-71.731607, 42.582233999999985], [-71.731966, 42.58156800000001], [-71.732412, 42.581454999999984], [-71.732841, 42.58218300000001], [-71.73329, 42.582212], [-71.735237, 42.581748000000005], [-71.737871, 42.580824], [-71.737975, 42.580592], [-71.737778, 42.579719], [-71.737901, 42.57936800000002], [-71.738415, 42.578587000000006], [-71.73912, 42.578144], [-71.739729, 42.577045000000005], [-71.740446, 42.57657100000001], [-71.741187, 42.57658300000001], [-71.742751, 42.577358999999994], [-71.744299, 42.577844], [-71.744729, 42.57792399999999], [-71.746152, 42.57770399999999], [-71.748339, 42.576219000000016], [-71.747554, 42.57245500000001], [-71.76295, 42.56392400000001], [-71.757247, 42.562068], [-71.755875, 42.56117000000001], [-71.754096, 42.559456], [-71.75045, 42.553461999999996], [-71.747769, 42.549935], [-71.749869, 42.54975900000001], [-71.749149, 42.54905000000001], [-71.749679, 42.54520199999998], [-71.754166, 42.54605199999999], [-71.757766, 42.548567999999996], [-71.760362, 42.54762200000001], [-71.761951, 42.549808000000006], [-71.761588, 42.55190399999999], [-71.764287, 42.55505600000001], [-71.76918, 42.558142000000004], [-71.771342, 42.559248], [-71.786023, 42.551047000000004], [-71.78937, 42.550931], [-71.797118, 42.552551000000015], [-71.798699, 42.552594000000006], [-71.800126, 42.552110000000006], [-71.803752, 42.548897], [-71.804663, 42.548261999999994], [-71.806546, 42.54747200000001], [-71.8079, 42.54716400000001], [-71.814214, 42.54725300000001], [-71.819247, 42.54659899999999], [-71.821281, 42.546539], [-71.824201, 42.54712700000001], [-71.830045, 42.54888500000001], [-71.831321, 42.54903900000001], [-71.832831, 42.54900200000001], [-71.837123, 42.548551], [-71.837807, 42.543783], [-71.862953, 42.544703000000005]]]}}, {"type": "Feature", "properties": {"district_name": "1st Essex District", "chamber": "house", "vintage": "2022-present", "lean_dem_share": 0.6555, "competitiveness": "Safe", "competitiveness_label": "Safe D", "party_favored": "Democratic", "url": "/district/house-1st-essex-district-2022-present/"}, "geometry": {"type": "Polygon", "coordinates": [[[-71.054005, 42.83328199999999], [-71.04492, 42.848667000000006], [-71.031201, 42.859086999999995], [-71.023519, 42.860530999999995], [-71.016339, 42.86168200000001], [-70.967018, 42.86880000000001], [-70.948984, 42.87619099999999], [-70.929594, 42.885032000000045], [-70.914631, 42.88664799999999], [-70.903533, 42.88677800000001], [-70.885602, 42.882834], [-70.847718, 42.86086699999999], [-70.836725, 42.864680000000014], [-70.829693, 42.868725000000005], [-70.820238, 42.87178700000001], [-70.813832, 42.872298000000015], [-70.814131, 42.862679000000014], [-70.814116, 42.857254], [-70.813978, 42.85381699999999], [-70.813593, 42.849951000000004], [-70.812224, 42.844588], [-70.811748, 42.842074999999966], [-70.811194, 42.833530999999994], [-70.810315, 42.827234999999995], [-70.809845, 42.825084999999994], [-70.807341, 42.818661], [-70.805871, 42.812579], [-70.808151, 42.81170500000001], [-70.841045, 42.795908], [-70.862965, 42.801550000000006], [-70.874866, 42.79805499999999], [-70.890802, 42.7943], [-70.891342, 42.79453900000002], [-70.89326, 42.79486899999999], [-70.894354, 42.795369], [-70.895789, 42.796286], [-70.896047, 42.79667], [-70.897537, 42.79741899999999], [-70.897906, 42.797774999999994], [-70.897963, 42.79836000000002], [-70.905122, 42.797441], [-70.917388, 42.78746999999999], [-70.930809, 42.802690999999996], [-70.931557, 42.805448000000005], [-70.931569, 42.80640399999999], [-70.931085, 42.807092], [-70.929905, 42.808139000000004], [-70.929622, 42.80881100000001], [-70.92988700000001, 42.810178], [-70.930132, 42.81062800000001], [-70.931246, 42.811465999999996], [-70.931591, 42.812116], [-70.931503, 42.813567000000006], [-70.93072, 42.814283999999994], [-70.930663, 42.814595000000004], [-70.931085, 42.81493900000001], [-70.931834, 42.815120999999984], [-70.932787, 42.81506700000001], [-70.933719, 42.815667000000005], [-70.934604, 42.816527], [-70.934558, 42.816962000000004], [-70.934089, 42.81760099999999], [-70.934201, 42.817849], [-70.934685, 42.81791499999999], [-70.93554, 42.817626999999995], [-70.93585, 42.81773100000001], [-70.936183, 42.818456000000005], [-70.93783, 42.819615999999996], [-70.940294, 42.822548000000005], [-70.938944, 42.823326000000016], [-70.936991, 42.825631], [-70.933888, 42.828017], [-70.933131, 42.829249000000004], [-70.932354, 42.831072000000006], [-70.931461, 42.83218899999999], [-70.928788, 42.83457200000001], [-70.925323, 42.838365000000024], [-70.923302, 42.839904], [-70.922146, 42.84055699999999], [-70.920842, 42.84103900000001], [-70.91931500000001, 42.841273000000015], [-70.917638, 42.84128299999999], [-70.915689, 42.840669], [-70.914778, 42.839281], [-70.91401, 42.836796], [-70.913559, 42.83591499999999], [-70.912901, 42.835152], [-70.911473, 42.834371000000004], [-70.908311, 42.833645000000004], [-70.904946, 42.83372799999999], [-70.904198, 42.83389], [-70.899832, 42.847386000000014], [-70.904846, 42.860615], [-70.905974, 42.85907600000001], [-70.909056, 42.857492], [-70.910232, 42.856703], [-70.912968, 42.85532899999998], [-70.916727, 42.854309], [-70.918081, 42.853381999999996], [-70.92087, 42.854222], [-70.92195400000001, 42.853678000000016], [-70.923755, 42.856466], [-70.925454, 42.857603], [-70.926284, 42.85650199999999], [-70.92663000000002, 42.856244], [-70.92695, 42.856342], [-70.927483, 42.85571000000002], [-70.929192, 42.85663600000001], [-70.929712, 42.857204], [-70.930642, 42.85764600000003], [-70.930867, 42.857248000000006], [-70.939605, 42.854608000000006], [-70.9431, 42.853978], [-70.9443, 42.853979000000024], [-70.943735, 42.853644], [-70.944126, 42.853129], [-70.943805, 42.852716999999984], [-70.94357500000001, 42.85204200000001], [-70.943055, 42.851676], [-70.942418, 42.85156200000001], [-70.941656, 42.84942600000001], [-70.942441, 42.84777699999998], [-70.94331700000001, 42.84658799999999], [-70.941885, 42.845376], [-70.938171, 42.845844], [-70.936958, 42.84564900000001], [-70.937288, 42.844832], [-70.937371, 42.842629], [-70.936605, 42.839890000000004], [-70.958965, 42.835504], [-70.963673, 42.834957999999986], [-70.974762, 42.83432500000001], [-70.96918, 42.822495999999994], [-70.970809, 42.82334], [-70.97242300000002, 42.823943], [-70.977141, 42.824473999999995], [-70.979931, 42.824562], [-70.986112, 42.82372999999999], [-70.99101000000002, 42.822168], [-70.99271, 42.82190699999999], [-70.99506, 42.82186], [-70.996536, 42.82142099999999], [-70.998229, 42.820433], [-70.999766, 42.819170000000014], [-71.000741, 42.818189999999994], [-71.001158, 42.817263], [-71.001362, 42.815312], [-71.001194, 42.813685], [-71.00084, 42.812509], [-70.999611, 42.81054499999998], [-71.054005, 42.83328199999999]]]}}, {"type": "Feature", "properties": {"district_name": "4th Worcester District", "chamber": "house", "vintage": "2022-present", "lean_dem_share": 0.5625, "competitiveness": "Likely", "competitiveness_label": "Likely D", "party_favored": "Democratic", "url": "/district/house-4th-worcester-district-2022-present/"}, "geometry": {"type": "Polygon", "coordinates": [[[-71.842326, 42.51263000000001], [-71.837123, 42.548551], [-71.832831, 42.54900200000001], [-71.83088, 42.54901800000001], [-71.829067, 42.548641999999994], [-71.822928, 42.546794], [-71.821281, 42.546539], [-71.819247, 42.54659899999999], [-71.814214, 42.54725300000001], [-71.8079, 42.54716400000001], [-71.806546, 42.54747200000001], [-71.804663, 42.548261999999994], [-71.803752, 42.548897], [-71.800126, 42.552110000000006], [-71.798699, 42.552594000000006], [-71.797118, 42.552551000000015], [-71.78937, 42.550931], [-71.786023, 42.551047000000004], [-71.771342, 42.559248], [-71.76918, 42.558142000000004], [-71.764287, 42.55505600000001], [-71.761588, 42.55190399999999], [-71.761951, 42.549808000000006], [-71.760362, 42.54762200000001], [-71.757766, 42.548567999999996], [-71.754166, 42.54605199999999], [-71.749679, 42.54520199999998], [-71.749149, 42.54905000000001], [-71.749869, 42.54975900000001], [-71.747769, 42.549935], [-71.75045, 42.553461999999996], [-71.754096, 42.559456], [-71.755875, 42.56117000000001], [-71.757247, 42.562068], [-71.76295, 42.56392400000001], [-71.745072, 42.573859999999996], [-71.720417, 42.55232900000001], [-71.711231, 42.535354000000005], [-71.702236, 42.53389499999997], [-71.712384, 42.52132899999999], [-71.71674, 42.518971], [-71.728385, 42.475128000000005], [-71.830019, 42.49218600000001], [-71.822289, 42.504306000000014], [-71.842326, 42.51263000000001]]]}}, {"type": "Feature", "properties": {"district_name": "15th Norfolk District", "chamber": "house", "vintage": "2022-present", "lean_dem_share": 0.8747, "competitiveness": "Safe", "competitiveness_label": "Safe D", "party_favored": "Democratic", "url": "/district/house-15th-norfolk-district-2022-present/"}, "geometry": {"type": "Polygon", "coordinates": [[[-71.14321, 42.33451999999999], [-71.142, 42.33536000000001], [-71.14149, 42.33617], [-71.14146, 42.33646999999999], [-71.140428, 42.336356], [-71.13909, 42.33595999999999], [-71.139341, 42.33717600000001], [-71.13844, 42.337360000000004], [-71.138555, 42.33769199999999], [-71.136333, 42.33820600000001], [-71.137211, 42.338726999999984], [-71.1352, 42.33923000000001], [-71.13802, 42.34114000000001], [-71.137432, 42.34164499999999], [-71.136679, 42.34163099999999], [-71.138809, 42.34308699999999], [-71.13515500000001, 42.34602300000001], [-71.133381, 42.347122000000006], [-71.129281, 42.34906699999999], [-71.128583, 42.349833000000004], [-71.126854, 42.35008799999999], [-71.124067, 42.351552], [-71.122942, 42.35141599999997], [-71.122855, 42.351860999999985], [-71.10657, 42.349912], [-71.107213, 42.347049000000005], [-71.105516, 42.343812], [-71.106072, 42.34358299999999], [-71.10651400000002, 42.34310599999999], [-71.10802700000002, 42.34247799999999], [-71.10849, 42.34183699999999], [-71.109553, 42.34149399999999], [-71.110579, 42.340443], [-71.110885, 42.338884], [-71.111559, 42.33738100000001], [-71.110708, 42.336307999999995], [-71.11099, 42.335757], [-71.110533, 42.33532999999999], [-71.112192, 42.333801000000015], [-71.113212, 42.332458], [-71.113575, 42.330467000000006], [-71.11504, 42.32730800000001], [-71.115271, 42.326933999999994], [-71.115965, 42.32637900000001], [-71.115929, 42.325855], [-71.116446, 42.32589299999998], [-71.117464, 42.32527600000001], [-71.11795400000001, 42.32522000000001], [-71.12021, 42.32618], [-71.11869, 42.32867999999999], [-71.12038000000001, 42.330450000000006], [-71.12424, 42.32914], [-71.12312, 42.32758999999999], [-71.122, 42.32643000000001], [-71.122632, 42.325416000000004], [-71.123506, 42.325835], [-71.124452, 42.32666199999999], [-71.12471, 42.326109999999986], [-71.12638, 42.32655999999999], [-71.12679000000001, 42.326820000000005], [-71.126516, 42.325375], [-71.12656, 42.32434000000001], [-71.127841, 42.32434000000001], [-71.12827, 42.32474], [-71.12937, 42.32755000000001], [-71.13093, 42.3274], [-71.131638, 42.327025], [-71.13278, 42.328579999999995], [-71.1329, 42.32912], [-71.13273, 42.32971999999998], [-71.13295, 42.32998000000001], [-71.139, 42.332110000000014], [-71.1407, 42.33307], [-71.141976, 42.333411], [-71.14321, 42.33451999999999]]]}}, {"type": "Feature", "properties": {"district_name": "20th Middlesex District", "chamber": "house", "vintage": "2022-present", "lean_dem_share": 0.5535, "competitiveness": "Likely", "competitiveness_label": "Likely D", "party_favored": "Democratic", "url": "/district/house-20th-middlesex-district-2022-present/"}, "geometry": {"type": "Polygon", "coordinates": [[[-71.136742, 42.55346399999999], [-71.130524, 42.583209999999994], [-71.135456, 42.59911600000001], [-71.076167, 42.60413599999999], [-71.058766, 42.60907700000001], [-71.054558, 42.627652000000005], [-71.02231, 42.641636], [-70.985938, 42.62204100000001], [-70.987826, 42.620792999999985], [-70.988193, 42.62018499999999], [-70.988238, 42.619477], [-70.989022, 42.619548000000016], [-70.989038, 42.619817999999995], [-70.989998, 42.620062999999995], [-70.992119, 42.62008900000001], [-70.99458, 42.619056], [-70.996288, 42.61685100000001], [-70.996942, 42.616432], [-70.999273, 42.61701800000002], [-70.99968000000001, 42.61600399999999], [-71.00088800000002, 42.61497], [-71.001724, 42.61535099999998], [-71.001778, 42.615584], [-71.002559, 42.616066000000004], [-71.003208, 42.616811], [-71.003388, 42.617292], [-71.004348, 42.616889000000015], [-71.002862, 42.61509600000001], [-71.002475, 42.613949999999996], [-71.001621, 42.613173999999994], [-71.001206, 42.61203399999999], [-71.001007, 42.61086000000002], [-71.001304, 42.609109000000004], [-71.00022, 42.60830700000001], [-71.000047, 42.60655], [-71.000314, 42.60602299999999], [-71.002874, 42.60452800000003], [-71.002743, 42.604169999999996], [-71.002913, 42.60311599999999], [-71.002764, 42.601549999999996], [-71.002835, 42.60093200000001], [-71.003297, 42.600121], [-71.003219, 42.599105], [-71.002, 42.597909], [-71.001037, 42.596462], [-70.996639, 42.595737], [-70.997395, 42.594944999999996], [-70.998261, 42.59362399999999], [-70.999095, 42.593091], [-70.999497, 42.592418], [-70.999826, 42.591156000000026], [-71.000206, 42.590415], [-71.000648, 42.589772999999994], [-71.001073, 42.58945], [-71.000863, 42.58873000000001], [-71.000103, 42.58819], [-70.999288, 42.587885000000014], [-70.998776, 42.587396000000005], [-70.997545, 42.58460699999999], [-70.998025, 42.583349000000005], [-70.997567, 42.582328999999994], [-70.998325, 42.581858999999994], [-71.000001, 42.581313999999985], [-71.001551, 42.580318000000005], [-70.993447, 42.573939], [-70.993881, 42.57369], [-70.995089, 42.573702999999995], [-70.994408, 42.57244500000001], [-70.995923, 42.57221299999999], [-70.995073, 42.57154400000002], [-70.995158, 42.57127800000001], [-70.995518, 42.57158199999998], [-70.99588, 42.571001], [-70.996363, 42.57093900000002], [-70.996469, 42.571082000000004], [-70.996228, 42.571535000000004], [-70.996767, 42.57128], [-70.996687, 42.57098300000001], [-70.997017, 42.570217], [-70.995843, 42.57016500000001], [-70.996004, 42.569898], [-70.996472, 42.570007000000025], [-70.996512, 42.569769], [-70.996877, 42.569573000000005], [-70.996392, 42.56919900000001], [-70.996404, 42.56893100000001], [-70.996666, 42.568806999999985], [-70.997195, 42.569105999999984], [-70.997351, 42.568886], [-70.997044, 42.568666], [-70.997374, 42.56838299999999], [-70.997936, 42.56835199999999], [-70.997069, 42.56788000000002], [-70.997056, 42.56771600000002], [-70.997915, 42.567045], [-70.9987, 42.567041], [-70.999432, 42.566776], [-71.000123, 42.566229000000014], [-71.000635, 42.56624099999999], [-71.001284, 42.56554400000001], [-71.002032, 42.56557600000001], [-71.002003, 42.565047], [-71.002297, 42.564018999999995], [-71.002921, 42.563322], [-71.00328, 42.564265999999996], [-71.003261, 42.56497499999999], [-71.003438, 42.56507400000002], [-71.004022, 42.565195], [-71.006354, 42.56497900000001], [-71.007487, 42.56463099999999], [-71.008194, 42.5641], [-71.008714, 42.564122999999995], [-71.009127, 42.564724000000005], [-71.009777, 42.564852], [-71.011463, 42.56572900000002], [-71.012599, 42.566104], [-71.014317, 42.56715], [-71.015131, 42.567893], [-71.018656, 42.568025], [-71.020004, 42.568343], [-71.020266, 42.56856199999999], [-71.020929, 42.568692999999996], [-71.021201, 42.56988999999999], [-71.023443, 42.570391], [-71.02397, 42.569534000000004], [-71.024445, 42.569356000000006], [-71.027246, 42.56959599999999], [-71.029317, 42.56997899999999], [-71.02981, 42.565157], [-71.034847, 42.56550000000002], [-71.031558, 42.551203], [-71.005288, 42.52299200000001], [-70.986911, 42.511774], [-70.98934, 42.511686000000005], [-70.992966, 42.512267], [-70.99143, 42.51110899999999], [-70.988641, 42.509537], [-70.988372, 42.509214], [-70.995308, 42.50557200000001], [-70.996886, 42.507012], [-71.001736, 42.50707800000001], [-71.011623, 42.50164800000001], [-71.035839, 42.50519200000001], [-71.035739, 42.50573599999999], [-71.035424, 42.50590900000001], [-71.035404, 42.506377], [-71.034929, 42.506679000000005], [-71.034898, 42.507054], [-71.03563200000002, 42.50756299999998], [-71.035553, 42.508313], [-71.035876, 42.508392], [-71.03573, 42.50863900000002], [-71.036305, 42.50900200000001], [-71.036206, 42.50926999999999], [-71.036529, 42.509508000000004], [-71.036457, 42.50969300000001], [-71.036756, 42.50997399999999], [-71.037048, 42.509999000000015], [-71.036926, 42.51045899999998], [-71.036497, 42.510828], [-71.03667400000002, 42.511557999999994], [-71.036556, 42.51243500000001], [-71.036911, 42.512541000000006], [-71.037496, 42.513287], [-71.038298, 42.513750000000016], [-71.038383, 42.51418899999999], [-71.039467, 42.51445799999999], [-71.039259, 42.51484100000002], [-71.038274, 42.515692], [-71.038296, 42.516242000000005], [-71.038516, 42.51642300000002], [-71.038907, 42.516341], [-71.039036, 42.51648999999999], [-71.038888, 42.51674100000001], [-71.040261, 42.51742099999999], [-71.040127, 42.518809999999995], [-71.040325, 42.519292999999976], [-71.040989, 42.51984700000001], [-71.04108, 42.520123000000005], [-71.040913, 42.521718], [-71.039883, 42.522411000000005], [-71.039287, 42.523205], [-71.038736, 42.52353800000001], [-71.038599, 42.523959999999995], [-71.038905, 42.52458200000001], [-71.040004, 42.525189], [-71.040983, 42.52626200000001], [-71.057662, 42.52417899999999], [-71.058209, 42.523914999999995], [-71.058447, 42.523610000000005], [-71.05902, 42.523872000000004], [-71.059109, 42.524089999999994], [-71.060069, 42.52430699999999], [-71.060744, 42.525239], [-71.061478, 42.525034999999995], [-71.062026, 42.52427599999997], [-71.06327600000002, 42.524659000000014], [-71.063784, 42.52462899999999], [-71.064241, 42.52440400000001], [-71.065395, 42.524779], [-71.066354, 42.52481], [-71.067122, 42.52536999999999], [-71.067324, 42.52522099999999], [-71.067263, 42.52494200000001], [-71.067567, 42.52468], [-71.07515, 42.531035], [-71.079865, 42.526709], [-71.082981, 42.532028999999994], [-71.084796, 42.53408700000001], [-71.085428, 42.535306], [-71.086476, 42.53507400000002], [-71.087507, 42.535282999999986], [-71.08749500000002, 42.53550399999999], [-71.088596, 42.537244999999984], [-71.089537, 42.53702799999999], [-71.091974, 42.537679000000004], [-71.092746, 42.536760000000015], [-71.094073, 42.537151], [-71.094836, 42.53623500000001], [-71.098157, 42.53386299999999], [-71.099457, 42.532553], [-71.100163, 42.53113299999999], [-71.102405, 42.527915], [-71.102016, 42.52657100000001], [-71.10218000000002, 42.52574899999999], [-71.1035, 42.525784000000016], [-71.106197, 42.527092999999994], [-71.110952, 42.526416000000005], [-71.112676, 42.525993000000014], [-71.114652, 42.525244], [-71.115386, 42.525915999999995], [-71.116659, 42.52540599999999], [-71.11951200000001, 42.527335], [-71.119795, 42.52832600000001], [-71.12274, 42.530465000000014], [-71.12107000000002, 42.53126300000002], [-71.119142, 42.531943], [-71.119754, 42.533437999999975], [-71.119573, 42.534147000000004], [-71.119054, 42.534960999999996], [-71.119152, 42.53540099999999], [-71.119725, 42.536015000000006], [-71.122225, 42.537330999999995], [-71.1231, 42.53898100000001], [-71.124525, 42.54048899999999], [-71.125528, 42.541962999999996], [-71.127028, 42.54325], [-71.126886, 42.54406500000003], [-71.127057, 42.54451100000001], [-71.12766, 42.54518899999999], [-71.128941, 42.54620700000001], [-71.130141, 42.54682300000002], [-71.13273, 42.54711100000001], [-71.134922, 42.546204], [-71.136742, 42.55346399999999]]]}}, {"type": "Feature", "properties": {"district_name": "1st Plymouth District", "chamber": "house", "vintage": "2022-present", "lean_dem_share": 0.5611, "competitiveness": "Likely", "competitiveness_label": "Likely D", "party_favored": "Democratic", "url": "/district/house-1st-plymouth-district-2022-present/"}, "geometry": {"type": "Polygon", "coordinates": [[[-70.751154, 41.92714100000001], [-70.748164, 41.92745899999999], [-70.745348, 41.92829], [-70.741992, 41.928568], [-70.737347, 41.930930999999994], [-70.736242, 41.931281], [-70.734869, 41.931335000000026], [-70.732102, 41.93095099999999], [-70.729212, 41.931465], [-70.726928, 41.93291399999999], [-70.7213, 41.93579900000002], [-70.716422, 41.93910899999999], [-70.711233, 41.942265000000006], [-70.706672, 41.931414999999994], [-70.7051, 41.93322500000001], [-70.702794, 41.934516], [-70.702835, 41.931381], [-70.702327, 41.93098199999998], [-70.697288, 41.930602], [-70.695781, 41.930845000000005], [-70.693353, 41.930646], [-70.689155, 41.93107499999999], [-70.688258, 41.930824], [-70.687435, 41.931844000000005], [-70.687312, 41.932263], [-70.687031, 41.93229899999999], [-70.68682, 41.93266200000001], [-70.685792, 41.93227900000001], [-70.685504, 41.93193000000001], [-70.685177, 41.93182900000001], [-70.687099, 41.93571299999999], [-70.686965, 41.935922999999995], [-70.687096, 41.93689599999999], [-70.686817, 41.937475000000006], [-70.686208, 41.93770599999999], [-70.68528, 41.93848500000001], [-70.681621, 41.93874400000001], [-70.680973, 41.939096999999975], [-70.680126, 41.93992099999999], [-70.680053, 41.94042699999999], [-70.679658, 41.941170000000014], [-70.678779, 41.94207399999999], [-70.678248, 41.942239], [-70.677959, 41.94195799999999], [-70.67777800000002, 41.941458000000004], [-70.677431, 41.941229], [-70.674783, 41.941308], [-70.674362, 41.942685], [-70.675176, 41.943796000000006], [-70.675136, 41.94450200000001], [-70.669164, 41.94037200000001], [-70.666841, 41.93901000000002], [-70.666086, 41.93921799999999], [-70.666531, 41.940392], [-70.665831, 41.940996000000005], [-70.665701, 41.94137099999999], [-70.665786, 41.941677], [-70.664869, 41.94206299999998], [-70.664952, 41.942572], [-70.664315, 41.943318999999995], [-70.661533, 41.94493600000003], [-70.661231, 41.94523999999999], [-70.661224, 41.945626000000004], [-70.660165, 41.944255], [-70.65841100000002, 41.942816999999984], [-70.657776, 41.942032], [-70.656758, 41.94237000000001], [-70.656087, 41.94276100000001], [-70.653904, 41.94525699999999], [-70.653423, 41.94646000000001], [-70.653766, 41.947552], [-70.653621, 41.948346], [-70.652764, 41.94942700000001], [-70.650954, 41.948746000000014], [-70.645804, 41.947969999999984], [-70.645307, 41.94957699999999], [-70.647127, 41.949690000000004], [-70.649866, 41.950192], [-70.650115, 41.950449], [-70.649563, 41.950734], [-70.649646, 41.95097999999998], [-70.650329, 41.95148000000001], [-70.64684400000002, 41.95440000000001], [-70.643284, 41.956824], [-70.643708, 41.956816999999994], [-70.646982, 41.96251699999999], [-70.648822, 41.966165000000004], [-70.652911, 41.969204999999995], [-70.654522, 41.97608699999999], [-70.652197, 41.977166999999994], [-70.652723, 41.978635], [-70.652671, 41.979115000000014], [-70.652069, 41.979240999999995], [-70.651268, 41.97897499999999], [-70.650131, 41.977739], [-70.62011, 41.990193], [-70.603552, 42.001124], [-70.59563400000002, 42.003145], [-70.594365, 42.003261], [-70.59129, 41.999761000000014], [-70.579026, 41.993208], [-70.569636, 41.985088], [-70.559478, 41.97582800000001], [-70.552005, 41.966852999999986], [-70.53964, 41.94796500000001], [-70.534267, 41.94105800000002], [-70.528504, 41.93211200000002], [-70.522863, 41.92248500000001], [-70.520588, 41.917275000000004], [-70.518871, 41.91177799999999], [-70.517669, 41.90366099999999], [-70.517068, 41.89611900000001], [-70.516638, 41.88736200000001], [-70.516381, 41.87510499999999], [-70.516363, 41.85803699999999], [-70.520343, 41.837859], [-70.525164, 41.821523], [-70.537401, 41.810761], [-70.565281, 41.786705000000005], [-70.602939, 41.774696000000006], [-70.632568, 41.762898000000014], [-70.632629, 41.763504000000005], [-70.632877, 41.763859], [-70.633791, 41.76463899999999], [-70.633968, 41.76506899999997], [-70.634572, 41.765375], [-70.634641, 41.766262], [-70.635543, 41.76705299999998], [-70.635886, 41.76853], [-70.63631, 41.768958999999995], [-70.636007, 41.769823], [-70.635371, 41.77018499999999], [-70.634439, 41.770424], [-70.633483, 41.77104600000002], [-70.633016, 41.77174900000001], [-70.633054, 41.77244699999999], [-70.630433, 41.77378800000002], [-70.63008, 41.774486], [-70.630279, 41.774686], [-70.630194, 41.775338], [-70.630908, 41.77662699999998], [-70.63075, 41.777143], [-70.629457, 41.77779100000001], [-70.629058, 41.779397999999986], [-70.629408, 41.77996999999998], [-70.630424, 41.780273999999984], [-70.630453, 41.780617], [-70.630804, 41.781155000000005], [-70.63075, 41.781612999999986], [-70.630971, 41.78203599999999], [-70.630534, 41.783111], [-70.630718, 41.78389200000001], [-70.630578, 41.78429400000001], [-70.629828, 41.78503200000001], [-70.630042, 41.785598], [-70.630515, 41.785867], [-70.630735, 41.786588], [-70.630636, 41.78688], [-70.63018, 41.78717499999999], [-70.629093, 41.786998000000004], [-70.628123, 41.787048], [-70.627395, 41.787342], [-70.627312, 41.787843], [-70.616634, 41.805410000000016], [-70.631892, 41.80633], [-70.717536, 41.80150999999999], [-70.717837, 41.802133], [-70.717641, 41.80242499999999], [-70.717788, 41.80290499999998], [-70.717666, 41.80313900000001], [-70.717849, 41.80356799999999], [-70.71777300000001, 41.80381400000001], [-70.716925, 41.804083000000006], [-70.716849, 41.804317000000005], [-70.717608, 41.805408], [-70.71778, 41.80587899999999], [-70.71777300000001, 41.80652500000001], [-70.71742100000002, 41.807846000000005], [-70.71658, 41.808486000000016], [-70.717192, 41.809399000000006], [-70.717225, 41.80985799999999], [-70.71633, 41.811251000000006], [-70.715912, 41.812231], [-70.715252, 41.81286599999998], [-70.715834, 41.81388599999999], [-70.715518, 41.814457], [-70.71586, 41.81476299999999], [-70.715898, 41.81503199999999], [-70.71538400000001, 41.81530799999999], [-70.71512600000001, 41.816095999999995], [-70.714509, 41.816525], [-70.71476, 41.816697], [-70.714855, 41.817139], [-70.715094, 41.81739699999999], [-70.714664, 41.81767500000001], [-70.714455, 41.818296000000004], [-70.714155, 41.81832200000001], [-70.713733, 41.818697999999976], [-70.713677, 41.81896199999999], [-70.71308500000002, 41.81907599999999], [-70.713056, 41.819292999999995], [-70.712796, 41.819413000000004], [-70.712788, 41.819662000000015], [-70.71247, 41.819872999999994], [-70.712629, 41.82017000000001], [-70.711873, 41.82074000000002], [-70.711309, 41.82156899999999], [-70.710205, 41.822376], [-70.709785, 41.822965], [-70.709319, 41.823183], [-70.708555, 41.82392599999999], [-70.708229, 41.824752000000004], [-70.708284, 41.82524200000002], [-70.707867, 41.825784], [-70.708287, 41.82683200000001], [-70.707499, 41.827357], [-70.706869, 41.82850400000001], [-70.706359, 41.82906400000001], [-70.705433, 41.829412999999995], [-70.703912, 41.829288000000005], [-70.701758, 41.828751], [-70.700711, 41.828714], [-70.699869, 41.829003000000014], [-70.699986, 41.829517], [-70.699726, 41.829722], [-70.699068, 41.829544000000006], [-70.69840400000001, 41.829676], [-70.69757, 41.82940099999998], [-70.697318, 41.829481], [-70.697287, 41.829840999999995], [-70.697547, 41.830324999999995], [-70.697274, 41.830908], [-70.696503, 41.83130000000001], [-70.696093, 41.831888000000006], [-70.695682, 41.83201499999999], [-70.695643, 41.832349000000015], [-70.695261, 41.83262400000002], [-70.694834, 41.833869000000014], [-70.694818, 41.83450200000001], [-70.694542, 41.83469899999998], [-70.694192, 41.835607], [-70.693733, 41.836261000000015], [-70.692503, 41.836706], [-70.690928, 41.83806499999999], [-70.689827, 41.838232999999995], [-70.689703, 41.839690000000004], [-70.689502, 41.840091], [-70.687926, 41.841232999999995], [-70.685402, 41.843579], [-70.683788, 41.844801999999994], [-70.682837, 41.84537100000001], [-70.682197, 41.845550999999986], [-70.680699, 41.845587], [-70.750718, 41.92601900000002], [-70.751154, 41.92714100000001]]]}}, {"type": "Feature", "properties": {"district_name": "21st Middlesex District", "chamber": "house", "vintage": "2022-present", "lean_dem_share": 0.6571, "competitiveness": "Safe", "competitiveness_label": "Safe D", "party_favored": "Democratic", "url": "/district/house-21st-middlesex-district-2022-present/"}, "geometry": {"type": "Polygon", "coordinates": [[[-71.321268, 42.480515], [-71.32077, 42.482256000000014], [-71.319016, 42.482538999999996], [-71.318038, 42.48287700000001], [-71.317214, 42.483560999999995], [-71.316987, 42.484181000000014], [-71.31739, 42.48490599999999], [-71.319303, 42.486289000000006], [-71.319644, 42.486933], [-71.319138, 42.48806500000002], [-71.319026, 42.489677999999984], [-71.318585, 42.49115700000001], [-71.318305, 42.49819399999999], [-71.31755100000001, 42.501414000000004], [-71.317538, 42.502425], [-71.317835, 42.503817], [-71.317708, 42.504796], [-71.316968, 42.506463000000004], [-71.316093, 42.50763], [-71.314641, 42.50856200000001], [-71.313421, 42.50971700000001], [-71.31107, 42.511151000000005], [-71.308658, 42.513253999999996], [-71.307871, 42.513686], [-71.306653, 42.51405100000001], [-71.30633, 42.514393], [-71.30619500000002, 42.515079], [-71.306918, 42.517081000000005], [-71.306561, 42.518917000000016], [-71.306699, 42.52059299999999], [-71.303739, 42.519926], [-71.281051, 42.526348000000006], [-71.278107, 42.526712999999994], [-71.264098, 42.524081000000024], [-71.256396, 42.523992], [-71.254572, 42.522593], [-71.250142, 42.52573], [-71.242576, 42.51993999999999], [-71.241593, 42.52079799999999], [-71.240056, 42.519716], [-71.236924, 42.511490999999985], [-71.233544, 42.508692999999994], [-71.232694, 42.507713], [-71.231897, 42.506367000000004], [-71.22187, 42.52523400000001], [-71.217956, 42.52404700000001], [-71.20503200000002, 42.54447299999999], [-71.199747, 42.53949399999999], [-71.197738, 42.53841400000001], [-71.195119, 42.53566400000001], [-71.192952, 42.534519999999965], [-71.170033, 42.515537], [-71.169635, 42.511461999999995], [-71.170258, 42.51045200000001], [-71.16954, 42.510242], [-71.169876, 42.50972099999999], [-71.169473, 42.509487000000014], [-71.169324, 42.507872], [-71.16972, 42.507451], [-71.169395, 42.507311], [-71.169923, 42.506730999999995], [-71.169199, 42.506508000000004], [-71.168444, 42.498299], [-71.168914, 42.490547000000014], [-71.170719, 42.48975500000001], [-71.168924, 42.487087], [-71.181501, 42.483622], [-71.181375, 42.483386], [-71.182944, 42.48212199999999], [-71.184641, 42.48173299999999], [-71.186506, 42.480979999999995], [-71.18548, 42.47996700000001], [-71.187396, 42.479364000000004], [-71.188279, 42.479696000000004], [-71.206967, 42.46362399999999], [-71.206141, 42.462986], [-71.207762, 42.46256], [-71.210094, 42.46366799999999], [-71.210819, 42.46362499999999], [-71.211465, 42.46329500000001], [-71.211607, 42.46316900000001], [-71.207328, 42.460528], [-71.20732900000002, 42.460223000000006], [-71.208152, 42.45938100000001], [-71.208199, 42.458568000000014], [-71.209234, 42.458512000000006], [-71.20995, 42.45868000000002], [-71.211339, 42.459602000000004], [-71.212117, 42.459920000000004], [-71.21443900000001, 42.46012000000002], [-71.21487, 42.45864000000002], [-71.214026, 42.45826699999997], [-71.2136, 42.457784], [-71.213278, 42.45687000000001], [-71.212583, 42.45588800000001], [-71.21269, 42.455466], [-71.21439600000001, 42.45401000000001], [-71.217073, 42.452874999999985], [-71.218102, 42.452972999999986], [-71.218358, 42.45208400000001], [-71.218921, 42.451376999999994], [-71.221747, 42.450042], [-71.222922, 42.449149], [-71.224755, 42.448150999999996], [-71.225689, 42.446753], [-71.226894, 42.44721199999998], [-71.229844, 42.448813], [-71.232129, 42.449488999999986], [-71.235638, 42.44940700000001], [-71.23714100000001, 42.449111], [-71.237, 42.45008399999998], [-71.234198, 42.452157000000014], [-71.232606, 42.453043], [-71.230873, 42.453500999999996], [-71.231606, 42.45809100000001], [-71.231911, 42.45890999999999], [-71.230436, 42.459835000000005], [-71.231175, 42.460186], [-71.231964, 42.461443], [-71.233352, 42.462215], [-71.232839, 42.46293100000001], [-71.233069, 42.46297200000001], [-71.232821, 42.46306300000001], [-71.23272, 42.46374100000002], [-71.232061, 42.465495999999995], [-71.232867, 42.467625], [-71.232843, 42.46870100000001], [-71.235462, 42.47156100000001], [-71.237629, 42.472986000000006], [-71.225895, 42.47481100000001], [-71.223204, 42.475395], [-71.240906, 42.490013], [-71.251986, 42.48501499999999], [-71.256596, 42.47849899999999], [-71.261515, 42.47624600000001], [-71.272695, 42.459704], [-71.277889, 42.460710000000006], [-71.277982, 42.46023499999999], [-71.279501, 42.459675999999995], [-71.28012100000001, 42.460059], [-71.280711, 42.45999], [-71.280851, 42.460168], [-71.28184, 42.45964], [-71.28294, 42.461170999999986], [-71.29872, 42.472909000000016], [-71.300818, 42.47365200000001], [-71.30182400000001, 42.473240999999994], [-71.304246, 42.474717999999996], [-71.306552, 42.47442700000001], [-71.309465, 42.476404], [-71.313768, 42.474182000000006], [-71.31704, 42.476479000000005], [-71.316891, 42.476623999999994], [-71.320124, 42.48033199999999], [-71.321268, 42.480515]]]}}, {"type": "Feature", "properties": {"district_name": "2nd Plymouth District", "chamber": "house", "vintage": "2022-present", "lean_dem_share": 0.4941, "competitiveness": "Tossup", "competitiveness_label": "Tossup R", "party_favored": "Republican", "url": "/district/house-2nd-plymouth-district-2022-present/"}, "geometry": {"type": "Polygon", "coordinates": [[[-70.918897, 41.852728000000006], [-70.917131, 41.85577700000002], [-70.917189, 41.856527000000014], [-70.916815, 41.85720000000001], [-70.916899, 41.857502], [-70.917264, 41.85780599999998], [-70.917181, 41.85814499999999], [-70.917709, 41.85852100000001], [-70.917748, 41.858715999999994], [-70.916262, 41.85992999999999], [-70.914541, 41.859591], [-70.914116, 41.86029399999999], [-70.914382, 41.86048300000001], [-70.914321, 41.860587], [-70.913448, 41.860685], [-70.912876, 41.861726999999995], [-70.913065, 41.86192999999999], [-70.914098, 41.861943000000004], [-70.914447, 41.862132], [-70.914595, 41.86352], [-70.91361, 41.86364900000001], [-70.913508, 41.86385900000001], [-70.913827, 41.86409999999999], [-70.915349, 41.86441399999999], [-70.914689, 41.86527500000001], [-70.914928, 41.86545599999999], [-70.915936, 41.86566900000002], [-70.915988, 41.865806000000006], [-70.915093, 41.866055999999986], [-70.915041, 41.866310999999996], [-70.915509, 41.86667299999999], [-70.916738, 41.86716700000001], [-70.916472, 41.86768299999998], [-70.91492, 41.868431], [-70.914624, 41.86904500000001], [-70.913182, 41.86993699999999], [-70.912968, 41.87024399999999], [-70.913035, 41.870596000000006], [-70.914616, 41.872081], [-70.915066, 41.872316], [-70.916238, 41.87241199999999], [-70.916096, 41.874833], [-70.91663, 41.876664000000005], [-70.915528, 41.87765199999999], [-70.915124, 41.87772600000002], [-70.914559, 41.877583000000016], [-70.914222, 41.877777000000016], [-70.91409, 41.87802700000001], [-70.914262, 41.87845699999998], [-70.914084, 41.87863500000001], [-70.913072, 41.87860299999999], [-70.911787, 41.878219000000016], [-70.910665, 41.87896699999999], [-70.91073, 41.879713], [-70.909366, 41.879884999999966], [-70.909574, 41.881169], [-70.909318, 41.881592], [-70.90917, 41.882518], [-70.908029, 41.88319899999998], [-70.906152, 41.88399499999999], [-70.905138, 41.885422000000005], [-70.905136, 41.885692], [-70.90572, 41.886461], [-70.905521, 41.887028], [-70.905557, 41.887922999999994], [-70.904718, 41.88974699999999], [-70.90479, 41.890048], [-70.904143, 41.89051799999999], [-70.903202, 41.890407], [-70.902379, 41.890498], [-70.901405, 41.891135000000006], [-70.901496, 41.89202999999999], [-70.902601, 41.893181999999996], [-70.902476, 41.89353100000001], [-70.902087, 41.89388000000002], [-70.90073000000001, 41.89397400000001], [-70.898346, 41.89482399999999], [-70.897731, 41.895677], [-70.897559, 41.896228], [-70.895903, 41.896546], [-70.894956, 41.89602000000001], [-70.894418, 41.89556400000001], [-70.893633, 41.894109], [-70.891324, 41.89292699999999], [-70.88944, 41.89159999999999], [-70.883509, 41.886181], [-70.882126, 41.88561900000002], [-70.881449, 41.88435599999999], [-70.881261, 41.883347], [-70.87951, 41.88075599999998], [-70.877157, 41.88163100000001], [-70.875547, 41.88197999999999], [-70.87242, 41.882145], [-70.86972, 41.882609], [-70.865881, 41.882821], [-70.85906, 41.88360699999999], [-70.857856, 41.883407999999996], [-70.855311, 41.882221000000015], [-70.849971, 41.88188299999999], [-70.849535, 41.88205800000001], [-70.848618, 41.883186], [-70.846941, 41.884461], [-70.847209, 41.884833], [-70.846548, 41.885177000000006], [-70.846175, 41.88577], [-70.846096, 41.888013], [-70.845468, 41.890892], [-70.845676, 41.891749999999995], [-70.846132, 41.89245100000001], [-70.847234, 41.892205], [-70.848311, 41.892769], [-70.84951200000002, 41.892926], [-70.851092, 41.89559399999998], [-70.855031, 41.89547600000001], [-70.855641, 41.89681100000001], [-70.855849, 41.898000000000025], [-70.856207, 41.898849999999996], [-70.853897, 41.89864000000001], [-70.851849, 41.90102499999999], [-70.850632, 41.90194], [-70.849131, 41.902591999999984], [-70.847812, 41.90272300000001], [-70.847252, 41.90294000000001], [-70.846144, 41.90369500000002], [-70.845691, 41.904421], [-70.84338, 41.904681], [-70.84055, 41.90454400000001], [-70.83998400000002, 41.90435799999999], [-70.838844, 41.9029], [-70.83714, 41.901778], [-70.832769, 41.900331000000016], [-70.831589, 41.89954100000001], [-70.829826, 41.897843999999985], [-70.828534, 41.89685599999999], [-70.822879, 41.893303], [-70.821131, 41.89148100000001], [-70.818208, 41.88962600000002], [-70.817532, 41.888802999999996], [-70.816716, 41.887076000000015], [-70.815707, 41.88604200000001], [-70.814198, 41.886427999999974], [-70.811554, 41.88640699999999], [-70.81075, 41.886591], [-70.809312, 41.887392000000006], [-70.806889, 41.888270000000034], [-70.815504, 41.913627999999996], [-70.829827, 41.92769900000002], [-70.771717, 41.946146999999996], [-70.758692, 41.947506999999995], [-70.753527, 41.933241], [-70.750718, 41.92601900000002], [-70.680699, 41.845587], [-70.682197, 41.845550999999986], [-70.682837, 41.84537100000001], [-70.683788, 41.844801999999994], [-70.685402, 41.843579], [-70.687926, 41.841232999999995], [-70.689502, 41.840091], [-70.689703, 41.839690000000004], [-70.689827, 41.838232999999995], [-70.690928, 41.83806499999999], [-70.692503, 41.836706], [-70.693733, 41.836261000000015], [-70.694192, 41.835607], [-70.694542, 41.83469899999998], [-70.694818, 41.83450200000001], [-70.694834, 41.833869000000014], [-70.695261, 41.83262400000002], [-70.695643, 41.832349000000015], [-70.695682, 41.83201499999999], [-70.696093, 41.831888000000006], [-70.696503, 41.83130000000001], [-70.697274, 41.830908], [-70.697547, 41.830324999999995], [-70.697287, 41.829840999999995], [-70.697318, 41.829481], [-70.69757, 41.82940099999998], [-70.69840400000001, 41.829676], [-70.699068, 41.829544000000006], [-70.699726, 41.829722], [-70.699986, 41.829517], [-70.699869, 41.829003000000014], [-70.700711, 41.828714], [-70.701758, 41.828751], [-70.703912, 41.829288000000005], [-70.705433, 41.829412999999995], [-70.706359, 41.82906400000001], [-70.706869, 41.82850400000001], [-70.707499, 41.827357], [-70.708287, 41.82683200000001], [-70.707867, 41.825784], [-70.708284, 41.82524200000002], [-70.708229, 41.824752000000004], [-70.708555, 41.82392599999999], [-70.709319, 41.823183], [-70.709785, 41.822965], [-70.710205, 41.822376], [-70.711309, 41.82156899999999], [-70.711873, 41.82074000000002], [-70.712629, 41.82017000000001], [-70.71247, 41.819872999999994], [-70.712788, 41.819662000000015], [-70.712796, 41.819413000000004], [-70.713056, 41.819292999999995], [-70.71308500000002, 41.81907599999999], [-70.713677, 41.81896199999999], [-70.713733, 41.818697999999976], [-70.714155, 41.81832200000001], [-70.714455, 41.818296000000004], [-70.714664, 41.81767500000001], [-70.715094, 41.81739699999999], [-70.714855, 41.817139], [-70.71476, 41.816697], [-70.714509, 41.816525], [-70.71512600000001, 41.816095999999995], [-70.71538400000001, 41.81530799999999], [-70.715898, 41.81503199999999], [-70.71586, 41.81476299999999], [-70.715518, 41.814457], [-70.715834, 41.81388599999999], [-70.715252, 41.81286599999998], [-70.715912, 41.812231], [-70.71633, 41.811251000000006], [-70.717225, 41.80985799999999], [-70.717192, 41.809399000000006], [-70.71658, 41.808486000000016], [-70.71742100000002, 41.807846000000005], [-70.71777300000001, 41.80652500000001], [-70.71778, 41.80587899999999], [-70.717608, 41.805408], [-70.716849, 41.804317000000005], [-70.716925, 41.804083000000006], [-70.71777300000001, 41.80381400000001], [-70.717849, 41.80356799999999], [-70.717666, 41.80313900000001], [-70.717788, 41.80290499999998], [-70.717641, 41.80242499999999], [-70.717837, 41.802133], [-70.717536, 41.80150999999999], [-70.631892, 41.80633], [-70.616634, 41.805410000000016], [-70.627312, 41.787843], [-70.627395, 41.787342], [-70.628123, 41.787048], [-70.629093, 41.786998000000004], [-70.63018, 41.78717499999999], [-70.630636, 41.78688], [-70.630735, 41.786588], [-70.630515, 41.785867], [-70.630042, 41.785598], [-70.629828, 41.78503200000001], [-70.630578, 41.78429400000001], [-70.630718, 41.78389200000001], [-70.630534, 41.783111], [-70.630971, 41.78203599999999], [-70.63075, 41.781612999999986], [-70.630804, 41.781155000000005], [-70.630453, 41.780617], [-70.630424, 41.780273999999984], [-70.629408, 41.77996999999998], [-70.629058, 41.779397999999986], [-70.629457, 41.77779100000001], [-70.63075, 41.777143], [-70.630908, 41.77662699999998], [-70.630194, 41.775338], [-70.630279, 41.774686], [-70.63008, 41.774486], [-70.630433, 41.77378800000002], [-70.633054, 41.77244699999999], [-70.633016, 41.77174900000001], [-70.633483, 41.77104600000002], [-70.634439, 41.770424], [-70.635371, 41.77018499999999], [-70.636007, 41.769823], [-70.63631, 41.768958999999995], [-70.635886, 41.76853], [-70.635543, 41.76705299999998], [-70.634641, 41.766262], [-70.634572, 41.765375], [-70.633968, 41.76506899999997], [-70.633791, 41.76463899999999], [-70.632877, 41.763859], [-70.632629, 41.763504000000005], [-70.63246400000001, 41.76273900000001], [-70.632126, 41.76253400000002], [-70.631471, 41.76271], [-70.63155, 41.762419], [-70.631129, 41.762158], [-70.631157, 41.761855000000004], [-70.63, 41.76125600000001], [-70.630081, 41.76089899999998], [-70.629673, 41.760217000000004], [-70.62501200000001, 41.75404000000001], [-70.625156, 41.75114399999999], [-70.621622, 41.748972], [-70.621014, 41.74830300000001], [-70.620785, 41.747530000000005], [-70.62195, 41.746058999999995], [-70.623193, 41.745614999999994], [-70.625988, 41.74496899999999], [-70.632676, 41.73788100000002], [-70.633268, 41.73546499999999], [-70.63258, 41.733656999999994], [-70.639332, 41.72904900000002], [-70.639476, 41.726473000000006], [-70.640756, 41.72485700000001], [-70.640276, 41.723609], [-70.642244, 41.71922500000001], [-70.6437, 41.717465000000004], [-70.67440400000001, 41.68960899999999], [-70.716006, 41.718647999999995], [-70.717654, 41.71837600000001], [-70.71855, 41.71930400000001], [-70.719958, 41.720376000000016], [-70.72319, 41.721544], [-70.725174, 41.722648], [-70.726551, 41.72368800000002], [-70.727831, 41.72552799999998], [-70.728535, 41.726216], [-70.729111, 41.72651999999999], [-70.733463, 41.727896], [-70.735047, 41.72864800000001], [-70.738583, 41.731238999999995], [-70.742041, 41.73060799999999], [-70.742564, 41.73067099999999], [-70.743498, 41.73119599999999], [-70.744192, 41.73191400000001], [-70.744563, 41.733014], [-70.744333, 41.733509000000005], [-70.743019, 41.734753000000005], [-70.742982, 41.73518299999999], [-70.743231, 41.735758], [-70.744272, 41.73680999999999], [-70.746027, 41.73814900000001], [-70.746196, 41.738214], [-70.74644700000002, 41.73798800000001], [-70.746802, 41.738184], [-70.746607, 41.73833599999998], [-70.747762, 41.738305999999994], [-70.748926, 41.737857], [-70.749512, 41.737847000000016], [-70.750392, 41.73794300000001], [-70.751192, 41.73829500000001], [-70.752152, 41.738854999999994], [-70.753928, 41.741015000000004], [-70.755585, 41.74219300000001], [-70.755375, 41.742299], [-70.757747, 41.742496], [-70.75879800000001, 41.742149], [-70.75958, 41.742208000000005], [-70.760329, 41.74147], [-70.76041, 41.74107], [-70.760621, 41.74100299999999], [-70.759564, 41.739742], [-70.759764, 41.73941299999999], [-70.760436, 41.73912600000001], [-70.760496, 41.738968], [-70.760067, 41.739023999999986], [-70.760503, 41.738865999999994], [-70.761857, 41.73932099999999], [-70.762441, 41.73904399999999], [-70.763257, 41.73903899999999], [-70.763626, 41.73888999999999], [-70.763857, 41.738531], [-70.763601, 41.738279999999996], [-70.763606, 41.738054000000005], [-70.764667, 41.73786400000002], [-70.764806, 41.73767999999999], [-70.764631, 41.737346], [-70.764924, 41.736935999999986], [-70.76519, 41.7367], [-70.765585, 41.736757], [-70.765319, 41.736259], [-70.76538, 41.735986], [-70.766072, 41.73575199999999], [-70.766052, 41.735591], [-70.76714, 41.73529400000001], [-70.767469, 41.734975000000006], [-70.76767, 41.73444499999999], [-70.768375, 41.73395099999998], [-70.77025, 41.733563999999994], [-70.770463, 41.733602999999995], [-70.770468, 41.733895], [-70.770761, 41.73351499999999], [-70.771738, 41.733506999999996], [-70.77223000000001, 41.73377], [-70.77301, 41.73379100000002], [-70.773291, 41.734238000000005], [-70.772782, 41.73445300000001], [-70.772482, 41.734824000000025], [-70.772489, 41.735023000000005], [-70.77266200000001, 41.73509500000001], [-70.774428, 41.734211], [-70.774992, 41.73419400000001], [-70.775032, 41.73526400000001], [-70.774416, 41.737823], [-70.77425700000002, 41.739183], [-70.774342, 41.739705000000015], [-70.77481, 41.74043700000001], [-70.778355, 41.74349300000002], [-70.779121, 41.744517], [-70.781422, 41.749871999999996], [-70.781614, 41.751560000000005], [-70.780715, 41.754512], [-70.780123, 41.758266], [-70.778063, 41.762741000000005], [-70.775851, 41.766259999999996], [-70.77435, 41.769738000000004], [-70.774404, 41.77045700000001], [-70.775509, 41.773037], [-70.775501, 41.77627399999999], [-70.77649, 41.77997799999999], [-70.777008, 41.786436], [-70.777365, 41.787726], [-70.778259, 41.78957100000002], [-70.778491, 41.79204399999999], [-70.778359, 41.793033], [-70.777848, 41.79456599999999], [-70.777968, 41.79598], [-70.777771, 41.79676800000001], [-70.777538, 41.79708799999999], [-70.776319, 41.79792899999999], [-70.774399, 41.80051999999998], [-70.772857, 41.80209500000001], [-70.7719, 41.80559600000001], [-70.771806, 41.80891400000001], [-70.8964, 41.794320000000006], [-70.89864400000002, 41.81487700000002], [-70.893777, 41.82659100000002], [-70.893457, 41.827595999999986], [-70.893694, 41.828545], [-70.91870500000002, 41.851943], [-70.918897, 41.852728000000006]]]}}, {"type": "Feature", "properties": {"district_name": "3rd Plymouth District", "chamber": "house", "vintage": "2022-present", "lean_dem_share": 0.6423, "competitiveness": "Safe", "competitiveness_label": "Safe D", "party_favored": "Democratic", "url": "/district/house-3rd-plymouth-district-2022-present/"}, "geometry": {"type": "Polygon", "coordinates": [[[-70.960392, 42.28769900000001], [-70.960257, 42.29566100000001], [-70.959975, 42.295584], [-70.960255, 42.29579399999999], [-70.960192, 42.29949800000001], [-70.948991, 42.301298], [-70.937091, 42.311097999999994], [-70.927191, 42.310097999999996], [-70.917091, 42.314198000000005], [-70.905692, 42.316999], [-70.894292, 42.372398999999994], [-70.851191, 42.372499], [-70.851016, 42.338267], [-70.850523, 42.29348], [-70.823568, 42.293254999999995], [-70.812331, 42.29331199999999], [-70.800346, 42.29311299999998], [-70.749488, 42.351777999999996], [-70.729212, 42.373848], [-70.67569, 42.375097999999994], [-70.749487, 42.29535600000001], [-70.751049, 42.293114], [-70.780486, 42.25841199999999], [-70.780816, 42.249182999999995], [-70.784821, 42.24629899999999], [-70.786725, 42.242549999999994], [-70.789041, 42.24016999999999], [-70.787874, 42.239532000000004], [-70.786617, 42.239572], [-70.785144, 42.240131], [-70.784282, 42.240662], [-70.783726, 42.240742000000004], [-70.783354, 42.240514000000005], [-70.78329, 42.239487000000004], [-70.783671, 42.238862000000005], [-70.783798, 42.23823700000001], [-70.783655, 42.237966], [-70.783941, 42.237646999999996], [-70.783608, 42.237305], [-70.781973, 42.23643200000001], [-70.784514, 42.23469300000001], [-70.786771, 42.234041], [-70.78726300000001, 42.233226], [-70.78868, 42.232597], [-70.788375, 42.23106399999999], [-70.788501, 42.230768], [-70.787883, 42.2291], [-70.78681, 42.229439000000006], [-70.785523, 42.22946400000001], [-70.785829, 42.22782199999999], [-70.785557, 42.226345], [-70.784814, 42.225880999999994], [-70.785081, 42.225276], [-70.785615, 42.22509], [-70.786382, 42.225277000000006], [-70.786954, 42.225821], [-70.788167, 42.225831000000014], [-70.788937, 42.225474999999996], [-70.788628, 42.22373600000001], [-70.78827, 42.223276], [-70.827, 42.20079200000001], [-70.838802, 42.194836000000016], [-70.852165, 42.19046199999999], [-70.870733, 42.18223], [-70.887603, 42.173334999999994], [-70.893516, 42.169814], [-70.924877, 42.15758], [-70.914732, 42.225196000000004], [-70.914896, 42.22546099999999], [-70.915587, 42.225627], [-70.915619, 42.22583], [-70.916226, 42.22584899999999], [-70.916443, 42.22569699999999], [-70.916874, 42.225866999999994], [-70.918091, 42.225500999999994], [-70.91879, 42.2263], [-70.92209, 42.22529999999999], [-70.92349, 42.2259], [-70.923708, 42.226487000000006], [-70.923751, 42.228055000000005], [-70.92239, 42.22930000000001], [-70.92579, 42.23680000000002], [-70.929591, 42.24270000000001], [-70.93129, 42.244299000000005], [-70.93119, 42.246098999999994], [-70.931, 42.246814000000015], [-70.931191, 42.2486], [-70.933491, 42.25], [-70.932435, 42.25264399999999], [-70.932203, 42.252781000000006], [-70.925091, 42.25390000000001], [-70.923308, 42.25388600000001], [-70.921181, 42.254264000000006], [-70.91932, 42.25470299999999], [-70.917081, 42.25560000000001], [-70.91819100000001, 42.26009999999997], [-70.91739, 42.263899], [-70.90899, 42.264399], [-70.90209, 42.267499], [-70.91349, 42.278698999999996], [-70.914091, 42.288799999999995], [-70.920791, 42.289398999999996], [-70.925491, 42.28959899999999], [-70.937691, 42.277499], [-70.960392, 42.28769900000001]]]}}, {"type": "Feature", "properties": {"district_name": "4th Plymouth District", "chamber": "house", "vintage": "2022-present", "lean_dem_share": 0.5686, "competitiveness": "Likely", "competitiveness_label": "Likely D", "party_favored": "Democratic", "url": "/district/house-4th-plymouth-district-2022-present/"}, "geometry": {"type": "Polygon", "coordinates": [[[-70.861437, 42.18635299999998], [-70.852165, 42.19046199999999], [-70.838864, 42.19480600000001], [-70.827, 42.20079200000001], [-70.78827, 42.223276], [-70.788628, 42.22373600000001], [-70.788937, 42.225474999999996], [-70.788167, 42.225831000000014], [-70.786954, 42.225821], [-70.786382, 42.225277000000006], [-70.785615, 42.22509], [-70.785081, 42.225276], [-70.784814, 42.225880999999994], [-70.785557, 42.226345], [-70.785829, 42.22782199999999], [-70.785523, 42.22946400000001], [-70.78681, 42.229439000000006], [-70.787883, 42.2291], [-70.788501, 42.230768], [-70.788375, 42.23106399999999], [-70.78868, 42.232597], [-70.78726300000001, 42.233226], [-70.786771, 42.234041], [-70.784514, 42.23469300000001], [-70.781973, 42.23643200000001], [-70.783608, 42.237305], [-70.783941, 42.237646999999996], [-70.783655, 42.237966], [-70.783798, 42.23823700000001], [-70.783671, 42.238862000000005], [-70.78329, 42.239487000000004], [-70.783354, 42.240514000000005], [-70.783726, 42.240742000000004], [-70.784282, 42.240662], [-70.785144, 42.240131], [-70.786617, 42.239572], [-70.787874, 42.239532000000004], [-70.789041, 42.24016999999999], [-70.786725, 42.242549999999994], [-70.784821, 42.24629899999999], [-70.780816, 42.249182999999995], [-70.780486, 42.25841199999999], [-70.751049, 42.293114], [-70.749486, 42.291165], [-70.732356, 42.25010099999999], [-70.702351, 42.199456], [-70.699515, 42.19117800000002], [-70.694278, 42.17105699999999], [-70.691099, 42.163671], [-70.684741, 42.151], [-70.678461, 42.14074799999999], [-70.675077, 42.13619899999999], [-70.669571, 42.129395], [-70.665672, 42.12497299999999], [-70.651571, 42.110898], [-70.643261, 42.104434000000005], [-70.639289, 42.09976300000001], [-70.635498, 42.09398000000001], [-70.631049, 42.08310599999999], [-70.629803, 42.077186000000005], [-70.647932, 42.072948000000004], [-70.648001, 42.07244200000001], [-70.651306, 42.07122799999999], [-70.68276100000001, 42.057469], [-70.69586, 42.06667], [-70.696884, 42.067024], [-70.697446, 42.06742099999999], [-70.698482, 42.06902100000001], [-70.698445, 42.07050299999999], [-70.715631, 42.07938100000003], [-70.715319, 42.08068000000001], [-70.715639, 42.08200699999999], [-70.715601, 42.082499], [-70.715196, 42.08306100000001], [-70.712216, 42.08588900000002], [-70.711587, 42.087253999999994], [-70.71126900000002, 42.08750100000001], [-70.711435, 42.08900400000001], [-70.71047, 42.090942999999996], [-70.710539, 42.091847999999985], [-70.711159, 42.09224699999999], [-70.714953, 42.092856], [-70.720552, 42.094939000000004], [-70.727225, 42.098122999999994], [-70.728338, 42.09896699999999], [-70.729752, 42.101614000000005], [-70.730345, 42.102419], [-70.731298, 42.103209], [-70.73262200000002, 42.103858], [-70.734811, 42.10579], [-70.736834, 42.10994699999999], [-70.74103600000001, 42.113195000000005], [-70.744338, 42.11616699999999], [-70.745202, 42.117169], [-70.745695, 42.118075000000005], [-70.745723, 42.118964999999996], [-70.74555, 42.11977], [-70.744798, 42.121015000000014], [-70.74489100000001, 42.121812], [-70.745662, 42.123422999999995], [-70.745718, 42.12446599999999], [-70.74603, 42.125523], [-70.746766, 42.127274], [-70.74861700000001, 42.130726], [-70.752252, 42.129983], [-70.754444, 42.129096999999994], [-70.756034, 42.127873], [-70.759244, 42.12622599999999], [-70.764237, 42.12434900000001], [-70.766813, 42.123842999999994], [-70.766984, 42.12476100000001], [-70.768428, 42.127975], [-70.768357, 42.128954000000014], [-70.76735, 42.130423], [-70.767229, 42.131699000000005], [-70.767633, 42.133633], [-70.768383, 42.13570200000001], [-70.76966, 42.140235999999994], [-70.770339, 42.143854000000005], [-70.769916, 42.144499999999994], [-70.769882, 42.14489000000001], [-70.772289, 42.15095300000001], [-70.772803, 42.151489], [-70.774669, 42.15274600000001], [-70.775716, 42.154360000000004], [-70.775654, 42.155214999999984], [-70.777586, 42.15608900000001], [-70.778771, 42.156399], [-70.781656, 42.156554], [-70.782311, 42.15618], [-70.782444, 42.15582400000001], [-70.78262200000002, 42.153540000000014], [-70.783109, 42.15215999999999], [-70.782783, 42.150584], [-70.783053, 42.1502], [-70.783524, 42.149989000000005], [-70.78531, 42.14977900000001], [-70.785152, 42.149875], [-70.785626, 42.15009700000001], [-70.785819, 42.15040900000001], [-70.785881, 42.151277000000015], [-70.786367, 42.151111000000014], [-70.7865, 42.15068], [-70.78707, 42.15034699999999], [-70.787742, 42.15074999999999], [-70.787842, 42.151357000000004], [-70.78863, 42.15215500000002], [-70.789012, 42.15427300000002], [-70.789318, 42.15513399999998], [-70.789157, 42.15599600000001], [-70.788614, 42.156786], [-70.788967, 42.15729000000001], [-70.788845, 42.158849], [-70.78808200000002, 42.160161000000016], [-70.79141, 42.16138200000001], [-70.793298, 42.16175200000001], [-70.794856, 42.161719], [-70.798039, 42.162147999999995], [-70.801371, 42.161696000000006], [-70.804157, 42.162144000000005], [-70.808439, 42.164263000000005], [-70.810203, 42.164706], [-70.81325500000001, 42.16652500000001], [-70.814063, 42.168062], [-70.818336, 42.17316999999999], [-70.82082, 42.17356], [-70.822465, 42.174142], [-70.825035, 42.174184], [-70.826165, 42.174451000000005], [-70.827241, 42.17524300000001], [-70.828331, 42.17673400000001], [-70.829962, 42.17809500000002], [-70.830245, 42.178661], [-70.830925, 42.178178], [-70.83452200000002, 42.17725900000001], [-70.840239, 42.17806600000002], [-70.851394, 42.177280999999994], [-70.851638, 42.178885], [-70.852192, 42.179758], [-70.853098, 42.18034600000001], [-70.85434, 42.181650999999995], [-70.855182, 42.182131], [-70.856174, 42.18297600000001], [-70.85775000000001, 42.18381300000001], [-70.859374, 42.18547799999998], [-70.860856, 42.185989], [-70.861437, 42.18635299999998]]]}}, {"type": "Feature", "properties": {"district_name": "17th Middlesex District", "chamber": "house", "vintage": "2022-present", "lean_dem_share": 0.6453, "competitiveness": "Safe", "competitiveness_label": "Safe D", "party_favored": "Democratic", "url": "/district/house-17th-middlesex-district-2022-present/"}, "geometry": {"type": "Polygon", "coordinates": [[[-71.325299, 42.631223], [-71.325139, 42.635408], [-71.316078, 42.63790800000002], [-71.315812, 42.63838100000002], [-71.316283, 42.63899100000001], [-71.317184, 42.639717], [-71.317841, 42.640015000000005], [-71.31678, 42.640632], [-71.316611, 42.64155600000001], [-71.31362, 42.644876999999994], [-71.312893, 42.644675000000014], [-71.311908, 42.645822], [-71.311019, 42.645756000000006], [-71.3095, 42.647555000000004], [-71.310609, 42.64796900000002], [-71.310408, 42.648272000000006], [-71.308866, 42.648184000000015], [-71.307923, 42.649301999999985], [-71.303228, 42.647396999999984], [-71.302131, 42.64709099999999], [-71.298716, 42.64664400000001], [-71.294312, 42.644732], [-71.29318, 42.644547000000024], [-71.292267, 42.64459299999999], [-71.290166, 42.64530200000001], [-71.286868, 42.647365999999984], [-71.28645, 42.647916], [-71.28638, 42.649007999999995], [-71.286011, 42.64955900000001], [-71.280406, 42.65412], [-71.277749, 42.65534], [-71.275154, 42.656216], [-71.272018, 42.64921600000001], [-71.27170700000002, 42.64801799999999], [-71.271682, 42.646305], [-71.271446, 42.64609200000002], [-71.271188, 42.644241999999984], [-71.274709, 42.62885899999998], [-71.276083, 42.62526799999999], [-71.273255, 42.62692899999998], [-71.270245, 42.628369], [-71.267974, 42.629214], [-71.26079, 42.63105900000001], [-71.260556, 42.630757], [-71.259426, 42.63064000000001], [-71.258698, 42.631239999999984], [-71.255097, 42.63215299999999], [-71.254602, 42.631937], [-71.254061, 42.630759], [-71.254263, 42.629729000000005], [-71.25462, 42.628902], [-71.252245, 42.62740900000001], [-71.251851, 42.626233], [-71.251187, 42.625598], [-71.25114, 42.625179], [-71.251975, 42.623866], [-71.252209, 42.62275300000002], [-71.232825, 42.620188000000006], [-71.232434, 42.621814000000015], [-71.231078, 42.622568000000015], [-71.230742, 42.62241499999999], [-71.230543, 42.621933], [-71.23068200000002, 42.62178600000001], [-71.231174, 42.621827], [-71.231274, 42.62073600000001], [-71.230448, 42.620625], [-71.228945, 42.619911], [-71.229619, 42.618624], [-71.231006, 42.617021], [-71.231999, 42.614157], [-71.231977, 42.613296000000005], [-71.231593, 42.61202200000001], [-71.231962, 42.61103299999999], [-71.233002, 42.61184699999999], [-71.234169, 42.61239100000001], [-71.248339, 42.61740900000002], [-71.250671, 42.612829], [-71.252776, 42.611731], [-71.257986, 42.60828799999999], [-71.26078, 42.60561700000001], [-71.262657, 42.606753000000005], [-71.264467, 42.608933], [-71.26976400000001, 42.606556000000005], [-71.271678, 42.609131], [-71.273131, 42.60814199999999], [-71.280022, 42.607744000000004], [-71.280226, 42.60524], [-71.297028, 42.613010999999986], [-71.296778, 42.61377399999999], [-71.296205, 42.61468299999999], [-71.316851, 42.61369], [-71.318275, 42.61384900000001], [-71.31854400000002, 42.614724], [-71.319913, 42.615874999999996], [-71.320025, 42.616713], [-71.318696, 42.618128], [-71.319529, 42.621766000000015], [-71.319332, 42.62428599999998], [-71.319143, 42.62496], [-71.321356, 42.625603], [-71.32148800000002, 42.624183999999985], [-71.322455, 42.624185], [-71.323617, 42.624523999999994], [-71.321809, 42.62884300000001], [-71.323674, 42.62888499999999], [-71.323917, 42.62961599999999], [-71.325137, 42.62954599999999], [-71.325299, 42.631223]]]}}, {"type": "Feature", "properties": {"district_name": "18th Middlesex District", "chamber": "house", "vintage": "2022-present", "lean_dem_share": 0.6753, "competitiveness": "Safe", "competitiveness_label": "Safe D", "party_favored": "Democratic", "url": "/district/house-18th-middlesex-district-2022-present/"}, "geometry": {"type": "Polygon", "coordinates": [[[-71.364749, 42.63762400000001], [-71.361954, 42.637843], [-71.355489, 42.63892699999998], [-71.351003, 42.639229], [-71.343544, 42.64029], [-71.34354100000002, 42.640629], [-71.339705, 42.64209300000001], [-71.337374, 42.643917], [-71.334338, 42.64668900000001], [-71.330541, 42.649613999999985], [-71.331612, 42.65022199999998], [-71.329981, 42.65149900000001], [-71.329334, 42.651783], [-71.327285, 42.651733000000014], [-71.325955, 42.65206200000001], [-71.327614, 42.653316999999994], [-71.327006, 42.653806], [-71.324397, 42.65188800000001], [-71.322451, 42.653929], [-71.319537, 42.655851], [-71.315392, 42.65473299999999], [-71.311882, 42.65199400000001], [-71.309151, 42.65001399999999], [-71.307923, 42.649301999999985], [-71.308866, 42.648184000000015], [-71.310408, 42.648272000000006], [-71.310609, 42.64796900000002], [-71.3095, 42.647555000000004], [-71.311019, 42.645756000000006], [-71.311908, 42.645822], [-71.312893, 42.644675000000014], [-71.31362, 42.644876999999994], [-71.316611, 42.64155600000001], [-71.31678, 42.640632], [-71.317841, 42.640015000000005], [-71.317184, 42.639717], [-71.316283, 42.63899100000001], [-71.315812, 42.63838100000002], [-71.316078, 42.63790800000002], [-71.325139, 42.635408], [-71.325299, 42.631223], [-71.325137, 42.62954599999999], [-71.323917, 42.62961599999999], [-71.323674, 42.62888499999999], [-71.321809, 42.62884300000001], [-71.323617, 42.624523999999994], [-71.322455, 42.624185], [-71.32148800000002, 42.624183999999985], [-71.321356, 42.625603], [-71.319143, 42.62496], [-71.319332, 42.62428599999998], [-71.319529, 42.621766000000015], [-71.318696, 42.618128], [-71.320025, 42.616713], [-71.319947, 42.61596900000001], [-71.31854400000002, 42.614724], [-71.318317, 42.613875], [-71.316851, 42.61369], [-71.319309, 42.61357200000001], [-71.318882, 42.608544000000016], [-71.319897, 42.6069], [-71.323341, 42.60649], [-71.325408, 42.611250999999996], [-71.324975, 42.611601], [-71.325698, 42.613263999999994], [-71.327936, 42.613155000000006], [-71.329328, 42.61398499999998], [-71.359943, 42.625972], [-71.364749, 42.63762400000001]]]}}, {"type": "Feature", "properties": {"district_name": "19th Middlesex District", "chamber": "house", "vintage": "2022-present", "lean_dem_share": 0.5232, "competitiveness": "Tossup", "competitiveness_label": "Tossup D", "party_favored": "Democratic", "url": "/district/house-19th-middlesex-district-2022-present/"}, "geometry": {"type": "Polygon", "coordinates": [[[-71.280226, 42.60524], [-71.280022, 42.607744000000004], [-71.273131, 42.60814199999999], [-71.271678, 42.609131], [-71.26976400000001, 42.606556000000005], [-71.264467, 42.608933], [-71.262657, 42.606753000000005], [-71.26078, 42.60561700000001], [-71.257986, 42.60828799999999], [-71.252776, 42.611731], [-71.250671, 42.612829], [-71.248339, 42.61740900000002], [-71.234169, 42.61239100000001], [-71.233002, 42.61184699999999], [-71.231962, 42.61103299999999], [-71.231615, 42.611888], [-71.229918, 42.611505], [-71.228194, 42.61133100000001], [-71.225716, 42.61154999999999], [-71.22286, 42.611455], [-71.215684, 42.612709], [-71.209034, 42.612266], [-71.202335, 42.612525], [-71.201528, 42.612341], [-71.196141, 42.610062], [-71.195708, 42.60970499999999], [-71.19165100000001, 42.61031099999999], [-71.189754, 42.610298], [-71.189345, 42.60764500000001], [-71.18948300000001, 42.606187000000006], [-71.188578, 42.606067999999986], [-71.187511, 42.60629300000001], [-71.184813, 42.60622200000001], [-71.183826, 42.606785000000016], [-71.18397400000002, 42.606503000000004], [-71.183352, 42.605599], [-71.183451, 42.60468000000001], [-71.183181, 42.60466600000002], [-71.182956, 42.60492300000001], [-71.182656, 42.604866], [-71.182521, 42.60468099999999], [-71.182884, 42.60423500000002], [-71.182143, 42.603944], [-71.181736, 42.604169], [-71.181585, 42.604637], [-71.182047, 42.60626400000001], [-71.181922, 42.607473], [-71.182466, 42.607775999999994], [-71.182288, 42.60795], [-71.181501, 42.60811499999999], [-71.181996, 42.608335000000004], [-71.182023, 42.60843100000002], [-71.181349, 42.60837299999999], [-71.180481, 42.60770900000001], [-71.164879, 42.598021], [-71.163909, 42.601852], [-71.160667, 42.605318], [-71.159517, 42.60765900000001], [-71.158617, 42.612947999999996], [-71.156564, 42.61497700000001], [-71.154419, 42.61526799999999], [-71.148653, 42.613167999999995], [-71.146608, 42.609996], [-71.145942, 42.608335000000004], [-71.143197, 42.60403900000001], [-71.141203, 42.603207], [-71.135456, 42.59911600000001], [-71.130524, 42.583209999999994], [-71.136742, 42.55346399999999], [-71.131295, 42.53182000000002], [-71.170033, 42.515537], [-71.192952, 42.534519999999965], [-71.195119, 42.53566400000001], [-71.197738, 42.53841400000001], [-71.199747, 42.53949399999999], [-71.20503200000002, 42.54447299999999], [-71.205192, 42.544932], [-71.206629, 42.545909999999985], [-71.207057, 42.54581100000001], [-71.209808, 42.546016999999985], [-71.212372, 42.547544], [-71.210599, 42.547665], [-71.20983, 42.551444000000004], [-71.210608, 42.552732], [-71.211391, 42.553071], [-71.208872, 42.554536], [-71.218017, 42.56101799999999], [-71.218672, 42.56165099999999], [-71.21781500000002, 42.561493000000006], [-71.21753, 42.561851], [-71.217755, 42.562005], [-71.217697, 42.562176], [-71.216906, 42.561901], [-71.216437, 42.562079000000004], [-71.216754, 42.562439], [-71.215701, 42.562616000000006], [-71.215536, 42.56329800000001], [-71.215841, 42.56358099999999], [-71.215811, 42.563773], [-71.215314, 42.563938000000014], [-71.215376, 42.56425000000001], [-71.215248, 42.56441199999999], [-71.214635, 42.564603000000005], [-71.21528, 42.564949999999996], [-71.214835, 42.565055999999984], [-71.214425, 42.56495700000001], [-71.214262, 42.56514], [-71.214935, 42.56590600000001], [-71.214963, 42.566067999999994], [-71.214448, 42.566177999999994], [-71.21443, 42.56633599999999], [-71.215063, 42.566944], [-71.214973, 42.567747], [-71.215314, 42.57034500000001], [-71.214878, 42.570744999999974], [-71.214463, 42.57080799999999], [-71.214432, 42.57103000000001], [-71.213681, 42.571178], [-71.212635, 42.57232], [-71.21278900000001, 42.572508], [-71.212668, 42.572717], [-71.212004, 42.572595999999976], [-71.211705, 42.57318600000001], [-71.211389, 42.57304299999999], [-71.211127, 42.573312999999985], [-71.280226, 42.60524]]]}}]}