{"type": "Feature", "properties": {"district_name": "4th Barnstable", "chamber": "house", "vintage": "2001-2010"}, "geometry": {"type": "MultiPolygon", "coordinates": [[[[-70.01150519989672, 41.542919727660276], [-70.01445758192196, 41.545533238128286], [-70.01637333851855, 41.54855128643876], [-70.01664671476914, 41.54955777674436], [-70.0165854075817, 41.55076531320798], [-70.01603621529367, 41.5520762254615], [-70.01569992439026, 41.552556409160594], [-70.01506107900211, 41.55303037513577], [-70.01460459968187, 41.55315159807725], [-70.0121062204751, 41.553056418491884], [-70.0121067096122, 41.5527772734321], [-70.0131419925424, 41.55268727954976], [-70.01314193227, 41.552480166425006], [-70.01277677903897, 41.55241122414032], [-70.01131534264574, 41.55247817638655], [-70.01064544234242, 41.552691136282604], [-70.00991345077458, 41.553238151277746], [-70.00674340949367, 41.557239702311], [-70.00564623236407, 41.5579231477283], [-70.0015305660206, 41.56194925734775], [-69.99976134863125, 41.56482885522237], [-69.9977293731069, 41.56689113305695], [-69.99721314641796, 41.56814780083676], [-69.99657184389916, 41.56858618191153], [-69.9962694573269, 41.56912866891788], [-69.99590390836822, 41.57030177963158], [-69.99493128266046, 41.57238423129872], [-69.99474963588172, 41.57317706661831], [-69.99383784735046, 41.574167343755924], [-69.99328945773468, 41.575080823681404], [-69.9924382334504, 41.5772053797705], [-69.99207349165054, 41.57872124509728], [-69.99213497326281, 41.57919819681905], [-69.99189206834072, 41.579470747880556], [-69.99180039794969, 41.5800210825517], [-69.9914053062021, 41.580708657087094], [-69.9913486548157, 41.58514958594619], [-69.99171634574931, 41.588650064879516], [-69.99168715694816, 41.58965035008485], [-69.99083790360581, 41.594638501061056], [-69.99120785444501, 41.598553238428984], [-69.9916358777304, 41.6008647508415], [-69.99157648098738, 41.6023514597408], [-69.99121108326995, 41.60384086865272], [-69.99072607381453, 41.60497973787733], [-69.99054205321069, 41.606105728623824], [-69.99008675042552, 41.60685834529882], [-69.9891730341202, 41.60706457037909], [-69.98908104025124, 41.60676843562028], [-69.98955957842979, 41.60657274467267], [-69.98935532206866, 41.60637867463187], [-69.98844028050428, 41.60626014012915], [-69.98737351639582, 41.60548615333317], [-69.987494852945, 41.605142762257245], [-69.98795136094928, 41.60489557386537], [-69.98862271800577, 41.60518703523008], [-69.98895790022819, 41.60507612164161], [-69.98947526928089, 41.604314762326325], [-69.98935317100509, 41.60345148400323], [-69.98898650736453, 41.60329239926223], [-69.98849964576158, 41.603539746149465], [-69.9882865067263, 41.60392862549755], [-69.98804260853295, 41.60404807271465], [-69.98782964547138, 41.60457202766859], [-69.98685408393357, 41.60484213823266], [-69.98661122755156, 41.60539326612717], [-69.98609289710602, 41.60562274135686], [-69.9869776333719, 41.60624573532514], [-69.98825816949144, 41.60654137304365], [-69.9885632278696, 41.606880864867705], [-69.98868533615172, 41.607266882639415], [-69.98795443795372, 41.60827303358482], [-69.98719323558697, 41.608576949806555], [-69.98487661179782, 41.60902897616539], [-69.98259153626665, 41.60990404221969], [-69.98106799438365, 41.610998051141515], [-69.98030650193301, 41.61195927971234], [-69.9793946630954, 41.61550685775935], [-69.97951590749267, 41.616290785233254], [-69.9801577034055, 41.61672541196912], [-69.98000517725552, 41.61713197189272], [-69.97948714608499, 41.617091273989686], [-69.97902974890478, 41.61651896725031], [-69.97866357717685, 41.61681010418614], [-69.97842081368526, 41.617730987879916], [-69.97823793732664, 41.6178675579259], [-69.97872566932054, 41.61845771645122], [-69.97894050822877, 41.6193115600622], [-69.97985417720209, 41.61976334269697], [-69.97982478571402, 41.62038484964192], [-69.98019067874286, 41.620769076446095], [-69.98028200003398, 41.621155826530966], [-69.97918634248265, 41.623011383411246], [-69.97949147362927, 41.62333345757004], [-69.97921734242969, 41.623695616382044], [-69.97735656573668, 41.62498148439932], [-69.97705175170842, 41.625371367720334], [-69.97723462931145, 41.62605481774286], [-69.97659508830192, 41.62717693798195], [-69.97583344962655, 41.627471771053465], [-69.97534501753023, 41.62747590973005], [-69.97528430499001, 41.62777338473198], [-69.97619945676377, 41.6281351657606], [-69.97604794736277, 41.62868581406387], [-69.97623042514242, 41.62900849466003], [-69.97693241998054, 41.62902972605095], [-69.97735923471669, 41.62944009971878], [-69.97726871158096, 41.63042267876972], [-69.97739132816898, 41.63138560038591], [-69.97726891773235, 41.63180100735234], [-69.97635476554379, 41.63271795333365], [-69.97717711716818, 41.6331527725427], [-69.97733141850787, 41.6337457897153], [-69.97666109355814, 41.634408804411926], [-69.97538091869725, 41.63500510607471], [-69.97471000794297, 41.63559662046635], [-69.9745259787835, 41.635967857197386], [-69.97470900206179, 41.63617405017598], [-69.97574684532182, 41.63589418294647], [-69.97635679040536, 41.63605094099819], [-69.97660118635359, 41.636625472732796], [-69.9766016680251, 41.63715677174787], [-69.9760220896289, 41.638323025684734], [-69.97462118068395, 41.63992062914574], [-69.9730361133408, 41.64104185684255], [-69.97233458702775, 41.6414354052148], [-69.9713595858154, 41.641686821474366], [-69.96913252526193, 41.641570184136796], [-69.96888868208832, 41.641977752533656], [-69.97010936877213, 41.64218328885731], [-69.97025983666063, 41.64241719141344], [-69.97017005007977, 41.64264223323476], [-69.96907301051931, 41.64339907615705], [-69.96904243012986, 41.643579331163885], [-69.9691947363683, 41.64383070252026], [-69.96998776334205, 41.64376990422984], [-69.9706282620097, 41.64401658570938], [-69.97093385215796, 41.64463528488492], [-69.97069039282077, 41.6450428623022], [-69.96971428332628, 41.6455734044772], [-69.96892085745421, 41.645571169988486], [-69.96818913249948, 41.64527990910657], [-69.9680667366135, 41.64385772540121], [-69.96745566021103, 41.64230513713511], [-69.96769890743978, 41.64095204123493], [-69.96772902652607, 41.63924037622529], [-69.96888611152687, 41.63598771783483], [-69.96943290609374, 41.63514580373984], [-69.97074378378628, 41.63202746410349], [-69.97123205959514, 41.63129337282374], [-69.97147439098433, 41.63038150156686], [-69.97351528977595, 41.62558169734884], [-69.97357635180794, 41.62498706406904], [-69.97577120993235, 41.621959900676934], [-69.97638060746159, 41.62074789922218], [-69.97735206105361, 41.61621791648618], [-69.97765702673881, 41.61544138016426], [-69.97826500920048, 41.614805109830264], [-69.97951361103189, 41.610957570905654], [-69.9803937678265, 41.606356557241256], [-69.98045308490596, 41.60434755340168], [-69.98072585951003, 41.60263294816985], [-69.98167061170089, 41.60050014717534], [-69.98227745020215, 41.5985761260692], [-69.98288460364067, 41.59458097784472], [-69.98343217446565, 41.59276591270456], [-69.98473987129286, 41.58995355839645], [-69.98480015080136, 41.58913321973636], [-69.98528582440487, 41.58847220517717], [-69.98647286366999, 41.584399225927626], [-69.98680414881467, 41.580372236976444], [-69.98731995956682, 41.5789079258737], [-69.98753406373046, 41.57776096379369], [-69.98741021148335, 41.576086647703235], [-69.9876230444733, 41.575246953124626], [-69.98707312969923, 41.57433294931364], [-69.98701219822081, 41.573279685741404], [-69.98719405316024, 41.572386675377366], [-69.98688812752846, 41.57188507730698], [-69.98716208685737, 41.570234070001646], [-69.98716048596012, 41.567858997028864], [-69.98749430176733, 41.567051873683404], [-69.98767599758922, 41.565609001579865], [-69.98749215054943, 41.56428677198015], [-69.98767242168678, 41.561285460340365], [-69.98748922069386, 41.560602589531676], [-69.9880029855245, 41.555455233811244], [-69.98821532835699, 41.55469657728903], [-69.98940087862512, 41.552272588074175], [-69.99220018639652, 41.548907062561916], [-69.99338599661255, 41.54767167931453], [-69.99582070271457, 41.54579492123963], [-69.9980723835741, 41.54365004678019], [-69.9994469937219, 41.54298047493846], [-70.00413713437719, 41.54211993831187], [-70.00846059374084, 41.54223535809474], [-70.01019619920429, 41.54248101976016], [-70.01150519989672, 41.542919727660276]]], [[[-69.98214132553196, 41.61921252327625], [-69.98168416735149, 41.61951371101401], [-69.9810134432736, 41.619348288000616], [-69.98089073445274, 41.61905173583308], [-69.98101245435898, 41.61885300250108], [-69.98076813365726, 41.618323514623256], [-69.98025007008191, 41.61784157725033], [-69.9804330901309, 41.6175249069132], [-69.98082821411964, 41.61740411977891], [-69.98131664197983, 41.61782319117003], [-69.98214132553196, 41.61921252327625]]], [[[-69.96460142661608, 41.736847560686996], [-69.9647849600754, 41.73774659653334], [-69.96536577203082, 41.73879562456759], [-69.96518284603762, 41.73895017862852], [-69.96411396116052, 41.73888680642713], [-69.96322805676614, 41.73911967180814], [-69.96225042061037, 41.73883970141072], [-69.96182310662117, 41.7381585572928], [-69.96231054434593, 41.73609231412022], [-69.96224955322239, 41.73566037756699], [-69.9616070902636, 41.73394525730497], [-69.96136227024816, 41.73348775650126], [-69.96099660594425, 41.73321210706947], [-69.96127107606931, 41.73298449696171], [-69.96261520583319, 41.733720800309975], [-69.96389854082042, 41.73520480498729], [-69.96460142661608, 41.736847560686996]]], [[[-69.96979810303921, 41.80520142778091], [-69.96967589372497, 41.80488686594362], [-69.96976723250434, 41.80460668819577], [-69.97065318781176, 41.803419797624734], [-69.97111197193912, 41.80328074782328], [-69.97129498722907, 41.803396322337406], [-69.9715402226228, 41.80444755905594], [-69.97102106967381, 41.80525385825791], [-69.96979810303921, 41.80520142778091]]], [[[-69.9634777272158, 41.824051531002205], [-69.96415084444484, 41.824424173655764], [-69.96433511008068, 41.82469285915287], [-69.96405922940606, 41.82524463920364], [-69.96418273562912, 41.825927858681254], [-69.96390701416595, 41.826659739087376], [-69.96344839065776, 41.826456577103215], [-69.96335598860037, 41.82599776451421], [-69.96292811710366, 41.82600156981931], [-69.96274486361617, 41.8257689063988], [-69.96182692597348, 41.82547006245358], [-69.9617045627928, 41.82508400921384], [-69.96139858799435, 41.82504160993697], [-69.96121514322093, 41.8255653646814], [-69.96081779082766, 41.82567706577291], [-69.96060347217103, 41.82521942341918], [-69.96026716212181, 41.82524920933643], [-69.95986962039368, 41.82547796871885], [-69.96014508740039, 41.8258176902317], [-69.95959472458912, 41.82600216969563], [-69.95720931512463, 41.8259142059399], [-69.95687251907702, 41.825745866651786], [-69.9568726186011, 41.82543069508089], [-69.95843191130447, 41.82487716371119], [-69.95956361348352, 41.82481366523047], [-69.95901305887519, 41.824538887432496], [-69.95882948691509, 41.82428877058186], [-69.9588596734683, 41.824035914723765], [-69.95944096368841, 41.82359859301092], [-69.95950146712924, 41.822868884970546], [-69.95983778218046, 41.8227760579798], [-69.96106174327143, 41.82354956625634], [-69.96213225927049, 41.823666441035755], [-69.9634777272158, 41.824051531002205]]], [[[-69.96155298550407, 41.82826464898068], [-69.96219545993826, 41.828520383440896], [-69.96219563301786, 41.828700484348595], [-69.96161437267477, 41.82894872622601], [-69.96075771768959, 41.82888369462189], [-69.96048269362608, 41.82903926111225], [-69.96026884606498, 41.82959073540402], [-69.95956619906086, 41.83019077155772], [-69.95883131011145, 41.83045830184892], [-69.95867878204385, 41.83066673066038], [-69.95880111173797, 41.83094472745757], [-69.95938290868511, 41.83123680276877], [-69.95999422182575, 41.831241124846706], [-69.96020857790508, 41.831401605748766], [-69.96017826772824, 41.831581853396926], [-69.95968896143131, 41.83183808118915], [-69.95895415675379, 41.83178988267194], [-69.95779260731915, 41.831448309326476], [-69.95760859840817, 41.831215636478255], [-69.95791397173609, 41.829619139089694], [-69.95782198121373, 41.82858401123675], [-69.95772987563403, 41.828269843964264], [-69.95693411613814, 41.827601159533614], [-69.95696540053187, 41.82730329426498], [-69.95968699516018, 41.827307447756354], [-69.96139975737769, 41.82787874641512], [-69.96155298550407, 41.82826464898068]]], [[[-69.95935307353726, 41.83368686678921], [-69.95907862070466, 41.83458084226805], [-69.95852738980565, 41.83506303588312], [-69.95785442685073, 41.835194639711915], [-69.95764046666905, 41.83507974284487], [-69.95776237564286, 41.83462833532119], [-69.9581913808355, 41.834237351821464], [-69.95819062159966, 41.833552966624474], [-69.95733392770063, 41.83291160272609], [-69.9564166620911, 41.83295490411773], [-69.95580451018729, 41.83279803508254], [-69.95580417913185, 41.83250086762616], [-69.95659943526874, 41.83185484043774], [-69.95714926044901, 41.83174183960388], [-69.95922997764566, 41.833408869388705], [-69.95935307353726, 41.83368686678921]]], [[[-70.07742203011308, 41.98548888740547], [-70.077575643654, 41.98649649518722], [-70.07901734177923, 41.989563046262205], [-70.0795083112814, 41.99080165075639], [-70.07947766220335, 41.991144002531314], [-70.07871136770173, 41.99132244929495], [-70.07742352328503, 41.9906856821088], [-70.07674939519414, 41.99077352377107], [-70.07595170333157, 41.99114122495801], [-70.07368295593373, 41.99091877642671], [-70.07365197710618, 41.99068539596582], [-70.07454076492948, 41.99020854928834], [-70.07447978039214, 41.98986673976673], [-70.07371324571858, 41.99020723281272], [-70.07325368766278, 41.99011257806144], [-70.07322248487878, 41.98965351236882], [-70.07260917386077, 41.98945225748434], [-70.0721795630805, 41.98901467178482], [-70.07168934016654, 41.98912730075697], [-70.07086146522832, 41.98899088995555], [-70.07083038326627, 41.98970299068792], [-70.07205745137733, 41.9903216322629], [-70.07248727342935, 41.99137153365578], [-70.07245646188595, 41.99166885897801], [-70.07221111003888, 41.99187852875199], [-70.06981962880391, 41.99245026168841], [-70.0676120481363, 41.99349754938886], [-70.06687588123837, 41.994026907370845], [-70.06610979445747, 41.99521378908686], [-70.06543498268421, 41.995580140762755], [-70.06356404450612, 41.99611100108589], [-70.06362565012878, 41.99627273245699], [-70.06402444714001, 41.99640380636484], [-70.06561907759664, 41.9960647642581], [-70.06632431002024, 41.99567121182061], [-70.06776528767183, 41.99429750228133], [-70.07165931844783, 41.9927664683257], [-70.07248713260913, 41.992722779945765], [-70.07408202409714, 41.99404947462015], [-70.07549336584758, 41.99567551301276], [-70.07579995443238, 41.995645565264226], [-70.07610634507095, 41.99510235267653], [-70.07659637974525, 41.99528686243165], [-70.07757884047406, 41.997961628218405], [-70.07785571082889, 41.99828305114308], [-70.07819280763076, 41.998306936508776], [-70.0783153804931, 41.99793646336281], [-70.0782839791044, 41.99679304917563], [-70.07797632294775, 41.995165588478486], [-70.07791486658103, 41.993797252530285], [-70.07751636242935, 41.99345012071462], [-70.07628973812825, 41.993245188765556], [-70.07628962782255, 41.99306509558004], [-70.07785326782773, 41.992789656355164], [-70.07868123346464, 41.991961967693214], [-70.07950891707078, 41.992008272899774], [-70.07917230744427, 41.99274077328932], [-70.07941816581257, 41.995143550185006], [-70.08043404619356, 42.000856633429706], [-70.08166153183993, 42.00444780654829], [-70.08209239398475, 42.006461168589986], [-70.08316659352616, 42.00927039992984], [-70.08378146299923, 42.012038471917954], [-70.08451815533127, 42.01403141306575], [-70.0856541049946, 42.01655154140206], [-70.08605305776274, 42.017124328136646], [-70.08731262169158, 42.02031905532175], [-70.08752696195477, 42.02050629556866], [-70.08866339288731, 42.02313445856285], [-70.08958391465308, 42.02490000434024], [-70.0925004046565, 42.0290785778193], [-70.09560178445793, 42.0328321838005], [-70.09839550399136, 42.035507576094666], [-70.10364581258294, 42.04022204151325], [-70.10806689750306, 42.04360194349853], [-70.11095285293658, 42.045384441376775], [-70.12305116398652, 42.0516711453456], [-70.12638388776291, 42.05306524056857], [-70.13626455806957, 42.05649872347035], [-70.13746204643145, 42.057053818873996], [-70.13973161408455, 42.058698234110686], [-70.14365974878748, 42.06025309161379], [-70.14488732776643, 42.060943521008845], [-70.14829428997292, 42.061945594700745], [-70.15157837410712, 42.062408097015236], [-70.15541572514925, 42.06240541010062], [-70.15735031976851, 42.06213322746776], [-70.16978307367783, 42.059736918923704], [-70.17681279123907, 42.05719701599519], [-70.17847039850115, 42.05641421451478], [-70.18123316226179, 42.05468348330977], [-70.18411835821199, 42.05241102468965], [-70.18500784080942, 42.05157314813443], [-70.18506932976803, 42.05133805796715], [-70.18442534743687, 42.050858486615645], [-70.18494653852646, 42.05037543326688], [-70.18528486831065, 42.05033598288949], [-70.18638972234814, 42.0507662474396], [-70.18681992361779, 42.050446470431346], [-70.190532943386, 42.04585009196895], [-70.19298756623283, 42.04127581310504], [-70.19446140989007, 42.039467576891944], [-70.19467546036763, 42.03898828688612], [-70.1948594855964, 42.03800441082552], [-70.19406184052984, 42.0373824462948], [-70.193999987934, 42.037067713740534], [-70.19424585852994, 42.03639857088505], [-70.19485924156854, 42.036103924296874], [-70.19679223099557, 42.036948172455695], [-70.19798895692917, 42.03717902743528], [-70.19829523168427, 42.036968659474994], [-70.1973440983717, 42.03674453912309], [-70.196853870154, 42.03635346252499], [-70.1961473775654, 42.034802293893506], [-70.19587138410738, 42.03475130805007], [-70.19535014094731, 42.03416177547445], [-70.1950121280133, 42.03253488671515], [-70.19307822961143, 42.02757392194938], [-70.19163584843186, 42.02553538762484], [-70.18755535187816, 42.02310980526697], [-70.1844569525541, 42.02441192025854], [-70.1844868565378, 42.02475387212195], [-70.18595962688359, 42.02432395831311], [-70.18681950152724, 42.02436928328753], [-70.18691092173418, 42.02463878006407], [-70.18663524029694, 42.024776308378264], [-70.18482555536505, 42.025146638698075], [-70.18114312549498, 42.02510368243731], [-70.17976321334915, 42.02567585827716], [-70.17896518834823, 42.025467990286664], [-70.18062186407369, 42.02425294333156], [-70.18178817464376, 42.02315097257306], [-70.18175696687914, 42.02285459391481], [-70.18129722837972, 42.0228588662826], [-70.17899666717415, 42.02413457960942], [-70.1785972649297, 42.025102998073116], [-70.17859681799338, 42.02574230409145], [-70.17755409311488, 42.02608649439045], [-70.17632655845583, 42.02617077737038], [-70.17577460115682, 42.02550988712472], [-70.17896604900278, 42.02288317485783], [-70.17893487948663, 42.02267628128997], [-70.17859669374697, 42.022787739122684], [-70.17727778192055, 42.02356713213547], [-70.17565201568745, 42.02479993066198], [-70.17534538731076, 42.02528036606701], [-70.17344247380292, 42.02667819817898], [-70.17374881778132, 42.026792054127974], [-70.17512974984695, 42.0260843287286], [-70.17549834917843, 42.02610773160851], [-70.17601916847862, 42.0266331969344], [-70.17970098416697, 42.026037008078305], [-70.18166525058548, 42.02551264710035], [-70.18197179249039, 42.02565349635266], [-70.1819405102455, 42.02585179046913], [-70.17807491751806, 42.02670256132256], [-70.17617288305941, 42.027316499855885], [-70.17457714881488, 42.02809884485497], [-70.17227628228225, 42.02969858042584], [-70.17126293359668, 42.030708812849156], [-70.16923787362545, 42.03333256467527], [-70.16794845303029, 42.034345751916554], [-70.16742671835641, 42.034296905124705], [-70.16739652433047, 42.03404498873215], [-70.16880823643348, 42.03198591196744], [-70.1689001622576, 42.031597541663], [-70.16837863403842, 42.03148567059347], [-70.16840977602475, 42.030953648340166], [-70.170159229793, 42.02862104286607], [-70.17359603859225, 42.02581161355101], [-70.17387212354271, 42.02534940464834], [-70.17516124807541, 42.02422809663135], [-70.17641848746658, 42.02347672000171], [-70.17678662278706, 42.023013876577316], [-70.17795268685589, 42.022380169550466], [-70.1801929180523, 42.02155512610625], [-70.1862672832151, 42.019862448233575], [-70.18933454149024, 42.01983910872487], [-70.1908379528579, 42.02002178174962], [-70.19421304226579, 42.02097768215129], [-70.19669748263155, 42.02241970205667], [-70.1986915150573, 42.023840330786776], [-70.20102377277057, 42.02514939213753], [-70.21059921039036, 42.032893965160824], [-70.21176575314323, 42.03429602341676], [-70.21311661650543, 42.03651559118368], [-70.21388469997751, 42.03856989980756], [-70.21492872728868, 42.040495604790884], [-70.2156359593553, 42.04156887233003], [-70.2164948609318, 42.04247894074102], [-70.21769284748214, 42.04458305418226], [-70.21870561045748, 42.045842061654135], [-70.22417223618352, 42.050962984149955], [-70.2266895821215, 42.05290893277639], [-70.22972927717402, 42.054758766632524], [-70.23332307836817, 42.05780095360879], [-70.23292464807326, 42.05780498919534], [-70.23237067503095, 42.05750509072763], [-70.23224851169999, 42.057686073838696], [-70.23353868125221, 42.058672250477], [-70.23360022688033, 42.059203057104746], [-70.23323240172608, 42.0592248737475], [-70.23255643339947, 42.05892587710529], [-70.23120504236621, 42.05771558787692], [-70.2308672619424, 42.05755708640606], [-70.23019180192604, 42.05755522175006], [-70.22831998661133, 42.05880910026835], [-70.22767647835228, 42.05947389158548], [-70.22764566775585, 42.05984384946407], [-70.22896501914474, 42.05899184871984], [-70.22924093536854, 42.0590157394615], [-70.22991740003643, 42.059837008517896], [-70.22994836451174, 42.06002587434337], [-70.22838326540942, 42.061421039705714], [-70.22807658583197, 42.061424385204795], [-70.22795331244436, 42.061263189550985], [-70.22718613435192, 42.0613525819034], [-70.22691003380896, 42.06114860798916], [-70.22583595716918, 42.06121431760369], [-70.22847585714989, 42.06247388311818], [-70.22899849192564, 42.062567479536675], [-70.22912110522019, 42.062818141971015], [-70.23710477267853, 42.06571358376706], [-70.2374731368777, 42.06562873054838], [-70.23771880041863, 42.065256638390295], [-70.23906874575707, 42.06425122907342], [-70.239405784162, 42.06420259986705], [-70.23983689265798, 42.0646665632919], [-70.2396221593667, 42.06532601058986], [-70.23977579143772, 42.06624332520122], [-70.23953007175534, 42.066561395587456], [-70.23965442046777, 42.067641022248246], [-70.23922476060812, 42.06797900986828], [-70.2386414511483, 42.068047994088396], [-70.23842746153947, 42.068554942536416], [-70.23741485234231, 42.06949372500573], [-70.23750745748536, 42.06971760127403], [-70.23787584435482, 42.06963274680524], [-70.2402067406704, 42.067706755392464], [-70.24057412805723, 42.06660383547635], [-70.24085020029509, 42.06624051735809], [-70.24084996188446, 42.06537610799125], [-70.24048105834329, 42.06514581774516], [-70.24041995913754, 42.064894152251], [-70.24075736286979, 42.06450336200303], [-70.2404192266955, 42.06409276690437], [-70.24038810059258, 42.0634531233233], [-70.24063335325248, 42.06273885941275], [-70.24057099784122, 42.06205553474355], [-70.23992619502533, 42.06164774893149], [-70.23995543608251, 42.06095418582282], [-70.2388811480047, 42.06047919330639], [-70.238788890049, 42.060047665661195], [-70.23759095536194, 42.05958312068447], [-70.23719200765173, 42.059308592044], [-70.23719181584002, 42.05912850491722], [-70.2416130022582, 42.0603865793182], [-70.2429020987269, 42.06029156903044], [-70.24354731624489, 42.06056372079876], [-70.24517508904485, 42.06209541583175], [-70.24539067383584, 42.06265153956053], [-70.24539225554587, 42.06379565274685], [-70.24434980053377, 42.065986881830185], [-70.24376695060161, 42.06658771390537], [-70.24263280281713, 42.06846445704177], [-70.2407316518952, 42.07056574762752], [-70.23809303752682, 42.0728822934446], [-70.2343789111188, 42.07482278134236], [-70.23333599597225, 42.07564470584181], [-70.22563157737757, 42.07860094385606], [-70.22332897963994, 42.079264682146515], [-70.21546979332561, 42.08082567749583], [-70.21374944297337, 42.08130328100563], [-70.20690323224721, 42.081898105669126], [-70.19741407785781, 42.08206066769453], [-70.19563297784512, 42.08226887382544], [-70.19050537065577, 42.0823583544723], [-70.17677892786757, 42.0809866365311], [-70.17097547208603, 42.08025309487083], [-70.16750576687515, 42.07955038735859], [-70.16016759784708, 42.07863409270354], [-70.15282989956539, 42.07663623960126], [-70.14862372152088, 42.07602108286022], [-70.14647438408358, 42.075466116384256], [-70.14441767510742, 42.075333169809085], [-70.14104112443017, 42.074096678974584], [-70.13873819782533, 42.073453642160445], [-70.1373877982973, 42.07326874370706], [-70.13391951037558, 42.07205964456277], [-70.13143259850098, 42.07137318496646], [-70.1271658376117, 42.07040589453294], [-70.12446472252373, 42.069973329607855], [-70.11597461924083, 42.067646337079225], [-70.11087787461904, 42.06588500733869], [-70.1069154697007, 42.06412205917686], [-70.102034112411, 42.062772653087166], [-70.09933122123995, 42.06163712695947], [-70.09767342865925, 42.06124707609828], [-70.09592324040462, 42.06023737663422], [-70.08557719245469, 42.05577769189627], [-70.08262940513137, 42.05466180553863], [-70.07928370458805, 42.05299106853339], [-70.06801863130386, 42.04661106919645], [-70.05853521187582, 42.04036663785911], [-70.05558995444375, 42.037844797230235], [-70.05129357756279, 42.03459665525844], [-70.04718306865598, 42.03091399150968], [-70.04635435246361, 42.0303631876881], [-70.0410480833585, 42.02549335753865], [-70.03350423222398, 42.017734510893945], [-70.0310827014246, 42.014991344346896], [-70.02964231445974, 42.01290514179891], [-70.02498047044836, 42.00753405047354], [-70.02222426990785, 42.00345986895772], [-70.01937399011182, 42.000071561919135], [-70.01575951989638, 41.9949139770699], [-70.01352325471389, 41.99143049458459], [-70.0118999148902, 41.98971536502673], [-70.0085918575223, 41.98429587225658], [-70.00577420263632, 41.98079000423502], [-70.00396793612991, 41.9780047428276], [-70.00249830052407, 41.97527957337548], [-70.00219258611729, 41.97521028309321], [-70.00163914502382, 41.97539606371804], [-70.00072274940864, 41.972692194716124], [-69.99971289090632, 41.97162031738517], [-69.99913039930355, 41.97054448072395], [-69.99860921925263, 41.97003562011173], [-69.99704308912553, 41.96772557514324], [-69.99671399433281, 41.96679657483356], [-69.99636863281832, 41.96658773124834], [-69.99406577802448, 41.96262682721709], [-69.99222427492157, 41.960274251815385], [-69.99228569242517, 41.960021235617894], [-69.99056694847583, 41.957712456183835], [-69.989555453387, 41.955885193234224], [-69.98903238319829, 41.95451067558747], [-69.98863262398046, 41.95405683291681], [-69.98786558172456, 41.95244890121752], [-69.98679217778144, 41.951107608459196], [-69.9860863590346, 41.94959163869731], [-69.98535007979875, 41.94924645112611], [-69.98501204056474, 41.94794359411067], [-69.983815899069, 41.945683837258386], [-69.98338529090944, 41.944472044948455], [-69.98234227710263, 41.94248163791414], [-69.98148352127846, 41.9413181682642], [-69.98016401740752, 41.93866333500052], [-69.98022533086251, 41.93806814896765], [-69.97948945591514, 41.936876473439995], [-69.97902920968578, 41.93566482556009], [-69.97866118679183, 41.93532562042981], [-69.97838471430977, 41.9342469869583], [-69.9770038205742, 41.9314759150036], [-69.97571530542837, 41.92798342808441], [-69.9751623601456, 41.92699732934503], [-69.97500958739677, 41.92610718749889], [-69.97372087183368, 41.92324500970613], [-69.97341427746433, 41.92287846678656], [-69.97212544063204, 41.91943038430486], [-69.97215569317406, 41.91878187270912], [-69.97108322416516, 41.91718773449097], [-69.97083724271981, 41.91618095796729], [-69.97050063242533, 41.9156074600153], [-69.97049960331894, 41.915148198670984], [-69.9701625241772, 41.91448463571698], [-69.96976463049063, 41.91423561465732], [-69.96859934139668, 41.91169693853517], [-69.96780132105384, 41.90952393981472], [-69.96777105448565, 41.90890276532502], [-69.96636122016355, 41.90595162637024], [-69.96596202023593, 41.9042887996892], [-69.96537996692525, 41.90321277418388], [-69.96501169539381, 41.901909995674174], [-69.9627432010578, 41.897263911779774], [-69.9622845783042, 41.895619404148256], [-69.96219168897592, 41.894521249694094], [-69.96124199525605, 41.89307892548254], [-69.96124182578552, 41.892025351167355], [-69.96087348496262, 41.89113678014599], [-69.95955637965861, 41.88895952167788], [-69.95952545032961, 41.8879955804371], [-69.95900502700695, 41.88715335103798], [-69.95826865798695, 41.884061479624485], [-69.95780032412857, 41.883262720750416], [-69.9578006006857, 41.88248887016547], [-69.95646162567226, 41.88040189150245], [-69.95581763696298, 41.877110890146994], [-69.95544999972242, 41.87606021949909], [-69.95536040984699, 41.87514218971757], [-69.95444115450027, 41.872276877717646], [-69.95355232786525, 41.87013122794832], [-69.95254156765357, 41.866419878331314], [-69.9516537706661, 41.86406767881877], [-69.950856643663, 41.86097604674949], [-69.94929504149539, 41.85610736710412], [-69.94883575272766, 41.85512014302107], [-69.9486208486348, 41.85411373726561], [-69.94663223908455, 41.8485097961924], [-69.94531550729165, 41.845215180788536], [-69.9444887627553, 41.84235778519778], [-69.9443662559819, 41.841332359003644], [-69.94387615156349, 41.8405973972543], [-69.94298887868666, 41.83732661807038], [-69.94268300994939, 41.835428590284515], [-69.94213204095799, 41.833829996097286], [-69.94164251050347, 41.83114995842148], [-69.94093878382506, 41.829138426777135], [-69.94103039864223, 41.82845305042665], [-69.9404795724359, 41.82652971083982], [-69.93977591836844, 41.81978098695768], [-69.93980580785163, 41.81731290662788], [-69.93995846479831, 41.81676174778565], [-69.94023401571282, 41.81650775049062], [-69.94020306473662, 41.81585053099011], [-69.94038742729585, 41.81547934664828], [-69.94326111515421, 41.81333041427879], [-69.94350489830506, 41.81328308997996], [-69.94371958003605, 41.81353365760237], [-69.94362812467205, 41.814723316640936], [-69.94316894471665, 41.815042351722134], [-69.94182440470234, 41.8153864333336], [-69.94130397014182, 41.815733322729976], [-69.94142685522303, 41.81598433250243], [-69.94225284917583, 41.815941591687796], [-69.94286408056259, 41.81614354857334], [-69.94307798829529, 41.816673260821396], [-69.94246631277613, 41.81696657261136], [-69.94167150395053, 41.81765753223136], [-69.94219111825863, 41.81813064064724], [-69.94246647278189, 41.81884016734632], [-69.94182434772233, 41.81943979639], [-69.94142676944092, 41.82014575504534], [-69.941274221493, 41.82120062834417], [-69.94255929467046, 41.821910446474334], [-69.943017873542, 41.82300574347675], [-69.94314010569468, 41.8237159954635], [-69.9435068235497, 41.82392023698673], [-69.94372127804527, 41.823765577359495], [-69.9442410652673, 41.82394151387091], [-69.94427166739064, 41.824445083859494], [-69.94390473545806, 41.82483572801675], [-69.94378295700974, 41.82661986774963], [-69.94503735313091, 41.82860906738039], [-69.9461995716917, 41.829752213779905], [-69.94632229611324, 41.830877254479454], [-69.94696411320466, 41.83142123382645], [-69.94769867425516, 41.832685175310836], [-69.94803589972373, 41.83415025151929], [-69.94886178823664, 41.83568389196723], [-69.94926004923136, 41.8368695148022], [-69.94922947357195, 41.837554042443166], [-69.94867897652811, 41.83845042735943], [-69.94904641699192, 41.83896983249301], [-69.94926013663277, 41.838877619418476], [-69.94941272860363, 41.83860673617799], [-69.94941261475103, 41.83803885562262], [-69.94974944224141, 41.837603885164924], [-69.95042231557491, 41.837895559850686], [-69.95173758836884, 41.83759655721749], [-69.95189061040001, 41.83775734662731], [-69.95146255832213, 41.83801324596803], [-69.95143219652533, 41.83853567875074], [-69.95097338604837, 41.838539578556045], [-69.95008569586331, 41.83926704945149], [-69.94944427407845, 41.83929041542653], [-69.94953537600011, 41.839614139115994], [-69.94935206545746, 41.84000280380781], [-69.94828137163978, 41.8399758596522], [-69.94800573292476, 41.839519043081516], [-69.94773108390413, 41.83965600765214], [-69.9468440954968, 41.841032387321945], [-69.94678320074954, 41.84231194495968], [-69.94745662561772, 41.84256762427494], [-69.94803710276965, 41.84254457438115], [-69.94941418807461, 41.84301973790609], [-69.95024025075739, 41.8434992222462], [-69.95094445632189, 41.8433405132058], [-69.95232058155214, 41.84339183761958], [-69.95342172642577, 41.84238302088112], [-69.95403360337693, 41.84118915722305], [-69.95516427880912, 41.839999509361526], [-69.95528707177303, 41.83968374857593], [-69.95525561518323, 41.83817049326945], [-69.95543893529201, 41.83776380985994], [-69.95635639459648, 41.8368914967047], [-69.95959863248032, 41.83478372471743], [-69.9602398804859, 41.83398587604337], [-69.96112697524777, 41.83361851751917], [-69.96167755388929, 41.83350550493779], [-69.96424723212685, 41.83384405561454], [-69.96580674976623, 41.83331799788146], [-69.96650993136245, 41.83332070211372], [-69.96822375975763, 41.833684796383544], [-69.96938622010317, 41.83430542663692], [-69.96984521701016, 41.83477871596172], [-69.96981472764334, 41.83526513034059], [-69.96929486998464, 41.836089424225136], [-69.96993818236183, 41.83702049291371], [-69.97051969976013, 41.83718700471646], [-69.97266067521863, 41.83624992150026], [-69.97314934712693, 41.835516378982746], [-69.97302622462875, 41.834670520710304], [-69.97244452630984, 41.83407234183251], [-69.97143517309159, 41.833954702441545], [-69.97051784350036, 41.834439924339996], [-69.97024272227101, 41.83444242053506], [-69.9691410725869, 41.83338869576938], [-69.96764151713852, 41.83286090373427], [-69.9673971446933, 41.83253907085282], [-69.96745816433516, 41.83228606932664], [-69.9680389359075, 41.832011343610404], [-69.9683747706342, 41.83148569032699], [-69.96812985041022, 41.83098318597903], [-69.96834429465834, 41.8306393772327], [-69.96819126026924, 41.83047860998888], [-69.96822206493025, 41.83007324424423], [-69.96831295807179, 41.82989211559971], [-69.96877150160209, 41.82970804499808], [-69.96880251850868, 41.82929366806101], [-69.96901627171223, 41.82899431513332], [-69.96886292695295, 41.82826623486586], [-69.96935188510223, 41.82773981638258], [-69.96834218140515, 41.82698279428665], [-69.96809677584581, 41.82700256824542], [-69.96803510771129, 41.82590426527016], [-69.9673629289048, 41.825882850605176], [-69.96696575197242, 41.826300742669915], [-69.96717974679855, 41.826758368019334], [-69.96766882283617, 41.8272135034688], [-69.9676085206395, 41.82778168691611], [-69.96812829123154, 41.82829069490132], [-69.96806777746687, 41.82863319442904], [-69.96770108287, 41.82892487150075], [-69.967426431287, 41.8289087987538], [-69.96696687530613, 41.82863359942706], [-69.96696644263102, 41.828291406661734], [-69.96607972701109, 41.82714598753524], [-69.96571148804952, 41.82620339570867], [-69.96552775840104, 41.82522332180705], [-69.966016777649, 41.82444422212334], [-69.96439539642247, 41.8232511988224], [-69.96338553861362, 41.82281829727379], [-69.961030919615, 41.821973286754904], [-69.9602049665234, 41.8220431798314], [-69.95977645560396, 41.821794817081305], [-69.95953150166085, 41.82122026160094], [-69.95891960209869, 41.82090132225968], [-69.95861377543501, 41.82007492011734], [-69.95864430662817, 41.81971457695461], [-69.95916313825748, 41.81868377055956], [-69.95919403739833, 41.81740436102632], [-69.9583065999908, 41.81639394116933], [-69.95867305246558, 41.816048828864076], [-69.9594989025829, 41.81587088720508], [-69.95940700153473, 41.81682585300609], [-69.95998846988024, 41.816596203573454], [-69.96060001966072, 41.81602364412996], [-69.96179235597404, 41.81554503335118], [-69.96258766383481, 41.81625927160053], [-69.96292435938179, 41.81621146580168], [-69.96221964404961, 41.81510955577192], [-69.96231184917595, 41.81481138533524], [-69.96328966060607, 41.81369557606721], [-69.96478738439272, 41.813169263490614], [-69.96573567757754, 41.81262091448889], [-69.96570509477148, 41.81318893912825], [-69.96542990175264, 41.81360509002775], [-69.96616315894882, 41.813302036564544], [-69.96643855497352, 41.81300238346784], [-69.96677389787094, 41.81063071837853], [-69.96631462178331, 41.809301382862024], [-69.9663449956266, 41.80891401215279], [-69.96778132300636, 41.80788425282539], [-69.96830121967174, 41.807222065510985], [-69.9693707474406, 41.80660101700065], [-69.97068560756392, 41.806508354573616], [-69.97157183218879, 41.80664518413446], [-69.97313097250547, 41.80582130939684], [-69.97352795662592, 41.8050431982465], [-69.97484208484616, 41.80398751072281], [-69.97557538866081, 41.80287339846496], [-69.97756202533795, 41.80206417739089], [-69.97869215988904, 41.80099136530634], [-69.97997573579433, 41.800422045274004], [-69.98086139789028, 41.799000379568575], [-69.98107431375138, 41.79744931214506], [-69.98049285178172, 41.79634689766303], [-69.980705962783, 41.795435181983365], [-69.98098090003101, 41.79518051384514], [-69.98198898076943, 41.794883843222344], [-69.98281417347047, 41.79403879779878], [-69.98302716362575, 41.792893507315156], [-69.98431019817639, 41.79211702088472], [-69.98528767860729, 41.79033410573022], [-69.9855608068502, 41.78852155450261], [-69.98473494297819, 41.787673119993144], [-69.9829306666559, 41.786923093721924], [-69.98207558083989, 41.786831230038004], [-69.98164703449395, 41.78697015777146], [-69.98118958938791, 41.78746946260877], [-69.97984484146008, 41.788345269824895], [-69.97911226602093, 41.78948644064612], [-69.9784093739211, 41.78987045568498], [-69.9753238497793, 41.7924186990606], [-69.97422443833635, 41.793562802056194], [-69.97266681095829, 41.796332339672176], [-69.97251395647042, 41.79687396356728], [-69.97275936026342, 41.797493531282804], [-69.97275975325398, 41.79804283694947], [-69.97163019238458, 41.800078567478316], [-69.97159942569081, 41.80097076815504], [-69.9714473607353, 41.801431357015865], [-69.97114131235173, 41.80163211440022], [-69.97092746740009, 41.80230067115831], [-69.97065333536132, 41.80264480865421], [-69.96942986088861, 41.80319569693523], [-69.96878848667862, 41.803264192063736], [-69.96597549227886, 41.80417976652344], [-69.96582331462055, 41.80436119396419], [-69.96600700528586, 41.80557538807043], [-69.96524351696517, 41.806419454150706], [-69.96478528612872, 41.80767510019656], [-69.96435712434521, 41.80822820637033], [-69.96426559819541, 41.80873350097678], [-69.96448047737609, 41.80918213989796], [-69.96399050639118, 41.809411351176216], [-69.96374637145054, 41.80935009660303], [-69.96356326444842, 41.80884728754372], [-69.96325684443477, 41.80849871831135], [-69.96288992119231, 41.80836657651628], [-69.96200374464276, 41.80861745992061], [-69.96136119336056, 41.80838872614629], [-69.96084089286504, 41.80845599294721], [-69.96065764619445, 41.80881766043896], [-69.96071896192501, 41.809051491281146], [-69.96130037249995, 41.80980337382945], [-69.96133119377303, 41.81039699028092], [-69.96151508145118, 41.81064823359373], [-69.96203442018466, 41.810715457285205], [-69.96243237523232, 41.81055930389152], [-69.9626461041585, 41.80966562778814], [-69.96295145789863, 41.80952791761758], [-69.96365492575195, 41.80971131288314], [-69.96383868733126, 41.81012407218932], [-69.96362457259178, 41.8106749902422], [-69.96258549223816, 41.81172863398045], [-69.96166825889213, 41.8122047783077], [-69.96010963367056, 41.81399203569916], [-69.95946791355637, 41.814474702589614], [-69.959101003088, 41.81455922609603], [-69.95861208765126, 41.81444625044304], [-69.9583362312653, 41.814015911212124], [-69.95778532621664, 41.813759698442], [-69.95677679947063, 41.813668941484856], [-69.95604287947496, 41.81318849573741], [-69.95503316617527, 41.81204413686986], [-69.95659182568231, 41.81044604278938], [-69.95747887720383, 41.81062745916655], [-69.95818189423184, 41.811063011616525], [-69.95903831308748, 41.811065028108175], [-69.95974149021676, 41.81076160927615], [-69.95989420265424, 41.81031004852094], [-69.95949646172244, 41.80998950131172], [-69.95873199576782, 41.81005851965802], [-69.9564997050964, 41.80912276087535], [-69.95601054693886, 41.809099810622925], [-69.95521604714581, 41.80960177084343], [-69.95518578044926, 41.81010619631194], [-69.95490978474193, 41.810288750313376], [-69.95365657195629, 41.81014624662451], [-69.95277003871276, 41.81037847699257], [-69.95209753815335, 41.810221891305396], [-69.9519445546287, 41.81001607674683], [-69.9531358467449, 41.80703416480543], [-69.95307455868716, 41.80596286875074], [-69.95267683243459, 41.80482227844089], [-69.95224786185986, 41.80447426607556], [-69.94986326842324, 41.80361172154897], [-69.94925171919259, 41.80314808503869], [-69.94891548005619, 41.80242142869644], [-69.94974099666742, 41.80180231171618], [-69.95013758423393, 41.801159347436496], [-69.94943466893204, 41.80063368561902], [-69.94876190453422, 41.8004776423875], [-69.94763128195854, 41.80073014712754], [-69.94793652832702, 41.801276853534965], [-69.94775379007321, 41.80147640958978], [-69.94738637766748, 41.801506299681556], [-69.94653081629322, 41.80118059388576], [-69.94646930285226, 41.80058655287684], [-69.94695833045918, 41.79976250849368], [-69.94793680443273, 41.79928619145546], [-69.95016807475668, 41.7990520325541], [-69.95059654028223, 41.798598046330206], [-69.94998407384458, 41.79708982428011], [-69.94955632428571, 41.796787409500915], [-69.94763046533397, 41.796496673499675], [-69.94680437423789, 41.79582805550396], [-69.94686556934836, 41.795368510106016], [-69.94704899938526, 41.795186407673356], [-69.947812808318, 41.794936794134216], [-69.94888308095251, 41.79491928076686], [-69.94961734110434, 41.795994109297936], [-69.95105417573235, 41.796585461231665], [-69.95169624747717, 41.796517084992026], [-69.95294882686483, 41.79537188669865], [-69.95539470366492, 41.79564876231421], [-69.95569987195063, 41.79543902997995], [-69.95585262704869, 41.79445618241767], [-69.95511881917741, 41.79418284272598], [-69.95456915553406, 41.79445792116194], [-69.95389654375232, 41.7944994513935], [-69.95343810509026, 41.794935600084784], [-69.95224560621952, 41.7948912711879], [-69.95126780327163, 41.79398086817404], [-69.94940225615441, 41.7927893578543], [-69.94879031577213, 41.79257841837553], [-69.94683471357664, 41.793747194016454], [-69.94600927234332, 41.79404211102317], [-69.94493968248915, 41.79418623455339], [-69.94448125239421, 41.79471239794613], [-69.9442674703872, 41.79539891921913], [-69.94457293389563, 41.795810563803585], [-69.94500078206221, 41.79596892840658], [-69.9458568179861, 41.79548476370306], [-69.94634639962628, 41.79562482947115], [-69.94607134596306, 41.7970680622048], [-69.94619346800131, 41.797319056930405], [-69.94594873813715, 41.798257865847816], [-69.9454296789558, 41.79884792530793], [-69.94472674843723, 41.80017726765649], [-69.9442684483218, 41.80086608031598], [-69.94368791223964, 41.801230736002616], [-69.94209763205102, 41.80120788534097], [-69.94010993647427, 41.8002424975073], [-69.93940728144077, 41.799356576628895], [-69.93867288125051, 41.79883098313333], [-69.93748049100319, 41.798579954622824], [-69.9372669031694, 41.798671578720395], [-69.93726722917712, 41.80056263142535], [-69.9371140721839, 41.80088864631104], [-69.9372970725971, 41.80344463751639], [-69.93781754668623, 41.80489031878757], [-69.93809310303526, 41.80509558151497], [-69.93821438944806, 41.80577937112733], [-69.9378786858517, 41.806556512036245], [-69.93778728093372, 41.80734038619356], [-69.93836794767724, 41.808065364502106], [-69.9383374286552, 41.80891254063434], [-69.93876604151404, 41.8093500835095], [-69.93879561158226, 41.80960206972214], [-69.93858704953773, 41.8103781443224], [-69.9388881494108, 41.81086234172881], [-69.93891874882996, 41.811456531306995], [-69.9387346708916, 41.81190819474592], [-69.93882715348006, 41.81218693181011], [-69.93846024284484, 41.81253197529032], [-69.93766516712058, 41.81209728030158], [-69.93595316458523, 41.80941845899173], [-69.93583063234827, 41.80669896364186], [-69.93598334081315, 41.804320364445815], [-69.9356161215379, 41.803512755225945], [-69.93543256010697, 41.80253206837083], [-69.9354946504129, 41.80118104590972], [-69.93451565174216, 41.80043200375775], [-69.93433205352592, 41.800082231227826], [-69.93430174863614, 41.799677148375736], [-69.93469941655727, 41.798827703015284], [-69.93485179815778, 41.797889331791], [-69.93454628230127, 41.79400117194869], [-69.93414868261564, 41.79304061247915], [-69.93411757913427, 41.787411500511375], [-69.93427140505355, 41.78642869191535], [-69.93381303700512, 41.78508120563298], [-69.93362963070541, 41.783821928099655], [-69.9336601702719, 41.781903155940824], [-69.93332351080662, 41.77798810281672], [-69.93295758655425, 41.776523133473844], [-69.93311004903384, 41.775656805115226], [-69.93271272793544, 41.77455272887104], [-69.93265179899919, 41.773895092151555], [-69.93188773912627, 41.771974389914], [-69.93197917885458, 41.770072771834116], [-69.93179567686397, 41.76956990936934], [-69.93133786478087, 41.76522374653917], [-69.9316443930826, 41.76391492748498], [-69.93112468406399, 41.76066764789163], [-69.93118582413013, 41.759937957706846], [-69.93084925009784, 41.75769782508436], [-69.93057472043137, 41.75398904311867], [-69.9302393812037, 41.75289312092238], [-69.93005637919958, 41.750354558216515], [-69.92966151862106, 41.7492049177301], [-69.92944782420072, 41.74790074449158], [-69.92944763180743, 41.746946208855796], [-69.92917277583615, 41.745318135893825], [-69.92926415991454, 41.74374126496332], [-69.92865305577789, 41.74124237577514], [-69.92889751249842, 41.73923144029645], [-69.92874615497925, 41.737197591400125], [-69.92892889852591, 41.73621406188705], [-69.92877617457667, 41.734954059450594], [-69.92892942769767, 41.73260248351009], [-69.92841101781335, 41.723743945806035], [-69.92801355099859, 41.72238713500793], [-69.92822923231957, 41.71019898227914], [-69.92780165138922, 41.70718482529873], [-69.92795495359735, 41.706204267632586], [-69.92786376688868, 41.70464457729294], [-69.92807618348711, 41.70318419192525], [-69.92798528229731, 41.70278839836161], [-69.92819886879188, 41.69947805986611], [-69.9283826605172, 41.698859808590626], [-69.92810845201515, 41.69558156202748], [-69.92826174418134, 41.6916985699869], [-69.92850543316919, 41.69059769225465], [-69.92859799750465, 41.6887259213348], [-69.9292386683525, 41.68650264253198], [-69.9292692845685, 41.685592430119875], [-69.93024616497235, 41.68121651245959], [-69.93100951639522, 41.67840903191652], [-69.93183364172256, 41.67630364339233], [-69.93287112705741, 41.672413130554034], [-69.93311475860695, 41.67000651323684], [-69.9334502412599, 41.669318871772866], [-69.93424272244816, 41.668206972376886], [-69.93668476843979, 41.66564486208089], [-69.93894165985472, 41.66257306059286], [-69.93946083853919, 41.66170444651416], [-69.94168694396978, 41.655480422332886], [-69.94266137675275, 41.65381714372592], [-69.94305929228028, 41.652622673267736], [-69.9440659758892, 41.651434849039426], [-69.94613790276247, 41.64809642987194], [-69.9464748057907, 41.647154381047805], [-69.94726692884966, 41.6458510270688], [-69.94885304914811, 41.643766070754225], [-69.94918868495812, 41.64310596232062], [-69.95062148181167, 41.6412744087337], [-69.95117034522104, 41.64079279807941], [-69.95235916758608, 41.64040488727646], [-69.95223782455669, 41.640954791992684], [-69.95120011861464, 41.64153105591483], [-69.95074393595323, 41.64212029686925], [-69.95175109350075, 41.6420315841867], [-69.95330435675032, 41.64033389500111], [-69.95537836750556, 41.63923589884084], [-69.95614011629054, 41.639148316084544], [-69.95647628987514, 41.63948775842534], [-69.95672012811467, 41.640980828154305], [-69.95696484031424, 41.64141132856717], [-69.95708681404003, 41.6423736998335], [-69.95699617536668, 41.64317616565683], [-69.95641636163266, 41.64326228970187], [-69.95614124651826, 41.64221059784076], [-69.95583664710745, 41.64196107518037], [-69.95571412515275, 41.64145738244784], [-69.9554088163233, 41.64125287392672], [-69.95513495038787, 41.64130036446652], [-69.95473864539866, 41.64166362557712], [-69.95315248640227, 41.641821031225064], [-69.95196341729617, 41.64260572579337], [-69.95110949773178, 41.64291884372623], [-69.95117061957934, 41.64315268090983], [-69.95257361638996, 41.64296972989465], [-69.95406771858276, 41.643083481560765], [-69.95452573533898, 41.64317863255281], [-69.9545254513889, 41.643376738699516], [-69.95415969836542, 41.64351528826145], [-69.95098842077545, 41.64365841439545], [-69.95025529261464, 41.64386286036995], [-69.94976820129969, 41.64420909951606], [-69.94967676196444, 41.6444526809642], [-69.94979815843645, 41.6446141750647], [-69.95010328919214, 41.64459357102739], [-69.95101834710029, 41.644018464067706], [-69.95269605865121, 41.644157805504676], [-69.95135390407751, 41.64442994420984], [-69.9508959192608, 41.64532533172241], [-69.9504386338001, 41.64550933146124], [-69.9501954013503, 41.64580880980066], [-69.948640298103, 41.64639769226866], [-69.94925037126696, 41.647293575156105], [-69.94921946275143, 41.647500827159945], [-69.94857949870322, 41.64792996591794], [-69.9484267621232, 41.64831847426028], [-69.94879303972222, 41.64863921431922], [-69.94879316686087, 41.649035994845065], [-69.948365954158, 41.64930932142267], [-69.94839692369469, 41.64957933605418], [-69.94891567148511, 41.64964719713312], [-69.9492203434109, 41.64949151372494], [-69.94946392318961, 41.64882283656765], [-69.95022643939511, 41.64832163016642], [-69.94973767023097, 41.648163007945186], [-69.94992114595343, 41.647837393753676], [-69.95053167264831, 41.64733693200801], [-69.95108005056692, 41.647404619880504], [-69.9531846476728, 41.64649562354187], [-69.95556287729092, 41.64644859954473], [-69.95568478371922, 41.646123256830926], [-69.95528836312236, 41.6459467770302], [-69.9536720468027, 41.646167383971324], [-69.95333687580444, 41.64608008733353], [-69.95348863234837, 41.64580862456693], [-69.95562383224788, 41.6453221097781], [-69.95586808048665, 41.64493315133087], [-69.95586780063789, 41.64461797261311], [-69.9555627834714, 41.64404369643861], [-69.95565351354699, 41.64298909279489], [-69.95589728562602, 41.643194457782315], [-69.95644734939097, 41.644729957515686], [-69.9562038311599, 41.64648825390938], [-69.9565700048119, 41.64735883019952], [-69.95657054387448, 41.647818659633295], [-69.95641801241494, 41.64838728075629], [-69.95589994878382, 41.648850758001196], [-69.95547261378718, 41.6496739723788], [-69.955167676074, 41.64985668372679], [-69.95492292098523, 41.65104258550224], [-69.95544205837759, 41.65062865445349], [-69.95608242116937, 41.65063284823229], [-69.956144564236, 41.65079408895905], [-69.95519870506425, 41.65175660164592], [-69.9546195709457, 41.652121872825866], [-69.95385731633658, 41.65214640563154], [-69.95349066270242, 41.651870144096364], [-69.95342997135134, 41.65161830425491], [-69.95431369841981, 41.6511159093507], [-69.95367399030998, 41.65063444950421], [-69.95361204915788, 41.65024808504697], [-69.9532159077667, 41.650152079800044], [-69.95165996461394, 41.65035434526366], [-69.95007413340417, 41.65062821325585], [-69.94912860545148, 41.65124849079936], [-69.94836641997729, 41.65136303774778], [-69.94708524063896, 41.65223817067491], [-69.94702443025768, 41.65305848043377], [-69.94793993051701, 41.6527805676996], [-69.94818402665341, 41.65289590334033], [-69.94800055930668, 41.65337460035413], [-69.94537806686017, 41.65484656057554], [-69.94495081161992, 41.65527351807189], [-69.94434121096518, 41.65633227529322], [-69.9433345351355, 41.65685374046365], [-69.94263250368073, 41.65760730435807], [-69.94196209401558, 41.65790992056886], [-69.94168712863583, 41.65861473150231], [-69.94080259590231, 41.65927967775514], [-69.94068096986136, 41.659712502688016], [-69.94101617295074, 41.66001651522413], [-69.94220605367308, 41.659556111908536], [-69.9434566337164, 41.65863615450472], [-69.94370098713313, 41.65809356931642], [-69.94412775216311, 41.65770318783689], [-69.94446274149918, 41.65753780062767], [-69.945164786052, 41.65752319564331], [-69.94519533906328, 41.65818042129617], [-69.9444328070589, 41.65879921939792], [-69.94434159910793, 41.659124403731425], [-69.9445241552591, 41.65934808200589], [-69.94482964253895, 41.659300480961036], [-69.94568294376565, 41.65848255915986], [-69.94629287985519, 41.65737877430156], [-69.94629300096643, 41.65712663553508], [-69.94665951556229, 41.65679057739867], [-69.94690322467412, 41.656968378101475], [-69.94690339476539, 41.65751768627028], [-69.9464461750556, 41.658251545391046], [-69.94571412058737, 41.65895969279364], [-69.9454703195639, 41.65994353546683], [-69.94507393030395, 41.66033433737358], [-69.94342662022326, 41.661041209762566], [-69.94165746134921, 41.6627583288016], [-69.941413728779, 41.663120250767065], [-69.94135232117739, 41.66360737347193], [-69.93936907524858, 41.66506488129883], [-69.93790491244553, 41.6681301300852], [-69.93540287086614, 41.67010498901871], [-69.9340911169909, 41.672160347888415], [-69.93409170414684, 41.672412497004174], [-69.9354645071693, 41.67442768592902], [-69.93637987325202, 41.67449261812469], [-69.93525067369417, 41.67557345392232], [-69.93399921268416, 41.67753789916342], [-69.93409164095405, 41.678131819922044], [-69.93512888410775, 41.68067256307477], [-69.93494574628215, 41.68137638067201], [-69.93512862335163, 41.682293465522825], [-69.93503729226653, 41.68309590847557], [-69.93476267822429, 41.683962809396576], [-69.93418286517566, 41.68496733008877], [-69.93409139848762, 41.6855446447211], [-69.93473208590514, 41.687512055686575], [-69.9356779809154, 41.68935928150423], [-69.93552522554599, 41.69089197175118], [-69.9356161585895, 41.69144084495041], [-69.93470094698807, 41.69384385828003], [-69.9349453556427, 41.69416633145563], [-69.93488443367355, 41.69455383551358], [-69.93369412108555, 41.69586063889177], [-69.93256445848732, 41.696545225464675], [-69.93161918771068, 41.69757959493913], [-69.93161830123863, 41.6979217741419], [-69.93268667539193, 41.698696861047786], [-69.93296151817867, 41.69947845593769], [-69.9330524673032, 41.70007234760401], [-69.93271784874086, 41.70160591661405], [-69.93183188833183, 41.70242385902845], [-69.9302745874127, 41.70343628498887], [-69.92996984720769, 41.70443839443148], [-69.93024470851982, 41.70576930349], [-69.93091619877517, 41.70608811137154], [-69.9309772133481, 41.70629494276854], [-69.93058018129217, 41.70752259131055], [-69.9302743810797, 41.71107423824958], [-69.93161718534434, 41.71281045971508], [-69.93100733841545, 41.71322078901388], [-69.93161731236837, 41.71399912593572], [-69.93155608420513, 41.71450425709791], [-69.93238086194165, 41.7146416894733], [-69.9321672994525, 41.715967548651044], [-69.93277775271439, 41.71642170423211], [-69.93228928826737, 41.71823624553425], [-69.9319226344684, 41.718851416920735], [-69.9314343235621, 41.719143548317085], [-69.93137254887938, 41.7194415471051], [-69.93164783653991, 41.719718309754505], [-69.93161725641379, 41.72006120528784], [-69.93122024276144, 41.72070352973633], [-69.9312506421349, 41.721117621855505], [-69.93158707767783, 41.72136707745215], [-69.93143440906843, 41.72221539115857], [-69.93067079877638, 41.72304064213696], [-69.93073169947807, 41.72413953736169], [-69.93045675913211, 41.72493381817465], [-69.93109783981808, 41.72600975106013], [-69.93122039253142, 41.72660295336869], [-69.93296097637916, 41.72667026598391], [-69.93299045988731, 41.726877220122425], [-69.93268524823388, 41.727221963593536], [-69.9326855791752, 41.72759117430084], [-69.93302191985153, 41.72818282379632], [-69.93268594140493, 41.729689350747975], [-69.93268554526952, 41.73102265664166], [-69.93323539339967, 41.73113546619334], [-69.93347952650701, 41.73136732797285], [-69.93351001156087, 41.73191649563628], [-69.9338770786348, 41.73228287191938], [-69.93314404314637, 41.73314458109723], [-69.93354031375802, 41.733744932586156], [-69.93326605739608, 41.73399048122572], [-69.93204423343144, 41.734315294929], [-69.93170873138467, 41.73491231822416], [-69.93201369072654, 41.73520749765076], [-69.9319525090885, 41.735802112527495], [-69.93149437964293, 41.73678748125654], [-69.93164673179385, 41.738065475096654], [-69.93149437276509, 41.738363919261985], [-69.93234949669166, 41.73998703637131], [-69.93253303915832, 41.74060696552183], [-69.93244162307732, 41.7410401995613], [-69.93314401999588, 41.74241244351054], [-69.93375453881045, 41.742966204342814], [-69.9350371408753, 41.743694108753736], [-69.9351592674715, 41.74406218319328], [-69.93488537330587, 41.744658936868376], [-69.93509857660996, 41.74529672062035], [-69.93595351505142, 41.74598328352991], [-69.93601520723588, 41.74648728604779], [-69.93632048818921, 41.746664824691855], [-69.93656524763757, 41.74710436100438], [-69.93635168607186, 41.747493147103675], [-69.93635085435936, 41.74792594370324], [-69.9368699583676, 41.74842609432438], [-69.93686979988746, 41.74867823252323], [-69.93625920868418, 41.749367171626815], [-69.93640991891897, 41.74978066193338], [-69.9372957433479, 41.75046707034694], [-69.93778495158175, 41.75108442960841], [-69.93912909847818, 41.751424788051146], [-69.9398926230595, 41.751904635465664], [-69.94099240958789, 41.75369705775716], [-69.94181747630913, 41.7540595433811], [-69.94258128750509, 41.75479208325738], [-69.94264191223895, 41.7552954992706], [-69.94209278507883, 41.75677719160006], [-69.94126808002484, 41.756829510868485], [-69.94093148425087, 41.75714739122971], [-69.94151248331735, 41.75739454220972], [-69.94151240983275, 41.75762867123592], [-69.94102370865036, 41.75806491251001], [-69.94016852008504, 41.7583334852242], [-69.93974026876386, 41.75867938231183], [-69.93903718620797, 41.758567875719066], [-69.93864022067358, 41.758309736460184], [-69.93738757412841, 41.75835615204487], [-69.93692928217571, 41.75879223506041], [-69.93699080794526, 41.75950334945079], [-69.93769316568803, 41.75961429132011], [-69.93815124153572, 41.75923279963161], [-69.93867062380988, 41.75911103145519], [-69.93952683378947, 41.75918524124489], [-69.94035167085036, 41.75968280844244], [-69.94090146287246, 41.760254831599305], [-69.94126817704934, 41.76284597837329], [-69.94233813381445, 41.76489967881193], [-69.94233783409797, 41.76663763904016], [-69.94249049374794, 41.76700555427449], [-69.94279672135968, 41.76721066906765], [-69.94404894665786, 41.76728124184687], [-69.94478280257442, 41.767491623741186], [-69.94563823521797, 41.76798900982876], [-69.9468300924384, 41.769321119177604], [-69.94704409517455, 41.76984182325767], [-69.94704451535833, 41.77135466655632], [-69.94667813673092, 41.77195188024933], [-69.94518022889507, 41.772333853557484], [-69.94426421336696, 41.773071014192546], [-69.94340822560864, 41.77341108432156], [-69.9426748185642, 41.77321026393484], [-69.9415444853976, 41.773300616416705], [-69.94044423871476, 41.7725437742045], [-69.93922223938218, 41.77224732664463], [-69.9379072873578, 41.77155618080759], [-69.93763262091986, 41.77172013263421], [-69.93812173662283, 41.77240952637048], [-69.93995465222845, 41.77308806914022], [-69.93952731038112, 41.77325387004805], [-69.93888622110197, 41.77384448726175], [-69.93821320226563, 41.774002981587536], [-69.93744948903982, 41.77444163449849], [-69.93717442838671, 41.77475922333869], [-69.93717412664202, 41.77567772947417], [-69.93766340678988, 41.77570076586206], [-69.93873312465323, 41.77517005958272], [-69.93995520293035, 41.774880629557984], [-69.94059748412255, 41.77485734643913], [-69.94310318102849, 41.77542234138971], [-69.9438360209999, 41.77530797624759], [-69.94551719815983, 41.77462796978898], [-69.94713653973399, 41.77437146507933], [-69.94814479992965, 41.77370532670406], [-69.94906193720142, 41.77251790161043], [-69.94936734381996, 41.77254231994992], [-69.94964212987446, 41.772774560941876], [-69.9495505703907, 41.77409929820696], [-69.94909295533775, 41.77455288212035], [-69.94768710103675, 41.77439360080207], [-69.94750333767121, 41.774530106836835], [-69.94832944271396, 41.77549645600141], [-69.9487256417398, 41.7754208062979], [-69.94927621628247, 41.77576767195115], [-69.94988737594682, 41.77544730684131], [-69.95086526545653, 41.774141945348866], [-69.95123168311976, 41.773913923169694], [-69.9522093639086, 41.77382477778138], [-69.95282034748642, 41.77343235518608], [-69.95303456154528, 41.772953497945466], [-69.95288071064446, 41.77219780060164], [-69.95361440887777, 41.77119245097878], [-69.9536451714194, 41.770372290381765], [-69.95300312954629, 41.7698913800682], [-69.95165803156969, 41.76958719888181], [-69.95013026857293, 41.769545596324946], [-69.94933551397347, 41.769318103526636], [-69.94915268072464, 41.76858114139995], [-69.94869402415094, 41.7679186585402], [-69.94793034456833, 41.767465328486246], [-69.94670740091368, 41.76702542592868], [-69.94652373679955, 41.76675670706185], [-69.94591356794402, 41.76643715432222], [-69.94429327498165, 41.766000241646786], [-69.94383540168292, 41.76572496363965], [-69.94346843725005, 41.764989419958425], [-69.94435459327323, 41.7643784963712], [-69.94493495790425, 41.76348197706736], [-69.94588188478062, 41.76327597059033], [-69.9464623885765, 41.76357767672816], [-69.94615741788193, 41.76430967508766], [-69.94649332340481, 41.764469025224166], [-69.94789919617295, 41.76444823389092], [-69.9481125842293, 41.76476181313108], [-69.94756253836314, 41.76482973521797], [-69.94707378783288, 41.76522097689178], [-69.947410180383, 41.76551541466951], [-69.94893752847786, 41.76625042413992], [-69.94939629412296, 41.76627355391563], [-69.9513828455572, 41.76569836863757], [-69.95242086310357, 41.76478946476914], [-69.95254284390494, 41.76389681952926], [-69.952848694572, 41.763777155487944], [-69.9535512414346, 41.763851981217385], [-69.95507900269838, 41.76334422735736], [-69.95608688832294, 41.76282266364228], [-69.95681961219977, 41.76144695250434], [-69.95853064110632, 41.761423969165186], [-69.95929478460265, 41.76087712501713], [-69.95947763967422, 41.76105575326182], [-69.95950888547192, 41.76167696012551], [-69.95932621097161, 41.763687099243086], [-69.96088476997171, 41.76561046602962], [-69.96128270895711, 41.766363811809875], [-69.96103845951627, 41.76777991927771], [-69.96137511597634, 41.76819138276704], [-69.96241425704463, 41.768308402314965], [-69.96360538506111, 41.76792037516348], [-69.96381958503716, 41.76812587523197], [-69.96372779851075, 41.76937857739599], [-69.96455324241883, 41.77031721565104], [-69.96458477113676, 41.77080334968079], [-69.96437099777965, 41.77134582632536], [-69.96403528171359, 41.77169080994666], [-69.96278189393446, 41.77224177551362], [-69.96287447044976, 41.77262798639347], [-69.96324106555832, 41.7728591813127], [-69.96333294869545, 41.77322737250049], [-69.96330268915459, 41.773750377274155], [-69.9629056134897, 41.774347794479986], [-69.96260010162452, 41.77453052514376], [-69.96272213677915, 41.77475504441283], [-69.96330303489493, 41.77487600105488], [-69.96376050847387, 41.77420567334643], [-69.9645246494444, 41.77416307017632], [-69.96489148796617, 41.77455635194787], [-69.96583924046948, 41.77471094570342], [-69.96703123235382, 41.77629497620528], [-69.96767359682289, 41.77642462557598], [-69.96865092027465, 41.77633533411185], [-69.96932399948567, 41.77656387397624], [-69.9699355615255, 41.777477084696066], [-69.970700366741, 41.778146396931476], [-69.97070085930315, 41.778533615843195], [-69.97011981438612, 41.77880891288115], [-69.96685012632375, 41.77876439671921], [-69.96587154084344, 41.77912380465323], [-69.96486326079325, 41.77882601036799], [-69.96376322075379, 41.7793576675301], [-69.96257114521092, 41.779448522789615], [-69.96214380463555, 41.77967745193971], [-69.96189994923998, 41.780202075801824], [-69.96211310158277, 41.78074918522507], [-69.96284778013704, 41.78112154795516], [-69.96281690924937, 41.78171658387009], [-69.96345862813891, 41.78212540107063], [-69.96394809039316, 41.78281468341475], [-69.96532359620073, 41.78324463524475], [-69.96559835126516, 41.783107065769315], [-69.96532337734132, 41.78272177815076], [-69.96535392620112, 41.782514517531624], [-69.9657510330994, 41.78215122063856], [-69.96590348654362, 41.78139292273064], [-69.96727888505977, 41.78166975675696], [-69.9675539637574, 41.78148717135315], [-69.96743083740303, 41.78033569229726], [-69.96853150324905, 41.77984002811352], [-69.96898943239299, 41.77925973535171], [-69.97030382855691, 41.779491814577185], [-69.97106735290384, 41.779305079494556], [-69.97143400737053, 41.778986946803634], [-69.97164759429822, 41.77837241557747], [-69.97146467225059, 41.77800469457079], [-69.97036368991171, 41.77697798930153], [-69.96987380689566, 41.77599156599237], [-69.97045502994875, 41.77583333709799], [-69.97085145097645, 41.77621743291541], [-69.971218065881, 41.77615143880791], [-69.97115688313816, 41.77562945709871], [-69.97079020318714, 41.77535326244574], [-69.970301084157, 41.775213306379385], [-69.96972137680194, 41.77530852019767], [-69.96856019309642, 41.77594858607956], [-69.96791792296749, 41.775972035977205], [-69.96764243312923, 41.775812428571676], [-69.96748965747032, 41.775489572594694], [-69.96913901496472, 41.77402537203265], [-69.97042282744094, 41.77396044474711], [-69.97121729477863, 41.773593458845575], [-69.9710641860567, 41.7733156280239], [-69.97082007158282, 41.77322737218212], [-69.96889486817018, 41.7736405068383], [-69.967153026471, 41.77457329344924], [-69.96617516471439, 41.77418530227754], [-69.9660828234922, 41.77336630176541], [-69.9662967987049, 41.77311254141705], [-69.96727429843521, 41.77324838842278], [-69.96920013465257, 41.77280883314054], [-69.97075790949913, 41.7718048829993], [-69.9715211319761, 41.770888741983136], [-69.97317071153564, 41.77082081194801], [-69.97335429773356, 41.77065723919538], [-69.97262117274413, 41.770411033175634], [-69.97155130408811, 41.77042932758875], [-69.97087940375835, 41.77075011722692], [-69.96962569487712, 41.77015753406931], [-69.96818982430027, 41.769998092851196], [-69.96736505023492, 41.76960879238633], [-69.96684464381576, 41.768676531695874], [-69.96565238872165, 41.76793895859162], [-69.9652557481773, 41.767347735582916], [-69.96516303076609, 41.76659232169051], [-69.9647347788621, 41.76572207549575], [-69.96769811305904, 41.76349948044015], [-69.96858386009582, 41.76311404826414], [-69.97001971647681, 41.76304779551331], [-69.97090555552727, 41.762814863508744], [-69.97157749275928, 41.76226895167421], [-69.97227918237459, 41.76102892897288], [-69.97353204951727, 41.76054989525207], [-69.9740506966644, 41.759654099324294], [-69.97438666026893, 41.75949819459778], [-69.97594518069731, 41.759862938493825], [-69.97698355554813, 41.75956615681095], [-69.97734965144997, 41.75926544180351], [-69.977564175267, 41.75860644676716], [-69.97805183222547, 41.75837715153086], [-69.97921311018074, 41.75839434605943], [-69.9804659615412, 41.75871667568187], [-69.98095514305555, 41.75899165531484], [-69.9809552810237, 41.759585982233354], [-69.98132295415044, 41.76002424686716], [-69.9810174800323, 41.76068428692751], [-69.98116991594213, 41.761007120003015], [-69.98205642237066, 41.76154910175278], [-69.98364523368362, 41.761481339220296], [-69.98410286784244, 41.76077491604752], [-69.98370543870412, 41.760022218033825], [-69.98321584027698, 41.75949510714436], [-69.98211571052957, 41.75945006086463], [-69.98168822444566, 41.759219798719954], [-69.98101496677396, 41.75826192852021], [-69.97945715675546, 41.75785168035937], [-69.97823527560016, 41.75787082387927], [-69.97738035934886, 41.75810365770593], [-69.97600570798305, 41.75904317364582], [-69.9723389351051, 41.75851566774201], [-69.97185032656009, 41.758925024899], [-69.97182058642314, 41.7594300283124], [-69.97084323486663, 41.76089709957747], [-69.97053781006046, 41.7610798516305], [-69.96916290009818, 41.76114524546939], [-69.96861369111299, 41.761447408373975], [-69.96806324632561, 41.76237989848875], [-69.96662736256168, 41.76180620717564], [-69.96308278573068, 41.76100764935024], [-69.96262468502886, 41.76078647410257], [-69.96241039431234, 41.76027424316353], [-69.96274590851637, 41.759388964542744], [-69.96268459485844, 41.75881351253847], [-69.9624397989739, 41.75849109060309], [-69.9601790971336, 41.7574655030362], [-69.960484395646, 41.756867990157396], [-69.96216488303156, 41.75654793566016], [-69.964058278718, 41.755406215824074], [-69.96766221771583, 41.754078693525706], [-69.96833423809402, 41.75402807492743], [-69.96918968945722, 41.754399206360915], [-69.96961799064235, 41.75482763630769], [-69.96967963105584, 41.75531360610381], [-69.96909912680135, 41.75590406691405], [-69.96916042263825, 41.75613789381132], [-69.9698019415942, 41.75629453744208], [-69.97096317627174, 41.75588802528678], [-69.97135959648303, 41.755560721635575], [-69.97145130028699, 41.75526253793763], [-69.97099328802861, 41.754834283560086], [-69.96976993637163, 41.75455615250864], [-69.96885313162922, 41.75348349854105], [-69.96934213568426, 41.75318165185014], [-69.97007456610577, 41.75206812544512], [-69.97004374621034, 41.75122124625264], [-69.97068455190882, 41.750009114910476], [-69.97089938455807, 41.74889933011762], [-69.97126651741, 41.748491156833076], [-69.97086912398952, 41.7481070466791], [-69.9707457400485, 41.74698258989754], [-69.96995109533026, 41.74581815719517], [-69.96860690411965, 41.74469473147281], [-69.96808727485283, 41.74453690961767], [-69.96738431266967, 41.74387627577657], [-69.96549000781401, 41.741334446685116], [-69.96558086490322, 41.741009241166836], [-69.9663134974011, 41.74040001990386], [-69.96677187772644, 41.74036904720944], [-69.96713881149874, 41.74073531112071], [-69.96756615896659, 41.740713480724715], [-69.9682073919033, 41.73982555681384], [-69.96817613816947, 41.73954654104724], [-69.9678095488027, 41.73907222559897], [-69.9675959060335, 41.73895678873364], [-69.9669849880331, 41.739160182187284], [-69.96667935656653, 41.73854147862996], [-69.9671065710805, 41.73789831520941], [-69.96732079293552, 41.73783309436895], [-69.9679614178092, 41.738332485653075], [-69.96881748504485, 41.738496526271014], [-69.96903098149396, 41.73817915371343], [-69.96896975434878, 41.737990352051405], [-69.96838918940813, 41.737806389538775], [-69.96860273640705, 41.73753404323966], [-69.9709845528267, 41.73680288163179], [-69.97180865359009, 41.73612000534945], [-69.97358030196723, 41.7361415178059], [-69.9755348386701, 41.73552103062853], [-69.9770914790944, 41.7353099838402], [-69.9784964886806, 41.73542388615212], [-69.98051288570771, 41.73597422420951], [-69.98121622228895, 41.736778851455234], [-69.98112440072408, 41.737275149203214], [-69.97996349638956, 41.73675313035205], [-69.97938428074329, 41.737253617307616], [-69.97932309581427, 41.737488054160266], [-69.97959791117498, 41.73808042158336], [-69.97938442272414, 41.73835222136256], [-69.97831579633673, 41.73851466770896], [-69.97819420166509, 41.738840030017876], [-69.97868289585415, 41.739223083512044], [-69.98005696077381, 41.73813044906882], [-69.98188873976764, 41.73791681297338], [-69.98301852060726, 41.73693457392609], [-69.98448409255388, 41.73638171838601], [-69.98762903156288, 41.73612918030707], [-69.98930872462482, 41.73544796862604], [-69.99019391336311, 41.73487326427376], [-69.99062042781318, 41.734184982188545], [-69.99058915704694, 41.732996477042576], [-69.99086345205812, 41.73224651859482], [-69.99095361526774, 41.73089472501196], [-69.99128848645798, 41.73004537984367], [-69.99110491946914, 41.7290377734272], [-69.99156280950822, 41.72825928768283], [-69.99162232208514, 41.7274569547406], [-69.99320800214342, 41.72519182979994], [-69.99372630752332, 41.72366503488575], [-69.99430486503653, 41.722561149071645], [-69.99439539471491, 41.7205519997317], [-69.99533945129768, 41.71874267126693], [-69.9954613926708, 41.71817416408846], [-69.99598042439479, 41.71787203748884], [-69.99637862625718, 41.718922434865114], [-69.99619533457005, 41.71960888922971], [-69.9953412439464, 41.720660741017895], [-69.995372803766, 41.7210748257459], [-69.99586127194657, 41.72152983345582], [-69.99662531275733, 41.72155962878458], [-69.99702208840841, 41.721330740368934], [-69.99833367485822, 41.720229748111045], [-69.99845568614155, 41.71997641066964], [-69.99701944115264, 41.71922355699658], [-69.99686549366356, 41.71821578408244], [-69.9959482206866, 41.716017167707435], [-69.99622129082273, 41.714834936860356], [-69.99603769516332, 41.713890939699375], [-69.99429647304133, 41.71263593042801], [-69.99399059069118, 41.712611622610694], [-69.99396087119216, 41.71304403263195], [-69.99310245716921, 41.713740115732435], [-69.99014580511668, 41.71446410222729], [-69.98813135980318, 41.715364312761416], [-69.98575066567663, 41.71670872871163], [-69.98349268541605, 41.718385104052096], [-69.98105123194641, 41.71968528320215], [-69.98034932327297, 41.71987121433807], [-69.97931090609832, 41.72046573908487], [-69.97717419164032, 41.721312348327096], [-69.97631967315945, 41.72151759117172], [-69.97555664417351, 41.72152426009311], [-69.97412046528038, 41.7210142489999], [-69.97289910849082, 41.72028592182063], [-69.97057751402103, 41.719233817208675], [-69.96611954730541, 41.71838870995238], [-69.96459247459516, 41.71714964223908], [-69.96446933183093, 41.714412721473934], [-69.96376632256676, 41.713472904920124], [-69.96355170245077, 41.71280814260411], [-69.96376536849489, 41.71241875198724], [-69.96404081757495, 41.71244328882325], [-69.96443867449503, 41.71365644867019], [-69.9651101327113, 41.714659428553546], [-69.96511102590165, 41.715622972291754], [-69.96547730210648, 41.7158541604984], [-69.96605697005891, 41.715894616535216], [-69.96620983404324, 41.71548751773304], [-69.96578217725683, 41.71488798483678], [-69.96572119492052, 41.714456050022115], [-69.96755262817605, 41.714449771397774], [-69.96828500891174, 41.7142451939411], [-69.96947522151783, 41.71363198236101], [-69.9703610829381, 41.71280474533857], [-69.97124566309141, 41.71152722758291], [-69.97228356098285, 41.71120291892125], [-69.97344413237929, 41.71209422219099], [-69.97374939765514, 41.712505790079064], [-69.97356717621761, 41.713876601940164], [-69.97228534800144, 41.714914110406056], [-69.97213283014986, 41.71577991591296], [-69.97243890291293, 41.71623652276371], [-69.97378285142928, 41.71701771999227], [-69.9737527583652, 41.71758575411354], [-69.9740271011887, 41.71767328626027], [-69.97475921913693, 41.71730714163781], [-69.9768058904379, 41.71783882386216], [-69.97811829896294, 41.717629570171376], [-69.97863703269736, 41.71726505033378], [-69.98187240906694, 41.715886023634056], [-69.98214713762665, 41.71538822942466], [-69.98174935294517, 41.71422072013874], [-69.97991653252562, 41.713101599849466], [-69.97896929322839, 41.71129020831609], [-69.976739896617, 41.710444879014446], [-69.9756404472131, 41.71026526092488], [-69.97475576065014, 41.71024552965398], [-69.97264940565663, 41.7106506471225], [-69.97115259056838, 41.7102219513882], [-69.96980959793824, 41.710521328836585], [-69.96910784951542, 41.71031153190277], [-69.96907650420205, 41.7099424651282], [-69.96953482927519, 41.709371185773485], [-69.96953424158617, 41.70889391487606], [-69.96980852510777, 41.70862126752722], [-69.97078565505441, 41.708072715948404], [-69.9733187922496, 41.70760975750411], [-69.97460067206434, 41.70656323512808], [-69.97557733790397, 41.70632981044015], [-69.97640062431681, 41.70564689532055], [-69.97673667043912, 41.70555402301154], [-69.97743902193459, 41.705800368475366], [-69.9778972564268, 41.706237609658295], [-69.97878254851773, 41.70641941435416], [-69.9804622097788, 41.70724272495583], [-69.98156238781188, 41.70934993111689], [-69.98153248837592, 41.710007460111065], [-69.981350051361, 41.71028868164313], [-69.98177699061412, 41.71046490388858], [-69.98421845519661, 41.70922831573451], [-69.98467653840191, 41.70875602833162], [-69.9850724331493, 41.70783379039319], [-69.98501083025435, 41.70731180989313], [-69.9846135132939, 41.706963765643835], [-69.98366700335835, 41.70651273587605], [-69.98259823395219, 41.706324020830706], [-69.98107122575423, 41.7055083982917], [-69.98070493789756, 41.705025121628296], [-69.98015517457344, 41.70467841196187], [-69.97936105931767, 41.70434305896046], [-69.97878100305307, 41.70433868396048], [-69.97795717896473, 41.704588812788955], [-69.97752959019637, 41.70452062621331], [-69.97701069453531, 41.704155736785765], [-69.97337803027186, 41.70424945240838], [-69.97279792841773, 41.704749891195796], [-69.97249415422752, 41.705896197752594], [-69.97017321692269, 41.70552902160618], [-69.96934953526954, 41.70523823458944], [-69.969776133767, 41.70404574384971], [-69.96950074832819, 41.703769082309314], [-69.96974476101053, 41.70301932354212], [-69.9695611079319, 41.7025345210926], [-69.96879818865845, 41.702216964415925], [-69.96855374407104, 41.70226376984784], [-69.96843172877657, 41.70267016085064], [-69.96861526397237, 41.70312794874884], [-69.9683719138688, 41.70372462977849], [-69.96873816430671, 41.70406386755558], [-69.96879928859498, 41.704459215468844], [-69.96818926091342, 41.70568975647634], [-69.96846516084095, 41.70718266562394], [-69.96803759934221, 41.70777123902008], [-69.96819035046536, 41.70816669488581], [-69.96791529524955, 41.70820464060843], [-69.96687800100038, 41.70930335342954], [-69.96657391389708, 41.710269542206895], [-69.9660851300508, 41.71054379394165], [-69.96538332414522, 41.71047749431876], [-69.96461971867853, 41.709997811961365], [-69.96428362439546, 41.70955934603681], [-69.96150490144876, 41.70873613499031], [-69.96049802637202, 41.70864541954622], [-69.96013159879196, 41.708828441511116], [-69.959978479725, 41.70930701061416], [-69.95952160811552, 41.70958110793525], [-69.95943006428003, 41.70995132435828], [-69.95750618100901, 41.709607274534626], [-69.95601003091137, 41.709016297200165], [-69.95436079392114, 41.708047829886794], [-69.95280428188349, 41.70788991340581], [-69.94938534651295, 41.7067475932457], [-69.94868276753265, 41.70626694019383], [-69.94767536139466, 41.70590595316605], [-69.94596591993391, 41.70459603376489], [-69.94535509260567, 41.70366411057349], [-69.9457821966987, 41.70288595011817], [-69.94785765961967, 41.701553952375406], [-69.94913937194879, 41.70009348018145], [-69.95069511222368, 41.69649578651036], [-69.95130462471937, 41.69382453762116], [-69.95096871915581, 41.6923324472695], [-69.95093713232939, 41.6883062232576], [-69.95023410695138, 41.68535819992937], [-69.94989923436188, 41.684630986374756], [-69.948891897459, 41.68451314151019], [-69.94858675254973, 41.68426359448357], [-69.94828128239733, 41.682960456252815], [-69.94733446924099, 41.68103172274204], [-69.94562517276998, 41.67852355620976], [-69.94525900416934, 41.677265729853175], [-69.94522875452597, 41.67597816663376], [-69.94614390060617, 41.67449301991851], [-69.94620457723852, 41.6739884423617], [-69.94739426538008, 41.6710876301545], [-69.94894957716332, 41.66913787746261], [-69.95001738642044, 41.66735480885945], [-69.95087133123768, 41.666465374693374], [-69.95187822363725, 41.6657992062346], [-69.95331133183905, 41.66529191093841], [-69.9544706591682, 41.66465199838732], [-69.95514164450505, 41.664745536018394], [-69.9552944361646, 41.66502338927086], [-69.95602732473844, 41.665413234229185], [-69.9562093797446, 41.66506958043688], [-69.95581322625165, 41.66472144549917], [-69.95605693728335, 41.66440451840019], [-69.95666672951782, 41.664219187142066], [-69.9579782108181, 41.66346085333589], [-69.95797825469104, 41.66316368919359], [-69.95776493322504, 41.663030224372136], [-69.95657541332045, 41.66340017742], [-69.95501879087496, 41.66326029391211], [-69.95453165122784, 41.663075259481005], [-69.95440883698947, 41.66270663685869], [-69.95392071287263, 41.66248557535564], [-69.95389077908978, 41.66223358674583], [-69.95443838621298, 41.6607698380132], [-69.95663452397962, 41.65868011101317], [-69.957579295268, 41.65733036488771], [-69.95782419396934, 41.656697708515374], [-69.95873877088977, 41.655960441716665], [-69.95904394506532, 41.655363494176], [-69.96187886208277, 41.653097155011096], [-69.96251902923754, 41.65293866153275], [-69.96380101829223, 41.65363023521785], [-69.96404528051923, 41.65358343995589], [-69.96413647544449, 41.65334829090881], [-69.96453344499234, 41.653489293708056], [-69.96477734695121, 41.65397322753586], [-69.96544842911241, 41.65424680656934], [-69.96584486238305, 41.65408161918403], [-69.96581460969023, 41.653856653909415], [-69.96505126943113, 41.653097246784704], [-69.96560007195336, 41.653164878496796], [-69.96614998399653, 41.65342161803174], [-69.96630241232717, 41.653699451349524], [-69.9663328947086, 41.65444671724242], [-69.96709625823398, 41.65497197727883], [-69.96904777634957, 41.65472136337573], [-69.97023763702205, 41.65417062989237], [-69.97545287655969, 41.65369417350275], [-69.97752763978836, 41.654126634365646], [-69.97884010922087, 41.65535874127978], [-69.98002966495173, 41.6559070645816], [-69.98061062181019, 41.65686597580545], [-69.98064057981387, 41.65727947812011], [-69.97963440899908, 41.65836013282204], [-69.97902510537568, 41.658356488104985], [-69.97887249490076, 41.6579886207766], [-69.97826175431774, 41.657462098049926], [-69.97701056951585, 41.65680656458211], [-69.9755457808537, 41.655683831106934], [-69.97356236822024, 41.65481807132452], [-69.96929238414634, 41.65547544563291], [-69.96849938475177, 41.65584241948151], [-69.96846933254487, 41.65639244372367], [-69.96907963159607, 41.656855412200436], [-69.96965940012727, 41.657967449938894], [-69.96993448586274, 41.65815406023121], [-69.97033161463582, 41.659529283416056], [-69.9708501381077, 41.660191367900104], [-69.97100295748028, 41.66078437352916], [-69.9708515632543, 41.66156014217108], [-69.97060763433774, 41.66160751517993], [-69.9699973300478, 41.66131509172513], [-69.96969110885671, 41.65948071162125], [-69.96889808881704, 41.65929781800987], [-69.96868410716343, 41.659552137014394], [-69.96901971817253, 41.659828497495916], [-69.96935576906296, 41.66051007754468], [-69.96960079063321, 41.66149886085097], [-69.96944823986237, 41.661977448286], [-69.96749697009643, 41.66399360854869], [-69.96664276107701, 41.66445092159289], [-69.96523928190079, 41.664057717858086], [-69.96450748278149, 41.66366738019023], [-69.9638348738412, 41.66284447245671], [-69.9623095466203, 41.66213667183685], [-69.96188282429763, 41.66154557765113], [-69.96108944879704, 41.66140820807894], [-69.96072315409995, 41.66151919032776], [-69.96069292290031, 41.662276325697995], [-69.95993078702959, 41.662805181772015], [-69.95974872854086, 41.664427558511235], [-69.96078663269954, 41.665913924615], [-69.96078644611485, 41.66637373470331], [-69.95886450287416, 41.666299307536406], [-69.95877280445254, 41.666507431041424], [-69.95883382755258, 41.66666922210848], [-69.96026744628936, 41.66691826551623], [-69.96139670840111, 41.66691778818271], [-69.96127523804081, 41.667630357358995], [-69.96036012614242, 41.66907002804778], [-69.9603603327345, 41.66987203297517], [-69.9610926539334, 41.67035189527967], [-69.96127581296761, 41.670647593440414], [-69.96121493488117, 41.670900602412004], [-69.9595677129848, 41.67114845653173], [-69.95898835817266, 41.67136066411231], [-69.95834719269047, 41.671879335386414], [-69.95676095620077, 41.671838123144994], [-69.95590711188056, 41.67207079636448], [-69.95480778000326, 41.672133536370325], [-69.95346606771288, 41.67293757607476], [-69.95319227679374, 41.67353436980177], [-69.9532838049061, 41.673893563099966], [-69.95377163411028, 41.67456543938893], [-69.95422944675728, 41.674786655677806], [-69.95456574315745, 41.6753152077413], [-69.95456567648253, 41.67595456162208], [-69.95432162349051, 41.67664125373151], [-69.95453486390363, 41.676918803314315], [-69.95563372221626, 41.67714365091804], [-69.95670164546206, 41.67650415614591], [-69.95688385807664, 41.67589035331307], [-69.95563288889046, 41.67501790250164], [-69.95566379013802, 41.67481063981907], [-69.95633505891726, 41.67439989312449], [-69.95859225669263, 41.67396674426918], [-69.95944697814107, 41.673464480246935], [-69.95972079945616, 41.6729577135445], [-69.96002631254073, 41.67280201147202], [-69.96008664131438, 41.67243193979459], [-69.96152028446201, 41.672248726669416], [-69.96258862431554, 41.671429642791026], [-69.96267937039656, 41.67046508492375], [-69.96219078299784, 41.67007239186505], [-69.96176415233596, 41.66995913070424], [-69.9614897082234, 41.66961941597926], [-69.9617026236139, 41.66936509528009], [-69.96325868534333, 41.668676419248314], [-69.96234281350982, 41.66819803381314], [-69.96249500285677, 41.667971589663445], [-69.9657893782557, 41.666484668793636], [-69.96627759512582, 41.666048316397074], [-69.96713202372992, 41.66636544553664], [-69.96783370387604, 41.66632312125594], [-69.96850483561913, 41.6660203627763], [-69.9696637298649, 41.66656893840297], [-69.97231872271844, 41.66733009621685], [-69.9737526678007, 41.66755251656926], [-69.97549198932853, 41.66696125383602], [-69.9770462862479, 41.665470936270594], [-69.97780922032823, 41.66444670521227], [-69.97921158928918, 41.664164357476814], [-69.97994396013121, 41.664328924839054], [-69.98159202962823, 41.66531502644513], [-69.98378885142672, 41.666061918612705], [-69.98497986346959, 41.66730358668695], [-69.98620113046118, 41.66782412365037], [-69.98900878039763, 41.6697907625954], [-69.98888750070134, 41.67020618792267], [-69.98751574904855, 41.67104680191108], [-69.98626448908051, 41.67148940923364], [-69.98470986418138, 41.673250004551676], [-69.98413091040901, 41.673543389115956], [-69.98275875268696, 41.67487020903624], [-69.98040991235739, 41.676196352520506], [-69.97934255452842, 41.67704318797665], [-69.97861010175849, 41.67704915336804], [-69.9784572482728, 41.67675332250182], [-69.97854878189523, 41.67595085483072], [-69.97818236645877, 41.67544955562789], [-69.97723566906704, 41.67516955685897], [-69.97659483143875, 41.675175042403175], [-69.97583245527572, 41.675902111043605], [-69.97586306643906, 41.67627116608795], [-69.97561984958146, 41.67657013155845], [-69.97555880510939, 41.676958219618776], [-69.97604759281505, 41.67764745232818], [-69.97601700947529, 41.6781434408199], [-69.97427702250037, 41.677302359751664], [-69.97360630723072, 41.67719093086089], [-69.97211113178594, 41.677275541911825], [-69.970829643858, 41.67782676170809], [-69.96744281864817, 41.67817065067017], [-69.96530738194507, 41.678656830252656], [-69.96457501599852, 41.67862725412892], [-69.96387302689614, 41.67902018283888], [-69.96359922153795, 41.68022990628784], [-69.96381297153309, 41.68119182301036], [-69.96424057771657, 41.68167430166401], [-69.96524764876648, 41.68222424611844], [-69.9661020560573, 41.68172192714541], [-69.97052684174432, 41.68160365114752], [-69.97202155940371, 41.68176218738463], [-69.97257146078829, 41.68155908061811], [-69.97363856718391, 41.68047817420502], [-69.9740966598122, 41.680456178888704], [-69.97589686056284, 41.6810262356377], [-69.97797174362955, 41.68063978563059], [-69.97858174219955, 41.67997650877953], [-69.97906979724085, 41.67972076550926], [-69.97916124643072, 41.67952162793773], [-69.97879410885169, 41.6791283808244], [-69.97873327828088, 41.67881351974785], [-69.9790694999171, 41.678486525080785], [-69.98062424325452, 41.677617494581945], [-69.98123400990939, 41.67707183274503], [-69.98211897588021, 41.676839385060426], [-69.98199673264806, 41.676470802409895], [-69.982758782568, 41.67583373839917], [-69.9844057610205, 41.67496420395842], [-69.98678420940294, 41.67274632652165], [-69.98852262451639, 41.67208281279839], [-69.98910190551717, 41.67166333261251], [-69.9894685649626, 41.67175937714674], [-69.98998680938612, 41.67134922157745], [-69.99001654919029, 41.670979846902405], [-69.99041342132196, 41.670336759619126], [-69.99065595700968, 41.66869545287137], [-69.99038095164964, 41.668373821242646], [-69.98836684399554, 41.667733610941646], [-69.98754240392513, 41.667317429130534], [-69.98616885160621, 41.665969235064864], [-69.98323846758421, 41.66428285765877], [-69.9822623201829, 41.66404808905879], [-69.98134652651417, 41.66313705385994], [-69.98052267818636, 41.66274784249814], [-69.97963721808978, 41.66199872901244], [-69.97939296141321, 41.66158686388344], [-69.97975928778092, 41.661331184843206], [-69.97978950993563, 41.66094380861448], [-69.97945324338411, 41.6602352431792], [-69.97951382025094, 41.6598651571213], [-69.98027552215727, 41.65915663497159], [-69.98265419819647, 41.65762266098251], [-69.98353833428472, 41.657255120618416], [-69.98411856221826, 41.65764612459785], [-69.98488188086101, 41.65851345896379], [-69.98604094745735, 41.65913390953317], [-69.98784189752092, 41.66046077592608], [-69.98863677844778, 41.661552492324944], [-69.98933852853503, 41.662059905431796], [-69.99068140106853, 41.663435227483745], [-69.99635941565671, 41.66717824711699], [-69.99843477000815, 41.66802511107328], [-70.0018877312845, 41.67012938945713], [-70.00231504145056, 41.670152468053374], [-70.00256026669942, 41.66974540601033], [-70.00283441806174, 41.66976984313999], [-70.00701285538192, 41.67157959368367], [-70.01033749243123, 41.672171912530956], [-70.01421216810574, 41.67196651647394], [-70.01525060597356, 41.67175945589876], [-70.01662377139485, 41.67048629621926], [-70.01714254599536, 41.67048180419645], [-70.01735630210767, 41.66977714018947], [-70.01934010396197, 41.66995775666768], [-70.02272630594517, 41.66981943605154], [-70.02458572692335, 41.66938938227337], [-70.0250753256003, 41.66908731517167], [-70.0271513601915, 41.66863639977552], [-70.0293482562469, 41.66774295301909], [-70.0321849802259, 41.66760005633371], [-70.03673110033554, 41.668180912316586], [-70.03697439575961, 41.66806135092523], [-70.03753967120775, 41.66715519599578], [-70.04115485406253, 41.66728491585009], [-70.04329051858849, 41.66705845913227], [-70.0466465066738, 41.66591106881496], [-70.04899561743886, 41.66561969681953], [-70.0493315295487, 41.66543600594111], [-70.05201635482416, 41.66493443052921], [-70.05552393655555, 41.664838897675885], [-70.05601221196287, 41.664654303757374], [-70.06067965693668, 41.664728664362954], [-70.06067981251789, 41.66508885842571], [-70.06025262805997, 41.6657773799363], [-70.05817843934737, 41.667426566950915], [-70.05808642575475, 41.66811201704936], [-70.0577812237037, 41.66868220412611], [-70.05778152013013, 41.66905140497341], [-70.05973378835836, 41.669069387871986], [-70.05982570507575, 41.66753748389982], [-70.06019208330243, 41.66684987800183], [-70.06052736182734, 41.666693160778394], [-70.0615648453897, 41.66488224653681], [-70.06254104108902, 41.664359928143334], [-70.0645541674278, 41.66390021947242], [-70.06516431025237, 41.664470717916124], [-70.06556085596672, 41.66517866094429], [-70.0643710162234, 41.665639777518294], [-70.06409671392984, 41.66593965952213], [-70.06406643637524, 41.66655272902351], [-70.06482850785311, 41.66731087077378], [-70.06540903764495, 41.667512922853255], [-70.06598840587985, 41.667516293545056], [-70.06684258143615, 41.66701321884914], [-70.06687275729692, 41.66643673413059], [-70.06672094600611, 41.66607743907306], [-70.06623247981645, 41.66556870728526], [-70.06556107163699, 41.66433221305791], [-70.06528669612882, 41.66351494408782], [-70.06513399505866, 41.66195799778194], [-70.06562207869534, 41.66198048007957], [-70.06751313686846, 41.66271062253177], [-70.07025909772928, 41.663423910210014], [-70.07233383658277, 41.6637645811039], [-70.07468245533866, 41.66367078003924], [-70.07608557714295, 41.663855510489284], [-70.07931953649461, 41.66368996729905], [-70.0885019322676, 41.662819956187235], [-70.08841048742447, 41.66346040998634], [-70.08767873989915, 41.66424149315191], [-70.08767839361126, 41.66481836045497], [-70.08780162776542, 41.66532133836937], [-70.08807595536382, 41.66566129676477], [-70.08822849432322, 41.66675839336107], [-70.08929689191665, 41.66755900671438], [-70.09045550550933, 41.66673705428747], [-70.09039507955353, 41.666413818347095], [-70.08999788924493, 41.666165208728074], [-70.08999730772618, 41.66586804475211], [-70.09143091864887, 41.6652689823337], [-70.09204128494046, 41.66522701341341], [-70.09298595291179, 41.663687068563526], [-70.09246769545851, 41.66361987412819], [-70.09201048944239, 41.66429069679059], [-70.09002790704051, 41.66524597069495], [-70.08831907167061, 41.66469517783077], [-70.08831873518261, 41.66435299301671], [-70.0889288334058, 41.66376174764349], [-70.08914205736366, 41.66328208023802], [-70.08950772457182, 41.66152224254972], [-70.09469336280172, 41.66172488304167], [-70.10210524198594, 41.6603034285491], [-70.10332497393223, 41.65998523900559], [-70.10353908166236, 41.65980327123841], [-70.10463661565784, 41.659684489778975], [-70.10579650157796, 41.6593222000209], [-70.10732040548062, 41.65918103739016], [-70.10866289887178, 41.658564887494705], [-70.1087231030208, 41.657780529580556], [-70.11018716471241, 41.65799146479386], [-70.11467037840379, 41.6572818890335], [-70.11467113877336, 41.65771412431497], [-70.11433625304927, 41.65853679389549], [-70.11302497311546, 41.65892770566209], [-70.11253658719231, 41.65926617879203], [-70.1121723431527, 41.66014307082996], [-70.1121724312062, 41.66112458559022], [-70.11095427019902, 41.66285719641635], [-70.11095467607441, 41.66346051724733], [-70.11113737907307, 41.663566860911246], [-70.11153345441464, 41.66324752705791], [-70.11168577055446, 41.6626787126796], [-70.11284428432207, 41.661514923827596], [-70.11323902599848, 41.65988931764434], [-70.1146109874396, 41.658966738988454], [-70.11503800836707, 41.65839507131241], [-70.11531137570398, 41.65776188423269], [-70.11540247301791, 41.65650008312447], [-70.11573679967788, 41.65542471378885], [-70.11774314150442, 41.655525657705084], [-70.11897582738771, 41.659830248377304], [-70.1194620010915, 41.660688220658635], [-70.1197988969888, 41.662082968344826], [-70.12107319020481, 41.665444795622555], [-70.12200104592743, 41.66869322850715], [-70.12282716286349, 41.670796824817685], [-70.1245641626638, 41.67735299501188], [-70.12754602698419, 41.68607177419475], [-70.12843791910939, 41.689625871240445], [-70.1314148125089, 41.69804901239367], [-70.13399911189633, 41.706095901834864], [-70.12528905936792, 41.7084932057793], [-70.1247490588757, 41.7087720226778], [-70.1237871489352, 41.708816107967124], [-70.09608016523838, 41.71602425273125], [-70.09429797600188, 41.72507790318647], [-70.08682888174157, 41.725952877638996], [-70.08604209429365, 41.726250962964336], [-70.08416487359995, 41.72588713658365], [-70.08252498874134, 41.725356836821966], [-70.08054107967469, 41.724504806616025], [-70.0755101466679, 41.72181989792639], [-70.07151005965196, 41.72297416281152], [-70.0672719589118, 41.723362138759704], [-70.06427195437095, 41.72321009123677], [-70.05658295731578, 41.72187019979244], [-70.05219594707961, 41.72160119424948], [-70.05019006538359, 41.72174000380443], [-70.04342482656203, 41.72365890101765], [-70.04325481663442, 41.72383401263309], [-70.04339811211696, 41.72499577524368], [-70.04329608927603, 41.725121104675495], [-70.04185299777673, 41.72498612622965], [-70.04063002762614, 41.72516405954395], [-70.03836986567369, 41.72679026947151], [-70.03636791919526, 41.72656812782214], [-70.03547612950905, 41.72620884776441], [-70.03422994597197, 41.725546154810516], [-70.03342503833234, 41.72457789902679], [-70.0318850884813, 41.72349378632975], [-70.0315549209159, 41.72342874533576], [-70.03072808184501, 41.72366177517061], [-70.02951312122184, 41.72460116038987], [-70.02830997680206, 41.72434079871391], [-70.02719212959335, 41.724666275738066], [-70.02653709529197, 41.725543084735534], [-70.02661110907687, 41.726226727461146], [-70.02556883424583, 41.727166055404965], [-70.02488100263439, 41.72750890206344], [-70.01072081399595, 41.72819915124246], [-69.99946007635738, 41.728372092840694], [-69.99161601841327, 41.72880591565356], [-70.0020668425483, 41.73546400623675], [-70.00114410757419, 41.73703503219832], [-70.00025703715713, 41.738156843410174], [-69.99806599595898, 41.740070771828975], [-69.9960568200233, 41.74320722607091], [-69.99642718065273, 41.74327627661474], [-69.99600389075083, 41.74448184638282], [-69.9953090211531, 41.74565118398541], [-69.99468605180066, 41.74644720620042], [-69.99323001005834, 41.74775279782662], [-69.99512017075824, 41.75011005972487], [-70.0002448545151, 41.757638769819444], [-70.00319604018682, 41.761412932324916], [-70.0053729299742, 41.76483297857657], [-70.00488395796222, 41.768460030307374], [-70.00501489025562, 41.769241228727616], [-70.00716902916837, 41.772829777517146], [-70.00829399161292, 41.775361940387604], [-70.01179707519015, 41.78196497301457], [-70.01196198791413, 41.78209994839204], [-70.01242497305742, 41.78207616946882], [-70.01243701208097, 41.782576096232454], [-70.01278583885389, 41.782756802534784], [-70.01310514488554, 41.78346222270333], [-70.01348296940485, 41.78349585965511], [-70.01363715285665, 41.78318720342916], [-70.01392995693138, 41.78328782458536], [-70.01405989316042, 41.78376227390665], [-70.01444785991468, 41.78376395559349], [-70.01463816202697, 41.78359984658624], [-70.01536782688908, 41.78389525958939], [-70.01560707385737, 41.78443979307883], [-70.0159079563334, 41.784418948785685], [-70.01606497763427, 41.78421500775509], [-70.01635006482158, 41.784420761759655], [-70.0166349702965, 41.78418190724712], [-70.01713803444481, 41.78448899158814], [-70.0170090525601, 41.78492685771578], [-70.0181041338533, 41.785208998099556], [-70.01906111029437, 41.784669892286566], [-70.01952189231831, 41.78503382226327], [-70.01916882898612, 41.786006827574376], [-70.01959975678993, 41.786150876083724], [-70.01958240033603, 41.786429233422275], [-70.02034852058503, 41.78628947817371], [-70.02093749321992, 41.787158211992285], [-70.02225921082903, 41.78749503081852], [-70.02286926202704, 41.788348268987846], [-70.02283831716646, 41.788645594763054], [-70.02173875047664, 41.78811524242319], [-70.02097440607206, 41.78811264577801], [-70.02097411909807, 41.78831975335759], [-70.02213573117464, 41.789417655156804], [-70.02188993127704, 41.790013847274025], [-70.02014607572738, 41.7917781181218], [-70.01916816215245, 41.79255108792975], [-70.01849532529408, 41.79351204776892], [-70.01663070359976, 41.79459088722323], [-70.01620228931876, 41.79500010059942], [-70.01537552203833, 41.79636763359048], [-70.01351040752975, 41.79712280994149], [-70.01402912936233, 41.79764960404415], [-70.01341747713758, 41.7982224406448], [-70.01253083759782, 41.79865323611833], [-70.01152196510806, 41.79884267444943], [-70.00867761817064, 41.7999119652758], [-70.00708847043794, 41.79929571523704], [-70.00556055071117, 41.79939050398528], [-70.00497827649191, 41.80087260550967], [-70.00450138387559, 41.8009220714961], [-70.00296160805628, 41.7994042319207], [-70.00247271930681, 41.799227842725635], [-70.00024037112351, 41.79972471737944], [-70.00098764010362, 41.80009192395343], [-70.0008810744158, 41.800289755162616], [-70.00110263562361, 41.80041592768858], [-70.00121666543335, 41.800204119817806], [-70.00192934424652, 41.80005928060981], [-70.00296599057825, 41.80024343503564], [-70.00275910858696, 41.79986026197614], [-70.00323612974444, 41.80015805971705], [-70.00341927246023, 41.800462685881726], [-70.00418330382661, 41.800870622122915], [-70.00427409902608, 41.80169800989319], [-70.00473250891145, 41.80181151545887], [-70.0052221820703, 41.80169862369347], [-70.00647675217692, 41.79986851469985], [-70.00748536618666, 41.80009389904019], [-70.00846256315913, 41.8007786782338], [-70.00977738195719, 41.80130746891828], [-70.00892042612725, 41.80194573687036], [-70.00870632374715, 41.80243370048613], [-70.00693148450212, 41.80398068793179], [-70.00641174218329, 41.805200790795325], [-70.00552363082811, 41.80592923286851], [-70.00448450882571, 41.80656902438834], [-70.00316928991994, 41.806823591522225], [-70.00160949601295, 41.807386731509204], [-70.00056936495538, 41.8080985047898], [-70.00050774459713, 41.80872015570362], [-70.00148553486402, 41.80926992845598], [-70.0012709388105, 41.809839483582564], [-70.00206553739372, 41.810390777578725], [-70.00206544993982, 41.81057087369885], [-70.00130103382004, 41.810703778972425], [-70.00197316228889, 41.81112120889254], [-70.00279843078876, 41.81102399212499], [-70.0031968324648, 41.81073263069573], [-70.00322708526419, 41.810452751604195], [-70.00218761883451, 41.80988529979354], [-70.00212695770523, 41.80969708452125], [-70.00347227997337, 41.80917165236575], [-70.00347293348618, 41.80891952482059], [-70.00292292148212, 41.80849188393293], [-70.00289229000239, 41.80825848081979], [-70.00384057626124, 41.808511252619496], [-70.00527542358675, 41.810408146873506], [-70.00524468574555, 41.81125476774162], [-70.00567188256964, 41.811692601411266], [-70.00564110137505, 41.81233210100603], [-70.00518153949129, 41.812633366776346], [-70.00377598883043, 41.81256484323798], [-70.00313352743183, 41.81274156736034], [-70.00151077511407, 41.815466731954864], [-70.00001006594856, 41.8171551117343], [-69.99943243908658, 41.8184430855382], [-69.99876194038686, 41.81945631104619], [-69.99782413405921, 41.819551450094345], [-69.99725543514501, 41.819275502777664], [-69.99617307791021, 41.819422193838285], [-69.9966217987734, 41.81867507932076], [-69.99641899291997, 41.81813436396349], [-69.99570757763438, 41.817801929891054], [-69.99534133686143, 41.818066117589474], [-69.99447649582778, 41.81816219183738], [-69.99432865025612, 41.81832176887302], [-69.99490148380394, 41.81843739087301], [-69.99540847203542, 41.818281994893894], [-69.9959065696784, 41.818504116671605], [-69.99611735810021, 41.818721888547636], [-69.9953822133179, 41.81941175973685], [-69.99530327999688, 41.81967973857585], [-69.99544223634528, 41.81989712194731], [-69.99615912606133, 41.82001407999197], [-69.99643630197912, 41.82044827634152], [-69.99679837536613, 41.82034499211722], [-69.99667030058562, 41.819697771481884], [-69.9969601506726, 41.8195940927851], [-69.99845994651392, 41.820044404158104], [-69.99948149688397, 41.819412312363944], [-70.0002836947581, 41.819197187244825], [-70.0009274819686, 41.8173180095775], [-70.00239680756795, 41.816404749324086], [-70.00355831344079, 41.81631306807424], [-70.00383337239583, 41.81651816175274], [-70.00416824837903, 41.81768587526317], [-70.00376161138036, 41.829073930339305], [-70.00428083616691, 41.829987980586246], [-70.00427540560291, 41.83585174881168], [-70.00448758911483, 41.83882219497371], [-70.00552175865101, 41.84596420719322], [-70.0065266972666, 41.85135944185895], [-70.0067392111964, 41.853969122515096], [-70.00768428381568, 41.85810401646051], [-70.00798526957418, 41.86359526744888], [-70.00877849877357, 41.867101191475726], [-70.00929523482979, 41.8717442980149], [-70.00901795130261, 41.87384499212871], [-70.00901368133242, 41.87661897669143], [-70.008707663595, 41.87693690004489], [-70.00830762271937, 41.87885870123027], [-70.00778744828206, 41.87941301759581], [-70.00683824731684, 41.87925032998586], [-70.00579727469503, 41.87970945801526], [-70.00527662218516, 41.87970489115481], [-70.0049098660928, 41.87938379279442], [-70.0042671566803, 41.87954252741237], [-70.00359303789979, 41.8804133438701], [-70.00356158043341, 41.88107985523636], [-70.00420419938146, 41.881470984315804], [-70.0042346141624, 41.881876032371174], [-70.00405039535924, 41.88226476902468], [-70.00466209242491, 41.88297966330319], [-70.00463168622137, 41.88323252531751], [-70.00322261059644, 41.8837126960244], [-70.00270147992572, 41.88409587702454], [-70.0012307705076, 41.88594619868616], [-70.00018956936377, 41.886936558683814], [-69.99861811703416, 41.88752654207848], [-69.99870293743956, 41.88678756943696], [-69.99931844640116, 41.88647656009928], [-69.99969615094871, 41.88574087908941], [-69.99963587428618, 41.88543785788659], [-69.99943849831186, 41.88521633781316], [-69.99846827419559, 41.885287430555024], [-69.99840840126727, 41.88496753888081], [-69.99868703819773, 41.88460088105957], [-69.99842583280748, 41.8842276796681], [-69.99780201054477, 41.88394989308281], [-69.99768665116926, 41.88312443297225], [-69.99718964610433, 41.883201742612], [-69.99690309645209, 41.88388796404768], [-69.99660819761002, 41.88400170991781], [-69.99660303501233, 41.884220567307445], [-69.99715553734104, 41.8846482612391], [-69.99775959768087, 41.884790718788764], [-69.9978455962951, 41.884960132883926], [-69.99758122428466, 41.88663830422151], [-69.99696443587614, 41.887051159066594], [-69.99656772543781, 41.887617173335954], [-69.99618163397788, 41.88778036921512], [-69.99523188916156, 41.888912023335166], [-69.99454934099985, 41.889205810202164], [-69.99518468268478, 41.88995427705826], [-69.9955231840586, 41.88992497120124], [-69.995946117556, 41.890132028022165], [-69.99662873015764, 41.889788139789395], [-69.99766007852708, 41.88998688539975], [-69.99834341616706, 41.8896593223361], [-69.99878780161725, 41.88988353479744], [-70.00033830419702, 41.89125857455596], [-70.00134793966183, 41.8918532129191], [-70.00211375099123, 41.89199101629306], [-70.00330621148662, 41.892836226491525], [-70.00269278684938, 41.8945796172037], [-70.00177392873883, 41.89468687451961], [-70.0012534238611, 41.894943432407686], [-69.99993514052792, 41.8964501810165], [-69.99971922382558, 41.898118303647855], [-69.99912525085269, 41.89853372210972], [-69.99896039665892, 41.89880057337468], [-69.99906580624065, 41.89913851424127], [-69.99888032185063, 41.89933755805665], [-69.9986559033458, 41.89933460684508], [-69.9981480626635, 41.898907510071155], [-69.99742575742995, 41.89898242528715], [-69.99739958481118, 41.89914979549447], [-69.99780952932188, 41.89987895267509], [-69.99947256156824, 41.90008373875183], [-69.99974805395972, 41.90004514497941], [-69.99996256001164, 41.89970127854372], [-70.00170822984573, 41.89988403852567], [-70.00317776617894, 41.900501577364444], [-70.00323779896512, 41.90096048388644], [-70.00237892813689, 41.901940874185335], [-70.00244101092915, 41.902264168651755], [-70.00265533925307, 41.90242456401449], [-70.00348187277075, 41.90214724797603], [-70.00464577599973, 41.90113707748548], [-70.00568662339808, 41.90116421359388], [-70.00590087945282, 41.90150469784865], [-70.00559351324522, 41.90333540246508], [-70.00568345821144, 41.90566769655755], [-70.00531573785975, 41.9060399588753], [-70.00476499659362, 41.90615262825598], [-70.00467272951329, 41.90539726803639], [-70.003755796703, 41.90491868913503], [-70.00298893177268, 41.904979549122885], [-70.00213203313376, 41.90532906938079], [-70.00124238530252, 41.906381644703984], [-70.00066086855506, 41.90658506406062], [-69.99946644930772, 41.90646919374725], [-69.99869526187976, 41.906264884832886], [-69.99827617746357, 41.905889617757104], [-69.9978717491466, 41.905867413400806], [-69.99627116059246, 41.906889208642575], [-69.99562205968847, 41.90768828131929], [-69.99456497336251, 41.9085990253225], [-69.99396698075202, 41.91007130542543], [-69.99345071672028, 41.9100144097911], [-69.99314154434605, 41.90879918210184], [-69.99271611345864, 41.908692820654004], [-69.99269424273619, 41.909617218602875], [-69.99243924433047, 41.90993352295564], [-69.9919444196913, 41.90991010432024], [-69.99132671767647, 41.90936390603634], [-69.99101347943025, 41.90929223045236], [-69.99098371374716, 41.90959462413625], [-69.99179050221065, 41.91069880235017], [-69.9911508861366, 41.91109388465555], [-69.99089388841456, 41.91149401214888], [-69.98935900013932, 41.91162511337102], [-69.9892399988847, 41.91189311622763], [-69.98968844241219, 41.91198291075173], [-69.98997269332403, 41.912356426216355], [-69.98900157807908, 41.91247865157798], [-69.98865737448168, 41.91274311516775], [-69.98875403693535, 41.91341694669107], [-69.98936631759553, 41.913222998598485], [-69.98937029341957, 41.91305533641881], [-69.99013872241257, 41.912964763204506], [-69.99109364186513, 41.91255641112803], [-69.99154287880104, 41.91261299898892], [-69.99184658384333, 41.91308807077145], [-69.99249059583137, 41.912507885463135], [-69.99259054307568, 41.91210511392269], [-69.99187524749804, 41.91187730158355], [-69.99219880783637, 41.91154501978805], [-69.9931029112232, 41.91137179833977], [-69.99409101256937, 41.911486138785506], [-69.9956369362638, 41.912801517056316], [-69.9956317677834, 41.91302038287913], [-69.99493034037718, 41.91314564418342], [-69.99435494794295, 41.91367609579922], [-69.99372402565947, 41.91464311275233], [-69.99402612290562, 41.915218902917225], [-69.9950012044143, 41.91587110019742], [-69.99843960917953, 41.915210048114645], [-70.00053160865205, 41.91406185438504], [-70.00099111227894, 41.91328277729711], [-70.00108354305266, 41.91273301408564], [-70.00083880885012, 41.91237466981269], [-69.99860294553528, 41.912100478230734], [-69.99787335080202, 41.91151907709844], [-69.99666911798708, 41.91104904358997], [-69.9962048586924, 41.91063940648334], [-69.9958911724086, 41.91061839059926], [-69.9956739497236, 41.910245206001484], [-69.99585867886096, 41.910079925120584], [-69.99651170492547, 41.910088526047886], [-69.99780041054507, 41.9107943561882], [-69.99946244852978, 41.91033332823193], [-70.00117817090673, 41.910264122652016], [-70.00111741853141, 41.91001231630925], [-70.00068838284304, 41.909674072889246], [-70.00068823905312, 41.90943994614626], [-70.00188316594677, 41.9091686031481], [-70.0028633761332, 41.90916851152682], [-70.00448524299428, 41.90953307465706], [-70.00558902057449, 41.90946930227344], [-70.00730271160899, 41.90974216048412], [-70.00883383506466, 41.91025124442428], [-70.01030324586044, 41.91127389157409], [-70.01183415092258, 41.91166586943643], [-70.01299740142483, 41.91155664170029], [-70.01379374895984, 41.91125241011995], [-70.01452990367791, 41.910750401514846], [-70.01505028549566, 41.91105207688287], [-70.0155697950922, 41.912038101212175], [-70.0160286583948, 41.912150997483785], [-70.01627404395717, 41.91203206369499], [-70.01627439248543, 41.91180694893692], [-70.01502008764132, 41.90997167845703], [-70.01364257302882, 41.909497320127485], [-70.01333614222153, 41.90914889778439], [-70.01373495698195, 41.908766884511635], [-70.01379656136362, 41.90837035056643], [-70.0109795280638, 41.90732285955303], [-70.01098014082648, 41.90707073356721], [-70.01174496682644, 41.90700135563054], [-70.0126635201075, 41.90731723685347], [-70.01300067024255, 41.90718824061959], [-70.012572012478, 41.90691251344064], [-70.01251166049367, 41.90670631006441], [-70.01468523143735, 41.90686742832738], [-70.01471623861399, 41.906587557982895], [-70.01508393172661, 41.906521428181435], [-70.01713505149368, 41.90684524426628], [-70.01719689416842, 41.90650274045946], [-70.0176861606096, 41.906570434296526], [-70.01989113597969, 41.90748770334536], [-70.0223400101715, 41.909131834551104], [-70.02555353265794, 41.911696961342514], [-70.02637970329349, 41.91260866950524], [-70.027084059358, 41.913755165722186], [-70.02956356636847, 41.9160653235135], [-70.03231740495777, 41.920408960630034], [-70.03265412463969, 41.921738667563375], [-70.03265412090177, 41.922720183446245], [-70.03213298392558, 41.92437317563538], [-70.03112117660031, 41.924850924327366], [-70.03075367321142, 41.924872085578315], [-70.03053896128935, 41.9247387544379], [-70.03017263359956, 41.92281490584676], [-70.02943837078521, 41.92148850999979], [-70.02943867390292, 41.920479983004114], [-70.02848980821557, 41.919425461105426], [-70.02751032538687, 41.91876787042254], [-70.02744876722474, 41.91839900764995], [-70.02659181627845, 41.91866765924212], [-70.02417210863851, 41.91867130608286], [-70.02340603842867, 41.91890340558707], [-70.02273191071559, 41.91937813393296], [-70.02254802515188, 41.9197038611804], [-70.02276192091463, 41.9208457296027], [-70.0234044764438, 41.92150632596123], [-70.02456787287949, 41.92224342662323], [-70.02355517797862, 41.92560318396688], [-70.02337114533995, 41.92590189639087], [-70.02251286810909, 41.92628757230849], [-70.02223718800923, 41.92727170937534], [-70.02248160072637, 41.92891823793855], [-70.02370601471848, 41.930816629865234], [-70.02379621800554, 41.93209477620422], [-70.02410297751425, 41.93287539936751], [-70.0270735273894, 41.93347035482065], [-70.02832990408444, 41.93352200118329], [-70.02863660867725, 41.932969910344205], [-70.02866756118256, 41.93216832962785], [-70.02854504299077, 41.932006917298445], [-70.02716640998403, 41.932028543837724], [-70.02689133496405, 41.931913562805626], [-70.02689128977771, 41.93150834910501], [-70.02713607933832, 41.931254303754706], [-70.02851506476235, 41.93089050246163], [-70.02891329690273, 41.93061705293775], [-70.02891380349799, 41.93022028389709], [-70.02477856548327, 41.92978931497323], [-70.0248397135482, 41.929329170060726], [-70.02848493457836, 41.92958499510467], [-70.02928141340257, 41.92937969882098], [-70.02977167507802, 41.92880802409268], [-70.03013974348269, 41.92871426782583], [-70.03053698906896, 41.929152173962535], [-70.03102755905424, 41.929399919454774], [-70.03369246673849, 41.93002454048657], [-70.03638778838815, 41.93018010835983], [-70.04499550583857, 41.93004808717426], [-70.04879405952465, 41.929400801910205], [-70.0511837715296, 41.928811509916116], [-70.0577388848932, 41.92604054906231], [-70.05982237884852, 41.925769128646735], [-70.06346758138582, 41.92807689458312], [-70.06601022579471, 41.928720039285615], [-70.06607101297854, 41.92888176092258], [-70.06518320224697, 41.92901581134188], [-70.06456999879306, 41.92947184671841], [-70.06408016254808, 41.93008870456581], [-70.06484606710892, 41.93123460316723], [-70.0654894970167, 41.93132767223359], [-70.06738844118105, 41.93094066856697], [-70.06839913923083, 41.9305712014351], [-70.07057414666554, 41.92881271079251], [-70.07097234078695, 41.9279442417317], [-70.07075711997103, 41.92485688475416], [-70.06965487973564, 41.92343498066419], [-70.06904153851717, 41.923179668788386], [-70.06726502543825, 41.92327727431292], [-70.06603962638331, 41.923162842962796], [-70.06539720906179, 41.92272705271966], [-70.06490676603774, 41.92270456520864], [-70.06306891108251, 41.92355040665949], [-70.0623338551729, 41.923530467043406], [-70.05780115262249, 41.92107750171729], [-70.05691279979655, 41.92092332985072], [-70.0545236923668, 41.921899956227186], [-70.05424803111771, 41.92157848393322], [-70.05418640204742, 41.92105655695913], [-70.05492163816412, 41.919887941007644], [-70.05580999158089, 41.91917711073573], [-70.05822971469324, 41.91774104778563], [-70.06257802703051, 41.915566081187634], [-70.0649975729107, 41.91394077748156], [-70.06585566856239, 41.91282484753287], [-70.06689650315637, 41.912526695959656], [-70.06726378786657, 41.91222627164189], [-70.0671718822754, 41.91184016834189], [-70.06600827969238, 41.91163476952613], [-70.0647226479719, 41.91186286819339], [-70.06606859432534, 41.904771147974024], [-70.06652816696536, 41.9035145701371], [-70.06655891328498, 41.902415826001764], [-70.0654259089154, 41.90074191290309], [-70.06594573614022, 41.90030496295236], [-70.06747628140741, 41.900146336371144], [-70.06775242516497, 41.900261234190985], [-70.06781393446416, 41.90067509589328], [-70.06873208023916, 41.90064834067605], [-70.06885508752987, 41.90040394681323], [-70.07023276690153, 41.89968845326288], [-70.07084503979586, 41.89900726166352], [-70.0707833951552, 41.89767492232165], [-70.0692516673534, 41.89230357310219], [-70.06928200903701, 41.89095212413464], [-70.06958799445559, 41.88916570924371], [-70.0695568480337, 41.887617078989344], [-70.069067217117, 41.884316348542605], [-70.06922008848463, 41.883494893590424], [-70.06906670225914, 41.882947060785796], [-70.06609691939582, 41.878255480771855], [-70.0661274112221, 41.87755293848076], [-70.06664763936861, 41.87782679647171], [-70.06729090549675, 41.878991978583414], [-70.07023017729779, 41.88326949481067], [-70.07004738491248, 41.892575238396816], [-70.07053804298378, 41.894777402138814], [-70.07121219387399, 41.896491104452586], [-70.07173262110635, 41.898612033626286], [-70.07207116758842, 41.90774138405557], [-70.0720109877418, 41.91494717804187], [-70.07237887737455, 41.91688890719691], [-70.0729304690954, 41.91872093939391], [-70.07305419247245, 41.92091793035414], [-70.07299412801464, 41.92608810581935], [-70.07336162252825, 41.92860668897935], [-70.07357785886678, 41.936332004082004], [-70.07400700689291, 41.93864255187273], [-70.07495756190106, 41.94015593844996], [-70.07621365050161, 41.941323627736026], [-70.0774091384287, 41.943771466287664], [-70.07750186546491, 41.94550882247614], [-70.07692126530691, 41.95042262313814], [-70.0772587485118, 41.950788704269996], [-70.0768916074518, 41.954431006201865], [-70.07686144602125, 41.95667390787667], [-70.07756719036178, 41.95836036496709], [-70.07772087033682, 41.95927793985393], [-70.07723051608038, 41.96138060046103], [-70.07689403808219, 41.96396861522742], [-70.07674232267811, 41.9689327713577], [-70.07695835679145, 41.972020108314936], [-70.07708259532313, 41.978674366651035], [-70.07748217818076, 41.98217425105123], [-70.07742203011308, 41.98548888740547]]], [[[-70.00710264506945, 41.89217231176529], [-70.01215505938323, 41.89165071727345], [-70.01310439749541, 41.891380562355515], [-70.01634954625537, 41.89135244376433], [-70.01714594975144, 41.89147085012469], [-70.01745188326089, 41.89167573887724], [-70.01763452258601, 41.89234052984803], [-70.01867587279536, 41.89233997423661], [-70.02066497830593, 41.89330451859681], [-70.0235109836966, 41.89534155184176], [-70.0247346571534, 41.897375008205685], [-70.02476508439035, 41.898338344163236], [-70.0243354896673, 41.89881961645639], [-70.02360066107533, 41.898997522504295], [-70.02164136023272, 41.89881627547723], [-70.0205694376324, 41.89888005502083], [-70.01857914627236, 41.899546486592556], [-70.01557819784595, 41.90023069628569], [-70.01325007952035, 41.90105247782595], [-70.01156637351133, 41.90077897130773], [-70.0085050523527, 41.90068892290308], [-70.00798489967934, 41.90027015658135], [-70.00798469847186, 41.89997299568902], [-70.008229341021, 41.899836060178465], [-70.01172008933594, 41.90039039265377], [-70.01273064932984, 41.90016549407507], [-70.0127003103323, 41.89931921609854], [-70.01196641241953, 41.89810075921123], [-70.01058902934498, 41.897068064466076], [-70.00838567902366, 41.896520393781984], [-70.00657888320502, 41.89641009922908], [-70.00511033614923, 41.89594570678777], [-70.00455956207456, 41.89551807637596], [-70.0031510366668, 41.89524185261492], [-70.00431684665074, 41.892700894196444], [-70.00431659853531, 41.892358708231086], [-70.00229736278052, 41.891421620024936], [-70.00208363264902, 41.89118919269], [-70.00214448307902, 41.89089170677792], [-70.00284978889994, 41.890317898475324], [-70.00336958081037, 41.890250425490294], [-70.00410456177565, 41.89043340282381], [-70.00557307450943, 41.89137507349643], [-70.00679714071853, 41.89180587232008], [-70.00710264506945, 41.89217231176529]]], [[[-70.00140212391773, 41.89938250493088], [-70.00051540784659, 41.899128856936095], [-70.0002084248118, 41.8988254142655], [-70.00020872621808, 41.898348163221605], [-70.00079092830161, 41.897568457104995], [-70.00109725368807, 41.897547716474655], [-70.00158746589777, 41.89779558907913], [-70.00186242103011, 41.898324295246894], [-70.00186206783492, 41.89910826722551], [-70.00140212391773, 41.89938250493088]]], [[[-70.23151296277452, 42.058784322223076], [-70.2315130587734, 42.05906345533978], [-70.23040868504606, 42.05957063869484], [-70.2301009461297, 42.05945692237057], [-70.22991729824595, 42.05897259826507], [-70.22942579861767, 42.05862666469839], [-70.22991620274897, 42.05842275882438], [-70.2304991801019, 42.05789404052521], [-70.23080604931516, 42.057899695089176], [-70.23099073136284, 42.05810546442862], [-70.23083762456257, 42.05871943304625], [-70.23151296277452, 42.058784322223076]]], [[[-70.2380219190376, 42.06029920907018], [-70.23805264746294, 42.06059612079126], [-70.23771488299201, 42.060662746325626], [-70.23525835797355, 42.05951853275473], [-70.23356885522763, 42.057897092708814], [-70.23473556113362, 42.05835289833423], [-70.23562608117277, 42.05921701836417], [-70.2380219190376, 42.06029920907018]]], [[[-69.94953370126913, 41.68903845794164], [-69.94925935007096, 41.689824349945866], [-69.94910680552225, 41.69089724328055], [-69.94922905839687, 41.691103773400954], [-69.94852760713631, 41.69313609618519], [-69.9479473395502, 41.693546348370425], [-69.94755103894438, 41.69347734885192], [-69.94715379325575, 41.69313817579158], [-69.94730664947018, 41.69242548918399], [-69.94709293927656, 41.691949809811355], [-69.94660466877986, 41.69192682793476], [-69.94639090861646, 41.69222613563266], [-69.94675723390603, 41.69314176831384], [-69.94675687692715, 41.69368206398045], [-69.94596367272199, 41.69355361033449], [-69.94483429087813, 41.69285998595681], [-69.94465107660768, 41.69247421038952], [-69.94483365083845, 41.69137415007447], [-69.94535308477136, 41.69053196762101], [-69.94642020286412, 41.689568373686086], [-69.94684774828774, 41.68862868461424], [-69.94751881240653, 41.688172392136856], [-69.94730518061931, 41.687894824216556], [-69.94815971927848, 41.68758174403276], [-69.948679108993, 41.687991800949696], [-69.94898397344879, 41.68794417845233], [-69.94928930115681, 41.68831079169297], [-69.94925930446377, 41.68868071369461], [-69.94953370126913, 41.68903845794164]]], [[[-69.96187639015369, 41.71917173618325], [-69.96230416162872, 41.71967278893777], [-69.96236498740609, 41.72026681316285], [-69.96175470161748, 41.72143371724768], [-69.96062476434253, 41.721983505559024], [-69.95775473326701, 41.72187261995349], [-69.95677807493428, 41.72212390577896], [-69.95161792826964, 41.72433716119225], [-69.94996884997133, 41.72410760525923], [-69.94963260873405, 41.723335918034344], [-69.95094590213166, 41.72120835583515], [-69.95179971827716, 41.7192377468537], [-69.95167764368125, 41.717455348968485], [-69.95137150351589, 41.71617022393646], [-69.95076131993653, 41.71532839134422], [-69.95073011601208, 41.71500435408018], [-69.95109665785318, 41.714803353126], [-69.95344804857693, 41.71511728988828], [-69.95674538067622, 41.716152590852715], [-69.9591276194884, 41.71768194145396], [-69.96187639015369, 41.71917173618325]]], [[[-69.96002716050654, 41.73166139992056], [-69.95842945013906, 41.730305916506694], [-69.95852118282009, 41.72994526647889], [-69.9592847804591, 41.729965732969774], [-69.95986533282318, 41.73058254920401], [-69.96020125722157, 41.73115609913072], [-69.96002716050654, 41.73166139992056]]], [[[-69.95800269857364, 41.73176907463326], [-69.95760576054305, 41.73227641456409], [-69.95668977332124, 41.732482373061444], [-69.95617074887657, 41.732801767236246], [-69.95497999692144, 41.73399172485021], [-69.95409435372878, 41.734386053708974], [-69.95268999062237, 41.7338756387523], [-69.95220068421591, 41.733510481649816], [-69.95210950218478, 41.73319575141506], [-69.95226177874518, 41.732275935751716], [-69.95275027522808, 41.73109223277464], [-69.95348201989661, 41.73019435477309], [-69.95519300520554, 41.730107839092966], [-69.95653602101666, 41.72971857825684], [-69.95727005950508, 41.72987429058795], [-69.95827793674336, 41.731478447227225], [-69.95830792027002, 41.7317304342918], [-69.95800269857364, 41.73176907463326]]], [[[-69.94927189999508, 41.74785553781869], [-69.94951747104862, 41.7483580999767], [-69.95382405452919, 41.7495743479593], [-69.95434137446668, 41.74992130800405], [-69.95421980318967, 41.751264218491464], [-69.9544336362206, 41.75149674746924], [-69.95449465263421, 41.751910678855765], [-69.95409782943476, 41.752111840542035], [-69.9528451592365, 41.751590551846895], [-69.95214210800572, 41.75014639727748], [-69.95113408021624, 41.7499835432645], [-69.95079809760219, 41.75003131946953], [-69.95000372348014, 41.75069588512166], [-69.94982019805944, 41.750949462111045], [-69.94991254457356, 41.751588389175325], [-69.94942400704315, 41.75168191955289], [-69.9473466186147, 41.750924772108036], [-69.94630757853251, 41.75016769027424], [-69.94557637480287, 41.749299986881205], [-69.9447514908363, 41.747604790625054], [-69.94368239312645, 41.74708197043943], [-69.94343779029424, 41.74685012557106], [-69.94337660979485, 41.74650822490895], [-69.94362106899135, 41.74619076290682], [-69.94472027136386, 41.74589341450234], [-69.94557553492025, 41.74603060324779], [-69.94609474702806, 41.74586434282827], [-69.94722513399265, 41.74632325719658], [-69.94789793523553, 41.7462997856685], [-69.94826351300783, 41.74572900633505], [-69.94896599906433, 41.74570537475614], [-69.94960817097298, 41.74651049341144], [-69.94963861590395, 41.74733036190853], [-69.94927189999508, 41.74785553781869]]], [[[-69.94386561890525, 41.74927831734303], [-69.94523865014307, 41.74985200274286], [-69.94658253043605, 41.75108432212328], [-69.94771304929947, 41.75158825700689], [-69.94899636810707, 41.75192879469284], [-69.95031020855296, 41.75186395033612], [-69.95037073407939, 41.751197279255514], [-69.9514089250008, 41.75144946513172], [-69.95156227408391, 41.75250232367956], [-69.95122633090666, 41.752982332093715], [-69.9515486070143, 41.753499998104814], [-69.95199010281624, 41.75325498565811], [-69.95232640084191, 41.75339632363641], [-69.95247891668303, 41.75364715862099], [-69.95244867453428, 41.753918022780695], [-69.95156226782284, 41.75467252457142], [-69.95153222644089, 41.75499742116289], [-69.950555310035, 41.75666243957803], [-69.95021865175623, 41.75755723221591], [-69.95024980600131, 41.758178432703154], [-69.95058603370143, 41.75867997387063], [-69.94957812121406, 41.76014757909368], [-69.949028687532, 41.760052858984494], [-69.9486609523636, 41.75893010729472], [-69.94829483829177, 41.75865384513659], [-69.94710348768474, 41.758312304055536], [-69.94569737312462, 41.75822502952735], [-69.94453651275415, 41.75712633211889], [-69.9433143822252, 41.75678545600868], [-69.94362029306085, 41.755891387965185], [-69.94368130060349, 41.75435967900239], [-69.94248953985712, 41.752775392460656], [-69.94288621654118, 41.75193434631575], [-69.94288619917026, 41.75156514105228], [-69.9420917705866, 41.75014837095445], [-69.94200248486736, 41.74877107702927], [-69.94215456564646, 41.7485446554718], [-69.94337746294936, 41.74861596514454], [-69.94386561890525, 41.74927831734303]]], [[[-69.94891659256083, 41.80884366866458], [-69.94815306641101, 41.80836333490521], [-69.94806026303178, 41.80811218367173], [-69.9487640738288, 41.807520681960504], [-69.94925334598045, 41.808002909241296], [-69.94962022437616, 41.808801462022714], [-69.94940674875265, 41.809397955838435], [-69.94910017336062, 41.80944556386044], [-69.94891659256083, 41.80884366866458]]], [[[-69.94582845691157, 41.80699555264635], [-69.94527846059115, 41.80829715042496], [-69.94475885856824, 41.8090757464166], [-69.94384175045009, 41.80965080510731], [-69.94378072536843, 41.80999384497871], [-69.94485100654077, 41.81026396692949], [-69.94506498098693, 41.81045148768135], [-69.94497296621945, 41.81067704977099], [-69.94417804317321, 41.811284728121585], [-69.94389478953798, 41.81123921400853], [-69.94133424637049, 41.81218409196424], [-69.94090641002735, 41.811728550973676], [-69.94096733909959, 41.811205411554766], [-69.94066860778646, 41.810716182482125], [-69.94072242775903, 41.80951418654522], [-69.94050839676147, 41.808822377725114], [-69.94053871689596, 41.8082279054663], [-69.94157861069132, 41.80644506604999], [-69.94188425175474, 41.80612731621254], [-69.94329031827286, 41.80625965648979], [-69.94365741993477, 41.80616674013291], [-69.94494113685252, 41.80497646783805], [-69.94604161472506, 41.80486821557845], [-69.9466840170399, 41.805006985230214], [-69.94689824521885, 41.80527555095326], [-69.94689819715677, 41.80561773916505], [-69.94582845691157, 41.80699555264635]]], [[[-69.94922309631943, 41.81129043505854], [-69.95032482436254, 41.813055756153304], [-69.9501416092369, 41.81426443258126], [-69.95118062984331, 41.81396732371534], [-69.95151718234067, 41.81412666370997], [-69.95151790358804, 41.81436080238412], [-69.9520675867509, 41.8150228194173], [-69.9531694236737, 41.81573396541049], [-69.95405607371232, 41.81616809898685], [-69.95766415120531, 41.817029663535045], [-69.95800102123272, 41.817333076310526], [-69.95827654811589, 41.81804256485162], [-69.95790935261151, 41.818775436802426], [-69.95766546300128, 41.820118943970705], [-69.95826323377123, 41.8213173648068], [-69.95677866493102, 41.820216687622874], [-69.95647354734173, 41.82026433580322], [-69.95644298463849, 41.820858815663904], [-69.9558314767198, 41.82122424061538], [-69.95577042155364, 41.82147723609102], [-69.95598386715427, 41.82156511542491], [-69.95677959155054, 41.82136032796407], [-69.95717655549062, 41.82169945034605], [-69.95840008910157, 41.82178803946067], [-69.9588590126615, 41.82222591324158], [-69.95895109594368, 41.82300833623986], [-69.9585840652102, 41.82368719202965], [-69.95638327249262, 41.825425764488294], [-69.95549662191057, 41.82540587859252], [-69.95552663500817, 41.82469432728922], [-69.95598513847037, 41.82401503564358], [-69.95561786100069, 41.82373878766965], [-69.95537320844737, 41.82375911164695], [-69.9554346238356, 41.82419049700764], [-69.95482329903801, 41.824375820569635], [-69.9546082916907, 41.82385512231826], [-69.95427232099095, 41.823669343694355], [-69.95405785186499, 41.8237789978799], [-69.95430313106414, 41.824695757921084], [-69.95460922564085, 41.82515240542529], [-69.95445645607384, 41.82543286496179], [-69.95366103524674, 41.82535848771962], [-69.95274349180296, 41.825014541591884], [-69.95167234173257, 41.824969609753566], [-69.9494709061725, 41.82396997852669], [-69.94885940055971, 41.82332681183521], [-69.94748296606791, 41.822347357266814], [-69.9465650047531, 41.820787693691955], [-69.946687070982, 41.82047136449594], [-69.9474821967551, 41.82044674175798], [-69.94873620295043, 41.82090505332272], [-69.94888882622524, 41.821218926438995], [-69.94940885096246, 41.82143086256939], [-69.95044922505765, 41.821268842590946], [-69.95158008030548, 41.82049402127323], [-69.95203909493806, 41.82044509879467], [-69.95237530185615, 41.82021722708286], [-69.95313968593598, 41.81959837923725], [-69.95310943963966, 41.81941842815956], [-69.9527420139948, 41.81936729210494], [-69.95209943352666, 41.8195707536464], [-69.95154937202078, 41.82000790404417], [-69.95060172375797, 41.82024097328448], [-69.95011188451168, 41.8207222761665], [-69.94974538867369, 41.820833790698224], [-69.94815460042452, 41.820054049380005], [-69.94760484297643, 41.820013355045134], [-69.94641162598833, 41.82025768787149], [-69.94595321834284, 41.82008090458896], [-69.94512715024712, 41.81813357428142], [-69.94497386980326, 41.81715331914675], [-69.9451264511566, 41.816232958282384], [-69.94479012787606, 41.81509205187197], [-69.94561547543466, 41.8129595671137], [-69.94757181022678, 41.81071922431279], [-69.94787740055472, 41.80888805628944], [-69.94803010216076, 41.808733674045165], [-69.94864211617161, 41.80934983977351], [-69.94922309631943, 41.81129043505854]]], [[[-69.95014418359266, 41.82730589508615], [-69.95124493526114, 41.827558356669925], [-69.9557418749851, 41.82803414098052], [-69.95681232064699, 41.82835873573685], [-69.95711855196357, 41.82986895551217], [-69.95693506444907, 41.83005051566277], [-69.9565684880794, 41.83000840927244], [-69.95650673853132, 41.82973010429563], [-69.95613924143481, 41.82957091981779], [-69.95604800373123, 41.82973402467871], [-69.95623198434201, 41.83099327186954], [-69.95650723991078, 41.83151308888472], [-69.95519281475522, 41.832109877447934], [-69.95510132463313, 41.83302883483609], [-69.95479463346382, 41.83318507560526], [-69.95494817838798, 41.8335259668781], [-69.95488737804246, 41.83398552065339], [-69.95464251560995, 41.834167929661895], [-69.95430600038921, 41.83418869994329], [-69.95320457577095, 41.83375672004784], [-69.94947258740385, 41.831562861085466], [-69.94879938525645, 41.83094699693472], [-69.94794305061139, 41.829801288033934], [-69.94705613438987, 41.829187006522396], [-69.94592402734764, 41.827394787500545], [-69.945892912176, 41.826710553725725], [-69.9463821363863, 41.82621124978188], [-69.94739134883272, 41.826049966620246], [-69.94794207817331, 41.82620772993222], [-69.94840138496109, 41.82669011791339], [-69.94910477878237, 41.826990664167106], [-69.94980855685016, 41.827074525022724], [-69.95014418359266, 41.82730589508615]]], [[[-69.95164483902745, 41.83414752983681], [-69.95283789640867, 41.83435395152117], [-69.95381734568173, 41.834742065980734], [-69.95421500469791, 41.83528832052337], [-69.9543070070923, 41.83574656822932], [-69.95400074085461, 41.83622643233572], [-69.95335833784613, 41.83666402487485], [-69.95274743794945, 41.83819164824287], [-69.95244103306385, 41.838149219904345], [-69.95231863188269, 41.8373933950024], [-69.9518906898771, 41.83700993740826], [-69.9506060509092, 41.837488889435974], [-69.95011671911962, 41.837231794892084], [-69.95008588544427, 41.83678168681215], [-69.95036118674088, 41.836617152499095], [-69.9513396256819, 41.836753135732586], [-69.95146273965824, 41.836409801038954], [-69.95023853778329, 41.83627554912348], [-69.94971817491636, 41.83579402391432], [-69.9488004133, 41.833937222336544], [-69.94828038609593, 41.83325702738994], [-69.94806594028593, 41.83192587858955], [-69.94867712215986, 41.831812627766126], [-69.95042057022036, 41.833274872599425], [-69.95057394991774, 41.833760405303316], [-69.95164483902745, 41.83414752983681]]]]}}