{"type": "Feature", "properties": {"district_name": "State House Districts not defined", "chamber": "house", "vintage": "2012-2020"}, "geometry": {"type": "MultiPolygon", "coordinates": [[[[-70.493308, 41.279975], [-70.43684499999999, 41.29905399999999], [-70.408171, 41.308989999999994], [-70.394819, 41.31966399999999], [-70.388153, 41.32578], [-70.380032, 41.342892000000006], [-70.374466, 41.351583999999995], [-70.36975, 41.357417999999996], [-70.36102199999999, 41.36426999999999], [-70.352415, 41.369206000000005], [-70.339753, 41.37511900000001], [-70.328182, 41.380158999999985], [-70.315816, 41.383227], [-70.301701, 41.38515100000001], [-70.287685, 41.384671999999995], [-70.271551, 41.381243], [-70.258422, 41.380999999999986], [-70.24946299999999, 41.381012], [-70.24216299999999, 41.381702999999995], [-70.23433, 41.38322900000001], [-70.224936, 41.37511999999999], [-70.221622, 41.371769], [-70.21733400000001, 41.364996999999995], [-70.215115, 41.360274999999994], [-70.208297, 41.35802499999999], [-70.19838299999999, 41.359024999999995], [-70.187287, 41.358380000000004], [-70.174906, 41.357290000000006], [-70.159992, 41.35224200000002], [-70.148699, 41.345215999999986], [-70.13794, 41.346371000000005], [-70.13223099999999, 41.348731], [-70.124461, 41.35132699999998], [-70.11933499999999, 41.352638000000006], [-70.110095, 41.353592], [-70.101618, 41.35344999999999], [-70.09784400000001, 41.353584000000005], [-70.103251, 41.359705], [-70.107199, 41.365213000000004], [-70.111328, 41.37038899999998], [-70.11644, 41.38616500000001], [-70.116541, 41.39513199999999], [-70.112734, 41.408126], [-70.105819, 41.419866], [-70.09441199999999, 41.43081], [-70.078847, 41.438015], [-70.06517400000001, 41.442687], [-70.04427199999999, 41.44380099999999], [-70.025902, 41.44107899999998], [-70.006467, 41.43389800000001], [-69.99945799999999, 41.42843199999999], [-69.98922700000001, 41.421225], [-69.98177500000001, 41.41520800000001], [-69.974592, 41.40892200000001], [-69.969634, 41.403510999999995], [-69.957745, 41.38725], [-69.943801, 41.36671700000001], [-69.938456, 41.357645000000005], [-69.92983699999999, 41.34532299999999], [-69.92644, 41.33879399999998], [-69.921579, 41.332398], [-69.91494999999999, 41.324194999999996], [-69.910093, 41.317263], [-69.906211, 41.31080000000001], [-69.898321, 41.29700299999999], [-69.894885, 41.29037199999999], [-69.893789, 41.286925000000004], [-69.89295899999999, 41.28364299999999], [-69.89244500000001, 41.27909000000001], [-69.8925, 41.27621099999998], [-69.892209, 41.271323], [-69.894472, 41.25923999999999], [-69.896044, 41.254119], [-69.89774299999999, 41.250122000000005], [-69.89900999999999, 41.24553799999998], [-69.902992, 41.238416], [-69.910319, 41.226849], [-69.915842, 41.220939], [-69.922911, 41.21583999999999], [-69.930953, 41.21054300000001], [-69.942008, 41.204519999999995], [-69.953586, 41.19967199999999], [-69.973182, 41.193545000000015], [-69.98315099999999, 41.191403], [-69.999457, 41.188305], [-70.012483, 41.18705299999999], [-70.025702, 41.187102], [-70.039705, 41.18819200000001], [-70.051647, 41.190908], [-70.072666, 41.19163400000001], [-70.109684, 41.189803000000005], [-70.12446, 41.19242200000001], [-70.13585499999999, 41.194649], [-70.16117, 41.20068999999998], [-70.178851, 41.204530999999996], [-70.217017, 41.21817599999999], [-70.227997, 41.222664], [-70.239982, 41.228463], [-70.285736, 41.242346000000005], [-70.294484, 41.246499000000014], [-70.314298, 41.260532000000005], [-70.33509000000001, 41.272779], [-70.344083, 41.27614600000001], [-70.357554, 41.27259600000002], [-70.374466, 41.26945800000001], [-70.38667099999999, 41.27128199999999], [-70.396777, 41.273013999999996], [-70.408733, 41.277294000000005], [-70.414493, 41.273953], [-70.429075, 41.268651000000006], [-70.444758, 41.265513000000006], [-70.459851, 41.26525300000001], [-70.475635, 41.270219999999995], [-70.493308, 41.279975]], [[-70.007008, 41.34195100000001], [-70.00686200000001, 41.341820999999996], [-70.00681, 41.341882], [-70.007008, 41.34195100000001]], [[-70.25021199999999, 41.288787], [-70.24946299999999, 41.288053], [-70.24865199999999, 41.287641000000015], [-70.248318, 41.287664], [-70.247894, 41.288305], [-70.247925, 41.288854], [-70.248289, 41.289288000000006], [-70.24895599999999, 41.288990999999996], [-70.25009, 41.28913], [-70.25021199999999, 41.288787]], [[-70.30301899999999, 41.32951099999998], [-70.30198, 41.32858299999998], [-70.300189, 41.327965], [-70.298186, 41.32771299999999], [-70.29675999999999, 41.327759000000015], [-70.295425, 41.32805600000001], [-70.29436299999999, 41.328536], [-70.29390699999999, 41.32897100000001], [-70.29521199999999, 41.329108000000005], [-70.296972, 41.32956600000001], [-70.29730599999999, 41.32947499999998], [-70.297367, 41.32924599999999], [-70.29715399999999, 41.328903], [-70.29745799999999, 41.328697], [-70.29830799999999, 41.32842200000001], [-70.299613, 41.328399999999995], [-70.301616, 41.329132], [-70.30267800000001, 41.329795000000004], [-70.30304199999999, 41.329795000000004], [-70.30301899999999, 41.32951099999998]], [[-70.31400000000001, 41.33580699999999], [-70.313452, 41.334893], [-70.31327, 41.33425300000002], [-70.31060000000001, 41.331440999999984], [-70.308626, 41.330228000000005], [-70.30550000000001, 41.329018], [-70.304711, 41.329041000000004], [-70.30434699999999, 41.32920099999998], [-70.30443799999999, 41.32945199999999], [-70.30547, 41.330069], [-70.306562, 41.330115], [-70.30814099999999, 41.33079999999999], [-70.309021, 41.331303000000005], [-70.310266, 41.332446], [-70.310751, 41.33317700000002], [-70.31066, 41.333658], [-70.30999299999999, 41.334548999999996], [-70.308917, 41.33476399999999], [-70.307223, 41.333899], [-70.30614600000001, 41.333180000000006], [-70.305657, 41.332656], [-70.304695, 41.332207], [-70.303589, 41.33192100000001], [-70.30269899999999, 41.33191], [-70.30160699999999, 41.331456], [-70.301622, 41.331283], [-70.302196, 41.331067000000004], [-70.302943, 41.331109999999995], [-70.303173, 41.331283], [-70.30323, 41.331629], [-70.304408, 41.331348], [-70.304867, 41.33143500000001], [-70.305533, 41.331911999999996], [-70.305897, 41.331866], [-70.30586699999999, 41.33147600000001], [-70.305503, 41.33122499999999], [-70.30344, 41.33074299999999], [-70.301801, 41.33074299999999], [-70.299324, 41.331456], [-70.29696899999999, 41.331283], [-70.293752, 41.33137000000001], [-70.291684, 41.332105000000006], [-70.290305, 41.33446099999998], [-70.28853699999999, 41.33643599999999], [-70.288567, 41.33677899999999], [-70.288901, 41.336963], [-70.29069199999999, 41.33728400000001], [-70.29202699999999, 41.337788], [-70.29418199999999, 41.33758200000001], [-70.29665299999999, 41.337627999999995], [-70.303105, 41.338273000000015], [-70.308688, 41.33914400000001], [-70.31029699999999, 41.339259999999996], [-70.31184499999999, 41.339214], [-70.312877, 41.33903200000001], [-70.31345499999999, 41.338757000000015], [-70.31400000000001, 41.33580699999999]], [[-70.278313, 41.309211000000005], [-70.277438, 41.30757900000001], [-70.274315, 41.304947], [-70.27386, 41.304353], [-70.273315, 41.303094999999985], [-70.272314, 41.30169899999999], [-70.270556, 41.29934200000001], [-70.268162, 41.296664000000014], [-70.26607, 41.29503899999999], [-70.263038, 41.293116], [-70.25858099999999, 41.290780999999996], [-70.255701, 41.288721], [-70.255489, 41.288652], [-70.25551899999999, 41.289887], [-70.255912, 41.290437], [-70.257913, 41.291536], [-70.260885, 41.29288699999999], [-70.26140000000001, 41.293366999999996], [-70.261218, 41.293527], [-70.260581, 41.293596], [-70.25906499999999, 41.292885999999996], [-70.257942, 41.29290800000001], [-70.255789, 41.29260999999999], [-70.251239, 41.29301900000001], [-70.24682899999999, 41.292593], [-70.244235, 41.29275200000001], [-70.241275, 41.29318700000001], [-70.239778, 41.293887], [-70.23950099999999, 41.294374], [-70.23974, 41.294812], [-70.23963599999999, 41.296662000000005], [-70.241886, 41.299577000000006], [-70.243406, 41.300304000000004], [-70.244259, 41.300048000000004], [-70.245329, 41.300142], [-70.245176, 41.300806], [-70.244754, 41.30092199999999], [-70.244315, 41.30131], [-70.244716, 41.30164299999999], [-70.245655, 41.301456000000016], [-70.247841, 41.30141199999999], [-70.247822, 41.30288399999999], [-70.24834, 41.304616], [-70.248958, 41.30535299999998], [-70.24986299999999, 41.305892], [-70.248654, 41.30586100000001], [-70.248597, 41.306338], [-70.248204, 41.30633700000002], [-70.244912, 41.304328], [-70.243797, 41.303036999999996], [-70.24316499999999, 41.301794], [-70.243167, 41.301355999999984], [-70.24262399999999, 41.300895], [-70.242566, 41.30031900000001], [-70.242324, 41.30018100000001], [-70.24185000000001, 41.30029200000002], [-70.241556, 41.300827999999996], [-70.242205, 41.30263099999999], [-70.24289200000001, 41.303487], [-70.244271, 41.30473899999999], [-70.246763, 41.30629499999999], [-70.255983, 41.30951399999999], [-70.262776, 41.311443], [-70.26650300000001, 41.31110800000002], [-70.26982199999999, 41.31000099999999], [-70.27197699999999, 41.308584], [-70.27319, 41.30833199999999], [-70.27370599999999, 41.307966], [-70.274012, 41.30801099999999], [-70.276089, 41.30923099999999], [-70.276612, 41.30976099999999], [-70.276229, 41.31144700000001], [-70.275485, 41.312076000000005], [-70.274744, 41.312273999999995], [-70.27458899999999, 41.31245399999999], [-70.27482599999999, 41.312771], [-70.27594900000001, 41.313114], [-70.27625200000001, 41.31313699999999], [-70.27682899999999, 41.312840000000016], [-70.277557, 41.312153999999985], [-70.278313, 41.309211000000005]], [[-70.23481699999999, 41.28314199999999], [-70.23451399999999, 41.28279899999999], [-70.233634, 41.28231900000001], [-70.231814, 41.281724999999994], [-70.231207, 41.281153], [-70.227991, 41.279118], [-70.224958, 41.278158000000005], [-70.223205, 41.27793299999998], [-70.217618, 41.275254999999994], [-70.217657, 41.275076000000006], [-70.215221, 41.273716000000015], [-70.212217, 41.27238099999999], [-70.21085699999999, 41.271544999999996], [-70.208947, 41.27091300000001], [-70.206885, 41.27053099999999], [-70.194887, 41.26528700000001], [-70.188608, 41.262879000000005], [-70.18210700000002, 41.26021799999998], [-70.180104, 41.259247], [-70.174701, 41.257323], [-70.173667, 41.256699999999995], [-70.162891, 41.253500999999986], [-70.160466, 41.252585], [-70.155799, 41.251188000000006], [-70.148467, 41.24952], [-70.14195000000001, 41.248602], [-70.134646, 41.246952], [-70.118669, 41.242351000000006], [-70.112516, 41.241416], [-70.105848, 41.240847], [-70.102847, 41.240961999999996], [-70.098998, 41.24073500000001], [-70.09696699999999, 41.24085], [-70.09166499999999, 41.24304799999998], [-70.088876, 41.24368899999998], [-70.085633, 41.244192999999974], [-70.08331799999999, 41.244306999999985], [-70.066204, 41.24350899999999], [-70.061142, 41.243188], [-70.05947499999999, 41.24293700000001], [-70.057808, 41.243027999999995], [-70.052807, 41.24268499999998], [-70.04198699999999, 41.241448000000005], [-70.038077, 41.240716], [-70.029985, 41.23957000000001], [-70.026955, 41.239295], [-70.02474099999999, 41.238791], [-70.018226, 41.238033], [-70.015225, 41.23796400000001], [-70.012104, 41.23810000000001], [-70.001586, 41.23935300000001], [-69.99945799999999, 41.240266], [-69.994243, 41.241321000000006], [-69.982638, 41.245124], [-69.97500000000001, 41.24739199999999], [-69.971363, 41.24894899999999], [-69.96918099999999, 41.25012299999999], [-69.96572499999999, 41.252466], [-69.965119, 41.25328899999999], [-69.964755, 41.25425], [-69.964422, 41.25457], [-69.963877, 41.256080000000004], [-69.962271, 41.25949], [-69.960666, 41.26381400000001], [-69.96018099999999, 41.264546], [-69.960212, 41.26525500000001], [-69.959426, 41.27099799999999], [-69.959366, 41.2734], [-69.959791, 41.27518499999999], [-69.95994300000001, 41.277381], [-69.96027699999999, 41.27873100000001], [-69.96574, 41.287904000000005], [-69.966651, 41.289734], [-69.968988, 41.29323300000001], [-69.96911, 41.293735999999996], [-69.969747, 41.29433100000001], [-69.97169099999999, 41.29732700000001], [-69.972754, 41.298493000000015], [-69.975061, 41.301993], [-69.977368, 41.30444], [-69.983289, 41.311439], [-69.985142, 41.31432100000001], [-69.987422, 41.318574999999996], [-69.988728, 41.32017599999999], [-69.992922, 41.32767799999999], [-69.993681, 41.32840900000001], [-69.994502, 41.32955199999999], [-69.995171, 41.330924], [-69.99605199999999, 41.33186200000001], [-69.996265, 41.33234200000001], [-69.996933, 41.33296], [-69.99945799999999, 41.33659600000001], [-69.99980099999999, 41.336391000000006], [-70.00034099999999, 41.337740999999994], [-70.004464, 41.343692000000004], [-70.00504, 41.34490499999998], [-70.007678, 41.34858899999998], [-70.019386, 41.36641600000001], [-70.02290599999999, 41.37067100000001], [-70.027322, 41.37511899999999], [-70.030007, 41.377350000000014], [-70.0403, 41.386663], [-70.04327599999999, 41.38906600000001], [-70.04597900000002, 41.390828], [-70.049655, 41.392475000000005], [-70.04986699999999, 41.392314999999996], [-70.04992899999999, 41.390165], [-70.049564, 41.3879], [-70.045586, 41.383598000000006], [-70.044068, 41.3825], [-70.042397, 41.381744999999995], [-70.034865, 41.380691], [-70.03434899999999, 41.380416], [-70.03143399999999, 41.37783000000001], [-70.028189, 41.37451600000002], [-70.026853, 41.373577999999995], [-70.025487, 41.371793], [-70.024971, 41.37085500000001], [-70.024031, 41.368612999999996], [-70.023546, 41.3666], [-70.023517, 41.36449499999998], [-70.023731, 41.36126999999999], [-70.02431, 41.358936], [-70.024523, 41.357381000000004], [-70.025922, 41.35269100000003], [-70.027442, 41.349626000000015], [-70.028871, 41.34502799999999], [-70.032091, 41.338393999999994], [-70.03755799999999, 41.330618], [-70.046088, 41.321650999999996], [-70.058281, 41.311862000000005], [-70.066146, 41.30641199999999], [-70.069101, 41.30473200000001], [-70.07108199999999, 41.303847999999995], [-70.078148, 41.301131], [-70.08219900000002, 41.29922599999999], [-70.083569, 41.29881999999999], [-70.08567, 41.29846099999999], [-70.090327, 41.29795199999999], [-70.09218299999999, 41.29798], [-70.092305, 41.297912], [-70.092295, 41.297491], [-70.091702, 41.296924000000004], [-70.086626, 41.29508], [-70.085358, 41.29487299999999], [-70.083071, 41.293831000000004], [-70.081949, 41.293853999999996], [-70.081858, 41.294038], [-70.082829, 41.294769000000024], [-70.082647, 41.295387000000005], [-70.08216200000001, 41.295525], [-70.08094799999999, 41.295159000000005], [-70.08015999999999, 41.295227], [-70.080038, 41.294427], [-70.079765, 41.29387799999999], [-70.07985599999999, 41.293557000000014], [-70.079977, 41.293442999999996], [-70.08040199999999, 41.29360299999999], [-70.080978, 41.29426599999999], [-70.081312, 41.294289000000006], [-70.081312, 41.293969000000004], [-70.079977, 41.292871000000005], [-70.079461, 41.292803], [-70.07924899999999, 41.292917], [-70.079432, 41.296532], [-70.07915899999999, 41.297264], [-70.07743099999999, 41.29964300000001], [-70.076217, 41.300536], [-70.074974, 41.300970999999976], [-70.072972, 41.301291], [-70.070818, 41.301176999999996], [-70.07047, 41.30164], [-70.068827, 41.301819], [-70.068708, 41.302161999999996], [-70.068471, 41.30170000000001], [-70.067184, 41.301773999999995], [-70.066531, 41.302176999999986], [-70.066293, 41.30299599999999], [-70.065739, 41.303428], [-70.065482, 41.303442999999994], [-70.066115, 41.301566], [-70.06660000000001, 41.301429], [-70.066357, 41.301154000000004], [-70.06569, 41.30122300000002], [-70.064841, 41.30435699999999], [-70.06396099999999, 41.30604999999998], [-70.062505, 41.30723899999999], [-70.060836, 41.30810800000001], [-70.060047, 41.308336999999995], [-70.05828799999999, 41.308496999999996], [-70.057529, 41.30847399999999], [-70.056649, 41.30822299999999], [-70.0558, 41.307651], [-70.055466, 41.30774199999999], [-70.055405, 41.30867999999998], [-70.05494999999999, 41.309754999999996], [-70.053888, 41.311197000000014], [-70.05370599999999, 41.311676999999996], [-70.053372, 41.31215699999999], [-70.051157, 41.31421600000001], [-70.049336, 41.315107999999995], [-70.047637, 41.315428999999995], [-70.04521, 41.315177000000006], [-70.045209, 41.31565700000001], [-70.046149, 41.318197], [-70.046149, 41.31876799999999], [-70.045299, 41.32075900000001], [-70.043357, 41.32286299999999], [-70.042203, 41.323664000000015], [-70.040959, 41.32425800000001], [-70.038318, 41.32467000000001], [-70.03513199999999, 41.32412], [-70.03573899999999, 41.32549300000001], [-70.036011, 41.326682999999996], [-70.036011, 41.328421000000006], [-70.035828, 41.32929099999999], [-70.035251, 41.330686], [-70.034279, 41.331623999999984], [-70.03349, 41.331897999999995], [-70.032215, 41.332195], [-70.03051599999999, 41.33196599999999], [-70.02981799999999, 41.332103], [-70.029271, 41.333293000000005], [-70.02927, 41.33475600000001], [-70.02847899999999, 41.33814199999999], [-70.027689, 41.33965099999999], [-70.026626, 41.34104700000001], [-70.025199, 41.34276199999999], [-70.02447, 41.343402], [-70.022678, 41.344294], [-70.020826, 41.34488800000001], [-70.020552, 41.346489999999996], [-70.019277, 41.347015000000006], [-70.019064, 41.34758700000002], [-70.018046, 41.34859900000001], [-70.016825, 41.34948499999999], [-70.01661, 41.34998199999998], [-70.015892, 41.35041500000001], [-70.015576, 41.35137699999999], [-70.015475, 41.352587], [-70.013781, 41.35394899999999], [-70.013149, 41.35417600000001], [-70.012732, 41.35413299999999], [-70.01232999999999, 41.353818999999994], [-70.011842, 41.352878999999994], [-70.011957, 41.352425], [-70.012887, 41.352277999999984], [-70.013149, 41.35207900000001], [-70.013149, 41.351592999999994], [-70.01370899999999, 41.350522999999995], [-70.013738, 41.35021999999999], [-70.013436, 41.350089999999994], [-70.013522, 41.34929100000002], [-70.01492999999999, 41.34841500000001], [-70.016251, 41.34863099999999], [-70.016868, 41.348934], [-70.017529, 41.348760999999996], [-70.01779499999999, 41.348501999999996], [-70.017888, 41.34795], [-70.01852, 41.347194000000016], [-70.018491, 41.346621000000006], [-70.018913, 41.346351999999996], [-70.019429, 41.34639800000003], [-70.01994499999999, 41.34593999999998], [-70.019976, 41.34557399999999], [-70.018974, 41.345299], [-70.017092, 41.345665000000004], [-70.015119, 41.34571000000001], [-70.013631, 41.345137], [-70.012175, 41.344084], [-70.011355, 41.343832], [-70.009469, 41.34265399999999], [-70.009121, 41.342546], [-70.008017, 41.34262699999999], [-70.007319, 41.342092000000015], [-70.006772, 41.342], [-70.006712, 41.34170199999999], [-70.007622, 41.341702999999995], [-70.007926, 41.341383], [-70.00850299999999, 41.341154], [-70.008534, 41.340971], [-70.003619, 41.33781199999999], [-70.001617, 41.33618599999999], [-70.000556, 41.335133000000006], [-69.999802, 41.334034999999986], [-69.99945799999999, 41.33412499999999], [-69.998723, 41.33263800000001], [-69.99860000000001, 41.331083000000014], [-69.998842, 41.329893000000006], [-69.998811, 41.32927500000001], [-69.99945799999999, 41.32838400000001], [-69.99945799999999, 41.32740099999999], [-69.999866, 41.327217999999995], [-70.000017, 41.32646299999998], [-70.002144, 41.32406199999999], [-70.004829, 41.32273999999999], [-70.011021, 41.320125000000004], [-70.013115, 41.31892899999999], [-70.016738, 41.317800000000005], [-70.017917, 41.317237], [-70.020088, 41.31673000000001], [-70.021603, 41.315979000000006], [-70.022786, 41.315720000000006], [-70.02754999999999, 41.31556200000001], [-70.032738, 41.31597500000001], [-70.032799, 41.315815], [-70.029282, 41.31036900000001], [-70.02712799999999, 41.309568], [-70.024035, 41.306546999999995], [-70.02351999999999, 41.305701000000006], [-70.023156, 41.305493999999996], [-70.021609, 41.30510499999998], [-70.020376, 41.30443400000001], [-70.01994599999999, 41.30443400000001], [-70.018059, 41.305446999999994], [-70.017331, 41.30558399999999], [-70.015237, 41.305308000000004], [-70.01441799999999, 41.30588], [-70.01241399999999, 41.30617599999999], [-70.011262, 41.305832999999986], [-70.010746, 41.30546599999999], [-70.01020100000001, 41.304505000000006], [-70.01011, 41.303909999999995], [-70.010475, 41.303041], [-70.01123199999999, 41.30258800000001], [-70.012864, 41.30243399999999], [-70.012845, 41.302344], [-70.012946, 41.302265], [-70.01286499999999, 41.30222100000001], [-70.012901, 41.30210299999999], [-70.01277, 41.30208400000001], [-70.012771, 41.301993], [-70.01288500000001, 41.301974], [-70.01272399999999, 41.301895000000016], [-70.012725, 41.301649], [-70.013184, 41.30187500000001], [-70.013165, 41.302011], [-70.012802, 41.302012000000005], [-70.01294, 41.302105], [-70.012974, 41.302270000000014], [-70.012839, 41.302495999999984], [-70.015075, 41.302125], [-70.01619, 41.30253299999998], [-70.016578, 41.302259], [-70.01741, 41.302176], [-70.01826799999999, 41.302341999999996], [-70.01935, 41.302940000000014], [-70.01982199999999, 41.30299599999999], [-70.020068, 41.302889], [-70.02129099999999, 41.301351000000004], [-70.02151, 41.301381000000006], [-70.02151599999999, 41.30114], [-70.02176899999999, 41.301293999999984], [-70.022935, 41.300520999999996], [-70.023042, 41.30023299999999], [-70.022339, 41.30012599999998], [-70.021799, 41.299707000000005], [-70.021571, 41.299814000000005], [-70.021745, 41.299658], [-70.02176399999999, 41.299083], [-70.022224, 41.29832100000001], [-70.021119, 41.298431000000015], [-70.02118899999999, 41.29868399999999], [-70.021036, 41.298835], [-70.02096999999999, 41.29849000000001], [-70.01989, 41.298229], [-70.01842700000002, 41.298428], [-70.018346, 41.298502000000006], [-70.01858, 41.298626], [-70.018158, 41.298613999999986], [-70.018022, 41.298894000000004], [-70.01709699999999, 41.29895400000001], [-70.016849, 41.298701], [-70.016612, 41.298885000000006], [-70.016347, 41.298809], [-70.01663599999999, 41.298855], [-70.016842, 41.29862200000001], [-70.017119, 41.298854], [-70.017605, 41.298632], [-70.01777299999999, 41.298721000000015], [-70.018119, 41.298119000000014], [-70.018548, 41.29793600000001], [-70.018926, 41.29799800000001], [-70.019182, 41.297517000000006], [-70.018836, 41.297066999999984], [-70.019053, 41.296985999999976], [-70.018931, 41.297143000000005], [-70.019215, 41.297419999999995], [-70.02015, 41.297481999999995], [-70.020196, 41.297279999999986], [-70.019938, 41.297107], [-70.019933, 41.296747], [-70.02046299999999, 41.29631099999999], [-70.02047, 41.29595899999998], [-70.019925, 41.295711], [-70.021473, 41.29527100000001], [-70.022029, 41.29465600000002], [-70.02210699999999, 41.29431400000001], [-70.02306, 41.294385999999996], [-70.02328, 41.29404400000001], [-70.022543, 41.29409], [-70.023218, 41.29396099999999], [-70.02266, 41.29352299999999], [-70.022898, 41.29354399999998], [-70.023051, 41.29309500000001], [-70.02302399999999, 41.292877000000004], [-70.022714, 41.292739999999995], [-70.022947, 41.29275699999998], [-70.023141, 41.293057999999995], [-70.023277, 41.29293500000001], [-70.0236, 41.29322900000001], [-70.02373899999999, 41.292305999999996], [-70.023906, 41.29365600000001], [-70.023488, 41.294548], [-70.023687, 41.296946], [-70.025261, 41.29866599999999], [-70.025404, 41.299592], [-70.025616, 41.29993499999999], [-70.025646, 41.301193999999995], [-70.026585, 41.302704], [-70.026585, 41.30334499999999], [-70.02613, 41.30380199999998], [-70.02434, 41.304145000000005], [-70.02267100000002, 41.304167], [-70.02224700000001, 41.30357200000001], [-70.021064, 41.303], [-70.020821, 41.302976999999984], [-70.020791, 41.30322799999998], [-70.021791, 41.304304], [-70.022337, 41.30462399999997], [-70.02445999999999, 41.305197000000014], [-70.025098, 41.305037000000006], [-70.027525, 41.30350500000001], [-70.02925499999999, 41.30220099999999], [-70.029741, 41.301354999999994], [-70.031198, 41.30021200000001], [-70.039056, 41.297217], [-70.041516, 41.296043000000004], [-70.04404, 41.295069000000005], [-70.045317, 41.29480999999999], [-70.048374, 41.294891], [-70.049916, 41.29545699999999], [-70.0558, 41.29598899999998], [-70.05654799999999, 41.296014], [-70.057818, 41.29571999999999], [-70.061778, 41.29552700000001], [-70.063566, 41.29593799999999], [-70.0639, 41.29587], [-70.066041, 41.291774000000025], [-70.066187, 41.290424], [-70.067436, 41.289533], [-70.06747899999999, 41.28863299999998], [-70.06838400000001, 41.288009], [-70.069418, 41.28766799999998], [-70.068815, 41.28803300000001], [-70.068546, 41.28863299999999], [-70.06809299999999, 41.289046], [-70.068136, 41.289216999999994], [-70.07021499999999, 41.29004300000001], [-70.071908, 41.289967], [-70.074486, 41.287380999999996], [-70.07763899999999, 41.283606], [-70.079495, 41.282075000000006], [-70.082101, 41.28070999999999], [-70.083123, 41.279611], [-70.08618899999999, 41.278137999999984], [-70.08658299999999, 41.27777100000001], [-70.086506, 41.277392], [-70.086744, 41.277107999999984], [-70.08856399999999, 41.27679500000001], [-70.088618, 41.275532999999996], [-70.087908, 41.27506999999999], [-70.087869, 41.274854], [-70.088453, 41.274454], [-70.08865999999999, 41.274682999999996], [-70.088765, 41.27519700000001], [-70.089146, 41.275116999999995], [-70.089483, 41.275312000000014], [-70.089315, 41.275800000000004], [-70.088912, 41.275937], [-70.088982, 41.276311000000014], [-70.08949199999999, 41.276838], [-70.089355, 41.27713000000001], [-70.088939, 41.277203000000014], [-70.087163, 41.27723599999999], [-70.086935, 41.27737099999999], [-70.087008, 41.27772600000001], [-70.08767499999999, 41.27800000000001], [-70.088219, 41.277724000000006], [-70.088261, 41.27754099999999], [-70.08876699999999, 41.277428], [-70.090041, 41.277977], [-70.091557, 41.27818200000001], [-70.092012, 41.278456000000006], [-70.0918, 41.279166], [-70.09349399999999, 41.279918999999985], [-70.09481699999999, 41.280896], [-70.095331, 41.28166900000001], [-70.095333, 41.281988], [-70.095207, 41.282192], [-70.09410199999999, 41.28266699999999], [-70.09410299999999, 41.283032000000006], [-70.094804, 41.28287000000001], [-70.095077, 41.28300699999999], [-70.095077, 41.28321299999997], [-70.094562, 41.28339599999999], [-70.094623, 41.283671], [-70.09560499999999, 41.283796], [-70.09528999999999, 41.28405399999998], [-70.094207, 41.28425900000001], [-70.09437799999999, 41.284729], [-70.09511499999999, 41.284513999999994], [-70.095221, 41.28490899999999], [-70.097129, 41.28453100000001], [-70.09706800000001, 41.285190999999976], [-70.095186, 41.285616], [-70.09515499999999, 41.285979999999995], [-70.095276, 41.286227999999994], [-70.097217, 41.285942999999975], [-70.097457, 41.28685099999999], [-70.096941, 41.28700999999999], [-70.09691, 41.28748600000001], [-70.095817, 41.288394], [-70.092479, 41.288926000000004], [-70.090475, 41.28903100000001], [-70.089959, 41.28982399999998], [-70.090201, 41.290211], [-70.090989, 41.290686], [-70.09153599999999, 41.29082100000001], [-70.094869, 41.291174999999996], [-70.096538, 41.29174599999999], [-70.09961299999999, 41.29246099999999], [-70.10252000000001, 41.293468999999995], [-70.10312499999999, 41.29390500000001], [-70.10305799999999, 41.29563700000002], [-70.10399600000001, 41.296808999999996], [-70.104124, 41.297371], [-70.108461, 41.295745000000004], [-70.11119000000001, 41.295035], [-70.11570999999999, 41.294346999999995], [-70.12446, 41.293851000000004], [-70.127782, 41.293819], [-70.130421, 41.293981], [-70.144374, 41.29364300000003], [-70.15351500000001, 41.29373700000001], [-70.17370500000001, 41.294269], [-70.181106, 41.293766], [-70.18323, 41.294247000000034], [-70.18526299999999, 41.294293], [-70.187932, 41.29472699999999], [-70.1896, 41.295459], [-70.191238, 41.295825], [-70.191906, 41.295825], [-70.194302, 41.29527600000001], [-70.196213, 41.29507], [-70.196546, 41.294978], [-70.196304, 41.29461200000001], [-70.196334, 41.294063], [-70.196637, 41.293766], [-70.206586, 41.291934000000005], [-70.207556, 41.29147700000001], [-70.208041, 41.290859000000005], [-70.208071, 41.290035], [-70.207798, 41.28914299999998], [-70.207161, 41.28841100000001], [-70.206706, 41.288137000000006], [-70.20534099999999, 41.28783900000001], [-70.20470399999999, 41.287884999999996], [-70.199973, 41.289602], [-70.1997, 41.289899000000005], [-70.19985199999999, 41.29065400000001], [-70.19873, 41.291112], [-70.197941, 41.291135], [-70.196455, 41.29076899999999], [-70.194908, 41.290151000000016], [-70.193846, 41.289168000000004], [-70.19269299999999, 41.287451999999995], [-70.191844, 41.28541599999999], [-70.19175299999999, 41.28473000000002], [-70.19160099999999, 41.28324299999999], [-70.192086, 41.281687000000005], [-70.193178, 41.280474000000005], [-70.1943, 41.279581999999984], [-70.19586799999999, 41.27894199999999], [-70.197133, 41.278031], [-70.198939, 41.27629800000001], [-70.199251, 41.27570300000001], [-70.200187, 41.27494899999999], [-70.199856, 41.274964000000004], [-70.199564, 41.275324], [-70.199111, 41.27543399999999], [-70.198568, 41.275980000000004], [-70.19697099999999, 41.276067000000005], [-70.196052, 41.277153], [-70.195606, 41.277409999999996], [-70.195304, 41.27735000000001], [-70.19524799999999, 41.277553000000005], [-70.195165, 41.27722000000001], [-70.194711, 41.27701100000001], [-70.194467, 41.27734400000001], [-70.194149, 41.277446999999995], [-70.194287, 41.277699], [-70.194104, 41.27747199999999], [-70.19324200000001, 41.27807100000001], [-70.193266, 41.278227999999984], [-70.19228199999999, 41.278544999999994], [-70.192385, 41.27896999999998], [-70.192007, 41.279433000000026], [-70.192083, 41.279682], [-70.19198999999999, 41.279447000000005], [-70.191745, 41.279465], [-70.191515, 41.279639], [-70.191188, 41.279805], [-70.191588, 41.279488999999984], [-70.19117299999999, 41.279229], [-70.19106099999999, 41.27894999999998], [-70.19026, 41.27931], [-70.190592, 41.27912500000001], [-70.190219, 41.27900999999999], [-70.189593, 41.27913900000001], [-70.189452, 41.27909699999999], [-70.189397, 41.27925200000001], [-70.188903, 41.279581999999984], [-70.18875799999999, 41.27949399999999], [-70.188811, 41.27932800000001], [-70.18899800000001, 41.27941299999999], [-70.189446, 41.279059], [-70.19040199999999, 41.278981999999985], [-70.190748, 41.278648], [-70.190587, 41.27889300000001], [-70.190726, 41.279076], [-70.191335, 41.278625], [-70.19145, 41.27836100000001], [-70.191328, 41.27831], [-70.19171, 41.27820000000001], [-70.191776, 41.278378000000004], [-70.1923, 41.278102999999994], [-70.19213599999999, 41.277877999999994], [-70.192346, 41.278092], [-70.192932, 41.27784099999999], [-70.194276, 41.276649], [-70.194651, 41.276546999999994], [-70.194391, 41.276508000000014], [-70.194485, 41.27640000000002], [-70.194289, 41.27621900000001], [-70.194524, 41.27636300000001], [-70.19467100000001, 41.27616099999999], [-70.195771, 41.27584], [-70.195814, 41.27558799999999], [-70.196505, 41.275297], [-70.197036, 41.27534400000001], [-70.197037, 41.274603], [-70.197844, 41.274073], [-70.19951499999999, 41.273634000000015], [-70.20242499999999, 41.272009999999995], [-70.203183, 41.27189499999999], [-70.203396, 41.272078], [-70.203305, 41.272376000000015], [-70.20188, 41.272948], [-70.201398, 41.273572], [-70.201528, 41.27382600000001], [-70.20182199999999, 41.27391], [-70.20278, 41.273917], [-70.20272, 41.274169999999984], [-70.202314, 41.274333], [-70.202417, 41.274768], [-70.20259899999999, 41.274801], [-70.201062, 41.275831], [-70.200546, 41.276357000000004], [-70.200546, 41.276677], [-70.20091, 41.27676799999999], [-70.20130400000001, 41.276630999999995], [-70.202578, 41.27594500000001], [-70.20397299999999, 41.275852999999984], [-70.204731, 41.27534999999999], [-70.206004, 41.274846000000004], [-70.206277, 41.274571000000016], [-70.207399, 41.274137], [-70.208218, 41.27409100000001], [-70.21024899999999, 41.274754], [-70.21186, 41.274781000000004], [-70.219223, 41.27723599999999], [-70.21960299999999, 41.27771000000001], [-70.219627, 41.277885999999995], [-70.21912499999999, 41.278307000000005], [-70.218532, 41.27835299999999], [-70.217393, 41.278972], [-70.217013, 41.27894999999998], [-70.21701999999999, 41.27908], [-70.217387, 41.279166], [-70.216929, 41.279283999999976], [-70.216447, 41.279057999999985], [-70.216773, 41.278815], [-70.217288, 41.278756], [-70.21722799999999, 41.278378000000004], [-70.217137, 41.277897], [-70.216588, 41.27736], [-70.21564099999999, 41.27743899999999], [-70.214479, 41.277763], [-70.214506, 41.278133000000004], [-70.215588, 41.278667000000006], [-70.216307, 41.27930199999999], [-70.218655, 41.27997200000001], [-70.221612, 41.280308999999995], [-70.226798, 41.28176899999999], [-70.229692, 41.282869], [-70.23129899999999, 41.283097999999995], [-70.231815, 41.283531], [-70.23190699999999, 41.28391999999997], [-70.23245299999999, 41.284309], [-70.234454, 41.283668000000006], [-70.23481799999999, 41.283370999999995], [-70.23481699999999, 41.28314199999999]]], [[[-70.669518, 41.51333899999999], [-70.65577200000001, 41.514988999999986], [-70.654494, 41.515417], [-70.653814, 41.516278], [-70.654303, 41.517754999999994], [-70.65421400000001, 41.51885299999999], [-70.653885, 41.51975900000002], [-70.651561, 41.522163], [-70.650947, 41.52329299999998], [-70.650055, 41.52415499999999], [-70.650033, 41.52460499999999], [-70.649492, 41.52527500000002], [-70.649624, 41.525368], [-70.64939, 41.52574099999999], [-70.64841, 41.526855], [-70.648366, 41.527173999999995], [-70.64738, 41.527898], [-70.64744499999999, 41.52803499999998], [-70.646217, 41.52938], [-70.646224, 41.52971999999999], [-70.645866, 41.53027399999999], [-70.642196, 41.533764999999995], [-70.63862999999999, 41.53601899999998], [-70.634697, 41.537708999999985], [-70.63474099999999, 41.53785099999999], [-70.63371099999999, 41.538163999999995], [-70.633535, 41.538382999999996], [-70.63180299999999, 41.538734000000005], [-70.631796, 41.53884899999999], [-70.629676, 41.539485000000006], [-70.62678300000002, 41.539911999999994], [-70.62640999999999, 41.540192000000005], [-70.622991, 41.54122100000001], [-70.620544, 41.54134299999999], [-70.618082, 41.54185000000002], [-70.617826, 41.54150399999999], [-70.61763599999999, 41.54153199999998], [-70.61775999999999, 41.541799999999995], [-70.61758499999999, 41.541827999999995], [-70.617227, 41.54178999999998], [-70.617176, 41.54152100000001], [-70.61670099999999, 41.541745999999996], [-70.616723, 41.542031999999985], [-70.61628499999999, 41.54226199999999], [-70.615101, 41.542378000000014], [-70.61399, 41.542208999999986], [-70.611879, 41.542874], [-70.610564, 41.54302800000002], [-70.60946100000001, 41.542956999999994], [-70.60822499999999, 41.54247999999999], [-70.608201, 41.54260799999998], [-70.60723899999999, 41.54282100000001], [-70.606596, 41.542837999999975], [-70.603307, 41.541889000000005], [-70.60324899999999, 41.542015000000006], [-70.602263, 41.54199400000001], [-70.60143699999999, 41.542186000000015], [-70.597346, 41.54386199999999], [-70.597514, 41.54412599999999], [-70.59660099999999, 41.544433000000005], [-70.59660099999999, 41.54470800000001], [-70.59520599999999, 41.54487800000001], [-70.59525, 41.545175], [-70.594512, 41.545027], [-70.59380999999999, 41.545097999999996], [-70.593825, 41.54529599999999], [-70.592743, 41.54536799999999], [-70.59183, 41.54523599999999], [-70.591852, 41.545438999999995], [-70.58895799999999, 41.545176999999995], [-70.588827, 41.545753000000005], [-70.588776, 41.54515500000001], [-70.588469, 41.545347], [-70.586415, 41.545429999999996], [-70.581892, 41.544662], [-70.58055499999999, 41.54424], [-70.580495, 41.54452500000001], [-70.58001399999999, 41.54474200000001], [-70.57898399999999, 41.544899], [-70.57903499999999, 41.54503599999999], [-70.578114, 41.54525600000001], [-70.57818, 41.545404], [-70.576595, 41.545745000000004], [-70.576646, 41.54591999999999], [-70.57630999999999, 41.54603600000001], [-70.57533, 41.546206], [-70.574366, 41.54616199999999], [-70.574351, 41.54668399999998], [-70.573854, 41.54689799999999], [-70.571816, 41.54720499999999], [-70.570837, 41.547173000000015], [-70.57085200000002, 41.547337], [-70.570222, 41.54773300000003], [-70.56930899999999, 41.54794700000001], [-70.56832299999999, 41.54775499999998], [-70.568206, 41.547990999999996], [-70.567782, 41.54792], [-70.567782, 41.54802400000001], [-70.567373, 41.54798499999999], [-70.567351, 41.548106], [-70.566277, 41.54803500000001], [-70.56621799999999, 41.548183], [-70.56518, 41.54823300000001], [-70.564764, 41.548111999999996], [-70.56465399999999, 41.54830399999999], [-70.563668, 41.54824399999999], [-70.56358, 41.548364], [-70.561644, 41.54831], [-70.560942, 41.548013], [-70.56093500000001, 41.54825499999999], [-70.559568, 41.54831], [-70.558472, 41.548698999999985], [-70.556331, 41.54873799999999], [-70.556294, 41.548963], [-70.55514, 41.54892400000001], [-70.55516899999999, 41.54907300000002], [-70.554745, 41.549155], [-70.553934, 41.54911099999999], [-70.553963, 41.54930299999999], [-70.55283800000001, 41.549501], [-70.552889, 41.549665], [-70.55235499999999, 41.549797000000005], [-70.551756, 41.54972], [-70.551793, 41.549884999999996], [-70.551391, 41.54995599999999], [-70.550426, 41.549808000000006], [-70.550455, 41.549989000000004], [-70.550178, 41.55009900000001], [-70.549425, 41.550039], [-70.549469, 41.55029700000001], [-70.54789, 41.550549], [-70.548007, 41.550776], [-70.54782, 41.550765999999996], [-70.54786299999999, 41.55091799999998], [-70.546519, 41.55209599999999], [-70.545003, 41.55158099999998], [-70.538821, 41.55125599999999], [-70.535123, 41.550415], [-70.532851, 41.549569000000005], [-70.531894, 41.549009000000005], [-70.530301, 41.547691], [-70.529308, 41.54646099999998], [-70.528181, 41.54747899999999], [-70.526961, 41.547547999999985], [-70.52685199999999, 41.547394], [-70.525953, 41.548118], [-70.521911, 41.54902299999998], [-70.516123, 41.54990999999999], [-70.515275, 41.55016199999999], [-70.506577, 41.551229], [-70.505284, 41.551520000000004], [-70.501549, 41.55171000000001], [-70.499471, 41.55228899999999], [-70.496702, 41.55235599999999], [-70.493624, 41.552055999999986], [-70.492908, 41.55219900000001], [-70.490819, 41.55326], [-70.489299, 41.55369999999999], [-70.48754500000001, 41.553985999999995], [-70.48615699999999, 41.55385999999999], [-70.483797, 41.555096], [-70.478945, 41.556905000000015], [-70.47538, 41.55901999999999], [-70.473086, 41.56136499999999], [-70.46982, 41.56410000000001], [-70.46878199999999, 41.564615999999994], [-70.465012, 41.56795499999999], [-70.463945, 41.56922899999999], [-70.461907, 41.57117299999999], [-70.46199399999999, 41.571239], [-70.46174599999999, 41.571508], [-70.459057, 41.57399500000002], [-70.458355, 41.57498899999999], [-70.457376, 41.57599900000001], [-70.457537, 41.576223999999996], [-70.45723699999999, 41.577321999999995], [-70.455118, 41.57929399999999], [-70.450681, 41.584856], [-70.450104, 41.586228], [-70.450198, 41.588941], [-70.448883, 41.589089], [-70.446441, 41.590269], [-70.444693, 41.592158000000005], [-70.44435000000001, 41.593332999999994], [-70.444423, 41.594601], [-70.443933, 41.59578100000001], [-70.443721, 41.59684600000002], [-70.443809, 41.59751599999999], [-70.44299, 41.598828], [-70.443071, 41.5993], [-70.442632, 41.600728], [-70.442208, 41.60091399999999], [-70.441893, 41.600783], [-70.441623, 41.600415], [-70.441411, 41.599592], [-70.44172499999999, 41.598543], [-70.44241199999999, 41.597818], [-70.442734, 41.597170000000006], [-70.44201000000001, 41.596819], [-70.441593, 41.59682499999999], [-70.441418, 41.596973000000006], [-70.441374, 41.59756], [-70.440738, 41.59884499999998], [-70.440043, 41.60228699999999], [-70.439853, 41.602605999999994], [-70.438924, 41.603155], [-70.438566, 41.603697999999994], [-70.437322, 41.604813], [-70.4372, 41.605329999999995], [-70.430535, 41.605729], [-70.427784, 41.60489], [-70.4263, 41.604675], [-70.419899, 41.60611899999998], [-70.410851, 41.60737999999999], [-70.407179, 41.607555000000005], [-70.40270199999999, 41.60707600000001], [-70.401539, 41.60711999999999], [-70.401517, 41.606702999999996], [-70.401386, 41.60668600000001], [-70.401392, 41.606864], [-70.40111000000002, 41.606671999999996], [-70.40225099999999, 41.59999099999999], [-70.374572, 41.60929299999999], [-70.31327499999999, 41.61462400000002], [-70.290661, 41.616242], [-70.27543899999999, 41.62511099999999], [-70.271761, 41.608899], [-70.262812, 41.60744599999999], [-70.25487799999999, 41.61240399999999], [-70.25301499999999, 41.620774000000004], [-70.249248, 41.624684000000016], [-70.234684, 41.630223999999984], [-70.219903, 41.63480499999999], [-70.220092, 41.636005999999995], [-70.19106099999999, 41.64525899999999], [-70.191827, 41.647495], [-70.158621, 41.65043800000001], [-70.15776799999999, 41.651261999999996], [-70.15740199999999, 41.65200100000001], [-70.157012, 41.652246999999996], [-70.157015, 41.652091000000006], [-70.157412, 41.651862], [-70.15736, 41.651762999999995], [-70.15629899999999, 41.65130800000001], [-70.15424999999999, 41.65146599999999], [-70.153305, 41.65111999999999], [-70.148218, 41.650399000000014], [-70.146776, 41.650514], [-70.14528299999999, 41.650310000000005], [-70.14321199999999, 41.650299000000004], [-70.14193, 41.650573], [-70.14106699999999, 41.650408000000006], [-70.136828, 41.65120799999999], [-70.136162, 41.65151999999999], [-70.13475600000001, 41.651832999999996], [-70.13430199999999, 41.652156000000005], [-70.12872999999999, 41.65349900000001], [-70.12548600000001, 41.65444700000001], [-70.123358, 41.65480799999998], [-70.12258899999999, 41.654770000000006], [-70.12263999999999, 41.65502199999999], [-70.120935, 41.655133], [-70.120935, 41.65535300000001], [-70.117657, 41.655601], [-70.116827, 41.65357699999999], [-70.10962099999999, 41.639364], [-70.094223, 41.60824499999999], [-70.109368, 41.605591], [-70.124462, 41.600849], [-70.12695200000002, 41.600203], [-70.138491, 41.59869200000001], [-70.148926, 41.599133], [-70.16035699999999, 41.59937], [-70.163439, 41.597952], [-70.170602, 41.595588000000006], [-70.1815, 41.593547000000015], [-70.189375, 41.59049600000001], [-70.19823699999999, 41.58734200000001], [-70.20804, 41.584149999999994], [-70.220282, 41.57233699999998], [-70.22555799999999, 41.568560999999995], [-70.23194699999999, 41.56559500000001], [-70.241092, 41.56210999999999], [-70.24946299999999, 41.560146], [-70.255691, 41.559146], [-70.26742899999999, 41.558372999999996], [-70.278898, 41.559315999999995], [-70.289965, 41.561639], [-70.299331, 41.565916999999985], [-70.31125399999999, 41.57106200000001], [-70.32021399999999, 41.568946000000004], [-70.331549, 41.567898], [-70.34633699999999, 41.56845300000001], [-70.351936, 41.566649000000005], [-70.364206, 41.562196000000014], [-70.387281, 41.55768099999999], [-70.395164, 41.556722], [-70.397122, 41.55440199999998], [-70.405051, 41.546195000000004], [-70.411202, 41.540744], [-70.417304, 41.534822000000005], [-70.423896, 41.528732], [-70.432904, 41.52206300000001], [-70.440131, 41.517479], [-70.448567, 41.513093000000005], [-70.457634, 41.50934100000001], [-70.466436, 41.50616000000001], [-70.472473, 41.504765000000006], [-70.48396699999999, 41.502545999999995], [-70.48974, 41.501856], [-70.498209, 41.502565], [-70.502832, 41.500635], [-70.539279, 41.508126], [-70.60297899999999, 41.511801999999996], [-70.624473, 41.50010899999997], [-70.627355, 41.498359999999984], [-70.640223, 41.491977], [-70.646412, 41.489323], [-70.65000900000001, 41.488009000000005], [-70.653136, 41.49278599999999], [-70.65732, 41.49835199999999], [-70.658182, 41.50010899999997], [-70.664005, 41.508430000000004], [-70.669518, 41.51333899999999]]], [[[-70.905993, 42.43829699999999], [-70.905993, 42.44519699999999], [-70.901493, 42.449597000000004], [-70.881629, 42.452399], [-70.85935500000001, 42.454552], [-70.838616, 42.455459000000005], [-70.83117899999999, 42.457196], [-70.82486, 42.459129], [-70.821063, 42.460374], [-70.81074, 42.46441], [-70.799948, 42.468907], [-70.790094, 42.47386600000001], [-70.773358, 42.481939], [-70.749489, 42.492722000000015], [-70.736119, 42.50010699999999], [-70.732355, 42.505812], [-70.73065199999999, 42.52355199999999], [-70.726835, 42.54356800000001], [-70.722544, 42.557263999999996], [-70.719049, 42.56335], [-70.716188, 42.56756400000001], [-70.713002, 42.57069399999998], [-70.70932499999999, 42.572489], [-70.705947, 42.574380000000005], [-70.701037, 42.576278999999985], [-70.689225, 42.579226999999996], [-70.679251, 42.580107999999996], [-70.671443, 42.578419999999994], [-70.664718, 42.578195], [-70.65200100000001, 42.57848000000003], [-70.647925, 42.57932700000001], [-70.64510299999999, 42.580827], [-70.642438, 42.582596999999986], [-70.640444, 42.58433399999999], [-70.630696, 42.597137000000004], [-70.624522, 42.60560599999998], [-70.620026, 42.609914999999994], [-70.59810700000001, 42.613856999999996], [-70.576846, 42.61680299999999], [-70.567854, 42.61845700000001], [-70.595005, 42.62148699999999], [-70.606399, 42.622500999999986], [-70.61806399999999, 42.62602999999999], [-70.618332, 42.626361999999986], [-70.619379, 42.62663999999999], [-70.619534, 42.62729600000001], [-70.618776, 42.628468000000005], [-70.61623, 42.630544], [-70.613855, 42.63213999999999], [-70.613267, 42.632427000000014], [-70.611912, 42.632563], [-70.61171100000001, 42.633368000000004], [-70.613995, 42.633016000000005], [-70.61439, 42.633114000000006], [-70.61439, 42.632878999999996], [-70.61497, 42.632727], [-70.616147, 42.63194099999999], [-70.616913, 42.63165499999999], [-70.620149, 42.631392999999996], [-70.620784, 42.63071799999999], [-70.62052, 42.630280000000006], [-70.62062, 42.630216], [-70.620938, 42.630539999999996], [-70.6209, 42.63074300000001], [-70.620358, 42.631435], [-70.616828, 42.63184099999999], [-70.614715, 42.63291999999999], [-70.61459099999999, 42.63322799999999], [-70.61205199999999, 42.63333999999999], [-70.61219899999999, 42.63363999999999], [-70.611325, 42.63426400000001], [-70.611008, 42.63432700000001], [-70.61201299999999, 42.633629000000006], [-70.61157899999999, 42.633365], [-70.61172599999999, 42.63268300000001], [-70.612206, 42.632091], [-70.61222900000001, 42.631671999999995], [-70.611779, 42.631443999999995], [-70.610703, 42.631855], [-70.610929, 42.632766000000004], [-70.609923, 42.633568], [-70.60580399999999, 42.635012999999994], [-70.605193, 42.63504], [-70.60491400000001, 42.63472399999999], [-70.60409299999999, 42.634776], [-70.600563, 42.635469], [-70.59906, 42.63550399999998], [-70.59854899999999, 42.635425000000005], [-70.598193, 42.63506100000001], [-70.596435, 42.63466700000001], [-70.596187, 42.634315], [-70.594499, 42.634608], [-70.59411899999999, 42.634848], [-70.592742, 42.63648800000001], [-70.591875, 42.63694100000001], [-70.592015, 42.637330999999996], [-70.591729, 42.638073], [-70.591945, 42.638948], [-70.590661, 42.640353], [-70.591854, 42.641097], [-70.592133, 42.64144], [-70.592079, 42.641715999999995], [-70.59221099999999, 42.641858000000006], [-70.593186, 42.64143], [-70.593565, 42.640601], [-70.59379, 42.64044500000001], [-70.594696, 42.64056299999999], [-70.595145, 42.64080400000001], [-70.595316, 42.641081], [-70.595348, 42.64312399999997], [-70.59346699999999, 42.645144999999985], [-70.593065, 42.646187], [-70.592097, 42.647203999999974], [-70.591765, 42.64846499999998], [-70.592269, 42.64994799999999], [-70.59316799999999, 42.649981], [-70.59374799999999, 42.65030600000001], [-70.59500299999999, 42.650347], [-70.595097, 42.65087699999998], [-70.595468, 42.651196], [-70.595732, 42.651346], [-70.596406, 42.651272999999996], [-70.597204, 42.651964], [-70.597336, 42.65246199999999], [-70.597259, 42.65291799999999], [-70.596392, 42.65388], [-70.59544799999999, 42.654578000000015], [-70.59482799999999, 42.655365999999994], [-70.594611, 42.656002999999984], [-70.594674, 42.656498], [-70.59520200000001, 42.657661], [-70.597107, 42.657824], [-70.597409, 42.65808500000001], [-70.59717599999999, 42.65875499999999], [-70.596565, 42.658831000000006], [-70.59562, 42.65964100000001], [-70.59559, 42.660101000000026], [-70.59535699999999, 42.66050499999999], [-70.595846, 42.661034], [-70.59626399999999, 42.66110000000001], [-70.598478, 42.659898], [-70.599865, 42.659883], [-70.600354, 42.660408], [-70.600633, 42.66045400000001], [-70.600826, 42.660257], [-70.60161599999999, 42.66006599999999], [-70.602522, 42.659256], [-70.605001, 42.65906899999999], [-70.606867, 42.65867799999998], [-70.608603, 42.659054000000005], [-70.609347, 42.65953900000001], [-70.610013, 42.660223], [-70.61058700000001, 42.660215], [-70.611283, 42.659943999999996], [-70.611881, 42.66006199999998], [-70.611918, 42.659606], [-70.614032, 42.658387999999995], [-70.614535, 42.657731999999996], [-70.614961, 42.657641], [-70.615574, 42.658042], [-70.614474, 42.65850799999998], [-70.614598, 42.65881199999998], [-70.61514, 42.658902999999995], [-70.61502399999999, 42.658756000000004], [-70.61586, 42.658267], [-70.616334, 42.65872], [-70.61631799999999, 42.659026], [-70.61542, 42.65935], [-70.614823, 42.659155999999996], [-70.615366, 42.65958900000001], [-70.61473099999999, 42.65939100000001], [-70.614514, 42.65949799999998], [-70.614948, 42.65991899999998], [-70.614375, 42.660283], [-70.614035, 42.660833000000004], [-70.613562, 42.660934], [-70.612059, 42.660644000000005], [-70.61201299999999, 42.660798000000014], [-70.613818, 42.66122700000002], [-70.614677, 42.661156999999974], [-70.615375, 42.66084499999999], [-70.61668399999999, 42.66092100000001], [-70.617071, 42.660754000000004], [-70.61744999999999, 42.66035199999998], [-70.617465, 42.660028], [-70.61775899999999, 42.65987499999999], [-70.61763499999999, 42.659611000000005], [-70.617125, 42.659821], [-70.617055, 42.65937200000001], [-70.617813, 42.65922100000002], [-70.617852, 42.65951299999999], [-70.618015, 42.659565], [-70.618185, 42.659257000000004], [-70.618053, 42.65899700000001], [-70.619548, 42.658809999999995], [-70.620447, 42.65895899999999], [-70.62148499999999, 42.659363000000006], [-70.621586, 42.65956000000001], [-70.62128400000002, 42.659879], [-70.621393, 42.660346], [-70.622323, 42.660607], [-70.623269, 42.66123300000001], [-70.623555, 42.66175599999999], [-70.623673, 42.66286200000002], [-70.62324699999999, 42.66296299999999], [-70.623735, 42.663136], [-70.623635, 42.66354700000001], [-70.623341, 42.663812], [-70.622937, 42.66295399999999], [-70.622659, 42.66335399999999], [-70.622652, 42.66385799999999], [-70.62204, 42.66420900000001], [-70.62188499999999, 42.66453500000001], [-70.622126, 42.664888], [-70.623272, 42.665119], [-70.623761, 42.665570999999986], [-70.62373099999999, 42.665806], [-70.62338199999999, 42.66588700000002], [-70.623646, 42.66704099999997], [-70.62353, 42.667389], [-70.622422, 42.666589999999985], [-70.621578, 42.66658399999999], [-70.62105799999999, 42.666231], [-70.62070899999999, 42.666272000000006], [-70.62059400000001, 42.666534999999996], [-70.620764, 42.66686999999999], [-70.62178, 42.667567000000005], [-70.623153, 42.668947999999986], [-70.62299, 42.669481999999995], [-70.622332, 42.66947700000001], [-70.621898, 42.66927199999999], [-70.62172000000001, 42.669368999999996], [-70.621838, 42.671595999999994], [-70.62154400000001, 42.67210000000002], [-70.62087799999999, 42.67265000000002], [-70.62084, 42.672906999999995], [-70.621678, 42.674065999999996], [-70.621578, 42.674495], [-70.622113, 42.67487000000001], [-70.623199, 42.676296], [-70.62378799999999, 42.676612], [-70.62378, 42.67676000000001], [-70.623347, 42.677194], [-70.623502, 42.677440000000004], [-70.623092, 42.677639000000006], [-70.62312299999999, 42.677796], [-70.62267299999999, 42.677941999999994], [-70.622177, 42.677589000000005], [-70.621766, 42.67681599999999], [-70.622463, 42.676144000000015], [-70.621882, 42.676390999999995], [-70.621207, 42.67595899999998], [-70.62082, 42.67621699999999], [-70.620898, 42.67652600000001], [-70.620634, 42.676755000000014], [-70.620635, 42.67711100000001], [-70.62115399999999, 42.67773], [-70.621914, 42.678219000000006], [-70.622644, 42.679424], [-70.622536, 42.67981300000001], [-70.622885, 42.680488000000004], [-70.62297199999999, 42.68157600000002], [-70.622693, 42.68223700000001], [-70.621145, 42.68331299999999], [-70.61999899999999, 42.684656999999994], [-70.62016200000001, 42.684948], [-70.619759, 42.68524199999998], [-70.619892, 42.686343], [-70.619576, 42.687706999999996], [-70.62019599999999, 42.688383], [-70.62101, 42.68842500000001], [-70.622986, 42.68825299999999], [-70.623265, 42.68811899999999], [-70.623466, 42.68763], [-70.624008, 42.687559], [-70.62476, 42.687760000000004], [-70.626038, 42.68845299999998], [-70.62645599999999, 42.688825000000016], [-70.626595, 42.689233], [-70.626269, 42.689787], [-70.626532, 42.69084600000001], [-70.626748, 42.691023], [-70.626717, 42.69175299999999], [-70.62761499999999, 42.69224399999999], [-70.629475, 42.692704], [-70.63045199999999, 42.692758000000005], [-70.633568, 42.69179], [-70.636413, 42.69053400000001], [-70.63731299999999, 42.689715], [-70.637996, 42.688751], [-70.638964, 42.6883], [-70.63905799999999, 42.688041999999996], [-70.638818, 42.687594999999995], [-70.639872, 42.687459], [-70.64044299999999, 42.68721399999999], [-70.639606, 42.69503599999997], [-70.666326, 42.69309900000001], [-70.68794199999999, 42.692296], [-70.696088, 42.691415000000006], [-70.70898, 42.690916], [-70.722743, 42.691771], [-70.73709, 42.695973], [-70.747461, 42.70138800000001], [-70.759124, 42.708492], [-70.77470000000001, 42.720203999999995], [-70.775454, 42.722213999999994], [-70.781154, 42.73195200000003], [-70.78426, 42.736898000000004], [-70.790752, 42.75052899999997], [-70.791218, 42.753172], [-70.792999, 42.757731], [-70.794618, 42.762698], [-70.799698, 42.776329999999994], [-70.801476, 42.782748], [-70.803987, 42.793813], [-70.804059, 42.796453], [-70.80569799999999, 42.805440999999995], [-70.805999, 42.809340999999975], [-70.80590099999999, 42.811785], [-70.80860899999999, 42.811510000000006], [-70.808578, 42.814685000000004], [-70.80842299999999, 42.81590800000001], [-70.809952, 42.81861999999999], [-70.807341, 42.818661], [-70.809845, 42.825084999999994], [-70.810315, 42.827234999999995], [-70.811194, 42.833530999999994], [-70.811748, 42.842074999999966], [-70.812226, 42.844606999999996], [-70.813607, 42.85003700000003], [-70.81399200000001, 42.853950999999995], [-70.814129, 42.85743], [-70.814139, 42.862921], [-70.813831, 42.872391000000015], [-70.792495, 42.87329100000001], [-70.749494, 42.87469399999999], [-70.735005, 42.87468500000001], [-70.738642, 42.869254999999995], [-70.746282, 42.860842999999996], [-70.74883, 42.85883099999999], [-70.747134, 42.853712], [-70.746262, 42.850166000000016], [-70.746166, 42.84755500000001], [-70.745522, 42.844442999999984], [-70.743971, 42.843174000000005], [-70.74146, 42.839664000000006], [-70.739038, 42.83581799999999], [-70.737393, 42.83260699999999], [-70.736248, 42.82919400000001], [-70.735789, 42.82701900000001], [-70.73487399999999, 42.824477], [-70.734409, 42.818552999999994], [-70.734312, 42.81517300000001], [-70.734488, 42.81175800000001], [-70.733892, 42.808814], [-70.73388700000001, 42.806236], [-70.733655, 42.80365900000001], [-70.73414799999999, 42.79860500000001], [-70.73478, 42.795590999999995], [-70.737225, 42.787955999999994], [-70.731839, 42.77835699999999], [-70.73097, 42.77521200000001], [-70.73064699999999, 42.773338], [-70.728045, 42.767886999999995], [-70.726856, 42.764039000000004], [-70.725848, 42.75902000000001], [-70.721974, 42.754270999999996], [-70.720288, 42.75186299999997], [-70.71927, 42.75009499999998], [-70.71696, 42.74351699999999], [-70.71432399999999, 42.73191100000002], [-70.70258, 42.72416199999999], [-70.68293, 42.728829999999995], [-70.66131399999999, 42.73660999999999], [-70.64166399999999, 42.739723000000005], [-70.62594299999999, 42.739723999999995], [-70.590572, 42.73349999999999], [-70.549306, 42.72416399999999], [-70.52965499999999, 42.70704799999999], [-70.513934, 42.680594], [-70.506074, 42.65102999999999], [-70.502143, 42.63547099999999], [-70.502143, 42.624579], [-70.511968, 42.605907], [-70.521793, 42.593458999999996], [-70.531618, 42.584123], [-70.545374, 42.570119], [-70.56698899999999, 42.56078300000001], [-70.582709, 42.553004], [-70.596464, 42.540556], [-70.60629, 42.53121999999999], [-70.617339, 42.500099], [-70.640006, 42.43166], [-70.652005, 42.39293899999999], [-70.658723, 42.375097999999994], [-70.690393, 42.27899900000001], [-70.689025, 42.27238999999998], [-70.688773, 42.268331], [-70.688704, 42.263468], [-70.68406100000001, 42.25383599999999], [-70.676029, 42.250102000000005], [-70.66281, 42.24485099999999], [-70.648622, 42.23736], [-70.640113, 42.22837199999999], [-70.63633, 42.21638599999999], [-70.63633, 42.20290299999999], [-70.63916499999999, 42.19091899999998], [-70.642946, 42.178185], [-70.624482, 42.15722500000002], [-70.62258, 42.154424], [-70.608381, 42.13847900000001], [-70.499477, 42.130739000000005], [-70.41480299999999, 42.125097999999994], [-70.41145399999999, 42.125099], [-70.37447399999999, 42.12155], [-70.32252199999999, 42.11791499999998], [-70.27743, 42.114344999999986], [-70.253194, 42.125102999999996], [-70.249472, 42.126926000000005], [-70.229175, 42.131189], [-70.215587, 42.132785000000005], [-70.206221, 42.13305399999999], [-70.1954, 42.13154900000001], [-70.184474, 42.13383700000001], [-70.17254199999999, 42.13451500000001], [-70.15067599999999, 42.131465], [-70.135694, 42.127348999999995], [-70.130377, 42.126929000000004], [-70.124471, 42.12604100000001], [-70.120691, 42.12510099999998], [-70.067098, 42.10532699999998], [-70.040302, 42.09163400000001], [-70.011591, 42.073378], [-69.996279, 42.059687], [-69.969482, 42.029253999999995], [-69.954169, 42.00795500000001], [-69.94821, 42.00010599999999], [-69.940645, 41.992345], [-69.929109, 41.97847599999998], [-69.92302699999999, 41.967760999999996], [-69.917706, 41.95924699999999], [-69.909178, 41.94206200000001], [-69.902402, 41.922145999999984], [-69.89530500000001, 41.90675299999999], [-69.88001799999999, 41.86197800000001], [-69.877762, 41.85284599999999], [-69.876263, 41.84896999999999], [-69.874498, 41.842448000000005], [-69.87315, 41.838648000000006], [-69.872379, 41.831586], [-69.86949899999999, 41.826626999999995], [-69.866525, 41.81701100000002], [-69.86557499999999, 41.80767099999999], [-69.865779, 41.795636], [-69.865595, 41.790980000000005], [-69.862511, 41.773522], [-69.862366, 41.76631799999999], [-69.860058, 41.758503000000005], [-69.85984599999999, 41.75011000000002], [-69.85913000000001, 41.73649999999999], [-69.85886099999999, 41.720383], [-69.85895, 41.706916], [-69.86054, 41.69232599999999], [-69.862098, 41.68497099999998], [-69.862876, 41.67315300000002], [-69.86812499999999, 41.65679100000001], [-69.87106399999999, 41.65256699999999], [-69.874459, 41.645026000000016], [-69.884485, 41.630303000000005], [-69.889012, 41.625195999999995], [-69.888835, 41.625113], [-69.88942, 41.622694], [-69.891662, 41.617186000000004], [-69.898562, 41.60609599999999], [-69.907546, 41.596033000000006], [-69.915399, 41.58924300000001], [-69.916197, 41.58428899999998], [-69.919766, 41.574033], [-69.921517, 41.57090000000001], [-69.921345, 41.562281999999996], [-69.924632, 41.54464599999999], [-69.928994, 41.53215200000001], [-69.936401, 41.52193600000001], [-69.946613, 41.512152], [-69.958172, 41.50466], [-69.96743, 41.50011599999999], [-69.968606, 41.50011599999999], [-69.971289, 41.49887200000001], [-69.979776, 41.496567], [-69.988306, 41.49449599999999], [-69.994377, 41.493663], [-69.99816899999999, 41.493399], [-69.99945799999999, 41.49111800000001], [-69.99945799999999, 41.490527], [-70.013862, 41.47743899999999], [-70.02367699999999, 41.471948], [-70.040313, 41.46596], [-70.055437, 41.46410999999999], [-70.073742, 41.465019999999996], [-70.084904, 41.467493], [-70.101508, 41.474444], [-70.11439399999999, 41.484083000000005], [-70.12259499999999, 41.494499000000005], [-70.124461, 41.498521], [-70.124924, 41.500115], [-70.126677, 41.50369799999999], [-70.127962, 41.509674], [-70.128764, 41.51769199999999], [-70.128554, 41.52473200000001], [-70.126792, 41.530878000000016], [-70.122559, 41.537833], [-70.116719, 41.54499300000001], [-70.10952, 41.551482], [-70.102029, 41.556352000000004], [-70.086572, 41.562447999999996], [-70.080316, 41.564454], [-70.073586, 41.57770800000001], [-70.068572, 41.58522], [-70.063352, 41.59017299999999], [-70.06469899999999, 41.59323000000001], [-70.068046, 41.602954000000004], [-70.068289, 41.606548000000004], [-70.051107, 41.639916], [-70.039953, 41.663003999999994], [-70.03976999999999, 41.663024], [-70.037491, 41.66731400000002], [-70.037103, 41.666735999999986], [-70.03727099999999, 41.66757599999998], [-70.036897, 41.66796], [-70.037241, 41.668223999999995], [-70.037461, 41.66820800000001], [-70.037322, 41.66868499999998], [-70.036861, 41.66824], [-70.036304, 41.66804300000001], [-70.03372000000002, 41.667943], [-70.032072, 41.667640999999996], [-70.031194, 41.667827], [-70.029136, 41.667728], [-70.02906999999999, 41.66803500000001], [-70.027562, 41.668392], [-70.027627, 41.668507], [-70.027188, 41.66870499999999], [-70.024947, 41.669171], [-70.024896, 41.669385], [-70.023731, 41.669774000000004], [-70.020568, 41.67010299999999], [-70.018152, 41.669975], [-70.017288, 41.66967299999998], [-70.016708, 41.67086400000001], [-70.015829, 41.671468], [-70.01559499999999, 41.671819000000006], [-70.012299, 41.67222400000001], [-70.01009499999999, 41.672141000000025], [-70.008031, 41.671805], [-70.004363, 41.670677999999995], [-70.002892, 41.669854], [-70.001391, 41.66971499999999], [-69.99832599999999, 41.66826999999999], [-69.99239899999999, 41.664792], [-69.990663, 41.663475], [-69.988047, 41.660874], [-69.98496999999999, 41.658486999999994], [-69.98392199999999, 41.657378999999985], [-69.98360000000001, 41.657247], [-69.980888, 41.65709100000001], [-69.980532, 41.656298], [-69.979024, 41.655514], [-69.977214, 41.65399399999998], [-69.97573899999999, 41.65379600000001], [-69.970398, 41.645484], [-69.970972, 41.64500299999999], [-69.970738, 41.64414099999999], [-69.97026199999999, 41.643756000000025], [-69.96912, 41.64377900000001], [-69.969171, 41.643454999999996], [-69.97045899999999, 41.642488000000014], [-69.970158, 41.642130999999985], [-69.96911899999999, 41.64200000000001], [-69.969214, 41.641802], [-69.96969000000001, 41.64161600000002], [-69.971197, 41.641835], [-69.972112, 41.64169199999999], [-69.974841, 41.64008199999998], [-69.976187, 41.638599000000006], [-69.976553, 41.637918], [-69.976691, 41.636974], [-69.976427, 41.63605700000001], [-69.97568799999999, 41.63582099999999], [-69.974773, 41.636205999999994], [-69.97456799999999, 41.636118], [-69.975073, 41.63539899999999], [-69.97590699999999, 41.63504200000001], [-69.976119, 41.63471800000001], [-69.97683599999999, 41.63450899999999], [-69.977604, 41.633581], [-69.977633, 41.63333899999999], [-69.97649799999999, 41.63269700000001], [-69.976359, 41.63245499999999], [-69.977259, 41.632152999999995], [-69.977559, 41.631883999999985], [-69.977513, 41.62954000000001], [-69.97745499999999, 41.629293], [-69.977045, 41.628941], [-69.976137, 41.628854000000004], [-69.976415, 41.62847999999999], [-69.97638599999999, 41.62804099999999], [-69.97523699999999, 41.627679000000015], [-69.97618, 41.62757499999999], [-69.977139, 41.62688299999999], [-69.977504, 41.626103], [-69.977094, 41.62548799999999], [-69.977401, 41.625362], [-69.97737099999999, 41.625115], [-69.977805, 41.624682], [-69.978771, 41.624236999999994], [-69.97937499999999, 41.62375799999999], [-69.980946, 41.62429300000001], [-69.982513, 41.624093], [-69.984017, 41.622167999999995], [-69.98407399999999, 41.61985499999998], [-69.98272399999999, 41.618013000000005], [-69.980364, 41.61683000000001], [-69.979687, 41.615857999999996], [-69.979686, 41.61412899999997], [-69.98026200000001, 41.61197099999999], [-69.981044, 41.611092], [-69.982609, 41.61005900000001], [-69.984723, 41.60917500000001], [-69.987246, 41.60870699999999], [-69.988182, 41.608129999999996], [-69.989088, 41.60710299999999], [-69.989542, 41.60719000000001], [-69.990112, 41.60700899999999], [-69.990836, 41.605965], [-69.990805, 41.60459299999999], [-69.991207, 41.604054999999995], [-69.991783, 41.602543999999995], [-69.991239, 41.598449], [-69.99131, 41.59679100000002], [-69.991038, 41.594501000000015], [-69.991844, 41.588867999999984], [-69.991505, 41.58568899999999], [-69.991575, 41.581796000000004], [-69.991721, 41.580895999999996], [-69.992355, 41.579342000000004], [-69.992187, 41.578749], [-69.992587, 41.577062999999995], [-69.99331, 41.57538799999999], [-69.993623, 41.574784], [-69.994354, 41.574092], [-69.995084, 41.573082], [-69.9955, 41.57164300000001], [-69.99626599999999, 41.57016600000001], [-69.996433, 41.56940799999999], [-69.997091, 41.568606], [-69.99766699999999, 41.56724899999998], [-70.000495, 41.564071], [-70.00104499999999, 41.562776000000014], [-70.001769, 41.561837], [-70.00392699999999, 41.559873], [-70.005208, 41.558221], [-70.006502, 41.557534999999994], [-70.009839, 41.55317199999998], [-70.010424, 41.552673], [-70.011162, 41.552436999999976], [-70.013033, 41.55251500000001], [-70.013406, 41.552722999999986], [-70.013165, 41.55283300000001], [-70.01183499999999, 41.55264], [-70.011601, 41.552728], [-70.011695, 41.55293700000001], [-70.01222899999999, 41.553129000000006], [-70.014772, 41.55325599999998], [-70.015935, 41.552674999999994], [-70.016579, 41.551587999999995], [-70.016843, 41.550748], [-70.016705, 41.54943000000001], [-70.01599, 41.54764000000001], [-70.015289, 41.546471000000004], [-70.014376, 41.545389], [-70.012273, 41.54336199999999], [-70.010549, 41.54261999999999], [-70.00948199999999, 41.54239399999999], [-70.006457, 41.542162000000005], [-70.00389899999999, 41.54219399999999], [-70.002123, 41.54249500000001], [-69.999456, 41.543217000000006], [-69.997959, 41.544124000000004], [-69.99484799999999, 41.546931], [-69.993212, 41.548140000000004], [-69.990262, 41.55148499999999], [-69.98872899999999, 41.553950999999984], [-69.988263, 41.555022], [-69.987658, 41.558223], [-69.987543, 41.560606], [-69.987642, 41.565580000000004], [-69.987099, 41.571197], [-69.987319, 41.572542000000006], [-69.98702, 41.573650999999984], [-69.98743999999999, 41.576764000000004], [-69.98744099999999, 41.57916899999999], [-69.98715, 41.579904], [-69.986436, 41.583572], [-69.986502, 41.58404499999999], [-69.985598, 41.587454], [-69.985547, 41.58815199999999], [-69.983729, 41.59229800000001], [-69.983036, 41.594356999999995], [-69.98295, 41.595805999999996], [-69.982563, 41.59751899999999], [-69.982564, 41.598596], [-69.98075299999999, 41.603362], [-69.980572, 41.605865999999985], [-69.9802, 41.60747999999999], [-69.980223, 41.60841300000001], [-69.97971199999999, 41.60992299999999], [-69.979034, 41.61311399999999], [-69.97839900000001, 41.61507399999998], [-69.97733199999999, 41.616661], [-69.97640500000001, 41.62081200000002], [-69.975762, 41.62230000000002], [-69.974402, 41.62389799999999], [-69.973817, 41.62487], [-69.97343599999999, 41.62647200000001], [-69.97226599999999, 41.629376999999984], [-69.970556, 41.632748], [-69.968718, 41.63695899999999], [-69.956885, 41.63971999999999], [-69.95618499999999, 41.639317999999996], [-69.95549, 41.639324], [-69.954487, 41.639752], [-69.953141, 41.640812], [-69.95264999999999, 41.641575], [-69.951831, 41.642097], [-69.951019, 41.64238799999999], [-69.95120899999999, 41.641932000000004], [-69.952328, 41.641141999999995], [-69.952848, 41.640449999999994], [-69.952255, 41.640471999999995], [-69.950777, 41.641548], [-69.950001, 41.642454], [-69.948677, 41.64463900000001], [-69.947952, 41.645073000000004], [-69.946716, 41.64723099999999], [-69.946108, 41.648796000000004], [-69.945025, 41.650196000000015], [-69.94430799999999, 41.651794], [-69.943613, 41.65224899999999], [-69.94299, 41.65309], [-69.941651, 41.656071], [-69.94106, 41.65784499999999], [-69.940724, 41.658216], [-69.939491, 41.66072299999999], [-69.938965, 41.66233400000001], [-69.93862899999999, 41.662907999999995], [-69.936467, 41.665761], [-69.934215, 41.66815700000001], [-69.933195, 41.66966800000001], [-69.931722, 41.676988000000016], [-69.930499, 41.68114000000002], [-69.930331, 41.682309], [-69.929796, 41.683510999999996], [-69.92965699999999, 41.685093], [-69.929408, 41.685779], [-69.9294, 41.686685000000004], [-69.92907799999999, 41.687141], [-69.928748, 41.688601], [-69.928719, 41.690067], [-69.928265, 41.692246000000004], [-69.92839599999999, 41.69267500000001], [-69.928206, 41.69428300000001], [-69.928147, 41.69715999999999], [-69.928337, 41.697748000000004], [-69.92798499999999, 41.70507200000001], [-69.928043, 41.70841], [-69.928321, 41.71116599999999], [-69.928181, 41.71662299999998], [-69.928355, 41.72246700000001], [-69.92356199999999, 41.72205699999999], [-69.924303, 41.734299000000014], [-69.924443, 41.743951], [-69.92488, 41.751647999999996], [-69.92549199999999, 41.754788000000026], [-69.925587, 41.75752400000001], [-69.926475, 41.761701999999985], [-69.92652799999999, 41.76369100000001], [-69.926219, 41.76604799999999], [-69.928538, 41.780927], [-69.928696, 41.78474699999999], [-69.929778, 41.798286000000004], [-69.930398, 41.801291], [-69.930572, 41.804421000000005], [-69.93097999999999, 41.80583300000001], [-69.930712, 41.808408], [-69.930782, 41.808944000000004], [-69.932067, 41.811552999999996], [-69.935354, 41.816264000000004], [-69.935394, 41.816507], [-69.93475699999999, 41.81750000000001], [-69.934736, 41.81923899999999], [-69.93550900000001, 41.82542500000002], [-69.93862, 41.839428000000005], [-69.95017899999999, 41.87510699999999], [-69.951017, 41.878484], [-69.95223399999999, 41.880784], [-69.952905, 41.884547999999995], [-69.955619, 41.892379999999996], [-69.957701, 41.89663800000002], [-69.95814399999999, 41.898179999999996], [-69.96140799999999, 41.906563], [-69.967249, 41.920307000000015], [-69.969681, 41.927763000000006], [-69.97111199999999, 41.930977], [-69.97289200000002, 41.934045000000005], [-69.978841, 41.946604000000015], [-69.983311, 41.944618999999975], [-69.984464, 41.94700000000001], [-69.98608399999999, 41.94954200000002], [-69.990555, 41.957461], [-69.991373, 41.958510000000025], [-69.993273, 41.961561], [-69.995041, 41.963921], [-69.995645, 41.96523299999999], [-70.00034, 41.972303000000004], [-70.001589, 41.97451099999999], [-70.001919, 41.975466999999995], [-70.002059, 41.975522], [-70.002118, 41.97513700000001], [-70.002302, 41.97521400000001], [-70.004374, 41.977987999999996], [-70.009401, 41.98537399999999], [-70.011363, 41.98914599999999], [-70.012863, 41.990635], [-70.01375300000001, 41.991794000000006], [-70.013885, 41.99232099999998], [-70.016098, 41.994983999999995], [-70.016289, 41.995632000000015], [-70.01798, 41.99835], [-70.019562, 41.999926], [-70.019993, 42.000664], [-70.02333899999999, 42.004688999999985], [-70.024369, 42.006474000000004], [-70.025914, 42.008593999999995], [-70.026885, 42.009588], [-70.02830399999999, 42.011433], [-70.02962099999999, 42.01262399999997], [-70.03071, 42.014210999999996], [-70.034161, 42.018275], [-70.036616, 42.02066000000001], [-70.03372499999999, 42.023767], [-70.03660599999999, 42.02684800000001], [-70.04587699999999, 42.035866000000006], [-70.053293, 42.041185999999975], [-70.060014, 42.04665800000001], [-70.07956200000001, 42.05733300000001], [-70.08744800000001, 42.061426999999995], [-70.101064, 42.06671100000001], [-70.10728499999999, 42.068746000000004], [-70.11309299999999, 42.07132299999999], [-70.11777099999999, 42.072022], [-70.12447, 42.07341], [-70.135981, 42.07625699999999], [-70.139786, 42.07755100000001], [-70.153566, 42.080504000000005], [-70.160775, 42.08285999999998], [-70.181347, 42.085419], [-70.185298, 42.08560899999999], [-70.20150000000001, 42.085494], [-70.208865, 42.085066000000005], [-70.217788, 42.08387300000001], [-70.221403, 42.08321000000001], [-70.23208199999999, 42.08024899999999], [-70.23392199999999, 42.079527000000006], [-70.237504, 42.077737000000006], [-70.24113899999999, 42.075553000000006], [-70.244574, 42.07279299999999], [-70.24879, 42.067702000000004], [-70.24959199999999, 42.06578999999999], [-70.250188, 42.06336700000001], [-70.248424, 42.05949], [-70.245211, 42.05695599999998], [-70.241179, 42.055583], [-70.238584, 42.055032], [-70.235691, 42.05381500000001], [-70.23209299999999, 42.05151600000001], [-70.221325, 42.041947], [-70.21928, 42.037741999999994], [-70.216999, 42.03365000000001], [-70.212267, 42.028549999999996], [-70.19869, 42.01821400000001], [-70.196212, 42.017622], [-70.192571, 42.017019999999995], [-70.186358, 42.017064999999995], [-70.183083, 42.01738599999997], [-70.181763, 42.017843000000006], [-70.176349, 42.019183999999996], [-70.17367899999999, 42.02040399999999], [-70.168568, 42.02449400000001], [-70.163518, 42.029774999999994], [-70.162446, 42.03193100000001], [-70.162063, 42.034014000000006], [-70.162684, 42.035819000000004], [-70.163798, 42.037181000000004], [-70.165368, 42.037940000000006], [-70.147545, 42.03949100000002], [-70.147534, 42.056726000000005], [-70.143682, 42.05604500000001], [-70.140014, 42.05476700000002], [-70.133834, 42.05303500000001], [-70.129144, 42.05143500000001], [-70.117753, 42.045791], [-70.112845, 42.042909], [-70.10623199999999, 42.037684], [-70.100853, 42.03241099999999], [-70.094132, 42.02291799999999], [-70.09024699999999, 42.014998999999996], [-70.087769, 42.007742000000015], [-70.086745, 41.991600000000005], [-70.085262, 41.955936], [-70.085397, 41.93562699999999], [-70.082652, 41.87039599999998], [-70.040979, 41.87582299999999], [-70.040504, 41.865774], [-70.040719, 41.854262999999996], [-70.040724, 41.835992000000005], [-70.041185, 41.816371000000004], [-70.03976399999999, 41.81536100000002], [-70.007448, 41.799792999999994], [-70.00751, 41.79965299999999], [-70.00885699999999, 41.800294], [-70.00954, 41.799662999999995], [-70.011161, 41.799257999999966], [-70.011661, 41.798807999999994], [-70.01227700000001, 41.798939999999995], [-70.014229, 41.79802399999999], [-70.014428, 41.797381], [-70.01417099999999, 41.797261], [-70.013929, 41.79747399999999], [-70.013586, 41.797444999999996], [-70.01343, 41.796745], [-70.013812, 41.797321], [-70.014245, 41.79687099999999], [-70.01527899999999, 41.796783000000005], [-70.01590999999999, 41.796377], [-70.017144, 41.79444499999998], [-70.01845, 41.793918999999995], [-70.019545, 41.79243099999999], [-70.020066, 41.79222300000001], [-70.020645, 41.791707], [-70.021204, 41.790690999999995], [-70.02232599999999, 41.789961999999996], [-70.02253999999999, 41.789523], [-70.022166, 41.788962], [-70.021146, 41.788501], [-70.02085300000002, 41.78809999999999], [-70.02145399999999, 41.788216], [-70.02203399999999, 41.78797999999999], [-70.022606, 41.788424999999975], [-70.022885, 41.788974], [-70.023083, 41.788721], [-70.022965, 41.78833799999999], [-70.024641, 41.787413], [-70.02501300000002, 41.78753], [-70.026333, 41.78711299999999], [-70.02726500000001, 41.787059000000006], [-70.028189, 41.786565], [-70.029246, 41.78633500000002], [-70.029899, 41.785802000000004], [-70.03111, 41.785210000000006], [-70.03163099999999, 41.78513299999999], [-70.033553, 41.78408499999999], [-70.034162, 41.784003000000006], [-70.034712, 41.783596999999986], [-70.040992, 41.781297], [-70.041681, 41.780814000000014], [-70.04449799999999, 41.779629000000014], [-70.045855, 41.77929400000001], [-70.04899499999999, 41.77807000000001], [-70.050696, 41.77774699999999], [-70.05107, 41.77745600000001], [-70.052075, 41.77711000000001], [-70.05264, 41.77709300000001], [-70.054958, 41.77604499999999], [-70.0566, 41.775610999999984], [-70.065299, 41.77262999999999], [-70.06733, 41.77220200000001], [-70.069017, 41.77208100000001], [-70.07010199999999, 41.772498000000006], [-70.07068199999999, 41.773135], [-70.072457, 41.772937], [-70.073131, 41.77308000000001], [-70.074224, 41.772476], [-70.074488, 41.77254199999999], [-70.07557299999999, 41.772146000000006], [-70.076996, 41.77190399999999], [-70.080223, 41.770058999999996], [-70.082752, 41.768999], [-70.083764, 41.768983000000006], [-70.085737, 41.76840599999999], [-70.087717, 41.76840500000002], [-70.090217, 41.768701000000014], [-70.091039, 41.768619], [-70.09754199999999, 41.766009000000004], [-70.101677, 41.764712], [-70.101772, 41.764810999999995], [-70.10656, 41.763206], [-70.108957, 41.762606], [-70.110145, 41.762803], [-70.11126, 41.76267100000001], [-70.114837, 41.761462], [-70.115056, 41.760687999999995], [-70.114272, 41.761023], [-70.11403, 41.760792], [-70.114293, 41.760101], [-70.114256, 41.759650000000015], [-70.114886, 41.759085000000006], [-70.115707, 41.758963], [-70.115472, 41.75828299999999], [-70.11579499999999, 41.75798599999998], [-70.11586799999999, 41.757591000000005], [-70.11564, 41.75744299999998], [-70.11564, 41.757185], [-70.115236, 41.75666899999999], [-70.114745, 41.756691], [-70.11434899999999, 41.75641100000001], [-70.114656, 41.755972], [-70.11524299999999, 41.755593], [-70.115169, 41.755472000000005], [-70.11473699999999, 41.755526999999994], [-70.115228, 41.755335], [-70.115374, 41.755384000000014], [-70.11534499999999, 41.755713], [-70.114613, 41.75619100000001], [-70.11451, 41.756422], [-70.115346, 41.756603], [-70.115955, 41.75750300000002], [-70.115927, 41.758079], [-70.11562599999999, 41.75831], [-70.115824, 41.758512999999994], [-70.115898, 41.75907300000001], [-70.114886, 41.7592], [-70.114417, 41.75965], [-70.114499, 41.760177000000006], [-70.114316, 41.7606], [-70.11445499999999, 41.76080899999999], [-70.11513, 41.760506], [-70.115892, 41.760649], [-70.116552, 41.760982999999996], [-70.117249, 41.760922999999984], [-70.119323, 41.760191], [-70.120481, 41.75939499999998], [-70.122028, 41.759043], [-70.12214, 41.758833999999986], [-70.124015, 41.758722999999996], [-70.124082, 41.758987999999995], [-70.126975, 41.758916], [-70.128283, 41.75910499999999], [-70.129566, 41.759451999999996], [-70.131047, 41.759584000000004], [-70.131861, 41.75993], [-70.13374499999999, 41.760194999999975], [-70.134244, 41.760459000000004], [-70.134742, 41.760365], [-70.136239, 41.75962500000001], [-70.137903, 41.759302000000005], [-70.138402, 41.759335], [-70.139054, 41.759736000000004], [-70.140183, 41.759873999999996], [-70.140894, 41.76018700000001], [-70.142889, 41.75965499999999], [-70.143644, 41.75963900000001], [-70.147532, 41.75778999999999], [-70.150472, 41.756792], [-70.152562, 41.756573], [-70.15381599999999, 41.75683099999998], [-70.15413099999999, 41.757035], [-70.153851, 41.75644099999999], [-70.156055, 41.756172000000014], [-70.15602299999999, 41.75645900000001], [-70.156228, 41.756492], [-70.15853, 41.755971], [-70.160319, 41.756266999999994], [-70.16309799999999, 41.75556499999999], [-70.163971, 41.755878], [-70.16551, 41.75591199999999], [-70.166962, 41.75526999999999], [-70.169837, 41.754326], [-70.171193, 41.754237999999994], [-70.172373, 41.75358999999999], [-70.17426499999999, 41.75286099999998], [-70.177806, 41.75170799999999], [-70.18325399999999, 41.750643], [-70.185453, 41.750440000000005], [-70.187462, 41.75073700000001], [-70.188114, 41.751383999999995], [-70.189104, 41.75185600000002], [-70.189075, 41.752005], [-70.18851, 41.752213000000005], [-70.18865699999999, 41.752306999999995], [-70.192235, 41.751099], [-70.19462, 41.75010899999999], [-70.21646299999999, 41.742781999999984], [-70.21861799999999, 41.74190800000001], [-70.222875, 41.739486], [-70.22458999999999, 41.738991000000006], [-70.22443600000001, 41.738820999999994], [-70.22469199999999, 41.73862299999999], [-70.225967, 41.73833699999999], [-70.225835, 41.73809], [-70.23289799999999, 41.734376000000005], [-70.234327, 41.73372200000001], [-70.235199, 41.733513], [-70.23736699999999, 41.731722999999995], [-70.240084, 41.72894899999999], [-70.240589, 41.72814700000001], [-70.240698, 41.72736200000002], [-70.239282, 41.726989], [-70.23925899999999, 41.725516000000006], [-70.242952, 41.724369], [-70.244807, 41.72438399999999], [-70.24721699999999, 41.72381199999998], [-70.24792699999999, 41.723109], [-70.249665, 41.72262100000001], [-70.249856, 41.72233], [-70.250186, 41.72230899999999], [-70.250325, 41.721824999999995], [-70.250912, 41.72154000000001], [-70.25081, 41.720980000000026], [-70.25002599999999, 41.720118], [-70.250159, 41.719694999999994], [-70.25098, 41.71883400000004], [-70.25101, 41.718487999999994], [-70.25037999999999, 41.71842199999999], [-70.24895599999999, 41.71901299999999], [-70.248333, 41.719057], [-70.247901, 41.719431], [-70.247007, 41.719382], [-70.246817, 41.719058000000004], [-70.246399, 41.719009], [-70.246319, 41.719442000000015], [-70.245857, 41.719542], [-70.24568099999999, 41.71918999999998], [-70.245402, 41.719031], [-70.245476, 41.719266999999995], [-70.245132, 41.719575000000006], [-70.245527, 41.71978300000001], [-70.245454, 41.71995900000002], [-70.244986, 41.720014000000006], [-70.244978, 41.72021699999999], [-70.244692, 41.719916], [-70.24536599999999, 41.71982199999999], [-70.244912, 41.71949800000001], [-70.245249, 41.719201999999996], [-70.24516, 41.718872], [-70.24553399999999, 41.718855999999995], [-70.24609099999999, 41.71939900000002], [-70.24614199999999, 41.71903599999999], [-70.24638399999999, 41.718784], [-70.246875, 41.718876999999985], [-70.24710999999999, 41.71916199999999], [-70.247755, 41.719189000000014], [-70.24818599999999, 41.71829400000001], [-70.247688, 41.71800299999999], [-70.247519, 41.71806399999999], [-70.24733599999999, 41.718508999999976], [-70.246933, 41.71844799999998], [-70.246603, 41.718146999999995], [-70.246208, 41.718268], [-70.245936, 41.718142], [-70.246017, 41.717938], [-70.245789, 41.717538], [-70.245599, 41.717549], [-70.245702, 41.717867], [-70.245152, 41.717735999999995], [-70.24483599999999, 41.71708800000001], [-70.245217, 41.71732899999999], [-70.245232, 41.717642], [-70.245569, 41.717417000000005], [-70.245972, 41.717433], [-70.246178, 41.717663999999985], [-70.2462, 41.71805400000001], [-70.24679400000001, 41.718030999999975], [-70.24706499999999, 41.71835500000002], [-70.247299, 41.71827800000001], [-70.247394, 41.717794999999995], [-70.248391, 41.718096], [-70.24837, 41.718809999999976], [-70.25095200000001, 41.718081999999995], [-70.251464, 41.718428], [-70.251479, 41.718773999999996], [-70.250481, 41.720036], [-70.250671, 41.720184], [-70.251323, 41.720152], [-70.252482, 41.71955899999999], [-70.25273899999999, 41.719104000000016], [-70.252697, 41.718667], [-70.25391499999999, 41.717689000000014], [-70.25416899999999, 41.717748000000014], [-70.25509199999999, 41.717211], [-70.255796, 41.71634400000001], [-70.25713, 41.71598199999999], [-70.258157, 41.715439], [-70.259423, 41.71399200000001], [-70.263025, 41.714016000000015], [-70.26384, 41.714258], [-70.26766599999999, 41.716933], [-70.272289, 41.72134600000001], [-70.274472, 41.72406399999999], [-70.274147, 41.724761], [-70.274564, 41.725508000000005], [-70.27508399999999, 41.726024], [-70.2757, 41.72646399999999], [-70.277883, 41.72743600000001], [-70.27957599999999, 41.72806800000001], [-70.28173699999999, 41.728485], [-70.28439, 41.729358999999995], [-70.28641999999999, 41.730276], [-70.28799500000001, 41.73130299999998], [-70.288442, 41.73207700000001], [-70.28887399999999, 41.731922999999966], [-70.291271, 41.733401], [-70.29173899999999, 41.733867], [-70.29127, 41.733791], [-70.289673, 41.73274200000001], [-70.289343, 41.73273599999999], [-70.290025, 41.73328000000001], [-70.2902, 41.733625999999994], [-70.28853699999999, 41.73287299999999], [-70.28814899999999, 41.732302000000004], [-70.28778199999999, 41.73231900000001], [-70.287628, 41.73247799999999], [-70.288815, 41.733377999999995], [-70.290948, 41.734268], [-70.29484699999999, 41.73469099999999], [-70.296027, 41.735273], [-70.297874, 41.73544399999998], [-70.300366, 41.735262999999996], [-70.30806199999999, 41.73560899999998], [-70.313405, 41.73553700000001], [-70.34822, 41.73655700000001], [-70.352486, 41.73696200000001], [-70.357345, 41.737141], [-70.36549699999999, 41.737972000000006], [-70.373415, 41.738388000000015], [-70.374602, 41.73850499999999], [-70.374831, 41.73867699999999], [-70.37620199999999, 41.73894699999999], [-70.39012, 41.74057200000001], [-70.41040000000001, 41.74396500000001], [-70.413493, 41.74472900000001], [-70.418448, 41.74563], [-70.425427, 41.747353999999994], [-70.427714, 41.74846300000001], [-70.428601, 41.747530000000005], [-70.42884099999999, 41.74768799999999], [-70.428564, 41.74806800000001], [-70.428476, 41.74855699999997], [-70.429649, 41.749188], [-70.433905, 41.750452999999986], [-70.446067, 41.753664], [-70.449777, 41.754981000000015], [-70.457256, 41.75730700000002], [-70.464325, 41.75978200000001], [-70.471856, 41.761717000000004], [-70.474144, 41.763012], [-70.474496, 41.763627], [-70.474629, 41.764258], [-70.474138, 41.764698], [-70.474277, 41.764762999999995], [-70.474707, 41.764396000000005], [-70.47533899999999, 41.764962000000004], [-70.47448299999999, 41.76577899999999], [-70.474578, 41.765856], [-70.475458, 41.765059], [-70.48080399999999, 41.766747999999986], [-70.483232, 41.76792700000001], [-70.484472, 41.768838], [-70.48549899999999, 41.769343], [-70.486783, 41.770193], [-70.487048, 41.770835000000005], [-70.487899, 41.77133999999999], [-70.492931, 41.773258999999975], [-70.494993, 41.77513000000001], [-70.493094, 41.77575100000001], [-70.49315299999999, 41.77584999999999], [-70.49525, 41.775179], [-70.49439699999999, 41.77791499999999], [-70.49456300000001, 41.77830900000001], [-70.496691, 41.778873000000004], [-70.49777, 41.779547999999984], [-70.50062299999999, 41.78066400000001], [-70.502909, 41.78233399999999], [-70.506824, 41.78474], [-70.512484, 41.787614000000005], [-70.51533599999999, 41.78936599999997], [-70.518254, 41.79164], [-70.519442, 41.793254], [-70.522308, 41.795989], [-70.525652, 41.798323], [-70.531446, 41.80344600000001], [-70.53245, 41.804472999999994], [-70.533594, 41.80608700000002], [-70.53446699999999, 41.80697099999998], [-70.537364, 41.81066700000001], [-70.525164, 41.821523], [-70.520343, 41.837859], [-70.516363, 41.85803699999999], [-70.516381, 41.87510499999999], [-70.516638, 41.88736200000001], [-70.517068, 41.89611900000001], [-70.517669, 41.90366099999999], [-70.51887099999999, 41.91177799999999], [-70.520588, 41.917275000000004], [-70.522863, 41.92248500000001], [-70.528504, 41.93211200000002], [-70.534267, 41.94105800000002], [-70.53963999999999, 41.947965], [-70.552005, 41.966852999999986], [-70.559478, 41.97582800000001], [-70.569636, 41.985088], [-70.579026, 41.993208], [-70.59129, 41.999761000000014], [-70.59742299999999, 42.006742], [-70.598554, 42.01367700000001], [-70.602953, 42.025846999999985], [-70.608105, 42.037786000000004], [-70.614905, 42.04911099999999], [-70.622529, 42.06013200000001], [-70.62603299999999, 42.06655999999999], [-70.62872399999999, 42.073549], [-70.629803, 42.077186000000005], [-70.63104899999999, 42.08310599999999], [-70.635498, 42.093979999999995], [-70.63928899999999, 42.09976299999999], [-70.643261, 42.104434000000005], [-70.65157099999999, 42.110898], [-70.665672, 42.12497299999999], [-70.66957099999999, 42.12939499999999], [-70.675077, 42.13619899999999], [-70.678461, 42.14074799999999], [-70.684741, 42.151], [-70.691099, 42.163671], [-70.694278, 42.17105699999999], [-70.69951499999999, 42.19117800000002], [-70.702351, 42.199456], [-70.732356, 42.25010099999999], [-70.74948599999999, 42.291165], [-70.751049, 42.293114], [-70.749487, 42.29535600000001], [-70.67569, 42.375097999999994], [-70.72921199999999, 42.373848], [-70.749488, 42.35177799999999], [-70.80034599999999, 42.29311299999998], [-70.812331, 42.29331199999999], [-70.823568, 42.293254999999995], [-70.850523, 42.29348], [-70.851016, 42.338266999999995], [-70.851191, 42.372499], [-70.749488, 42.37333999999999], [-70.748847, 42.373751999999996], [-70.748802, 42.400211999999996], [-70.749487, 42.400819999999996], [-70.85143599999999, 42.393209000000006], [-70.854528, 42.39950700000001], [-70.859212, 42.404323999999995], [-70.86791099999999, 42.410375000000016], [-70.88062400000001, 42.41766199999999], [-70.888486, 42.422849], [-70.902873, 42.43445700000001], [-70.905993, 42.43829699999999]], [[-70.620475, 42.66478999999999], [-70.62034299999999, 42.664547999999996], [-70.619925, 42.664685000000006], [-70.61990999999999, 42.665139999999994], [-70.62025899999999, 42.665170999999994], [-70.620475, 42.66478999999999]], [[-70.59212699999999, 42.629513], [-70.59196399999999, 42.62880800000001], [-70.59214899999999, 42.62781], [-70.591948, 42.627610999999995], [-70.590105, 42.62715399999999], [-70.589207, 42.626419], [-70.588889, 42.626343000000006], [-70.588037, 42.62641299999999], [-70.58744999999999, 42.627137000000005], [-70.587372, 42.62766100000001], [-70.58792199999999, 42.62874699999999], [-70.588155, 42.63010399999999], [-70.588814, 42.62997299999999], [-70.59020699999999, 42.62896299999999], [-70.59078699999999, 42.62900399999999], [-70.591725, 42.62949999999999], [-70.59212699999999, 42.629513]], [[-70.59395599999999, 42.66052399999999], [-70.593661, 42.66015], [-70.593792, 42.659787999999985], [-70.593288, 42.659169], [-70.591313, 42.65872799999999], [-70.590476, 42.658844000000016], [-70.59017399999999, 42.658479], [-70.589942, 42.658449999999995], [-70.589323, 42.65987700000001], [-70.58763499999999, 42.66131900000002], [-70.58738699999999, 42.66194799999999], [-70.587395, 42.662551999999984], [-70.587992, 42.66300299999999], [-70.589192, 42.66276500000001], [-70.589828, 42.66252199999998], [-70.59148499999999, 42.661378000000006], [-70.59204199999999, 42.66123499999999], [-70.59298799999999, 42.661366], [-70.593638, 42.660965], [-70.59395599999999, 42.66052399999999]], [[-70.580507, 42.635599000000006], [-70.578927, 42.634572], [-70.578261, 42.634571999999984], [-70.57767299999999, 42.63487699999998], [-70.575752, 42.634958], [-70.575637, 42.63588700000001], [-70.57475400000001, 42.636240999999984], [-70.573995, 42.636936000000006], [-70.573902, 42.63738299999999], [-70.57412699999999, 42.637767000000004], [-70.573701, 42.638115], [-70.573492, 42.638789], [-70.573655, 42.6393], [-70.573307, 42.63957500000001], [-70.57336099999999, 42.63983999999999], [-70.574158, 42.63992399999999], [-70.575088, 42.63978], [-70.577596, 42.638481], [-70.579385, 42.63709199999998], [-70.580507, 42.635599000000006]]], [[[-70.911743, 41.58184], [-70.878749, 41.591791999999984], [-70.89728099999999, 41.61340400000001], [-70.90408099999999, 41.62100399999999], [-70.90600599999999, 41.623850000000026], [-70.90294899999999, 41.624576999999995], [-70.90281399999999, 41.624525000000006], [-70.90290999999999, 41.62404200000001], [-70.90254399999999, 41.623872], [-70.90027599999999, 41.62414], [-70.895828, 41.62413900000001], [-70.895828, 41.624281999999994], [-70.894928, 41.624430000000004], [-70.89334, 41.62510400000001], [-70.893643, 41.625301000000015], [-70.892662, 41.62611899999998], [-70.892735, 41.626239999999996], [-70.892223, 41.62653600000001], [-70.89173199999999, 41.627621999999995], [-70.89102199999999, 41.62820999999999], [-70.890699, 41.62899399999999], [-70.890018, 41.629724], [-70.889857, 41.63084399999999], [-70.88932199999999, 41.63141499999999], [-70.889307, 41.63217200000001], [-70.889563, 41.632655], [-70.890148, 41.63330299999999], [-70.891033, 41.633731999999995], [-70.89154400000001, 41.63430799999999], [-70.891325, 41.63428599999999], [-70.890857, 41.63374299999998], [-70.890126, 41.633501], [-70.88965, 41.633028], [-70.888919, 41.63279199999998], [-70.888561, 41.63235300000001], [-70.887844, 41.632352999999995], [-70.88752199999999, 41.63252799999999], [-70.887338, 41.632977999999994], [-70.88742599999999, 41.633351000000005], [-70.887177, 41.633944], [-70.88762299999999, 41.63408699999999], [-70.887089, 41.634191], [-70.886847, 41.634674], [-70.886554, 41.63471800000001], [-70.886935, 41.634361000000006], [-70.887016, 41.633905999999996], [-70.886167, 41.63318099999999], [-70.886299, 41.633092999999995], [-70.886928, 41.63367000000001], [-70.887148, 41.633417000000016], [-70.88716300000002, 41.633099], [-70.887097, 41.632709], [-70.886907, 41.632560999999995], [-70.885576, 41.63234599999999], [-70.884164, 41.631539000000004], [-70.883198, 41.631483], [-70.882862, 41.631125999999995], [-70.881794, 41.63110899999998], [-70.88101100000002, 41.63084600000001], [-70.879402, 41.63005400000001], [-70.879059, 41.629817999999965], [-70.87885399999999, 41.62925800000001], [-70.878181, 41.62898900000001], [-70.872965, 41.627607], [-70.87273800000001, 41.62719000000003], [-70.87205, 41.627092000000005], [-70.870432, 41.62587999999999], [-70.86942599999999, 41.62481699999998], [-70.86935199999999, 41.624274], [-70.86845799999999, 41.622726], [-70.868684, 41.621798], [-70.869393, 41.62124899999999], [-70.86909299999999, 41.620732999999994], [-70.868828, 41.61963600000001], [-70.869331, 41.61786800000001], [-70.86922799999999, 41.617440000000016], [-70.869367, 41.616962], [-70.86888300000001, 41.61596300000001], [-70.86889, 41.61572200000002], [-70.86913899999999, 41.615463999999996], [-70.869035, 41.61450299999998], [-70.86852999999999, 41.613762], [-70.867688, 41.613011000000014], [-70.867372, 41.611577999999994], [-70.866113, 41.610014], [-70.866266, 41.609268], [-70.865922, 41.60888399999999], [-70.86547399999999, 41.607775], [-70.864603, 41.60656200000002], [-70.864199, 41.604971000000006], [-70.863328, 41.60353899999999], [-70.863495, 41.602073000000004], [-70.863962, 41.601255], [-70.863581, 41.600832000000004], [-70.86323, 41.60083800000001], [-70.863267, 41.60102399999998], [-70.862887, 41.601095999999984], [-70.86278399999999, 41.600783], [-70.863061, 41.59983899999999], [-70.862951, 41.59867500000001], [-70.86278899999999, 41.598417000000005], [-70.861853, 41.597896000000006], [-70.862753, 41.597984000000004], [-70.863345, 41.59780799999999], [-70.863675, 41.599399], [-70.864231, 41.599557999999995], [-70.863997, 41.599893], [-70.86458999999999, 41.60064], [-70.864218, 41.601051000000005], [-70.86410099999999, 41.60161099999999], [-70.86434299999999, 41.601628000000005], [-70.866412, 41.600753999999995], [-70.86635199999999, 41.60021600000001], [-70.865855, 41.599629], [-70.86403299999999, 41.598300999999985], [-70.863944, 41.59700599999999], [-70.86365099999999, 41.59636900000002], [-70.86169, 41.595273], [-70.859839, 41.593632], [-70.859692, 41.593236999999995], [-70.859684, 41.592161000000004], [-70.859347, 41.591480999999995], [-70.85907499999999, 41.590147], [-70.858387, 41.588791], [-70.857816, 41.588346999999985], [-70.85751599999999, 41.587886], [-70.857339, 41.58593700000001], [-70.856994, 41.58430699999998], [-70.856723, 41.583709000000006], [-70.856036, 41.58291299999999], [-70.854361, 41.58207999999998], [-70.853447, 41.582195], [-70.852811, 41.58264599999999], [-70.853002, 41.583435999999985], [-70.852937, 41.584149999999994], [-70.853369, 41.585944000000026], [-70.853202, 41.58763500000002], [-70.853005, 41.588239], [-70.852508, 41.588563000000015], [-70.85217999999999, 41.589282], [-70.850974, 41.590337], [-70.85085, 41.591039], [-70.849959, 41.591961999999995], [-70.850566, 41.592577000000006], [-70.85023699999999, 41.593268], [-70.848841, 41.594097999999995], [-70.848461, 41.594575000000006], [-70.84764299999999, 41.594894], [-70.847628, 41.59514699999998], [-70.847292, 41.595476000000005], [-70.84539099999999, 41.595718], [-70.845098, 41.59569600000002], [-70.844498, 41.595115], [-70.842523, 41.593945999999995], [-70.842282, 41.593616999999995], [-70.842311, 41.59312799999999], [-70.842047, 41.592831999999994], [-70.842062, 41.593436000000004], [-70.842355, 41.594182], [-70.842801, 41.59440699999999], [-70.84299899999999, 41.594775], [-70.843285, 41.595379], [-70.843329, 41.596004], [-70.841735, 41.596334000000006], [-70.841777, 41.59651199999999], [-70.84157499999999, 41.596542000000014], [-70.841545, 41.596362000000006], [-70.838949, 41.59635699999999], [-70.837808, 41.595885], [-70.837639, 41.59559399999999], [-70.83764599999999, 41.59420000000001], [-70.837375, 41.59357999999998], [-70.83656300000001, 41.59289899999998], [-70.836383, 41.591984000000004], [-70.834968, 41.590692999999995], [-70.83371, 41.58884900000002], [-70.830967, 41.58583599999999], [-70.829124, 41.584233], [-70.82746399999999, 41.583365999999984], [-70.826726, 41.583327999999995], [-70.825205, 41.58290000000001], [-70.82334, 41.58274100000002], [-70.82226500000002, 41.582395], [-70.821842, 41.582471999999996], [-70.821615, 41.582912000000015], [-70.821783, 41.58475600000002], [-70.82168899999999, 41.58583200000001], [-70.820892, 41.587439999999994], [-70.819898, 41.58837900000002], [-70.81934199999999, 41.588654000000005], [-70.816951, 41.589279999999995], [-70.81641800000001, 41.59019599999999], [-70.816191, 41.591338], [-70.815818, 41.59178800000001], [-70.817039, 41.59163499999998], [-70.818254, 41.592351], [-70.820089, 41.596114000000014], [-70.823242, 41.59960400000001], [-70.824222, 41.599976999999996], [-70.824617, 41.600476999999984], [-70.824785, 41.601196], [-70.825458, 41.601498000000014], [-70.825846, 41.601414999999996], [-70.827097, 41.60204600000001], [-70.827696, 41.602156], [-70.828816, 41.60374200000001], [-70.829825, 41.60443399999998], [-70.83035199999999, 41.60547100000001], [-70.83085, 41.605844], [-70.831194, 41.60653], [-70.831581, 41.60651399999998], [-70.83183, 41.606223], [-70.831544, 41.60493299999999], [-70.831763, 41.603961000000005], [-70.831346, 41.60300599999998], [-70.831836, 41.60237500000001], [-70.831763, 41.601853000000006], [-70.832238, 41.601721999999995], [-70.832757, 41.602073000000004], [-70.833474, 41.60181499999999], [-70.834103, 41.602000999999994], [-70.83428599999999, 41.60246199999998], [-70.834695, 41.602731000000006], [-70.834769, 41.60307099999999], [-70.83556600000001, 41.603449999999995], [-70.835332, 41.60387300000001], [-70.835639, 41.60387300000001], [-70.835588, 41.604175000000005], [-70.835852, 41.60433899999999], [-70.835837, 41.60467999999999], [-70.836137, 41.60497], [-70.836686, 41.60484900000001], [-70.840391, 41.605277], [-70.844428, 41.60628], [-70.847402, 41.60749599999999], [-70.84956, 41.60911699999997], [-70.849334, 41.610093000000006], [-70.85000000000001, 41.610312000000015], [-70.8512, 41.61106399999998], [-70.851705, 41.61192600000001], [-70.85237099999999, 41.61225499999999], [-70.853352, 41.613522], [-70.85398099999999, 41.613714], [-70.853887, 41.614148], [-70.854619, 41.616146000000015], [-70.854219, 41.618407999999995], [-70.854995, 41.618709], [-70.855119, 41.61912600000001], [-70.855105, 41.619806999999994], [-70.855442, 41.620651999999986], [-70.855194, 41.62198600000001], [-70.856416, 41.622297999999994], [-70.85681199999999, 41.622622], [-70.85732399999999, 41.62276499999999], [-70.85785899999999, 41.62366499999999], [-70.858195, 41.623835], [-70.85942399999999, 41.623785000000005], [-70.85942399999999, 41.62354299999998], [-70.859563, 41.623542999999984], [-70.86001, 41.62371799999999], [-70.860365, 41.624091], [-70.84931999999999, 41.624472000000004], [-70.842264, 41.624457], [-70.839175, 41.61476100000001], [-70.81327399999999, 41.607960000000006], [-70.804856, 41.612776000000004], [-70.801026, 41.61657300000001], [-70.800336, 41.61874100000001], [-70.80154399999999, 41.62116899999996], [-70.803891, 41.62506699999999], [-70.774624, 41.634933000000004], [-70.76294399999999, 41.639025000000004], [-70.75748, 41.64131999999999], [-70.756354, 41.642074999999984], [-70.755568, 41.64310400000001], [-70.75400599999999, 41.64579499999999], [-70.752498, 41.65038799999999], [-70.75186699999999, 41.660342000000014], [-70.750847, 41.669590999999976], [-70.749206, 41.668504999999996], [-70.699574, 41.643719000000004], [-70.690964, 41.66045700000001], [-70.659556, 41.65921], [-70.660339, 41.625106], [-70.654394, 41.625107], [-70.654276, 41.605216000000006], [-70.647207, 41.57853899999999], [-70.648153, 41.57145199999999], [-70.65623, 41.56651400000001], [-70.664171, 41.54288299999998], [-70.697498, 41.527158], [-70.749476, 41.55639], [-70.758464, 41.560930999999975], [-70.763776, 41.55660700000001], [-70.864314, 41.507397000000005], [-70.896936, 41.556905000000015], [-70.911743, 41.58184]]], [[[-71.116404, 41.484567999999996], [-71.041373, 41.48420000000001], [-71.041236, 41.480332000000004], [-71.033164, 41.480332000000004], [-71.033164, 41.484162000000005], [-71.00413, 41.48403099999999], [-70.97450900000001, 41.454138], [-70.999482, 41.442372], [-71.05185399999999, 41.416729], [-71.053451, 41.41695899999999], [-71.07240399999999, 41.42557], [-71.085038, 41.433467], [-71.088571, 41.431315], [-71.116404, 41.484567999999996]]]]}}