{"type": "FeatureCollection", "features": [{"type": "Feature", "properties": {"district_name": "First Suffolk District", "chamber": "senate", "vintage": "2012-2020", "url": "/district/senate-first-suffolk-district-2012-2020/", "latest_year": 2020, "years": [{"year": 2020, "lean_dem_share": 0.8423, "competitiveness": "Safe", "competitiveness_label": "Safe D", "party_favored": "Democratic", "is_uncontested": true, "turnout_ratio": 0.4259, "winner_name": "Nicholas P. Collins", "winner_party": "Democratic", "winner_war": null, "winner_lean_component": 0.6256, "winner_tide_component": 0.0067, "winner_incumbency_adjustment": 0.0, "winner_demographics_component": null, "winner_fundraising_component": 0.0512}, {"year": 2018, "lean_dem_share": 0.5088, "competitiveness": "Tossup", "competitiveness_label": "Tossup D", "party_favored": "Democratic", "is_uncontested": true, "turnout_ratio": 0.4152, "winner_name": "Nick Collins", "winner_party": "Democratic", "winner_war": null, "winner_lean_component": 0.6256, "winner_tide_component": 0.0033, "winner_incumbency_adjustment": 0.0, "winner_demographics_component": null, "winner_fundraising_component": 0.055}, {"year": 2016, "lean_dem_share": 0.853, "competitiveness": "Safe", "competitiveness_label": "Safe D", "party_favored": "Democratic", "is_uncontested": true, "turnout_ratio": 0.4209, "winner_name": "Linda Dorcena Forry", "winner_party": "Democratic", "winner_war": null, "winner_lean_component": 0.6256, "winner_tide_component": 0.0065, "winner_incumbency_adjustment": 0.0724, "winner_demographics_component": null, "winner_fundraising_component": 0.0304}, {"year": 2014, "lean_dem_share": 0.6878, "competitiveness": "Safe", "competitiveness_label": "Safe D", "party_favored": "Democratic", "is_uncontested": true, "turnout_ratio": 0.3854, "winner_name": "Linda Dorcena Forry", "winner_party": "Democratic", "winner_war": null, "winner_lean_component": 0.6256, "winner_tide_component": 0.0049, "winner_incumbency_adjustment": 0.0, "winner_demographics_component": null, "winner_fundraising_component": 0.0306}, {"year": 2012, "lean_dem_share": 0.8034, "competitiveness": "Safe", "competitiveness_label": "Safe D", "party_favored": "Democratic", "is_uncontested": true, "turnout_ratio": 0.3962, "winner_name": "Jack Hart", "winner_party": "Democratic", "winner_war": null, "winner_lean_component": 0.6256, "winner_tide_component": 0.0062, "winner_incumbency_adjustment": 0.0, "winner_demographics_component": null, "winner_fundraising_component": 0.0283}], "lean_dem_share": 0.8423, "competitiveness": "Safe", "competitiveness_label": "Safe D", "party_favored": "Democratic", "is_uncontested": true, "turnout_ratio": 0.4259, "winner_name": "Nicholas P. Collins", "winner_party": "Democratic", "winner_war": null, "winner_lean_component": 0.6256, "winner_tide_component": 0.0067, "winner_incumbency_adjustment": 0.0, "winner_demographics_component": null, "winner_fundraising_component": 0.0512}, "geometry": {"type": "Polygon", "coordinates": [[[-71.12530699999999, 42.255653], [-71.124495, 42.25806200000001], [-71.123565, 42.26220599999999], [-71.120345, 42.260630000000006], [-71.11894099999999, 42.25952699999999], [-71.11764699999999, 42.260940000000005], [-71.118957, 42.26192299999999], [-71.118038, 42.263905], [-71.118251, 42.26404499999998], [-71.115493, 42.264587], [-71.110828, 42.266065000000005], [-71.111649, 42.267483999999996], [-71.110159, 42.27070099999997], [-71.11219299999999, 42.271962999999985], [-71.110374, 42.275065], [-71.109191, 42.274363], [-71.10858, 42.275395], [-71.107742, 42.27750499999999], [-71.10743599999999, 42.27874400000001], [-71.105959, 42.28020699999999], [-71.104108, 42.281165], [-71.10051, 42.28184000000002], [-71.099632, 42.28233600000001], [-71.09806499999999, 42.281423], [-71.095396, 42.278622], [-71.093576, 42.27724799999999], [-71.09349, 42.27842100000001], [-71.093164, 42.27944099999999], [-71.093621, 42.279849999999996], [-71.093681, 42.28059000000001], [-71.093465, 42.28158899999998], [-71.094409, 42.28118], [-71.095227, 42.28130200000002], [-71.095726, 42.281470999999996], [-71.096226, 42.28194399999999], [-71.096547, 42.282573999999975], [-71.096518, 42.28311999999999], [-71.09607500000001, 42.283850000000015], [-71.095373, 42.28436800000001], [-71.094318, 42.28477699999999], [-71.096316, 42.285817999999985], [-71.096105, 42.28604299999999], [-71.093415, 42.28650999999999], [-71.09319599999999, 42.285934999999995], [-71.091258, 42.28558800000001], [-71.09114699999999, 42.28542999999999], [-71.08923300000001, 42.291222000000005], [-71.08876099999999, 42.291112000000005], [-71.088388, 42.290463], [-71.08697099999999, 42.289426], [-71.087989, 42.28834700000001], [-71.086356, 42.28774199999998], [-71.08599099999999, 42.28672999999999], [-71.08329499999999, 42.28733], [-71.08292999999999, 42.286423000000006], [-71.08106, 42.28684199999999], [-71.08055499999999, 42.28662300000002], [-71.07950699999999, 42.28768499999998], [-71.078537, 42.289335000000015], [-71.078199, 42.290774000000006], [-71.078147, 42.292022], [-71.079534, 42.292439], [-71.079276, 42.291905], [-71.07915299999999, 42.291006], [-71.078792, 42.29026], [-71.08145999999999, 42.28966199999999], [-71.08111099999999, 42.28997000000001], [-71.081937, 42.29094199999999], [-71.081446, 42.29105799999999], [-71.08061, 42.292747], [-71.083074, 42.293473], [-71.083247, 42.293856999999996], [-71.080253, 42.29443599999999], [-71.080773, 42.29575300000001], [-71.08403299999999, 42.295124], [-71.08432599999999, 42.29590799999998], [-71.08225, 42.296305], [-71.083192, 42.29861100000001], [-71.08140999999999, 42.299002], [-71.081775, 42.29981], [-71.08282100000001, 42.30041200000001], [-71.079719, 42.30125199999999], [-71.079027, 42.30299300000001], [-71.079419, 42.302839000000006], [-71.08068999999999, 42.303892], [-71.079561, 42.30462199999999], [-71.080563, 42.30543999999998], [-71.079708, 42.305873000000005], [-71.078407, 42.306152999999995], [-71.077141, 42.30532499999999], [-71.076185, 42.30504599999998], [-71.074161, 42.30491], [-71.07320899999999, 42.30537799999999], [-71.072097, 42.30556299999999], [-71.07153199999999, 42.30667199999998], [-71.07391199999999, 42.307681], [-71.072822, 42.30947099999999], [-71.069165, 42.317066999999994], [-71.067341, 42.323910999999995], [-71.066655, 42.32584500000003], [-71.06058399999999, 42.335446], [-71.060042, 42.33656399999998], [-71.059697, 42.336801], [-71.060025, 42.34059499999998], [-71.059952, 42.342320000000015], [-71.059685, 42.34321], [-71.05825, 42.345506], [-71.054469, 42.34677800000001], [-71.054788, 42.34687100000001], [-71.054771, 42.347253], [-71.05218599999999, 42.350922], [-71.05218800000002, 42.351121], [-71.049595, 42.35449699999999], [-71.049396, 42.354498], [-71.042596, 42.363797999999996], [-71.026895, 42.353097999999996], [-71.010994, 42.34269800000001], [-70.988173, 42.34344700000002], [-70.975094, 42.34349900000001], [-70.972893, 42.35359699999999], [-70.968935, 42.35592500000001], [-70.96882, 42.35586600000001], [-70.967257, 42.357069], [-70.96704799999999, 42.356953999999995], [-70.917892, 42.385997], [-70.901292, 42.384098000000016], [-70.85143599999999, 42.393209000000006], [-70.749487, 42.400819999999996], [-70.648072, 42.40562799999999], [-70.652005, 42.39293899999999], [-70.658723, 42.375097999999994], [-70.67569, 42.375097999999994], [-70.74947, 42.37333999999999], [-70.851191, 42.372499], [-70.894292, 42.372398999999994], [-70.905692, 42.316998999999996], [-70.917091, 42.314198000000005], [-70.927191, 42.310097999999996], [-70.937091, 42.311097999999994], [-70.94899099999999, 42.301298], [-70.96019199999999, 42.29949800000001], [-70.97599199999999, 42.300097999999984], [-70.981781, 42.30838199999999], [-70.988693, 42.31359800000001], [-70.998593, 42.311997999999996], [-71.002093, 42.308697999999985], [-71.00979099999999, 42.305198999999995], [-71.015393, 42.30669799999998], [-71.022093, 42.305597999999975], [-71.028395, 42.30879899999999], [-71.037094, 42.306598], [-71.04169399999999, 42.305298], [-71.041313, 42.300282999999986], [-71.03529400000001, 42.288798], [-71.03789400000001, 42.284898], [-71.039293, 42.28379899999999], [-71.04049400000001, 42.281898000000005], [-71.041594, 42.27809799999999], [-71.042794, 42.27699799999999], [-71.04469399999999, 42.276198], [-71.048794, 42.277699000000005], [-71.053094, 42.27732099999999], [-71.055494, 42.27569799999999], [-71.053395, 42.272296999999995], [-71.061593, 42.267299], [-71.063893, 42.26799800000002], [-71.064308, 42.268860000000004], [-71.064679, 42.269107999999996], [-71.06465399999999, 42.269582], [-71.065297, 42.27078700000001], [-71.065904, 42.27115900000001], [-71.067404, 42.271459], [-71.06778, 42.271421], [-71.06841399999999, 42.270806], [-71.069011, 42.27066199999998], [-71.070415, 42.27061300000001], [-71.071742, 42.270812], [-71.0724, 42.270686000000005], [-71.073042, 42.270331], [-71.07592199999999, 42.27033199999998], [-71.076972, 42.269973000000014], [-71.07976, 42.269529999999996], [-71.080809, 42.26897400000001], [-71.082323, 42.268744999999996], [-71.082968, 42.268496000000006], [-71.08551899999999, 42.269007999999985], [-71.085948, 42.26929199999999], [-71.08915, 42.26974200000001], [-71.089704, 42.26962799999999], [-71.09022999999999, 42.269141000000005], [-71.090201, 42.268417000000014], [-71.08986399999999, 42.267728000000005], [-71.090424, 42.266466000000015], [-71.092553, 42.26668999999998], [-71.09356, 42.26709599999999], [-71.094334, 42.26696999999999], [-71.095256, 42.265786], [-71.096571, 42.264511000000006], [-71.097425, 42.263039], [-71.09888, 42.262494], [-71.100298, 42.26123000000001], [-71.102691, 42.259884], [-71.103382, 42.259722000000004], [-71.10396399999999, 42.259791], [-71.105076, 42.260679], [-71.105547, 42.26085699999999], [-71.107461, 42.26065199999999], [-71.109128, 42.26127499999999], [-71.110537, 42.261064999999995], [-71.111612, 42.260578], [-71.113277, 42.258911999999995], [-71.112938, 42.258641000000004], [-71.11698, 42.255825], [-71.11937, 42.253657], [-71.120277, 42.255021], [-71.12125999999999, 42.255869], [-71.122207, 42.256024000000004], [-71.122328, 42.25673899999999], [-71.123933, 42.25657199999999], [-71.12413099999999, 42.255818999999995], [-71.12530699999999, 42.255653]]]}}, {"type": "Feature", "properties": {"district_name": "Second Suffolk District", "chamber": "senate", "vintage": "2012-2020", "url": "/district/senate-second-suffolk-district-2012-2020/", "latest_year": 2020, "years": [{"year": 2020, "lean_dem_share": 0.8424, "competitiveness": "Safe", "competitiveness_label": "Safe D", "party_favored": "Democratic", "is_uncontested": true, "turnout_ratio": 1.6498, "winner_name": "Sonia Rosa Chang-D?az", "winner_party": "Democratic", "winner_war": null, "winner_lean_component": 0.6256, "winner_tide_component": 0.0067, "winner_incumbency_adjustment": 0.0, "winner_demographics_component": null, "winner_fundraising_component": null}, {"year": 2018, "lean_dem_share": 0.5089, "competitiveness": "Tossup", "competitiveness_label": "Tossup D", "party_favored": "Democratic", "is_uncontested": true, "turnout_ratio": 1.697, "winner_name": "Sonia Rosa Chang-D\u00cdaz", "winner_party": "Democratic", "winner_war": null, "winner_lean_component": 0.6256, "winner_tide_component": 0.0033, "winner_incumbency_adjustment": 0.0, "winner_demographics_component": null, "winner_fundraising_component": -0.0116}, {"year": 2016, "lean_dem_share": 0.8531, "competitiveness": "Safe", "competitiveness_label": "Safe D", "party_favored": "Democratic", "is_uncontested": true, "turnout_ratio": 1.6678, "winner_name": "Sonia Rosa Chang-D\u00c3\u00adaz", "winner_party": "Democratic", "winner_war": null, "winner_lean_component": 0.6256, "winner_tide_component": 0.0065, "winner_incumbency_adjustment": 0.0724, "winner_demographics_component": null, "winner_fundraising_component": null}, {"year": 2014, "lean_dem_share": 0.6878, "competitiveness": "Safe", "competitiveness_label": "Safe D", "party_favored": "Democratic", "is_uncontested": false, "turnout_ratio": 1.8075, "winner_name": "Sonia Rosa Chang-D\u00c3\u00adaz", "winner_party": "Democratic", "winner_war": 0.1037, "winner_lean_component": 0.6256, "winner_tide_component": 0.0049, "winner_incumbency_adjustment": 0.0724, "winner_demographics_component": null, "winner_fundraising_component": null}, {"year": 2012, "lean_dem_share": 0.8034, "competitiveness": "Safe", "competitiveness_label": "Safe D", "party_favored": "Democratic", "is_uncontested": true, "turnout_ratio": 1.6219, "winner_name": "Sonia Rosa Chang-D\u00c3\u00adaz", "winner_party": "Democratic", "winner_war": null, "winner_lean_component": 0.6256, "winner_tide_component": 0.0062, "winner_incumbency_adjustment": 0.0, "winner_demographics_component": null, "winner_fundraising_component": null}], "lean_dem_share": 0.8424, "competitiveness": "Safe", "competitiveness_label": "Safe D", "party_favored": "Democratic", "is_uncontested": true, "turnout_ratio": 1.6498, "winner_name": "Sonia Rosa Chang-D?az", "winner_party": "Democratic", "winner_war": null, "winner_lean_component": 0.6256, "winner_tide_component": 0.0067, "winner_incumbency_adjustment": 0.0, "winner_demographics_component": null, "winner_fundraising_component": null}, "geometry": {"type": "Polygon", "coordinates": [[[-71.145466, 42.26972000000001], [-71.144386, 42.27179099999999], [-71.142237, 42.27239799999998], [-71.143175, 42.272509000000014], [-71.143664, 42.27284700000001], [-71.14030799999999, 42.275428999999995], [-71.13699799999999, 42.278323], [-71.129434, 42.27346], [-71.12824499999999, 42.274245], [-71.126001, 42.273548999999996], [-71.12566, 42.27340100000001], [-71.12349, 42.271348999999994], [-71.122161, 42.271036999999986], [-71.121776, 42.270675999999995], [-71.11971199999999, 42.28028799999999], [-71.11954899999999, 42.28551100000002], [-71.11881699999999, 42.285501], [-71.118686, 42.28640900000001], [-71.112179, 42.286525999999995], [-71.110563, 42.28694999999999], [-71.110681, 42.28730900000001], [-71.111749, 42.288223], [-71.11350999999999, 42.289066000000005], [-71.11398299999999, 42.289480000000005], [-71.11448399999999, 42.29118799999999], [-71.114329, 42.291833999999994], [-71.1139, 42.29248199999999], [-71.114437, 42.29304599999998], [-71.115471, 42.292348000000004], [-71.116804, 42.29234099999999], [-71.11704, 42.291150999999985], [-71.117967, 42.29119499999998], [-71.118143, 42.290157000000015], [-71.119282, 42.290235], [-71.11882000000001, 42.29252700000001], [-71.117013, 42.295828000000014], [-71.118006, 42.29597099999999], [-71.119435, 42.294607], [-71.11883, 42.29427099999999], [-71.11907, 42.29369299999999], [-71.12129399999999, 42.295199000000004], [-71.123077, 42.293735], [-71.12338199999999, 42.294157999999996], [-71.12201, 42.29555200000001], [-71.12653399999999, 42.296242], [-71.12932599999999, 42.29649700000001], [-71.129819, 42.297564], [-71.1298, 42.297882], [-71.130068, 42.298184000000006], [-71.12792499999999, 42.300157], [-71.13107099999999, 42.30130700000001], [-71.13461699999999, 42.30175], [-71.137103, 42.30118499999999], [-71.140135, 42.302147000000005], [-71.13650200000001, 42.306204], [-71.13079499999999, 42.31449699999999], [-71.127096, 42.31849700000001], [-71.124269, 42.321856], [-71.123711, 42.32271600000002], [-71.12336700000002, 42.32257099999998], [-71.121528, 42.323882], [-71.12011199999999, 42.32283499999998], [-71.119436, 42.322735], [-71.11887, 42.322858], [-71.118507, 42.323357999999985], [-71.11736499999999, 42.32359500000001], [-71.116608, 42.32394999999998], [-71.115597, 42.326859999999996], [-71.115304, 42.32723999999998], [-71.115303, 42.32785700000004], [-71.11501299999999, 42.32815899999999], [-71.115116, 42.328427999999995], [-71.114992, 42.32861900000001], [-71.114869, 42.328472999999995], [-71.11471499999999, 42.32856100000001], [-71.114775, 42.328987999999995], [-71.113784, 42.33059600000001], [-71.113162, 42.33257499999999], [-71.112219, 42.333911999999984], [-71.11072300000001, 42.33525599999999], [-71.110894, 42.33550499999999], [-71.10933299999999, 42.33700000000001], [-71.10491, 42.33419000000001], [-71.09813299999999, 42.33678299999999], [-71.099152, 42.33622399999999], [-71.099276, 42.335998999999994], [-71.095089, 42.33475700000001], [-71.095343, 42.334362], [-71.09308399999999, 42.333506], [-71.08350399999999, 42.341263], [-71.08077999999999, 42.34374400000001], [-71.08008199999999, 42.34421899999999], [-71.079972, 42.344149999999985], [-71.077962, 42.34578599999999], [-71.076538, 42.34485000000001], [-71.073531, 42.347262000000015], [-71.071863, 42.343833], [-71.07054099999999, 42.34456], [-71.06985499999999, 42.345265999999995], [-71.06593, 42.34393599999999], [-71.062529, 42.34300899999998], [-71.062052, 42.344041999999995], [-71.06129299999999, 42.34387100000001], [-71.06062899999999, 42.345072], [-71.060513, 42.34471099999998], [-71.060906, 42.343775], [-71.060609, 42.34371799999999], [-71.05936799999999, 42.34509499999999], [-71.058757, 42.345554], [-71.058143, 42.34564699999999], [-71.059394, 42.343759000000006], [-71.059952, 42.342320000000015], [-71.060001, 42.340054999999985], [-71.059697, 42.336801], [-71.060042, 42.33656399999998], [-71.06058399999999, 42.335446], [-71.066655, 42.32584500000003], [-71.067341, 42.323910999999995], [-71.069165, 42.317066999999994], [-71.072822, 42.30947099999999], [-71.07391199999999, 42.307681], [-71.07153199999999, 42.30667199999998], [-71.072097, 42.30556299999999], [-71.07320899999999, 42.30537799999999], [-71.074161, 42.30491], [-71.076185, 42.30504599999998], [-71.076978, 42.305243999999995], [-71.078407, 42.306152999999995], [-71.079917, 42.305784999999986], [-71.080563, 42.30543999999998], [-71.079561, 42.30462199999999], [-71.08068999999999, 42.303892], [-71.079419, 42.302839000000006], [-71.079027, 42.30299300000001], [-71.079719, 42.30125199999999], [-71.08282100000001, 42.30041200000001], [-71.081775, 42.29981], [-71.08140999999999, 42.299002], [-71.083192, 42.29861100000001], [-71.08225, 42.296305], [-71.08432599999999, 42.29590799999998], [-71.08403299999999, 42.295124], [-71.080773, 42.29575300000001], [-71.080253, 42.29443599999999], [-71.083247, 42.293856999999996], [-71.083074, 42.293473], [-71.08061, 42.292747], [-71.081446, 42.29105799999999], [-71.081937, 42.29094199999999], [-71.08111099999999, 42.28997000000001], [-71.08145999999999, 42.28966199999999], [-71.078792, 42.29026], [-71.07915299999999, 42.291006], [-71.079276, 42.291905], [-71.079534, 42.292439], [-71.078147, 42.292022], [-71.078199, 42.290774000000006], [-71.078537, 42.289335000000015], [-71.07950699999999, 42.28768499999998], [-71.080371, 42.28678099999999], [-71.08055499999999, 42.28662300000002], [-71.08106, 42.28684199999999], [-71.08292999999999, 42.286423000000006], [-71.08329499999999, 42.28733], [-71.08599099999999, 42.28672999999999], [-71.086356, 42.28774199999998], [-71.087989, 42.28834700000001], [-71.08697099999999, 42.289426], [-71.088388, 42.290463], [-71.08876099999999, 42.291112000000005], [-71.08923300000001, 42.291222000000005], [-71.09114699999999, 42.28542999999999], [-71.091258, 42.28558800000001], [-71.09319599999999, 42.285934999999995], [-71.093415, 42.28650999999999], [-71.096105, 42.28604299999999], [-71.096316, 42.285817999999985], [-71.094318, 42.28477699999999], [-71.095373, 42.28436800000001], [-71.09607500000001, 42.283850000000015], [-71.096518, 42.28311999999999], [-71.096547, 42.282573999999975], [-71.096226, 42.28194399999999], [-71.095726, 42.281470999999996], [-71.095227, 42.28130200000002], [-71.094409, 42.28118], [-71.093465, 42.28158899999998], [-71.093681, 42.28059000000001], [-71.093621, 42.279849999999996], [-71.093164, 42.27944099999999], [-71.09349, 42.27842100000001], [-71.093576, 42.27724799999999], [-71.095396, 42.278622], [-71.09806499999999, 42.281423], [-71.099632, 42.28233600000001], [-71.10051, 42.28184000000002], [-71.104108, 42.281165], [-71.105959, 42.28020699999999], [-71.10743599999999, 42.27874400000001], [-71.107742, 42.27750499999999], [-71.10858, 42.275395], [-71.109191, 42.274363], [-71.110374, 42.275065], [-71.11219299999999, 42.271962999999985], [-71.110159, 42.27070099999997], [-71.111649, 42.267483999999996], [-71.110828, 42.266065000000005], [-71.115493, 42.264587], [-71.118251, 42.26404499999998], [-71.118038, 42.263905], [-71.118957, 42.26192299999999], [-71.11764699999999, 42.260940000000005], [-71.11894099999999, 42.25952699999999], [-71.120345, 42.260630000000006], [-71.123565, 42.26220599999999], [-71.124708, 42.25722699999999], [-71.12530699999999, 42.255653], [-71.12717599999999, 42.25531799999999], [-71.128181, 42.254951000000005], [-71.129272, 42.253738], [-71.13095799999999, 42.252223], [-71.132477, 42.253858000000015], [-71.13553999999999, 42.254715], [-71.136246, 42.254738999999994], [-71.135713, 42.255021], [-71.1349, 42.256233], [-71.135705, 42.257272], [-71.135702, 42.257906], [-71.135451, 42.258172], [-71.136898, 42.258888999999996], [-71.13753799999999, 42.25886100000002], [-71.13918600000001, 42.25840000000001], [-71.140196, 42.25845600000001], [-71.140455, 42.25938000000001], [-71.141382, 42.260314], [-71.141074, 42.261882], [-71.14152899999999, 42.263917000000006], [-71.141826, 42.26428599999999], [-71.144943, 42.266544], [-71.14513099999999, 42.26696900000001], [-71.145067, 42.26813899999999], [-71.145466, 42.26972000000001]]]}}, {"type": "Feature", "properties": {"district_name": "Hampden District", "chamber": "senate", "vintage": "2012-2020", "url": "/district/senate-hampden-district-2012-2020/", "latest_year": 2020, "years": [{"year": 2020, "lean_dem_share": 0.6632, "competitiveness": "Safe", "competitiveness_label": "Safe D", "party_favored": "Democratic", "is_uncontested": true, "turnout_ratio": 0.9487, "winner_name": "Adam Gomez", "winner_party": "Democratic", "winner_war": null, "winner_lean_component": 0.5034, "winner_tide_component": 0.0067, "winner_incumbency_adjustment": 0.0, "winner_demographics_component": null, "winner_fundraising_component": 0.0109}, {"year": 2018, "lean_dem_share": 0.3556, "competitiveness": "Safe", "competitiveness_label": "Safe R", "party_favored": "Republican", "is_uncontested": true, "turnout_ratio": 0.9644, "winner_name": "James T. Welch", "winner_party": "Democratic", "winner_war": null, "winner_lean_component": 0.5034, "winner_tide_component": 0.0033, "winner_incumbency_adjustment": 0.0724, "winner_demographics_component": null, "winner_fundraising_component": 0.0304}, {"year": 2016, "lean_dem_share": 0.685, "competitiveness": "Safe", "competitiveness_label": "Safe D", "party_favored": "Democratic", "is_uncontested": true, "turnout_ratio": 1.0505, "winner_name": "James T. Welch", "winner_party": "Democratic", "winner_war": null, "winner_lean_component": 0.5034, "winner_tide_component": 0.0065, "winner_incumbency_adjustment": 0.0724, "winner_demographics_component": null, "winner_fundraising_component": 0.0135}, {"year": 2014, "lean_dem_share": 0.5494, "competitiveness": "Lean", "competitiveness_label": "Lean D", "party_favored": "Democratic", "is_uncontested": true, "turnout_ratio": 0.9846, "winner_name": "James T. Welch", "winner_party": "Democratic", "winner_war": null, "winner_lean_component": 0.5034, "winner_tide_component": 0.0049, "winner_incumbency_adjustment": 0.0724, "winner_demographics_component": null, "winner_fundraising_component": 0.0054}, {"year": 2012, "lean_dem_share": 0.7209, "competitiveness": "Safe", "competitiveness_label": "Safe D", "party_favored": "Democratic", "is_uncontested": true, "turnout_ratio": 0.992, "winner_name": "James T. Welch", "winner_party": "Democratic", "winner_war": null, "winner_lean_component": 0.5034, "winner_tide_component": 0.0062, "winner_incumbency_adjustment": 0.0, "winner_demographics_component": null, "winner_fundraising_component": 0.0173}], "lean_dem_share": 0.6632, "competitiveness": "Safe", "competitiveness_label": "Safe D", "party_favored": "Democratic", "is_uncontested": true, "turnout_ratio": 0.9487, "winner_name": "Adam Gomez", "winner_party": "Democratic", "winner_war": null, "winner_lean_component": 0.5034, "winner_tide_component": 0.0067, "winner_incumbency_adjustment": 0.0, "winner_demographics_component": null, "winner_fundraising_component": 0.0109}, "geometry": {"type": "Polygon", "coordinates": [[[-72.694861, 42.10590100000001], [-72.693028, 42.112669], [-72.692495, 42.117013000000014], [-72.691159, 42.12100199999999], [-72.691192, 42.121771999999986], [-72.690906, 42.12251899999999], [-72.690176, 42.128755999999996], [-72.686358, 42.13594699999999], [-72.687192, 42.142315999999994], [-72.68677, 42.143753], [-72.689064, 42.146243], [-72.688063, 42.14914400000001], [-72.686568, 42.150782], [-72.68567999999999, 42.153839999999995], [-72.68483599999999, 42.162992], [-72.627342, 42.16203200000001], [-72.628407, 42.16516199999998], [-72.62861, 42.166227], [-72.628498, 42.171974000000006], [-72.628258, 42.173590000000004], [-72.62790199999999, 42.175380000000004], [-72.625816, 42.17521299999999], [-72.624618, 42.180127000000006], [-72.621858, 42.179258], [-72.619703, 42.178326999999996], [-72.62053, 42.17771], [-72.614662, 42.17506100000001], [-72.614561, 42.17150499999999], [-72.610863, 42.171253], [-72.61009299999999, 42.171527], [-72.61036899999999, 42.168687], [-72.611429, 42.162139999999994], [-72.611181, 42.160635000000006], [-72.61018299999999, 42.157948], [-72.599918, 42.165295], [-72.59663499999999, 42.16693999999999], [-72.593149, 42.16807999999999], [-72.59454199999999, 42.16654200000001], [-72.595897, 42.16576000000002], [-72.595274, 42.165077000000004], [-72.59327100000002, 42.16407799999999], [-72.593076, 42.16383600000001], [-72.59292599999999, 42.163044], [-72.59270800000002, 42.162802000000006], [-72.591946, 42.162287000000006], [-72.590334, 42.161593999999994], [-72.590161, 42.161271000000006], [-72.59025, 42.160949], [-72.589816, 42.16019000000001], [-72.58843399999999, 42.15958899999999], [-72.58832699999999, 42.160292999999996], [-72.58182599999999, 42.160289000000006], [-72.581848, 42.158729], [-72.581609, 42.157979999999995], [-72.580749, 42.15723799999999], [-72.577933, 42.156003999999996], [-72.578479, 42.155241000000004], [-72.57894399999999, 42.155366], [-72.580708, 42.15529300000001], [-72.580102, 42.150173], [-72.57958599999999, 42.14765399999999], [-72.580507, 42.14341400000001], [-72.581537, 42.140875], [-72.581958, 42.14027699999999], [-72.568038, 42.146122999999996], [-72.565893, 42.14482100000001], [-72.567336, 42.141251999999994], [-72.56658900000001, 42.14067099999999], [-72.565956, 42.14112000000001], [-72.564904, 42.14029799999999], [-72.564283, 42.13765399999999], [-72.552026, 42.143995], [-72.551025, 42.143518], [-72.55020700000001, 42.142734], [-72.547519, 42.138191], [-72.546554, 42.13605300000002], [-72.546188, 42.133634999999984], [-72.524339, 42.140405], [-72.52313099999999, 42.143260999999995], [-72.521676, 42.144900000000014], [-72.52201699999999, 42.14645900000001], [-72.521434, 42.146568], [-72.520038, 42.147974999999974], [-72.519633, 42.14803], [-72.51903, 42.147777000000005], [-72.51083799999999, 42.156685999999986], [-72.510009, 42.15711700000001], [-72.50926199999999, 42.157269], [-72.503602, 42.15677000000001], [-72.502982, 42.16061499999999], [-72.502957, 42.16201399999999], [-72.501913, 42.16175700000001], [-72.495734, 42.161283000000005], [-72.493145, 42.16122], [-72.490864, 42.16156199999999], [-72.489578, 42.161528000000004], [-72.489685, 42.160033], [-72.489589, 42.15913599999998], [-72.487629, 42.159946], [-72.486981, 42.159942], [-72.486601, 42.15974499999999], [-72.48675, 42.15923600000001], [-72.487822, 42.15875099999999], [-72.488159, 42.158128999999995], [-72.487185, 42.157297], [-72.484595, 42.156524000000005], [-72.48161999999999, 42.14188200000001], [-72.482267, 42.141479999999994], [-72.48395, 42.141273999999996], [-72.484055, 42.140574], [-72.484381, 42.13993699999999], [-72.48510499999999, 42.13945800000001], [-72.48611, 42.139115], [-72.486257, 42.13888900000002], [-72.486244, 42.138347999999986], [-72.48701299999999, 42.137946], [-72.486807, 42.13773400000001], [-72.485714, 42.137688000000004], [-72.48505100000001, 42.137336000000005], [-72.48514, 42.137116999999996], [-72.486661, 42.136646999999996], [-72.486831, 42.136179999999996], [-72.48747, 42.135639000000005], [-72.488462, 42.135266], [-72.49578199999999, 42.13460899999999], [-72.495712, 42.12926400000001], [-72.496613, 42.126032], [-72.497422, 42.126142], [-72.4984, 42.12578099999998], [-72.501012, 42.125766], [-72.50200000000001, 42.124999], [-72.50313799999999, 42.12482599999999], [-72.504111, 42.12412], [-72.504333, 42.12489300000002], [-72.509047, 42.124325], [-72.50944, 42.12419399999999], [-72.509355, 42.123684999999995], [-72.510328, 42.12341999999998], [-72.51103599999999, 42.12668099999999], [-72.515608, 42.12621300000001], [-72.51426099999999, 42.128381000000005], [-72.51312, 42.12903800000001], [-72.513832, 42.12957599999999], [-72.51410299999999, 42.129471999999986], [-72.514827, 42.128669000000016], [-72.514892, 42.12804899999998], [-72.51543199999999, 42.12734900000001], [-72.516161, 42.12695899999999], [-72.516499, 42.12658800000002], [-72.516601, 42.124983000000014], [-72.517727, 42.12336399999999], [-72.51763100000001, 42.123068999999994], [-72.517817, 42.122434], [-72.518224, 42.12218100000001], [-72.51966600000002, 42.121987999999995], [-72.52015399999999, 42.120229], [-72.52220799999999, 42.11884099999998], [-72.523671, 42.118049], [-72.524134, 42.118207], [-72.52496599999999, 42.11796799999999], [-72.52551700000001, 42.118215], [-72.526049, 42.11817200000001], [-72.52651200000001, 42.11850599999999], [-72.526842, 42.11826099999998], [-72.527354, 42.11842099999999], [-72.528031, 42.11832699999999], [-72.529367, 42.117555], [-72.530286, 42.11746199999998], [-72.530722, 42.117174000000006], [-72.530917, 42.116678000000014], [-72.531866, 42.116001], [-72.53272799999999, 42.11564099999999], [-72.53410199999999, 42.11546799999999], [-72.534886, 42.11503000000002], [-72.53562099999999, 42.11512299999998], [-72.53664599999999, 42.114837999999985], [-72.537218, 42.11427399999999], [-72.53772099999999, 42.11440700000001], [-72.538699, 42.113851], [-72.53953, 42.113716], [-72.539541, 42.113419], [-72.54095199999999, 42.11211899999999], [-72.542531, 42.10789400000001], [-72.543823, 42.10581199999999], [-72.546415, 42.105727], [-72.546746, 42.10843700000001], [-72.547051, 42.108294], [-72.548326, 42.106367], [-72.548317, 42.105962], [-72.550257, 42.10532799999999], [-72.55044199999999, 42.105582999999996], [-72.549497, 42.108607], [-72.55354400000002, 42.108208000000005], [-72.553156, 42.106519000000006], [-72.56285799999999, 42.10541], [-72.56177699999999, 42.100235999999995], [-72.561076, 42.09937000000001], [-72.559386, 42.099554999999995], [-72.558649, 42.099978], [-72.55816999999999, 42.099109000000006], [-72.557323, 42.09828499999999], [-72.562902, 42.09735699999999], [-72.563569, 42.097024999999995], [-72.563412, 42.096809000000015], [-72.56312, 42.09663600000002], [-72.561238, 42.096509999999995], [-72.558073, 42.095316999999994], [-72.552669, 42.09359199999999], [-72.550409, 42.093149000000004], [-72.544286, 42.088811], [-72.544491, 42.088772999999975], [-72.544203, 42.08815], [-72.53969599999999, 42.08499400000001], [-72.540138, 42.084905], [-72.53940899999999, 42.081222000000004], [-72.539973, 42.081404000000006], [-72.53985, 42.080522000000016], [-72.541913, 42.08035700000001], [-72.54206099999999, 42.08241199999999], [-72.543719, 42.08356499999999], [-72.54444, 42.083704999999995], [-72.545017, 42.08240999999999], [-72.546171, 42.082244], [-72.545827, 42.08047699999999], [-72.54753699999999, 42.08027899999998], [-72.546942, 42.079683999999986], [-72.546799, 42.07884], [-72.547337, 42.078435], [-72.546036, 42.07714199999999], [-72.54854999999999, 42.07567099999999], [-72.547986, 42.075383], [-72.548198, 42.07517700000001], [-72.548277, 42.07475600000001], [-72.547978, 42.07412800000001], [-72.548559, 42.07396500000002], [-72.550066, 42.073938000000005], [-72.550221, 42.07379799999998], [-72.550675, 42.073950999999994], [-72.551245, 42.073862999999996], [-72.551779, 42.074418000000016], [-72.55469599999999, 42.075562000000005], [-72.555864, 42.07565199999999], [-72.556454, 42.076557], [-72.556726, 42.076704999999976], [-72.55736, 42.076867], [-72.558432, 42.076695], [-72.558893, 42.076963], [-72.559167, 42.07811799999999], [-72.55827599999999, 42.082702], [-72.55788000000001, 42.08299], [-72.55605299999999, 42.08341899999999], [-72.555272, 42.08377899999999], [-72.556394, 42.084898], [-72.55548999999999, 42.085388], [-72.55592299999999, 42.085811], [-72.557763, 42.086267], [-72.558031, 42.086206000000004], [-72.564135, 42.08732399999999], [-72.563317, 42.085123], [-72.567418, 42.084322], [-72.568004, 42.086041], [-72.569433, 42.085747], [-72.56908, 42.085075999999994], [-72.57370399999999, 42.08423399999999], [-72.57405299999999, 42.084188999999995], [-72.574119, 42.084394999999994], [-72.57972199999999, 42.08351900000002], [-72.579576, 42.08292199999999], [-72.579892, 42.082494], [-72.579985, 42.082026000000006], [-72.58269299999999, 42.081557999999994], [-72.58411199999999, 42.08699699999999], [-72.586012, 42.09029399999999], [-72.588531, 42.09324399999999], [-72.58948099999999, 42.09261599999999], [-72.590994, 42.09230500000001], [-72.59172199999999, 42.092443], [-72.593971, 42.09346299999999], [-72.59592099999999, 42.09387299999998], [-72.597839, 42.09367099999999], [-72.598346, 42.093402000000005], [-72.59925, 42.092355000000005], [-72.599694, 42.091451], [-72.599778, 42.09049700000002], [-72.598573, 42.09035500000001], [-72.598373, 42.09015599999999], [-72.598427, 42.089933], [-72.59947000000001, 42.089766], [-72.60053599999999, 42.08899299999999], [-72.600681, 42.08827899999998], [-72.600374, 42.08732499999998], [-72.60043399999999, 42.086439], [-72.601081, 42.085996], [-72.602144, 42.086266], [-72.605718, 42.087877999999996], [-72.607158, 42.088266], [-72.609561, 42.08861], [-72.61048, 42.088494], [-72.613494, 42.087547], [-72.62029, 42.087684999999986], [-72.626808, 42.089884], [-72.629319, 42.09172399999999], [-72.62987799999999, 42.093066], [-72.630685, 42.094255], [-72.63109, 42.095168], [-72.63089, 42.09586], [-72.630234, 42.096264999999995], [-72.62948899999999, 42.09728599999999], [-72.629809, 42.098106], [-72.631007, 42.100121], [-72.632289, 42.10042800000001], [-72.63421600000001, 42.100334999999994], [-72.635638, 42.09979500000001], [-72.636515, 42.09921299999999], [-72.638635, 42.098811], [-72.642482, 42.099322], [-72.645952, 42.099386999999986], [-72.64710699999999, 42.099261000000006], [-72.649057, 42.098955000000004], [-72.651713, 42.09788599999999], [-72.654973, 42.09757599999999], [-72.657364, 42.09679800000001], [-72.658609, 42.095825], [-72.660186, 42.093433999999995], [-72.661429, 42.089535], [-72.66128499999999, 42.08847299999999], [-72.660755, 42.086812], [-72.660958, 42.08611199999999], [-72.661412, 42.085004999999995], [-72.661827, 42.08453], [-72.662415, 42.08431399999998], [-72.663011, 42.084308], [-72.66389, 42.084688], [-72.666692, 42.08731799999999], [-72.666941, 42.08775899999999], [-72.667168, 42.08905399999999], [-72.667553, 42.08983499999999], [-72.66834899999999, 42.091318], [-72.669462, 42.092563000000006], [-72.670284, 42.093334999999996], [-72.672935, 42.09460000000001], [-72.673219, 42.094886], [-72.673969, 42.096383999999986], [-72.675737, 42.098366999999996], [-72.67595399999999, 42.09991400000002], [-72.676385, 42.10048999999999], [-72.678822, 42.10065100000002], [-72.680178, 42.100963000000014], [-72.68144199999999, 42.10069500000001], [-72.681936, 42.10108100000001], [-72.682251, 42.101537], [-72.682445, 42.10245799999999], [-72.682661, 42.106311999999996], [-72.682884, 42.106713000000006], [-72.683258, 42.106972], [-72.68445799999999, 42.10713499999999], [-72.688142, 42.106336], [-72.69107, 42.106224999999995], [-72.69357699999999, 42.105754999999995], [-72.694861, 42.10590100000001]]]}}, {"type": "Feature", "properties": {"district_name": "Berkshire, Hampshire, Franklin & Hampden District", "chamber": "senate", "vintage": "2012-2020", "url": "/district/senate-berkshire-hampshire-franklin-hampden-district-2012-2020/", "latest_year": 2020, "years": [{"year": 2020, "lean_dem_share": 0.7306, "competitiveness": "Safe", "competitiveness_label": "Safe D", "party_favored": "Democratic", "is_uncontested": true, "turnout_ratio": 0.807, "winner_name": "Adam G. Hinds", "winner_party": "Democratic", "winner_war": null, "winner_lean_component": 0.5651, "winner_tide_component": 0.0067, "winner_incumbency_adjustment": 0.0, "winner_demographics_component": null, "winner_fundraising_component": null}, {"year": 2018, "lean_dem_share": 0.4598, "competitiveness": "Lean", "competitiveness_label": "Lean R", "party_favored": "Republican", "is_uncontested": null, "turnout_ratio": null, "winner_name": null, "winner_party": null, "winner_war": null, "winner_lean_component": null, "winner_tide_component": null, "winner_incumbency_adjustment": null, "winner_demographics_component": null, "winner_fundraising_component": null}, {"year": 2016, "lean_dem_share": 0.7093, "competitiveness": "Safe", "competitiveness_label": "Safe D", "party_favored": "Democratic", "is_uncontested": null, "turnout_ratio": null, "winner_name": null, "winner_party": null, "winner_war": null, "winner_lean_component": null, "winner_tide_component": null, "winner_incumbency_adjustment": null, "winner_demographics_component": null, "winner_fundraising_component": null}, {"year": 2014, "lean_dem_share": 0.6782, "competitiveness": "Safe", "competitiveness_label": "Safe D", "party_favored": "Democratic", "is_uncontested": null, "turnout_ratio": null, "winner_name": null, "winner_party": null, "winner_war": null, "winner_lean_component": null, "winner_tide_component": null, "winner_incumbency_adjustment": null, "winner_demographics_component": null, "winner_fundraising_component": null}, {"year": 2012, "lean_dem_share": 0.7605, "competitiveness": "Safe", "competitiveness_label": "Safe D", "party_favored": "Democratic", "is_uncontested": null, "turnout_ratio": null, "winner_name": null, "winner_party": null, "winner_war": null, "winner_lean_component": null, "winner_tide_component": null, "winner_incumbency_adjustment": null, "winner_demographics_component": null, "winner_fundraising_component": null}], "lean_dem_share": 0.7306, "competitiveness": "Safe", "competitiveness_label": "Safe D", "party_favored": "Democratic", "is_uncontested": true, "turnout_ratio": 0.807, "winner_name": "Adam G. Hinds", "winner_party": "Democratic", "winner_war": null, "winner_lean_component": 0.5651, "winner_tide_component": 0.0067, "winner_incumbency_adjustment": 0.0, "winner_demographics_component": null, "winner_fundraising_component": null}, "geometry": {"type": "Polygon", "coordinates": [[[-73.50814199999999, 42.08625699999999], [-73.499563, 42.10999], [-73.49708799999999, 42.11628299999999], [-73.493119, 42.127666], [-73.48341599999999, 42.154448], [-73.450974, 42.242779000000006], [-73.405626, 42.365933000000005], [-73.375196, 42.447921], [-73.374551, 42.450038000000006], [-73.363312, 42.479923], [-73.362768, 42.481955], [-73.362064, 42.48323500000001], [-73.356894, 42.49836], [-73.356031, 42.500018], [-73.352527, 42.510002], [-73.347303, 42.52415399999999], [-73.343792, 42.533297999999995], [-73.309828, 42.625080999999994], [-73.293887, 42.66745200000001], [-73.264957, 42.74593999999998], [-73.249554, 42.74583], [-73.24522499999999, 42.745509999999996], [-73.142485, 42.743587999999995], [-73.119571, 42.74330699999999], [-73.08988099999999, 42.74241400000002], [-73.07301799999999, 42.742084000000006], [-73.07128, 42.742205999999996], [-73.048041, 42.741481], [-73.01864499999999, 42.74105899999999], [-72.923563, 42.73916399999999], [-72.809113, 42.736581000000015], [-72.791079, 42.736024], [-72.791421, 42.735268], [-72.78965800000002, 42.729907], [-72.783861, 42.70591100000001], [-72.77264699999999, 42.658334], [-72.76609200000001, 42.62926], [-72.73501, 42.633188], [-72.632942, 42.645362999999996], [-72.649929, 42.576874], [-72.636821, 42.57798499999999], [-72.638879, 42.570018], [-72.651974, 42.56863], [-72.655344, 42.555234999999996], [-72.67545199999999, 42.55301800000001], [-72.67469899999999, 42.552532], [-72.673, 42.55186500000001], [-72.66924399999999, 42.551452999999995], [-72.667366, 42.550427], [-72.66470000000001, 42.54941999999999], [-72.663652, 42.548802999999985], [-72.662249, 42.54671], [-72.661018, 42.544187000000015], [-72.65969799999999, 42.543123999999985], [-72.656279, 42.540979], [-72.65565, 42.540412], [-72.652227, 42.53382400000001], [-72.648708, 42.52935999999996], [-72.660911, 42.480247999999996], [-72.662769, 42.469262000000015], [-72.65623, 42.470014000000006], [-72.65737399999999, 42.466009000000014], [-72.655716, 42.46125100000001], [-72.65732799999999, 42.45837899999999], [-72.700959, 42.452909999999996], [-72.702377, 42.430358000000005], [-72.704345, 42.405536000000005], [-72.66919299999999, 42.40965799999999], [-72.67212599999999, 42.37135299999999], [-72.74121699999999, 42.36272999999999], [-72.736726, 42.284241], [-72.736524, 42.277586], [-72.73585899999999, 42.266506], [-72.81440500000001, 42.25681900000002], [-72.813416, 42.24500700000001], [-72.857641, 42.240491], [-72.864308, 42.23209099999999], [-72.87218, 42.216438999999994], [-72.87384, 42.20943099999998], [-72.895663, 42.12391699999999], [-72.981906, 42.136693999999984], [-73.03344500000001, 42.14338400000001], [-73.034916, 42.143682], [-73.071199, 42.148214], [-73.07066499999999, 42.147327999999995], [-73.070346, 42.14625499999999], [-73.070121, 42.146049000000005], [-73.070176, 42.145424], [-73.070314, 42.14487199999999], [-73.071949, 42.14367499999999], [-73.071947, 42.143089], [-73.070657, 42.140316000000006], [-73.06895, 42.138572], [-73.06897, 42.13750100000001], [-73.068666, 42.136914999999995], [-73.06850899999999, 42.136064999999995], [-73.068564, 42.135571000000006], [-73.06940999999999, 42.13500000000003], [-73.069823, 42.133503], [-73.069759, 42.132380999999995], [-73.06949900000001, 42.131322], [-73.068319, 42.12960000000002], [-73.067753, 42.127942999999995], [-73.067082, 42.126891], [-73.066727, 42.125156], [-73.066272, 42.124325], [-73.06425899999999, 42.12284499999999], [-73.06355099999999, 42.12174300000001], [-73.061355, 42.11948199999999], [-73.06113400000001, 42.119158000000006], [-73.06106, 42.118576], [-73.0612, 42.118047000000004], [-73.06182, 42.117166], [-73.06335299999999, 42.115849999999995], [-73.066118, 42.11463599999999], [-73.069265, 42.113878999999976], [-73.07137399999999, 42.112756999999995], [-73.072537, 42.11184], [-73.072825, 42.111444000000006], [-73.07299499999999, 42.1106], [-73.071867, 42.109450999999986], [-73.07176299999999, 42.108999], [-73.071867, 42.10816299999997], [-73.072176, 42.107668000000004], [-73.072994, 42.10694400000002], [-73.074845, 42.106145999999995], [-73.07508000000001, 42.105637000000016], [-73.075073, 42.104903000000014], [-73.074896, 42.104724000000004], [-73.074918, 42.10437799999999], [-73.074167, 42.10186699999999], [-73.073082, 42.09418499999999], [-73.062863, 42.072829000000006], [-73.06187899999999, 42.07044], [-73.061329, 42.070263000000025], [-73.060243, 42.06875699999999], [-73.05868, 42.06764800000002], [-73.05825, 42.066992000000006], [-73.058339, 42.066326999999994], [-73.05864799999999, 42.065891], [-73.05937, 42.06528199999999], [-73.060343, 42.064947], [-73.060976, 42.064074999999995], [-73.061219, 42.063012], [-73.061455, 42.062704999999994], [-73.06129299999999, 42.06199599999999], [-73.06088, 42.06134900000001], [-73.060087, 42.060787999999995], [-73.05919399999999, 42.060326], [-73.05838299999999, 42.060159000000006], [-73.057178, 42.059289], [-73.05469, 42.058536], [-73.05429000000001, 42.058095], [-73.053867, 42.057933999999996], [-73.053737, 42.05758099999999], [-73.053405, 42.054998999999995], [-73.054346, 42.052912000000006], [-73.054405, 42.051666999999995], [-73.054592, 42.05102900000001], [-73.05487099999999, 42.050256999999995], [-73.055735, 42.04948900000002], [-73.056786, 42.048016999999994], [-73.056618, 42.04693799999999], [-73.054929, 42.044971999999994], [-73.054819, 42.042716], [-73.053254, 42.039860999999995], [-73.067663, 42.04014700000001], [-73.08705499999999, 42.04087999999997], [-73.148173, 42.04269699999999], [-73.229798, 42.044877], [-73.25546, 42.045795], [-73.293386, 42.046789999999994], [-73.29589299999999, 42.047025999999995], [-73.32674399999999, 42.047931999999996], [-73.42616799999999, 42.05048399999998], [-73.432812, 42.05058699999999], [-73.489524, 42.04960599999999], [-73.49687899999999, 42.04967499999999], [-73.507965, 42.085007000000004], [-73.50814199999999, 42.08625699999999]]]}}, {"type": "Feature", "properties": {"district_name": "Second Hampden & Hampshire District", "chamber": "senate", "vintage": "2012-2020", "url": "/district/senate-second-hampden-hampshire-district-2012-2020/", "latest_year": 2020, "years": [{"year": 2020, "lean_dem_share": 0.5725, "competitiveness": "Likely", "competitiveness_label": "Likely D", "party_favored": "Democratic", "is_uncontested": false, "turnout_ratio": 1.0003, "winner_name": "John C. Velis", "winner_party": "Democratic", "winner_war": 0.0907, "winner_lean_component": 0.4152, "winner_tide_component": 0.0067, "winner_incumbency_adjustment": 0.0, "winner_demographics_component": null, "winner_fundraising_component": 0.0343}, {"year": 2018, "lean_dem_share": 0.2839, "competitiveness": "Safe", "competitiveness_label": "Safe R", "party_favored": "Republican", "is_uncontested": true, "turnout_ratio": 0.7724, "winner_name": "Donald F. Humason, Jr", "winner_party": "Republican", "winner_war": null, "winner_lean_component": 0.3679, "winner_tide_component": 0.0045, "winner_incumbency_adjustment": 0.1297, "winner_demographics_component": null, "winner_fundraising_component": null}, {"year": 2016, "lean_dem_share": 0.5575, "competitiveness": "Likely", "competitiveness_label": "Likely D", "party_favored": "Democratic", "is_uncontested": false, "turnout_ratio": 1.0464, "winner_name": "Donald F. Humason, Jr", "winner_party": "Republican", "winner_war": 0.0336, "winner_lean_component": 0.3679, "winner_tide_component": 0.0024, "winner_incumbency_adjustment": 0.1297, "winner_demographics_component": null, "winner_fundraising_component": null}, {"year": 2014, "lean_dem_share": 0.4372, "competitiveness": "Likely", "competitiveness_label": "Likely R", "party_favored": "Republican", "is_uncontested": false, "turnout_ratio": 1.1237, "winner_name": "Donald F. Humason, Jr", "winner_party": "Republican", "winner_war": 0.1334, "winner_lean_component": 0.3679, "winner_tide_component": 0.0035, "winner_incumbency_adjustment": 0.0, "winner_demographics_component": null, "winner_fundraising_component": null}, {"year": 2012, "lean_dem_share": 0.6019, "competitiveness": "Safe", "competitiveness_label": "Safe D", "party_favored": "Democratic", "is_uncontested": true, "turnout_ratio": 0.7754, "winner_name": "Michael R. Knapik", "winner_party": "Republican", "winner_war": null, "winner_lean_component": 0.3679, "winner_tide_component": 0.0026, "winner_incumbency_adjustment": 0.0, "winner_demographics_component": null, "winner_fundraising_component": 0.0189}], "lean_dem_share": 0.5725, "competitiveness": "Likely", "competitiveness_label": "Likely D", "party_favored": "Democratic", "is_uncontested": false, "turnout_ratio": 1.0003, "winner_name": "John C. Velis", "winner_party": "Democratic", "winner_war": 0.0907, "winner_lean_component": 0.4152, "winner_tide_component": 0.0067, "winner_incumbency_adjustment": 0.0, "winner_demographics_component": null, "winner_fundraising_component": 0.0343}, "geometry": {"type": "Polygon", "coordinates": [[[-73.07511699999999, 42.105412], [-73.07480699999999, 42.10618100000001], [-73.072994, 42.10694400000002], [-73.072176, 42.107668000000004], [-73.071867, 42.10816299999997], [-73.07176299999999, 42.108642999999994], [-73.071867, 42.109450999999986], [-73.073002, 42.110645], [-73.072825, 42.111444000000006], [-73.07242, 42.11195000000001], [-73.07137399999999, 42.112756999999995], [-73.069265, 42.113878999999976], [-73.066118, 42.11463599999999], [-73.06335299999999, 42.115849999999995], [-73.06182, 42.117166], [-73.0612, 42.118047000000004], [-73.06106, 42.118576], [-73.06113400000001, 42.119158000000006], [-73.061355, 42.11948199999999], [-73.06355099999999, 42.12174300000001], [-73.06425899999999, 42.12284499999999], [-73.066272, 42.124325], [-73.066727, 42.125156], [-73.067082, 42.126891], [-73.067753, 42.127942999999995], [-73.068319, 42.12960000000002], [-73.06949900000001, 42.131322], [-73.069759, 42.132380999999995], [-73.069823, 42.133503], [-73.06940999999999, 42.13500000000003], [-73.068564, 42.135571000000006], [-73.06850899999999, 42.136064999999995], [-73.068666, 42.136914999999995], [-73.06897, 42.13750100000001], [-73.06895, 42.138572], [-73.070657, 42.140316000000006], [-73.071947, 42.143089], [-73.071949, 42.14367499999999], [-73.070314, 42.14487199999999], [-73.070176, 42.145424], [-73.070121, 42.146049000000005], [-73.070346, 42.14625499999999], [-73.07066499999999, 42.147327999999995], [-73.071199, 42.148214], [-73.034916, 42.143682], [-73.03344500000001, 42.14338400000001], [-72.981906, 42.136693999999984], [-72.895663, 42.12391699999999], [-72.87384, 42.20943099999998], [-72.87218, 42.216438999999994], [-72.864308, 42.23209099999999], [-72.857641, 42.240491], [-72.813416, 42.24500700000001], [-72.81440500000001, 42.25681900000002], [-72.73585899999999, 42.266506], [-72.736524, 42.277586], [-72.736726, 42.284241], [-72.672091, 42.29188699999999], [-72.672169, 42.290962000000015], [-72.672035, 42.290192999999995], [-72.660216, 42.28925399999998], [-72.660488, 42.28862799999999], [-72.656086, 42.289941999999996], [-72.65383299999999, 42.290389999999995], [-72.648652, 42.29176100000001], [-72.646048, 42.290339999999986], [-72.643832, 42.28851900000001], [-72.64207999999999, 42.288174000000005], [-72.640677, 42.284137000000015], [-72.63743699999999, 42.28739], [-72.636196, 42.286113], [-72.634849, 42.28538800000001], [-72.633669, 42.285122], [-72.630232, 42.28492899999999], [-72.629022, 42.28526699999998], [-72.627927, 42.28592299999999], [-72.627382, 42.28649199999999], [-72.624521, 42.28814800000001], [-72.622159, 42.28902599999997], [-72.61823199999999, 42.29018800000001], [-72.614701, 42.29019900000001], [-72.614921, 42.288658000000005], [-72.614449, 42.287506999999984], [-72.613034, 42.28619], [-72.605633, 42.28479000000001], [-72.60133300000001, 42.281290000000006], [-72.598933, 42.26809], [-72.600133, 42.26538999999999], [-72.607918, 42.26017], [-72.61802999999999, 42.24807500000001], [-72.620189, 42.243576], [-72.62393399999999, 42.233691], [-72.62093399999999, 42.22929100000001], [-72.612934, 42.22499100000001], [-72.61023399999999, 42.218491000000014], [-72.607933, 42.216291000000005], [-72.602233, 42.213291000000005], [-72.60073299999999, 42.212790999999974], [-72.596633, 42.21189100000001], [-72.592418, 42.211691], [-72.57220199999999, 42.21380399999998], [-72.572101, 42.213386], [-72.570966, 42.207444999999986], [-72.57087800000001, 42.205980000000004], [-72.571201, 42.203697], [-72.572399, 42.200712], [-72.57360700000001, 42.20146200000001], [-72.57574199999999, 42.201927], [-72.57893299999999, 42.20161599999998], [-72.57844, 42.197575000000015], [-72.577576, 42.194367], [-72.577272, 42.194233999999994], [-72.575217, 42.19444599999999], [-72.576176, 42.192330000000005], [-72.5804, 42.19379999999998], [-72.583469, 42.194448], [-72.583525, 42.193869], [-72.584442, 42.193002], [-72.58493299999999, 42.19289199999998], [-72.585454, 42.19350999999998], [-72.588219, 42.192664000000015], [-72.590981, 42.193315999999996], [-72.591297, 42.19283], [-72.59296499999999, 42.19248900000001], [-72.594974, 42.192871], [-72.59505899999999, 42.19212100000001], [-72.595421, 42.191709], [-72.597433, 42.19179200000001], [-72.598806, 42.19108000000002], [-72.598889, 42.19053799999999], [-72.599614, 42.190912000000004], [-72.601179, 42.18945499999999], [-72.600503, 42.188834999999976], [-72.600861, 42.188410999999995], [-72.601344, 42.18790699999999], [-72.603157, 42.186761000000004], [-72.604432, 42.18430400000001], [-72.604325, 42.183337], [-72.603585, 42.182326999999994], [-72.603156, 42.18200800000001], [-72.601996, 42.181608], [-72.596397, 42.18045000000002], [-72.594128, 42.180253], [-72.590898, 42.18026], [-72.589213, 42.177957999999975], [-72.58712299999999, 42.17451499999998], [-72.587386, 42.17421700000001], [-72.58949299999999, 42.173986000000006], [-72.589569, 42.174385000000015], [-72.591443, 42.17417299999999], [-72.591684, 42.17548000000001], [-72.59573999999999, 42.17524499999999], [-72.59562799999999, 42.17461699999999], [-72.598491, 42.174347999999995], [-72.59822, 42.17211400000001], [-72.59776699999999, 42.17140200000001], [-72.59311199999999, 42.168119999999995], [-72.59663499999999, 42.16693999999999], [-72.599918, 42.165295], [-72.61018299999999, 42.157948], [-72.611181, 42.160635000000006], [-72.611429, 42.162139999999994], [-72.61036899999999, 42.168687], [-72.61009299999999, 42.171527], [-72.610863, 42.171253], [-72.614561, 42.17150499999999], [-72.614662, 42.17506100000001], [-72.62053, 42.17771], [-72.619703, 42.178326999999996], [-72.621858, 42.179258], [-72.624618, 42.180127000000006], [-72.625816, 42.17521299999999], [-72.62790199999999, 42.175380000000004], [-72.628258, 42.173590000000004], [-72.628498, 42.171974000000006], [-72.62861, 42.166227], [-72.628407, 42.16516199999998], [-72.627342, 42.16203200000001], [-72.68483599999999, 42.162992], [-72.68567999999999, 42.153839999999995], [-72.686568, 42.150782], [-72.688063, 42.14914400000001], [-72.689064, 42.146243], [-72.68677, 42.143753], [-72.687192, 42.142315999999994], [-72.686358, 42.13594699999999], [-72.690176, 42.128755999999996], [-72.690906, 42.12251899999999], [-72.691192, 42.121771999999986], [-72.691159, 42.12100199999999], [-72.692495, 42.117013000000014], [-72.693028, 42.112669], [-72.694492, 42.106563], [-72.694861, 42.10590100000001], [-72.69357699999999, 42.105754999999995], [-72.69107, 42.106224999999995], [-72.688142, 42.106336], [-72.68445799999999, 42.10713499999999], [-72.683258, 42.106972], [-72.682884, 42.106713000000006], [-72.682661, 42.106311999999996], [-72.682445, 42.10245799999999], [-72.682251, 42.101537], [-72.681936, 42.10108100000001], [-72.68144199999999, 42.10069500000001], [-72.680178, 42.100963000000014], [-72.678822, 42.10065100000002], [-72.676385, 42.10048999999999], [-72.67595399999999, 42.09991400000002], [-72.675737, 42.098366999999996], [-72.673969, 42.096383999999986], [-72.673219, 42.094886], [-72.672935, 42.09460000000001], [-72.670284, 42.093334999999996], [-72.669462, 42.092563000000006], [-72.66834899999999, 42.091318], [-72.667553, 42.08983499999999], [-72.667168, 42.08905399999999], [-72.666941, 42.08775899999999], [-72.666692, 42.08731799999999], [-72.66470199999999, 42.08536000000001], [-72.663443, 42.08442600000001], [-72.66219099999999, 42.08437300000001], [-72.661827, 42.08453], [-72.661412, 42.085004999999995], [-72.660755, 42.086812], [-72.66128499999999, 42.08847299999999], [-72.661429, 42.089535], [-72.660669, 42.09214499999999], [-72.660186, 42.093433999999995], [-72.659224, 42.095046], [-72.658198, 42.096235], [-72.657364, 42.09679800000001], [-72.654973, 42.09757599999999], [-72.651713, 42.09788599999999], [-72.649057, 42.098955000000004], [-72.64710699999999, 42.099261000000006], [-72.645952, 42.099386999999986], [-72.642482, 42.099322], [-72.638635, 42.098811], [-72.636515, 42.09921299999999], [-72.634755, 42.10017200000001], [-72.633309, 42.100460999999996], [-72.631856, 42.100381], [-72.631007, 42.100121], [-72.629809, 42.098106], [-72.62948899999999, 42.09728599999999], [-72.630234, 42.096264999999995], [-72.63089, 42.09586], [-72.63109, 42.095168], [-72.630685, 42.094255], [-72.62987799999999, 42.093066], [-72.629319, 42.09172399999999], [-72.626808, 42.089884], [-72.62029, 42.087684999999986], [-72.613494, 42.087547], [-72.61048, 42.088494], [-72.609561, 42.08861], [-72.607158, 42.088266], [-72.605718, 42.087877999999996], [-72.602144, 42.086266], [-72.601081, 42.085996], [-72.60043399999999, 42.086439], [-72.600374, 42.08732499999998], [-72.600681, 42.08827899999998], [-72.60053599999999, 42.08899299999999], [-72.59947000000001, 42.089766], [-72.598427, 42.089933], [-72.598373, 42.09015599999999], [-72.598573, 42.09035500000001], [-72.599778, 42.09049700000002], [-72.599503, 42.091943], [-72.598346, 42.093402000000005], [-72.597578, 42.093751], [-72.596412, 42.093872000000005], [-72.593971, 42.09346299999999], [-72.59172199999999, 42.092443], [-72.590994, 42.09230500000001], [-72.58948099999999, 42.09261599999999], [-72.588531, 42.09324399999999], [-72.585732, 42.08989599999999], [-72.58411199999999, 42.08699699999999], [-72.58269299999999, 42.081557999999994], [-72.58253500000001, 42.080686], [-72.58267099999999, 42.079518], [-72.583437, 42.07830199999999], [-72.584115, 42.077563999999995], [-72.586455, 42.075683000000005], [-72.588681, 42.073383], [-72.59003299999999, 42.071470999999974], [-72.592494, 42.068856999999994], [-72.596482, 42.063384], [-72.600173, 42.057670999999985], [-72.60500499999999, 42.05102199999999], [-72.606207, 42.04828199999999], [-72.607619, 42.04432699999998], [-72.60755499999999, 42.042612000000005], [-72.608254, 42.038315], [-72.608111, 42.03584000000001], [-72.608173, 42.033229999999975], [-72.607933, 42.030795], [-72.610833, 42.03099499999998], [-72.618134, 42.03109500000001], [-72.64165, 42.032295999999995], [-72.678434, 42.035594999999994], [-72.696388, 42.036801000000004], [-72.714137, 42.03689499999999], [-72.714337, 42.03659499999999], [-72.715637, 42.03649499999999], [-72.718937, 42.03659499999999], [-72.755994, 42.036185999999994], [-72.756008, 42.035116000000016], [-72.75679099999999, 42.03417900000001], [-72.757175, 42.03334499999999], [-72.75511999999999, 42.032732], [-72.75370199999999, 42.032062999999994], [-72.75204, 42.03064400000001], [-72.75176499999999, 42.029792], [-72.75253300000001, 42.02824300000002], [-72.753776, 42.02720300000001], [-72.75452899999999, 42.025717], [-72.755703, 42.02478600000001], [-72.755965, 42.023958999999984], [-72.756671, 42.022757000000006], [-72.75642599999999, 42.021927999999996], [-72.757071, 42.02112200000001], [-72.75805199999999, 42.020865999999984], [-72.758934, 42.02096299999999], [-72.75910999999999, 42.021077999999996], [-72.759202, 42.02168400000001], [-72.759585, 42.02225500000001], [-72.76098000000002, 42.022753000000016], [-72.761555, 42.022594], [-72.762337, 42.02187900000003], [-72.763542, 42.021148000000004], [-72.76366399999999, 42.021159999999995], [-72.76393999999999, 42.021937000000015], [-72.765036, 42.022452], [-72.76522, 42.022281], [-72.765159, 42.021829], [-72.764622, 42.02167999999999], [-72.76444599999999, 42.021371], [-72.764608, 42.02070799999999], [-72.765275, 42.020400000000016], [-72.765569, 42.01989999999999], [-72.76553799999999, 42.01964700000001], [-72.76529099999999, 42.01961000000001], [-72.764439, 42.02005100000002], [-72.762807, 42.01974200000001], [-72.762309, 42.018117999999994], [-72.761933, 42.01770599999999], [-72.760998, 42.017294], [-72.76009499999999, 42.01748800000001], [-72.75988, 42.01739099999999], [-72.75971899999999, 42.017029999999984], [-72.75985899999999, 42.01656799999999], [-72.76079399999999, 42.01541899999999], [-72.760978, 42.014813000000004], [-72.76155399999999, 42.014281], [-72.762689, 42.013693], [-72.76321899999999, 42.01271599999999], [-72.76307299999999, 42.01207600000001], [-72.76241499999999, 42.011343], [-72.76194799999999, 42.010217], [-72.761366, 42.00988000000001], [-72.761473, 42.00930800000001], [-72.76177299999999, 42.008981999999996], [-72.76255499999999, 42.00860000000001], [-72.765238, 42.008326000000004], [-72.76613900000001, 42.00787299999998], [-72.766738, 42.002995], [-72.816741, 41.997595], [-72.813541, 42.036494000000005], [-72.84714199999999, 42.036894000000004], [-72.86184899999999, 42.037694], [-72.87477, 42.037651999999994], [-72.94005299999999, 42.038181], [-72.944321, 42.03870399999999], [-72.96628199999999, 42.03838], [-72.999549, 42.03865299999998], [-73.030063, 42.03919699999997], [-73.052037, 42.03972199999998], [-73.053254, 42.039860999999995], [-73.054819, 42.042716], [-73.054929, 42.044971999999994], [-73.056618, 42.04693799999999], [-73.056786, 42.048016999999994], [-73.055735, 42.04948900000002], [-73.05487099999999, 42.050256999999995], [-73.054592, 42.05102900000001], [-73.054405, 42.051666999999995], [-73.054346, 42.052912000000006], [-73.053405, 42.054998999999995], [-73.053737, 42.05758099999999], [-73.053867, 42.057933999999996], [-73.05429000000001, 42.058095], [-73.05469, 42.058536], [-73.057178, 42.059289], [-73.05838299999999, 42.060159000000006], [-73.05919399999999, 42.060326], [-73.060087, 42.060787999999995], [-73.06088, 42.06134900000001], [-73.06129299999999, 42.06199599999999], [-73.061455, 42.062704999999994], [-73.061219, 42.063012], [-73.060976, 42.064074999999995], [-73.060343, 42.064947], [-73.05937, 42.06528199999999], [-73.05864799999999, 42.065891], [-73.058339, 42.066326999999994], [-73.05825, 42.066992000000006], [-73.05868, 42.06764800000002], [-73.060243, 42.06875699999999], [-73.061329, 42.070263000000025], [-73.06187899999999, 42.07044], [-73.062863, 42.072829000000006], [-73.073082, 42.09418499999999], [-73.074167, 42.10186699999999], [-73.07511699999999, 42.105412]]]}}, {"type": "Feature", "properties": {"district_name": "Hampshire, Franklin & Worcester District", "chamber": "senate", "vintage": "2012-2020", "url": "/district/senate-hampshire-franklin-worcester-district-2012-2020/", "latest_year": 2020, "years": [{"year": 2020, "lean_dem_share": 0.7819, "competitiveness": "Safe", "competitiveness_label": "Safe D", "party_favored": "Democratic", "is_uncontested": true, "turnout_ratio": 0.8393, "winner_name": "Joanne M. Comerford", "winner_party": "Democratic", "winner_war": null, "winner_lean_component": 0.5928, "winner_tide_component": 0.0067, "winner_incumbency_adjustment": 0.0724, "winner_demographics_component": null, "winner_fundraising_component": 0.0169}, {"year": 2018, "lean_dem_share": 0.5076, "competitiveness": "Tossup", "competitiveness_label": "Tossup D", "party_favored": "Democratic", "is_uncontested": true, "turnout_ratio": 0.8529, "winner_name": "Joanne M. Comerford", "winner_party": "Democratic", "winner_war": null, "winner_lean_component": 0.5928, "winner_tide_component": 0.0033, "winner_incumbency_adjustment": 0.0, "winner_demographics_component": null, "winner_fundraising_component": 0.0392}, {"year": 2016, "lean_dem_share": 0.7647, "competitiveness": "Safe", "competitiveness_label": "Safe D", "party_favored": "Democratic", "is_uncontested": false, "turnout_ratio": 1.0419, "winner_name": "Stanley C. Rosenberg", "winner_party": "Democratic", "winner_war": -0.0086, "winner_lean_component": 0.5928, "winner_tide_component": 0.0065, "winner_incumbency_adjustment": 0.0724, "winner_demographics_component": null, "winner_fundraising_component": 0.0606}, {"year": 2014, "lean_dem_share": 0.6744, "competitiveness": "Safe", "competitiveness_label": "Safe D", "party_favored": "Democratic", "is_uncontested": true, "turnout_ratio": 0.9131, "winner_name": "Stanley C. Rosenberg", "winner_party": "Democratic", "winner_war": null, "winner_lean_component": 0.5928, "winner_tide_component": 0.0049, "winner_incumbency_adjustment": 0.0724, "winner_demographics_component": null, "winner_fundraising_component": 0.0428}, {"year": 2012, "lean_dem_share": 0.7733, "competitiveness": "Safe", "competitiveness_label": "Safe D", "party_favored": "Democratic", "is_uncontested": true, "turnout_ratio": 0.8704, "winner_name": "Stanley C. Rosenberg", "winner_party": "Democratic", "winner_war": null, "winner_lean_component": 0.5928, "winner_tide_component": 0.0062, "winner_incumbency_adjustment": 0.0, "winner_demographics_component": null, "winner_fundraising_component": 0.0175}], "lean_dem_share": 0.7819, "competitiveness": "Safe", "competitiveness_label": "Safe D", "party_favored": "Democratic", "is_uncontested": true, "turnout_ratio": 0.8393, "winner_name": "Joanne M. Comerford", "winner_party": "Democratic", "winner_war": null, "winner_lean_component": 0.5928, "winner_tide_component": 0.0067, "winner_incumbency_adjustment": 0.0724, "winner_demographics_component": null, "winner_fundraising_component": 0.0169}, "geometry": {"type": "Polygon", "coordinates": [[[-72.791079, 42.736024], [-72.570932, 42.73014800000001], [-72.437778, 42.726282], [-72.285996, 42.72162599999998], [-72.124526, 42.717637], [-72.111071, 42.71717200000001], [-72.11619, 42.631975], [-72.116631, 42.62660699999999], [-72.140151, 42.623785999999996], [-72.14214000000001, 42.623647000000005], [-72.154185, 42.623851999999985], [-72.15664900000002, 42.62360000000001], [-72.15834600000001, 42.633211], [-72.164279, 42.632568], [-72.16527200000002, 42.63642199999999], [-72.167414, 42.64652299999999], [-72.212349, 42.640653999999984], [-72.22904799999999, 42.638324999999995], [-72.228515, 42.63725899999999], [-72.228391, 42.636461], [-72.22630099999999, 42.63449699999998], [-72.22623100000001, 42.63378899999999], [-72.225931, 42.633368000000004], [-72.22618299999999, 42.632439], [-72.225878, 42.632018999999985], [-72.22605700000001, 42.631688], [-72.22561, 42.631054000000006], [-72.22546299999999, 42.63026299999999], [-72.226646, 42.628734], [-72.22683099999999, 42.628144], [-72.226776, 42.627355], [-72.227047, 42.62688900000001], [-72.22861000000002, 42.62603999999998], [-72.229886, 42.626075], [-72.230622, 42.625912999999976], [-72.23124, 42.62571100000001], [-72.231628, 42.62530199999999], [-72.23155799999999, 42.624306000000004], [-72.230858, 42.62373700000001], [-72.229419, 42.62380900000001], [-72.229171, 42.623684999999995], [-72.229201, 42.623084000000034], [-72.229839, 42.62194299999999], [-72.228498, 42.62152299999998], [-72.2278, 42.62186000000001], [-72.22748, 42.62176199999999], [-72.227496, 42.62149299999999], [-72.22781499999999, 42.621061], [-72.227883, 42.620162999999984], [-72.228066, 42.619983], [-72.228453, 42.61871400000001], [-72.22796199999999, 42.617968], [-72.228117, 42.617169999999994], [-72.22794, 42.61673899999998], [-72.228034, 42.61629699999999], [-72.227817, 42.615877999999995], [-72.228071, 42.61547600000001], [-72.229573, 42.61436999999999], [-72.23015199999999, 42.614264999999996], [-72.23043899999999, 42.61466699999999], [-72.23074199999999, 42.61468500000003], [-72.231405, 42.61395399999999], [-72.231809, 42.613845999999995], [-72.233345, 42.614202], [-72.237236, 42.61403999999999], [-72.238075, 42.61458499999999], [-72.239477, 42.61362099999999], [-72.24004800000002, 42.613459], [-72.240887, 42.613936], [-72.24163, 42.61400199999999], [-72.24220199999999, 42.61389800000001], [-72.24269300000002, 42.61329899999999], [-72.254713, 42.611633000000005], [-72.253239, 42.605284], [-72.256329, 42.60512200000001], [-72.257132, 42.60423999999999], [-72.25881, 42.60372], [-72.25924300000001, 42.60225099999999], [-72.260042, 42.601133], [-72.26056799999999, 42.60085900000001], [-72.262321, 42.60029999999999], [-72.265447, 42.600957], [-72.26706399999999, 42.600812999999995], [-72.261321, 42.575868], [-72.263459, 42.57586], [-72.264096, 42.57620900000001], [-72.264679, 42.57704399999998], [-72.265162, 42.577385000000014], [-72.26649499999999, 42.57768100000001], [-72.26805, 42.577794000000004], [-72.269173, 42.57765199999999], [-72.270138, 42.57637400000001], [-72.2707, 42.57610699999999], [-72.271355, 42.576121], [-72.27201099999999, 42.57680500000001], [-72.271855, 42.577832], [-72.272239, 42.578677], [-72.272965, 42.579142000000004], [-72.274025, 42.579282], [-72.274287, 42.578663], [-72.274249, 42.578168999999995], [-72.274017, 42.577788], [-72.274628, 42.576657999999995], [-72.27552, 42.576615000000004], [-72.27645199999999, 42.57685], [-72.27663799999999, 42.571136999999986], [-72.27665999999999, 42.57043800000001], [-72.275308, 42.56627499999996], [-72.275134, 42.566172], [-72.275173, 42.56586999999998], [-72.27359, 42.560998999999995], [-72.272297, 42.553931999999996], [-72.271478, 42.54726100000001], [-72.271207, 42.54632999999999], [-72.269221, 42.533408999999985], [-72.26283699999999, 42.52832399999999], [-72.244952, 42.513552], [-72.262819, 42.500084], [-72.270609, 42.494676999999996], [-72.29142399999999, 42.47949500000001], [-72.283408, 42.441196], [-72.283695, 42.44081200000001], [-72.28503599999999, 42.439963000000006], [-72.286419, 42.43944999999998], [-72.286535, 42.439141], [-72.287218, 42.43867400000001], [-72.287538, 42.438315], [-72.28720899999999, 42.437549999999995], [-72.28747299999999, 42.437165000000014], [-72.28766499999999, 42.437107], [-72.288237, 42.437371000000006], [-72.289591, 42.43731100000001], [-72.29065, 42.43745199999999], [-72.290834, 42.43720099999999], [-72.290746, 42.436999], [-72.29003999999999, 42.43654999999999], [-72.289932, 42.43622199999999], [-72.289177, 42.436092], [-72.289203, 42.435874000000005], [-72.28890299999999, 42.435486], [-72.289928, 42.43466899999999], [-72.290078, 42.433386], [-72.290228, 42.43315200000001], [-72.290689, 42.433247], [-72.291153, 42.43403], [-72.291921, 42.43400899999999], [-72.292127, 42.433758999999995], [-72.291398, 42.43339399999999], [-72.29129, 42.432964999999996], [-72.291309, 42.432368999999994], [-72.291551, 42.431892000000005], [-72.292062, 42.431584000000015], [-72.29193099999999, 42.431265], [-72.29228599999999, 42.43080500000001], [-72.291967, 42.430149], [-72.29213899999999, 42.429863999999995], [-72.292853, 42.42961700000003], [-72.293934, 42.429748], [-72.29471099999999, 42.42888], [-72.29543799999999, 42.42845599999998], [-72.296148, 42.42757], [-72.29776799999999, 42.42695], [-72.297848, 42.426823999999996], [-72.29722, 42.426534999999994], [-72.29727799999999, 42.42641000000001], [-72.29883900000002, 42.426031999999985], [-72.299499, 42.42548199999999], [-72.30032299999999, 42.425487000000004], [-72.300437, 42.425378], [-72.300274, 42.42481499999999], [-72.30036799999999, 42.42447100000001], [-72.30181499999999, 42.424177], [-72.302433, 42.424398999999994], [-72.30247299999999, 42.423894999999995], [-72.301304, 42.42350299999999], [-72.30129699999999, 42.423142], [-72.30085799999999, 42.422131999999976], [-72.301121, 42.42185700000001], [-72.301527, 42.42182600000002], [-72.301596, 42.42172499999999], [-72.301328, 42.42147999999999], [-72.301726, 42.42125599999999], [-72.30183, 42.420971000000016], [-72.302146, 42.42094800000001], [-72.302109, 42.42031], [-72.304186, 42.42012799999999], [-72.304639, 42.41992899999999], [-72.30496, 42.420434], [-72.30514099999999, 42.420427], [-72.30530399999999, 42.419958], [-72.30552, 42.41986699999999], [-72.30628399999999, 42.420114000000005], [-72.306719, 42.419546], [-72.306658, 42.41899199999999], [-72.30605, 42.41788899999999], [-72.307062, 42.41719799999999], [-72.306587, 42.416322], [-72.30695, 42.41613100000001], [-72.30800099999999, 42.41598599999999], [-72.308014, 42.41583500000001], [-72.307399, 42.41539499999999], [-72.307382, 42.414891], [-72.307679, 42.414573999999995], [-72.30864799999999, 42.41462099999998], [-72.308923, 42.414269999999995], [-72.308725, 42.41282599999998], [-72.30949199999999, 42.41181399999999], [-72.309292, 42.41156099999999], [-72.308705, 42.411667], [-72.308663, 42.41134799999998], [-72.30926699999999, 42.41081399999999], [-72.309932, 42.41082599999999], [-72.31034, 42.410635000000006], [-72.310446, 42.40930999999999], [-72.310893, 42.40871600000001], [-72.310705, 42.408371], [-72.30998000000001, 42.408628000000014], [-72.309982, 42.40852700000001], [-72.310475, 42.40777400000001], [-72.311425, 42.407568999999995], [-72.31196, 42.40706900000001], [-72.312673, 42.406887999999995], [-72.313097, 42.40623600000001], [-72.313478, 42.40650600000001], [-72.313715, 42.406448999999995], [-72.313732, 42.405963], [-72.31309800000001, 42.40519599999999], [-72.313407, 42.40478600000001], [-72.312949, 42.404448], [-72.312974, 42.40418799999999], [-72.312685, 42.40390999999999], [-72.312624, 42.40328799999998], [-72.31275, 42.403096], [-72.31334799999999, 42.403074000000004], [-72.313206, 42.402687], [-72.313412, 42.40240299999998], [-72.313272, 42.401865], [-72.312971, 42.40159499999999], [-72.313733, 42.40196], [-72.313982, 42.401911000000005], [-72.31409699999999, 42.40165099999999], [-72.314055, 42.40138200000001], [-72.313332, 42.40055599999999], [-72.313571, 42.400364], [-72.313632, 42.39992000000001], [-72.314117, 42.399905000000004], [-72.314013, 42.39921700000001], [-72.31415, 42.39901599999999], [-72.314973, 42.399004], [-72.315189, 42.398837000000015], [-72.314489, 42.39801899999999], [-72.31474000000001, 42.397760000000005], [-72.314145, 42.397504999999995], [-72.314041, 42.396774], [-72.313594, 42.39641900000001], [-72.31549799999999, 42.39548999999998], [-72.315433, 42.395288], [-72.314857, 42.39541099999999], [-72.31452, 42.3953], [-72.314774, 42.39473900000001], [-72.315124, 42.394699], [-72.315561, 42.394919], [-72.31597, 42.394712], [-72.315994, 42.394544], [-72.31369, 42.39293699999999], [-72.31357, 42.392617000000016], [-72.31367399999999, 42.39236599999998], [-72.314514, 42.39190099999999], [-72.31460899999999, 42.391473], [-72.31393899999999, 42.39092399999998], [-72.31289, 42.390959999999986], [-72.31267, 42.390488999999995], [-72.312721, 42.389985999999986], [-72.312432, 42.389689999999995], [-72.312703, 42.389573999999996], [-72.313148, 42.390139], [-72.313564, 42.390209000000006], [-72.313723, 42.390075], [-72.31361799999999, 42.389479], [-72.312736, 42.388684999999995], [-72.311905, 42.38840400000001], [-72.310058, 42.38736099999999], [-72.311416, 42.38689], [-72.310507, 42.386508], [-72.310407, 42.38636399999999], [-72.31054300000001, 42.386298], [-72.311329, 42.386621000000005], [-72.311734, 42.386615000000006], [-72.31166900000001, 42.38638800000001], [-72.310931, 42.385922], [-72.31093299999999, 42.38574599999999], [-72.311454, 42.385496999999994], [-72.312321, 42.384646], [-72.311905, 42.384526000000015], [-72.311863, 42.384307], [-72.312754, 42.383213000000005], [-72.31304899999999, 42.383072], [-72.31343, 42.38329999999999], [-72.313996, 42.383025999999994], [-72.313975, 42.38290899999998], [-72.313344, 42.382862999999986], [-72.31298699999999, 42.38261000000001], [-72.313138, 42.382173999999985], [-72.313591, 42.382041999999984], [-72.31425399999999, 42.382172], [-72.31446199999999, 42.381703], [-72.313716, 42.38095999999999], [-72.313858, 42.380348], [-72.31325799999999, 42.379565], [-72.313689, 42.37938200000001], [-72.31320199999999, 42.37863300000001], [-72.31248800000002, 42.378897], [-72.312403, 42.378477000000004], [-72.31352799999999, 42.377711], [-72.313724, 42.37729299999999], [-72.313436, 42.37688000000001], [-72.312525, 42.376706999999996], [-72.312066, 42.376453], [-72.312944, 42.37552600000001], [-72.312395, 42.374588], [-72.312646, 42.37440499999998], [-72.31223200000001, 42.37417599999999], [-72.313085, 42.373838], [-72.3131, 42.373602999999996], [-72.311989, 42.373796], [-72.311155, 42.37293299999999], [-72.311073, 42.37241199999999], [-72.311303, 42.372162], [-72.311629, 42.372274000000004], [-72.311802, 42.372023], [-72.31159, 42.371854], [-72.31175100000002, 42.371704], [-72.314354, 42.37141499999999], [-72.314481, 42.371247999999994], [-72.31432, 42.370709], [-72.31496, 42.370252999999984], [-72.315056, 42.369908999999986], [-72.315631, 42.369956], [-72.315337, 42.36925699999998], [-72.314831, 42.36911899999999], [-72.314161, 42.36934000000002], [-72.31325199999999, 42.36891299999999], [-72.31276799999999, 42.36740700000001], [-72.312398, 42.36721899999999], [-72.311908, 42.36605700000002], [-72.311572, 42.36584399999999], [-72.311008, 42.365788999999985], [-72.31075299999999, 42.365484999999985], [-72.31065, 42.36486300000001], [-72.31035, 42.36453300000001], [-72.31036700000001, 42.364173], [-72.310634, 42.36373799999999], [-72.312662, 42.362655], [-72.31285, 42.36213600000002], [-72.31201399999999, 42.360736], [-72.312086, 42.359721000000015], [-72.311447, 42.35872599999998], [-72.31147299999999, 42.358490999999994], [-72.311636, 42.35818199999998], [-72.312102, 42.358034], [-72.31244699999999, 42.35833900000001], [-72.31253199999999, 42.358700999999996], [-72.31310599999999, 42.35878099999998], [-72.313463, 42.35840600000001], [-72.31371299999999, 42.35757699999999], [-72.313636, 42.35672900000001], [-72.312992, 42.35596899999997], [-72.313065, 42.35565], [-72.313579, 42.355309999999996], [-72.313794, 42.354531], [-72.312587, 42.35371600000002], [-72.31255, 42.353212000000006], [-72.31218199999999, 42.352906999999995], [-72.31203599999999, 42.35216699999998], [-72.313153, 42.350069000000005], [-72.31415299999999, 42.34892800000002], [-72.31441199999999, 42.347536], [-72.314081, 42.344873], [-72.314126, 42.34421899999999], [-72.314548, 42.343895], [-72.314841, 42.343216999999996], [-72.314606, 42.340934], [-72.314782, 42.339777], [-72.31517199999999, 42.339402], [-72.315647, 42.339389], [-72.316859, 42.339844000000014], [-72.317494, 42.339688999999986], [-72.318134, 42.33919900000001], [-72.31994000000002, 42.33707400000001], [-72.320048, 42.336663000000016], [-72.321969, 42.33515099999999], [-72.323061, 42.333884000000005], [-72.32316999999999, 42.33341500000001], [-72.323075, 42.33297700000001], [-72.322386, 42.332283999999994], [-72.32258399999999, 42.331168999999996], [-72.323084, 42.330972], [-72.324643, 42.330892], [-72.324985, 42.330676], [-72.325711, 42.329062], [-72.326079, 42.328628], [-72.32612, 42.328141999999986], [-72.324741, 42.326805], [-72.32458, 42.326215999999995], [-72.324754, 42.32595699999999], [-72.325884, 42.325177000000004], [-72.326336, 42.325131], [-72.326448, 42.32518999999999], [-72.326499, 42.32623100000001], [-72.326909, 42.326738000000006], [-72.32739400000001, 42.32679200000002], [-72.328032, 42.326395000000005], [-72.328336, 42.325768], [-72.328267, 42.325104], [-72.3274, 42.323477], [-72.327225, 42.32241], [-72.327351, 42.321529999999996], [-72.327161, 42.32069699999999], [-72.327344, 42.319800000000015], [-72.328127, 42.318791], [-72.32884299999999, 42.318503], [-72.328884, 42.319477], [-72.32950199999999, 42.31971699999999], [-72.330857, 42.319669], [-72.333193, 42.31902399999999], [-72.33377, 42.318164], [-72.334805, 42.31765200000001], [-72.334682, 42.316879], [-72.335157, 42.31608499999999], [-72.33492799999999, 42.315563], [-72.33500099999999, 42.31522800000002], [-72.336925, 42.314848], [-72.337936, 42.314462000000006], [-72.339112, 42.31430299999999], [-72.34016, 42.31446200000002], [-72.341989, 42.31443499999998], [-72.342399, 42.314169], [-72.343597, 42.31188699999999], [-72.344475, 42.311280999999994], [-72.345201, 42.311035000000004], [-72.346316, 42.30975099999999], [-72.348402, 42.309112999999996], [-72.34894299999999, 42.309208999999996], [-72.350326, 42.310278], [-72.35095799999999, 42.310316], [-72.351458, 42.310067999999994], [-72.351463, 42.30974099999998], [-72.3508, 42.308795999999994], [-72.349864, 42.30874600000001], [-72.34961799999999, 42.30858500000001], [-72.349668, 42.308283], [-72.350146, 42.30802699999999], [-72.35196499999999, 42.30787299999999], [-72.35260000000002, 42.30767600000001], [-72.352774, 42.307391999999986], [-72.352429, 42.307071], [-72.35195500000002, 42.30704199999999], [-72.351238, 42.30743899999998], [-72.350855, 42.30739399999998], [-72.350197, 42.306877000000014], [-72.34979, 42.30616899999999], [-72.349555, 42.30528599999999], [-72.34989399999999, 42.30451600000001], [-72.35074900000001, 42.303960999999994], [-72.351495, 42.30389900000001], [-72.351745, 42.30448900000001], [-72.3516, 42.30591499999999], [-72.35196599999999, 42.306354000000006], [-72.352316, 42.306289], [-72.354017, 42.30576500000001], [-72.354852, 42.305074999999995], [-72.355869, 42.303463], [-72.356403, 42.30322399999999], [-72.356583, 42.303275], [-72.356978, 42.304034], [-72.35731299999999, 42.30426300000001], [-72.35714899999999, 42.30469799999999], [-72.35778499999999, 42.305140000000016], [-72.357823, 42.305643], [-72.358069, 42.305805], [-72.35857899999999, 42.305673999999996], [-72.358814, 42.30580200000001], [-72.359195, 42.30675299999999], [-72.35957599999999, 42.306948999999996], [-72.359852, 42.30734600000001], [-72.360558, 42.30766200000002], [-72.360196, 42.307734999999994], [-72.36053500000001, 42.308476], [-72.36040899999999, 42.30860899999999], [-72.358895, 42.308697999999985], [-72.358632, 42.30889800000001], [-72.358674, 42.309125], [-72.358921, 42.30921899999999], [-72.358761, 42.30935199999999], [-72.35905, 42.309673000000004], [-72.35901299999999, 42.309849], [-72.358461, 42.309794999999994], [-72.35848899999999, 42.310181], [-72.357472, 42.310240000000015], [-72.35726199999999, 42.31070899999999], [-72.356411, 42.311013], [-72.356431, 42.31118099999999], [-72.357006, 42.311227], [-72.356371, 42.312161999999994], [-72.35687, 42.31277899999999], [-72.356887, 42.313131], [-72.356285, 42.31337], [-72.356077, 42.31369600000001], [-72.35614799999999, 42.314242], [-72.355975, 42.314501], [-72.35492099999999, 42.314769999999996], [-72.354467, 42.31569000000001], [-72.354608, 42.316034999999985], [-72.35498900000002, 42.316238999999996], [-72.35507299999999, 42.31670199999999], [-72.354599, 42.31740300000001], [-72.354917, 42.31801800000001], [-72.355254, 42.318138000000005], [-72.35453199999999, 42.31887099999999], [-72.354664, 42.31912400000001], [-72.355004, 42.319033999999995], [-72.355295, 42.319196], [-72.354995, 42.319604999999996], [-72.354726, 42.31951099999998], [-72.353009, 42.32106700000003], [-72.353308, 42.321455], [-72.353336, 42.32181600000001], [-72.353819, 42.321971000000005], [-72.35389599999999, 42.32214800000001], [-72.35343, 42.32236299999998], [-72.353742, 42.32261700000001], [-72.35358599999999, 42.32319499999999], [-72.353661, 42.32346400000001], [-72.354236, 42.323561], [-72.354346, 42.323763], [-72.35351299999999, 42.324336], [-72.353185, 42.324358], [-72.35297299999999, 42.32418099999999], [-72.352492, 42.32463], [-72.351314, 42.324906], [-72.351345, 42.32506600000001], [-72.35181899999999, 42.325095000000026], [-72.351734, 42.32551400000001], [-72.352578, 42.325697], [-72.353054, 42.326305000000005], [-72.352385, 42.326509], [-72.35251, 42.327232], [-72.35346299999999, 42.327668000000024], [-72.35322000000001, 42.32806000000001], [-72.352194, 42.328689999999995], [-72.35298, 42.329007], [-72.35241599999999, 42.32972399999998], [-72.352319, 42.329404999999994], [-72.352104, 42.32942799999999], [-72.351964, 42.329737999999985], [-72.351291, 42.32945499999999], [-72.351053, 42.329496], [-72.351106, 42.32974799999998], [-72.35153, 42.33001999999999], [-72.351747, 42.330626], [-72.352563, 42.33120299999999], [-72.35269699999999, 42.33204300000001], [-72.35239299999999, 42.332737000000016], [-72.35200499999999, 42.33296899999999], [-72.352172, 42.33318899999999], [-72.352077, 42.33343999999998], [-72.351798, 42.33321899999998], [-72.351648, 42.333479], [-72.351241, 42.33347499999999], [-72.351113, 42.33373499999998], [-72.351468, 42.334140000000005], [-72.35083300000001, 42.33432], [-72.351159, 42.334473999999986], [-72.350884, 42.334732], [-72.350966, 42.335253], [-72.351202, 42.335347000000006], [-72.351418, 42.33520600000001], [-72.351619, 42.33539199999999], [-72.35178499999999, 42.335603000000006], [-72.351567, 42.33587], [-72.351789, 42.336107], [-72.352125, 42.336259999999996], [-72.352212, 42.335774], [-72.352963, 42.33614899999999], [-72.352989, 42.336669], [-72.35323199999999, 42.337015], [-72.352893, 42.337054], [-72.35274199999999, 42.337271000000015], [-72.353529, 42.33755399999997], [-72.353481, 42.33773899999999], [-72.352948, 42.337877], [-72.352853, 42.338162000000004], [-72.353672, 42.338562999999986], [-72.353419, 42.338846], [-72.353561, 42.339166000000006], [-72.354227, 42.339196], [-72.353988, 42.340068000000024], [-72.354292, 42.340137], [-72.35463399999999, 42.339921000000004], [-72.35498199999999, 42.340058], [-72.355396, 42.34067800000002], [-72.378568, 42.34069799999999], [-72.38404, 42.34025], [-72.393708, 42.339296], [-72.39347, 42.338168999999986], [-72.405455, 42.336437], [-72.40941699999999, 42.35876199999999], [-72.472287, 42.35145800000001], [-72.464186, 42.308011], [-72.47924100000002, 42.30701899999999], [-72.483099, 42.30531800000001], [-72.487709, 42.30471499999999], [-72.49060899999999, 42.30363200000001], [-72.493586, 42.302268], [-72.49803399999999, 42.30511899999998], [-72.499117, 42.306263], [-72.500745, 42.305166], [-72.504151, 42.30547100000002], [-72.506737, 42.306374999999996], [-72.51019099999999, 42.305569], [-72.521421, 42.302182], [-72.52467299999999, 42.303155], [-72.52790999999999, 42.30143700000001], [-72.52789, 42.299838], [-72.53124, 42.297936], [-72.53363999999999, 42.29728999999999], [-72.53508099999999, 42.295542000000005], [-72.53633599999999, 42.294930000000015], [-72.537637, 42.294643000000015], [-72.53968400000001, 42.293065999999996], [-72.540146, 42.29217500000001], [-72.53999, 42.28981], [-72.540482, 42.28876400000001], [-72.540712, 42.287616], [-72.541485, 42.28655], [-72.543336, 42.285853], [-72.54693, 42.28514100000001], [-72.55645799999999, 42.281364], [-72.55860899999999, 42.280650000000016], [-72.555365, 42.24617099999998], [-72.546356, 42.216489], [-72.592418, 42.211691], [-72.596633, 42.21189100000001], [-72.60073299999999, 42.212790999999974], [-72.602233, 42.213291000000005], [-72.607933, 42.216291000000005], [-72.61023399999999, 42.218491000000014], [-72.612934, 42.22499100000001], [-72.62093399999999, 42.22929100000001], [-72.62393399999999, 42.233691], [-72.620189, 42.243576], [-72.61802999999999, 42.24807500000001], [-72.607918, 42.26017], [-72.600133, 42.26538999999999], [-72.598933, 42.26809], [-72.60133300000001, 42.281290000000006], [-72.605633, 42.28479000000001], [-72.613034, 42.28619], [-72.614449, 42.287506999999984], [-72.614921, 42.288658000000005], [-72.614701, 42.29019900000001], [-72.61823199999999, 42.29018800000001], [-72.622159, 42.28902599999997], [-72.624521, 42.28814800000001], [-72.627382, 42.28649199999999], [-72.627927, 42.28592299999999], [-72.629022, 42.28526699999998], [-72.630232, 42.28492899999999], [-72.633669, 42.285122], [-72.634849, 42.28538800000001], [-72.636196, 42.286113], [-72.63743699999999, 42.28739], [-72.640677, 42.284137000000015], [-72.64207999999999, 42.288174000000005], [-72.643832, 42.28851900000001], [-72.646048, 42.290339999999986], [-72.648652, 42.29176100000001], [-72.65383299999999, 42.290389999999995], [-72.656086, 42.289941999999996], [-72.660488, 42.28862799999999], [-72.660216, 42.28925399999998], [-72.672035, 42.290192999999995], [-72.672169, 42.290962000000015], [-72.672091, 42.29188699999999], [-72.736726, 42.284241], [-72.74121699999999, 42.36272999999999], [-72.67212599999999, 42.37135299999999], [-72.66919299999999, 42.40965799999999], [-72.704345, 42.405536000000005], [-72.702377, 42.430358000000005], [-72.700959, 42.452909999999996], [-72.65732799999999, 42.45837899999999], [-72.655716, 42.46125100000001], [-72.65737399999999, 42.466009000000014], [-72.65623, 42.470014000000006], [-72.662769, 42.469262000000015], [-72.660911, 42.480247999999996], [-72.648708, 42.52935999999996], [-72.652227, 42.53382400000001], [-72.65565, 42.540412], [-72.656279, 42.540979], [-72.65969799999999, 42.543123999999985], [-72.661018, 42.544187000000015], [-72.662249, 42.54671], [-72.663652, 42.548802999999985], [-72.66470000000001, 42.54941999999999], [-72.667366, 42.550427], [-72.66924399999999, 42.551452999999995], [-72.673, 42.55186500000001], [-72.67469899999999, 42.552532], [-72.67545199999999, 42.55301800000001], [-72.655344, 42.555234999999996], [-72.651974, 42.56863], [-72.638879, 42.570018], [-72.636821, 42.57798499999999], [-72.649929, 42.576874], [-72.632942, 42.645362999999996], [-72.73501, 42.633188], [-72.76609200000001, 42.62926], [-72.77264699999999, 42.658334], [-72.783861, 42.70591100000001], [-72.78965800000002, 42.729907], [-72.791421, 42.735268], [-72.791079, 42.736024]]]}}, {"type": "Feature", "properties": {"district_name": "First Hampden & Hampshire District", "chamber": "senate", "vintage": "2012-2020", "url": "/district/senate-first-hampden-hampshire-district-2012-2020/", "latest_year": 2020, "years": [{"year": 2020, "lean_dem_share": 0.6086, "competitiveness": "Safe", "competitiveness_label": "Safe D", "party_favored": "Democratic", "is_uncontested": true, "turnout_ratio": 0.6787, "winner_name": "Eric P. Lesser", "winner_party": "Democratic", "winner_war": null, "winner_lean_component": 0.4354, "winner_tide_component": 0.0067, "winner_incumbency_adjustment": 0.0, "winner_demographics_component": null, "winner_fundraising_component": null}, {"year": 2018, "lean_dem_share": 0.2874, "competitiveness": "Safe", "competitiveness_label": "Safe R", "party_favored": "Republican", "is_uncontested": true, "turnout_ratio": 0.7237, "winner_name": "Eric P. Lesser", "winner_party": "Democratic", "winner_war": null, "winner_lean_component": 0.4354, "winner_tide_component": 0.0033, "winner_incumbency_adjustment": 0.0724, "winner_demographics_component": null, "winner_fundraising_component": null}, {"year": 2016, "lean_dem_share": 0.5969, "competitiveness": "Likely", "competitiveness_label": "Likely D", "party_favored": "Democratic", "is_uncontested": false, "turnout_ratio": 0.9136, "winner_name": "Eric P. Lesser", "winner_party": "Democratic", "winner_war": -0.0491, "winner_lean_component": 0.4354, "winner_tide_component": 0.0065, "winner_incumbency_adjustment": 0.0724, "winner_demographics_component": null, "winner_fundraising_component": null}, {"year": 2014, "lean_dem_share": 0.458, "competitiveness": "Lean", "competitiveness_label": "Lean R", "party_favored": "Republican", "is_uncontested": false, "turnout_ratio": 0.9617, "winner_name": "Eric Philip Lesser", "winner_party": "Democratic", "winner_war": -0.0041, "winner_lean_component": 0.4354, "winner_tide_component": 0.0049, "winner_incumbency_adjustment": 0.0, "winner_demographics_component": null, "winner_fundraising_component": null}, {"year": 2012, "lean_dem_share": 0.6213, "competitiveness": "Safe", "competitiveness_label": "Safe D", "party_favored": "Democratic", "is_uncontested": true, "turnout_ratio": 0.6581, "winner_name": "Gale D. Candaras", "winner_party": "Democratic", "winner_war": null, "winner_lean_component": 0.4354, "winner_tide_component": 0.0062, "winner_incumbency_adjustment": 0.0, "winner_demographics_component": null, "winner_fundraising_component": null}], "lean_dem_share": 0.6086, "competitiveness": "Safe", "competitiveness_label": "Safe D", "party_favored": "Democratic", "is_uncontested": true, "turnout_ratio": 0.6787, "winner_name": "Eric P. Lesser", "winner_party": "Democratic", "winner_war": null, "winner_lean_component": 0.4354, "winner_tide_component": 0.0067, "winner_incumbency_adjustment": 0.0, "winner_demographics_component": null, "winner_fundraising_component": null}, "geometry": {"type": "Polygon", "coordinates": [[[-72.608254, 42.038315], [-72.60755499999999, 42.042612000000005], [-72.60754299999999, 42.044681], [-72.60500499999999, 42.05102199999999], [-72.600173, 42.057670999999985], [-72.596482, 42.063384], [-72.592494, 42.068856999999994], [-72.590194, 42.071281], [-72.588681, 42.073383], [-72.587261, 42.074898000000005], [-72.584115, 42.077563999999995], [-72.583437, 42.07830199999999], [-72.58267099999999, 42.079518], [-72.58253500000001, 42.080686], [-72.58269299999999, 42.081557999999994], [-72.579985, 42.082026000000006], [-72.579892, 42.082494], [-72.579576, 42.08292199999999], [-72.57972199999999, 42.08351900000002], [-72.574119, 42.084394999999994], [-72.57405299999999, 42.084188999999995], [-72.57370399999999, 42.08423399999999], [-72.56908, 42.085075999999994], [-72.569433, 42.085747], [-72.568004, 42.086041], [-72.567418, 42.084322], [-72.563317, 42.085123], [-72.564135, 42.08732399999999], [-72.558031, 42.086206000000004], [-72.557763, 42.086267], [-72.55592299999999, 42.085811], [-72.55548999999999, 42.085388], [-72.556394, 42.084898], [-72.555272, 42.08377899999999], [-72.55605299999999, 42.08341899999999], [-72.55788000000001, 42.08299], [-72.55827599999999, 42.082702], [-72.55914299999999, 42.078306000000005], [-72.559021, 42.07724200000001], [-72.558553, 42.076722], [-72.55736, 42.076867], [-72.556726, 42.076704999999976], [-72.556454, 42.076557], [-72.555864, 42.07565199999999], [-72.55469599999999, 42.075562000000005], [-72.551779, 42.074418000000016], [-72.551245, 42.073862999999996], [-72.550675, 42.073950999999994], [-72.550221, 42.07379799999998], [-72.550066, 42.073938000000005], [-72.5488, 42.07394300000001], [-72.547978, 42.07412800000001], [-72.548277, 42.07475600000001], [-72.548198, 42.07517700000001], [-72.547986, 42.075383], [-72.54854999999999, 42.07567099999999], [-72.546036, 42.07714199999999], [-72.547337, 42.078435], [-72.546799, 42.07884], [-72.546942, 42.079683999999986], [-72.54753699999999, 42.08027899999998], [-72.545827, 42.08047699999999], [-72.546171, 42.082244], [-72.545017, 42.08240999999999], [-72.54444, 42.083704999999995], [-72.54357399999999, 42.083504999999995], [-72.54206099999999, 42.08241199999999], [-72.541913, 42.08035700000001], [-72.53985, 42.080522000000016], [-72.539973, 42.081404000000006], [-72.53940899999999, 42.081222000000004], [-72.540138, 42.084905], [-72.53969599999999, 42.08499400000001], [-72.544203, 42.08815], [-72.544491, 42.088772999999975], [-72.544286, 42.088811], [-72.550409, 42.093149000000004], [-72.552669, 42.09359199999999], [-72.558073, 42.095316999999994], [-72.561238, 42.096509999999995], [-72.56312, 42.09663600000002], [-72.563465, 42.096866], [-72.563569, 42.097024999999995], [-72.562902, 42.09735699999999], [-72.557323, 42.09828499999999], [-72.55816999999999, 42.099109000000006], [-72.558649, 42.099978], [-72.559386, 42.099554999999995], [-72.561076, 42.09937000000001], [-72.56177699999999, 42.100235999999995], [-72.56285799999999, 42.10541], [-72.553156, 42.106519000000006], [-72.55354400000002, 42.108208000000005], [-72.549497, 42.108607], [-72.55044199999999, 42.105582999999996], [-72.550257, 42.10532799999999], [-72.548317, 42.105962], [-72.548326, 42.106367], [-72.547051, 42.108294], [-72.546746, 42.10843700000001], [-72.546415, 42.105727], [-72.543823, 42.10581199999999], [-72.542531, 42.10789400000001], [-72.54095199999999, 42.11211899999999], [-72.539541, 42.113419], [-72.53953, 42.113716], [-72.538699, 42.113851], [-72.53772099999999, 42.11440700000001], [-72.537218, 42.11427399999999], [-72.53664599999999, 42.114837999999985], [-72.53562099999999, 42.11512299999998], [-72.534886, 42.11503000000002], [-72.53410199999999, 42.11546799999999], [-72.53272799999999, 42.11564099999999], [-72.531866, 42.116001], [-72.530917, 42.116678000000014], [-72.530722, 42.117174000000006], [-72.530286, 42.11746199999998], [-72.529367, 42.117555], [-72.528031, 42.11832699999999], [-72.527354, 42.11842099999999], [-72.526842, 42.11826099999998], [-72.52651200000001, 42.11850599999999], [-72.526049, 42.11817200000001], [-72.52551700000001, 42.118215], [-72.52496599999999, 42.11796799999999], [-72.524134, 42.118207], [-72.523671, 42.118049], [-72.52220799999999, 42.11884099999998], [-72.52015399999999, 42.120229], [-72.51966600000002, 42.121987999999995], [-72.518224, 42.12218100000001], [-72.517817, 42.122434], [-72.51763100000001, 42.123068999999994], [-72.517727, 42.12336399999999], [-72.516601, 42.124983000000014], [-72.516499, 42.12658800000002], [-72.516161, 42.12695899999999], [-72.51543199999999, 42.12734900000001], [-72.514892, 42.12804899999998], [-72.514827, 42.128669000000016], [-72.51410299999999, 42.129471999999986], [-72.513832, 42.12957599999999], [-72.51312, 42.12903800000001], [-72.51426099999999, 42.128381000000005], [-72.515608, 42.12621300000001], [-72.51103599999999, 42.12668099999999], [-72.510328, 42.12341999999998], [-72.509355, 42.123684999999995], [-72.50944, 42.12419399999999], [-72.509047, 42.124325], [-72.504333, 42.12489300000002], [-72.504111, 42.12412], [-72.50313799999999, 42.12482599999999], [-72.50200000000001, 42.124999], [-72.501012, 42.125766], [-72.4984, 42.12578099999998], [-72.497422, 42.126142], [-72.496613, 42.126032], [-72.495712, 42.12926400000001], [-72.49578199999999, 42.13460899999999], [-72.488462, 42.135266], [-72.48747, 42.135639000000005], [-72.486831, 42.136179999999996], [-72.486661, 42.136646999999996], [-72.48514, 42.137116999999996], [-72.48505100000001, 42.137336000000005], [-72.485714, 42.137688000000004], [-72.486807, 42.13773400000001], [-72.48701299999999, 42.137946], [-72.486244, 42.138347999999986], [-72.486257, 42.13888900000002], [-72.48611, 42.139115], [-72.48510499999999, 42.13945800000001], [-72.484381, 42.13993699999999], [-72.484055, 42.140574], [-72.48395, 42.141273999999996], [-72.482267, 42.141479999999994], [-72.48161999999999, 42.14188200000001], [-72.484595, 42.156524000000005], [-72.487185, 42.157297], [-72.488159, 42.158128999999995], [-72.487822, 42.15875099999999], [-72.48675, 42.15923600000001], [-72.486601, 42.15974499999999], [-72.486981, 42.159942], [-72.487629, 42.159946], [-72.489589, 42.15913599999998], [-72.489685, 42.160033], [-72.489578, 42.161528000000004], [-72.490864, 42.16156199999999], [-72.493145, 42.16122], [-72.495734, 42.161283000000005], [-72.501913, 42.16175700000001], [-72.502957, 42.16201399999999], [-72.502982, 42.16061499999999], [-72.503602, 42.15677000000001], [-72.50926199999999, 42.157269], [-72.510009, 42.15711700000001], [-72.51083799999999, 42.156685999999986], [-72.51903, 42.147777000000005], [-72.519633, 42.14803], [-72.520038, 42.147974999999974], [-72.521434, 42.146568], [-72.52201699999999, 42.14645900000001], [-72.521676, 42.144900000000014], [-72.52313099999999, 42.143260999999995], [-72.524339, 42.140405], [-72.546188, 42.133634999999984], [-72.546554, 42.13605300000002], [-72.547519, 42.138191], [-72.55020700000001, 42.142734], [-72.551025, 42.143518], [-72.552026, 42.143995], [-72.564283, 42.13765399999999], [-72.564904, 42.14029799999999], [-72.565956, 42.14112000000001], [-72.56658900000001, 42.14067099999999], [-72.567336, 42.141251999999994], [-72.565893, 42.14482100000001], [-72.568038, 42.146122999999996], [-72.581958, 42.14027699999999], [-72.581537, 42.140875], [-72.580507, 42.14341400000001], [-72.57958599999999, 42.14765399999999], [-72.580102, 42.150173], [-72.580708, 42.15529300000001], [-72.57894399999999, 42.155366], [-72.578479, 42.155241000000004], [-72.577933, 42.156003999999996], [-72.580749, 42.15723799999999], [-72.581609, 42.157979999999995], [-72.581848, 42.158729], [-72.58182599999999, 42.160289000000006], [-72.58832699999999, 42.160292999999996], [-72.58843399999999, 42.15958899999999], [-72.589816, 42.16019000000001], [-72.59025, 42.160949], [-72.590161, 42.161271000000006], [-72.590334, 42.161593999999994], [-72.591946, 42.162287000000006], [-72.59270800000002, 42.162802000000006], [-72.59292599999999, 42.163044], [-72.593076, 42.16383600000001], [-72.59327100000002, 42.16407799999999], [-72.595274, 42.165077000000004], [-72.595897, 42.16576000000002], [-72.59454199999999, 42.16654200000001], [-72.59311199999999, 42.168119999999995], [-72.5976, 42.17126999999999], [-72.59822, 42.17211400000001], [-72.598491, 42.174347999999995], [-72.59562799999999, 42.17461699999999], [-72.59573999999999, 42.17524499999999], [-72.591684, 42.17548000000001], [-72.591443, 42.17417299999999], [-72.589569, 42.174385000000015], [-72.58949299999999, 42.173986000000006], [-72.587386, 42.17421700000001], [-72.58712299999999, 42.17451499999998], [-72.587324, 42.17491999999998], [-72.589213, 42.177957999999975], [-72.590898, 42.18026], [-72.595795, 42.18035599999999], [-72.602655, 42.181795], [-72.603585, 42.182326999999994], [-72.604134, 42.18296499999999], [-72.604444, 42.183798], [-72.604432, 42.18430400000001], [-72.603157, 42.186761000000004], [-72.601344, 42.18790699999999], [-72.600503, 42.188834999999976], [-72.601179, 42.18945499999999], [-72.599614, 42.190912000000004], [-72.598889, 42.19053799999999], [-72.598806, 42.19108000000002], [-72.597433, 42.19179200000001], [-72.595421, 42.191709], [-72.59505899999999, 42.19212100000001], [-72.594974, 42.192871], [-72.59296499999999, 42.19248900000001], [-72.591297, 42.19283], [-72.590981, 42.193315999999996], [-72.588219, 42.192664000000015], [-72.585454, 42.19350999999998], [-72.58493299999999, 42.19289199999998], [-72.584442, 42.193002], [-72.583525, 42.193869], [-72.583469, 42.194448], [-72.5804, 42.19379999999998], [-72.576176, 42.192330000000005], [-72.575217, 42.19444599999999], [-72.577272, 42.194233999999994], [-72.577576, 42.194367], [-72.57844, 42.197575000000015], [-72.57893299999999, 42.20161599999998], [-72.57574199999999, 42.201927], [-72.57360700000001, 42.20146200000001], [-72.572399, 42.200712], [-72.571201, 42.203697], [-72.57087800000001, 42.205980000000004], [-72.570966, 42.207444999999986], [-72.57220199999999, 42.21380399999998], [-72.546356, 42.216489], [-72.555365, 42.24617099999998], [-72.55860899999999, 42.280650000000016], [-72.55645799999999, 42.281364], [-72.54693, 42.28514100000001], [-72.543336, 42.285853], [-72.541485, 42.28655], [-72.540712, 42.287616], [-72.540482, 42.28876400000001], [-72.53999, 42.28981], [-72.540146, 42.29217500000001], [-72.53968400000001, 42.293065999999996], [-72.537637, 42.294643000000015], [-72.53633599999999, 42.294930000000015], [-72.53508099999999, 42.295542000000005], [-72.53363999999999, 42.29728999999999], [-72.53124, 42.297936], [-72.52789, 42.299838], [-72.52790999999999, 42.30143700000001], [-72.52467299999999, 42.303155], [-72.521421, 42.302182], [-72.51019099999999, 42.305569], [-72.506737, 42.306374999999996], [-72.504151, 42.30547100000002], [-72.500745, 42.305166], [-72.499117, 42.306263], [-72.49803399999999, 42.30511899999998], [-72.493586, 42.302268], [-72.49060899999999, 42.30363200000001], [-72.487709, 42.30471499999999], [-72.483099, 42.30531800000001], [-72.47924100000002, 42.30701899999999], [-72.464186, 42.308011], [-72.472287, 42.35145800000001], [-72.40941699999999, 42.35876199999999], [-72.405455, 42.336437], [-72.39347, 42.338168999999986], [-72.393708, 42.339296], [-72.378568, 42.34069799999999], [-72.355396, 42.34067800000002], [-72.35498199999999, 42.340058], [-72.35463399999999, 42.339921000000004], [-72.354292, 42.340137], [-72.353988, 42.340068000000024], [-72.354227, 42.339196], [-72.353561, 42.339166000000006], [-72.353419, 42.338846], [-72.353672, 42.338562999999986], [-72.352853, 42.338162000000004], [-72.352948, 42.337877], [-72.353481, 42.33773899999999], [-72.353529, 42.33755399999997], [-72.35274199999999, 42.337271000000015], [-72.352893, 42.337054], [-72.35323199999999, 42.337015], [-72.352989, 42.336669], [-72.352963, 42.33614899999999], [-72.352212, 42.335774], [-72.352125, 42.336259999999996], [-72.351567, 42.33587], [-72.35178499999999, 42.335603000000006], [-72.351418, 42.33520600000001], [-72.351202, 42.335347000000006], [-72.350966, 42.335253], [-72.350884, 42.334732], [-72.351159, 42.334473999999986], [-72.35083300000001, 42.33432], [-72.351468, 42.334140000000005], [-72.351113, 42.33373499999998], [-72.351241, 42.33347499999999], [-72.351648, 42.333479], [-72.351798, 42.33321899999998], [-72.352077, 42.33343999999998], [-72.352172, 42.33318899999999], [-72.35200499999999, 42.33296899999999], [-72.35239299999999, 42.332737000000016], [-72.35269699999999, 42.33204300000001], [-72.352563, 42.33120299999999], [-72.351747, 42.330626], [-72.35153, 42.33001999999999], [-72.351106, 42.32974799999998], [-72.351053, 42.329496], [-72.351291, 42.32945499999999], [-72.351964, 42.329737999999985], [-72.352104, 42.32942799999999], [-72.352319, 42.329404999999994], [-72.35241599999999, 42.32972399999998], [-72.35298, 42.329007], [-72.352194, 42.328689999999995], [-72.35322000000001, 42.32806000000001], [-72.35346299999999, 42.327668000000024], [-72.35251, 42.327232], [-72.352385, 42.326509], [-72.353054, 42.326305000000005], [-72.352578, 42.325697], [-72.351734, 42.32551400000001], [-72.35181899999999, 42.325095000000026], [-72.351345, 42.32506600000001], [-72.351314, 42.324906], [-72.352492, 42.32463], [-72.35297299999999, 42.32418099999999], [-72.353185, 42.324358], [-72.35351299999999, 42.324336], [-72.354346, 42.323763], [-72.354236, 42.323561], [-72.353661, 42.32346400000001], [-72.35358599999999, 42.32319499999999], [-72.353742, 42.32261700000001], [-72.35343, 42.32236299999998], [-72.35389599999999, 42.32214800000001], [-72.353819, 42.321971000000005], [-72.353336, 42.32181600000001], [-72.353308, 42.321455], [-72.353009, 42.32106700000003], [-72.354726, 42.31951099999998], [-72.354995, 42.319604999999996], [-72.355295, 42.319196], [-72.355004, 42.319033999999995], [-72.354664, 42.31912400000001], [-72.35453199999999, 42.31887099999999], [-72.355254, 42.318138000000005], [-72.354917, 42.31801800000001], [-72.354599, 42.31740300000001], [-72.35507299999999, 42.31670199999999], [-72.35498900000002, 42.316238999999996], [-72.354608, 42.316034999999985], [-72.354467, 42.31569000000001], [-72.35492099999999, 42.314769999999996], [-72.355975, 42.314501], [-72.35614799999999, 42.314242], [-72.356077, 42.31369600000001], [-72.356285, 42.31337], [-72.356887, 42.313131], [-72.35687, 42.31277899999999], [-72.356371, 42.312161999999994], [-72.357006, 42.311227], [-72.356431, 42.31118099999999], [-72.356411, 42.311013], [-72.35726199999999, 42.31070899999999], [-72.357472, 42.310240000000015], [-72.35848899999999, 42.310181], [-72.358461, 42.309794999999994], [-72.35901299999999, 42.309849], [-72.35905, 42.309673000000004], [-72.358761, 42.30935199999999], [-72.358921, 42.30921899999999], [-72.358674, 42.309125], [-72.358632, 42.30889800000001], [-72.359167, 42.308625000000006], [-72.36040899999999, 42.30860899999999], [-72.36053500000001, 42.308476], [-72.360196, 42.307734999999994], [-72.360558, 42.30766200000002], [-72.359852, 42.30734600000001], [-72.35957599999999, 42.306948999999996], [-72.359195, 42.30675299999999], [-72.358814, 42.30580200000001], [-72.35857899999999, 42.305673999999996], [-72.358069, 42.305805], [-72.357823, 42.305643], [-72.35778499999999, 42.305140000000016], [-72.35714899999999, 42.30469799999999], [-72.35731299999999, 42.30426300000001], [-72.356978, 42.304034], [-72.356583, 42.303275], [-72.355942, 42.303401], [-72.35601799999999, 42.30328300000001], [-72.355473, 42.303036], [-72.353754, 42.302547], [-72.353734, 42.30207], [-72.354664, 42.301035999999996], [-72.354896, 42.29984600000001], [-72.35486, 42.29922500000001], [-72.35452599999999, 42.29895399999998], [-72.352812, 42.29884799999999], [-72.351886, 42.29850599999999], [-72.350708, 42.298414], [-72.350824, 42.298220000000015], [-72.35168399999999, 42.29802499999999], [-72.35202699999999, 42.297750999999984], [-72.352375, 42.297149000000005], [-72.35263499999999, 42.29573399999999], [-72.352199, 42.29543299999998], [-72.350596, 42.29501199999999], [-72.35004099999999, 42.29464799999999], [-72.348631, 42.29458599999999], [-72.348531, 42.29419299999998], [-72.348805, 42.29215299999999], [-72.348788, 42.290994999999995], [-72.349797, 42.288663], [-72.350214, 42.287019], [-72.35079499999999, 42.285865], [-72.350872, 42.285278], [-72.350565, 42.284628999999995], [-72.349862, 42.28421499999999], [-72.348445, 42.283792], [-72.34679, 42.283609999999996], [-72.345567, 42.28312200000001], [-72.343423, 42.281662], [-72.34113599999999, 42.28148900000001], [-72.339275, 42.28087199999998], [-72.338844, 42.28030100000001], [-72.338597, 42.279638], [-72.338537, 42.27817700000001], [-72.338754, 42.27703500000002], [-72.338725, 42.275619], [-72.338357, 42.274409999999996], [-72.337559, 42.273827], [-72.333399, 42.272993], [-72.332813, 42.272742000000015], [-72.33207399999999, 42.272123999999984], [-72.331643, 42.27134599999999], [-72.331642, 42.270135], [-72.332379, 42.26846400000001], [-72.33296299999999, 42.26752699999999], [-72.33407, 42.266497], [-72.334439, 42.26587999999999], [-72.334439, 42.26521700000001], [-72.333761, 42.26434800000001], [-72.333668, 42.26338700000002], [-72.333822, 42.26281499999999], [-72.33412899999999, 42.262609000000005], [-72.334836, 42.26251800000001], [-72.335852, 42.262563], [-72.336591, 42.26228800000001], [-72.33729799999999, 42.26173900000001], [-72.33782, 42.261007000000006], [-72.33788200000001, 42.26054999999999], [-72.337727, 42.26023000000001], [-72.336434, 42.259612], [-72.336434, 42.25938300000001], [-72.338065, 42.259154], [-72.33831099999999, 42.25899399999999], [-72.33837199999999, 42.25865100000001], [-72.33646399999999, 42.25785099999999], [-72.336586, 42.256708], [-72.334707, 42.250857], [-72.33447, 42.249181000000014], [-72.334806, 42.247741], [-72.334182, 42.24657399999999], [-72.333542, 42.245886000000006], [-72.333685, 42.245343], [-72.33487, 42.24505299999998], [-72.335252, 42.244258], [-72.334858, 42.24310399999998], [-72.334786, 42.241309], [-72.333776, 42.240372], [-72.332948, 42.237092], [-72.333319, 42.23604100000003], [-72.333157, 42.23465], [-72.334181, 42.23350200000001], [-72.334305, 42.233028], [-72.33419599999999, 42.23254], [-72.33447199999999, 42.232062], [-72.33400999999999, 42.23051600000001], [-72.33401599999999, 42.22932099999999], [-72.33555799999999, 42.22761200000001], [-72.33534999999999, 42.226699999999994], [-72.33655, 42.223932000000005], [-72.33655, 42.223131999999985], [-72.33551, 42.222108], [-72.335415, 42.22174599999999], [-72.335638, 42.220924999999994], [-72.335638, 42.220155999999996], [-72.336326, 42.219356000000005], [-72.337094, 42.219036], [-72.340134, 42.219036], [-72.34237399999999, 42.218604], [-72.343558, 42.21798], [-72.345558, 42.21641200000001], [-72.345974, 42.21583600000001], [-72.34602199999999, 42.21541999999999], [-72.34541399999999, 42.212635999999996], [-72.345574, 42.211772], [-72.34607, 42.210956], [-72.346902, 42.21009200000001], [-72.349238, 42.209915999999986], [-72.34957399999999, 42.20900399999999], [-72.35135, 42.20732400000001], [-72.352374, 42.20690799999998], [-72.35347800000001, 42.206956], [-72.35386199999999, 42.207291999999995], [-72.354775, 42.208732000000005], [-72.355943, 42.20902000000001], [-72.357079, 42.20866799999998], [-72.359127, 42.206076], [-72.359831, 42.205484999999996], [-72.360519, 42.20521299999999], [-72.360935, 42.20521299999999], [-72.36170299999999, 42.20564499999999], [-72.36282299999999, 42.205980000000004], [-72.36282299999999, 42.206363999999986], [-72.361783, 42.20693999999998], [-72.362071, 42.20725999999999], [-72.362871, 42.20746799999998], [-72.363575, 42.207404000000004], [-72.36413499999999, 42.20716399999999], [-72.364583, 42.206748], [-72.36474299999999, 42.20606000000001], [-72.36445499999999, 42.20289300000001], [-72.36312699999999, 42.201629], [-72.36242299999999, 42.199453000000005], [-72.36231099999999, 42.19839699999997], [-72.362775, 42.197917000000004], [-72.363559, 42.197532999999986], [-72.363495, 42.19719699999999], [-72.363079, 42.196909000000005], [-72.361719, 42.197037], [-72.36071100000001, 42.196909000000005], [-72.359943, 42.19639699999998], [-72.359479, 42.195309], [-72.358871, 42.19438100000001], [-72.35925499999999, 42.19409299999999], [-72.361175, 42.194349], [-72.361495, 42.193965], [-72.36131900000001, 42.19298900000001], [-72.360423, 42.19023699999999], [-72.35821899999999, 42.18980199999999], [-72.39560999999999, 42.185769], [-72.39508, 42.184060999999986], [-72.382345, 42.118103999999995], [-72.38067099999999, 42.110109999999985], [-72.380501, 42.10853500000002], [-72.37569700000002, 42.081982999999994], [-72.374599, 42.07773499999999], [-72.374606, 42.075811], [-72.366991, 42.03270499999999], [-72.38599099999999, 42.03283], [-72.416873, 42.033407], [-72.43786399999999, 42.033598999999995], [-72.458185, 42.03406300000002], [-72.479856, 42.03389800000001], [-72.509192, 42.03414099999999], [-72.51733, 42.034395], [-72.52812999999999, 42.034294999999986], [-72.55323, 42.03219499999999], [-72.573235, 42.03013999999998], [-72.582332, 42.02469500000001], [-72.590232, 42.02469500000001], [-72.598333, 42.02499499999999], [-72.606933, 42.02499499999999], [-72.607997, 42.03120100000002], [-72.608173, 42.033229999999975], [-72.608111, 42.03584000000001], [-72.608254, 42.038315]]]}}, {"type": "Feature", "properties": {"district_name": "Worcester, Hampden, Hampshire & Middlesex District", "chamber": "senate", "vintage": "2012-2020", "url": "/district/senate-worcester-hampden-hampshire-middlesex-district-2012-2020/", "latest_year": 2020, "years": [{"year": 2020, "lean_dem_share": 0.4945, "competitiveness": "Tossup", "competitiveness_label": "Tossup R", "party_favored": "Republican", "is_uncontested": false, "turnout_ratio": 0.9977, "winner_name": "Anne M. Gobi", "winner_party": "Democratic", "winner_war": 0.0313, "winner_lean_component": 0.3392, "winner_tide_component": 0.0067, "winner_incumbency_adjustment": 0.0724, "winner_demographics_component": null, "winner_fundraising_component": -0.0152}, {"year": 2018, "lean_dem_share": 0.204, "competitiveness": "Safe", "competitiveness_label": "Safe R", "party_favored": "Republican", "is_uncontested": false, "turnout_ratio": 1.0055, "winner_name": "Anne M. Gobi", "winner_party": "Democratic", "winner_war": 0.0327, "winner_lean_component": 0.3392, "winner_tide_component": 0.0033, "winner_incumbency_adjustment": 0.0724, "winner_demographics_component": null, "winner_fundraising_component": 0.0075}, {"year": 2016, "lean_dem_share": 0.4457, "competitiveness": "Likely", "competitiveness_label": "Likely R", "party_favored": "Republican", "is_uncontested": false, "turnout_ratio": 1.0527, "winner_name": "Anne M. Gobi", "winner_party": "Democratic", "winner_war": 0.0346, "winner_lean_component": 0.3392, "winner_tide_component": 0.0065, "winner_incumbency_adjustment": 0.0724, "winner_demographics_component": null, "winner_fundraising_component": -0.0024}, {"year": 2014, "lean_dem_share": 0.3596, "competitiveness": "Safe", "competitiveness_label": "Safe R", "party_favored": "Republican", "is_uncontested": false, "turnout_ratio": 1.0546, "winner_name": "Anne M. Gobi", "winner_party": "Democratic", "winner_war": 0.0512, "winner_lean_component": 0.3392, "winner_tide_component": 0.0049, "winner_incumbency_adjustment": 0.0, "winner_demographics_component": null, "winner_fundraising_component": 0.0145}, {"year": 2012, "lean_dem_share": 0.5, "competitiveness": "Tossup", "competitiveness_label": "Tossup D", "party_favored": "Democratic", "is_uncontested": true, "turnout_ratio": 0.8119, "winner_name": "Stephen M. Brewer", "winner_party": "Democratic", "winner_war": null, "winner_lean_component": 0.3392, "winner_tide_component": 0.0062, "winner_incumbency_adjustment": 0.0, "winner_demographics_component": null, "winner_fundraising_component": 0.0233}], "lean_dem_share": 0.4945, "competitiveness": "Tossup", "competitiveness_label": "Tossup R", "party_favored": "Republican", "is_uncontested": false, "turnout_ratio": 0.9977, "winner_name": "Anne M. Gobi", "winner_party": "Democratic", "winner_war": 0.0313, "winner_lean_component": 0.3392, "winner_tide_component": 0.0067, "winner_incumbency_adjustment": 0.0724, "winner_demographics_component": null, "winner_fundraising_component": -0.0152}, "geometry": {"type": "Polygon", "coordinates": [[[-72.39560999999999, 42.185769], [-72.390304, 42.186254], [-72.35821899999999, 42.18980199999999], [-72.360423, 42.19023699999999], [-72.36131900000001, 42.19298900000001], [-72.361495, 42.193965], [-72.361175, 42.194349], [-72.35925499999999, 42.19409299999999], [-72.358871, 42.19438100000001], [-72.359479, 42.195309], [-72.359943, 42.19639699999998], [-72.36071100000001, 42.196909000000005], [-72.361719, 42.197037], [-72.363079, 42.196909000000005], [-72.363495, 42.19719699999999], [-72.363559, 42.197532999999986], [-72.362775, 42.197917000000004], [-72.36231099999999, 42.19839699999997], [-72.36242299999999, 42.199453000000005], [-72.36312699999999, 42.201629], [-72.36445499999999, 42.20289300000001], [-72.36474299999999, 42.20606000000001], [-72.364583, 42.206748], [-72.36413499999999, 42.20716399999999], [-72.363575, 42.207404000000004], [-72.362871, 42.20746799999998], [-72.362071, 42.20725999999999], [-72.361783, 42.20693999999998], [-72.36282299999999, 42.206363999999986], [-72.36282299999999, 42.205980000000004], [-72.36170299999999, 42.20564499999999], [-72.360935, 42.20521299999999], [-72.360519, 42.20521299999999], [-72.359831, 42.205484999999996], [-72.359127, 42.206076], [-72.357079, 42.20866799999998], [-72.355943, 42.20902000000001], [-72.354775, 42.208732000000005], [-72.35386199999999, 42.207291999999995], [-72.35347800000001, 42.206956], [-72.352374, 42.20690799999998], [-72.35135, 42.20732400000001], [-72.34957399999999, 42.20900399999999], [-72.349238, 42.209915999999986], [-72.346902, 42.21009200000001], [-72.34607, 42.210956], [-72.345574, 42.211772], [-72.34541399999999, 42.212635999999996], [-72.34602199999999, 42.21541999999999], [-72.345974, 42.21583600000001], [-72.345558, 42.21641200000001], [-72.343558, 42.21798], [-72.34237399999999, 42.218604], [-72.340134, 42.219036], [-72.337094, 42.219036], [-72.336326, 42.219356000000005], [-72.335638, 42.220155999999996], [-72.335638, 42.220924999999994], [-72.335415, 42.22174599999999], [-72.33551, 42.222108], [-72.33655, 42.223131999999985], [-72.33655, 42.223932000000005], [-72.33534999999999, 42.226699999999994], [-72.33555799999999, 42.22761200000001], [-72.33401599999999, 42.22932099999999], [-72.33400999999999, 42.23051600000001], [-72.33447199999999, 42.232062], [-72.33419599999999, 42.23254], [-72.334305, 42.233028], [-72.334181, 42.23350200000001], [-72.333157, 42.23465], [-72.333319, 42.23604100000003], [-72.332948, 42.237092], [-72.333776, 42.240372], [-72.334786, 42.241309], [-72.334858, 42.24310399999998], [-72.335252, 42.244258], [-72.33487, 42.24505299999998], [-72.333685, 42.245343], [-72.333542, 42.245886000000006], [-72.334182, 42.24657399999999], [-72.334806, 42.247741], [-72.33447, 42.249181000000014], [-72.334707, 42.250857], [-72.336586, 42.256708], [-72.33646399999999, 42.25785099999999], [-72.33837199999999, 42.25865100000001], [-72.33831099999999, 42.25899399999999], [-72.338065, 42.259154], [-72.336434, 42.25938300000001], [-72.336434, 42.259612], [-72.337727, 42.26023000000001], [-72.33788200000001, 42.26054999999999], [-72.33782, 42.261007000000006], [-72.33729799999999, 42.26173900000001], [-72.336591, 42.26228800000001], [-72.335852, 42.262563], [-72.334836, 42.26251800000001], [-72.33412899999999, 42.262609000000005], [-72.333822, 42.26281499999999], [-72.333668, 42.26338700000002], [-72.333761, 42.26434800000001], [-72.334439, 42.26521700000001], [-72.334439, 42.26587999999999], [-72.33407, 42.266497], [-72.33296299999999, 42.26752699999999], [-72.332379, 42.26846400000001], [-72.331642, 42.270135], [-72.331643, 42.27134599999999], [-72.33207399999999, 42.272123999999984], [-72.332813, 42.272742000000015], [-72.333399, 42.272993], [-72.337559, 42.273827], [-72.338357, 42.274409999999996], [-72.338725, 42.275619], [-72.338754, 42.27703500000002], [-72.338537, 42.27817700000001], [-72.338597, 42.279638], [-72.338844, 42.28030100000001], [-72.339275, 42.28087199999998], [-72.34113599999999, 42.28148900000001], [-72.343423, 42.281662], [-72.345567, 42.28312200000001], [-72.34679, 42.283609999999996], [-72.348445, 42.283792], [-72.349862, 42.28421499999999], [-72.350565, 42.284628999999995], [-72.350872, 42.285278], [-72.35079499999999, 42.285865], [-72.350214, 42.287019], [-72.349797, 42.288663], [-72.348788, 42.290994999999995], [-72.348805, 42.29215299999999], [-72.348531, 42.29419299999998], [-72.348631, 42.29458599999999], [-72.35004099999999, 42.29464799999999], [-72.350596, 42.29501199999999], [-72.352199, 42.29543299999998], [-72.35263499999999, 42.29573399999999], [-72.352375, 42.297149000000005], [-72.35202699999999, 42.297750999999984], [-72.35168399999999, 42.29802499999999], [-72.350824, 42.298220000000015], [-72.350708, 42.298414], [-72.351886, 42.29850599999999], [-72.352812, 42.29884799999999], [-72.35452599999999, 42.29895399999998], [-72.35486, 42.29922500000001], [-72.354896, 42.29984600000001], [-72.354664, 42.301035999999996], [-72.353734, 42.30207], [-72.353646, 42.302353], [-72.354186, 42.302747], [-72.35601799999999, 42.30328300000001], [-72.354852, 42.305074999999995], [-72.354017, 42.30576500000001], [-72.352316, 42.306289], [-72.35196599999999, 42.306354000000006], [-72.3516, 42.30591499999999], [-72.351745, 42.30448900000001], [-72.351495, 42.30389900000001], [-72.35074900000001, 42.303960999999994], [-72.34989399999999, 42.30451600000001], [-72.349555, 42.30528599999999], [-72.34979, 42.30616899999999], [-72.350197, 42.306877000000014], [-72.350855, 42.30739399999998], [-72.351238, 42.30743899999998], [-72.35195500000002, 42.30704199999999], [-72.352429, 42.307071], [-72.352774, 42.307391999999986], [-72.35260000000002, 42.30767600000001], [-72.35196499999999, 42.30787299999999], [-72.350146, 42.30802699999999], [-72.349668, 42.308283], [-72.34961799999999, 42.30858500000001], [-72.349864, 42.30874600000001], [-72.3508, 42.308795999999994], [-72.351463, 42.30974099999998], [-72.351458, 42.310067999999994], [-72.35095799999999, 42.310316], [-72.350326, 42.310278], [-72.34894299999999, 42.309208999999996], [-72.348402, 42.309112999999996], [-72.346316, 42.30975099999999], [-72.345201, 42.311035000000004], [-72.344475, 42.311280999999994], [-72.343597, 42.31188699999999], [-72.342399, 42.314169], [-72.341989, 42.31443499999998], [-72.34016, 42.31446200000002], [-72.339112, 42.31430299999999], [-72.337936, 42.314462000000006], [-72.336925, 42.314848], [-72.33500099999999, 42.31522800000002], [-72.33492799999999, 42.315563], [-72.335157, 42.31608499999999], [-72.334682, 42.316879], [-72.334805, 42.31765200000001], [-72.33377, 42.318164], [-72.333193, 42.31902399999999], [-72.330857, 42.319669], [-72.32950199999999, 42.31971699999999], [-72.328884, 42.319477], [-72.32884299999999, 42.318503], [-72.328127, 42.318791], [-72.327344, 42.319800000000015], [-72.327161, 42.32069699999999], [-72.327351, 42.321529999999996], [-72.327225, 42.32241], [-72.3274, 42.323477], [-72.328267, 42.325104], [-72.328336, 42.325768], [-72.328032, 42.326395000000005], [-72.32739400000001, 42.32679200000002], [-72.326909, 42.326738000000006], [-72.326499, 42.32623100000001], [-72.326448, 42.32518999999999], [-72.326336, 42.325131], [-72.325884, 42.325177000000004], [-72.324754, 42.32595699999999], [-72.32458, 42.326215999999995], [-72.324741, 42.326805], [-72.32612, 42.328141999999986], [-72.326079, 42.328628], [-72.325711, 42.329062], [-72.324985, 42.330676], [-72.324643, 42.330892], [-72.323084, 42.330972], [-72.32258399999999, 42.331168999999996], [-72.322386, 42.332283999999994], [-72.323075, 42.33297700000001], [-72.32316999999999, 42.33341500000001], [-72.323061, 42.333884000000005], [-72.321969, 42.33515099999999], [-72.320048, 42.336663000000016], [-72.31994000000002, 42.33707400000001], [-72.318134, 42.33919900000001], [-72.317494, 42.339688999999986], [-72.316859, 42.339844000000014], [-72.315647, 42.339389], [-72.31517199999999, 42.339402], [-72.314782, 42.339777], [-72.314606, 42.340934], [-72.314841, 42.343216999999996], [-72.314548, 42.343895], [-72.314126, 42.34421899999999], [-72.314081, 42.344873], [-72.31441199999999, 42.347536], [-72.31415299999999, 42.34892800000002], [-72.313153, 42.350069000000005], [-72.31203599999999, 42.35216699999998], [-72.31218199999999, 42.352906999999995], [-72.31255, 42.353212000000006], [-72.312587, 42.35371600000002], [-72.313794, 42.354531], [-72.313579, 42.355309999999996], [-72.313065, 42.35565], [-72.312992, 42.35596899999997], [-72.313636, 42.35672900000001], [-72.31371299999999, 42.35757699999999], [-72.313463, 42.35840600000001], [-72.31310599999999, 42.35878099999998], [-72.31253199999999, 42.358700999999996], [-72.31244699999999, 42.35833900000001], [-72.312102, 42.358034], [-72.311636, 42.35818199999998], [-72.31147299999999, 42.358490999999994], [-72.311447, 42.35872599999998], [-72.312086, 42.359721000000015], [-72.31201399999999, 42.360736], [-72.31285, 42.36213600000002], [-72.312662, 42.362655], [-72.310634, 42.36373799999999], [-72.31036700000001, 42.364173], [-72.31035, 42.36453300000001], [-72.31065, 42.36486300000001], [-72.31075299999999, 42.365484999999985], [-72.311008, 42.365788999999985], [-72.311572, 42.36584399999999], [-72.311908, 42.36605700000002], [-72.312398, 42.36721899999999], [-72.31276799999999, 42.36740700000001], [-72.31325199999999, 42.36891299999999], [-72.314161, 42.36934000000002], [-72.314831, 42.36911899999999], [-72.315337, 42.36925699999998], [-72.315631, 42.369956], [-72.315056, 42.369908999999986], [-72.31496, 42.370252999999984], [-72.31432, 42.370709], [-72.314481, 42.371247999999994], [-72.314354, 42.37141499999999], [-72.31175100000002, 42.371704], [-72.31159, 42.371854], [-72.311802, 42.372023], [-72.311629, 42.372274000000004], [-72.311303, 42.372162], [-72.311073, 42.37241199999999], [-72.311155, 42.37293299999999], [-72.311989, 42.373796], [-72.3131, 42.373602999999996], [-72.313085, 42.373838], [-72.31223200000001, 42.37417599999999], [-72.312646, 42.37440499999998], [-72.312395, 42.374588], [-72.312944, 42.37552600000001], [-72.312066, 42.376453], [-72.312525, 42.376706999999996], [-72.313436, 42.37688000000001], [-72.313724, 42.37729299999999], [-72.31352799999999, 42.377711], [-72.312403, 42.378477000000004], [-72.31248800000002, 42.378897], [-72.31320199999999, 42.37863300000001], [-72.313689, 42.37938200000001], [-72.31325799999999, 42.379565], [-72.313858, 42.380348], [-72.313716, 42.38095999999999], [-72.31446199999999, 42.381703], [-72.31425399999999, 42.382172], [-72.313591, 42.382041999999984], [-72.313138, 42.382173999999985], [-72.31298699999999, 42.38261000000001], [-72.313344, 42.382862999999986], [-72.313975, 42.38290899999998], [-72.313996, 42.383025999999994], [-72.31343, 42.38329999999999], [-72.31304899999999, 42.383072], [-72.312754, 42.383213000000005], [-72.311863, 42.384307], [-72.311905, 42.384526000000015], [-72.312321, 42.384646], [-72.311454, 42.385496999999994], [-72.31093299999999, 42.38574599999999], [-72.310931, 42.385922], [-72.31166900000001, 42.38638800000001], [-72.311734, 42.386615000000006], [-72.311329, 42.386621000000005], [-72.31054300000001, 42.386298], [-72.310407, 42.38636399999999], [-72.310507, 42.386508], [-72.311416, 42.38689], [-72.310058, 42.38736099999999], [-72.311905, 42.38840400000001], [-72.312736, 42.388684999999995], [-72.31361799999999, 42.389479], [-72.313723, 42.390075], [-72.313564, 42.390209000000006], [-72.313148, 42.390139], [-72.312703, 42.389573999999996], [-72.312432, 42.389689999999995], [-72.312721, 42.389985999999986], [-72.31267, 42.390488999999995], [-72.31289, 42.390959999999986], [-72.31393899999999, 42.39092399999998], [-72.31460899999999, 42.391473], [-72.314514, 42.39190099999999], [-72.31367399999999, 42.39236599999998], [-72.31357, 42.392617000000016], [-72.31369, 42.39293699999999], [-72.315994, 42.394544], [-72.31597, 42.394712], [-72.315561, 42.394919], [-72.315124, 42.394699], [-72.314774, 42.39473900000001], [-72.31452, 42.3953], [-72.314857, 42.39541099999999], [-72.315433, 42.395288], [-72.31549799999999, 42.39548999999998], [-72.313594, 42.39641900000001], [-72.314041, 42.396774], [-72.314145, 42.397504999999995], [-72.31474000000001, 42.397760000000005], [-72.314489, 42.39801899999999], [-72.315189, 42.398837000000015], [-72.314973, 42.399004], [-72.31415, 42.39901599999999], [-72.314013, 42.39921700000001], [-72.314117, 42.399905000000004], [-72.313632, 42.39992000000001], [-72.313571, 42.400364], [-72.313332, 42.40055599999999], [-72.314055, 42.40138200000001], [-72.31409699999999, 42.40165099999999], [-72.313982, 42.401911000000005], [-72.313733, 42.40196], [-72.312971, 42.40159499999999], [-72.313272, 42.401865], [-72.313412, 42.40240299999998], [-72.313206, 42.402687], [-72.31334799999999, 42.403074000000004], [-72.31275, 42.403096], [-72.312624, 42.40328799999998], [-72.312685, 42.40390999999999], [-72.312974, 42.40418799999999], [-72.312949, 42.404448], [-72.313407, 42.40478600000001], [-72.31309800000001, 42.40519599999999], [-72.313732, 42.405963], [-72.313715, 42.406448999999995], [-72.313478, 42.40650600000001], [-72.313097, 42.40623600000001], [-72.312673, 42.406887999999995], [-72.31196, 42.40706900000001], [-72.311425, 42.407568999999995], [-72.310475, 42.40777400000001], [-72.309982, 42.40852700000001], [-72.30998000000001, 42.408628000000014], [-72.310705, 42.408371], [-72.310893, 42.40871600000001], [-72.310446, 42.40930999999999], [-72.31034, 42.410635000000006], [-72.309932, 42.41082599999999], [-72.30926699999999, 42.41081399999999], [-72.308663, 42.41134799999998], [-72.308705, 42.411667], [-72.309292, 42.41156099999999], [-72.30949199999999, 42.41181399999999], [-72.308725, 42.41282599999998], [-72.308923, 42.414269999999995], [-72.30864799999999, 42.41462099999998], [-72.307679, 42.414573999999995], [-72.307382, 42.414891], [-72.307399, 42.41539499999999], [-72.308014, 42.41583500000001], [-72.30800099999999, 42.41598599999999], [-72.30695, 42.41613100000001], [-72.306587, 42.416322], [-72.307062, 42.41719799999999], [-72.30605, 42.41788899999999], [-72.306658, 42.41899199999999], [-72.306719, 42.419546], [-72.30628399999999, 42.420114000000005], [-72.30552, 42.41986699999999], [-72.30530399999999, 42.419958], [-72.30514099999999, 42.420427], [-72.30496, 42.420434], [-72.304639, 42.41992899999999], [-72.304186, 42.42012799999999], [-72.302109, 42.42031], [-72.302146, 42.42094800000001], [-72.30183, 42.420971000000016], [-72.301726, 42.42125599999999], [-72.301328, 42.42147999999999], [-72.301596, 42.42172499999999], [-72.301527, 42.42182600000002], [-72.301121, 42.42185700000001], [-72.30085799999999, 42.422131999999976], [-72.30129699999999, 42.423142], [-72.301304, 42.42350299999999], [-72.30247299999999, 42.423894999999995], [-72.302433, 42.424398999999994], [-72.30181499999999, 42.424177], [-72.30036799999999, 42.42447100000001], [-72.300274, 42.42481499999999], [-72.300437, 42.425378], [-72.30032299999999, 42.425487000000004], [-72.299499, 42.42548199999999], [-72.29883900000002, 42.426031999999985], [-72.29727799999999, 42.42641000000001], [-72.29722, 42.426534999999994], [-72.297848, 42.426823999999996], [-72.29776799999999, 42.42695], [-72.296148, 42.42757], [-72.29543799999999, 42.42845599999998], [-72.29471099999999, 42.42888], [-72.293934, 42.429748], [-72.292853, 42.42961700000003], [-72.29213899999999, 42.429863999999995], [-72.291967, 42.430149], [-72.29228599999999, 42.43080500000001], [-72.29193099999999, 42.431265], [-72.292062, 42.431584000000015], [-72.291551, 42.431892000000005], [-72.291309, 42.432368999999994], [-72.29129, 42.432964999999996], [-72.291398, 42.43339399999999], [-72.292127, 42.433758999999995], [-72.291921, 42.43400899999999], [-72.291153, 42.43403], [-72.290689, 42.433247], [-72.290228, 42.43315200000001], [-72.290078, 42.433386], [-72.289928, 42.43466899999999], [-72.28890299999999, 42.435486], [-72.289203, 42.435874000000005], [-72.289177, 42.436092], [-72.289932, 42.43622199999999], [-72.29003999999999, 42.43654999999999], [-72.290746, 42.436999], [-72.290834, 42.43720099999999], [-72.29065, 42.43745199999999], [-72.289591, 42.43731100000001], [-72.288237, 42.437371000000006], [-72.28766499999999, 42.437107], [-72.28747299999999, 42.437165000000014], [-72.28720899999999, 42.437549999999995], [-72.287538, 42.438315], [-72.287218, 42.43867400000001], [-72.286535, 42.439141], [-72.286419, 42.43944999999998], [-72.28503599999999, 42.439963000000006], [-72.283695, 42.44081200000001], [-72.283408, 42.441196], [-72.29142399999999, 42.47949500000001], [-72.270609, 42.494676999999996], [-72.262819, 42.500084], [-72.244952, 42.513552], [-72.26283699999999, 42.52832399999999], [-72.269221, 42.533408999999985], [-72.271207, 42.54632999999999], [-72.271478, 42.54726100000001], [-72.272297, 42.553931999999996], [-72.27359, 42.560998999999995], [-72.275173, 42.56586999999998], [-72.275134, 42.566172], [-72.275308, 42.56627499999996], [-72.27665999999999, 42.57043800000001], [-72.27645199999999, 42.57685], [-72.27552, 42.576615000000004], [-72.274628, 42.576657999999995], [-72.274017, 42.577788], [-72.27427, 42.57825600000001], [-72.274205, 42.57911100000001], [-72.274025, 42.579282], [-72.273595, 42.57931399999999], [-72.27259699999999, 42.578985], [-72.27214699999999, 42.57856100000001], [-72.271855, 42.577832], [-72.27201099999999, 42.57680500000001], [-72.271355, 42.576121], [-72.2707, 42.57610699999999], [-72.270138, 42.57637400000001], [-72.269173, 42.57765199999999], [-72.26805, 42.577794000000004], [-72.26649499999999, 42.57768100000001], [-72.265162, 42.577385000000014], [-72.264679, 42.57704399999998], [-72.264096, 42.57620900000001], [-72.263459, 42.57586], [-72.261321, 42.575868], [-72.26706399999999, 42.600812999999995], [-72.265447, 42.600957], [-72.262321, 42.60029999999999], [-72.26056799999999, 42.60085900000001], [-72.260042, 42.601133], [-72.25924300000001, 42.60225099999999], [-72.25881, 42.60372], [-72.257132, 42.60423999999999], [-72.256329, 42.60512200000001], [-72.253239, 42.605284], [-72.254713, 42.611633000000005], [-72.24269300000002, 42.61329899999999], [-72.24220199999999, 42.61389800000001], [-72.24163, 42.61400199999999], [-72.240887, 42.613936], [-72.24004800000002, 42.613459], [-72.239477, 42.61362099999999], [-72.238075, 42.61458499999999], [-72.237236, 42.61403999999999], [-72.233345, 42.614202], [-72.232055, 42.613847], [-72.231627, 42.61387300000002], [-72.23074199999999, 42.61468500000003], [-72.23043899999999, 42.61466699999999], [-72.23015199999999, 42.614264999999996], [-72.229573, 42.61436999999999], [-72.227897, 42.615661], [-72.227819, 42.615924000000014], [-72.228034, 42.61629699999999], [-72.22794, 42.61673899999998], [-72.228117, 42.617169999999994], [-72.22796199999999, 42.617968], [-72.228453, 42.61871400000001], [-72.228066, 42.619983], [-72.227883, 42.620162999999984], [-72.22781499999999, 42.621061], [-72.227496, 42.62149299999999], [-72.22748, 42.62176199999999], [-72.2278, 42.62186000000001], [-72.228498, 42.62152299999998], [-72.229798, 42.621909], [-72.229844, 42.62211700000001], [-72.229201, 42.623084000000034], [-72.229171, 42.623684999999995], [-72.23040999999999, 42.62380599999997], [-72.230749, 42.623667999999974], [-72.23148, 42.62418], [-72.23166599999999, 42.625005], [-72.231573, 42.625427], [-72.23124, 42.62571100000001], [-72.229886, 42.626075], [-72.22861000000002, 42.62603999999998], [-72.227047, 42.62688900000001], [-72.226776, 42.627355], [-72.22683099999999, 42.628144], [-72.226646, 42.628734], [-72.225486, 42.630114999999996], [-72.22561, 42.631054000000006], [-72.22605700000001, 42.631688], [-72.225878, 42.632018999999985], [-72.22618299999999, 42.632439], [-72.225931, 42.633368000000004], [-72.22623100000001, 42.63378899999999], [-72.22630099999999, 42.63449699999998], [-72.228391, 42.636461], [-72.228515, 42.63725899999999], [-72.22904799999999, 42.638324999999995], [-72.212349, 42.640653999999984], [-72.167414, 42.64652299999999], [-72.16527200000002, 42.63642199999999], [-72.164279, 42.632568], [-72.15834600000001, 42.633211], [-72.15664900000002, 42.62360000000001], [-72.154185, 42.623851999999985], [-72.14214000000001, 42.623647000000005], [-72.140151, 42.623785999999996], [-72.116631, 42.62660699999999], [-72.11619, 42.631975], [-72.111071, 42.71717200000001], [-72.01020299999999, 42.714136], [-72.000844, 42.714079999999996], [-71.98140200000002, 42.713295], [-71.936076, 42.712436000000004], [-71.79727799999999, 42.708792999999986], [-71.77251799999999, 42.70798700000001], [-71.775672, 42.645893000000015], [-71.77595699999999, 42.64444499999999], [-71.775742, 42.64421600000001], [-71.775322, 42.63666300000001], [-71.844843, 42.63798500000001], [-71.85840999999999, 42.63384], [-71.858612, 42.62904499999999], [-71.88203399999999, 42.619911], [-71.880601, 42.617339000000015], [-71.883629, 42.616350000000004], [-71.883051, 42.61534200000001], [-71.892139, 42.612466000000005], [-71.89289500000001, 42.613778], [-71.896023, 42.612743999999985], [-71.89540099999999, 42.611585000000005], [-71.91066099999999, 42.6067], [-71.91139199999999, 42.607808000000006], [-71.91302999999999, 42.607381999999994], [-71.912933, 42.607799], [-71.928022, 42.602009], [-71.945792, 42.594878], [-71.950569, 42.60170799999997], [-71.948807, 42.602522], [-71.951726, 42.60755799999999], [-71.95031999999999, 42.608100000000015], [-71.95211800000001, 42.610696999999995], [-71.956446, 42.610272], [-71.975835, 42.627452000000005], [-71.986097, 42.62776700000002], [-71.985972, 42.62998500000002], [-72.019746, 42.615575999999976], [-72.033037, 42.60974], [-72.03595, 42.608297], [-72.04607299999999, 42.601834999999994], [-72.03604, 42.593871000000014], [-72.041853, 42.59196499999998], [-72.041939, 42.59177799999998], [-72.042007, 42.590026], [-72.042227, 42.589378999999994], [-72.04123299999999, 42.58836799999999], [-72.039986, 42.587838999999995], [-72.039562, 42.58681099999999], [-72.038974, 42.586591999999996], [-72.038876, 42.586338000000005], [-72.039541, 42.58544400000002], [-72.040312, 42.585350999999996], [-72.040705, 42.585069000000004], [-72.04151399999999, 42.584872999999995], [-72.042283, 42.58396600000001], [-72.042237, 42.58362499999999], [-72.041626, 42.583245], [-72.04151399999999, 42.582894], [-72.042025, 42.582108], [-72.041646, 42.580890000000004], [-72.042198, 42.580259999999996], [-72.042041, 42.579780999999976], [-72.041338, 42.57942999999999], [-72.040385, 42.578581999999976], [-72.039526, 42.57864799999999], [-72.03783, 42.57832399999998], [-72.037595, 42.577871], [-72.038217, 42.57733000000001], [-72.038207, 42.57715700000001], [-72.03799699999999, 42.577070000000006], [-72.03707399999999, 42.57748599999999], [-72.03580099999999, 42.57891499999999], [-72.03558799999999, 42.57995700000001], [-72.03514899999999, 42.58008], [-72.034402, 42.579904], [-72.03282899999999, 42.578765999999995], [-72.031729, 42.57833599999999], [-72.032243, 42.577231999999995], [-72.032933, 42.576799], [-72.033029, 42.57635900000001], [-72.03289699999999, 42.57611199999997], [-72.032377, 42.575881999999986], [-72.03116899999999, 42.575965], [-72.031139, 42.575480999999996], [-72.031426, 42.57446900000001], [-72.031311, 42.57421500000001], [-72.03084, 42.57401199999998], [-72.030175, 42.57400399999999], [-72.02967000000001, 42.574242000000005], [-72.02862, 42.573999000000015], [-72.027833, 42.57403600000001], [-72.026928, 42.573301], [-72.02380000000001, 42.57363000000001], [-72.023375, 42.573808000000014], [-72.023338, 42.574166000000005], [-72.023123, 42.574386000000004], [-72.020038, 42.57551799999999], [-72.019769, 42.57582000000001], [-72.019584, 42.57661700000001], [-72.01923599999999, 42.576692], [-72.01845999999999, 42.57656999999999], [-72.017831, 42.576083], [-72.017149, 42.57528599999998], [-72.01702999999999, 42.574434999999994], [-72.01626499999999, 42.57387999999999], [-72.016277, 42.573612999999995], [-72.01696799999999, 42.572979999999994], [-72.017342, 42.57218000000002], [-72.019526, 42.571029], [-72.01965, 42.57078], [-72.019476, 42.57054600000001], [-72.018669, 42.570229999999995], [-72.016926, 42.56989600000001], [-72.015053, 42.567879], [-72.02700999999999, 42.563240999999984], [-71.979721, 42.53238899999999], [-71.91983499999999, 42.491447000000015], [-71.93319100000001, 42.482922999999985], [-71.920293, 42.47453900000001], [-71.93191999999999, 42.467209999999994], [-71.93712, 42.464174], [-71.965442, 42.44660700000001], [-71.887761, 42.39494999999998], [-71.928859, 42.36820300000001], [-71.918768, 42.347983000000006], [-71.905407, 42.349427999999996], [-71.901721, 42.341664], [-71.90583699999999, 42.340508], [-71.903503, 42.335674000000004], [-71.91117899999999, 42.333213999999984], [-71.90100799999999, 42.313353000000006], [-71.900357, 42.31338100000001], [-71.891452, 42.295745], [-71.881699, 42.297586], [-71.880515, 42.298196999999995], [-71.878991, 42.29751599999997], [-71.879447, 42.295853], [-71.87952, 42.293724000000005], [-71.882154, 42.291955000000016], [-71.875461, 42.28659199999999], [-71.880684, 42.28330599999998], [-71.884101, 42.28136099999999], [-71.88564099999999, 42.28457900000001], [-71.960633, 42.281420999999995], [-71.958624, 42.27322900000001], [-71.939356, 42.189237999999996], [-71.916979, 42.190908], [-71.899489, 42.10411399999998], [-71.911895, 42.101317], [-71.909235, 42.091260999999996], [-71.992734, 42.072623000000014], [-71.99250099999999, 42.07818700000001], [-71.99574500000001, 42.077450000000006], [-71.99658699999999, 42.08212300000001], [-71.992663, 42.083145], [-71.993359, 42.085688999999995], [-71.994873, 42.08536000000001], [-71.99387899999999, 42.08751999999999], [-71.996079, 42.087278000000005], [-71.998232, 42.097843000000005], [-72.002993, 42.09658899999998], [-72.027286, 42.10502699999999], [-72.02549499999999, 42.107929999999996], [-72.027603, 42.10740599999999], [-72.029051, 42.11511499999999], [-72.03175999999999, 42.114388000000005], [-72.030844, 42.10979799999999], [-72.03628599999999, 42.108152], [-72.03618999999999, 42.109483], [-72.039076, 42.10905799999999], [-72.03962, 42.112345999999995], [-72.042065, 42.11163], [-72.040506, 42.104225999999976], [-72.046785, 42.103525], [-72.05209599999999, 42.088418], [-72.053429, 42.082403], [-72.054266, 42.08290399999999], [-72.05537, 42.083129], [-72.057558, 42.083091], [-72.058729, 42.08275099999999], [-72.05917099999999, 42.082224000000004], [-72.05925900000001, 42.08104600000001], [-72.05981899999999, 42.080551000000014], [-72.060791, 42.07909199999999], [-72.060799, 42.07738799999999], [-72.060285, 42.07619899999999], [-72.059687, 42.075436999999994], [-72.059418, 42.07447099999999], [-72.05941, 42.073961], [-72.059731, 42.072947000000006], [-72.06036499999999, 42.07197599999999], [-72.060645, 42.071735000000004], [-72.061042, 42.07170699999999], [-72.062839, 42.072590999999996], [-72.063583, 42.07277700000001], [-72.066425, 42.072086], [-72.074501, 42.05837299999999], [-72.099811, 42.02872300000001], [-72.118567, 42.029622999999994], [-72.126127, 42.029810000000005], [-72.144798, 42.03062099999999], [-72.148664, 42.030530000000006], [-72.241292, 42.03137400000001], [-72.248813, 42.031450000000014], [-72.249523, 42.03162599999999], [-72.317148, 42.031907], [-72.338926, 42.032116], [-72.366991, 42.03270499999999], [-72.374606, 42.075811], [-72.374599, 42.07773499999999], [-72.37569700000002, 42.081982999999994], [-72.376682, 42.08707200000002], [-72.380501, 42.10853500000002], [-72.38067099999999, 42.110109999999985], [-72.382345, 42.118103999999995], [-72.39508, 42.184060999999986], [-72.39560999999999, 42.185769]]]}}, {"type": "Feature", "properties": {"district_name": "Worcester & Middlesex District", "chamber": "senate", "vintage": "2012-2020", "url": "/district/senate-worcester-middlesex-district-2012-2020/", "latest_year": 2020, "years": [{"year": 2020, "lean_dem_share": 0.5841, "competitiveness": "Likely", "competitiveness_label": "Likely D", "party_favored": "Democratic", "is_uncontested": false, "turnout_ratio": 1.021, "winner_name": "John J. Cronin", "winner_party": "Democratic", "winner_war": -0.0159, "winner_lean_component": 0.3878, "winner_tide_component": 0.0067, "winner_incumbency_adjustment": 0.0, "winner_demographics_component": null, "winner_fundraising_component": 0.0373}, {"year": 2018, "lean_dem_share": 0.2356, "competitiveness": "Safe", "competitiveness_label": "Safe R", "party_favored": "Republican", "is_uncontested": false, "turnout_ratio": 1.028, "winner_name": "Dean Tran", "winner_party": "Republican", "winner_war": 0.0526, "winner_lean_component": 0.3913, "winner_tide_component": 0.0045, "winner_incumbency_adjustment": 0.0, "winner_demographics_component": null, "winner_fundraising_component": 0.0329}, {"year": 2016, "lean_dem_share": 0.545, "competitiveness": "Lean", "competitiveness_label": "Lean D", "party_favored": "Democratic", "is_uncontested": true, "turnout_ratio": 0.8684, "winner_name": "Jennifer L. Flanagan", "winner_party": "Democratic", "winner_war": null, "winner_lean_component": 0.3878, "winner_tide_component": 0.0065, "winner_incumbency_adjustment": 0.0724, "winner_demographics_component": null, "winner_fundraising_component": 0.0154}, {"year": 2014, "lean_dem_share": 0.3976, "competitiveness": "Safe", "competitiveness_label": "Safe R", "party_favored": "Republican", "is_uncontested": false, "turnout_ratio": 1.0458, "winner_name": "Jennifer L. Flanagan", "winner_party": "Democratic", "winner_war": 0.0187, "winner_lean_component": 0.3878, "winner_tide_component": 0.0049, "winner_incumbency_adjustment": 0.0724, "winner_demographics_component": null, "winner_fundraising_component": 0.0267}, {"year": 2012, "lean_dem_share": 0.5285, "competitiveness": "Lean", "competitiveness_label": "Lean D", "party_favored": "Democratic", "is_uncontested": true, "turnout_ratio": 0.7863, "winner_name": "Jennifer L. Flanagan", "winner_party": "Democratic", "winner_war": null, "winner_lean_component": 0.3878, "winner_tide_component": 0.0062, "winner_incumbency_adjustment": 0.0, "winner_demographics_component": null, "winner_fundraising_component": 0.0155}], "lean_dem_share": 0.5841, "competitiveness": "Likely", "competitiveness_label": "Likely D", "party_favored": "Democratic", "is_uncontested": false, "turnout_ratio": 1.021, "winner_name": "John J. Cronin", "winner_party": "Democratic", "winner_war": -0.0159, "winner_lean_component": 0.3878, "winner_tide_component": 0.0067, "winner_incumbency_adjustment": 0.0, "winner_demographics_component": null, "winner_fundraising_component": 0.0373}, "geometry": {"type": "Polygon", "coordinates": [[[-72.04607299999999, 42.601834999999994], [-72.03595, 42.608297], [-72.033037, 42.60974], [-72.019746, 42.615575999999976], [-71.985972, 42.62998500000002], [-71.986097, 42.62776700000002], [-71.975835, 42.627452000000005], [-71.956446, 42.610272], [-71.95211800000001, 42.610696999999995], [-71.95031999999999, 42.608100000000015], [-71.951726, 42.60755799999999], [-71.948807, 42.602522], [-71.950569, 42.60170799999997], [-71.945792, 42.594878], [-71.928022, 42.602009], [-71.912933, 42.607799], [-71.91302999999999, 42.607381999999994], [-71.91139199999999, 42.607808000000006], [-71.91066099999999, 42.6067], [-71.89540099999999, 42.611585000000005], [-71.896023, 42.612743999999985], [-71.89289500000001, 42.613778], [-71.892139, 42.612466000000005], [-71.883051, 42.61534200000001], [-71.883629, 42.616350000000004], [-71.880601, 42.617339000000015], [-71.88203399999999, 42.619911], [-71.858612, 42.62904499999999], [-71.85840999999999, 42.63384], [-71.844843, 42.63798500000001], [-71.775322, 42.63666300000001], [-71.775742, 42.64421600000001], [-71.77595699999999, 42.64444499999999], [-71.775672, 42.645893000000015], [-71.77251799999999, 42.70798700000001], [-71.651911, 42.70519399999999], [-71.65072099999999, 42.69091999999999], [-71.664614, 42.611588999999995], [-71.67773, 42.539397], [-71.67898, 42.53035099999999], [-71.675714, 42.52998999999999], [-71.635812, 42.52409099999999], [-71.636032, 42.523078], [-71.63474, 42.522548], [-71.634326, 42.522244], [-71.634117, 42.52182399999998], [-71.633264, 42.521195], [-71.63279399999999, 42.52006499999999], [-71.631974, 42.51898900000001], [-71.63168399999999, 42.51889], [-71.631012, 42.51911099999999], [-71.630478, 42.518836], [-71.63035599999999, 42.518104], [-71.63057, 42.517356], [-71.630875, 42.51714299999999], [-71.632187, 42.516883], [-71.63230899999999, 42.516296], [-71.631913, 42.51589899999999], [-71.630982, 42.515762], [-71.63002, 42.515922], [-71.629578, 42.51578500000001], [-71.629303, 42.515335], [-71.629303, 42.51464], [-71.629685, 42.51377800000001], [-71.629227, 42.513381], [-71.628022, 42.513244], [-71.627472, 42.512657], [-71.628022, 42.51153499999999], [-71.628022, 42.51072599999999], [-71.628159, 42.51052800000001], [-71.628632, 42.51045200000001], [-71.62924199999999, 42.511138], [-71.629532, 42.51123799999999], [-71.629914, 42.51094], [-71.629914, 42.510191999999996], [-71.63009699999999, 42.50993299999999], [-71.631028, 42.509482999999996], [-71.631455, 42.509643000000004], [-71.631745, 42.50949800000001], [-71.631317, 42.508323000000004], [-71.631501, 42.507812], [-71.632508, 42.506918999999996], [-71.63394199999999, 42.504653000000005], [-71.634018, 42.50416500000001], [-71.63394199999999, 42.503868], [-71.633515, 42.50355499999999], [-71.633545, 42.502905999999996], [-71.633408, 42.502632], [-71.632508, 42.502395], [-71.631546, 42.502531999999995], [-71.62912, 42.501296], [-71.626862, 42.500372999999996], [-71.62617999999999, 42.499231], [-71.62617999999999, 42.498560000000005], [-71.626282, 42.497828000000005], [-71.62702, 42.495767], [-71.62796800000001, 42.494949], [-71.628165, 42.49445000000001], [-71.627944, 42.49354400000002], [-71.627974, 42.492990999999996], [-71.629173, 42.49029799999999], [-71.62926800000001, 42.48880799999999], [-71.631109, 42.48744999999998], [-71.63186, 42.485487000000006], [-71.63229, 42.485485999999995], [-71.63311399999999, 42.486138000000004], [-71.63352499999999, 42.48624300000001], [-71.633996, 42.486075], [-71.634282, 42.485648], [-71.634301, 42.48540500000001], [-71.633951, 42.485163], [-71.63259599999999, 42.48493799999999], [-71.631896, 42.48366399999999], [-71.631908, 42.48326600000001], [-71.632239, 42.48320400000001], [-71.632942, 42.483541999999986], [-71.633273, 42.483418999999984], [-71.633436, 42.48203699999999], [-71.633724, 42.481241999999995], [-71.634134, 42.480800000000016], [-71.633425, 42.478898000000015], [-71.633383, 42.478288000000006], [-71.63362599999999, 42.47784699999999], [-71.635397, 42.477289000000006], [-71.635335, 42.476744999999994], [-71.54890300000001, 42.44730799999999], [-71.553964, 42.42976200000001], [-71.554182, 42.42844399999999], [-71.559046, 42.411981], [-71.58543, 42.40702], [-71.60425099999999, 42.397703], [-71.580043, 42.386949000000016], [-71.607759, 42.370022], [-71.603065, 42.367267], [-71.610007, 42.357403000000005], [-71.624702, 42.35046500000001], [-71.634038, 42.35841199999999], [-71.677794, 42.365154000000025], [-71.67055100000002, 42.38666500000001], [-71.678766, 42.389162999999996], [-71.676515, 42.396139], [-71.668054, 42.39461200000001], [-71.66058199999999, 42.41851400000002], [-71.662601, 42.417859], [-71.662981, 42.416943], [-71.664902, 42.415345], [-71.665294, 42.41427099999999], [-71.665526, 42.414030000000004], [-71.66754499999999, 42.413093999999994], [-71.67033800000002, 42.412293], [-71.670735, 42.412834000000004], [-71.67175499999999, 42.413409000000016], [-71.671278, 42.413743], [-71.671404, 42.413956], [-71.672094, 42.414325999999996], [-71.67325799999999, 42.413908000000006], [-71.673525, 42.414151999999994], [-71.673698, 42.414640000000006], [-71.67476599999999, 42.41422699999999], [-71.675657, 42.412988], [-71.678553, 42.410588], [-71.68083299999999, 42.410131000000014], [-71.681756, 42.41024699999998], [-71.681693, 42.411946000000015], [-71.68210499999999, 42.413712], [-71.682569, 42.413303000000006], [-71.683149, 42.413646], [-71.689883, 42.41576500000002], [-71.68743599999999, 42.419762], [-71.687268, 42.420471999999975], [-71.68621499999999, 42.420658], [-71.68495, 42.42114000000001], [-71.685367, 42.421133999999995], [-71.685211, 42.423446], [-71.68741200000001, 42.423498999999985], [-71.687969, 42.428467000000005], [-71.687936, 42.429545999999995], [-71.687621, 42.430875999999984], [-71.68695199999999, 42.43183900000001], [-71.685698, 42.434221000000015], [-71.685563, 42.43529199999999], [-71.686132, 42.43636500000001], [-71.688191, 42.436744], [-71.718362, 42.410263999999984], [-71.721578, 42.409239000000014], [-71.725979, 42.39028900000001], [-71.741919, 42.38685000000001], [-71.741916, 42.392773000000005], [-71.76330399999999, 42.40036699999999], [-71.77773499999999, 42.400408999999996], [-71.786552, 42.398979000000004], [-71.81777799999999, 42.403955999999994], [-71.831745, 42.431826], [-71.81423099999999, 42.443999], [-71.81466499999999, 42.444401000000006], [-71.81456, 42.44455700000002], [-71.81420299999999, 42.444809], [-71.81384299999999, 42.444814999999984], [-71.81316199999999, 42.445291999999995], [-71.813465, 42.44561299999999], [-71.815095, 42.445584], [-71.81689899999999, 42.44619499999999], [-71.81748999999999, 42.446244000000014], [-71.818176, 42.446595], [-71.8186, 42.446909000000005], [-71.819299, 42.448108], [-71.81945600000002, 42.44869699999999], [-71.819262, 42.449435], [-71.819514, 42.45002600000001], [-71.821012, 42.450453], [-71.821193, 42.45065100000001], [-71.82118299999999, 42.450979000000004], [-71.820511, 42.45154000000001], [-71.820396, 42.452178999999994], [-71.821935, 42.45382399999999], [-71.822216, 42.454651999999996], [-71.822109, 42.45638499999999], [-71.82369, 42.458121999999996], [-71.823972, 42.458956000000015], [-71.82393499999999, 42.461037000000005], [-71.82409899999999, 42.461526], [-71.82482499999999, 42.46194499999999], [-71.825834, 42.463077999999975], [-71.826998, 42.463744], [-71.827317, 42.464990000000014], [-71.827815, 42.465826000000014], [-71.82791399999999, 42.466967000000004], [-71.82807799999999, 42.46716899999999], [-71.82790500000002, 42.467309], [-71.827904, 42.468328], [-71.828295, 42.469170999999996], [-71.827826, 42.470826], [-71.827799, 42.472061], [-71.835604, 42.48359599999998], [-71.822318, 42.50427500000001], [-71.842326, 42.51263000000001], [-71.842004, 42.514679000000015], [-71.844954, 42.51443899999999], [-71.84737, 42.514704999999985], [-71.849357, 42.51781600000001], [-71.856837, 42.51908299999999], [-71.86104, 42.51637400000001], [-71.864531, 42.516932999999995], [-71.909649, 42.484492], [-71.979721, 42.53238899999999], [-72.02700999999999, 42.563240999999984], [-72.015053, 42.567879], [-72.016926, 42.56989600000001], [-72.018669, 42.570229999999995], [-72.019476, 42.57054600000001], [-72.01965, 42.57078], [-72.019526, 42.571029], [-72.017342, 42.57218000000002], [-72.01696799999999, 42.572979999999994], [-72.016277, 42.573612999999995], [-72.01626499999999, 42.57387999999999], [-72.01702999999999, 42.574434999999994], [-72.017149, 42.57528599999998], [-72.017831, 42.576083], [-72.01845999999999, 42.57656999999999], [-72.01923599999999, 42.576692], [-72.019584, 42.57661700000001], [-72.019769, 42.57582000000001], [-72.020038, 42.57551799999999], [-72.023123, 42.574386000000004], [-72.023338, 42.574166000000005], [-72.023375, 42.573808000000014], [-72.02380000000001, 42.57363000000001], [-72.026928, 42.573301], [-72.027833, 42.57403600000001], [-72.02862, 42.573999000000015], [-72.02967000000001, 42.574242000000005], [-72.030175, 42.57400399999999], [-72.03084, 42.57401199999998], [-72.031311, 42.57421500000001], [-72.031426, 42.57446900000001], [-72.031139, 42.575480999999996], [-72.03116899999999, 42.575965], [-72.032377, 42.575881999999986], [-72.03289699999999, 42.57611199999997], [-72.033029, 42.57635900000001], [-72.032933, 42.576799], [-72.032243, 42.577231999999995], [-72.031729, 42.57833599999999], [-72.03282899999999, 42.578765999999995], [-72.034402, 42.579904], [-72.03514899999999, 42.58008], [-72.03558799999999, 42.57995700000001], [-72.03580099999999, 42.57891499999999], [-72.03707399999999, 42.57748599999999], [-72.03799699999999, 42.577070000000006], [-72.038207, 42.57715700000001], [-72.038217, 42.57733000000001], [-72.037595, 42.577871], [-72.03783, 42.57832399999998], [-72.039526, 42.57864799999999], [-72.040385, 42.578581999999976], [-72.041338, 42.57942999999999], [-72.042041, 42.579780999999976], [-72.042198, 42.580259999999996], [-72.041646, 42.580890000000004], [-72.042025, 42.582108], [-72.04151399999999, 42.582894], [-72.041626, 42.583245], [-72.042237, 42.58362499999999], [-72.042283, 42.58396600000001], [-72.04151399999999, 42.584872999999995], [-72.040705, 42.585069000000004], [-72.040312, 42.585350999999996], [-72.039541, 42.58544400000002], [-72.038876, 42.586338000000005], [-72.038974, 42.586591999999996], [-72.039562, 42.58681099999999], [-72.039986, 42.587838999999995], [-72.04123299999999, 42.58836799999999], [-72.042227, 42.589378999999994], [-72.042007, 42.590026], [-72.041939, 42.59177799999998], [-72.041853, 42.59196499999998], [-72.03604, 42.593871000000014], [-72.04607299999999, 42.601834999999994]]]}}, {"type": "Feature", "properties": {"district_name": "First Worcester District", "chamber": "senate", "vintage": "2012-2020", "url": "/district/senate-first-worcester-district-2012-2020/", "latest_year": 2020, "years": [{"year": 2020, "lean_dem_share": 0.6617, "competitiveness": "Safe", "competitiveness_label": "Safe D", "party_favored": "Democratic", "is_uncontested": true, "turnout_ratio": 0.7915, "winner_name": "Harriette L. Chandler", "winner_party": "Democratic", "winner_war": null, "winner_lean_component": 0.4598, "winner_tide_component": 0.0067, "winner_incumbency_adjustment": 0.0724, "winner_demographics_component": null, "winner_fundraising_component": 0.0463}, {"year": 2018, "lean_dem_share": 0.3161, "competitiveness": "Safe", "competitiveness_label": "Safe R", "party_favored": "Republican", "is_uncontested": true, "turnout_ratio": 0.8097, "winner_name": "Harriette L. Chandler", "winner_party": "Democratic", "winner_war": null, "winner_lean_component": 0.4598, "winner_tide_component": 0.0033, "winner_incumbency_adjustment": 0.0724, "winner_demographics_component": null, "winner_fundraising_component": 0.0291}, {"year": 2016, "lean_dem_share": 0.6489, "competitiveness": "Safe", "competitiveness_label": "Safe D", "party_favored": "Democratic", "is_uncontested": true, "turnout_ratio": 0.8353, "winner_name": "Harriette L. Chandler", "winner_party": "Democratic", "winner_war": null, "winner_lean_component": 0.4598, "winner_tide_component": 0.0065, "winner_incumbency_adjustment": 0.0724, "winner_demographics_component": null, "winner_fundraising_component": 0.0151}, {"year": 2014, "lean_dem_share": 0.471, "competitiveness": "Lean", "competitiveness_label": "Lean R", "party_favored": "Republican", "is_uncontested": false, "turnout_ratio": 1.0282, "winner_name": "Harriette L. Chandler", "winner_party": "Democratic", "winner_war": -0.0537, "winner_lean_component": 0.4598, "winner_tide_component": 0.0049, "winner_incumbency_adjustment": 0.0724, "winner_demographics_component": null, "winner_fundraising_component": 0.0255}, {"year": 2012, "lean_dem_share": 0.6187, "competitiveness": "Safe", "competitiveness_label": "Safe D", "party_favored": "Democratic", "is_uncontested": true, "turnout_ratio": 0.7726, "winner_name": "Harriette L. Chandler", "winner_party": "Democratic", "winner_war": null, "winner_lean_component": 0.4598, "winner_tide_component": 0.0062, "winner_incumbency_adjustment": 0.0, "winner_demographics_component": null, "winner_fundraising_component": 0.013}], "lean_dem_share": 0.6617, "competitiveness": "Safe", "competitiveness_label": "Safe D", "party_favored": "Democratic", "is_uncontested": true, "turnout_ratio": 0.7915, "winner_name": "Harriette L. Chandler", "winner_party": "Democratic", "winner_war": null, "winner_lean_component": 0.4598, "winner_tide_component": 0.0067, "winner_incumbency_adjustment": 0.0724, "winner_demographics_component": null, "winner_fundraising_component": 0.0463}, "geometry": {"type": "Polygon", "coordinates": [[[-71.965412, 42.446625000000004], [-71.93712, 42.464174], [-71.93191999999999, 42.467209999999994], [-71.920293, 42.47453900000001], [-71.93319100000001, 42.482922999999985], [-71.920187, 42.49125500000001], [-71.91983499999999, 42.491447000000015], [-71.909649, 42.484492], [-71.864531, 42.516932999999995], [-71.86104, 42.51637400000001], [-71.856837, 42.51908299999999], [-71.849357, 42.51781600000001], [-71.84737, 42.514704999999985], [-71.844954, 42.51443899999999], [-71.842004, 42.514679000000015], [-71.842326, 42.51263000000001], [-71.822318, 42.50427500000001], [-71.835604, 42.48359599999998], [-71.827799, 42.472061], [-71.827826, 42.470826], [-71.828295, 42.469170999999996], [-71.827904, 42.468328], [-71.82790500000002, 42.467309], [-71.82807799999999, 42.46716899999999], [-71.82791399999999, 42.466967000000004], [-71.827815, 42.465826000000014], [-71.827317, 42.464990000000014], [-71.826998, 42.463744], [-71.825834, 42.463077999999975], [-71.82482499999999, 42.46194499999999], [-71.82409899999999, 42.461526], [-71.82393499999999, 42.461037000000005], [-71.823972, 42.458956000000015], [-71.82369, 42.458121999999996], [-71.822109, 42.45638499999999], [-71.822216, 42.454651999999996], [-71.821935, 42.45382399999999], [-71.820396, 42.452178999999994], [-71.820511, 42.45154000000001], [-71.82118299999999, 42.450979000000004], [-71.821193, 42.45065100000001], [-71.821012, 42.450453], [-71.819514, 42.45002600000001], [-71.819262, 42.449435], [-71.81945600000002, 42.44869699999999], [-71.819299, 42.448108], [-71.8186, 42.446909000000005], [-71.818176, 42.446595], [-71.81748999999999, 42.446244000000014], [-71.81689899999999, 42.44619499999999], [-71.815095, 42.445584], [-71.813465, 42.44561299999999], [-71.81316199999999, 42.445291999999995], [-71.81384299999999, 42.444814999999984], [-71.81420299999999, 42.444809], [-71.81456, 42.44455700000002], [-71.81466499999999, 42.444401000000006], [-71.81423099999999, 42.443999], [-71.831745, 42.431826], [-71.81777799999999, 42.403955999999994], [-71.786552, 42.398979000000004], [-71.77773499999999, 42.400408999999996], [-71.76330399999999, 42.40036699999999], [-71.741916, 42.392773000000005], [-71.741919, 42.38685000000001], [-71.725979, 42.39028900000001], [-71.721578, 42.409239000000014], [-71.718362, 42.410263999999984], [-71.688191, 42.436744], [-71.686038, 42.436336000000004], [-71.68554, 42.435158], [-71.685698, 42.434221000000015], [-71.68695199999999, 42.43183900000001], [-71.687621, 42.430875999999984], [-71.687936, 42.429545999999995], [-71.687969, 42.428467000000005], [-71.68741200000001, 42.423498999999985], [-71.685211, 42.423446], [-71.685367, 42.421133999999995], [-71.68495, 42.42114000000001], [-71.68621499999999, 42.420658], [-71.687268, 42.420471999999975], [-71.68743599999999, 42.419762], [-71.689883, 42.41576500000002], [-71.683149, 42.413646], [-71.682569, 42.413303000000006], [-71.68210499999999, 42.413712], [-71.681693, 42.411946000000015], [-71.681756, 42.41024699999998], [-71.68083299999999, 42.410131000000014], [-71.678553, 42.410588], [-71.675657, 42.412988], [-71.67476599999999, 42.41422699999999], [-71.673698, 42.414640000000006], [-71.673525, 42.414151999999994], [-71.67325799999999, 42.413908000000006], [-71.672094, 42.414325999999996], [-71.671404, 42.413956], [-71.671278, 42.413743], [-71.67175499999999, 42.413409000000016], [-71.670735, 42.412834000000004], [-71.67033800000002, 42.412293], [-71.66754499999999, 42.413093999999994], [-71.665526, 42.414030000000004], [-71.665294, 42.41427099999999], [-71.664902, 42.415345], [-71.662981, 42.416943], [-71.662601, 42.417859], [-71.66058199999999, 42.41851400000002], [-71.668054, 42.39461200000001], [-71.676515, 42.396139], [-71.678766, 42.389162999999996], [-71.67055100000002, 42.38666500000001], [-71.677794, 42.365154000000025], [-71.634038, 42.35841199999999], [-71.624702, 42.35046500000001], [-71.62582499999999, 42.34972399999999], [-71.62065799999999, 42.345248999999995], [-71.619131, 42.343348999999996], [-71.61825999999999, 42.342589], [-71.62294899999999, 42.33796500000001], [-71.625042, 42.336898999999995], [-71.625767, 42.336300000000016], [-71.62680999999999, 42.334578], [-71.628537, 42.332840999999995], [-71.630082, 42.33084199999997], [-71.630843, 42.328889], [-71.63344, 42.32733999999999], [-71.639343, 42.322973999999995], [-71.638291, 42.322259], [-71.637267, 42.32190400000001], [-71.636844, 42.32139600000001], [-71.63595, 42.32111100000001], [-71.635638, 42.32066999999999], [-71.636684, 42.320254999999996], [-71.6375, 42.318802], [-71.640053, 42.31675099999999], [-71.642892, 42.31552000000001], [-71.643527, 42.314551000000016], [-71.644346, 42.312174], [-71.644618, 42.30849499999999], [-71.644086, 42.306160000000006], [-71.643598, 42.30568600000001], [-71.641147, 42.30438100000001], [-71.64058899999999, 42.30392700000001], [-71.638995, 42.30431700000001], [-71.63472399999999, 42.303995000000015], [-71.633209, 42.304451], [-71.631327, 42.305481], [-71.628463, 42.30475399999999], [-71.628517, 42.30461300000001], [-71.629649, 42.30438900000002], [-71.63001899999999, 42.303921], [-71.630774, 42.30357999999999], [-71.632222, 42.30243000000001], [-71.634212, 42.298494000000005], [-71.634198, 42.297224000000014], [-71.63483699999999, 42.29676399999998], [-71.63653099999999, 42.29647300000001], [-71.63694, 42.29623800000001], [-71.637055, 42.295956], [-71.636917, 42.29474400000003], [-71.637487, 42.294334000000006], [-71.637688, 42.29313599999999], [-71.638004, 42.292556999999995], [-71.64221700000002, 42.29065], [-71.642748, 42.289688], [-71.642988, 42.28872199999999], [-71.64264899999999, 42.288227], [-71.670115, 42.27876299999999], [-71.676996, 42.286148000000004], [-71.680421, 42.30517100000001], [-71.684362, 42.311370999999994], [-71.68974399999999, 42.318861000000005], [-71.687938, 42.32551599999999], [-71.689537, 42.325973000000005], [-71.69113899999999, 42.326904999999975], [-71.69096499999999, 42.328959], [-71.697589, 42.327552], [-71.697643, 42.329179], [-71.695477, 42.330268000000004], [-71.698673, 42.33240599999999], [-71.71955, 42.325074999999984], [-71.7209, 42.324467], [-71.730071, 42.321187], [-71.731715, 42.318024], [-71.741745, 42.315726], [-71.741452, 42.317175], [-71.756289, 42.312115999999996], [-71.76719899999999, 42.313226], [-71.767239, 42.31144299999999], [-71.768215, 42.31129199999999], [-71.758541, 42.296220999999996], [-71.754327, 42.272504999999995], [-71.754052, 42.269819999999996], [-71.753514, 42.267493], [-71.752269, 42.260189], [-71.75886899999999, 42.25971800000001], [-71.761686, 42.25887699999999], [-71.763474, 42.259433], [-71.764375, 42.25943499999999], [-71.765181, 42.25914099999998], [-71.767338, 42.25790000000001], [-71.772284, 42.25641999999998], [-71.784858, 42.255838999999995], [-71.789198, 42.25640399999998], [-71.789166, 42.255662999999984], [-71.791664, 42.25550199999999], [-71.791562, 42.25472099999998], [-71.79276399999999, 42.254659999999994], [-71.795256, 42.255938], [-71.797232, 42.254055999999984], [-71.79787499999999, 42.255038000000006], [-71.79969899999999, 42.25277899999999], [-71.805938, 42.252651], [-71.805425, 42.251591000000005], [-71.80602600000002, 42.251452], [-71.807208, 42.25062], [-71.80802299999999, 42.252333000000014], [-71.808866, 42.251003], [-71.809452, 42.251211999999995], [-71.813665, 42.245036], [-71.813923, 42.24503000000001], [-71.815935, 42.246723], [-71.819379, 42.244678], [-71.81949399999999, 42.244240999999995], [-71.82126699999999, 42.244188], [-71.820882, 42.24358899999999], [-71.824318, 42.243745999999994], [-71.82504899999999, 42.243567], [-71.82615799999999, 42.243603], [-71.829622, 42.24424200000001], [-71.83170199999999, 42.24510699999999], [-71.831605, 42.245340000000006], [-71.832988, 42.245067999999996], [-71.833398, 42.24632299999999], [-71.831512, 42.24693200000001], [-71.831092, 42.247249], [-71.831053, 42.249027999999996], [-71.83084199999999, 42.249603999999984], [-71.83163499999999, 42.249660999999996], [-71.82309599999999, 42.257009000000004], [-71.820675, 42.26149300000001], [-71.823774, 42.262257], [-71.826713, 42.26243099999999], [-71.828178, 42.262673], [-71.828227, 42.26131599999998], [-71.82852799999999, 42.26004699999999], [-71.829571, 42.260176999999985], [-71.829895, 42.25878600000001], [-71.832915, 42.260118999999996], [-71.835118, 42.26209700000001], [-71.83756699999999, 42.26396700000001], [-71.839614, 42.263095], [-71.839015, 42.26218399999999], [-71.841284, 42.261311], [-71.841728, 42.262057000000006], [-71.844261, 42.261754999999994], [-71.843953, 42.260456], [-71.844931, 42.260189], [-71.845382, 42.260221], [-71.845873, 42.260433], [-71.848021, 42.26213999999998], [-71.850194, 42.26299300000001], [-71.851299, 42.26290500000001], [-71.851654, 42.263332999999975], [-71.85401499999999, 42.26692899999999], [-71.854395, 42.268724000000006], [-71.854869, 42.27004300000001], [-71.854708, 42.271538999999976], [-71.854889, 42.273078], [-71.854708, 42.27381600000001], [-71.85674399999999, 42.273353000000014], [-71.858162, 42.27255199999999], [-71.860074, 42.27188900000001], [-71.861023, 42.27118099999999], [-71.861392, 42.27063900000002], [-71.86160799999999, 42.269826999999985], [-71.861234, 42.268347], [-71.86125299999999, 42.267503], [-71.86234999999999, 42.265968], [-71.876783, 42.266694], [-71.884101, 42.28136099999999], [-71.880684, 42.28330599999998], [-71.875461, 42.28659199999999], [-71.882154, 42.291955000000016], [-71.87952, 42.293724000000005], [-71.879447, 42.295853], [-71.878991, 42.29751599999997], [-71.880515, 42.298196999999995], [-71.881699, 42.297586], [-71.891452, 42.295745], [-71.900357, 42.31338100000001], [-71.90100799999999, 42.313353000000006], [-71.91117899999999, 42.333213999999984], [-71.903503, 42.335674000000004], [-71.90583699999999, 42.340508], [-71.901721, 42.341664], [-71.905407, 42.349427999999996], [-71.918768, 42.347983000000006], [-71.928859, 42.36820300000001], [-71.887761, 42.39494999999998], [-71.965412, 42.446625000000004]]]}}, {"type": "Feature", "properties": {"district_name": "Second Worcester District", "chamber": "senate", "vintage": "2012-2020", "url": "/district/senate-second-worcester-district-2012-2020/", "latest_year": 2020, "years": [{"year": 2020, "lean_dem_share": 0.6258, "competitiveness": "Safe", "competitiveness_label": "Safe D", "party_favored": "Democratic", "is_uncontested": true, "turnout_ratio": 0.7584, "winner_name": "Michael O. Moore", "winner_party": "Democratic", "winner_war": null, "winner_lean_component": 0.417, "winner_tide_component": 0.0067, "winner_incumbency_adjustment": 0.0724, "winner_demographics_component": null, "winner_fundraising_component": 0.0193}, {"year": 2018, "lean_dem_share": 0.2599, "competitiveness": "Safe", "competitiveness_label": "Safe R", "party_favored": "Republican", "is_uncontested": true, "turnout_ratio": 0.7673, "winner_name": "Michael O. Moore", "winner_party": "Democratic", "winner_war": null, "winner_lean_component": 0.417, "winner_tide_component": 0.0033, "winner_incumbency_adjustment": 0.0724, "winner_demographics_component": null, "winner_fundraising_component": 0.0274}, {"year": 2016, "lean_dem_share": 0.5952, "competitiveness": "Likely", "competitiveness_label": "Likely D", "party_favored": "Democratic", "is_uncontested": false, "turnout_ratio": 0.9633, "winner_name": "Michael O. Moore", "winner_party": "Democratic", "winner_war": 0.1252, "winner_lean_component": 0.417, "winner_tide_component": 0.0065, "winner_incumbency_adjustment": 0.0724, "winner_demographics_component": null, "winner_fundraising_component": 0.0263}, {"year": 2014, "lean_dem_share": 0.411, "competitiveness": "Likely", "competitiveness_label": "Likely R", "party_favored": "Republican", "is_uncontested": true, "turnout_ratio": 0.7255, "winner_name": "Michael O. Moore", "winner_party": "Democratic", "winner_war": null, "winner_lean_component": 0.417, "winner_tide_component": 0.0049, "winner_incumbency_adjustment": 0.0724, "winner_demographics_component": null, "winner_fundraising_component": 0.0243}, {"year": 2012, "lean_dem_share": 0.5715, "competitiveness": "Likely", "competitiveness_label": "Likely D", "party_favored": "Democratic", "is_uncontested": false, "turnout_ratio": 0.9174, "winner_name": "Michael O. Moore", "winner_party": "Democratic", "winner_war": 0.1283, "winner_lean_component": 0.417, "winner_tide_component": 0.0062, "winner_incumbency_adjustment": 0.0, "winner_demographics_component": null, "winner_fundraising_component": 0.034}], "lean_dem_share": 0.6258, "competitiveness": "Safe", "competitiveness_label": "Safe D", "party_favored": "Democratic", "is_uncontested": true, "turnout_ratio": 0.7584, "winner_name": "Michael O. Moore", "winner_party": "Democratic", "winner_war": null, "winner_lean_component": 0.417, "winner_tide_component": 0.0067, "winner_incumbency_adjustment": 0.0724, "winner_demographics_component": null, "winner_fundraising_component": 0.0193}, "geometry": {"type": "Polygon", "coordinates": [[[-71.960633, 42.281420999999995], [-71.88564099999999, 42.28457900000001], [-71.876783, 42.266694], [-71.86234999999999, 42.265968], [-71.86125299999999, 42.267503], [-71.861234, 42.268347], [-71.86160799999999, 42.269826999999985], [-71.861392, 42.27063900000002], [-71.861023, 42.27118099999999], [-71.860074, 42.27188900000001], [-71.858162, 42.27255199999999], [-71.85674399999999, 42.273353000000014], [-71.854708, 42.27381600000001], [-71.854889, 42.273078], [-71.854708, 42.271538999999976], [-71.854869, 42.27004300000001], [-71.854395, 42.268724000000006], [-71.85401499999999, 42.26692899999999], [-71.851654, 42.263332999999975], [-71.851299, 42.26290500000001], [-71.850194, 42.26299300000001], [-71.848021, 42.26213999999998], [-71.845873, 42.260433], [-71.845382, 42.260221], [-71.844931, 42.260189], [-71.843953, 42.260456], [-71.844261, 42.261754999999994], [-71.841728, 42.262057000000006], [-71.841284, 42.261311], [-71.839015, 42.26218399999999], [-71.839614, 42.263095], [-71.83756699999999, 42.26396700000001], [-71.835118, 42.26209700000001], [-71.832915, 42.260118999999996], [-71.829895, 42.25878600000001], [-71.829571, 42.260176999999985], [-71.82852799999999, 42.26004699999999], [-71.828227, 42.26131599999998], [-71.828178, 42.262673], [-71.826713, 42.26243099999999], [-71.823774, 42.262257], [-71.820675, 42.26149300000001], [-71.82309599999999, 42.257009000000004], [-71.83163499999999, 42.249660999999996], [-71.83084199999999, 42.249603999999984], [-71.831053, 42.249027999999996], [-71.831141, 42.247166], [-71.833398, 42.24632299999999], [-71.832988, 42.245067999999996], [-71.831605, 42.245340000000006], [-71.83170199999999, 42.24510699999999], [-71.829185, 42.244125], [-71.825785, 42.243574000000024], [-71.824318, 42.243745999999994], [-71.820882, 42.24358899999999], [-71.82126699999999, 42.244188], [-71.81949399999999, 42.244240999999995], [-71.819379, 42.244678], [-71.815935, 42.246723], [-71.813923, 42.24503000000001], [-71.813665, 42.245036], [-71.809452, 42.251211999999995], [-71.808866, 42.251003], [-71.80802299999999, 42.252333000000014], [-71.807208, 42.25062], [-71.80602600000002, 42.251452], [-71.805425, 42.251591000000005], [-71.805938, 42.252651], [-71.79969899999999, 42.25277899999999], [-71.79787499999999, 42.255038000000006], [-71.797232, 42.254055999999984], [-71.795256, 42.255938], [-71.79276399999999, 42.254659999999994], [-71.791562, 42.25472099999998], [-71.791664, 42.25550199999999], [-71.789166, 42.255662999999984], [-71.789198, 42.25640399999998], [-71.784858, 42.255838999999995], [-71.772284, 42.25641999999998], [-71.767338, 42.25790000000001], [-71.765181, 42.25914099999998], [-71.764375, 42.25943499999999], [-71.763474, 42.259433], [-71.761686, 42.25887699999999], [-71.75886899999999, 42.25971800000001], [-71.752269, 42.260189], [-71.753514, 42.267493], [-71.754052, 42.269819999999996], [-71.754327, 42.272504999999995], [-71.758541, 42.296220999999996], [-71.768215, 42.31129199999999], [-71.767239, 42.31144299999999], [-71.76719899999999, 42.313226], [-71.756289, 42.312115999999996], [-71.741452, 42.317175], [-71.741745, 42.315726], [-71.731715, 42.318024], [-71.730071, 42.321187], [-71.7209, 42.324467], [-71.71955, 42.325074999999984], [-71.698673, 42.33240599999999], [-71.695477, 42.330268000000004], [-71.697643, 42.329179], [-71.697589, 42.327552], [-71.69096499999999, 42.328959], [-71.69113899999999, 42.326904999999975], [-71.689537, 42.325973000000005], [-71.687938, 42.32551599999999], [-71.68974399999999, 42.318861000000005], [-71.684362, 42.311370999999994], [-71.680421, 42.30517100000001], [-71.676996, 42.286148000000004], [-71.659142, 42.266796], [-71.670633, 42.26108199999999], [-71.676441, 42.25417199999998], [-71.67445500000001, 42.252365000000005], [-71.674172, 42.24859099999999], [-71.670932, 42.244701], [-71.649023, 42.247969], [-71.644438, 42.22662599999999], [-71.62107, 42.230869999999996], [-71.599318, 42.225958999999996], [-71.602221, 42.218101], [-71.58291000000001, 42.195558999999996], [-71.57154799999999, 42.19465299999999], [-71.572129, 42.19349], [-71.57233800000002, 42.192228000000014], [-71.556204, 42.191857000000006], [-71.556029, 42.191438999999995], [-71.556029, 42.190447999999996], [-71.555752, 42.190018], [-71.55582900000002, 42.18898500000001], [-71.55618199999999, 42.18871599999999], [-71.556067, 42.188497999999996], [-71.556167, 42.188329], [-71.556544, 42.18810400000001], [-71.556136, 42.187892999999995], [-71.556382, 42.187252], [-71.55635099999999, 42.186816000000015], [-71.556698, 42.18651600000001], [-71.556951, 42.185938000000014], [-71.55578299999999, 42.185748000000004], [-71.555475, 42.18543599999999], [-71.55561399999999, 42.184968999999995], [-71.555414, 42.184852], [-71.55512999999999, 42.184961], [-71.555522, 42.183453000000014], [-71.555898, 42.18280999999999], [-71.555491, 42.182381999999976], [-71.555798, 42.182159], [-71.554177, 42.18181700000001], [-71.553846, 42.18195999999999], [-71.55353099999999, 42.181502999999985], [-71.55284000000002, 42.18122100000001], [-71.552671, 42.18091400000001], [-71.552594, 42.17987999999999], [-71.55178699999999, 42.17949799999998], [-71.551626, 42.17930700000001], [-71.551626, 42.17884800000001], [-71.552125, 42.178193000000014], [-71.55233299999999, 42.177603000000005], [-71.552556, 42.177472000000016], [-71.553462, 42.178132000000005], [-71.553923, 42.178284], [-71.554853, 42.17806000000001], [-71.555376, 42.177391], [-71.556044, 42.17742099999999], [-71.557166, 42.17843199999999], [-71.558043, 42.17845800000001], [-71.558649, 42.179100999999996], [-71.55964900000001, 42.178858000000005], [-71.560417, 42.17899], [-71.561332, 42.178914999999996], [-71.561946, 42.17849600000001], [-71.561992, 42.17826099999999], [-71.561593, 42.177135000000014], [-71.561914, 42.176466], [-71.561677, 42.17457599999998], [-71.56183899999999, 42.17436500000001], [-71.562384, 42.174164], [-71.562422, 42.172790000000006], [-71.563022, 42.17242999999999], [-71.563114, 42.172219999999996], [-71.56215399999999, 42.17104399999999], [-71.561362, 42.170499000000014], [-71.56082599999999, 42.16901599999999], [-71.560499, 42.168695], [-71.560937, 42.167888], [-71.56220400000001, 42.168133999999995], [-71.56268, 42.168051999999996], [-71.56363300000001, 42.167179000000004], [-71.564193, 42.166338], [-71.56440599999999, 42.16437500000001], [-71.564135, 42.164069999999995], [-71.563728, 42.16399399999999], [-71.56350499999999, 42.16329200000001], [-71.56349, 42.16277900000003], [-71.56388199999999, 42.16239600000001], [-71.56356699999999, 42.161588], [-71.56384299999999, 42.161303], [-71.563498, 42.16053199999999], [-71.563113, 42.16047299999999], [-71.562906, 42.160194], [-71.562322, 42.160081], [-71.562376, 42.159696999999994], [-71.561999, 42.15948], [-71.561877, 42.159015], [-71.56110799999999, 42.158640000000005], [-71.56103100000001, 42.15833999999996], [-71.57140199999999, 42.151844999999994], [-71.571591, 42.14236699999999], [-71.570005, 42.13918400000001], [-71.573414, 42.135790000000014], [-71.592648, 42.121720999999994], [-71.596029, 42.12242200000001], [-71.597366, 42.123004], [-71.59910099999999, 42.123090999999995], [-71.599701, 42.123284999999996], [-71.601379, 42.12453000000001], [-71.60210099999999, 42.12466199999999], [-71.60338999999999, 42.124534], [-71.604041, 42.12503200000001], [-71.605423, 42.125534999999985], [-71.605797, 42.124907], [-71.60726799999999, 42.12635699999999], [-71.628053, 42.14999400000001], [-71.630441, 42.14739599999998], [-71.63300000000001, 42.14421400000001], [-71.63371, 42.14367200000001], [-71.63643499999999, 42.14244699999999], [-71.638391, 42.14068100000001], [-71.639072, 42.138922000000015], [-71.639563, 42.139106], [-71.64014999999999, 42.13811099999999], [-71.640542, 42.137043], [-71.64214799999999, 42.135403], [-71.642479, 42.134567000000004], [-71.64271099999999, 42.13273400000001], [-71.64260399999999, 42.13145800000001], [-71.641859, 42.13136700000001], [-71.640976, 42.131521999999975], [-71.639878, 42.131362999999986], [-71.636263, 42.129784], [-71.636256, 42.129186], [-71.636724, 42.128698000000014], [-71.636771, 42.12837199999999], [-71.63607999999999, 42.12769], [-71.636343, 42.125946000000006], [-71.636123, 42.125096000000006], [-71.635263, 42.12415199999997], [-71.635134, 42.122677999999986], [-71.634672, 42.12231500000001], [-71.634209, 42.121745000000004], [-71.63382399999999, 42.121641000000004], [-71.633096, 42.121738], [-71.633166, 42.121634000000014], [-71.634106, 42.12163800000001], [-71.635181, 42.12266199999999], [-71.63538199999999, 42.12427399999999], [-71.636297, 42.125096000000006], [-71.636521, 42.125509], [-71.63624999999999, 42.127647999999986], [-71.637027, 42.12824899999999], [-71.637019, 42.128510000000006], [-71.63645199999999, 42.129446000000016], [-71.636566, 42.129687], [-71.640148, 42.131268999999996], [-71.640744, 42.13136899999999], [-71.64260999999999, 42.13117999999999], [-71.642928, 42.131292], [-71.642983, 42.13209900000001], [-71.642515, 42.135111999999985], [-71.642141, 42.135762000000014], [-71.640601, 42.137223000000006], [-71.640275, 42.138476999999995], [-71.639622, 42.139132999999994], [-71.641893, 42.14030199999999], [-71.642588, 42.140300000000025], [-71.644375, 42.13993000000001], [-71.644987, 42.14003799999998], [-71.646642, 42.13785499999999], [-71.64714, 42.136629], [-71.648084, 42.13654700000001], [-71.648574, 42.13486899999999], [-71.650955, 42.13535599999999], [-71.65131099999999, 42.135715999999995], [-71.65140300000002, 42.13623900000001], [-71.653511, 42.135472], [-71.655897, 42.13400600000001], [-71.65828599999999, 42.133352999999985], [-71.65720999999999, 42.131653000000036], [-71.654781, 42.130292], [-71.653264, 42.128726], [-71.65201300000001, 42.128133000000005], [-71.651879, 42.127432], [-71.65204, 42.126693999999986], [-71.651691, 42.125938999999995], [-71.65148099999999, 42.124474000000006], [-71.64785300000001, 42.121941000000014], [-71.650802, 42.118741], [-71.652811, 42.116844], [-71.654018, 42.115166999999985], [-71.65556300000001, 42.113947999999986], [-71.657533, 42.11304500000001], [-71.664238, 42.11047800000001], [-71.664994, 42.110467], [-71.668365, 42.114647], [-71.669118, 42.11945999999998], [-71.670172, 42.120995], [-71.671137, 42.12338500000001], [-71.672765, 42.125894999999986], [-71.67294799999999, 42.12659999999999], [-71.676104, 42.125011], [-71.67805299999999, 42.124403], [-71.67903299999999, 42.124173], [-71.68043100000001, 42.12424], [-71.68285999999999, 42.123644], [-71.684769, 42.12204699999999], [-71.68638899999999, 42.12131199999999], [-71.68687, 42.120664999999995], [-71.68846599999999, 42.120030000000014], [-71.690338, 42.12102899999999], [-71.69135899999999, 42.121332999999986], [-71.693521, 42.121570000000006], [-71.694242, 42.121817], [-71.694132, 42.121126], [-71.704661, 42.125233000000016], [-71.693713, 42.136159], [-71.691369, 42.14937800000001], [-71.693596, 42.161289999999994], [-71.69131399999999, 42.163129999999995], [-71.691357, 42.16328999999999], [-71.69520399999999, 42.175788000000004], [-71.718614, 42.17296700000001], [-71.723535, 42.191484], [-71.733961, 42.18677499999999], [-71.73377099999999, 42.183504000000006], [-71.740533, 42.179206], [-71.744114, 42.18250499999999], [-71.829444, 42.144928000000014], [-71.82485199999999, 42.15533200000002], [-71.83048, 42.156082], [-71.834105, 42.154989999999984], [-71.834572, 42.157256000000004], [-71.825493, 42.15997700000001], [-71.825959, 42.165820000000004], [-71.831426, 42.164353000000006], [-71.83493899999999, 42.159887000000005], [-71.858096, 42.160706000000005], [-71.875802, 42.170120000000004], [-71.895135, 42.192425], [-71.939356, 42.189237999999996], [-71.958624, 42.27322900000001], [-71.960633, 42.281420999999995]]]}}, {"type": "Feature", "properties": {"district_name": "Worcester & Norfolk District", "chamber": "senate", "vintage": "2012-2020", "url": "/district/senate-worcester-norfolk-district-2012-2020/", "latest_year": 2020, "years": [{"year": 2020, "lean_dem_share": 0.5293, "competitiveness": "Lean", "competitiveness_label": "Lean D", "party_favored": "Democratic", "is_uncontested": false, "turnout_ratio": 0.9881, "winner_name": "Ryan C. Fattman", "winner_party": "Republican", "winner_war": -0.0297, "winner_lean_component": 0.4192, "winner_tide_component": 0.0022, "winner_incumbency_adjustment": 0.1297, "winner_demographics_component": null, "winner_fundraising_component": 0.0216}, {"year": 2018, "lean_dem_share": 0.2064, "competitiveness": "Safe", "competitiveness_label": "Safe R", "party_favored": "Republican", "is_uncontested": false, "turnout_ratio": 0.9919, "winner_name": "Ryan C. Fattman", "winner_party": "Republican", "winner_war": -0.0645, "winner_lean_component": 0.4192, "winner_tide_component": 0.0045, "winner_incumbency_adjustment": 0.1297, "winner_demographics_component": null, "winner_fundraising_component": 0.029}, {"year": 2016, "lean_dem_share": 0.4903, "competitiveness": "Tossup", "competitiveness_label": "Tossup R", "party_favored": "Republican", "is_uncontested": true, "turnout_ratio": 0.8347, "winner_name": "Ryan C. Fattman", "winner_party": "Republican", "winner_war": null, "winner_lean_component": 0.4192, "winner_tide_component": 0.0024, "winner_incumbency_adjustment": 0.1297, "winner_demographics_component": null, "winner_fundraising_component": 0.0205}, {"year": 2014, "lean_dem_share": 0.362, "competitiveness": "Safe", "competitiveness_label": "Safe R", "party_favored": "Republican", "is_uncontested": false, "turnout_ratio": 1.0392, "winner_name": "Ryan C. Fattman", "winner_party": "Republican", "winner_war": 0.0507, "winner_lean_component": 0.4192, "winner_tide_component": 0.0035, "winner_incumbency_adjustment": 0.0, "winner_demographics_component": null, "winner_fundraising_component": 0.022}, {"year": 2012, "lean_dem_share": 0.5098, "competitiveness": "Tossup", "competitiveness_label": "Tossup D", "party_favored": "Democratic", "is_uncontested": true, "turnout_ratio": 0.7567, "winner_name": "Richard T. Moore", "winner_party": "Democratic", "winner_war": null, "winner_lean_component": 0.3551, "winner_tide_component": 0.0062, "winner_incumbency_adjustment": 0.0, "winner_demographics_component": null, "winner_fundraising_component": 0.0184}], "lean_dem_share": 0.5293, "competitiveness": "Lean", "competitiveness_label": "Lean D", "party_favored": "Democratic", "is_uncontested": false, "turnout_ratio": 0.9881, "winner_name": "Ryan C. Fattman", "winner_party": "Republican", "winner_war": -0.0297, "winner_lean_component": 0.4192, "winner_tide_component": 0.0022, "winner_incumbency_adjustment": 0.1297, "winner_demographics_component": null, "winner_fundraising_component": 0.0216}, "geometry": {"type": "Polygon", "coordinates": [[[-72.099811, 42.02872300000001], [-72.074501, 42.05837299999999], [-72.066425, 42.072086], [-72.063583, 42.07277700000001], [-72.062839, 42.072590999999996], [-72.061042, 42.07170699999999], [-72.060645, 42.071735000000004], [-72.06036499999999, 42.07197599999999], [-72.059731, 42.072947000000006], [-72.05941, 42.073961], [-72.059418, 42.07447099999999], [-72.059687, 42.075436999999994], [-72.060285, 42.07619899999999], [-72.060799, 42.07738799999999], [-72.060791, 42.07909199999999], [-72.05981899999999, 42.080551000000014], [-72.05925900000001, 42.08104600000001], [-72.05917099999999, 42.082224000000004], [-72.058729, 42.08275099999999], [-72.057558, 42.083091], [-72.05537, 42.083129], [-72.054266, 42.08290399999999], [-72.053429, 42.082403], [-72.05209599999999, 42.088418], [-72.046785, 42.103525], [-72.040506, 42.104225999999976], [-72.042065, 42.11163], [-72.03962, 42.112345999999995], [-72.039076, 42.10905799999999], [-72.03618999999999, 42.109483], [-72.03628599999999, 42.108152], [-72.030844, 42.10979799999999], [-72.03175999999999, 42.114388000000005], [-72.029051, 42.11511499999999], [-72.027603, 42.10740599999999], [-72.02549499999999, 42.107929999999996], [-72.027286, 42.10502699999999], [-72.002993, 42.09658899999998], [-71.998232, 42.097843000000005], [-71.996079, 42.087278000000005], [-71.99387899999999, 42.08751999999999], [-71.994873, 42.08536000000001], [-71.993359, 42.085688999999995], [-71.992663, 42.083145], [-71.99658699999999, 42.08212300000001], [-71.99574500000001, 42.077450000000006], [-71.99250099999999, 42.07818700000001], [-71.992734, 42.072623000000014], [-71.909235, 42.091260999999996], [-71.911895, 42.101317], [-71.899489, 42.10411399999998], [-71.916979, 42.190908], [-71.895135, 42.192425], [-71.875802, 42.170120000000004], [-71.858096, 42.160706000000005], [-71.83493899999999, 42.159887000000005], [-71.831426, 42.164353000000006], [-71.825959, 42.165820000000004], [-71.825493, 42.15997700000001], [-71.834572, 42.157256000000004], [-71.834105, 42.154989999999984], [-71.83048, 42.156082], [-71.82485199999999, 42.15533200000002], [-71.829444, 42.144928000000014], [-71.744114, 42.18250499999999], [-71.740533, 42.179206], [-71.73377099999999, 42.183504000000006], [-71.733961, 42.18677499999999], [-71.723535, 42.191484], [-71.718614, 42.17296700000001], [-71.69520399999999, 42.175788000000004], [-71.691357, 42.16328999999999], [-71.69131399999999, 42.163129999999995], [-71.693596, 42.161289999999994], [-71.691369, 42.14937800000001], [-71.693713, 42.136159], [-71.704661, 42.125233000000016], [-71.694132, 42.121126], [-71.694242, 42.121817], [-71.693521, 42.121570000000006], [-71.69135899999999, 42.121332999999986], [-71.690338, 42.12102899999999], [-71.68846599999999, 42.120030000000014], [-71.68687, 42.120664999999995], [-71.68638899999999, 42.12131199999999], [-71.684769, 42.12204699999999], [-71.68285999999999, 42.123644], [-71.68043100000001, 42.12424], [-71.67903299999999, 42.124173], [-71.67805299999999, 42.124403], [-71.676104, 42.125011], [-71.67294799999999, 42.12659999999999], [-71.672765, 42.125894999999986], [-71.671137, 42.12338500000001], [-71.670172, 42.120995], [-71.669118, 42.11945999999998], [-71.668365, 42.114647], [-71.664994, 42.110467], [-71.664238, 42.11047800000001], [-71.657533, 42.11304500000001], [-71.65556300000001, 42.113947999999986], [-71.654018, 42.115166999999985], [-71.652811, 42.116844], [-71.650802, 42.118741], [-71.64785300000001, 42.121941000000014], [-71.65148099999999, 42.124474000000006], [-71.651691, 42.125938999999995], [-71.65204, 42.126693999999986], [-71.651879, 42.127432], [-71.65201300000001, 42.128133000000005], [-71.653264, 42.128726], [-71.654781, 42.130292], [-71.65720999999999, 42.131653000000036], [-71.65828599999999, 42.133352999999985], [-71.655897, 42.13400600000001], [-71.653511, 42.135472], [-71.65140300000002, 42.13623900000001], [-71.65131099999999, 42.135715999999995], [-71.650955, 42.13535599999999], [-71.648574, 42.13486899999999], [-71.648084, 42.13654700000001], [-71.64714, 42.136629], [-71.646642, 42.13785499999999], [-71.644987, 42.14003799999998], [-71.644375, 42.13993000000001], [-71.642588, 42.140300000000025], [-71.641893, 42.14030199999999], [-71.639622, 42.139132999999994], [-71.640275, 42.138476999999995], [-71.640601, 42.137223000000006], [-71.642141, 42.135762000000014], [-71.642515, 42.135111999999985], [-71.642983, 42.13209900000001], [-71.642928, 42.131292], [-71.64260999999999, 42.13117999999999], [-71.640744, 42.13136899999999], [-71.640148, 42.131268999999996], [-71.636566, 42.129687], [-71.63645199999999, 42.129446000000016], [-71.637019, 42.128510000000006], [-71.637027, 42.12824899999999], [-71.63624999999999, 42.127647999999986], [-71.636521, 42.125509], [-71.636297, 42.125096000000006], [-71.63538199999999, 42.12427399999999], [-71.635279, 42.122856000000006], [-71.635181, 42.12266199999999], [-71.634401, 42.12181100000001], [-71.634106, 42.12163800000001], [-71.633166, 42.121634000000014], [-71.633096, 42.121738], [-71.63382399999999, 42.121641000000004], [-71.634209, 42.121745000000004], [-71.635134, 42.122677999999986], [-71.635263, 42.12415199999997], [-71.636123, 42.125096000000006], [-71.636343, 42.125946000000006], [-71.63607999999999, 42.12769], [-71.636771, 42.12837199999999], [-71.636724, 42.128698000000014], [-71.636256, 42.129186], [-71.636263, 42.129784], [-71.639878, 42.131362999999986], [-71.640976, 42.131521999999975], [-71.641859, 42.13136700000001], [-71.64260399999999, 42.13145800000001], [-71.64271099999999, 42.13273400000001], [-71.642479, 42.134567000000004], [-71.64214799999999, 42.135403], [-71.640542, 42.137043], [-71.64014999999999, 42.13811099999999], [-71.639563, 42.139106], [-71.639072, 42.138922000000015], [-71.638391, 42.14068100000001], [-71.63643499999999, 42.14244699999999], [-71.63371, 42.14367200000001], [-71.63300000000001, 42.14421400000001], [-71.630441, 42.14739599999998], [-71.628053, 42.14999400000001], [-71.60726799999999, 42.12635699999999], [-71.605797, 42.124907], [-71.605423, 42.125534999999985], [-71.604041, 42.12503200000001], [-71.60338999999999, 42.124534], [-71.60210099999999, 42.12466199999999], [-71.601379, 42.12453000000001], [-71.599701, 42.123284999999996], [-71.59910099999999, 42.123090999999995], [-71.597366, 42.123004], [-71.596029, 42.12242200000001], [-71.592648, 42.121720999999994], [-71.573414, 42.135790000000014], [-71.570005, 42.13918400000001], [-71.571591, 42.14236699999999], [-71.57140199999999, 42.151844999999994], [-71.56103100000001, 42.15833999999996], [-71.56110799999999, 42.158640000000005], [-71.561877, 42.159015], [-71.561999, 42.15948], [-71.562376, 42.159696999999994], [-71.562322, 42.160081], [-71.562906, 42.160194], [-71.563113, 42.16047299999999], [-71.563498, 42.16053199999999], [-71.56384299999999, 42.161303], [-71.56356699999999, 42.161588], [-71.56388199999999, 42.16239600000001], [-71.56349, 42.16277900000003], [-71.56350499999999, 42.16329200000001], [-71.563728, 42.16399399999999], [-71.564135, 42.164069999999995], [-71.56440599999999, 42.16437500000001], [-71.564193, 42.166338], [-71.56363300000001, 42.167179000000004], [-71.56268, 42.168051999999996], [-71.56220400000001, 42.168133999999995], [-71.560937, 42.167888], [-71.560499, 42.168695], [-71.56082599999999, 42.16901599999999], [-71.561362, 42.170499000000014], [-71.56215399999999, 42.17104399999999], [-71.563114, 42.172219999999996], [-71.563022, 42.17242999999999], [-71.562422, 42.172790000000006], [-71.562384, 42.174164], [-71.56183899999999, 42.17436500000001], [-71.561677, 42.17457599999998], [-71.561914, 42.176466], [-71.561593, 42.177135000000014], [-71.561992, 42.17826099999999], [-71.561893, 42.17859199999999], [-71.561132, 42.178951], [-71.55964900000001, 42.178858000000005], [-71.558649, 42.179100999999996], [-71.558043, 42.17845800000001], [-71.557166, 42.17843199999999], [-71.556044, 42.17742099999999], [-71.555376, 42.177391], [-71.554853, 42.17806000000001], [-71.553923, 42.178284], [-71.55317099999999, 42.177949], [-71.55274, 42.177531], [-71.552464, 42.17751499999999], [-71.551626, 42.17884800000001], [-71.551626, 42.17930700000001], [-71.552594, 42.17987999999999], [-71.552671, 42.18091400000001], [-71.55284000000002, 42.18122100000001], [-71.55353099999999, 42.181502999999985], [-71.553846, 42.18195999999999], [-71.554177, 42.18181700000001], [-71.555798, 42.182159], [-71.555491, 42.182381999999976], [-71.555568, 42.182592], [-71.539498, 42.189733999999994], [-71.506894, 42.188927], [-71.50262599999999, 42.191416], [-71.497378, 42.166643000000015], [-71.492429, 42.16608600000001], [-71.478028, 42.165743000000006], [-71.478521, 42.13142099999998], [-71.461441, 42.13364099999999], [-71.44294099999999, 42.135762000000014], [-71.44247899999999, 42.135726], [-71.442345, 42.13533199999999], [-71.441885, 42.135287999999996], [-71.441346, 42.13489200000001], [-71.441816, 42.134605999999984], [-71.442529, 42.13447899999999], [-71.44275999999999, 42.134085000000006], [-71.44203399999999, 42.133525], [-71.442252, 42.133136], [-71.44206799999999, 42.132747], [-71.442414, 42.13213], [-71.441761, 42.13188199999998], [-71.44197500000001, 42.131709999999984], [-71.442553, 42.13165000000001], [-71.44400999999999, 42.117312], [-71.44659, 42.102137], [-71.45197399999999, 42.08373300000001], [-71.453698, 42.072621], [-71.45527400000002, 42.07275300000001], [-71.455872, 42.063187], [-71.45496, 42.06312800000001], [-71.45468699999999, 42.052223999999995], [-71.454754, 42.04411699999999], [-71.45810399999999, 42.017797999999985], [-71.499908, 42.01719899999999], [-71.50645899999999, 42.016683], [-71.51690599999999, 42.015598], [-71.52760599999999, 42.01499800000001], [-71.547707, 42.014697999999996], [-71.577344, 42.013922], [-71.58281, 42.013996999999996], [-71.58550799999999, 42.013798], [-71.614516, 42.013183000000005], [-71.67614999999999, 42.011538000000016], [-71.710968, 42.010960999999995], [-71.71370399999999, 42.01078500000001], [-71.740938, 42.010177], [-71.76601, 42.009744999999995], [-71.790218, 42.008736999999996], [-71.79924199999999, 42.008064999999995], [-71.799898, 42.015505], [-71.800281, 42.021984], [-71.80064899999999, 42.023568999999995], [-71.86598, 42.02411299999999], [-71.87297199999999, 42.02435299999999], [-71.87443900000001, 42.02423499999999], [-71.89077999999999, 42.024367999999996], [-71.98768, 42.02688399999999], [-72.023744, 42.027002], [-72.042479, 42.027369], [-72.063496, 42.027347], [-72.07342600000001, 42.02756199999998], [-72.081766, 42.028031], [-72.099811, 42.02872300000001]]]}}, {"type": "Feature", "properties": {"district_name": "First Middlesex District", "chamber": "senate", "vintage": "2012-2020", "url": "/district/senate-first-middlesex-district-2012-2020/", "latest_year": 2020, "years": [{"year": 2020, "lean_dem_share": 0.652, "competitiveness": "Safe", "competitiveness_label": "Safe D", "party_favored": "Democratic", "is_uncontested": true, "turnout_ratio": 0.7429, "winner_name": "Edward J. Kennedy, Jr", "winner_party": "Democratic", "winner_war": null, "winner_lean_component": 0.4423, "winner_tide_component": 0.0067, "winner_incumbency_adjustment": 0.0724, "winner_demographics_component": null, "winner_fundraising_component": -0.012}, {"year": 2018, "lean_dem_share": 0.2914, "competitiveness": "Safe", "competitiveness_label": "Safe R", "party_favored": "Republican", "is_uncontested": false, "turnout_ratio": 0.9939, "winner_name": "Edward J. Kennedy", "winner_party": "Democratic", "winner_war": 0.0744, "winner_lean_component": 0.4423, "winner_tide_component": 0.0033, "winner_incumbency_adjustment": 0.0, "winner_demographics_component": null, "winner_fundraising_component": 0.025}, {"year": 2016, "lean_dem_share": 0.6328, "competitiveness": "Safe", "competitiveness_label": "Safe D", "party_favored": "Democratic", "is_uncontested": true, "turnout_ratio": 0.8499, "winner_name": "Eileen M. Donoghue", "winner_party": "Democratic", "winner_war": null, "winner_lean_component": 0.4423, "winner_tide_component": 0.0065, "winner_incumbency_adjustment": 0.0724, "winner_demographics_component": null, "winner_fundraising_component": 0.009}, {"year": 2014, "lean_dem_share": 0.451, "competitiveness": "Lean", "competitiveness_label": "Lean R", "party_favored": "Republican", "is_uncontested": true, "turnout_ratio": 0.7735, "winner_name": "Eileen M. Donoghue", "winner_party": "Democratic", "winner_war": null, "winner_lean_component": 0.4423, "winner_tide_component": 0.0049, "winner_incumbency_adjustment": 0.0724, "winner_demographics_component": null, "winner_fundraising_component": 0.0131}, {"year": 2012, "lean_dem_share": 0.5857, "competitiveness": "Likely", "competitiveness_label": "Likely D", "party_favored": "Democratic", "is_uncontested": false, "turnout_ratio": 0.9322, "winner_name": "Eileen M. Donoghue", "winner_party": "Democratic", "winner_war": 0.1469, "winner_lean_component": 0.4423, "winner_tide_component": 0.0062, "winner_incumbency_adjustment": 0.0, "winner_demographics_component": null, "winner_fundraising_component": 0.0226}], "lean_dem_share": 0.652, "competitiveness": "Safe", "competitiveness_label": "Safe D", "party_favored": "Democratic", "is_uncontested": true, "turnout_ratio": 0.7429, "winner_name": "Edward J. Kennedy, Jr", "winner_party": "Democratic", "winner_war": null, "winner_lean_component": 0.4423, "winner_tide_component": 0.0067, "winner_incumbency_adjustment": 0.0724, "winner_demographics_component": null, "winner_fundraising_component": -0.012}, "geometry": {"type": "Polygon", "coordinates": [[[-71.660451, 42.63521700000002], [-71.65072099999999, 42.69091999999999], [-71.651911, 42.70519399999999], [-71.642015, 42.70489], [-71.63181399999999, 42.704788], [-71.622214, 42.70428800000001], [-71.62014599999999, 42.70439400000001], [-71.597413, 42.703787999999996], [-71.503916, 42.70189299999999], [-71.467584, 42.70068799999998], [-71.423538, 42.69979199999998], [-71.38813, 42.698794999999976], [-71.383667, 42.698809], [-71.36981999999999, 42.69831499999999], [-71.37436699999999, 42.693264], [-71.374014, 42.689370000000004], [-71.378798, 42.68309199999998], [-71.376676, 42.677953], [-71.37336499999999, 42.666123], [-71.37159799999999, 42.66403099999999], [-71.369626, 42.66933399999999], [-71.366434, 42.66667799999999], [-71.368882, 42.661753000000004], [-71.357523, 42.654454000000044], [-71.29956899999999, 42.66651499999999], [-71.28685999999999, 42.648867999999986], [-71.280406, 42.65412], [-71.277749, 42.65533999999998], [-71.275154, 42.656216], [-71.272018, 42.64921600000001], [-71.27170699999999, 42.64801799999999], [-71.271682, 42.646305], [-71.27146499999999, 42.64611100000001], [-71.271271, 42.643918000000006], [-71.274709, 42.62885899999998], [-71.277791, 42.62084700000002], [-71.283427, 42.61529900000001], [-71.29627099999999, 42.612674999999996], [-71.297028, 42.613010999999986], [-71.296778, 42.61377399999999], [-71.296205, 42.61468299999999], [-71.31930899999999, 42.61357200000001], [-71.318882, 42.608543999999995], [-71.319897, 42.6069], [-71.323341, 42.60649], [-71.325277, 42.611376999999976], [-71.324975, 42.611601], [-71.325698, 42.613263999999994], [-71.328077, 42.613147], [-71.329328, 42.61398499999998], [-71.34863, 42.62145300000001], [-71.359945, 42.626008000000006], [-71.364738, 42.63759799999999], [-71.367024, 42.637391], [-71.369495, 42.637583], [-71.37206499999999, 42.63835599999999], [-71.374521, 42.639548000000005], [-71.375935, 42.64090199999999], [-71.377115, 42.642697000000005], [-71.37910699999999, 42.647395999999986], [-71.379751, 42.648230999999996], [-71.380687, 42.648913999999984], [-71.381743, 42.64927899999999], [-71.384937, 42.64961], [-71.392488, 42.648476], [-71.394341, 42.648474], [-71.396968, 42.649637], [-71.398173, 42.65101899999998], [-71.398995, 42.652467], [-71.40211, 42.651603], [-71.401288, 42.649488], [-71.39831199999999, 42.64550199999999], [-71.39895899999999, 42.644883], [-71.402734, 42.646695], [-71.403966, 42.648419], [-71.405309, 42.648138000000024], [-71.409764, 42.648785], [-71.41197799999999, 42.64797400000001], [-71.412309, 42.64941], [-71.41765199999999, 42.653821], [-71.405401, 42.610392999999995], [-71.401978, 42.599805], [-71.400228, 42.59107900000001], [-71.39841899999999, 42.584723000000004], [-71.396884, 42.58016699999998], [-71.393795, 42.569489999999995], [-71.388504, 42.55040100000001], [-71.38474, 42.538699], [-71.423794, 42.526188999999974], [-71.438242, 42.53423199999999], [-71.443326, 42.537322999999994], [-71.48002, 42.558094], [-71.483965, 42.573907999999996], [-71.498006, 42.57686199999999], [-71.50303699999999, 42.575468], [-71.506411, 42.572172], [-71.511459, 42.569386], [-71.600839, 42.583026], [-71.602385, 42.58222799999999], [-71.60427100000001, 42.582138], [-71.60615899999999, 42.582964], [-71.60659199999999, 42.58294100000001], [-71.608972, 42.581182999999996], [-71.61058, 42.58109099999999], [-71.61092099999999, 42.58131899999999], [-71.61079699999999, 42.581571], [-71.609993, 42.58198300000001], [-71.610024, 42.582280000000004], [-71.61021, 42.58237099999999], [-71.611262, 42.58232499999999], [-71.612282, 42.58193599999999], [-71.613118, 42.581981000000006], [-71.613334, 42.582187000000005], [-71.61327299999999, 42.583102000000004], [-71.61451199999999, 42.58408399999999], [-71.614605, 42.58445], [-71.614234, 42.584976000000005], [-71.614265, 42.585433], [-71.614885, 42.58609600000001], [-71.615194, 42.586209999999994], [-71.616524, 42.58598099999999], [-71.61729799999999, 42.58616299999999], [-71.618195, 42.58582], [-71.61921699999999, 42.58579599999999], [-71.61921699999999, 42.586116000000004], [-71.618691, 42.586734], [-71.61872199999999, 42.586962], [-71.61909399999999, 42.587351000000005], [-71.620054, 42.58744199999999], [-71.620487, 42.58766999999999], [-71.62377, 42.59066300000002], [-71.62377, 42.59116600000002], [-71.62346099999999, 42.59164699999999], [-71.623493, 42.592698000000006], [-71.624093, 42.59320100000001], [-71.624513, 42.593305], [-71.624513, 42.59319000000002], [-71.62498599999999, 42.59362599999999], [-71.62639, 42.593602999999995], [-71.626802, 42.593901], [-71.626863, 42.594542], [-71.62613, 42.59625099999998], [-71.626314, 42.598647], [-71.627855, 42.600203000000015], [-71.628344, 42.600460999999996], [-71.627346, 42.602395], [-71.62768, 42.603308999999996], [-71.628001, 42.60323299999998], [-71.62884, 42.602348], [-71.62910000000001, 42.602394000000004], [-71.630291, 42.60374500000001], [-71.629758, 42.60503599999999], [-71.62989499999999, 42.60581300000001], [-71.63027699999999, 42.606463000000005], [-71.630033, 42.60705099999999], [-71.63027699999999, 42.60735599999999], [-71.630736, 42.60760700000001], [-71.631956, 42.60756200000001], [-71.63256799999999, 42.60780699999999], [-71.632933, 42.608324999999994], [-71.633804, 42.608593000000006], [-71.635285, 42.61065299999999], [-71.634233, 42.611171999999996], [-71.633539, 42.612390000000005], [-71.63405, 42.61261499999999], [-71.635713, 42.61240900000002], [-71.636968, 42.612902999999996], [-71.637716, 42.613411], [-71.638566, 42.61341600000001], [-71.63986299999999, 42.61414799999999], [-71.640613, 42.614089], [-71.642259, 42.61473600000001], [-71.64325099999999, 42.615765999999994], [-71.643464, 42.61662], [-71.642991, 42.61721500000001], [-71.644114, 42.617289], [-71.644137, 42.618497], [-71.643847, 42.61880999999999], [-71.643832, 42.619176], [-71.643389, 42.619665000000005], [-71.643389, 42.620298], [-71.643711, 42.62107399999999], [-71.644076, 42.62146499999999], [-71.644823, 42.621525999999996], [-71.64479299999999, 42.621708999999996], [-71.643847, 42.622297], [-71.644045, 42.622655], [-71.645144, 42.622793], [-71.64552499999999, 42.623318999999974], [-71.64525100000002, 42.6237], [-71.64438299999999, 42.623214999999995], [-71.64430999999999, 42.62339199999999], [-71.6447, 42.623667000000005], [-71.644515, 42.62430699999999], [-71.644671, 42.62445800000001], [-71.645663, 42.624104999999986], [-71.645815, 42.62431099999998], [-71.645968, 42.62473800000001], [-71.645586, 42.62523400000001], [-71.645586, 42.62569900000001], [-71.646273, 42.626020000000004], [-71.64657799999999, 42.626386000000004], [-71.646914, 42.626489], [-71.647143, 42.62614899999999], [-71.64670000000001, 42.62569900000001], [-71.646868, 42.625387], [-71.646714, 42.62508899999998], [-71.64721399999999, 42.62478899999999], [-71.64900399999999, 42.62578299999999], [-71.64905, 42.626287], [-71.64996599999999, 42.62675999999999], [-71.64994999999999, 42.627004000000014], [-71.649294, 42.627309], [-71.64931, 42.627514999999995], [-71.649935, 42.628225], [-71.65019500000001, 42.628949], [-71.65048399999999, 42.629049000000016], [-71.651049, 42.629834], [-71.65170499999999, 42.630238999999996], [-71.653094, 42.63050599999999], [-71.65413099999999, 42.63127600000001], [-71.65645099999999, 42.632589], [-71.657748, 42.633526999999994], [-71.657992, 42.634435], [-71.65829699999999, 42.634435], [-71.658953, 42.63406900000001], [-71.659258, 42.634114999999994], [-71.660451, 42.63521700000002]]]}}, {"type": "Feature", "properties": {"district_name": "Middlesex & Worcester District", "chamber": "senate", "vintage": "2012-2020", "url": "/district/senate-middlesex-worcester-district-2012-2020/", "latest_year": 2020, "years": [{"year": 2020, "lean_dem_share": 0.7166, "competitiveness": "Safe", "competitiveness_label": "Safe D", "party_favored": "Democratic", "is_uncontested": true, "turnout_ratio": 0.7746, "winner_name": "James B. Eldridge", "winner_party": "Democratic", "winner_war": null, "winner_lean_component": 0.4629, "winner_tide_component": 0.0067, "winner_incumbency_adjustment": 0.0724, "winner_demographics_component": null, "winner_fundraising_component": 0.0345}, {"year": 2018, "lean_dem_share": 0.3037, "competitiveness": "Safe", "competitiveness_label": "Safe R", "party_favored": "Republican", "is_uncontested": false, "turnout_ratio": 0.9719, "winner_name": "James B. Eldridge", "winner_party": "Democratic", "winner_war": -0.009, "winner_lean_component": 0.4629, "winner_tide_component": 0.0033, "winner_incumbency_adjustment": 0.0724, "winner_demographics_component": null, "winner_fundraising_component": 0.0421}, {"year": 2016, "lean_dem_share": 0.6731, "competitiveness": "Safe", "competitiveness_label": "Safe D", "party_favored": "Democratic", "is_uncontested": false, "turnout_ratio": 0.9617, "winner_name": "James B. Eldridge", "winner_party": "Democratic", "winner_war": 0.0208, "winner_lean_component": 0.4629, "winner_tide_component": 0.0065, "winner_incumbency_adjustment": 0.0724, "winner_demographics_component": null, "winner_fundraising_component": 0.0182}, {"year": 2014, "lean_dem_share": 0.4554, "competitiveness": "Lean", "competitiveness_label": "Lean R", "party_favored": "Republican", "is_uncontested": true, "turnout_ratio": 0.7502, "winner_name": "James B. Eldridge", "winner_party": "Democratic", "winner_war": null, "winner_lean_component": 0.4629, "winner_tide_component": 0.0049, "winner_incumbency_adjustment": 0.0724, "winner_demographics_component": null, "winner_fundraising_component": -0.0082}, {"year": 2012, "lean_dem_share": 0.5859, "competitiveness": "Likely", "competitiveness_label": "Likely D", "party_favored": "Democratic", "is_uncontested": false, "turnout_ratio": 0.9384, "winner_name": "James B. Eldridge", "winner_party": "Democratic", "winner_war": 0.0542, "winner_lean_component": 0.4629, "winner_tide_component": 0.0062, "winner_incumbency_adjustment": 0.0, "winner_demographics_component": null, "winner_fundraising_component": 0.0305}], "lean_dem_share": 0.7166, "competitiveness": "Safe", "competitiveness_label": "Safe D", "party_favored": "Democratic", "is_uncontested": true, "turnout_ratio": 0.7746, "winner_name": "James B. Eldridge", "winner_party": "Democratic", "winner_war": null, "winner_lean_component": 0.4629, "winner_tide_component": 0.0067, "winner_incumbency_adjustment": 0.0724, "winner_demographics_component": null, "winner_fundraising_component": 0.0345}, "geometry": {"type": "Polygon", "coordinates": [[[-71.67898, 42.53035099999999], [-71.67773, 42.539397], [-71.66046399999999, 42.635134999999984], [-71.659258, 42.634114999999994], [-71.658953, 42.63406900000001], [-71.65829699999999, 42.634435], [-71.657992, 42.634435], [-71.657748, 42.633526999999994], [-71.65645099999999, 42.632589], [-71.65413099999999, 42.63127600000001], [-71.653094, 42.63050599999999], [-71.65170499999999, 42.630238999999996], [-71.651049, 42.629834], [-71.65048399999999, 42.629049000000016], [-71.65019500000001, 42.628949], [-71.649935, 42.628225], [-71.64931, 42.627514999999995], [-71.649294, 42.627309], [-71.64994999999999, 42.627004000000014], [-71.64996599999999, 42.62675999999999], [-71.64905, 42.626287], [-71.64900399999999, 42.62578299999999], [-71.64721399999999, 42.62478899999999], [-71.646714, 42.62508899999998], [-71.646868, 42.625387], [-71.64670000000001, 42.62569900000001], [-71.647143, 42.62614899999999], [-71.646914, 42.626489], [-71.645586, 42.62569900000001], [-71.645586, 42.62523400000001], [-71.645968, 42.62473800000001], [-71.645815, 42.62431099999998], [-71.645663, 42.624104999999986], [-71.644671, 42.62445800000001], [-71.644515, 42.62430699999999], [-71.6447, 42.623667000000005], [-71.64430999999999, 42.62339199999999], [-71.64438299999999, 42.623214999999995], [-71.64525100000002, 42.6237], [-71.64552499999999, 42.623318999999974], [-71.645144, 42.622793], [-71.644045, 42.622655], [-71.643847, 42.622297], [-71.64479299999999, 42.621708999999996], [-71.644823, 42.621525999999996], [-71.644076, 42.62146499999999], [-71.643711, 42.62107399999999], [-71.643389, 42.620298], [-71.643389, 42.619665000000005], [-71.643832, 42.619176], [-71.643847, 42.61880999999999], [-71.644137, 42.618497], [-71.644114, 42.617289], [-71.642991, 42.61721500000001], [-71.643464, 42.61662], [-71.64325099999999, 42.615765999999994], [-71.642259, 42.61473600000001], [-71.640613, 42.614089], [-71.63986299999999, 42.61414799999999], [-71.638566, 42.61341600000001], [-71.637716, 42.613411], [-71.636968, 42.612902999999996], [-71.635713, 42.61240900000002], [-71.63405, 42.61261499999999], [-71.633539, 42.612390000000005], [-71.634233, 42.611171999999996], [-71.635285, 42.61065299999999], [-71.633804, 42.608593000000006], [-71.632933, 42.608324999999994], [-71.63256799999999, 42.60780699999999], [-71.631956, 42.60756200000001], [-71.630736, 42.60760700000001], [-71.63027699999999, 42.60735599999999], [-71.630033, 42.60705099999999], [-71.63027699999999, 42.606463000000005], [-71.62989499999999, 42.60581300000001], [-71.629758, 42.60503599999999], [-71.630291, 42.60374500000001], [-71.62910000000001, 42.602394000000004], [-71.62884, 42.602348], [-71.628001, 42.60323299999998], [-71.62768, 42.603308999999996], [-71.627346, 42.602395], [-71.628344, 42.600460999999996], [-71.627855, 42.600203000000015], [-71.626314, 42.598647], [-71.62613, 42.59625099999998], [-71.626863, 42.594542], [-71.626802, 42.593901], [-71.62639, 42.593602999999995], [-71.62498599999999, 42.59362599999999], [-71.624513, 42.59319000000002], [-71.624513, 42.593305], [-71.624093, 42.59320100000001], [-71.623493, 42.592698000000006], [-71.62346099999999, 42.59164699999999], [-71.62377, 42.59116600000002], [-71.62377, 42.59066300000002], [-71.620487, 42.58766999999999], [-71.620054, 42.58744199999999], [-71.61909399999999, 42.587351000000005], [-71.61872199999999, 42.586962], [-71.618691, 42.586734], [-71.61921699999999, 42.586116000000004], [-71.61921699999999, 42.58579599999999], [-71.618195, 42.58582], [-71.61729799999999, 42.58616299999999], [-71.616524, 42.58598099999999], [-71.615194, 42.586209999999994], [-71.614885, 42.58609600000001], [-71.614265, 42.585433], [-71.614234, 42.584976000000005], [-71.614605, 42.58445], [-71.61451199999999, 42.58408399999999], [-71.61327299999999, 42.583102000000004], [-71.613334, 42.582187000000005], [-71.613118, 42.581981000000006], [-71.612282, 42.58193599999999], [-71.611262, 42.58232499999999], [-71.61021, 42.58237099999999], [-71.610024, 42.582280000000004], [-71.609993, 42.58198300000001], [-71.61079699999999, 42.581571], [-71.61092099999999, 42.58131899999999], [-71.61058, 42.58109099999999], [-71.608972, 42.581182999999996], [-71.60659199999999, 42.58294100000001], [-71.60615899999999, 42.582964], [-71.60427100000001, 42.582138], [-71.602385, 42.58222799999999], [-71.600839, 42.583026], [-71.511459, 42.569386], [-71.506411, 42.572172], [-71.50303699999999, 42.575468], [-71.498006, 42.57686199999999], [-71.483965, 42.573907999999996], [-71.48002, 42.558094], [-71.443326, 42.537322999999994], [-71.438242, 42.53423199999999], [-71.423794, 42.526188999999974], [-71.399586, 42.533992], [-71.397941, 42.526277], [-71.39156299999999, 42.50681900000001], [-71.38489899999999, 42.50455], [-71.430374, 42.436969000000005], [-71.434676, 42.42640899999999], [-71.435166, 42.42549599999999], [-71.43573599999999, 42.42367699999999], [-71.442508, 42.40694199999999], [-71.46945199999999, 42.40263099999999], [-71.472689, 42.389984999999996], [-71.475498, 42.38065499999999], [-71.462379, 42.376335999999995], [-71.46231999999999, 42.376486], [-71.462657, 42.37686600000001], [-71.46235899999999, 42.376993999999996], [-71.462175, 42.37748400000002], [-71.462801, 42.37785799999998], [-71.462908, 42.37818399999999], [-71.463178, 42.37817799999999], [-71.463216, 42.37853799999998], [-71.462879, 42.37888700000001], [-71.46311, 42.379103], [-71.462792, 42.37925800000001], [-71.462532, 42.37983099999999], [-71.461531, 42.38036599999999], [-71.461377, 42.380594], [-71.460962, 42.38047300000001], [-71.460616, 42.380939000000005], [-71.460655, 42.381123], [-71.46039400000001, 42.380989000000014], [-71.460077, 42.38130200000001], [-71.459595, 42.381308000000004], [-71.459374, 42.38179499999999], [-71.458603, 42.38181599999999], [-71.457977, 42.38264400000002], [-71.457621, 42.38281800000001], [-71.457669, 42.38258299999999], [-71.457351, 42.38295499999999], [-71.45658, 42.383413], [-71.456195, 42.383888999999996], [-71.45618499999999, 42.384140999999985], [-71.45512599999999, 42.38437599999998], [-71.454606, 42.38472500000001], [-71.45397, 42.38549899999999], [-71.452805, 42.385605], [-71.452275, 42.38547699999999], [-71.452063, 42.385689000000006], [-71.450724, 42.38546099999999], [-71.449375, 42.38579099999999], [-71.44899, 42.38621399999999], [-71.449067, 42.386810999999994], [-71.44985, 42.38749899999999], [-71.449372, 42.387518000000014], [-71.448317, 42.38809200000001], [-71.447891, 42.388164], [-71.447651, 42.38815099999999], [-71.44750599999999, 42.38789799999999], [-71.446562, 42.38772900000001], [-71.44605100000001, 42.387276], [-71.445088, 42.386953999999996], [-71.444375, 42.38643399999999], [-71.444048, 42.38636899999998], [-71.443576, 42.38586599999999], [-71.442902, 42.385808], [-71.442854, 42.385556999999984], [-71.442343, 42.385077], [-71.441746, 42.384955], [-71.441678, 42.384590999999986], [-71.440927, 42.38463000000001], [-71.441052, 42.38437000000001], [-71.440445, 42.384527000000006], [-71.439713, 42.38437200000001], [-71.439463, 42.384570999999994], [-71.438971, 42.38450000000001], [-71.438885, 42.384237], [-71.438605, 42.384513000000005], [-71.43769, 42.384307], [-71.437257, 42.38443299999999], [-71.43744, 42.384749], [-71.43733399999999, 42.38485], [-71.436852, 42.384699], [-71.436544, 42.3848], [-71.43598999999999, 42.384537], [-71.43480000000001, 42.384985], [-71.434598, 42.38440000000001], [-71.434328, 42.384599], [-71.434078, 42.38439699999999], [-71.433336, 42.38436400000001], [-71.43198799999999, 42.383531999999995], [-71.43122699999999, 42.38356200000001], [-71.430996, 42.383112000000004], [-71.430495, 42.383208], [-71.430177, 42.382765], [-71.429782, 42.382634], [-71.429946, 42.38230600000001], [-71.429619, 42.382034000000004], [-71.42919499999999, 42.38211499999999], [-71.428896, 42.381963000000006], [-71.428511, 42.382485], [-71.428164, 42.382276000000005], [-71.427989, 42.381661999999984], [-71.427151, 42.38219599999999], [-71.426993, 42.38197699999999], [-71.42728799999999, 42.381628], [-71.42798400000001, 42.381577], [-71.428656, 42.381248], [-71.428955, 42.380364], [-71.42869499999999, 42.380026999999984], [-71.42762499999999, 42.380333], [-71.427105, 42.38020000000001], [-71.42692199999999, 42.37997900000001], [-71.42719199999999, 42.379325], [-71.42709599999999, 42.379084000000006], [-71.427472, 42.37905299999999], [-71.42778, 42.378822], [-71.427799, 42.378555999999996], [-71.428185, 42.378403000000006], [-71.428285, 42.37771699999999], [-71.425722, 42.378378], [-71.422304, 42.378783], [-71.420028, 42.379476999999994], [-71.4169, 42.381506], [-71.415458, 42.383072], [-71.41251299999999, 42.38254], [-71.41304199999999, 42.38197699999999], [-71.413596, 42.38030699999998], [-71.41481999999999, 42.378319999999995], [-71.41520299999999, 42.37661500000001], [-71.416341, 42.373991], [-71.419933, 42.367143], [-71.419933, 42.366837000000004], [-71.41964399999999, 42.36669299999999], [-71.419874, 42.36612], [-71.419315, 42.36599299999998], [-71.41915999999999, 42.36554100000001], [-71.419573, 42.36501899999999], [-71.418849, 42.364349999999995], [-71.419118, 42.36398000000002], [-71.41886699999999, 42.363679000000005], [-71.419068, 42.363030999999985], [-71.418894, 42.362656], [-71.41847899999999, 42.362237], [-71.415902, 42.360754], [-71.41378, 42.35995500000003], [-71.413168, 42.359337], [-71.412176, 42.35891599999999], [-71.41171299999999, 42.35853900000001], [-71.41098099999999, 42.358545], [-71.410431, 42.358326999999996], [-71.40999699999999, 42.357625], [-71.409554, 42.35758899999999], [-71.409295, 42.35801800000001], [-71.408429, 42.357847], [-71.408063, 42.35808399999999], [-71.407697, 42.357763], [-71.407409, 42.357999], [-71.407563, 42.358298], [-71.40695699999999, 42.358336999999985], [-71.406812, 42.35800699999999], [-71.406368, 42.35782299999998], [-71.404578, 42.357937], [-71.403672, 42.357668], [-71.402757, 42.35710599999998], [-71.402103, 42.3573], [-71.40181400000002, 42.35758500000001], [-71.40038899999999, 42.35727699999999], [-71.400178, 42.35756599999999], [-71.399879, 42.35765300000001], [-71.399445, 42.357104], [-71.399744, 42.35705199999998], [-71.399762, 42.356921], [-71.399242, 42.356657999999996], [-71.398944, 42.356781], [-71.398983, 42.357158], [-71.398483, 42.357271999999995], [-71.39823299999999, 42.357548000000016], [-71.397808, 42.356944000000006], [-71.397057, 42.356933], [-71.396922, 42.356612], [-71.396421, 42.35648300000001], [-71.396075, 42.35679199999998], [-71.395623, 42.356693], [-71.395479, 42.3572], [-71.395103, 42.357054999999995], [-71.39462200000001, 42.357195999999995], [-71.39389, 42.356936], [-71.39371700000001, 42.356994], [-71.393689, 42.35720599999999], [-71.393351, 42.3572], [-71.39371799999999, 42.35757499999999], [-71.393121, 42.357600999999995], [-71.393045, 42.357872], [-71.392707, 42.35768099999999], [-71.39209199999999, 42.358154], [-71.39121399999999, 42.35795199999999], [-71.39080899999999, 42.35523699999999], [-71.39011099999999, 42.35481199999998], [-71.388961, 42.35002199999999], [-71.387939, 42.348636], [-71.387703, 42.347261], [-71.387681, 42.344693], [-71.389071, 42.345033], [-71.391369, 42.34520899999999], [-71.391859, 42.34508400000001], [-71.392754, 42.3444], [-71.39348, 42.344094000000005], [-71.397982, 42.34321500000001], [-71.398051, 42.342877], [-71.396704, 42.340883], [-71.415469, 42.343683999999996], [-71.48329799999999, 42.353129999999986], [-71.486796, 42.33018899999998], [-71.485109, 42.323164], [-71.485187, 42.322061], [-71.485007, 42.320994000000006], [-71.485585, 42.314076], [-71.486125, 42.310885000000006], [-71.505882, 42.272937999999996], [-71.505928, 42.266578], [-71.50608799999999, 42.264423000000015], [-71.50761000000001, 42.264026], [-71.507926, 42.26430200000001], [-71.50879499999999, 42.264517000000005], [-71.510226, 42.26523399999999], [-71.510295, 42.26549800000001], [-71.510102, 42.265834999999996], [-71.510256, 42.26610600000001], [-71.511464, 42.266056999999996], [-71.51171699999999, 42.266367], [-71.51328699999999, 42.267268999999985], [-71.515002, 42.267704], [-71.516426, 42.267556], [-71.51748800000001, 42.26778499999999], [-71.519205, 42.267544], [-71.520152, 42.266839], [-71.52097499999999, 42.26651], [-71.52259099999999, 42.26641199999999], [-71.523146, 42.265998999999994], [-71.523646, 42.265889000000016], [-71.525054, 42.26582600000001], [-71.52654, 42.266333], [-71.52797, 42.26642400000001], [-71.53197999999999, 42.266127999999995], [-71.53514299999999, 42.265058999999994], [-71.537052, 42.264643000000014], [-71.53790599999999, 42.264615], [-71.53839099999999, 42.264203], [-71.539061, 42.263180000000006], [-71.53963, 42.262780000000014], [-71.540054, 42.262716], [-71.541223, 42.263334], [-71.5417, 42.26398099999997], [-71.54251599999999, 42.26408500000001], [-71.542993, 42.263917000000006], [-71.543716, 42.26398599999998], [-71.54417, 42.264448999999985], [-71.544131, 42.264714999999995], [-71.54437, 42.26485000000001], [-71.544624, 42.264847999999986], [-71.544901, 42.264514], [-71.545994, 42.26478200000001], [-71.546078, 42.264906], [-71.545917, 42.26521999999999], [-71.546601, 42.26550700000001], [-71.546971, 42.26526], [-71.547186, 42.26563299999997], [-71.547748, 42.265661000000016], [-71.54814, 42.26603099999999], [-71.55011499999999, 42.266023], [-71.550755, 42.26625500000001], [-71.55148799999999, 42.266234000000004], [-71.55176300000001, 42.26635799999999], [-71.55222599999999, 42.267312999999994], [-71.552903, 42.267604], [-71.554596, 42.267805], [-71.55545099999999, 42.267587999999996], [-71.555605, 42.267855], [-71.556859, 42.26807899999999], [-71.557113, 42.26780300000002], [-71.55800599999999, 42.26741], [-71.558506, 42.26749699999999], [-71.55872099999999, 42.267803000000036], [-71.559483, 42.267754999999994], [-71.55983499999999, 42.267582999999995], [-71.56058399999999, 42.267864], [-71.562956, 42.26744299999999], [-71.586759, 42.25954500000002], [-71.599318, 42.225958999999996], [-71.62107, 42.230869999999996], [-71.644438, 42.22662599999999], [-71.649023, 42.247969], [-71.670932, 42.244701], [-71.674172, 42.24859099999999], [-71.67445500000001, 42.252365000000005], [-71.676441, 42.25417199999998], [-71.670633, 42.26108199999999], [-71.659142, 42.266796], [-71.670115, 42.27876299999999], [-71.64264899999999, 42.288227], [-71.642988, 42.28872199999999], [-71.642748, 42.289688], [-71.64221700000002, 42.29065], [-71.638004, 42.292556999999995], [-71.637688, 42.29313599999999], [-71.637487, 42.294334000000006], [-71.636917, 42.29474400000003], [-71.637055, 42.295956], [-71.63694, 42.29623800000001], [-71.63653099999999, 42.29647300000001], [-71.63483699999999, 42.29676399999998], [-71.634198, 42.297224000000014], [-71.634212, 42.298494000000005], [-71.632222, 42.30243000000001], [-71.630774, 42.30357999999999], [-71.63001899999999, 42.303921], [-71.629649, 42.30438900000002], [-71.628517, 42.30461300000001], [-71.628463, 42.30475399999999], [-71.631327, 42.305481], [-71.633209, 42.304451], [-71.63472399999999, 42.303995000000015], [-71.638995, 42.30431700000001], [-71.64058899999999, 42.30392700000001], [-71.641147, 42.30438100000001], [-71.643598, 42.30568600000001], [-71.644086, 42.306160000000006], [-71.644618, 42.30849499999999], [-71.64446099999999, 42.309508], [-71.644513, 42.311018], [-71.64441699999999, 42.311899000000004], [-71.643766, 42.313948999999994], [-71.642892, 42.31552000000001], [-71.640053, 42.31675099999999], [-71.6375, 42.318802], [-71.636684, 42.320254999999996], [-71.635638, 42.32066999999999], [-71.63595, 42.32111100000001], [-71.636844, 42.32139600000001], [-71.637267, 42.32190400000001], [-71.638291, 42.322259], [-71.639343, 42.322973999999995], [-71.63344, 42.32733999999999], [-71.630843, 42.328889], [-71.630082, 42.33084199999997], [-71.628537, 42.332840999999995], [-71.62680999999999, 42.334578], [-71.625767, 42.336300000000016], [-71.625042, 42.336898999999995], [-71.62294899999999, 42.33796500000001], [-71.61825999999999, 42.342589], [-71.619131, 42.343348999999996], [-71.62065799999999, 42.345248999999995], [-71.62582499999999, 42.34972399999999], [-71.624702, 42.35046500000001], [-71.610007, 42.357403000000005], [-71.603065, 42.367267], [-71.607759, 42.370022], [-71.580043, 42.386949000000016], [-71.60425099999999, 42.397703], [-71.58543, 42.40702], [-71.559046, 42.411981], [-71.554182, 42.42844399999999], [-71.553964, 42.42976200000001], [-71.54890300000001, 42.44730799999999], [-71.635335, 42.476744999999994], [-71.635397, 42.477289000000006], [-71.63362599999999, 42.47784699999999], [-71.633383, 42.478288000000006], [-71.633425, 42.478898000000015], [-71.634134, 42.480800000000016], [-71.633724, 42.481241999999995], [-71.633436, 42.48203699999999], [-71.633273, 42.483418999999984], [-71.632942, 42.483541999999986], [-71.632239, 42.48320400000001], [-71.631908, 42.48326600000001], [-71.631896, 42.48366399999999], [-71.63259599999999, 42.48493799999999], [-71.633951, 42.485163], [-71.634301, 42.48540500000001], [-71.634282, 42.485648], [-71.633996, 42.486075], [-71.63352499999999, 42.48624300000001], [-71.63311399999999, 42.486138000000004], [-71.63229, 42.485485999999995], [-71.63186, 42.485487000000006], [-71.631109, 42.48744999999998], [-71.62926800000001, 42.48880799999999], [-71.629173, 42.49029799999999], [-71.627974, 42.492990999999996], [-71.627944, 42.49354400000002], [-71.628165, 42.49445000000001], [-71.62796800000001, 42.494949], [-71.62702, 42.495767], [-71.626282, 42.497828000000005], [-71.62617999999999, 42.498560000000005], [-71.62617999999999, 42.499231], [-71.626862, 42.500372999999996], [-71.62912, 42.501296], [-71.631546, 42.502531999999995], [-71.632508, 42.502395], [-71.633408, 42.502632], [-71.633545, 42.502905999999996], [-71.633515, 42.50355499999999], [-71.63394199999999, 42.503868], [-71.634018, 42.50416500000001], [-71.63394199999999, 42.504653000000005], [-71.632508, 42.506918999999996], [-71.631501, 42.507812], [-71.631317, 42.508323000000004], [-71.631745, 42.50949800000001], [-71.631455, 42.509643000000004], [-71.631028, 42.509482999999996], [-71.63009699999999, 42.50993299999999], [-71.629914, 42.510191999999996], [-71.629914, 42.51094], [-71.629532, 42.51123799999999], [-71.62924199999999, 42.511138], [-71.628632, 42.51045200000001], [-71.628159, 42.51052800000001], [-71.628022, 42.51072599999999], [-71.628022, 42.51153499999999], [-71.627472, 42.512657], [-71.628022, 42.513244], [-71.629227, 42.513381], [-71.629685, 42.51377800000001], [-71.629303, 42.51464], [-71.629303, 42.515335], [-71.629578, 42.51578500000001], [-71.63002, 42.515922], [-71.630982, 42.515762], [-71.631913, 42.51589899999999], [-71.63230899999999, 42.516296], [-71.632187, 42.516883], [-71.630875, 42.51714299999999], [-71.63057, 42.517356], [-71.63035599999999, 42.518104], [-71.630478, 42.518836], [-71.631012, 42.51911099999999], [-71.63168399999999, 42.51889], [-71.631974, 42.51898900000001], [-71.63279399999999, 42.52006499999999], [-71.633264, 42.521195], [-71.634117, 42.52182399999998], [-71.634326, 42.522244], [-71.63474, 42.522548], [-71.636032, 42.523078], [-71.635812, 42.52409099999999], [-71.675714, 42.52998999999999], [-71.67898, 42.53035099999999]]]}}, {"type": "Feature", "properties": {"district_name": "Second Middlesex & Norfolk District", "chamber": "senate", "vintage": "2012-2020", "url": "/district/senate-second-middlesex-norfolk-district-2012-2020/", "latest_year": 2020, "years": [{"year": 2020, "lean_dem_share": 0.717, "competitiveness": "Safe", "competitiveness_label": "Safe D", "party_favored": "Democratic", "is_uncontested": true, "turnout_ratio": 0.8009, "winner_name": "Karen E. Spilka", "winner_party": "Democratic", "winner_war": null, "winner_lean_component": 0.4669, "winner_tide_component": 0.0067, "winner_incumbency_adjustment": 0.0724, "winner_demographics_component": null, "winner_fundraising_component": 0.0498}, {"year": 2018, "lean_dem_share": 0.299, "competitiveness": "Safe", "competitiveness_label": "Safe R", "party_favored": "Republican", "is_uncontested": true, "turnout_ratio": 0.8033, "winner_name": "Karen E. Spilka", "winner_party": "Democratic", "winner_war": null, "winner_lean_component": 0.4669, "winner_tide_component": 0.0033, "winner_incumbency_adjustment": 0.0724, "winner_demographics_component": null, "winner_fundraising_component": 0.0512}, {"year": 2016, "lean_dem_share": 0.6839, "competitiveness": "Safe", "competitiveness_label": "Safe D", "party_favored": "Democratic", "is_uncontested": true, "turnout_ratio": 0.8133, "winner_name": "Karen E. Spilka", "winner_party": "Democratic", "winner_war": null, "winner_lean_component": 0.4669, "winner_tide_component": 0.0065, "winner_incumbency_adjustment": 0.0724, "winner_demographics_component": null, "winner_fundraising_component": 0.0418}, {"year": 2014, "lean_dem_share": 0.4633, "competitiveness": "Lean", "competitiveness_label": "Lean R", "party_favored": "Republican", "is_uncontested": true, "turnout_ratio": 0.7387, "winner_name": "Karen E. Spilka", "winner_party": "Democratic", "winner_war": null, "winner_lean_component": 0.4669, "winner_tide_component": 0.0049, "winner_incumbency_adjustment": 0.0724, "winner_demographics_component": null, "winner_fundraising_component": -0.0026}, {"year": 2012, "lean_dem_share": 0.5946, "competitiveness": "Likely", "competitiveness_label": "Likely D", "party_favored": "Democratic", "is_uncontested": true, "turnout_ratio": 0.7585, "winner_name": "Karen E. Spilka", "winner_party": "Democratic", "winner_war": null, "winner_lean_component": 0.4669, "winner_tide_component": 0.0062, "winner_incumbency_adjustment": 0.0, "winner_demographics_component": null, "winner_fundraising_component": 0.0152}], "lean_dem_share": 0.717, "competitiveness": "Safe", "competitiveness_label": "Safe D", "party_favored": "Democratic", "is_uncontested": true, "turnout_ratio": 0.8009, "winner_name": "Karen E. Spilka", "winner_party": "Democratic", "winner_war": null, "winner_lean_component": 0.4669, "winner_tide_component": 0.0067, "winner_incumbency_adjustment": 0.0724, "winner_demographics_component": null, "winner_fundraising_component": 0.0498}, "geometry": {"type": "Polygon", "coordinates": [[[-71.602221, 42.218101], [-71.586759, 42.25954500000002], [-71.564917, 42.26689400000001], [-71.56219399999999, 42.267651], [-71.56058399999999, 42.267864], [-71.55983499999999, 42.267582999999995], [-71.559483, 42.267754999999994], [-71.55872099999999, 42.267803000000036], [-71.558506, 42.26749699999999], [-71.558122, 42.267407], [-71.557113, 42.26780300000002], [-71.556859, 42.26807899999999], [-71.555605, 42.267855], [-71.55545099999999, 42.267587999999996], [-71.554596, 42.267805], [-71.552903, 42.267604], [-71.55222599999999, 42.267312999999994], [-71.55176300000001, 42.26635799999999], [-71.55148799999999, 42.266234000000004], [-71.550755, 42.26625500000001], [-71.55011499999999, 42.266023], [-71.54814, 42.26603099999999], [-71.547748, 42.265661000000016], [-71.547186, 42.26563299999997], [-71.546971, 42.26526], [-71.546601, 42.26550700000001], [-71.545917, 42.26521999999999], [-71.546078, 42.264906], [-71.545994, 42.26478200000001], [-71.544901, 42.264514], [-71.544624, 42.264847999999986], [-71.54437, 42.26485000000001], [-71.544131, 42.264714999999995], [-71.54417, 42.264448999999985], [-71.543716, 42.26398599999998], [-71.542993, 42.263917000000006], [-71.54251599999999, 42.26408500000001], [-71.5417, 42.26398099999997], [-71.541223, 42.263334], [-71.540054, 42.262716], [-71.53963, 42.262780000000014], [-71.539061, 42.263180000000006], [-71.53839099999999, 42.264203], [-71.53790599999999, 42.264615], [-71.537052, 42.264643000000014], [-71.53514299999999, 42.265058999999994], [-71.53197999999999, 42.266127999999995], [-71.52797, 42.26642400000001], [-71.52654, 42.266333], [-71.525054, 42.26582600000001], [-71.523646, 42.265889000000016], [-71.523146, 42.265998999999994], [-71.52259099999999, 42.26641199999999], [-71.52097499999999, 42.26651], [-71.520152, 42.266839], [-71.519205, 42.267544], [-71.51748800000001, 42.26778499999999], [-71.516426, 42.267556], [-71.515002, 42.267704], [-71.51328699999999, 42.267268999999985], [-71.51171699999999, 42.266367], [-71.511464, 42.266056999999996], [-71.510256, 42.26610600000001], [-71.510102, 42.265834999999996], [-71.510295, 42.26549800000001], [-71.510226, 42.26523399999999], [-71.50879499999999, 42.264517000000005], [-71.507926, 42.26430200000001], [-71.50761000000001, 42.264026], [-71.50608799999999, 42.264423000000015], [-71.505928, 42.266578], [-71.505882, 42.272937999999996], [-71.486125, 42.310885000000006], [-71.485585, 42.314076], [-71.485007, 42.320994000000006], [-71.485187, 42.322061], [-71.485109, 42.323164], [-71.486796, 42.33018899999998], [-71.48329799999999, 42.353129999999986], [-71.415469, 42.343683999999996], [-71.396704, 42.340883], [-71.394932, 42.33888799999998], [-71.394825, 42.338454000000006], [-71.394971, 42.336526000000006], [-71.39485599999999, 42.336065999999995], [-71.39429299999999, 42.335556], [-71.392681, 42.33568899999999], [-71.391212, 42.336960999999995], [-71.389938, 42.337465999999985], [-71.38902399999999, 42.337568999999995], [-71.38853999999999, 42.33743299999999], [-71.388345, 42.336948], [-71.388832, 42.336269], [-71.381757, 42.32846899999999], [-71.37768700000001, 42.314668999999995], [-71.374935, 42.31155699999999], [-71.374426, 42.31118300000001], [-71.373981, 42.310405999999986], [-71.373395, 42.30985500000002], [-71.37177, 42.309880000000014], [-71.37074900000002, 42.310199], [-71.370425, 42.310848], [-71.369723, 42.31121900000001], [-71.369117, 42.311977000000006], [-71.368753, 42.312837], [-71.36675699999999, 42.31395], [-71.36518, 42.31523900000001], [-71.364093, 42.31590600000001], [-71.363171, 42.31581099999998], [-71.35991, 42.317149], [-71.355199, 42.31717], [-71.345998, 42.314803999999995], [-71.345888, 42.31492900000001], [-71.34553, 42.31485299999999], [-71.346057, 42.314755], [-71.346093, 42.314012999999996], [-71.347032, 42.313158000000016], [-71.347726, 42.311691], [-71.347372, 42.310123], [-71.348038, 42.30953399999998], [-71.349018, 42.309355000000004], [-71.348553, 42.30788200000001], [-71.351248, 42.30687700000003], [-71.352749, 42.30659099999998], [-71.352522, 42.304956999999995], [-71.351012, 42.30510400000001], [-71.34937599999999, 42.305552000000006], [-71.34943500000001, 42.303535000000004], [-71.349088, 42.30304299999998], [-71.34907799999999, 42.30110599999999], [-71.359887, 42.29993300000002], [-71.35949, 42.299015999999995], [-71.35916, 42.297432], [-71.350725, 42.296699000000004], [-71.35003999999999, 42.296243], [-71.34976499999999, 42.295078], [-71.348164, 42.293915000000005], [-71.348319, 42.290945999999984], [-71.347605, 42.285889], [-71.347634, 42.285247999999996], [-71.347276, 42.28378299999999], [-71.34729, 42.280741000000006], [-71.35145399999999, 42.275978999999985], [-71.35493799999999, 42.271545], [-71.352546, 42.269633999999996], [-71.351643, 42.26855099999999], [-71.35146399999999, 42.266073999999996], [-71.35073299999999, 42.264443], [-71.350428, 42.26295199999999], [-71.350624, 42.261156], [-71.350464, 42.259133], [-71.354796, 42.259716000000004], [-71.356304, 42.25959300000001], [-71.356534, 42.260176999999985], [-71.356526, 42.26128999999999], [-71.356939, 42.261780999999985], [-71.35646, 42.262632999999994], [-71.356656, 42.263314], [-71.35690699999999, 42.263495], [-71.37683299999999, 42.269489], [-71.390365, 42.27191600000001], [-71.397769, 42.261527999999984], [-71.419298, 42.25728099999999], [-71.418429, 42.246900999999994], [-71.41931699999999, 42.241543], [-71.420075, 42.23812300000001], [-71.419826, 42.238145], [-71.41984699999999, 42.238006000000006], [-71.41969499999999, 42.237989999999996], [-71.418733, 42.23811], [-71.417407, 42.23787600000001], [-71.417197, 42.237480000000005], [-71.415989, 42.236357], [-71.415452, 42.23564800000001], [-71.414492, 42.235326], [-71.413715, 42.23454999999999], [-71.41340000000001, 42.233697], [-71.413595, 42.232662000000005], [-71.413203, 42.23200800000002], [-71.413032, 42.23133200000001], [-71.413228, 42.22958899999998], [-71.412807, 42.228909], [-71.412598, 42.22796400000003], [-71.41234899999999, 42.227609], [-71.411265, 42.226856999999995], [-71.410324, 42.22650799999998], [-71.410056, 42.22599099999999], [-71.409615, 42.225586], [-71.409301, 42.22455700000001], [-71.409311, 42.22431799999999], [-71.409908, 42.22388200000001], [-71.40920899999999, 42.222906], [-71.409134, 42.222097], [-71.409502, 42.220949999999995], [-71.409263, 42.220541000000004], [-71.41028399999999, 42.21959199999999], [-71.410083, 42.219151000000004], [-71.410186, 42.218753], [-71.408256, 42.218444999999996], [-71.407961, 42.217656], [-71.407331, 42.218164], [-71.40195299999999, 42.21541999999999], [-71.40376599999999, 42.214842999999995], [-71.403701, 42.21438099999999], [-71.402469, 42.213452], [-71.402278, 42.21313199999998], [-71.40115399999999, 42.21295800000001], [-71.40010099999999, 42.211723], [-71.398805, 42.211227999999984], [-71.398095, 42.21077499999999], [-71.39753, 42.21008899999999], [-71.397302, 42.20949900000001], [-71.397323, 42.20874200000001], [-71.397131, 42.208562], [-71.39711299999999, 42.20822400000002], [-71.39731499999999, 42.207926999999984], [-71.393923, 42.20708899999999], [-71.391706, 42.20974200000001], [-71.38848899999999, 42.20800499999999], [-71.388206, 42.204302999999996], [-71.38018199999999, 42.201758999999996], [-71.38482599999999, 42.19189099999999], [-71.404381, 42.188215], [-71.402185, 42.178640000000016], [-71.385358, 42.151512], [-71.375618, 42.13545399999999], [-71.376834, 42.13561], [-71.37822, 42.135429], [-71.378989, 42.13579099999999], [-71.37967900000001, 42.135682], [-71.379978, 42.135160000000006], [-71.379994, 42.13459100000001], [-71.379218, 42.13344099999998], [-71.37953399999999, 42.13313799999998], [-71.380248, 42.132966], [-71.380231, 42.132636000000005], [-71.38075800000001, 42.132756], [-71.38109299999999, 42.1326], [-71.381029, 42.13226399999999], [-71.380417, 42.131578], [-71.380398, 42.131375999999996], [-71.38074499999999, 42.13101299999998], [-71.381743, 42.13086600000001], [-71.381841, 42.13028800000001], [-71.38218700000002, 42.129858000000006], [-71.382072, 42.129715999999995], [-71.38132399999999, 42.129586999999994], [-71.380798, 42.12907100000001], [-71.38051399999999, 42.128051], [-71.380074, 42.127384], [-71.379982, 42.126549999999995], [-71.37396799999999, 42.117098], [-71.37335, 42.11475], [-71.37366, 42.11153], [-71.37648, 42.11193000000001], [-71.37687, 42.11074000000001], [-71.38132499999999, 42.11196399999999], [-71.3823, 42.11203], [-71.37978, 42.10883000000001], [-71.39471999999999, 42.10719000000001], [-71.395723, 42.11242499999999], [-71.395849, 42.113907], [-71.396202, 42.11394], [-71.396689, 42.114943999999994], [-71.397132, 42.114734999999996], [-71.39771, 42.11517999999999], [-71.39799, 42.114360000000005], [-71.39854, 42.114149999999995], [-71.39936999999999, 42.11422000000001], [-71.40128, 42.11504], [-71.40186, 42.11484000000001], [-71.40232, 42.11404], [-71.40414, 42.11458], [-71.40598, 42.114440000000016], [-71.40652, 42.11588999999999], [-71.40714, 42.1167], [-71.40737, 42.11802], [-71.40732, 42.118710000000014], [-71.40760999999999, 42.11905999999999], [-71.40838, 42.11949], [-71.40953, 42.120920000000005], [-71.40991799999999, 42.122649], [-71.410288, 42.12284999999999], [-71.41157, 42.12285999999999], [-71.411333, 42.12378899999999], [-71.41147, 42.12451000000001], [-71.41273, 42.123949999999994], [-71.41721, 42.12356999999999], [-71.42304, 42.120990000000006], [-71.42824999999999, 42.11987], [-71.42914, 42.11931999999999], [-71.4299, 42.11766], [-71.43002, 42.11647999999999], [-71.42988, 42.11390999999999], [-71.428936, 42.11049100000002], [-71.42904899999999, 42.10835], [-71.42851999999999, 42.10478], [-71.42654, 42.10355999999999], [-71.42358, 42.10259], [-71.42126999999999, 42.10620000000001], [-71.41537, 42.10595], [-71.41456, 42.105639999999994], [-71.41412000000001, 42.10523], [-71.4114, 42.10539000000001], [-71.41058, 42.10559000000001], [-71.40836, 42.10391], [-71.40693999999999, 42.102439999999994], [-71.40643, 42.101670000000006], [-71.40765, 42.10117999999999], [-71.40885399999999, 42.09942300000001], [-71.40972, 42.09905199999998], [-71.41090799999999, 42.09889800000002], [-71.41183, 42.09854000000001], [-71.41232, 42.09781], [-71.410319, 42.09722600000002], [-71.408716, 42.096357000000005], [-71.40371, 42.09139999999999], [-71.40319, 42.09064000000001], [-71.40205, 42.08948999999999], [-71.40111, 42.08954000000001], [-71.40113, 42.0891], [-71.40088, 42.08830999999999], [-71.39970000000001, 42.08583000000002], [-71.39716, 42.082789999999996], [-71.39719199999999, 42.08250300000001], [-71.412154, 42.07267899999999], [-71.40923, 42.070663999999994], [-71.41066, 42.06907], [-71.41301, 42.065729999999995], [-71.41341, 42.06475999999999], [-71.414413, 42.06309099999999], [-71.41485999999999, 42.06191], [-71.41517999999999, 42.060359999999974], [-71.4161, 42.058949999999996], [-71.41618799999999, 42.058592], [-71.417123, 42.05805600000001], [-71.41884, 42.056702], [-71.41996, 42.056197999999995], [-71.42429, 42.05553], [-71.43105, 42.05618], [-71.43083, 42.05755999999999], [-71.43041199999999, 42.057832999999995], [-71.42988799999999, 42.057819], [-71.429778, 42.057969], [-71.42975799999999, 42.059059000000005], [-71.430184, 42.05954200000002], [-71.43043899999999, 42.060401], [-71.42894799999999, 42.06072999999999], [-71.428797, 42.061129], [-71.42808, 42.06146800000002], [-71.42842499999999, 42.062034999999995], [-71.432053, 42.060108], [-71.434405, 42.05922899999998], [-71.437523, 42.05838999999998], [-71.438863, 42.05820400000001], [-71.441437, 42.058066000000004], [-71.44328399999999, 42.058176], [-71.45206, 42.059177999999996], [-71.45485699999999, 42.059008], [-71.45496, 42.06312800000001], [-71.455872, 42.063187], [-71.45527400000002, 42.07275300000001], [-71.453698, 42.072621], [-71.45197399999999, 42.08373300000001], [-71.44659, 42.102137], [-71.44400999999999, 42.117312], [-71.442553, 42.13165000000001], [-71.44197500000001, 42.131709999999984], [-71.441761, 42.13188199999998], [-71.442414, 42.13213], [-71.44206799999999, 42.132747], [-71.442252, 42.133136], [-71.44203399999999, 42.133525], [-71.44275999999999, 42.134085000000006], [-71.442529, 42.13447899999999], [-71.441816, 42.134605999999984], [-71.441346, 42.13489200000001], [-71.441885, 42.135287999999996], [-71.442345, 42.13533199999999], [-71.44247899999999, 42.135726], [-71.44294099999999, 42.135762000000014], [-71.461441, 42.13364099999999], [-71.478521, 42.13142099999998], [-71.478028, 42.165743000000006], [-71.492429, 42.16608600000001], [-71.497378, 42.166643000000015], [-71.50262599999999, 42.191416], [-71.506894, 42.188927], [-71.539498, 42.189733999999994], [-71.555568, 42.182592], [-71.555898, 42.18280999999999], [-71.555522, 42.183453000000014], [-71.55512999999999, 42.184961], [-71.555414, 42.184852], [-71.55561399999999, 42.184968999999995], [-71.555475, 42.18543599999999], [-71.55578299999999, 42.185748000000004], [-71.556951, 42.185938000000014], [-71.556698, 42.18651600000001], [-71.55635099999999, 42.186816000000015], [-71.556382, 42.187252], [-71.556136, 42.187892999999995], [-71.556544, 42.18810400000001], [-71.556167, 42.188329], [-71.556067, 42.188497999999996], [-71.55618199999999, 42.18871599999999], [-71.55582900000002, 42.18898500000001], [-71.555752, 42.190018], [-71.556029, 42.190447999999996], [-71.556029, 42.191438999999995], [-71.556204, 42.191857000000006], [-71.57233800000002, 42.192228000000014], [-71.572129, 42.19349], [-71.57154799999999, 42.19465299999999], [-71.58291000000001, 42.195558999999996], [-71.602221, 42.218101]]]}}, {"type": "Feature", "properties": {"district_name": "Third Middlesex District", "chamber": "senate", "vintage": "2012-2020", "url": "/district/senate-third-middlesex-district-2012-2020/", "latest_year": 2020, "years": [{"year": 2020, "lean_dem_share": 0.7418, "competitiveness": "Safe", "competitiveness_label": "Safe D", "party_favored": "Democratic", "is_uncontested": true, "turnout_ratio": 0.7441, "winner_name": "Michael J. Barrett", "winner_party": "Democratic", "winner_war": null, "winner_lean_component": 0.4882, "winner_tide_component": 0.0067, "winner_incumbency_adjustment": 0.0724, "winner_demographics_component": null, "winner_fundraising_component": 0.0013}, {"year": 2018, "lean_dem_share": 0.338, "competitiveness": "Safe", "competitiveness_label": "Safe R", "party_favored": "Republican", "is_uncontested": true, "turnout_ratio": 0.7533, "winner_name": "Michael J. Barrett", "winner_party": "Democratic", "winner_war": null, "winner_lean_component": 0.4882, "winner_tide_component": 0.0033, "winner_incumbency_adjustment": 0.0724, "winner_demographics_component": null, "winner_fundraising_component": -0.0397}, {"year": 2016, "lean_dem_share": 0.7084, "competitiveness": "Safe", "competitiveness_label": "Safe D", "party_favored": "Democratic", "is_uncontested": true, "turnout_ratio": 0.7435, "winner_name": "Michael J. Barrett", "winner_party": "Democratic", "winner_war": null, "winner_lean_component": 0.4882, "winner_tide_component": 0.0065, "winner_incumbency_adjustment": 0.0724, "winner_demographics_component": null, "winner_fundraising_component": 0.0026}, {"year": 2014, "lean_dem_share": 0.4911, "competitiveness": "Tossup", "competitiveness_label": "Tossup R", "party_favored": "Republican", "is_uncontested": false, "turnout_ratio": 0.9475, "winner_name": "Michael J. Barrett", "winner_party": "Democratic", "winner_war": -0.0867, "winner_lean_component": 0.4882, "winner_tide_component": 0.0049, "winner_incumbency_adjustment": 0.0724, "winner_demographics_component": null, "winner_fundraising_component": 0.0198}, {"year": 2012, "lean_dem_share": 0.6049, "competitiveness": "Safe", "competitiveness_label": "Safe D", "party_favored": "Democratic", "is_uncontested": false, "turnout_ratio": 0.9043, "winner_name": "Michael J. Barrett", "winner_party": "Democratic", "winner_war": -0.0221, "winner_lean_component": 0.4882, "winner_tide_component": 0.0062, "winner_incumbency_adjustment": 0.0, "winner_demographics_component": null, "winner_fundraising_component": 0.0399}], "lean_dem_share": 0.7418, "competitiveness": "Safe", "competitiveness_label": "Safe D", "party_favored": "Democratic", "is_uncontested": true, "turnout_ratio": 0.7441, "winner_name": "Michael J. Barrett", "winner_party": "Democratic", "winner_war": null, "winner_lean_component": 0.4882, "winner_tide_component": 0.0067, "winner_incumbency_adjustment": 0.0724, "winner_demographics_component": null, "winner_fundraising_component": 0.0013}, "geometry": {"type": "MultiPolygon", "coordinates": [[[[-71.389982, 42.36743500000001], [-71.389178, 42.366884000000006], [-71.388798, 42.36632599999999], [-71.38992999999999, 42.365342000000005], [-71.389982, 42.36743500000001]]], [[[-71.38994, 42.36533399999999], [-71.388967, 42.364906000000005], [-71.38721, 42.36545], [-71.384188, 42.365825], [-71.383397, 42.36278300000001], [-71.38604699999999, 42.36127799999999], [-71.386659, 42.36140100000001], [-71.38904, 42.364650999999995], [-71.390031, 42.365230999999994], [-71.38994, 42.36533399999999]]], [[[-71.475498, 42.38065499999999], [-71.472689, 42.389984999999996], [-71.46945199999999, 42.40263099999999], [-71.442508, 42.40694199999999], [-71.43573599999999, 42.42367699999999], [-71.435166, 42.42549599999999], [-71.434676, 42.42640899999999], [-71.430374, 42.436969000000005], [-71.38489899999999, 42.50455], [-71.39156299999999, 42.50681900000001], [-71.397941, 42.526277], [-71.399586, 42.533992], [-71.38474, 42.538699], [-71.388504, 42.55040100000001], [-71.393795, 42.569489999999995], [-71.396884, 42.58016699999998], [-71.39841899999999, 42.584723000000004], [-71.400228, 42.59107900000001], [-71.401978, 42.599805], [-71.405401, 42.610392999999995], [-71.41765199999999, 42.653821], [-71.412309, 42.64941], [-71.41197799999999, 42.64797400000001], [-71.409764, 42.648785], [-71.405309, 42.648138000000024], [-71.403966, 42.648419], [-71.402734, 42.646695], [-71.39895899999999, 42.644883], [-71.39831199999999, 42.64550199999999], [-71.401288, 42.649488], [-71.40211, 42.651603], [-71.398995, 42.652467], [-71.398173, 42.65101899999998], [-71.396968, 42.649637], [-71.394341, 42.648474], [-71.392488, 42.648476], [-71.384937, 42.64961], [-71.381743, 42.64927899999999], [-71.380687, 42.648913999999984], [-71.379751, 42.648230999999996], [-71.37910699999999, 42.647395999999986], [-71.377115, 42.642697000000005], [-71.375935, 42.64090199999999], [-71.374521, 42.639548000000005], [-71.37206499999999, 42.63835599999999], [-71.369495, 42.637583], [-71.367024, 42.637391], [-71.364738, 42.63759799999999], [-71.359945, 42.626008000000006], [-71.34863, 42.62145300000001], [-71.329328, 42.61398499999998], [-71.328077, 42.613147], [-71.325698, 42.613263999999994], [-71.324975, 42.611601], [-71.325277, 42.611376999999976], [-71.323341, 42.60649], [-71.319897, 42.6069], [-71.318882, 42.608543999999995], [-71.31930899999999, 42.61357200000001], [-71.296205, 42.61468299999999], [-71.296872, 42.613577], [-71.297061, 42.61278499999999], [-71.297006, 42.612296], [-71.29593899999999, 42.61034999999999], [-71.295674, 42.60933399999998], [-71.295469, 42.606975000000006], [-71.295092, 42.606343999999986], [-71.294221, 42.605477999999984], [-71.33309, 42.560115], [-71.324801, 42.55605900000001], [-71.31961799999999, 42.554069999999996], [-71.314385, 42.54955400000001], [-71.31836899999999, 42.54279199999998], [-71.30981, 42.534848], [-71.30874899999999, 42.53395999999999], [-71.30718499999999, 42.533221000000005], [-71.307538, 42.52999899999999], [-71.30461, 42.529284999999994], [-71.304949, 42.52854000000001], [-71.30486499999999, 42.527283], [-71.30516, 42.52593599999999], [-71.306201, 42.524150999999996], [-71.30674499999999, 42.52268899999999], [-71.30683599999999, 42.52207500000001], [-71.306699, 42.52059299999999], [-71.303974, 42.51993099999999], [-71.289481, 42.52387999999999], [-71.280832, 42.52640800000001], [-71.277911, 42.526630000000004], [-71.26409799999999, 42.524081], [-71.256396, 42.523992], [-71.254572, 42.522593], [-71.250142, 42.525729999999996], [-71.242576, 42.51993999999999], [-71.24175, 42.520828], [-71.240056, 42.519716], [-71.236924, 42.511490999999985], [-71.233544, 42.508692999999994], [-71.232694, 42.507713], [-71.231897, 42.506367000000004], [-71.240983, 42.48988099999998], [-71.251986, 42.48501499999999], [-71.256553, 42.47855899999999], [-71.261515, 42.47624600000001], [-71.265314, 42.470600999999995], [-71.264877, 42.470563999999996], [-71.26424899999999, 42.47087700000001], [-71.263941, 42.47061999999999], [-71.263122, 42.470368000000015], [-71.262407, 42.47055999999999], [-71.26236899999999, 42.470252999999985], [-71.26155299999999, 42.46933699999999], [-71.260688, 42.468750000000014], [-71.257956, 42.471224999999976], [-71.24958699999999, 42.467285000000004], [-71.24846099999999, 42.46753800000001], [-71.246698, 42.466733999999995], [-71.24538, 42.46542600000001], [-71.244452, 42.465103], [-71.244367, 42.46463599999999], [-71.24403000000001, 42.464329], [-71.24249499999999, 42.463601000000004], [-71.24157799999999, 42.46296600000001], [-71.240276, 42.46241700000001], [-71.23991199999999, 42.462301], [-71.240809, 42.463899], [-71.23958499999999, 42.463778], [-71.23875699999999, 42.46332799999999], [-71.238067, 42.46320199999998], [-71.236195, 42.46330300000001], [-71.232839, 42.46293100000001], [-71.233352, 42.462215], [-71.23196399999999, 42.461443], [-71.231175, 42.460186], [-71.230436, 42.459835000000005], [-71.231911, 42.45890999999998], [-71.231606, 42.45809100000001], [-71.230983, 42.453945000000004], [-71.230723, 42.453517999999995], [-71.232119, 42.45322], [-71.23376, 42.452461], [-71.23700000000001, 42.45008399999998], [-71.23716, 42.449490999999995], [-71.237152, 42.447862], [-71.23762599999999, 42.446283], [-71.237539, 42.44538], [-71.23956500000001, 42.443987], [-71.240967, 42.44149600000001], [-71.242295, 42.439703], [-71.243557, 42.43930700000001], [-71.243105, 42.438693999999984], [-71.24168499999999, 42.43832499999999], [-71.23927499999999, 42.435981999999996], [-71.23742899999999, 42.43544], [-71.241585, 42.43428699999999], [-71.242204, 42.433609], [-71.2407, 42.432826999999996], [-71.23907, 42.43250000000002], [-71.23626399999999, 42.43155200000001], [-71.23611, 42.433521], [-71.234798, 42.43324099999999], [-71.23392, 42.43335400000001], [-71.23356, 42.432417], [-71.23146899999999, 42.429264999999994], [-71.230975, 42.428142999999984], [-71.230953, 42.427363000000014], [-71.231526, 42.423280999999996], [-71.231544, 42.422722999999976], [-71.23131099999999, 42.42223000000002], [-71.23033699999999, 42.42199299999999], [-71.223528, 42.421215], [-71.222197, 42.420845000000014], [-71.217624, 42.419098999999996], [-71.21484099999999, 42.41839900000001], [-71.21798199999999, 42.417072999999995], [-71.21834799999999, 42.41669099999999], [-71.21892799999999, 42.41556399999999], [-71.21555099999999, 42.414629000000005], [-71.207636, 42.40979899999999], [-71.211261, 42.406074], [-71.202679, 42.40371400000001], [-71.20254, 42.40308799999999], [-71.201807, 42.402346], [-71.201799, 42.401238], [-71.201397, 42.400187999999986], [-71.200433, 42.399396], [-71.200279, 42.39877699999998], [-71.199747, 42.39841399999999], [-71.199592, 42.39757499999998], [-71.199191, 42.396957000000015], [-71.19849599999999, 42.396277000000005], [-71.19697699999999, 42.39551800000001], [-71.196406, 42.394330999999994], [-71.196676, 42.393776999999986], [-71.197771, 42.39312100000001], [-71.197879, 42.392497], [-71.197617, 42.392264000000004], [-71.19753899999999, 42.391765], [-71.196876, 42.391286999999984], [-71.196606, 42.39074299999999], [-71.19672200000001, 42.390083], [-71.196621, 42.38967600000001], [-71.195757, 42.389111], [-71.195194, 42.388271], [-71.19510199999999, 42.387908], [-71.19530999999999, 42.387570999999994], [-71.19511700000001, 42.386991], [-71.194177, 42.386030999999996], [-71.21719, 42.366534000000016], [-71.25113200000001, 42.35653099999998], [-71.253068, 42.35570399999998], [-71.25350999999999, 42.354873000000005], [-71.254103, 42.35472], [-71.25568299999999, 42.353836], [-71.256466, 42.354031], [-71.25645999999999, 42.354816], [-71.260385, 42.35363299999999], [-71.25914500000002, 42.35172399999999], [-71.258686, 42.349484], [-71.259065, 42.348803], [-71.25988199999999, 42.348659999999995], [-71.260515, 42.348222000000014], [-71.26055699999999, 42.347938], [-71.260251, 42.347079000000015], [-71.25979099999999, 42.34650300000001], [-71.25974599999999, 42.345898], [-71.25985299999999, 42.34551900000001], [-71.261344, 42.344373000000004], [-71.261407, 42.343594], [-71.261884, 42.34186900000001], [-71.261344, 42.341239], [-71.260645, 42.34091999999999], [-71.2586, 42.341206], [-71.257082, 42.34073400000001], [-71.255873, 42.33996599999999], [-71.25573899999999, 42.339538999999995], [-71.25583, 42.338995999999995], [-71.256952, 42.337980999999985], [-71.258901, 42.33678999999999], [-71.25920099999999, 42.335685], [-71.260075, 42.334844], [-71.26122, 42.334605], [-71.263278, 42.334983], [-71.264455, 42.334604000000006], [-71.264802, 42.33417399999999], [-71.264884, 42.33330899999999], [-71.265393, 42.33300900000001], [-71.26518899999999, 42.332497], [-71.265225, 42.33193], [-71.26570099999999, 42.33131799999999], [-71.268183, 42.33057900000001], [-71.269767, 42.33118100000001], [-71.270246, 42.33098], [-71.270279, 42.330522], [-71.269763, 42.32976399999999], [-71.27028000000001, 42.328731000000005], [-71.269919, 42.32809599999999], [-71.293666, 42.322152], [-71.300102, 42.32039700000001], [-71.31158599999999, 42.31779900000001], [-71.319101, 42.31559700000002], [-71.327102, 42.31369600000001], [-71.327327, 42.313745999999995], [-71.327377, 42.314475999999964], [-71.327444, 42.321113999999994], [-71.328317, 42.328143000000004], [-71.32842099999999, 42.33015399999999], [-71.32860000000001, 42.331666000000006], [-71.328779, 42.33168300000001], [-71.33587800000001, 42.393942], [-71.332599, 42.399440999999996], [-71.366326, 42.41271499999999], [-71.36734799999999, 42.412164999999995], [-71.367475, 42.41164899999999], [-71.367243, 42.41098799999998], [-71.367724, 42.410528000000006], [-71.370755, 42.409698999999996], [-71.372281, 42.40873999999997], [-71.374014, 42.408308], [-71.374425, 42.407939], [-71.374567, 42.40723800000001], [-71.37418199999999, 42.40630499999998], [-71.37356, 42.40561599999999], [-71.37066700000001, 42.40509900000001], [-71.368505, 42.40416300000002], [-71.36822599999999, 42.403681999999996], [-71.368436, 42.403136999999994], [-71.369669, 42.40135600000001], [-71.369678, 42.400932], [-71.369267, 42.400670999999996], [-71.368478, 42.40101100000002], [-71.368101, 42.40100100000001], [-71.367347, 42.400512], [-71.367244, 42.40003699999999], [-71.36984, 42.39864199999999], [-71.369901, 42.398307], [-71.36927299999999, 42.39777999999999], [-71.367273, 42.397416], [-71.36446099999999, 42.39629399999999], [-71.36327899999999, 42.39621100000001], [-71.362421, 42.396328000000004], [-71.361729, 42.396018], [-71.361626, 42.395317], [-71.36218699999999, 42.39403599999999], [-71.36215299999999, 42.393067], [-71.361715, 42.392187999999976], [-71.36194499999999, 42.391838], [-71.362392, 42.391668999999986], [-71.36415199999999, 42.39243399999998], [-71.364795, 42.39218699999999], [-71.36508599999999, 42.39170100000002], [-71.365104, 42.39087199999999], [-71.364951, 42.39054199999999], [-71.364429, 42.39022200000001], [-71.364398, 42.38993199999999], [-71.36482000000001, 42.38964099999999], [-71.36571599999999, 42.389399999999995], [-71.367339, 42.390057], [-71.368254, 42.39007399999999], [-71.36923, 42.389703], [-71.369604, 42.389395000000015], [-71.369834, 42.388625], [-71.370297, 42.388465000000004], [-71.372231, 42.389427999999995], [-71.372484, 42.38927799999998], [-71.372573, 42.388991000000004], [-71.372366, 42.38791499999999], [-71.372688, 42.38720599999999], [-71.37338299999999, 42.38711100000001], [-71.373703, 42.387257], [-71.374213, 42.38825999999999], [-71.374505, 42.38855500000001], [-71.374989, 42.38872699999999], [-71.37547200000002, 42.38867899999998], [-71.376398, 42.387843999999994], [-71.37743499999999, 42.38770000000001], [-71.377256, 42.386705], [-71.37841600000002, 42.386052], [-71.378576, 42.38461], [-71.38136399999999, 42.38342000000001], [-71.38377299999999, 42.380749], [-71.38402099999999, 42.380187], [-71.383986, 42.379774], [-71.38305, 42.378522], [-71.382973, 42.37821199999999], [-71.383465, 42.377033], [-71.383485, 42.37661800000001], [-71.384467, 42.37658899999999], [-71.38781399999999, 42.37527800000001], [-71.387394, 42.37472699999999], [-71.386603, 42.373070000000006], [-71.38752000000001, 42.372792], [-71.388781, 42.37148100000001], [-71.387474, 42.36992400000001], [-71.3897, 42.36843600000001], [-71.39014499999999, 42.36777], [-71.390119, 42.365708999999995], [-71.390237, 42.365384], [-71.390031, 42.365230999999994], [-71.391798, 42.361837], [-71.39121399999999, 42.35795199999999], [-71.39209199999999, 42.358154], [-71.392707, 42.35768099999999], [-71.393045, 42.357872], [-71.393121, 42.357600999999995], [-71.39371799999999, 42.35757499999999], [-71.393351, 42.3572], [-71.393689, 42.35720599999999], [-71.39371700000001, 42.356994], [-71.39389, 42.356936], [-71.39462200000001, 42.357195999999995], [-71.395103, 42.357054999999995], [-71.395479, 42.3572], [-71.395623, 42.356693], [-71.396075, 42.35679199999998], [-71.396421, 42.35648300000001], [-71.396922, 42.356612], [-71.397057, 42.356933], [-71.397808, 42.356944000000006], [-71.39823299999999, 42.357548000000016], [-71.398483, 42.357271999999995], [-71.398983, 42.357158], [-71.398944, 42.356781], [-71.399242, 42.356657999999996], [-71.399762, 42.356921], [-71.399744, 42.35705199999998], [-71.399445, 42.357104], [-71.399879, 42.35765300000001], [-71.400178, 42.35756599999999], [-71.40038899999999, 42.35727699999999], [-71.40181400000002, 42.35758500000001], [-71.402103, 42.3573], [-71.402757, 42.35710599999998], [-71.403672, 42.357668], [-71.404578, 42.357937], [-71.406368, 42.35782299999998], [-71.406812, 42.35800699999999], [-71.40695699999999, 42.358336999999985], [-71.407563, 42.358298], [-71.407409, 42.357999], [-71.407697, 42.357763], [-71.408063, 42.35808399999999], [-71.408429, 42.357847], [-71.409295, 42.35801800000001], [-71.409554, 42.35758899999999], [-71.40999699999999, 42.357625], [-71.410431, 42.358326999999996], [-71.41098099999999, 42.358545], [-71.41171299999999, 42.35853900000001], [-71.412176, 42.35891599999999], [-71.413168, 42.359337], [-71.41378, 42.35995500000003], [-71.415902, 42.360754], [-71.41847899999999, 42.362237], [-71.418894, 42.362656], [-71.419068, 42.363030999999985], [-71.41886699999999, 42.363679000000005], [-71.419118, 42.36398000000002], [-71.418849, 42.364349999999995], [-71.419573, 42.36501899999999], [-71.41915999999999, 42.36554100000001], [-71.419315, 42.36599299999998], [-71.419874, 42.36612], [-71.41964399999999, 42.36669299999999], [-71.419933, 42.366837000000004], [-71.419933, 42.367143], [-71.416341, 42.373991], [-71.41520299999999, 42.37661500000001], [-71.41481999999999, 42.378319999999995], [-71.413596, 42.38030699999998], [-71.41304199999999, 42.38197699999999], [-71.41251299999999, 42.38254], [-71.415458, 42.383072], [-71.4169, 42.381506], [-71.420028, 42.379476999999994], [-71.422304, 42.378783], [-71.425722, 42.378378], [-71.428285, 42.37771699999999], [-71.428185, 42.378403000000006], [-71.427799, 42.378555999999996], [-71.42778, 42.378822], [-71.427472, 42.37905299999999], [-71.42709599999999, 42.379084000000006], [-71.42719199999999, 42.379325], [-71.42692199999999, 42.37997900000001], [-71.427105, 42.38020000000001], [-71.42762499999999, 42.380333], [-71.42869499999999, 42.380026999999984], [-71.428955, 42.380364], [-71.428656, 42.381248], [-71.42798400000001, 42.381577], [-71.42728799999999, 42.381628], [-71.426993, 42.38197699999999], [-71.427151, 42.38219599999999], [-71.427989, 42.381661999999984], [-71.428164, 42.382276000000005], [-71.428511, 42.382485], [-71.428896, 42.381963000000006], [-71.42919499999999, 42.38211499999999], [-71.429619, 42.382034000000004], [-71.429946, 42.38230600000001], [-71.429782, 42.382634], [-71.430177, 42.382765], [-71.430495, 42.383208], [-71.430996, 42.383112000000004], [-71.43122699999999, 42.38356200000001], [-71.43198799999999, 42.383531999999995], [-71.433336, 42.38436400000001], [-71.434078, 42.38439699999999], [-71.434328, 42.384599], [-71.434598, 42.38440000000001], [-71.43480000000001, 42.384985], [-71.43598999999999, 42.384537], [-71.436544, 42.3848], [-71.436852, 42.384699], [-71.43733399999999, 42.38485], [-71.43744, 42.384749], [-71.437257, 42.38443299999999], [-71.43769, 42.384307], [-71.438605, 42.384513000000005], [-71.438885, 42.384237], [-71.438971, 42.38450000000001], [-71.439463, 42.384570999999994], [-71.439713, 42.38437200000001], [-71.440445, 42.384527000000006], [-71.441052, 42.38437000000001], [-71.440927, 42.38463000000001], [-71.441678, 42.384590999999986], [-71.441746, 42.384955], [-71.442343, 42.385077], [-71.442854, 42.385556999999984], [-71.442902, 42.385808], [-71.443576, 42.38586599999999], [-71.444048, 42.38636899999998], [-71.444375, 42.38643399999999], [-71.445088, 42.386953999999996], [-71.44605100000001, 42.387276], [-71.446562, 42.38772900000001], [-71.44750599999999, 42.38789799999999], [-71.447651, 42.38815099999999], [-71.447891, 42.388164], [-71.448317, 42.38809200000001], [-71.449372, 42.387518000000014], [-71.44985, 42.38749899999999], [-71.449067, 42.386810999999994], [-71.44899, 42.38621399999999], [-71.449375, 42.38579099999999], [-71.450724, 42.38546099999999], [-71.452063, 42.385689000000006], [-71.452275, 42.38547699999999], [-71.452805, 42.385605], [-71.45397, 42.38549899999999], [-71.454606, 42.38472500000001], [-71.45512599999999, 42.38437599999998], [-71.45618499999999, 42.384140999999985], [-71.456195, 42.383888999999996], [-71.45658, 42.383413], [-71.457351, 42.38295499999999], [-71.457669, 42.38258299999999], [-71.457621, 42.38281800000001], [-71.457977, 42.38264400000002], [-71.458603, 42.38181599999999], [-71.459374, 42.38179499999999], [-71.459595, 42.381308000000004], [-71.460077, 42.38130200000001], [-71.46039400000001, 42.380989000000014], [-71.460655, 42.381123], [-71.460616, 42.380939000000005], [-71.460962, 42.38047300000001], [-71.461377, 42.380594], [-71.461531, 42.38036599999999], [-71.462532, 42.37983099999999], [-71.462792, 42.37925800000001], [-71.46311, 42.379103], [-71.462879, 42.37888700000001], [-71.463216, 42.37853799999998], [-71.463178, 42.37817799999999], [-71.462908, 42.37818399999999], [-71.462801, 42.37785799999998], [-71.462175, 42.37748400000002], [-71.46235899999999, 42.376993999999996], [-71.462657, 42.37686600000001], [-71.46231999999999, 42.376486], [-71.462379, 42.376335999999995], [-71.475498, 42.38065499999999]]]]}}, {"type": "Feature", "properties": {"district_name": "Norfolk, Bristol & Middlesex District", "chamber": "senate", "vintage": "2012-2020", "url": "/district/senate-norfolk-bristol-middlesex-district-2012-2020/", "latest_year": 2020, "years": [{"year": 2020, "lean_dem_share": 0.6716, "competitiveness": "Safe", "competitiveness_label": "Safe D", "party_favored": "Democratic", "is_uncontested": false, "turnout_ratio": 0.9609, "winner_name": "Rebecca L. Rausch", "winner_party": "Democratic", "winner_war": -0.0012, "winner_lean_component": 0.4258, "winner_tide_component": 0.0067, "winner_incumbency_adjustment": 0.0724, "winner_demographics_component": null, "winner_fundraising_component": null}, {"year": 2018, "lean_dem_share": 0.2737, "competitiveness": "Safe", "competitiveness_label": "Safe R", "party_favored": "Republican", "is_uncontested": false, "turnout_ratio": 0.9591, "winner_name": "Rebecca L. Rausch", "winner_party": "Democratic", "winner_war": -0.0095, "winner_lean_component": 0.4258, "winner_tide_component": 0.0033, "winner_incumbency_adjustment": 0.0, "winner_demographics_component": null, "winner_fundraising_component": null}, {"year": 2016, "lean_dem_share": 0.626, "competitiveness": "Safe", "competitiveness_label": "Safe D", "party_favored": "Democratic", "is_uncontested": false, "turnout_ratio": 0.9785, "winner_name": "Richard J. Ross", "winner_party": "Republican", "winner_war": 0.0665, "winner_lean_component": 0.3589, "winner_tide_component": 0.0024, "winner_incumbency_adjustment": 0.1297, "winner_demographics_component": null, "winner_fundraising_component": -0.0186}, {"year": 2014, "lean_dem_share": 0.4065, "competitiveness": "Likely", "competitiveness_label": "Likely R", "party_favored": "Republican", "is_uncontested": false, "turnout_ratio": 0.9541, "winner_name": "Richard J. Ross", "winner_party": "Republican", "winner_war": 0.057, "winner_lean_component": 0.3589, "winner_tide_component": 0.0035, "winner_incumbency_adjustment": 0.1297, "winner_demographics_component": null, "winner_fundraising_component": -0.0001}, {"year": 2012, "lean_dem_share": 0.5375, "competitiveness": "Lean", "competitiveness_label": "Lean D", "party_favored": "Democratic", "is_uncontested": true, "turnout_ratio": 0.7003, "winner_name": "Richard J. Ross", "winner_party": "Republican", "winner_war": null, "winner_lean_component": 0.3589, "winner_tide_component": 0.0026, "winner_incumbency_adjustment": 0.0, "winner_demographics_component": null, "winner_fundraising_component": -0.0003}], "lean_dem_share": 0.6716, "competitiveness": "Safe", "competitiveness_label": "Safe D", "party_favored": "Democratic", "is_uncontested": false, "turnout_ratio": 0.9609, "winner_name": "Rebecca L. Rausch", "winner_party": "Democratic", "winner_war": -0.0012, "winner_lean_component": 0.4258, "winner_tide_component": 0.0067, "winner_incumbency_adjustment": 0.0724, "winner_demographics_component": null, "winner_fundraising_component": null}, "geometry": {"type": "Polygon", "coordinates": [[[-71.45810399999999, 42.017797999999985], [-71.454754, 42.04411699999999], [-71.45468699999999, 42.052223999999995], [-71.45485699999999, 42.059008], [-71.45206, 42.059177999999996], [-71.44328399999999, 42.058176], [-71.441437, 42.058066000000004], [-71.438863, 42.05820400000001], [-71.437523, 42.05838999999998], [-71.434405, 42.05922899999998], [-71.432053, 42.060108], [-71.42842499999999, 42.062034999999995], [-71.42808, 42.06146800000002], [-71.428797, 42.061129], [-71.42894799999999, 42.06072999999999], [-71.43043899999999, 42.060401], [-71.430184, 42.05954200000002], [-71.42975799999999, 42.059059000000005], [-71.429778, 42.057969], [-71.42988799999999, 42.057819], [-71.43041199999999, 42.057832999999995], [-71.43083, 42.05755999999999], [-71.43105, 42.05618], [-71.42429, 42.05553], [-71.42091700000002, 42.05597700000001], [-71.41940600000001, 42.05640700000001], [-71.41618799999999, 42.058592], [-71.4161, 42.058949999999996], [-71.41517999999999, 42.060359999999974], [-71.41485999999999, 42.06191], [-71.414413, 42.06309099999999], [-71.41341, 42.06475999999999], [-71.41301, 42.065729999999995], [-71.41066, 42.06907], [-71.40923, 42.070663999999994], [-71.412154, 42.07267899999999], [-71.39719199999999, 42.08250300000001], [-71.39716, 42.082789999999996], [-71.39856, 42.084329999999994], [-71.39999, 42.08632999999998], [-71.40088, 42.08830999999999], [-71.40113, 42.0891], [-71.40111, 42.08954000000001], [-71.40205, 42.08948999999999], [-71.40319, 42.09064000000001], [-71.40371, 42.09139999999999], [-71.408716, 42.096357000000005], [-71.410319, 42.09722600000002], [-71.41232, 42.09781], [-71.41183, 42.09854000000001], [-71.41090799999999, 42.09889800000002], [-71.40972, 42.09905199999998], [-71.40885399999999, 42.09942300000001], [-71.40765, 42.10117999999999], [-71.40643, 42.101670000000006], [-71.40693999999999, 42.102439999999994], [-71.40836, 42.10391], [-71.41058, 42.10559000000001], [-71.4114, 42.10539000000001], [-71.41412000000001, 42.10523], [-71.41456, 42.105639999999994], [-71.41537, 42.10595], [-71.42126999999999, 42.10620000000001], [-71.42358, 42.10259], [-71.42654, 42.10355999999999], [-71.42851999999999, 42.10478], [-71.42904899999999, 42.10835], [-71.428936, 42.11049100000002], [-71.42988, 42.11390999999999], [-71.43002, 42.11647999999999], [-71.4299, 42.11766], [-71.42914, 42.11931999999999], [-71.42824999999999, 42.11987], [-71.42304, 42.120990000000006], [-71.41721, 42.12356999999999], [-71.41273, 42.123949999999994], [-71.41147, 42.12451000000001], [-71.411333, 42.12378899999999], [-71.41157, 42.12285999999999], [-71.410288, 42.12284999999999], [-71.40991799999999, 42.122649], [-71.40953, 42.120920000000005], [-71.40838, 42.11949], [-71.40760999999999, 42.11905999999999], [-71.40732, 42.118710000000014], [-71.40737, 42.11802], [-71.40714, 42.1167], [-71.40652, 42.11588999999999], [-71.40598, 42.114440000000016], [-71.40414, 42.11458], [-71.40232, 42.11404], [-71.40186, 42.11484000000001], [-71.40128, 42.11504], [-71.39936999999999, 42.11422000000001], [-71.39854, 42.114149999999995], [-71.39799, 42.114360000000005], [-71.39771, 42.11517999999999], [-71.397132, 42.114734999999996], [-71.396689, 42.114943999999994], [-71.396202, 42.11394], [-71.395849, 42.113907], [-71.395723, 42.11242499999999], [-71.39471999999999, 42.10719000000001], [-71.37978, 42.10883000000001], [-71.3823, 42.11203], [-71.38216, 42.112107], [-71.37687, 42.11074000000001], [-71.37648, 42.11193000000001], [-71.37366, 42.11153], [-71.37335, 42.11494], [-71.37396799999999, 42.117098], [-71.379982, 42.126549999999995], [-71.380074, 42.127384], [-71.38051399999999, 42.128051], [-71.380798, 42.12907100000001], [-71.38132399999999, 42.129586999999994], [-71.382072, 42.129715999999995], [-71.38218700000002, 42.129858000000006], [-71.381841, 42.13028800000001], [-71.381743, 42.13086600000001], [-71.38074499999999, 42.13101299999998], [-71.380398, 42.131375999999996], [-71.380417, 42.131578], [-71.381029, 42.13226399999999], [-71.38109299999999, 42.1326], [-71.38075800000001, 42.132756], [-71.380231, 42.132636000000005], [-71.380248, 42.132966], [-71.37953399999999, 42.13313799999998], [-71.379218, 42.13344099999998], [-71.379994, 42.13459100000001], [-71.379978, 42.135160000000006], [-71.37967900000001, 42.135682], [-71.378989, 42.13579099999999], [-71.37822, 42.135429], [-71.376834, 42.13561], [-71.375618, 42.13545399999999], [-71.385358, 42.151512], [-71.402185, 42.178640000000016], [-71.404381, 42.188215], [-71.38482599999999, 42.19189099999999], [-71.38018199999999, 42.201758999999996], [-71.388206, 42.204302999999996], [-71.38848899999999, 42.20800499999999], [-71.391706, 42.20974200000001], [-71.393923, 42.20708899999999], [-71.39731499999999, 42.207926999999984], [-71.39711299999999, 42.20822400000002], [-71.397131, 42.208562], [-71.397323, 42.20874200000001], [-71.397302, 42.20949900000001], [-71.39753, 42.21008899999999], [-71.398095, 42.21077499999999], [-71.398805, 42.211227999999984], [-71.40010099999999, 42.211723], [-71.40115399999999, 42.21295800000001], [-71.402278, 42.21313199999998], [-71.402469, 42.213452], [-71.403701, 42.21438099999999], [-71.40376599999999, 42.214842999999995], [-71.40195299999999, 42.21541999999999], [-71.407331, 42.218164], [-71.407961, 42.217656], [-71.408256, 42.218444999999996], [-71.410186, 42.218753], [-71.410083, 42.219151000000004], [-71.41028399999999, 42.21959199999999], [-71.409263, 42.220541000000004], [-71.409502, 42.220949999999995], [-71.409134, 42.222097], [-71.40920899999999, 42.222906], [-71.409908, 42.22388200000001], [-71.409311, 42.22431799999999], [-71.409301, 42.22455700000001], [-71.409615, 42.225586], [-71.410056, 42.22599099999999], [-71.410324, 42.22650799999998], [-71.411265, 42.226856999999995], [-71.41234899999999, 42.227609], [-71.412598, 42.22796400000003], [-71.412807, 42.228909], [-71.413228, 42.22958899999998], [-71.413032, 42.23133200000001], [-71.413203, 42.23200800000002], [-71.413595, 42.232662000000005], [-71.41340000000001, 42.233697], [-71.413715, 42.23454999999999], [-71.414492, 42.235326], [-71.415452, 42.23564800000001], [-71.415989, 42.236357], [-71.417197, 42.237480000000005], [-71.417407, 42.23787600000001], [-71.418733, 42.23811], [-71.41969499999999, 42.237989999999996], [-71.41984699999999, 42.238006000000006], [-71.419826, 42.238145], [-71.420075, 42.23812300000001], [-71.41931699999999, 42.241543], [-71.418429, 42.246900999999994], [-71.419298, 42.25728099999999], [-71.397769, 42.261527999999984], [-71.390365, 42.27191600000001], [-71.37683299999999, 42.269489], [-71.35690699999999, 42.263495], [-71.356656, 42.263314], [-71.35646, 42.262632999999994], [-71.356939, 42.261780999999985], [-71.356526, 42.26128999999999], [-71.356534, 42.260176999999985], [-71.356304, 42.25959300000001], [-71.354796, 42.259716000000004], [-71.350464, 42.259133], [-71.350624, 42.261156], [-71.350428, 42.26295199999999], [-71.35073299999999, 42.264443], [-71.35146399999999, 42.266073999999996], [-71.351643, 42.26855099999999], [-71.352546, 42.269633999999996], [-71.35493799999999, 42.271545], [-71.35145399999999, 42.275978999999985], [-71.34729, 42.280741000000006], [-71.347276, 42.28378299999999], [-71.347634, 42.285247999999996], [-71.347605, 42.285889], [-71.348319, 42.290945999999984], [-71.348164, 42.293915000000005], [-71.34976499999999, 42.295078], [-71.35003999999999, 42.296243], [-71.350725, 42.296699000000004], [-71.35916, 42.297432], [-71.35949, 42.299015999999995], [-71.359887, 42.29993300000002], [-71.34907799999999, 42.30110599999999], [-71.349088, 42.30304299999998], [-71.34943500000001, 42.303535000000004], [-71.34937599999999, 42.305552000000006], [-71.351012, 42.30510400000001], [-71.352522, 42.304956999999995], [-71.352749, 42.30659099999998], [-71.351248, 42.30687700000003], [-71.348553, 42.30788200000001], [-71.349018, 42.309355000000004], [-71.348038, 42.30953399999998], [-71.347372, 42.310123], [-71.347726, 42.311691], [-71.347032, 42.313158000000016], [-71.346093, 42.314012999999996], [-71.346057, 42.314755], [-71.34553, 42.31485299999999], [-71.345888, 42.31492900000001], [-71.345998, 42.314803999999995], [-71.355199, 42.31717], [-71.35991, 42.317149], [-71.363171, 42.31581099999998], [-71.364093, 42.31590600000001], [-71.36518, 42.31523900000001], [-71.36675699999999, 42.31395], [-71.368753, 42.312837], [-71.369117, 42.311977000000006], [-71.369723, 42.31121900000001], [-71.370425, 42.310848], [-71.37074900000002, 42.310199], [-71.37177, 42.309880000000014], [-71.373395, 42.30985500000002], [-71.373981, 42.310405999999986], [-71.374426, 42.31118300000001], [-71.374935, 42.31155699999999], [-71.37768700000001, 42.314668999999995], [-71.381757, 42.32846899999999], [-71.388832, 42.336269], [-71.388345, 42.336948], [-71.38853999999999, 42.33743299999999], [-71.38902399999999, 42.337568999999995], [-71.389938, 42.337465999999985], [-71.391212, 42.336960999999995], [-71.392681, 42.33568899999999], [-71.39429299999999, 42.335556], [-71.39485599999999, 42.336065999999995], [-71.394971, 42.336526000000006], [-71.394825, 42.338454000000006], [-71.394932, 42.33888799999998], [-71.39684799999999, 42.341062], [-71.398085, 42.34309799999999], [-71.39348, 42.344094000000005], [-71.392754, 42.3444], [-71.391859, 42.34508400000001], [-71.391369, 42.34520899999999], [-71.389071, 42.345033], [-71.387681, 42.344693], [-71.387703, 42.347261], [-71.387939, 42.348636], [-71.388961, 42.35002199999999], [-71.39011099999999, 42.35481199999998], [-71.39080899999999, 42.35523699999999], [-71.391798, 42.361837], [-71.390031, 42.365230999999994], [-71.390237, 42.365384], [-71.390119, 42.365708999999995], [-71.39011599999999, 42.367858999999996], [-71.3897, 42.36843600000001], [-71.387474, 42.36992400000001], [-71.388781, 42.37148100000001], [-71.38752000000001, 42.372792], [-71.386603, 42.373070000000006], [-71.387394, 42.37472699999999], [-71.38781399999999, 42.37527800000001], [-71.384467, 42.37658899999999], [-71.383485, 42.37661800000001], [-71.383465, 42.377033], [-71.382973, 42.37821199999999], [-71.38305, 42.378522], [-71.383889, 42.379506], [-71.38403699999999, 42.379979999999996], [-71.383613, 42.38098199999998], [-71.38136399999999, 42.38342000000001], [-71.378576, 42.38461], [-71.37841600000002, 42.386052], [-71.377256, 42.386705], [-71.377471, 42.38745699999999], [-71.377344, 42.387774], [-71.376398, 42.387843999999994], [-71.37547200000002, 42.38867899999998], [-71.374989, 42.38872699999999], [-71.374505, 42.38855500000001], [-71.374213, 42.38825999999999], [-71.373703, 42.387257], [-71.37338299999999, 42.38711100000001], [-71.372688, 42.38720599999999], [-71.372366, 42.38791499999999], [-71.372573, 42.388991000000004], [-71.372484, 42.38927799999998], [-71.372231, 42.389427999999995], [-71.370297, 42.388465000000004], [-71.369834, 42.388625], [-71.369604, 42.389395000000015], [-71.36923, 42.389703], [-71.368254, 42.39007399999999], [-71.367339, 42.390057], [-71.36571599999999, 42.389399999999995], [-71.36482000000001, 42.38964099999999], [-71.364398, 42.38993199999999], [-71.364429, 42.39022200000001], [-71.364951, 42.39054199999999], [-71.365104, 42.39087199999999], [-71.36508599999999, 42.39170100000002], [-71.364795, 42.39218699999999], [-71.36415199999999, 42.39243399999998], [-71.362392, 42.391668999999986], [-71.36194499999999, 42.391838], [-71.361715, 42.392187999999976], [-71.36215299999999, 42.393067], [-71.36218699999999, 42.39403599999999], [-71.361626, 42.395317], [-71.361729, 42.396018], [-71.362421, 42.396328000000004], [-71.36327899999999, 42.39621100000001], [-71.36446099999999, 42.39629399999999], [-71.367273, 42.397416], [-71.36927299999999, 42.39777999999999], [-71.369901, 42.398307], [-71.36984, 42.39864199999999], [-71.367244, 42.40003699999999], [-71.367347, 42.400512], [-71.368101, 42.40100100000001], [-71.368478, 42.40101100000002], [-71.369267, 42.400670999999996], [-71.369678, 42.400932], [-71.369669, 42.40135600000001], [-71.368436, 42.403136999999994], [-71.36822599999999, 42.403681999999996], [-71.368505, 42.40416300000002], [-71.37066700000001, 42.40509900000001], [-71.37356, 42.40561599999999], [-71.37418199999999, 42.40630499999998], [-71.374567, 42.40723800000001], [-71.374425, 42.407939], [-71.374014, 42.408308], [-71.372281, 42.40873999999997], [-71.370755, 42.409698999999996], [-71.367724, 42.410528000000006], [-71.367243, 42.41098799999998], [-71.367475, 42.41164899999999], [-71.36734799999999, 42.412164999999995], [-71.366326, 42.41271499999999], [-71.332599, 42.399440999999996], [-71.33587800000001, 42.393942], [-71.332358, 42.362410999999994], [-71.327444, 42.321113999999994], [-71.327327, 42.313745999999995], [-71.32974999999999, 42.312991000000004], [-71.326396, 42.304401999999996], [-71.312761, 42.305411], [-71.31497999999999, 42.30753999999999], [-71.31439, 42.307739999999995], [-71.31381999999999, 42.30819], [-71.30985, 42.309219999999996], [-71.30957, 42.30958999999999], [-71.30819, 42.31015], [-71.30610999999999, 42.31131000000001], [-71.30399000000001, 42.312760000000004], [-71.30328, 42.31203], [-71.30315, 42.3117], [-71.30387, 42.309979999999996], [-71.30384, 42.30952000000001], [-71.30322, 42.30905], [-71.30167, 42.30856999999999], [-71.301, 42.30806], [-71.30071, 42.30760000000001], [-71.30073999999999, 42.30734999999999], [-71.30127999999999, 42.306709999999995], [-71.3011, 42.305949999999996], [-71.300787, 42.30596], [-71.30099, 42.305830000000014], [-71.29768, 42.305870000000006], [-71.29903, 42.30457999999999], [-71.29405, 42.300650000000005], [-71.29404, 42.30049], [-71.29459, 42.30015], [-71.293629, 42.299259], [-71.294724, 42.298652999999995], [-71.29545499999999, 42.298031], [-71.29539, 42.29741999999999], [-71.29431, 42.29643], [-71.29294, 42.29659], [-71.290941, 42.293483], [-71.290587, 42.293917000000015], [-71.28950999999999, 42.294654000000016], [-71.28877899999999, 42.295475], [-71.28797, 42.295978000000005], [-71.287183, 42.29497299999999], [-71.28647, 42.29449], [-71.28547, 42.29432], [-71.28411, 42.293800000000005], [-71.28107, 42.2922], [-71.27940000000001, 42.29202], [-71.27844999999999, 42.2924], [-71.27526, 42.29473000000001], [-71.276059, 42.296707999999995], [-71.276776, 42.297326999999996], [-71.279256, 42.29883999999999], [-71.27778599999999, 42.299042000000014], [-71.27663, 42.30001], [-71.27579, 42.30022], [-71.26437, 42.300180000000005], [-71.259199, 42.297976], [-71.233006, 42.31626599999999], [-71.229733, 42.31648600000001], [-71.228887, 42.31634400000002], [-71.227689, 42.31547299999999], [-71.227325, 42.31490800000001], [-71.22632, 42.31411999999999], [-71.22654299999999, 42.313181], [-71.227119, 42.312659999999994], [-71.22698299999999, 42.31141600000001], [-71.226418, 42.310433999999994], [-71.226519, 42.30998399999999], [-71.22721899999999, 42.30913799999999], [-71.227164, 42.30878799999999], [-71.226894, 42.308451999999996], [-71.22534499999999, 42.307979], [-71.22369499999999, 42.307233], [-71.222495, 42.307134999999995], [-71.22102500000001, 42.306473999999994], [-71.218426, 42.306852999999975], [-71.216354, 42.30648599999999], [-71.214167, 42.30641099999999], [-71.213183, 42.30622399999999], [-71.212057, 42.304814], [-71.21108199999999, 42.302721], [-71.211759, 42.30078400000001], [-71.211529, 42.299808999999996], [-71.210937, 42.299246999999994], [-71.20776300000001, 42.297180999999995], [-71.217807, 42.29510300000001], [-71.217531, 42.294827], [-71.21799, 42.294259999999994], [-71.218516, 42.29312700000002], [-71.21777000000002, 42.29204], [-71.21668, 42.29115999999999], [-71.21346, 42.289669999999994], [-71.21124, 42.28741000000001], [-71.20985, 42.28547000000002], [-71.20934299999999, 42.28500800000001], [-71.20998999999999, 42.2845], [-71.21227, 42.28550999999999], [-71.21298999999999, 42.284319999999965], [-71.21307999999999, 42.28279], [-71.213769, 42.282050999999996], [-71.21498, 42.281349999999996], [-71.21597, 42.28006000000001], [-71.21637299999999, 42.279850999999994], [-71.21817, 42.28044000000001], [-71.21969, 42.28047000000001], [-71.21967, 42.282169999999994], [-71.22019, 42.28207], [-71.22214, 42.28621999999998], [-71.22279, 42.28550999999999], [-71.22433, 42.28693], [-71.22643, 42.28574999999998], [-71.22800000000001, 42.28593], [-71.22798, 42.28533999999999], [-71.229894, 42.28542600000001], [-71.22985, 42.284600000000005], [-71.23487, 42.28458299999999], [-71.23495, 42.285030000000006], [-71.23570000000001, 42.28521], [-71.23491, 42.28736], [-71.23546999999999, 42.28726000000002], [-71.236205, 42.287468], [-71.236066, 42.293181], [-71.24125400000001, 42.293423000000004], [-71.24108, 42.292356000000005], [-71.24213, 42.291970000000006], [-71.244934, 42.29173399999999], [-71.24428999999999, 42.29041000000001], [-71.24387, 42.28991], [-71.24378, 42.28917000000001], [-71.24392999999999, 42.288759999999996], [-71.24468, 42.28822], [-71.24504, 42.28656000000001], [-71.24703, 42.28745000000001], [-71.24762, 42.28620999999999], [-71.24945, 42.28681999999999], [-71.2501, 42.28679999999999], [-71.25081999999999, 42.28624999999998], [-71.25177, 42.28647999999997], [-71.2522, 42.286760000000015], [-71.25267, 42.28586999999999], [-71.25283, 42.28362000000003], [-71.24937, 42.281409999999994], [-71.24754, 42.28077], [-71.24804999999999, 42.27989], [-71.24789, 42.27922], [-71.24757, 42.27891], [-71.24591, 42.27835999999999], [-71.24641, 42.27715999999999], [-71.24698, 42.27663], [-71.24947999999999, 42.27571], [-71.2532, 42.27583999999998], [-71.25558, 42.27621], [-71.256602, 42.27580899999998], [-71.258365, 42.275793], [-71.260283, 42.27538999999999], [-71.261213, 42.275003000000005], [-71.26542800000001, 42.27244100000001], [-71.266148, 42.271408000000015], [-71.26862, 42.26525000000001], [-71.27022, 42.26324], [-71.27023, 42.260600000000004], [-71.270738, 42.259429999999995], [-71.27147099999999, 42.25901600000002], [-71.270663, 42.26086799999998], [-71.270848, 42.261563], [-71.271355, 42.262138], [-71.272271, 42.26218000000001], [-71.274231, 42.261756000000005], [-71.275581, 42.26096199999999], [-71.27599099999999, 42.26097300000001], [-71.27656999999999, 42.261396000000005], [-71.27687, 42.261437], [-71.27766, 42.260367], [-71.278243, 42.26011200000001], [-71.27933999999999, 42.26007399999999], [-71.279951, 42.260242], [-71.28077499999999, 42.26087799999999], [-71.282289, 42.261552], [-71.283957, 42.26261599999999], [-71.284688, 42.263588000000006], [-71.284842, 42.26404499999998], [-71.284773, 42.264790999999995], [-71.285814, 42.265674999999995], [-71.286703, 42.26613600000001], [-71.287275, 42.266102], [-71.287403, 42.265355], [-71.287753, 42.265204], [-71.28862699999999, 42.26568199999999], [-71.290099, 42.266070000000006], [-71.29096899999999, 42.26701400000001], [-71.291536, 42.26728099999999], [-71.29194, 42.267282], [-71.293675, 42.26646099999999], [-71.294545, 42.265305], [-71.29514600000002, 42.26501400000001], [-71.295384, 42.265173], [-71.29510499999999, 42.265893000000005], [-71.295242, 42.26655600000001], [-71.295613, 42.26687300000001], [-71.296443, 42.26701299999999], [-71.298903, 42.266828999999994], [-71.301053, 42.267112999999995], [-71.30119499999999, 42.26737099999999], [-71.30037899999999, 42.26772200000001], [-71.300033, 42.26823099999999], [-71.299756, 42.269878000000006], [-71.299888, 42.270361], [-71.299565, 42.27071700000002], [-71.298391, 42.271342], [-71.297979, 42.27210099999999], [-71.29753500000001, 42.272470000000006], [-71.296456, 42.272639999999996], [-71.295137, 42.27240099999998], [-71.29485199999999, 42.272519999999986], [-71.294781, 42.272762000000014], [-71.295142, 42.27360499999999], [-71.295887, 42.274209], [-71.296896, 42.274494], [-71.298011, 42.27429199999998], [-71.298604, 42.274349], [-71.299191, 42.274584], [-71.299622, 42.27505199999999], [-71.299786, 42.27549800000002], [-71.299775, 42.276139], [-71.29786299999999, 42.279092], [-71.297525, 42.280055000000004], [-71.29751399999999, 42.280909], [-71.297641, 42.28128600000001], [-71.298824, 42.282314000000014], [-71.29985599999999, 42.28284199999998], [-71.30046, 42.282916000000014], [-71.30134, 42.28194], [-71.301987, 42.280725999999994], [-71.302477, 42.28015999999999], [-71.303974, 42.27885799999999], [-71.30516, 42.27805000000001], [-71.30760000000001, 42.27700700000001], [-71.308875, 42.27667399999999], [-71.309302, 42.276378999999984], [-71.309493, 42.275847], [-71.308979, 42.274567999999995], [-71.309013, 42.27334200000002], [-71.308476, 42.272293999999995], [-71.30802899999999, 42.27181099999999], [-71.308115, 42.271223], [-71.30846, 42.270709], [-71.302922, 42.24827400000001], [-71.33249599999999, 42.249075000000005], [-71.33267599999999, 42.248449999999984], [-71.33243399999999, 42.247729000000014], [-71.332025, 42.247620000000005], [-71.33153899999999, 42.247115], [-71.330176, 42.24637300000001], [-71.32921999999999, 42.24530800000001], [-71.329776, 42.242823], [-71.33058, 42.24182299999998], [-71.331124, 42.23880199999999], [-71.330992, 42.23667000000002], [-71.329897, 42.234885], [-71.329561, 42.233670000000004], [-71.329802, 42.233168], [-71.330991, 42.231966], [-71.33390399999999, 42.230180000000004], [-71.334538, 42.229381999999994], [-71.33655399999999, 42.227643], [-71.338225, 42.226727999999994], [-71.340679, 42.224788999999994], [-71.341559, 42.22268899999998], [-71.341635, 42.22180100000001], [-71.342693, 42.22148599999999], [-71.34302, 42.22123199999999], [-71.34298000000001, 42.220039], [-71.342126, 42.219519], [-71.341071, 42.218126000000005], [-71.33963299999999, 42.217562], [-71.338683, 42.216778], [-71.338369, 42.21580999999998], [-71.33845699999999, 42.21518299999999], [-71.33945, 42.214099000000004], [-71.340171, 42.21384899999999], [-71.34111899999999, 42.214246], [-71.346076, 42.21552400000003], [-71.34698, 42.21555499999999], [-71.349023, 42.21454299999999], [-71.350387, 42.213522], [-71.351591, 42.211044], [-71.351657, 42.209832999999996], [-71.351434, 42.208997999999994], [-71.35203299999999, 42.207770000000004], [-71.35199000000001, 42.20724499999999], [-71.351029, 42.206139999999984], [-71.34958999999999, 42.205185], [-71.34803099999999, 42.204682999999996], [-71.346792, 42.20484699999999], [-71.346549, 42.20473899999998], [-71.34653000000002, 42.20417500000001], [-71.346847, 42.20371399999999], [-71.346239, 42.202647000000006], [-71.345563, 42.20204700000001], [-71.34429899999999, 42.20138600000001], [-71.344106, 42.20112], [-71.344235, 42.20042200000001], [-71.345004, 42.199356000000016], [-71.344746, 42.198794], [-71.344259, 42.19852799999999], [-71.34397799999999, 42.198561], [-71.34376999999999, 42.19878900000002], [-71.343522, 42.19979299999999], [-71.343226, 42.19989599999999], [-71.34277399999999, 42.19976999999999], [-71.342339, 42.199371], [-71.342754, 42.198878], [-71.34272899999999, 42.19813399999999], [-71.341813, 42.198254], [-71.340649, 42.197835999999974], [-71.340271, 42.197964999999996], [-71.340025, 42.197782], [-71.339945, 42.197157], [-71.339271, 42.19703300000001], [-71.33929599999999, 42.19648999999998], [-71.33828299999999, 42.196034], [-71.33824299999999, 42.195704000000006], [-71.33850199999999, 42.19540299999999], [-71.338898, 42.195268999999996], [-71.340003, 42.19530100000001], [-71.340345, 42.194939], [-71.340324, 42.194691999999996], [-71.340082, 42.194474], [-71.339511, 42.19457200000001], [-71.338974, 42.19437800000001], [-71.33907099999999, 42.1941], [-71.340037, 42.19389400000002], [-71.34, 42.193740999999996], [-71.339488, 42.193599000000006], [-71.339309, 42.193393], [-71.33949, 42.19288499999998], [-71.339167, 42.19170200000001], [-71.33925200000002, 42.190687], [-71.33909299999999, 42.190609000000016], [-71.33881, 42.19105100000001], [-71.338377, 42.191207999999996], [-71.336466, 42.191376], [-71.33582299999999, 42.19123999999999], [-71.335594, 42.191010999999996], [-71.335582, 42.189658], [-71.335145, 42.188483999999974], [-71.33440000000002, 42.188504000000016], [-71.333033, 42.188884], [-71.332019, 42.188742999999974], [-71.330634, 42.187804], [-71.330485, 42.186947], [-71.32879, 42.186679], [-71.32845, 42.186443000000004], [-71.32847, 42.18616799999999], [-71.329565, 42.185419], [-71.329551, 42.18508600000002], [-71.328823, 42.18495299999999], [-71.32781400000002, 42.185035], [-71.327671, 42.18483800000001], [-71.32786399999999, 42.18437499999999], [-71.327788, 42.184203000000004], [-71.327366, 42.18410999999999], [-71.326319, 42.18423699999999], [-71.32601199999999, 42.184092999999976], [-71.325958, 42.183927], [-71.32630999999999, 42.18363399999999], [-71.326554, 42.182731], [-71.32593, 42.182328999999996], [-71.325535, 42.181647000000005], [-71.324288, 42.181403], [-71.323247, 42.181487999999995], [-71.32276399999999, 42.18132000000001], [-71.321482, 42.18022999999999], [-71.320172, 42.179947000000006], [-71.320135, 42.179713], [-71.32041699999999, 42.179483000000005], [-71.320804, 42.178732999999994], [-71.320773, 42.17842600000001], [-71.320425, 42.178335999999994], [-71.3201, 42.178487], [-71.319919, 42.178808999999994], [-71.319456, 42.178885999999984], [-71.318497, 42.17848000000001], [-71.318175, 42.17813], [-71.318184, 42.17777499999999], [-71.31928599999999, 42.175939000000014], [-71.31877399999999, 42.174547999999994], [-71.318905, 42.173885999999996], [-71.319389, 42.173860000000005], [-71.319828, 42.17426500000002], [-71.320262, 42.17336499999998], [-71.322355, 42.17374299999999], [-71.32297, 42.17360199999999], [-71.32324899999999, 42.173473], [-71.32335499999999, 42.173231], [-71.322655, 42.172748999999996], [-71.322587, 42.17254700000001], [-71.322873, 42.17252600000001], [-71.323871, 42.172959], [-71.323751, 42.172069999999984], [-71.324069, 42.17179], [-71.32445299999999, 42.171926], [-71.324398, 42.172298], [-71.324528, 42.17243999999999], [-71.32486899999999, 42.172375], [-71.325076, 42.17208400000001], [-71.325471, 42.17212800000001], [-71.32589899999999, 42.173028], [-71.32607, 42.172992], [-71.326313, 42.172507], [-71.326683, 42.172382999999996], [-71.327928, 42.172711000000014], [-71.328701, 42.17211200000001], [-71.32888299999999, 42.17177999999999], [-71.330354, 42.170860999999995], [-71.331087, 42.170994], [-71.332038, 42.170723999999986], [-71.33223, 42.17060200000001], [-71.33235599999999, 42.170131999999995], [-71.333151, 42.169785999999995], [-71.333002, 42.169435], [-71.332082, 42.169225], [-71.332864, 42.16854099999998], [-71.332854, 42.16834399999998], [-71.33253599999999, 42.168313], [-71.33163400000001, 42.16863199999999], [-71.33128400000001, 42.16851700000002], [-71.331154, 42.168257], [-71.33178199999999, 42.167646999999995], [-71.332692, 42.167224999999995], [-71.33337399999999, 42.167164000000014], [-71.333849, 42.16664999999999], [-71.333471, 42.16604499999999], [-71.332616, 42.166205000000005], [-71.33243999999999, 42.166101], [-71.332426, 42.16592399999998], [-71.33297100000001, 42.16538999999997], [-71.332593, 42.164632000000005], [-71.332684, 42.16376400000001], [-71.332285, 42.163717], [-71.331178, 42.164337999999994], [-71.33086999999999, 42.164039], [-71.331391, 42.162839000000005], [-71.332381, 42.16204299999999], [-71.332167, 42.161865], [-71.33084699999999, 42.16170100000001], [-71.331028, 42.16142700000001], [-71.331777, 42.16130699999999], [-71.331947, 42.161080000000005], [-71.33173699999999, 42.160855000000005], [-71.330816, 42.16067199999999], [-71.330675, 42.16020899999998], [-71.331031, 42.15980699999999], [-71.331577, 42.159736], [-71.332143, 42.160350999999984], [-71.332411, 42.16040900000001], [-71.333073, 42.159378999999994], [-71.33301600000001, 42.158957999999984], [-71.332561, 42.158373999999995], [-71.33151, 42.15804199999998], [-71.33140999999999, 42.15778399999999], [-71.33147799999999, 42.15758699999999], [-71.331785, 42.157500999999996], [-71.332773, 42.15768800000001], [-71.333974, 42.15666900000002], [-71.334148, 42.15630600000001], [-71.333883, 42.155477], [-71.33381899999999, 42.154591], [-71.334093, 42.15394799999999], [-71.33478, 42.153372], [-71.33639200000002, 42.15308199999999], [-71.336244, 42.15265999999999], [-71.336383, 42.152509999999985], [-71.339216, 42.150856000000005], [-71.339304, 42.15002099999999], [-71.339638, 42.14941599999998], [-71.30375099999999, 42.14949999999999], [-71.303566, 42.148693], [-71.30322699999999, 42.148669000000005], [-71.303225, 42.14843800000001], [-71.302846, 42.14846300000001], [-71.302652, 42.148635000000006], [-71.30260299999999, 42.14897799999999], [-71.30234000000002, 42.149026], [-71.302202, 42.14865099999999], [-71.30196699999999, 42.148572], [-71.301965, 42.148165999999996], [-71.301282, 42.148253000000004], [-71.300817, 42.14809099999997], [-71.300853, 42.147532], [-71.30042999999999, 42.147444000000014], [-71.300118, 42.147175999999995], [-71.30044099999999, 42.14692900000001], [-71.300302, 42.14658199999999], [-71.30067799999999, 42.14625100000001], [-71.300275, 42.146039], [-71.300118, 42.14573100000001], [-71.300696, 42.14506799999997], [-71.30035099999999, 42.14472099999999], [-71.300386, 42.14433799999999], [-71.29987799999999, 42.144072999999985], [-71.29984999999999, 42.143761999999974], [-71.300443, 42.143138], [-71.300506, 42.142874], [-71.30022799999999, 42.142695], [-71.300263, 42.14234799999999], [-71.300005, 42.14198699999999], [-71.29940599999999, 42.141771000000006], [-71.299416, 42.14141399999998], [-71.299724, 42.141226], [-71.299768, 42.140936], [-71.298947, 42.140420000000006], [-71.299194, 42.13952699999999], [-71.299031, 42.138948], [-71.299194, 42.138794999999995], [-71.29959699999999, 42.13881700000001], [-71.299747, 42.138495999999996], [-71.30032299999999, 42.138658], [-71.300585, 42.138315], [-71.30060600000002, 42.137923000000015], [-71.301249, 42.137716000000005], [-71.301271, 42.13723900000001], [-71.301885, 42.13713199999999], [-71.302155, 42.136838], [-71.30165699999999, 42.136631999999985], [-71.29991199999999, 42.12940899999999], [-71.29894, 42.1265], [-71.300223, 42.12591], [-71.29715399999999, 42.12050899999999], [-71.295901, 42.116614], [-71.28026799999999, 42.08849199999998], [-71.28464799999999, 42.083269], [-71.285387, 42.08201199999999], [-71.287707, 42.076933000000004], [-71.287099, 42.06370699999999], [-71.289424, 42.059136], [-71.288263, 42.014379], [-71.268739, 41.98730000000001], [-71.291074, 41.97186099999999], [-71.291466, 41.96949400000001], [-71.291372, 41.96825600000001], [-71.290533, 41.96599099999999], [-71.28964700000002, 41.964829999999985], [-71.288054, 41.96206399999999], [-71.287623, 41.958183], [-71.28824, 41.95568300000002], [-71.28985899999999, 41.951807], [-71.290069, 41.949954999999996], [-71.28959499999999, 41.950150000000015], [-71.288569, 41.94980199999999], [-71.287826, 41.95002300000001], [-71.287188, 41.949392], [-71.286701, 41.94960400000001], [-71.285997, 41.949432999999985], [-71.285736, 41.949556], [-71.28556499999999, 41.94997800000001], [-71.28505899999999, 41.950159000000006], [-71.28479700000001, 41.950606], [-71.284387, 41.95063999999999], [-71.28335799999999, 41.944669], [-71.284117, 41.944505], [-71.294639, 41.936983], [-71.298515, 41.935118], [-71.30040799999999, 41.933692], [-71.300764, 41.93363199999999], [-71.300353, 41.93357100000001], [-71.301625, 41.930873], [-71.302314, 41.929926999999985], [-71.30346999999999, 41.92883899999999], [-71.31304999999999, 41.922681000000004], [-71.3168, 41.919139000000015], [-71.319673, 41.917550000000006], [-71.322161, 41.915636000000006], [-71.321727, 41.914219], [-71.32119, 41.91345], [-71.320895, 41.91262999999999], [-71.321156, 41.908542], [-71.319971, 41.906466], [-71.32033799999999, 41.90538600000001], [-71.320881, 41.904695999999994], [-71.32122, 41.90455100000001], [-71.32371499999999, 41.904725], [-71.330366, 41.903404], [-71.333041, 41.90330600000001], [-71.333426, 41.903377], [-71.336164, 41.90500500000001], [-71.338166, 41.90376899999998], [-71.343431, 41.901098999999974], [-71.34332599999999, 41.900814999999994], [-71.342792, 41.90052000000001], [-71.341619, 41.90118700000001], [-71.341017, 41.900825999999995], [-71.34049499999999, 41.900801], [-71.340014, 41.89998399999999], [-71.340081, 41.899685999999996], [-71.339589, 41.89929800000001], [-71.339895, 41.89917399999999], [-71.339776, 41.89847600000001], [-71.339671, 41.898480000000006], [-71.339779, 41.898192999999985], [-71.34379799999999, 41.897899], [-71.34759799999999, 41.89739899999999], [-71.34866699999999, 41.897124999999996], [-71.352062, 41.896997000000006], [-71.359491, 41.895900999999974], [-71.364538, 41.895451000000016], [-71.36508599999999, 41.89558399999999], [-71.370999, 41.89459900000001], [-71.373772, 41.894463000000016], [-71.376583, 41.89391200000003], [-71.38170000000001, 41.893198999999996], [-71.3814, 41.895698999999986], [-71.3815, 41.89649900000001], [-71.3814, 41.898599000000004], [-71.3816, 41.89959899999998], [-71.38170000000001, 41.903299], [-71.38170000000001, 41.910098999999995], [-71.3815, 41.91049900000001], [-71.3816, 41.912499], [-71.3814, 41.913499000000016], [-71.3816, 41.916298999999995], [-71.38149899999999, 41.921473], [-71.38170000000001, 41.92269899999999], [-71.381401, 41.96298300000001], [-71.381534, 41.96452000000001], [-71.38134699999999, 41.964603], [-71.381344, 41.965111], [-71.381508, 41.96687799999999], [-71.381399, 41.972224], [-71.38150499999999, 41.97679299999998], [-71.381301, 41.97749800000001], [-71.38120099999999, 41.981198], [-71.38150499999999, 42.00001099999999], [-71.381401, 42.018798000000004], [-71.392722, 42.0188], [-71.415902, 42.018498], [-71.44680000000001, 42.017899], [-71.45810399999999, 42.017797999999985]], [[-71.389982, 42.36743500000001], [-71.389957, 42.36568499999999], [-71.38992999999999, 42.365342000000005], [-71.388798, 42.36632599999999], [-71.389178, 42.366884000000006], [-71.389982, 42.36743500000001]], [[-71.390031, 42.365230999999994], [-71.38904, 42.364650999999995], [-71.386659, 42.36140100000001], [-71.38604699999999, 42.36127799999999], [-71.383397, 42.36278300000001], [-71.384188, 42.365825], [-71.38721, 42.36545], [-71.388967, 42.364906000000005], [-71.38994, 42.36533399999999], [-71.390031, 42.365230999999994]]]}}, {"type": "Feature", "properties": {"district_name": "Second Essex & Middlesex District", "chamber": "senate", "vintage": "2012-2020", "url": "/district/senate-second-essex-middlesex-district-2012-2020/", "latest_year": 2020, "years": [{"year": 2020, "lean_dem_share": 0.6251, "competitiveness": "Safe", "competitiveness_label": "Safe D", "party_favored": "Democratic", "is_uncontested": true, "turnout_ratio": 0.7506, "winner_name": "Barry R. Finegold", "winner_party": "Democratic", "winner_war": null, "winner_lean_component": 0.4407, "winner_tide_component": 0.0067, "winner_incumbency_adjustment": 0.0724, "winner_demographics_component": null, "winner_fundraising_component": 0.061}, {"year": 2018, "lean_dem_share": 0.2959, "competitiveness": "Safe", "competitiveness_label": "Safe R", "party_favored": "Republican", "is_uncontested": false, "turnout_ratio": 0.992, "winner_name": "Barry R. Finegold", "winner_party": "Democratic", "winner_war": 0.0275, "winner_lean_component": 0.4407, "winner_tide_component": 0.0033, "winner_incumbency_adjustment": 0.0, "winner_demographics_component": null, "winner_fundraising_component": 0.0631}, {"year": 2016, "lean_dem_share": 0.6282, "competitiveness": "Safe", "competitiveness_label": "Safe D", "party_favored": "Democratic", "is_uncontested": false, "turnout_ratio": 0.9884, "winner_name": "Barbara A. L'Italien", "winner_party": "Democratic", "winner_war": -0.0125, "winner_lean_component": 0.4407, "winner_tide_component": 0.0065, "winner_incumbency_adjustment": 0.0724, "winner_demographics_component": null, "winner_fundraising_component": 0.0343}, {"year": 2014, "lean_dem_share": 0.4614, "competitiveness": "Lean", "competitiveness_label": "Lean R", "party_favored": "Republican", "is_uncontested": false, "turnout_ratio": 0.9873, "winner_name": "Barbara A. L'Italien", "winner_party": "Democratic", "winner_war": -0.0399, "winner_lean_component": 0.4407, "winner_tide_component": 0.0049, "winner_incumbency_adjustment": 0.0, "winner_demographics_component": null, "winner_fundraising_component": 0.0334}, {"year": 2012, "lean_dem_share": 0.5928, "competitiveness": "Likely", "competitiveness_label": "Likely D", "party_favored": "Democratic", "is_uncontested": false, "turnout_ratio": 0.9585, "winner_name": "Barry R. Finegold", "winner_party": "Democratic", "winner_war": 0.0602, "winner_lean_component": 0.4407, "winner_tide_component": 0.0062, "winner_incumbency_adjustment": 0.0, "winner_demographics_component": null, "winner_fundraising_component": 0.0509}], "lean_dem_share": 0.6251, "competitiveness": "Safe", "competitiveness_label": "Safe D", "party_favored": "Democratic", "is_uncontested": true, "turnout_ratio": 0.7506, "winner_name": "Barry R. Finegold", "winner_party": "Democratic", "winner_war": null, "winner_lean_component": 0.4407, "winner_tide_component": 0.0067, "winner_incumbency_adjustment": 0.0724, "winner_demographics_component": null, "winner_fundraising_component": 0.061}, "geometry": {"type": "Polygon", "coordinates": [[[-71.378798, 42.68309199999998], [-71.374014, 42.689370000000004], [-71.37436699999999, 42.693264], [-71.36981999999999, 42.69831499999999], [-71.35180799999999, 42.69816699999999], [-71.344906, 42.69769000000001], [-71.33020599999999, 42.69719], [-71.31705699999999, 42.69699], [-71.29420499999999, 42.69699], [-71.288789, 42.702389], [-71.278488, 42.71175300000001], [-71.26790799999999, 42.72588599999999], [-71.266015, 42.72738100000001], [-71.258405, 42.734088000000014], [-71.255185, 42.73667], [-71.238103, 42.669490999999994], [-71.23445199999999, 42.67208999999999], [-71.229647, 42.677856999999996], [-71.22882299999999, 42.679044000000005], [-71.227113, 42.682186], [-71.226074, 42.684431999999994], [-71.22564899999999, 42.685783], [-71.22538899999999, 42.68686699999999], [-71.224807, 42.69342999999999], [-71.224649, 42.693856999999994], [-71.22117399999999, 42.69849599999998], [-71.22062199999999, 42.699116], [-71.219202, 42.700036], [-71.216723, 42.70100699999999], [-71.215138, 42.701207999999994], [-71.209942, 42.70062], [-71.20249, 42.698910000000005], [-71.195382, 42.698506], [-71.193534, 42.698206], [-71.190057, 42.69699899999999], [-71.188858, 42.696247000000014], [-71.191212, 42.71057000000001], [-71.172271, 42.721706000000005], [-71.170887, 42.72327000000001], [-71.168972, 42.722348000000004], [-71.134134, 42.721506999999995], [-71.134969, 42.720214], [-71.135121, 42.71950699999999], [-71.13492099999999, 42.71780100000001], [-71.133816, 42.714619000000006], [-71.13341, 42.712939], [-71.133436, 42.711638], [-71.134345, 42.70958400000001], [-71.13565299999999, 42.707935000000006], [-71.136996, 42.706882], [-71.137563, 42.706661], [-71.137525, 42.704806], [-71.13708299999999, 42.70435299999997], [-71.13932299999999, 42.70340400000001], [-71.140909, 42.703278], [-71.142372, 42.69938399999999], [-71.14277799999999, 42.698923000000015], [-71.144438, 42.699274], [-71.14585699999999, 42.69848099999999], [-71.145718, 42.698169000000014], [-71.14544599999999, 42.698194999999984], [-71.14546, 42.698062000000014], [-71.145005, 42.697947], [-71.144903, 42.697756999999996], [-71.143395, 42.697028], [-71.143163, 42.694199000000005], [-71.14170299999999, 42.694316999999984], [-71.141669, 42.694084], [-71.140947, 42.69391199999999], [-71.140411, 42.69346], [-71.139405, 42.69314699999999], [-71.139303, 42.69303199999998], [-71.139439, 42.692704], [-71.139312, 42.69257599999999], [-71.138442, 42.69271399999999], [-71.138172, 42.692488999999995], [-71.137981, 42.691942999999995], [-71.138234, 42.69133399999999], [-71.13759499999999, 42.69045599999998], [-71.13761099999999, 42.68974999999999], [-71.13795499999999, 42.689662999999996], [-71.138639, 42.690327999999994], [-71.139062, 42.690402000000006], [-71.139595, 42.69017599999999], [-71.140155, 42.68936299999999], [-71.14005999999999, 42.688987999999995], [-71.138603, 42.687842999999994], [-71.138627, 42.687695999999995], [-71.138977, 42.68760900000001], [-71.13919299999999, 42.68773800000001], [-71.139427, 42.687594999999995], [-71.139809, 42.68718599999999], [-71.139678, 42.68688200000001], [-71.13933999999999, 42.686717], [-71.137947, 42.686668000000026], [-71.138723, 42.685990999999994], [-71.138824, 42.685732], [-71.139478, 42.68545899999999], [-71.13933, 42.685156], [-71.138092, 42.68521300000001], [-71.137827, 42.684996000000005], [-71.13927699999999, 42.68440699999999], [-71.133686, 42.67953500000002], [-71.134529, 42.67683699999999], [-71.12882700000002, 42.67445], [-71.076133, 42.604077], [-71.13529, 42.599061], [-71.141528, 42.603386], [-71.143074, 42.604080999999994], [-71.145749, 42.60828000000001], [-71.14656, 42.609979999999986], [-71.148613, 42.61324899999999], [-71.154336, 42.615277000000006], [-71.156564, 42.61497700000001], [-71.15861699999999, 42.61294799999999], [-71.159517, 42.60765900000001], [-71.160667, 42.605318], [-71.163664, 42.60212999999999], [-71.165015, 42.59795899999999], [-71.175223, 42.59220699999999], [-71.192529, 42.56453799999997], [-71.216753, 42.575918999999985], [-71.29627099999999, 42.612674999999996], [-71.283427, 42.61529900000001], [-71.277791, 42.62084700000002], [-71.274709, 42.62885899999998], [-71.271271, 42.643918000000006], [-71.27146499999999, 42.64611100000001], [-71.271682, 42.646305], [-71.27170699999999, 42.64801799999999], [-71.272018, 42.64921600000001], [-71.275154, 42.656216], [-71.277749, 42.65533999999998], [-71.280406, 42.65412], [-71.28685999999999, 42.648867999999986], [-71.29956899999999, 42.66651499999999], [-71.357523, 42.654454000000044], [-71.368882, 42.661753000000004], [-71.366434, 42.66667799999999], [-71.369626, 42.66933399999999], [-71.37159799999999, 42.66403099999999], [-71.37336499999999, 42.666123], [-71.376676, 42.677953], [-71.378798, 42.68309199999998]]]}}, {"type": "Feature", "properties": {"district_name": "First Essex District", "chamber": "senate", "vintage": "2012-2020", "url": "/district/senate-first-essex-district-2012-2020/", "latest_year": 2020, "years": [{"year": 2020, "lean_dem_share": 0.6137, "competitiveness": "Safe", "competitiveness_label": "Safe D", "party_favored": "Democratic", "is_uncontested": true, "turnout_ratio": 0.764, "winner_name": "Diana DiZoglio", "winner_party": "Democratic", "winner_war": null, "winner_lean_component": 0.412, "winner_tide_component": 0.0067, "winner_incumbency_adjustment": 0.0724, "winner_demographics_component": null, "winner_fundraising_component": null}, {"year": 2018, "lean_dem_share": 0.2647, "competitiveness": "Safe", "competitiveness_label": "Safe R", "party_favored": "Republican", "is_uncontested": false, "turnout_ratio": 1.0164, "winner_name": "Diana DiZoglio", "winner_party": "Democratic", "winner_war": 0.154, "winner_lean_component": 0.412, "winner_tide_component": 0.0033, "winner_incumbency_adjustment": 0.0, "winner_demographics_component": null, "winner_fundraising_component": null}, {"year": 2016, "lean_dem_share": 0.5731, "competitiveness": "Likely", "competitiveness_label": "Likely D", "party_favored": "Democratic", "is_uncontested": true, "turnout_ratio": 0.8033, "winner_name": "Kathleen  A. O'Connor Ives", "winner_party": "Democratic", "winner_war": null, "winner_lean_component": 0.412, "winner_tide_component": 0.0065, "winner_incumbency_adjustment": 0.0724, "winner_demographics_component": null, "winner_fundraising_component": null}, {"year": 2014, "lean_dem_share": 0.427, "competitiveness": "Likely", "competitiveness_label": "Likely R", "party_favored": "Republican", "is_uncontested": false, "turnout_ratio": 1.0459, "winner_name": "Kathleen  A. O'Connor Ives", "winner_party": "Democratic", "winner_war": -0.0449, "winner_lean_component": 0.412, "winner_tide_component": 0.0049, "winner_incumbency_adjustment": 0.0724, "winner_demographics_component": null, "winner_fundraising_component": null}, {"year": 2012, "lean_dem_share": 0.5556, "competitiveness": "Likely", "competitiveness_label": "Likely D", "party_favored": "Democratic", "is_uncontested": false, "turnout_ratio": 0.7816, "winner_name": "Kathleen  A. O'Connor Ives", "winner_party": "Democratic", "winner_war": 0.0653, "winner_lean_component": 0.412, "winner_tide_component": 0.0062, "winner_incumbency_adjustment": 0.0, "winner_demographics_component": null, "winner_fundraising_component": null}], "lean_dem_share": 0.6137, "competitiveness": "Safe", "competitiveness_label": "Safe D", "party_favored": "Democratic", "is_uncontested": true, "turnout_ratio": 0.764, "winner_name": "Diana DiZoglio", "winner_party": "Democratic", "winner_war": null, "winner_lean_component": 0.412, "winner_tide_component": 0.0067, "winner_incumbency_adjustment": 0.0724, "winner_demographics_component": null, "winner_fundraising_component": null}, "geometry": {"type": "Polygon", "coordinates": [[[-71.25517099999999, 42.73668], [-71.251522, 42.739129000000005], [-71.248718, 42.740581], [-71.245504, 42.74258899999999], [-71.23342, 42.74548499999998], [-71.223917, 42.74668900000001], [-71.208604, 42.74339], [-71.202186, 42.74183400000001], [-71.181803, 42.737590000000004], [-71.182706, 42.75118700000003], [-71.18330499999999, 42.75450099999999], [-71.186103, 42.790673999999996], [-71.185208, 42.791685], [-71.17440100000002, 42.80171599999999], [-71.166665, 42.808337999999985], [-71.149706, 42.815489], [-71.132503, 42.82138800000001], [-71.118802, 42.818087999999996], [-71.115894, 42.817690000000006], [-71.112993, 42.817088999999996], [-71.10779099999999, 42.815788999999995], [-71.101794, 42.814587], [-71.0651, 42.806289], [-71.064201, 42.806289], [-71.060564, 42.81597899999999], [-71.058099, 42.82198899999999], [-71.05780299999999, 42.823091999999995], [-71.053601, 42.833088999999994], [-71.047501, 42.844089000000004], [-71.044394, 42.84879600000001], [-71.03930199999999, 42.852687], [-71.03793900000001, 42.85405999999999], [-71.031201, 42.859086999999995], [-71.017101, 42.86148900000001], [-70.99275999999999, 42.865205999999986], [-70.974777, 42.867438], [-70.96940000000001, 42.86828899999998], [-70.9665, 42.868988999999985], [-70.955299, 42.873489000000006], [-70.949197, 42.876090000000005], [-70.930798, 42.884588], [-70.92757, 42.885330999999994], [-70.914538, 42.886618999999996], [-70.905502, 42.88678999999999], [-70.90277, 42.886531], [-70.88561, 42.882496], [-70.875044, 42.876106], [-70.87305599999999, 42.875088], [-70.856754, 42.865424999999995], [-70.848625, 42.860939], [-70.83737599999999, 42.86499599999999], [-70.83289599999999, 42.867790000000014], [-70.830795, 42.868918], [-70.82594399999999, 42.87048599999999], [-70.82479599999999, 42.870989999999985], [-70.820894, 42.872075999999986], [-70.792495, 42.87329100000001], [-70.749494, 42.87469399999999], [-70.735005, 42.87468500000001], [-70.738642, 42.869254999999995], [-70.746282, 42.860842999999996], [-70.74883, 42.85883099999999], [-70.747134, 42.853712], [-70.746262, 42.850166000000016], [-70.746166, 42.84755500000001], [-70.745522, 42.844442999999984], [-70.743971, 42.843174000000005], [-70.74146, 42.839664000000006], [-70.739038, 42.83581799999999], [-70.737393, 42.83260699999999], [-70.736248, 42.82919400000001], [-70.735789, 42.82701900000001], [-70.73487399999999, 42.824477], [-70.734409, 42.818552999999994], [-70.734312, 42.81517300000001], [-70.73442, 42.812269999999984], [-70.80847899999999, 42.821505], [-70.807341, 42.818661], [-70.809952, 42.81861999999999], [-70.80842299999999, 42.81590800000001], [-70.808578, 42.814685000000004], [-70.80860899999999, 42.811510000000006], [-70.841045, 42.795908], [-70.862965, 42.801550000000006], [-70.874836, 42.79807799999999], [-70.890802, 42.7943], [-70.892832, 42.794883000000006], [-70.89366799999999, 42.794938000000016], [-70.895708, 42.796115], [-70.89636, 42.79672100000001], [-70.897221, 42.797081000000006], [-70.898029, 42.797197999999995], [-70.89803599999999, 42.79836000000003], [-70.90512199999999, 42.797441], [-70.917423, 42.787495], [-70.925044, 42.796363], [-70.930809, 42.802690999999996], [-70.931668, 42.805209], [-70.931776, 42.80596099999999], [-70.931603, 42.806536], [-70.930393, 42.80800600000001], [-70.929836, 42.80910199999999], [-70.93016899999999, 42.81028699999999], [-70.930767, 42.81073500000001], [-70.931246, 42.811465999999996], [-70.931617, 42.813178000000015], [-70.93150299999999, 42.813567000000006], [-70.930695, 42.814315], [-70.930663, 42.814595000000004], [-70.931085, 42.81493900000001], [-70.931834, 42.815120999999984], [-70.93278699999999, 42.81506700000001], [-70.933719, 42.815667000000005], [-70.934604, 42.816527], [-70.934558, 42.816962000000004], [-70.934089, 42.81760099999998], [-70.934201, 42.817849], [-70.934685, 42.81791499999999], [-70.93554, 42.817626999999995], [-70.93585, 42.81773099999999], [-70.936183, 42.818456000000005], [-70.93782999999999, 42.819615999999975], [-70.940294, 42.822548000000005], [-70.94453899999999, 42.820972999999995], [-70.946343, 42.82058299999999], [-70.94995399999999, 42.820158], [-70.957867, 42.819714000000005], [-70.961755, 42.81996499999999], [-70.963574, 42.82032299999996], [-70.965749, 42.821015999999986], [-70.969191, 42.822500000000005], [-70.970635, 42.82292299999998], [-70.97207999999999, 42.823632], [-70.97432599999999, 42.824217], [-70.976056, 42.82449799999999], [-70.980704, 42.824577999999995], [-70.985907, 42.82382200000001], [-70.99101000000002, 42.822168], [-70.992709, 42.82190699999999], [-70.994868, 42.821996999999996], [-70.996541, 42.82144099999999], [-70.9979, 42.82075200000001], [-70.99856299999999, 42.820338], [-71.00074099999999, 42.818189999999994], [-71.001256, 42.816719], [-71.00134899999999, 42.81496699999999], [-71.00119300000001, 42.813680999999995], [-71.000844, 42.812515999999995], [-70.999079, 42.80967400000001], [-70.99877099999999, 42.80899900000001], [-70.998616, 42.808061], [-70.99875, 42.806964999999984], [-70.99983399999999, 42.80503999999999], [-71.001711, 42.802800000000005], [-71.003435, 42.801100999999996], [-71.00552499999999, 42.79979599999999], [-71.012312, 42.796542], [-71.015575, 42.794535999999994], [-71.01735099999999, 42.79301499999999], [-71.018708, 42.79160500000001], [-71.019301, 42.790701], [-71.019757, 42.789525999999974], [-71.02019299999999, 42.78727], [-71.020381, 42.78429599999999], [-71.02190399999999, 42.779633], [-71.02423499999999, 42.77576000000001], [-71.025711, 42.77387699999999], [-71.02896400000002, 42.770427], [-71.032443, 42.76622], [-71.037965, 42.75894500000003], [-71.04001699999999, 42.757721000000004], [-71.04256699999999, 42.757041], [-71.042073, 42.755053999999994], [-71.041812, 42.754835000000014], [-71.041774, 42.754654], [-71.04199799999999, 42.754416000000006], [-71.042847, 42.754335], [-71.042901, 42.753978], [-71.044096, 42.753214000000014], [-71.044524, 42.74903400000002], [-71.048341, 42.746144999999984], [-71.052849, 42.739886999999996], [-71.058116, 42.734209], [-71.058883, 42.732462999999996], [-71.07211099999999, 42.73266800000001], [-71.074, 42.73446600000001], [-71.08191, 42.736685], [-71.088064, 42.73614399999999], [-71.09007799999999, 42.73696899999999], [-71.092467, 42.737000000000016], [-71.09783399999999, 42.73521999999999], [-71.108632, 42.735281], [-71.096463, 42.724097], [-71.095553, 42.72444600000001], [-71.096184, 42.72511000000001], [-71.095034, 42.725702000000005], [-71.095023, 42.726251999999995], [-71.093668, 42.726742000000016], [-71.091669, 42.724538999999986], [-71.091753, 42.72427000000002], [-71.095362, 42.722025], [-71.09512, 42.72142800000001], [-71.092306, 42.71899900000002], [-71.09174999999999, 42.71812199999999], [-71.090594, 42.71869899999999], [-71.064491, 42.69471699999999], [-71.066987, 42.69475799999999], [-71.06853199999999, 42.694184000000014], [-71.069332, 42.694626], [-71.071466, 42.695327000000006], [-71.07335499999999, 42.694925999999995], [-71.074764, 42.694987999999995], [-71.07611399999999, 42.69527799999998], [-71.080083, 42.696701], [-71.08193299999999, 42.69700400000001], [-71.08272900000001, 42.69677900000001], [-71.08381, 42.69668199999998], [-71.084011, 42.696800999999994], [-71.085132, 42.69600499999999], [-71.089557, 42.694494999999996], [-71.0976, 42.687993999999996], [-71.099317, 42.686122999999995], [-71.099443, 42.68525899999999], [-71.099103, 42.683862000000005], [-71.098968, 42.68247600000001], [-71.098587, 42.68140999999998], [-71.099593, 42.67924599999999], [-71.099569, 42.678197000000026], [-71.09993200000001, 42.676075999999995], [-71.099569, 42.67448100000002], [-71.101955, 42.670993], [-71.103939, 42.674378], [-71.105119, 42.67572099999999], [-71.107157, 42.677296999999996], [-71.10812899999999, 42.67836700000001], [-71.108403, 42.678962000000006], [-71.10875399999999, 42.67872799999999], [-71.10909, 42.678743999999995], [-71.110863, 42.679991999999984], [-71.11177099999999, 42.679882], [-71.11303699999999, 42.67862799999999], [-71.113492, 42.678892000000005], [-71.113844, 42.679788], [-71.114938, 42.679344], [-71.116118, 42.679295], [-71.116332, 42.679438000000005], [-71.116018, 42.67883600000001], [-71.11744, 42.67689699999999], [-71.117815, 42.67586899999999], [-71.11900299999999, 42.67762200000001], [-71.12038000000001, 42.677036], [-71.12195, 42.67853199999999], [-71.12497200000001, 42.676952], [-71.12596599999999, 42.673234000000015], [-71.12683500000001, 42.671814999999995], [-71.12882700000002, 42.67445], [-71.134529, 42.67683699999999], [-71.133686, 42.67953500000002], [-71.13927699999999, 42.68440699999999], [-71.137827, 42.684996000000005], [-71.138092, 42.68521300000001], [-71.13933, 42.685156], [-71.139478, 42.68545899999999], [-71.138824, 42.685732], [-71.138723, 42.685990999999994], [-71.137947, 42.686668000000026], [-71.13933999999999, 42.686717], [-71.139678, 42.68688200000001], [-71.139809, 42.68718599999999], [-71.139427, 42.687594999999995], [-71.13919299999999, 42.68773800000001], [-71.138977, 42.68760900000001], [-71.138627, 42.687695999999995], [-71.138603, 42.687842999999994], [-71.14005999999999, 42.688987999999995], [-71.140155, 42.68936299999999], [-71.139595, 42.69017599999999], [-71.139062, 42.690402000000006], [-71.138639, 42.690327999999994], [-71.13795499999999, 42.689662999999996], [-71.13761099999999, 42.68974999999999], [-71.13759499999999, 42.69045599999998], [-71.138234, 42.69133399999999], [-71.137981, 42.691942999999995], [-71.138172, 42.692488999999995], [-71.138442, 42.69271399999999], [-71.139312, 42.69257599999999], [-71.139439, 42.692704], [-71.139303, 42.69303199999998], [-71.139405, 42.69314699999999], [-71.140411, 42.69346], [-71.140947, 42.69391199999999], [-71.141669, 42.694084], [-71.14170299999999, 42.694316999999984], [-71.143163, 42.694199000000005], [-71.143395, 42.697028], [-71.144903, 42.697756999999996], [-71.145005, 42.697947], [-71.14546, 42.698062000000014], [-71.14544599999999, 42.698194999999984], [-71.145718, 42.698169000000014], [-71.14585699999999, 42.69848099999999], [-71.144438, 42.699274], [-71.14277799999999, 42.698923000000015], [-71.142372, 42.69938399999999], [-71.140909, 42.703278], [-71.13932299999999, 42.70340400000001], [-71.13708299999999, 42.70435299999997], [-71.137525, 42.704806], [-71.137563, 42.706661], [-71.136996, 42.706882], [-71.13565299999999, 42.707935000000006], [-71.134345, 42.70958400000001], [-71.133436, 42.711638], [-71.13341, 42.712939], [-71.133816, 42.714619000000006], [-71.13492099999999, 42.71780100000001], [-71.135121, 42.71950699999999], [-71.134969, 42.720214], [-71.134134, 42.721506999999995], [-71.168972, 42.722348000000004], [-71.170887, 42.72327000000001], [-71.172271, 42.721706000000005], [-71.191212, 42.71057000000001], [-71.188858, 42.696247000000014], [-71.190703, 42.697256], [-71.192624, 42.69794399999997], [-71.194361, 42.69836700000002], [-71.202328, 42.69888700000001], [-71.209942, 42.70062], [-71.215138, 42.701207999999994], [-71.216723, 42.70100699999999], [-71.218046, 42.700542999999996], [-71.219447, 42.699904], [-71.22062199999999, 42.699116], [-71.224649, 42.693856999999994], [-71.224807, 42.69342999999999], [-71.225402, 42.686771], [-71.226074, 42.684431999999994], [-71.227721, 42.68090000000001], [-71.229647, 42.677856999999996], [-71.23376300000001, 42.672824000000006], [-71.23445199999999, 42.67208999999999], [-71.238103, 42.669490999999994], [-71.25517099999999, 42.73668]]]}}, {"type": "Feature", "properties": {"district_name": "First Essex & Middlesex District", "chamber": "senate", "vintage": "2012-2020", "url": "/district/senate-first-essex-middlesex-district-2012-2020/", "latest_year": 2020, "years": [{"year": 2020, "lean_dem_share": 0.6227, "competitiveness": "Safe", "competitiveness_label": "Safe D", "party_favored": "Democratic", "is_uncontested": true, "turnout_ratio": 0.7537, "winner_name": "Bruce E. Tarr", "winner_party": "Republican", "winner_war": null, "winner_lean_component": 0.3841, "winner_tide_component": 0.0022, "winner_incumbency_adjustment": 0.1297, "winner_demographics_component": null, "winner_fundraising_component": -0.0073}, {"year": 2018, "lean_dem_share": 0.2405, "competitiveness": "Safe", "competitiveness_label": "Safe R", "party_favored": "Republican", "is_uncontested": true, "turnout_ratio": 0.7781, "winner_name": "Bruce E. Tarr", "winner_party": "Republican", "winner_war": null, "winner_lean_component": 0.3841, "winner_tide_component": 0.0045, "winner_incumbency_adjustment": 0.1297, "winner_demographics_component": null, "winner_fundraising_component": 0.0108}, {"year": 2016, "lean_dem_share": 0.5738, "competitiveness": "Likely", "competitiveness_label": "Likely D", "party_favored": "Democratic", "is_uncontested": true, "turnout_ratio": 0.7961, "winner_name": "Bruce E. Tarr", "winner_party": "Republican", "winner_war": null, "winner_lean_component": 0.3841, "winner_tide_component": 0.0024, "winner_incumbency_adjustment": 0.1297, "winner_demographics_component": null, "winner_fundraising_component": 0.0175}, {"year": 2014, "lean_dem_share": 0.3922, "competitiveness": "Safe", "competitiveness_label": "Safe R", "party_favored": "Republican", "is_uncontested": true, "turnout_ratio": 0.816, "winner_name": "Bruce E. Tarr", "winner_party": "Republican", "winner_war": null, "winner_lean_component": 0.3841, "winner_tide_component": 0.0035, "winner_incumbency_adjustment": 0.1297, "winner_demographics_component": null, "winner_fundraising_component": 0.0148}, {"year": 2012, "lean_dem_share": 0.5119, "competitiveness": "Tossup", "competitiveness_label": "Tossup D", "party_favored": "Democratic", "is_uncontested": true, "turnout_ratio": 0.778, "winner_name": "Bruce E. Tarr", "winner_party": "Republican", "winner_war": null, "winner_lean_component": 0.3841, "winner_tide_component": 0.0026, "winner_incumbency_adjustment": 0.0, "winner_demographics_component": null, "winner_fundraising_component": 0.0156}], "lean_dem_share": 0.6227, "competitiveness": "Safe", "competitiveness_label": "Safe D", "party_favored": "Democratic", "is_uncontested": true, "turnout_ratio": 0.7537, "winner_name": "Bruce E. Tarr", "winner_party": "Republican", "winner_war": null, "winner_lean_component": 0.3841, "winner_tide_component": 0.0022, "winner_incumbency_adjustment": 0.1297, "winner_demographics_component": null, "winner_fundraising_component": -0.0073}, "geometry": {"type": "Polygon", "coordinates": [[[-71.218034, 42.561374], [-71.217536, 42.56179399999999], [-71.216601, 42.561997999999996], [-71.216655, 42.562158999999994], [-71.217049, 42.56210200000001], [-71.21700299999999, 42.562274], [-71.215948, 42.562404999999984], [-71.215786, 42.56259], [-71.215689, 42.56317099999998], [-71.215965, 42.563542000000005], [-71.215774, 42.56546600000001], [-71.21560699999999, 42.566264999999994], [-71.21510599999999, 42.567041], [-71.21531399999999, 42.570345], [-71.214878, 42.570744999999974], [-71.214147, 42.57097399999999], [-71.214023, 42.570927], [-71.214108, 42.57053400000001], [-71.21391500000001, 42.570519999999995], [-71.212825, 42.572593999999995], [-71.212206, 42.57241700000001], [-71.21114399999999, 42.573305000000005], [-71.192529, 42.56453799999997], [-71.175223, 42.59220699999999], [-71.165015, 42.59795899999999], [-71.163664, 42.60212999999999], [-71.160667, 42.605318], [-71.159517, 42.60765900000001], [-71.15861699999999, 42.61294799999999], [-71.156564, 42.61497700000001], [-71.154336, 42.615277000000006], [-71.148613, 42.61324899999999], [-71.14656, 42.609979999999986], [-71.145749, 42.60828000000001], [-71.143074, 42.604080999999994], [-71.141528, 42.603386], [-71.13529, 42.599061], [-71.076133, 42.604077], [-71.12683500000001, 42.671814999999995], [-71.12596599999999, 42.673234000000015], [-71.12497200000001, 42.676952], [-71.12195, 42.67853199999999], [-71.12038000000001, 42.677036], [-71.11900299999999, 42.67762200000001], [-71.117815, 42.67586899999999], [-71.11744, 42.67689699999999], [-71.116018, 42.67883600000001], [-71.116332, 42.679438000000005], [-71.116118, 42.679295], [-71.114938, 42.679344], [-71.113844, 42.679788], [-71.113492, 42.678892000000005], [-71.11303699999999, 42.67862799999999], [-71.11177099999999, 42.679882], [-71.111023, 42.68001199999999], [-71.110376, 42.679764], [-71.10909, 42.678743999999995], [-71.10875399999999, 42.67872799999999], [-71.108403, 42.678962000000006], [-71.10812899999999, 42.67836700000001], [-71.107157, 42.677296999999996], [-71.105119, 42.67572099999999], [-71.103939, 42.674378], [-71.101955, 42.670993], [-71.099569, 42.67448100000002], [-71.09993200000001, 42.676075999999995], [-71.099569, 42.678197000000026], [-71.099593, 42.67924599999999], [-71.098587, 42.68140999999998], [-71.098968, 42.68247600000001], [-71.099103, 42.683862000000005], [-71.099443, 42.68525899999999], [-71.099317, 42.686122999999995], [-71.0976, 42.687993999999996], [-71.089557, 42.694494999999996], [-71.085132, 42.69600499999999], [-71.084011, 42.696800999999994], [-71.08381, 42.69668199999998], [-71.08272900000001, 42.69677900000001], [-71.08193299999999, 42.69700400000001], [-71.080083, 42.696701], [-71.07611399999999, 42.69527799999998], [-71.074764, 42.694987999999995], [-71.07335499999999, 42.694925999999995], [-71.071466, 42.695327000000006], [-71.069332, 42.694626], [-71.06853199999999, 42.694184000000014], [-71.066987, 42.69475799999999], [-71.064491, 42.69471699999999], [-71.090594, 42.71869899999999], [-71.09174999999999, 42.71812199999999], [-71.092306, 42.71899900000002], [-71.09512, 42.72142800000001], [-71.095362, 42.722025], [-71.091753, 42.72427000000002], [-71.091669, 42.724538999999986], [-71.093668, 42.726742000000016], [-71.095023, 42.726251999999995], [-71.095034, 42.725702000000005], [-71.096184, 42.72511000000001], [-71.095553, 42.72444600000001], [-71.096463, 42.724097], [-71.108632, 42.735281], [-71.09783399999999, 42.73521999999999], [-71.092467, 42.737000000000016], [-71.09007799999999, 42.73696899999999], [-71.088064, 42.73614399999999], [-71.08191, 42.736685], [-71.074, 42.73446600000001], [-71.07211099999999, 42.73266800000001], [-71.058883, 42.732462999999996], [-71.058116, 42.734209], [-71.052849, 42.739886999999996], [-71.048341, 42.746144999999984], [-71.044524, 42.74903400000002], [-71.044096, 42.753214000000014], [-71.042901, 42.753978], [-71.042847, 42.754335], [-71.04199799999999, 42.754416000000006], [-71.041774, 42.754654], [-71.042073, 42.755053999999994], [-71.04256699999999, 42.757041], [-71.04001699999999, 42.757721000000004], [-71.037965, 42.75894500000003], [-71.032443, 42.76622], [-71.02896400000002, 42.770427], [-71.025711, 42.77387699999999], [-71.02423499999999, 42.77576000000001], [-71.02190399999999, 42.779633], [-71.020381, 42.78429599999999], [-71.02019299999999, 42.78727], [-71.019757, 42.789525999999974], [-71.019301, 42.790701], [-71.018708, 42.79160500000001], [-71.01735099999999, 42.79301499999999], [-71.015575, 42.794535999999994], [-71.012312, 42.796542], [-71.00552499999999, 42.79979599999999], [-71.003435, 42.801100999999996], [-71.001711, 42.802800000000005], [-70.99983399999999, 42.80503999999999], [-70.99875, 42.806964999999984], [-70.998616, 42.808061], [-70.99877099999999, 42.80899900000001], [-70.999079, 42.80967400000001], [-71.000844, 42.812515999999995], [-71.00119300000001, 42.813680999999995], [-71.001362, 42.815312], [-71.001256, 42.816719], [-71.00074099999999, 42.818189999999994], [-70.99851, 42.82037699999999], [-70.99577599999999, 42.821724999999994], [-70.994868, 42.821996999999996], [-70.992709, 42.82190699999999], [-70.99101000000002, 42.822168], [-70.985907, 42.82382200000001], [-70.980704, 42.824577999999995], [-70.976056, 42.82449799999999], [-70.97432599999999, 42.824217], [-70.97207999999999, 42.823632], [-70.970635, 42.82292299999998], [-70.969191, 42.822500000000005], [-70.965749, 42.821015999999986], [-70.963574, 42.82032299999996], [-70.961755, 42.81996499999999], [-70.957867, 42.819714000000005], [-70.94995399999999, 42.820158], [-70.946343, 42.82058299999999], [-70.94453899999999, 42.820972999999995], [-70.940294, 42.822548000000005], [-70.93782999999999, 42.819615999999975], [-70.936183, 42.818456000000005], [-70.93585, 42.81773099999999], [-70.93554, 42.817626999999995], [-70.934685, 42.81791499999999], [-70.934201, 42.817849], [-70.934089, 42.81760099999998], [-70.934558, 42.816962000000004], [-70.934604, 42.816527], [-70.933719, 42.815667000000005], [-70.93278699999999, 42.81506700000001], [-70.931834, 42.815120999999984], [-70.931085, 42.81493900000001], [-70.930663, 42.814595000000004], [-70.930695, 42.814315], [-70.93150299999999, 42.813567000000006], [-70.931617, 42.813178000000015], [-70.931246, 42.811465999999996], [-70.930767, 42.81073500000001], [-70.93016899999999, 42.81028699999999], [-70.929836, 42.80910199999999], [-70.930393, 42.80800600000001], [-70.931603, 42.806536], [-70.931776, 42.80596099999999], [-70.931668, 42.805209], [-70.930809, 42.802690999999996], [-70.925044, 42.796363], [-70.917423, 42.787495], [-70.90512199999999, 42.797441], [-70.89803599999999, 42.79836000000003], [-70.898029, 42.797197999999995], [-70.897221, 42.797081000000006], [-70.89636, 42.79672100000001], [-70.895708, 42.796115], [-70.89366799999999, 42.794938000000016], [-70.892832, 42.794883000000006], [-70.890802, 42.7943], [-70.874836, 42.79807799999999], [-70.862965, 42.801550000000006], [-70.841045, 42.795908], [-70.80860899999999, 42.811510000000006], [-70.808578, 42.814685000000004], [-70.80842299999999, 42.81590800000001], [-70.809952, 42.81861999999999], [-70.807341, 42.818661], [-70.80847899999999, 42.821505], [-70.73442, 42.812269999999984], [-70.734488, 42.81175800000001], [-70.733892, 42.808814], [-70.73388700000001, 42.806236], [-70.733655, 42.80365900000001], [-70.73414799999999, 42.79860500000001], [-70.73478, 42.795590999999995], [-70.737225, 42.787955999999994], [-70.731839, 42.77835699999999], [-70.73097, 42.77521200000001], [-70.73064699999999, 42.773338], [-70.728045, 42.767886999999995], [-70.726856, 42.764039000000004], [-70.725848, 42.75902000000001], [-70.721974, 42.754270999999996], [-70.720288, 42.75186299999997], [-70.71927, 42.75009499999998], [-70.71696, 42.74351699999999], [-70.71432399999999, 42.73191100000002], [-70.70258, 42.72416199999999], [-70.68293, 42.728829999999995], [-70.66131399999999, 42.73660999999999], [-70.64166399999999, 42.739723000000005], [-70.62594299999999, 42.739723999999995], [-70.590572, 42.73349999999999], [-70.549306, 42.72416399999999], [-70.52965499999999, 42.70704799999999], [-70.513934, 42.680594], [-70.506074, 42.65102999999999], [-70.502143, 42.63547099999999], [-70.502143, 42.624579], [-70.511968, 42.605907], [-70.521793, 42.593458999999996], [-70.531618, 42.584123], [-70.545374, 42.570119], [-70.56698899999999, 42.56078300000001], [-70.582709, 42.553004], [-70.596464, 42.540556], [-70.60629, 42.53121999999999], [-70.617339, 42.500099], [-70.736119, 42.50010699999999], [-70.733558, 42.50395700000001], [-70.74542799999999, 42.513194999999996], [-70.773429, 42.53570800000001], [-70.777085, 42.53946200000001], [-70.78836799999999, 42.54954900000001], [-70.794675, 42.551169], [-70.79541499999999, 42.551479], [-70.794805, 42.55739], [-70.793824, 42.562218], [-70.79390099999999, 42.56293700000001], [-70.793312, 42.564263999999994], [-70.79343999999999, 42.56438200000001], [-70.793326, 42.56454699999999], [-70.793407, 42.56509], [-70.793598, 42.565436000000005], [-70.793469, 42.5664], [-70.79315799999999, 42.56692600000001], [-70.79382, 42.56820600000001], [-70.793753, 42.56865300000002], [-70.794039, 42.568847], [-70.793854, 42.569295000000004], [-70.794511, 42.569305], [-70.806935, 42.580354], [-70.810093, 42.584094999999984], [-70.813296, 42.580138999999996], [-70.819019, 42.57928600000002], [-70.820311, 42.57782200000002], [-70.827692, 42.58313100000001], [-70.835411, 42.590681000000004], [-70.901128, 42.590973000000005], [-70.922342, 42.591513], [-70.927497, 42.592228000000006], [-70.933883, 42.59959700000001], [-70.929452, 42.60897999999998], [-70.93109, 42.612444], [-70.928485, 42.615925000000004], [-70.927449, 42.61695199999999], [-70.926655, 42.62034800000001], [-70.925714, 42.622924999999995], [-70.924397, 42.623709], [-70.92276799999999, 42.62323000000001], [-70.9213, 42.62375800000001], [-70.920993, 42.62374099999999], [-70.920226, 42.623251], [-70.919781, 42.62316399999998], [-70.91951399999999, 42.623693], [-70.918917, 42.62384499999999], [-70.918553, 42.623598], [-70.918989, 42.62333999999999], [-70.91914799999999, 42.622959], [-70.918925, 42.622766999999996], [-70.918667, 42.622842000000006], [-70.917904, 42.623837], [-70.917892, 42.62412700000001], [-70.918347, 42.62460100000002], [-70.91881099999999, 42.62426899999999], [-70.919174, 42.624787000000005], [-70.919708, 42.62491299999999], [-70.91990799999999, 42.625147], [-70.91957, 42.625464], [-70.91964, 42.625887], [-70.91881, 42.625751], [-70.918551, 42.62618599999998], [-70.917411, 42.62670499999997], [-70.917615, 42.626835000000014], [-70.917497, 42.627137999999974], [-70.91596799999999, 42.62743799999999], [-70.916004, 42.627641], [-70.916501, 42.62769300000001], [-70.916901, 42.627978000000006], [-70.916817, 42.628344], [-70.916077, 42.628477], [-70.915082, 42.628104], [-70.914867, 42.628321000000014], [-70.914952, 42.628675], [-70.914777, 42.628722999999994], [-70.914322, 42.628353], [-70.913765, 42.628232000000004], [-70.91356999999999, 42.62853200000001], [-70.91304199999999, 42.62852899999997], [-70.912551, 42.62893500000001], [-70.91269799999999, 42.629414], [-70.91253499999999, 42.629658], [-70.912322, 42.62960100000001], [-70.912409, 42.629455000000014], [-70.91212300000001, 42.629160000000006], [-70.91187699999999, 42.629211], [-70.91178699999999, 42.629686], [-70.912219, 42.63001599999999], [-70.912099, 42.630159000000006], [-70.91138699999999, 42.629935999999994], [-70.911361, 42.62959600000001], [-70.910872, 42.62923000000001], [-70.910179, 42.629822999999995], [-70.90946699999999, 42.62956500000001], [-70.909021, 42.62962500000001], [-70.90752599999999, 42.630362], [-70.907432, 42.630663999999996], [-70.90616399999999, 42.63054799999999], [-70.905911, 42.63079500000002], [-70.905807, 42.63127], [-70.905237, 42.631921], [-70.90387199999999, 42.63267199999999], [-70.903894, 42.632897], [-70.90436, 42.63313999999999], [-70.905208, 42.633059999999986], [-70.90620799999999, 42.63416500000002], [-70.90720999999999, 42.63489200000001], [-70.907157, 42.635319999999986], [-70.90473, 42.63816800000001], [-70.89597499999999, 42.639373], [-70.896023, 42.641384], [-70.89638699999999, 42.64181999999999], [-70.89629, 42.643724000000006], [-70.897938, 42.644664000000006], [-70.90024199999999, 42.64753999999999], [-70.89831099999999, 42.64809600000001], [-70.901772, 42.652840000000005], [-70.905023, 42.65208299999999], [-70.905622, 42.658705000000005], [-70.90447, 42.659527999999995], [-70.903607, 42.659768000000014], [-70.90363099999999, 42.660272], [-70.904893, 42.662051000000005], [-70.916341, 42.660754000000004], [-70.92052500000001, 42.670078000000004], [-70.9362, 42.66346999999999], [-70.965341, 42.671867000000006], [-70.968955, 42.673178000000014], [-70.96036099999999, 42.64984299999998], [-70.975545, 42.642184], [-70.97637, 42.640714], [-70.976214, 42.64063499999999], [-70.976051, 42.640052999999995], [-70.97529899999999, 42.63984099999999], [-70.975137, 42.63967199999999], [-70.97528299999999, 42.63939099999998], [-70.974657, 42.639293], [-70.97422999999999, 42.638517], [-70.973696, 42.638247], [-70.973936, 42.637906], [-70.973742, 42.637778], [-70.973765, 42.63745399999999], [-70.97338500000001, 42.63686599999999], [-70.973362, 42.636550999999976], [-70.97375, 42.63651000000001], [-70.97400999999999, 42.63623700000001], [-70.974436, 42.636129999999994], [-70.974963, 42.635167], [-70.974739, 42.634533], [-70.975188, 42.63437199999999], [-70.975078, 42.633788999999986], [-70.974328, 42.633919000000006], [-70.974514, 42.633564], [-70.973274, 42.63170300000001], [-70.973258, 42.63155999999999], [-70.973931, 42.63093599999999], [-70.973668, 42.63031900000001], [-70.97304, 42.629591000000005], [-70.972336, 42.629342], [-70.97242, 42.628994], [-70.972234, 42.628745], [-70.971383, 42.628071], [-70.970237, 42.627793], [-70.96981099999999, 42.627517000000005], [-70.968525, 42.627125], [-70.968053, 42.626740999999996], [-70.967667, 42.626722], [-70.969386, 42.625297], [-70.96990000000001, 42.62519100000001], [-70.970348, 42.625389999999996], [-70.971272, 42.62512099999999], [-70.971756, 42.624842000000015], [-70.972177, 42.62415199999999], [-70.973089, 42.624374], [-70.97402799999999, 42.62349900000001], [-70.974513, 42.623442], [-70.97497, 42.62378100000001], [-70.97550199999999, 42.623825000000004], [-70.976669, 42.623311], [-70.97671199999999, 42.623193], [-70.976263, 42.62277199999998], [-70.976472, 42.622364000000005], [-70.976326, 42.62141699999999], [-70.97652, 42.621002], [-70.97751699999999, 42.62006400000001], [-70.982511, 42.61659299999999], [-70.98346099999999, 42.614499], [-70.983568, 42.61389800000001], [-70.985231, 42.61232], [-70.985293, 42.61201700000001], [-70.985192, 42.61173500000001], [-70.984743, 42.611464000000005], [-70.98273700000001, 42.60946799999999], [-70.982613, 42.60914200000003], [-70.983308, 42.60812], [-70.982936, 42.60741199999998], [-70.982077, 42.606809999999996], [-70.980676, 42.60654099999999], [-70.979871, 42.60605100000001], [-70.978702, 42.605940000000004], [-70.977471, 42.605295], [-70.976008, 42.604942], [-70.97528, 42.60425199999999], [-70.97345299999999, 42.60296899999999], [-70.970672, 42.602853], [-70.969545, 42.60223500000001], [-70.969235, 42.60147499999998], [-70.968639, 42.60099], [-70.967478, 42.600716999999996], [-70.96641, 42.60112699999998], [-70.965535, 42.600156], [-70.964659, 42.599647], [-70.974372, 42.59453899999999], [-70.986059, 42.591832000000004], [-70.985592, 42.590050000000005], [-70.986123, 42.589983999999994], [-70.987313, 42.588832000000004], [-70.98982099999999, 42.586985000000006], [-70.990509, 42.586676], [-70.99184199999999, 42.586555999999995], [-70.991197, 42.585278999999986], [-70.99118, 42.58377300000001], [-70.991591, 42.58315499999999], [-70.99105700000001, 42.58274199999999], [-70.990982, 42.58247399999998], [-70.99131799999999, 42.581966], [-70.99141, 42.581471], [-70.990923, 42.581333], [-70.990529, 42.58177500000001], [-70.990329, 42.58177799999999], [-70.990034, 42.581143], [-70.99009099999999, 42.580496000000004], [-70.990886, 42.57981899999999], [-70.991953, 42.578365], [-70.992711, 42.578261000000005], [-70.99325, 42.577651], [-70.99331, 42.577264], [-70.99277599999999, 42.57662800000001], [-70.993216, 42.576443], [-70.99323, 42.57582299999999], [-70.993713, 42.575523000000004], [-70.99380000000001, 42.575309999999995], [-70.993179, 42.574729000000005], [-70.993254, 42.574032], [-70.993798, 42.573567999999995], [-70.99484199999999, 42.573628], [-70.99506, 42.57350799999999], [-70.994565, 42.572318], [-70.995775, 42.572109000000005], [-70.995784, 42.571884000000004], [-70.995269, 42.571554], [-70.995284, 42.571333], [-70.995673, 42.57128899999999], [-70.99611, 42.57093400000001], [-70.99638399999999, 42.570975999999995], [-70.996495, 42.571348], [-70.99680699999999, 42.571174000000006], [-70.99698099999999, 42.570163000000015], [-70.996191, 42.570061999999986], [-70.996121, 42.569916000000006], [-70.996552, 42.569780000000016], [-70.996816, 42.569355], [-70.99659199999999, 42.56886400000001], [-70.99719, 42.568969], [-70.997253, 42.56855300000001], [-70.9978, 42.56821399999999], [-70.997766, 42.568014], [-70.997355, 42.56771600000002], [-70.997402, 42.567477000000004], [-70.997997, 42.56698399999999], [-70.99881599999999, 42.566916], [-71.00012199999999, 42.56614299999999], [-71.00066199999999, 42.566066000000006], [-71.001265, 42.56546600000001], [-71.001992, 42.565386000000004], [-71.00233, 42.56376600000002], [-71.002578, 42.563351000000004], [-71.002876, 42.563184], [-71.00322299999999, 42.56405100000002], [-71.00331299999999, 42.56478999999998], [-71.00350999999999, 42.564944], [-71.00469799999999, 42.565121000000005], [-71.007105, 42.564574], [-71.008222, 42.563911000000004], [-71.008558, 42.563939999999995], [-71.009163, 42.564644], [-71.009866, 42.56471199999998], [-71.011164, 42.565441], [-71.012889, 42.56612200000002], [-71.01411, 42.566875], [-71.015154, 42.567747999999995], [-71.018115, 42.567885000000004], [-71.019639, 42.56813300000001], [-71.021, 42.56863100000002], [-71.021169, 42.56959199999999], [-71.021332, 42.569755], [-71.02322699999999, 42.570240000000005], [-71.02349699999999, 42.57019899999999], [-71.023923, 42.56938999999999], [-71.02434099999999, 42.56919800000001], [-71.02610400000002, 42.56947299999998], [-71.027241, 42.56943900000001], [-71.02933, 42.569796], [-71.02981, 42.565157], [-71.034847, 42.56550000000002], [-71.03546800000001, 42.57025199999999], [-71.03524500000002, 42.57037800000001], [-71.036349, 42.57101300000001], [-71.03645399999999, 42.57128400000002], [-71.03689, 42.571565999999976], [-71.037351, 42.571658], [-71.037717, 42.571008], [-71.03793499999999, 42.57093500000001], [-71.039874, 42.57126799999999], [-71.040227, 42.57145], [-71.040351, 42.57228500000001], [-71.041564, 42.57329200000001], [-71.04190299999999, 42.573357000000016], [-71.043048, 42.573134], [-71.043814, 42.57361600000001], [-71.044208, 42.57366700000001], [-71.044502, 42.57348199999999], [-71.044828, 42.57283199999999], [-71.046622, 42.57242199999999], [-71.04931599999999, 42.57099100000002], [-71.049883, 42.571010999999984], [-71.050488, 42.57149800000001], [-71.050817, 42.571191], [-71.051098, 42.57118300000001], [-71.051253, 42.571598], [-71.05156699999999, 42.571547999999986], [-71.05197799999999, 42.571928000000014], [-71.05282, 42.57137599999999], [-71.053804, 42.571859], [-71.053553, 42.57232799999998], [-71.053134, 42.572556999999996], [-71.05316499999999, 42.572836], [-71.05400800000001, 42.572983], [-71.05487400000001, 42.57383199999999], [-71.05560899999999, 42.573504], [-71.055531, 42.573688000000004], [-71.055926, 42.57378200000001], [-71.055671, 42.57426799999999], [-71.055903, 42.57458800000001], [-71.05612700000002, 42.574363000000005], [-71.056406, 42.574381], [-71.056375, 42.57417399999999], [-71.057071, 42.573757], [-71.057311, 42.57383799999999], [-71.05708700000001, 42.574017000000005], [-71.057164, 42.574151], [-71.065156, 42.56175900000001], [-71.070978, 42.55588899999999], [-71.08989, 42.55822199999999], [-71.09278100000002, 42.559249999999984], [-71.103548, 42.564897], [-71.10395199999999, 42.566358000000015], [-71.10428499999999, 42.566271], [-71.104563, 42.566432], [-71.104896, 42.56621000000002], [-71.104888, 42.56588999999999], [-71.105243, 42.565509999999996], [-71.10575399999999, 42.565415], [-71.106094, 42.565094000000016], [-71.107996, 42.56439199999999], [-71.107957, 42.56400099999999], [-71.10855099999999, 42.563351000000004], [-71.108559, 42.56292700000001], [-71.109973, 42.561375000000005], [-71.11115500000001, 42.56090700000002], [-71.11223799999999, 42.560945999999966], [-71.112563, 42.560697000000005], [-71.112826, 42.56082700000001], [-71.113158, 42.560722], [-71.113491, 42.561134999999986], [-71.11397000000001, 42.561120999999986], [-71.114048, 42.560881], [-71.114867, 42.560952], [-71.115122, 42.561077000000004], [-71.11490599999999, 42.561284], [-71.115757, 42.561701], [-71.116298, 42.56167699999998], [-71.11735, 42.561212000000005], [-71.118432, 42.561195999999995], [-71.11854, 42.560951], [-71.118393, 42.560638999999995], [-71.11895, 42.560300000000005], [-71.119096, 42.559955], [-71.119839, 42.560013], [-71.120635, 42.56032699999999], [-71.120797, 42.55993700000002], [-71.12156999999999, 42.55967499999999], [-71.121663, 42.55916000000001], [-71.122281, 42.55864899999998], [-71.12316899999999, 42.55814999999998], [-71.123749, 42.55811700000001], [-71.123842, 42.557638000000004], [-71.12418199999999, 42.557398], [-71.124274, 42.55688300000001], [-71.125188, 42.55692399999999], [-71.125413, 42.55670800000002], [-71.125954, 42.55678800000001], [-71.126008, 42.55654399999999], [-71.12556, 42.556259999999995], [-71.125947, 42.556031999999995], [-71.126187, 42.55549200000001], [-71.126768, 42.55491800000001], [-71.126938, 42.554226000000014], [-71.12751, 42.55447199999999], [-71.128562, 42.554588], [-71.129091, 42.554885000000006], [-71.129868, 42.554294999999996], [-71.129882, 42.55412399999998], [-71.130932, 42.55386], [-71.13141499999999, 42.553436999999974], [-71.13212, 42.55353399999999], [-71.132443, 42.552915], [-71.133284, 42.55301199999999], [-71.13426299999999, 42.552875], [-71.135646, 42.552267], [-71.136522, 42.55255599999997], [-71.13483, 42.546251], [-71.131316, 42.531814], [-71.144193, 42.526427], [-71.153052, 42.52251199999998], [-71.154298, 42.522127], [-71.170063, 42.51559700000001], [-71.19295199999999, 42.534519999999965], [-71.195119, 42.53566400000001], [-71.197738, 42.53841400000001], [-71.199747, 42.53949399999999], [-71.204702, 42.54420799999999], [-71.206001, 42.54524699999998], [-71.206914, 42.545711], [-71.209384, 42.545797999999984], [-71.212372, 42.547544], [-71.210599, 42.547665], [-71.20983, 42.551444000000004], [-71.210608, 42.552732], [-71.21139099999999, 42.553071], [-71.208956, 42.554485], [-71.215923, 42.55953000000001], [-71.218034, 42.561374]]]}}, {"type": "Feature", "properties": {"district_name": "Second Essex District", "chamber": "senate", "vintage": "2012-2020", "url": "/district/senate-second-essex-district-2012-2020/", "latest_year": 2020, "years": [{"year": 2020, "lean_dem_share": 0.6548, "competitiveness": "Safe", "competitiveness_label": "Safe D", "party_favored": "Democratic", "is_uncontested": true, "turnout_ratio": 0.7711, "winner_name": "Joan B. Lovely", "winner_party": "Democratic", "winner_war": null, "winner_lean_component": 0.4404, "winner_tide_component": 0.0067, "winner_incumbency_adjustment": 0.0724, "winner_demographics_component": null, "winner_fundraising_component": -0.0183}, {"year": 2018, "lean_dem_share": 0.2885, "competitiveness": "Safe", "competitiveness_label": "Safe R", "party_favored": "Republican", "is_uncontested": true, "turnout_ratio": 0.8002, "winner_name": "Joan B. Lovely", "winner_party": "Democratic", "winner_war": null, "winner_lean_component": 0.4404, "winner_tide_component": 0.0033, "winner_incumbency_adjustment": 0.0724, "winner_demographics_component": null, "winner_fundraising_component": 0.0114}, {"year": 2016, "lean_dem_share": 0.6175, "competitiveness": "Safe", "competitiveness_label": "Safe D", "party_favored": "Democratic", "is_uncontested": true, "turnout_ratio": 0.7917, "winner_name": "Joan B. Lovely", "winner_party": "Democratic", "winner_war": null, "winner_lean_component": 0.4404, "winner_tide_component": 0.0065, "winner_incumbency_adjustment": 0.0724, "winner_demographics_component": null, "winner_fundraising_component": 0.0068}, {"year": 2014, "lean_dem_share": 0.4518, "competitiveness": "Lean", "competitiveness_label": "Lean R", "party_favored": "Republican", "is_uncontested": true, "turnout_ratio": 0.7709, "winner_name": "Joan B. Lovely", "winner_party": "Democratic", "winner_war": null, "winner_lean_component": 0.4404, "winner_tide_component": 0.0049, "winner_incumbency_adjustment": 0.0724, "winner_demographics_component": null, "winner_fundraising_component": 0.0071}, {"year": 2012, "lean_dem_share": 0.5891, "competitiveness": "Likely", "competitiveness_label": "Likely D", "party_favored": "Democratic", "is_uncontested": false, "turnout_ratio": 0.9354, "winner_name": "Joan B. Lovely", "winner_party": "Democratic", "winner_war": 0.1275, "winner_lean_component": 0.4404, "winner_tide_component": 0.0062, "winner_incumbency_adjustment": 0.0, "winner_demographics_component": null, "winner_fundraising_component": 0.0396}], "lean_dem_share": 0.6548, "competitiveness": "Safe", "competitiveness_label": "Safe D", "party_favored": "Democratic", "is_uncontested": true, "turnout_ratio": 0.7711, "winner_name": "Joan B. Lovely", "winner_party": "Democratic", "winner_war": null, "winner_lean_component": 0.4404, "winner_tide_component": 0.0067, "winner_incumbency_adjustment": 0.0724, "winner_demographics_component": null, "winner_fundraising_component": -0.0183}, "geometry": {"type": "MultiPolygon", "coordinates": [[[[-70.812499, 42.50923699999999], [-70.812028, 42.509271999999996], [-70.81147899999999, 42.50896099999999], [-70.811371, 42.508827000000004], [-70.81154099999999, 42.50829800000001], [-70.81184999999999, 42.50821200000001], [-70.81209799999999, 42.508402], [-70.812476, 42.50892700000001], [-70.812499, 42.50923699999999]]], [[[-70.817553, 42.514115], [-70.816456, 42.51472600000001], [-70.81607, 42.514669], [-70.815738, 42.514161], [-70.81495699999999, 42.514075000000005], [-70.81537399999999, 42.51372599999999], [-70.81533499999999, 42.51351900000001], [-70.814795, 42.51338800000003], [-70.814323, 42.512829], [-70.814238, 42.51247400000002], [-70.813844, 42.512128999999995], [-70.81294799999999, 42.512291999999995], [-70.812005, 42.51213599999999], [-70.811897, 42.51197500000001], [-70.812322, 42.511793000000004], [-70.812298, 42.51149200000001], [-70.812569, 42.51119], [-70.811873, 42.51098500000001], [-70.812067, 42.510329], [-70.812422, 42.510022000000006], [-70.812685, 42.510036], [-70.812878, 42.51033899999998], [-70.812669, 42.510621000000015], [-70.813071, 42.51068699999999], [-70.81342699999999, 42.51099200000001], [-70.813736, 42.51071300000002], [-70.81447, 42.510962], [-70.815591, 42.512736], [-70.816054, 42.512711], [-70.816433, 42.51307], [-70.816935, 42.51321000000001], [-70.817553, 42.513889000000006], [-70.817553, 42.514115]]], [[[-71.034847, 42.56550000000002], [-71.02981, 42.565157], [-71.02933, 42.569796], [-71.027241, 42.56943900000001], [-71.02610400000002, 42.56947299999998], [-71.02434099999999, 42.56919800000001], [-71.023923, 42.56938999999999], [-71.02349699999999, 42.57019899999999], [-71.02322699999999, 42.570240000000005], [-71.021332, 42.569755], [-71.021169, 42.56959199999999], [-71.021, 42.56863100000002], [-71.019639, 42.56813300000001], [-71.018115, 42.567885000000004], [-71.015154, 42.567747999999995], [-71.01411, 42.566875], [-71.012889, 42.56612200000002], [-71.011164, 42.565441], [-71.009866, 42.56471199999998], [-71.009163, 42.564644], [-71.008558, 42.563939999999995], [-71.008222, 42.563911000000004], [-71.007105, 42.564574], [-71.00469799999999, 42.565121000000005], [-71.00350999999999, 42.564944], [-71.00331299999999, 42.56478999999998], [-71.002991, 42.563283999999996], [-71.002783, 42.563222], [-71.00233, 42.56376600000002], [-71.001992, 42.565386000000004], [-71.001265, 42.56546600000001], [-71.00066199999999, 42.566066000000006], [-71.00012199999999, 42.56614299999999], [-70.99881599999999, 42.566916], [-70.997997, 42.56698399999999], [-70.997402, 42.567477000000004], [-70.997355, 42.56771600000002], [-70.997766, 42.568014], [-70.9978, 42.56821399999999], [-70.997253, 42.56855300000001], [-70.99719, 42.568969], [-70.99659199999999, 42.56886400000001], [-70.996816, 42.569355], [-70.996552, 42.569780000000016], [-70.996121, 42.569916000000006], [-70.996191, 42.570061999999986], [-70.99698099999999, 42.570163000000015], [-70.99680699999999, 42.571174000000006], [-70.996495, 42.571348], [-70.99638399999999, 42.570975999999995], [-70.99611, 42.57093400000001], [-70.995673, 42.57128899999999], [-70.995284, 42.571333], [-70.995269, 42.571554], [-70.995784, 42.571884000000004], [-70.995775, 42.572109000000005], [-70.994565, 42.572318], [-70.99506, 42.57350799999999], [-70.99484199999999, 42.573628], [-70.993798, 42.573567999999995], [-70.993254, 42.574032], [-70.993179, 42.574729000000005], [-70.99380000000001, 42.575309999999995], [-70.993713, 42.575523000000004], [-70.99323, 42.57582299999999], [-70.993216, 42.576443], [-70.99277599999999, 42.57662800000001], [-70.99331, 42.577264], [-70.99325, 42.577651], [-70.992711, 42.578261000000005], [-70.991953, 42.578365], [-70.990886, 42.57981899999999], [-70.99009099999999, 42.580496000000004], [-70.990034, 42.581143], [-70.990329, 42.58177799999999], [-70.990529, 42.58177500000001], [-70.990923, 42.581333], [-70.99141, 42.581471], [-70.99131799999999, 42.581966], [-70.990982, 42.58247399999998], [-70.99105700000001, 42.58274199999999], [-70.991591, 42.58315499999999], [-70.99118, 42.58377300000001], [-70.991197, 42.585278999999986], [-70.99184199999999, 42.586555999999995], [-70.990509, 42.586676], [-70.98982099999999, 42.586985000000006], [-70.987313, 42.588832000000004], [-70.986123, 42.589983999999994], [-70.985592, 42.590050000000005], [-70.986059, 42.591832000000004], [-70.974372, 42.59453899999999], [-70.964659, 42.599647], [-70.965535, 42.600156], [-70.96641, 42.60112699999998], [-70.967478, 42.600716999999996], [-70.968639, 42.60099], [-70.969235, 42.60147499999998], [-70.969545, 42.60223500000001], [-70.970672, 42.602853], [-70.97345299999999, 42.60296899999999], [-70.97528, 42.60425199999999], [-70.976008, 42.604942], [-70.977471, 42.605295], [-70.978702, 42.605940000000004], [-70.979871, 42.60605100000001], [-70.980676, 42.60654099999999], [-70.982077, 42.606809999999996], [-70.982936, 42.60741199999998], [-70.983308, 42.60812], [-70.982613, 42.60914200000003], [-70.98273700000001, 42.60946799999999], [-70.984743, 42.611464000000005], [-70.985192, 42.61173500000001], [-70.985293, 42.61201700000001], [-70.985231, 42.61232], [-70.983568, 42.61389800000001], [-70.98346099999999, 42.614499], [-70.982511, 42.61659299999999], [-70.97751699999999, 42.62006400000001], [-70.97652, 42.621002], [-70.976326, 42.62141699999999], [-70.976472, 42.622364000000005], [-70.976263, 42.62277199999998], [-70.97671199999999, 42.623193], [-70.976669, 42.623311], [-70.97550199999999, 42.623825000000004], [-70.97497, 42.62378100000001], [-70.974513, 42.623442], [-70.97402799999999, 42.62349900000001], [-70.973089, 42.624374], [-70.972177, 42.62415199999999], [-70.971756, 42.624842000000015], [-70.971272, 42.62512099999999], [-70.970348, 42.625389999999996], [-70.96990000000001, 42.62519100000001], [-70.969386, 42.625297], [-70.967667, 42.626722], [-70.968053, 42.626740999999996], [-70.968525, 42.627125], [-70.96981099999999, 42.627517000000005], [-70.970237, 42.627793], [-70.971383, 42.628071], [-70.972234, 42.628745], [-70.97242, 42.628994], [-70.972336, 42.629342], [-70.97304, 42.629591000000005], [-70.973668, 42.63031900000001], [-70.973931, 42.63093599999999], [-70.973258, 42.63155999999999], [-70.973274, 42.63170300000001], [-70.974514, 42.633564], [-70.974328, 42.633919000000006], [-70.975078, 42.633788999999986], [-70.975188, 42.63437199999999], [-70.974739, 42.634533], [-70.974963, 42.635167], [-70.974436, 42.636129999999994], [-70.97400999999999, 42.63623700000001], [-70.97375, 42.63651000000001], [-70.973362, 42.636550999999976], [-70.97338500000001, 42.63686599999999], [-70.973765, 42.63745399999999], [-70.973742, 42.637778], [-70.973936, 42.637906], [-70.973696, 42.638247], [-70.97422999999999, 42.638517], [-70.974657, 42.639293], [-70.97528299999999, 42.63939099999998], [-70.975137, 42.63967199999999], [-70.97529899999999, 42.63984099999999], [-70.976051, 42.640052999999995], [-70.976214, 42.64063499999999], [-70.97637, 42.640714], [-70.975545, 42.642184], [-70.96036099999999, 42.64984299999998], [-70.968955, 42.673178000000014], [-70.965341, 42.671867000000006], [-70.9362, 42.66346999999999], [-70.92052500000001, 42.670078000000004], [-70.916341, 42.660754000000004], [-70.904893, 42.662051000000005], [-70.90363099999999, 42.660272], [-70.903607, 42.659768000000014], [-70.90447, 42.659527999999995], [-70.905622, 42.658705000000005], [-70.905023, 42.65208299999999], [-70.901772, 42.652840000000005], [-70.89831099999999, 42.64809600000001], [-70.90024199999999, 42.64753999999999], [-70.897938, 42.644664000000006], [-70.89629, 42.643724000000006], [-70.89638699999999, 42.64181999999999], [-70.896023, 42.641384], [-70.89597499999999, 42.639373], [-70.90473, 42.63816800000001], [-70.907157, 42.635319999999986], [-70.90720999999999, 42.63489200000001], [-70.90620799999999, 42.63416500000002], [-70.905208, 42.633059999999986], [-70.90436, 42.63313999999999], [-70.903894, 42.632897], [-70.90387199999999, 42.63267199999999], [-70.905237, 42.631921], [-70.905807, 42.63127], [-70.905911, 42.63079500000002], [-70.90616399999999, 42.63054799999999], [-70.907432, 42.630663999999996], [-70.90752599999999, 42.630362], [-70.909021, 42.62962500000001], [-70.90946699999999, 42.62956500000001], [-70.910179, 42.629822999999995], [-70.910872, 42.62923000000001], [-70.911361, 42.62959600000001], [-70.91138699999999, 42.629935999999994], [-70.912099, 42.630159000000006], [-70.912219, 42.63001599999999], [-70.91178699999999, 42.629686], [-70.91187699999999, 42.629211], [-70.91212300000001, 42.629160000000006], [-70.912409, 42.629455000000014], [-70.912322, 42.62960100000001], [-70.91253499999999, 42.629658], [-70.91269799999999, 42.629414], [-70.912551, 42.62893500000001], [-70.91304199999999, 42.62852899999997], [-70.91356999999999, 42.62853200000001], [-70.913765, 42.628232000000004], [-70.914322, 42.628353], [-70.914777, 42.628722999999994], [-70.914952, 42.628675], [-70.914867, 42.628321000000014], [-70.915082, 42.628104], [-70.916077, 42.628477], [-70.916817, 42.628344], [-70.916901, 42.627978000000006], [-70.916501, 42.62769300000001], [-70.916004, 42.627641], [-70.91596799999999, 42.62743799999999], [-70.917497, 42.627137999999974], [-70.917615, 42.626835000000014], [-70.917411, 42.62670499999997], [-70.918551, 42.62618599999998], [-70.91881, 42.625751], [-70.91964, 42.625887], [-70.91957, 42.625464], [-70.91990799999999, 42.625147], [-70.919708, 42.62491299999999], [-70.919174, 42.624787000000005], [-70.91881099999999, 42.62426899999999], [-70.918347, 42.62460100000002], [-70.917892, 42.62412700000001], [-70.917904, 42.623837], [-70.918667, 42.622842000000006], [-70.918925, 42.622766999999996], [-70.91914799999999, 42.622959], [-70.918989, 42.62333999999999], [-70.918553, 42.623598], [-70.918917, 42.62384499999999], [-70.91951399999999, 42.623693], [-70.919781, 42.62316399999998], [-70.920226, 42.623251], [-70.920993, 42.62374099999999], [-70.9213, 42.62375800000001], [-70.92276799999999, 42.62323000000001], [-70.924397, 42.623709], [-70.925714, 42.622924999999995], [-70.926655, 42.62034800000001], [-70.927449, 42.61695199999999], [-70.928485, 42.615925000000004], [-70.93109, 42.612444], [-70.929452, 42.60897999999998], [-70.933883, 42.59959700000001], [-70.927497, 42.592228000000006], [-70.922342, 42.591513], [-70.901128, 42.590973000000005], [-70.835411, 42.590681000000004], [-70.827692, 42.58313100000001], [-70.820311, 42.57782200000002], [-70.819019, 42.57928600000002], [-70.813296, 42.580138999999996], [-70.810093, 42.584094999999984], [-70.806935, 42.580354], [-70.794511, 42.569305], [-70.793854, 42.569295000000004], [-70.794039, 42.568847], [-70.793753, 42.56865300000002], [-70.79382, 42.56820600000001], [-70.79315799999999, 42.56692600000001], [-70.793469, 42.5664], [-70.793598, 42.565436000000005], [-70.793407, 42.56509], [-70.793326, 42.56454699999999], [-70.79343999999999, 42.56438200000001], [-70.793312, 42.564263999999994], [-70.79390099999999, 42.56293700000001], [-70.793824, 42.562218], [-70.794805, 42.55739], [-70.79541499999999, 42.551479], [-70.794675, 42.551169], [-70.78836799999999, 42.54954900000001], [-70.777085, 42.53946200000001], [-70.773429, 42.53570800000001], [-70.74542799999999, 42.513194999999996], [-70.733558, 42.50395700000001], [-70.736119, 42.50010699999999], [-70.749489, 42.492722000000015], [-70.767571, 42.484590999999995], [-70.799042, 42.509222], [-70.813707, 42.52237900000001], [-70.84329199999999, 42.528794999999995], [-70.858092, 42.52739499999999], [-70.875092, 42.518494999999994], [-70.877392, 42.514195], [-70.87969199999999, 42.509294999999995], [-70.879359, 42.508429], [-70.878708, 42.505365], [-70.879544, 42.50374999999998], [-70.882245, 42.50270700000001], [-70.88676099999999, 42.49844699999999], [-70.886001, 42.497809], [-70.885801, 42.4978], [-70.885497, 42.49736799999999], [-70.885673, 42.49669299999999], [-70.886488, 42.495998000000014], [-70.88636199999999, 42.495695000000005], [-70.886639, 42.495104], [-70.888021, 42.49493700000001], [-70.888401, 42.49471299999999], [-70.888598, 42.494385000000015], [-70.890801, 42.493644999999994], [-70.89052, 42.49337899999999], [-70.890958, 42.49321399999998], [-70.889906, 42.49021400000001], [-70.890624, 42.48874300000001], [-70.894032, 42.48611799999999], [-70.89617299999999, 42.485358000000005], [-70.89903300000002, 42.484671999999996], [-70.901322, 42.485309], [-70.902197, 42.485324000000006], [-70.905075, 42.484840000000005], [-70.906539, 42.484263000000006], [-70.93940599999999, 42.49207], [-70.93943999999999, 42.49218900000001], [-70.95714, 42.496528000000005], [-70.987054, 42.511844], [-71.005288, 42.52299200000001], [-71.03155799999999, 42.551203], [-71.034847, 42.56550000000002]]]]}}, {"type": "Feature", "properties": {"district_name": "Third Essex District", "chamber": "senate", "vintage": "2012-2020", "url": "/district/senate-third-essex-district-2012-2020/", "latest_year": 2020, "years": [{"year": 2020, "lean_dem_share": 0.6558, "competitiveness": "Safe", "competitiveness_label": "Safe D", "party_favored": "Democratic", "is_uncontested": true, "turnout_ratio": 0.7357, "winner_name": "Brendan P. Crighton", "winner_party": "Democratic", "winner_war": null, "winner_lean_component": 0.4487, "winner_tide_component": 0.0067, "winner_incumbency_adjustment": 0.0724, "winner_demographics_component": null, "winner_fundraising_component": 0.0265}, {"year": 2018, "lean_dem_share": 0.29, "competitiveness": "Safe", "competitiveness_label": "Safe R", "party_favored": "Republican", "is_uncontested": true, "turnout_ratio": 0.761, "winner_name": "Brendan P. Crighton", "winner_party": "Democratic", "winner_war": null, "winner_lean_component": 0.4487, "winner_tide_component": 0.0033, "winner_incumbency_adjustment": 0.0, "winner_demographics_component": null, "winner_fundraising_component": 0.022}, {"year": 2016, "lean_dem_share": 0.6286, "competitiveness": "Safe", "competitiveness_label": "Safe D", "party_favored": "Democratic", "is_uncontested": true, "turnout_ratio": 0.7885, "winner_name": "Thomas M. McGee", "winner_party": "Democratic", "winner_war": null, "winner_lean_component": 0.4487, "winner_tide_component": 0.0065, "winner_incumbency_adjustment": 0.0724, "winner_demographics_component": null, "winner_fundraising_component": null}, {"year": 2014, "lean_dem_share": 0.4629, "competitiveness": "Lean", "competitiveness_label": "Lean R", "party_favored": "Republican", "is_uncontested": true, "turnout_ratio": 0.7571, "winner_name": "Thomas M. McGee", "winner_party": "Democratic", "winner_war": null, "winner_lean_component": 0.4487, "winner_tide_component": 0.0049, "winner_incumbency_adjustment": 0.0724, "winner_demographics_component": null, "winner_fundraising_component": null}, {"year": 2012, "lean_dem_share": 0.6132, "competitiveness": "Safe", "competitiveness_label": "Safe D", "party_favored": "Democratic", "is_uncontested": true, "turnout_ratio": 0.7542, "winner_name": "Thomas M. McGee", "winner_party": "Democratic", "winner_war": null, "winner_lean_component": 0.4487, "winner_tide_component": 0.0062, "winner_incumbency_adjustment": 0.0, "winner_demographics_component": null, "winner_fundraising_component": null}], "lean_dem_share": 0.6558, "competitiveness": "Safe", "competitiveness_label": "Safe D", "party_favored": "Democratic", "is_uncontested": true, "turnout_ratio": 0.7357, "winner_name": "Brendan P. Crighton", "winner_party": "Democratic", "winner_war": null, "winner_lean_component": 0.4487, "winner_tide_component": 0.0067, "winner_incumbency_adjustment": 0.0724, "winner_demographics_component": null, "winner_fundraising_component": 0.0265}, "geometry": {"type": "Polygon", "coordinates": [[[-71.075257, 42.53112200000001], [-71.070978, 42.55588899999999], [-71.065156, 42.56175900000001], [-71.057164, 42.574151], [-71.05708700000001, 42.574017000000005], [-71.057311, 42.57383799999999], [-71.057071, 42.573757], [-71.056375, 42.57417399999999], [-71.056406, 42.574381], [-71.05612700000002, 42.574363000000005], [-71.055903, 42.57458800000001], [-71.055671, 42.57426799999999], [-71.055926, 42.57378200000001], [-71.055531, 42.573688000000004], [-71.05560899999999, 42.573504], [-71.05487400000001, 42.57383199999999], [-71.05400800000001, 42.572983], [-71.05316499999999, 42.572836], [-71.053134, 42.572556999999996], [-71.053553, 42.57232799999998], [-71.053804, 42.571859], [-71.05282, 42.57137599999999], [-71.05197799999999, 42.571928000000014], [-71.05156699999999, 42.571547999999986], [-71.051253, 42.571598], [-71.051098, 42.57118300000001], [-71.050817, 42.571191], [-71.050488, 42.57149800000001], [-71.049883, 42.571010999999984], [-71.04931599999999, 42.57099100000002], [-71.046622, 42.57242199999999], [-71.044828, 42.57283199999999], [-71.044502, 42.57348199999999], [-71.044, 42.57366200000001], [-71.043048, 42.573134], [-71.04190299999999, 42.573357000000016], [-71.041564, 42.57329200000001], [-71.040351, 42.57228500000001], [-71.040227, 42.57145], [-71.039874, 42.57126799999999], [-71.03793499999999, 42.57093500000001], [-71.037717, 42.571008], [-71.037351, 42.571658], [-71.037069, 42.571625], [-71.03524500000002, 42.57037800000001], [-71.03546800000001, 42.57025199999999], [-71.034859, 42.56555099999999], [-71.03155799999999, 42.551203], [-71.005288, 42.52299200000001], [-70.987054, 42.511844], [-70.95714, 42.496528000000005], [-70.93943999999999, 42.49218900000001], [-70.93940599999999, 42.49207], [-70.906539, 42.484263000000006], [-70.905075, 42.484840000000005], [-70.902197, 42.485324000000006], [-70.901322, 42.485309], [-70.89903300000002, 42.484671999999996], [-70.89617299999999, 42.485358000000005], [-70.894032, 42.48611799999999], [-70.890624, 42.48874300000001], [-70.889906, 42.49021400000001], [-70.890958, 42.49321399999998], [-70.89052, 42.49337899999999], [-70.890801, 42.493644999999994], [-70.888598, 42.494385000000015], [-70.888401, 42.49471299999999], [-70.888021, 42.49493700000001], [-70.886639, 42.495104], [-70.88636199999999, 42.495695000000005], [-70.886488, 42.495998000000014], [-70.885673, 42.49669299999999], [-70.885497, 42.49736799999999], [-70.885801, 42.4978], [-70.886001, 42.497809], [-70.88676099999999, 42.49844699999999], [-70.882245, 42.50270700000001], [-70.879544, 42.50374999999998], [-70.878708, 42.505365], [-70.879359, 42.508429], [-70.87969199999999, 42.509294999999995], [-70.877392, 42.514195], [-70.875092, 42.518494999999994], [-70.858092, 42.52739499999999], [-70.84329199999999, 42.528794999999995], [-70.813707, 42.52237900000001], [-70.799042, 42.509222], [-70.767571, 42.484590999999995], [-70.749489, 42.492722000000015], [-70.736119, 42.50010699999999], [-70.617339, 42.500099], [-70.640006, 42.43166], [-70.648072, 42.40562799999999], [-70.749487, 42.400819999999996], [-70.85143599999999, 42.393209000000006], [-70.901292, 42.384098000000016], [-70.924593, 42.386798], [-70.95949399999999, 42.407498000000004], [-70.962093, 42.412397000000006], [-70.959093, 42.41859699999998], [-70.95299299999999, 42.42939599999999], [-70.951393, 42.436996], [-70.95079299999999, 42.44429599999999], [-70.966293, 42.44349700000001], [-70.968594, 42.444396], [-70.971594, 42.442696], [-70.975194, 42.436896000000004], [-70.979648, 42.432631], [-70.982294, 42.431296], [-70.983708, 42.431663], [-70.985754, 42.432556999999996], [-70.987805, 42.43399799999998], [-70.99011999999999, 42.43487700000001], [-70.992023, 42.43413499999999], [-70.994849, 42.43115], [-70.99571399999999, 42.430855000000015], [-70.998475, 42.431296], [-71.001094, 42.431296], [-71.003275, 42.429709999999986], [-71.003571, 42.42967900000002], [-71.004595, 42.429814], [-71.004595, 42.431715], [-71.00334699999999, 42.43220900000001], [-71.003219, 42.43243700000001], [-71.00330199999999, 42.43270299999998], [-71.004632, 42.43305500000001], [-71.005875, 42.433029], [-71.006974, 42.43383800000001], [-71.007873, 42.433972], [-71.00862599999999, 42.434352999999994], [-71.009277, 42.43427799999999], [-71.00937499999999, 42.433989], [-71.009613, 42.43403], [-71.009577, 42.433189000000006], [-71.00976, 42.43328899999999], [-71.00972, 42.433862], [-71.009864, 42.43398099999999], [-71.010164, 42.433796], [-71.010742, 42.433767], [-71.010403, 42.433521], [-71.011158, 42.43314300000001], [-71.011534, 42.433335], [-71.01191, 42.433319000000004], [-71.01171599999999, 42.433705], [-71.01117599999999, 42.43377799999999], [-71.010954, 42.43366], [-71.01086699999999, 42.43389599999998], [-71.010327, 42.434098999999996], [-71.01088299999999, 42.43440699999999], [-71.01074299999999, 42.435262], [-71.011579, 42.436179], [-71.01049499999999, 42.437396], [-71.010295, 42.43869600000001], [-71.011995, 42.439696000000005], [-71.009495, 42.441196], [-71.012095, 42.442796], [-71.016795, 42.44819599999999], [-71.018295, 42.44959599999998], [-71.018495, 42.45009599999999], [-71.02029499999999, 42.448896], [-71.023679, 42.44599500000001], [-71.024958, 42.44538899999999], [-71.025864, 42.44474300000001], [-71.03726999999999, 42.457674000000004], [-71.039114, 42.45951300000002], [-71.04021399999999, 42.46090199999999], [-71.044729, 42.465724000000016], [-71.04479599999999, 42.466195000000006], [-71.045296, 42.466795000000005], [-71.053496, 42.475895000000016], [-71.05419599999999, 42.476995], [-71.053697, 42.479195], [-71.053596, 42.48109500000001], [-71.052621, 42.486059000000004], [-71.050252, 42.48653299999999], [-71.045496, 42.48859500000001], [-71.040089, 42.495602999999996], [-71.042096, 42.497997], [-71.04399599999999, 42.500695000000015], [-71.041714, 42.502556999999996], [-71.037796, 42.503295], [-71.036096, 42.505195], [-71.035596, 42.50599500000001], [-71.035296, 42.506994999999996], [-71.035896, 42.507295000000006], [-71.036433, 42.509371], [-71.03719699999999, 42.510196], [-71.03679799999999, 42.511593999999995], [-71.037397, 42.512795999999994], [-71.039796, 42.514195], [-71.038596, 42.516195], [-71.040697, 42.51819599999999], [-71.041696, 42.519895], [-71.040199, 42.522197999999975], [-71.039287, 42.523205], [-71.038736, 42.52353800000001], [-71.03859899999999, 42.523959999999995], [-71.03869, 42.52425900000001], [-71.03916699999999, 42.524789], [-71.040004, 42.525189], [-71.040983, 42.526261999999996], [-71.057662, 42.52417899999999], [-71.05814099999999, 42.52394599999999], [-71.062099, 42.52439499999999], [-71.06589799999999, 42.52439499999999], [-71.06679799999999, 42.52459499999999], [-71.06775999999999, 42.52536200000001], [-71.068354, 42.525389000000004], [-71.075257, 42.53112200000001]], [[-70.812476, 42.50892700000001], [-70.81184999999999, 42.50821200000001], [-70.81154099999999, 42.50829800000001], [-70.811371, 42.508827000000004], [-70.811696, 42.509115], [-70.812291, 42.50931700000001], [-70.812499, 42.50923699999999], [-70.812476, 42.50892700000001]], [[-70.817553, 42.513889000000006], [-70.816935, 42.51321000000001], [-70.816433, 42.51307], [-70.816054, 42.512711], [-70.815591, 42.512736], [-70.81447, 42.510962], [-70.813736, 42.51071300000002], [-70.81342699999999, 42.51099200000001], [-70.813071, 42.51068699999999], [-70.812669, 42.510621000000015], [-70.812878, 42.51033899999998], [-70.812685, 42.510036], [-70.812422, 42.510022000000006], [-70.812067, 42.510329], [-70.811873, 42.51098500000001], [-70.812569, 42.51119], [-70.812298, 42.51149200000001], [-70.812322, 42.511793000000004], [-70.811897, 42.512052], [-70.81294799999999, 42.512291999999995], [-70.813844, 42.512128999999995], [-70.814238, 42.51247400000002], [-70.814323, 42.512829], [-70.814795, 42.51338800000003], [-70.81533499999999, 42.51351900000001], [-70.81537399999999, 42.51372599999999], [-70.814949, 42.513970999999984], [-70.81503400000001, 42.514132], [-70.815738, 42.514161], [-70.81607, 42.514669], [-70.816456, 42.51472600000001], [-70.817399, 42.514293], [-70.817553, 42.513889000000006]]]}}, {"type": "Feature", "properties": {"district_name": "Fifth Middlesex District", "chamber": "senate", "vintage": "2012-2020", "url": "/district/senate-fifth-middlesex-district-2012-2020/", "latest_year": 2020, "years": [{"year": 2020, "lean_dem_share": 0.6955, "competitiveness": "Safe", "competitiveness_label": "Safe D", "party_favored": "Democratic", "is_uncontested": true, "turnout_ratio": 0.7143, "winner_name": "Jason M. Lewis", "winner_party": "Democratic", "winner_war": null, "winner_lean_component": 0.4654, "winner_tide_component": 0.0067, "winner_incumbency_adjustment": 0.0724, "winner_demographics_component": null, "winner_fundraising_component": 0.0199}, {"year": 2018, "lean_dem_share": 0.3233, "competitiveness": "Safe", "competitiveness_label": "Safe R", "party_favored": "Republican", "is_uncontested": false, "turnout_ratio": 0.9873, "winner_name": "Jason M. Lewis", "winner_party": "Democratic", "winner_war": 0.0055, "winner_lean_component": 0.4654, "winner_tide_component": 0.0033, "winner_incumbency_adjustment": 0.0724, "winner_demographics_component": null, "winner_fundraising_component": 0.0298}, {"year": 2016, "lean_dem_share": 0.6539, "competitiveness": "Safe", "competitiveness_label": "Safe D", "party_favored": "Democratic", "is_uncontested": false, "turnout_ratio": 0.9295, "winner_name": "Jason M. Lewis", "winner_party": "Democratic", "winner_war": 0.0361, "winner_lean_component": 0.4654, "winner_tide_component": 0.0065, "winner_incumbency_adjustment": 0.0724, "winner_demographics_component": null, "winner_fundraising_component": 0.0173}, {"year": 2014, "lean_dem_share": 0.4801, "competitiveness": "Tossup", "competitiveness_label": "Tossup R", "party_favored": "Republican", "is_uncontested": false, "turnout_ratio": 0.9784, "winner_name": "Jason M. Lewis", "winner_party": "Democratic", "winner_war": -0.0408, "winner_lean_component": 0.4654, "winner_tide_component": 0.0049, "winner_incumbency_adjustment": 0.0, "winner_demographics_component": null, "winner_fundraising_component": 0.045}, {"year": 2012, "lean_dem_share": 0.5968, "competitiveness": "Likely", "competitiveness_label": "Likely D", "party_favored": "Democratic", "is_uncontested": true, "turnout_ratio": 0.7102, "winner_name": "Katherine M. Clark", "winner_party": "Democratic", "winner_war": null, "winner_lean_component": 0.4654, "winner_tide_component": 0.0062, "winner_incumbency_adjustment": 0.0, "winner_demographics_component": null, "winner_fundraising_component": 0.0182}], "lean_dem_share": 0.6955, "competitiveness": "Safe", "competitiveness_label": "Safe D", "party_favored": "Democratic", "is_uncontested": true, "turnout_ratio": 0.7143, "winner_name": "Jason M. Lewis", "winner_party": "Democratic", "winner_war": null, "winner_lean_component": 0.4654, "winner_tide_component": 0.0067, "winner_incumbency_adjustment": 0.0724, "winner_demographics_component": null, "winner_fundraising_component": 0.0199}, "geometry": {"type": "Polygon", "coordinates": [[[-71.150538, 42.46426499999999], [-71.123862, 42.473392000000004], [-71.112116, 42.473818000000016], [-71.116795, 42.49463900000001], [-71.121765, 42.49872000000001], [-71.11976, 42.500291999999995], [-71.12195899999999, 42.50427799999999], [-71.122395, 42.504152999999995], [-71.123463, 42.506174], [-71.12417599999999, 42.507526], [-71.123865, 42.50761699999998], [-71.124492, 42.50891800000001], [-71.13545599999999, 42.53000600000001], [-71.131316, 42.531814], [-71.13483, 42.546251], [-71.136522, 42.55255599999997], [-71.135646, 42.552267], [-71.13426299999999, 42.552875], [-71.133284, 42.55301199999999], [-71.132443, 42.552915], [-71.13212, 42.55353399999999], [-71.13141499999999, 42.553436999999974], [-71.130932, 42.55386], [-71.129882, 42.55412399999998], [-71.129868, 42.554294999999996], [-71.129091, 42.554885000000006], [-71.128562, 42.554588], [-71.12751, 42.55447199999999], [-71.126938, 42.554226000000014], [-71.126768, 42.55491800000001], [-71.126187, 42.55549200000001], [-71.125947, 42.556031999999995], [-71.12556, 42.556259999999995], [-71.126008, 42.55654399999999], [-71.125954, 42.55678800000001], [-71.125413, 42.55670800000002], [-71.125188, 42.55692399999999], [-71.124274, 42.55688300000001], [-71.12418199999999, 42.557398], [-71.123842, 42.557638000000004], [-71.123749, 42.55811700000001], [-71.12316899999999, 42.55814999999998], [-71.122281, 42.55864899999998], [-71.121663, 42.55916000000001], [-71.12156999999999, 42.55967499999999], [-71.120797, 42.55993700000002], [-71.120635, 42.56032699999999], [-71.119839, 42.560013], [-71.119096, 42.559955], [-71.11895, 42.560300000000005], [-71.118393, 42.560638999999995], [-71.11854, 42.560951], [-71.118432, 42.561195999999995], [-71.11735, 42.561212000000005], [-71.116298, 42.56167699999998], [-71.115757, 42.561701], [-71.11490599999999, 42.561284], [-71.115122, 42.561077000000004], [-71.114867, 42.560952], [-71.114048, 42.560881], [-71.11397000000001, 42.561120999999986], [-71.113491, 42.561134999999986], [-71.113158, 42.560722], [-71.112826, 42.56082700000001], [-71.112563, 42.560697000000005], [-71.11223799999999, 42.560945999999966], [-71.11115500000001, 42.56090700000002], [-71.109973, 42.561375000000005], [-71.108559, 42.56292700000001], [-71.10855099999999, 42.563351000000004], [-71.107957, 42.56400099999999], [-71.107996, 42.56439199999999], [-71.106094, 42.565094000000016], [-71.10575399999999, 42.565415], [-71.105243, 42.565509999999996], [-71.104888, 42.56588999999999], [-71.104896, 42.56621000000002], [-71.104563, 42.566432], [-71.10428499999999, 42.566271], [-71.10395199999999, 42.566358000000015], [-71.103548, 42.564897], [-71.09278100000002, 42.559249999999984], [-71.08989, 42.55822199999999], [-71.070978, 42.55588899999999], [-71.075257, 42.53112200000001], [-71.068354, 42.525389000000004], [-71.06775999999999, 42.52536200000001], [-71.06679799999999, 42.52459499999999], [-71.06589799999999, 42.52439499999999], [-71.062099, 42.52439499999999], [-71.05814099999999, 42.52394599999999], [-71.057662, 42.52417899999999], [-71.040983, 42.526261999999996], [-71.040004, 42.525189], [-71.03916699999999, 42.524789], [-71.03869, 42.52425900000001], [-71.03859899999999, 42.523959999999995], [-71.038736, 42.52353800000001], [-71.039287, 42.523205], [-71.040199, 42.522197999999975], [-71.041696, 42.519895], [-71.040697, 42.51819599999999], [-71.038596, 42.516195], [-71.039796, 42.514195], [-71.037397, 42.512795999999994], [-71.03679799999999, 42.511593999999995], [-71.03719699999999, 42.510196], [-71.036433, 42.509371], [-71.035896, 42.507295000000006], [-71.035296, 42.506994999999996], [-71.035596, 42.50599500000001], [-71.036096, 42.505195], [-71.037796, 42.503295], [-71.041714, 42.502556999999996], [-71.04399599999999, 42.500695000000015], [-71.042096, 42.497997], [-71.040089, 42.495602999999996], [-71.045496, 42.48859500000001], [-71.050252, 42.48653299999999], [-71.052621, 42.486059000000004], [-71.053596, 42.48109500000001], [-71.053697, 42.479195], [-71.05419599999999, 42.476995], [-71.053496, 42.475895000000016], [-71.045296, 42.466795000000005], [-71.04479599999999, 42.466195000000006], [-71.044729, 42.465724000000016], [-71.04021399999999, 42.46090199999999], [-71.039114, 42.45951300000002], [-71.03726999999999, 42.457674000000004], [-71.02577699999999, 42.44475299999999], [-71.020377, 42.43824999999998], [-71.028257, 42.42414799999998], [-71.050324, 42.42299500000001], [-71.05442, 42.420044999999995], [-71.054735, 42.42003799999999], [-71.05685, 42.418671], [-71.060441, 42.416007], [-71.061584, 42.41561000000001], [-71.064559, 42.41533399999999], [-71.06450699999999, 42.41524099999999], [-71.073296, 42.414796], [-71.073196, 42.41299599999999], [-71.073574, 42.41271600000001], [-71.07473399999999, 42.41254700000001], [-71.075332, 42.41297299999998], [-71.07549, 42.41327699999999], [-71.07713199999999, 42.413285], [-71.07930999999999, 42.414938], [-71.07991, 42.415166000000006], [-71.081724, 42.41515700000001], [-71.08349, 42.41600700000001], [-71.085785, 42.417895], [-71.089446, 42.42662299999999], [-71.089062, 42.42911499999999], [-71.088031, 42.42902600000001], [-71.085696, 42.444694999999975], [-71.104722, 42.44884699999998], [-71.119402, 42.453444999999995], [-71.121346, 42.448670000000014], [-71.124153, 42.444115999999994], [-71.124005, 42.44382700000001], [-71.124042, 42.443369999999994], [-71.12523000000002, 42.44334099999999], [-71.12654599999999, 42.44391099999999], [-71.125906, 42.444065], [-71.12557699999999, 42.44434200000002], [-71.125513, 42.44467100000003], [-71.126065, 42.44515399999998], [-71.128835, 42.445913999999995], [-71.130161, 42.44649500000003], [-71.134112, 42.447432], [-71.134714, 42.44356], [-71.135841, 42.44247400000001], [-71.13619299999999, 42.442485000000005], [-71.137092, 42.44331899999999], [-71.13826, 42.444064000000004], [-71.144042, 42.446977999999994], [-71.143053, 42.447913000000014], [-71.144189, 42.44876800000001], [-71.145169, 42.449777], [-71.143845, 42.450312999999994], [-71.144865, 42.451463999999994], [-71.146002, 42.451378999999996], [-71.146372, 42.451499], [-71.146474, 42.452178999999994], [-71.145552, 42.453158], [-71.14342599999999, 42.454674999999995], [-71.14213099999999, 42.456006], [-71.141491, 42.45634900000001], [-71.14187299999999, 42.456874], [-71.14242899999999, 42.45720800000001], [-71.144149, 42.457895], [-71.147179, 42.460573], [-71.147958, 42.46052600000001], [-71.14880000000001, 42.460775], [-71.149355, 42.461417999999995], [-71.14971, 42.462213], [-71.14970900000002, 42.463167], [-71.150404, 42.463884000000014], [-71.150538, 42.46426499999999]]]}}, {"type": "Feature", "properties": {"district_name": "Fourth Middlesex District", "chamber": "senate", "vintage": "2012-2020", "url": "/district/senate-fourth-middlesex-district-2012-2020/", "latest_year": 2020, "years": [{"year": 2020, "lean_dem_share": 0.6914, "competitiveness": "Safe", "competitiveness_label": "Safe D", "party_favored": "Democratic", "is_uncontested": true, "turnout_ratio": 0.7418, "winner_name": "Cindy F. Friedman", "winner_party": "Democratic", "winner_war": null, "winner_lean_component": 0.4769, "winner_tide_component": 0.0067, "winner_incumbency_adjustment": 0.0724, "winner_demographics_component": null, "winner_fundraising_component": -0.0137}, {"year": 2018, "lean_dem_share": 0.3539, "competitiveness": "Safe", "competitiveness_label": "Safe R", "party_favored": "Republican", "is_uncontested": true, "turnout_ratio": 0.7714, "winner_name": "Cindy F. Friedman", "winner_party": "Democratic", "winner_war": null, "winner_lean_component": 0.4769, "winner_tide_component": 0.0033, "winner_incumbency_adjustment": 0.0, "winner_demographics_component": null, "winner_fundraising_component": 0.0098}, {"year": 2016, "lean_dem_share": 0.6522, "competitiveness": "Safe", "competitiveness_label": "Safe D", "party_favored": "Democratic", "is_uncontested": true, "turnout_ratio": 0.7758, "winner_name": "Kenneth J. Donnelly", "winner_party": "Democratic", "winner_war": null, "winner_lean_component": 0.4769, "winner_tide_component": 0.0065, "winner_incumbency_adjustment": 0.0724, "winner_demographics_component": null, "winner_fundraising_component": 0.0141}, {"year": 2014, "lean_dem_share": 0.5125, "competitiveness": "Tossup", "competitiveness_label": "Tossup D", "party_favored": "Democratic", "is_uncontested": true, "turnout_ratio": 0.7437, "winner_name": "Kenneth J. Donnelly", "winner_party": "Democratic", "winner_war": null, "winner_lean_component": 0.4769, "winner_tide_component": 0.0049, "winner_incumbency_adjustment": 0.0724, "winner_demographics_component": null, "winner_fundraising_component": -0.0121}, {"year": 2012, "lean_dem_share": 0.6073, "competitiveness": "Safe", "competitiveness_label": "Safe D", "party_favored": "Democratic", "is_uncontested": false, "turnout_ratio": 0.9294, "winner_name": "Kenneth J. Donnelly", "winner_party": "Democratic", "winner_war": 0.0883, "winner_lean_component": 0.4769, "winner_tide_component": 0.0062, "winner_incumbency_adjustment": 0.0, "winner_demographics_component": null, "winner_fundraising_component": 0.0164}], "lean_dem_share": 0.6914, "competitiveness": "Safe", "competitiveness_label": "Safe D", "party_favored": "Democratic", "is_uncontested": true, "turnout_ratio": 0.7418, "winner_name": "Cindy F. Friedman", "winner_party": "Democratic", "winner_war": null, "winner_lean_component": 0.4769, "winner_tide_component": 0.0067, "winner_incumbency_adjustment": 0.0724, "winner_demographics_component": null, "winner_fundraising_component": -0.0137}, "geometry": {"type": "Polygon", "coordinates": [[[-71.33309, 42.560115], [-71.294221, 42.605477999999984], [-71.295092, 42.606343999999986], [-71.295469, 42.606975000000006], [-71.295674, 42.60933399999998], [-71.29593899999999, 42.61034999999999], [-71.297006, 42.612296], [-71.297028, 42.613010999999986], [-71.21114399999999, 42.573305000000005], [-71.212206, 42.57241700000001], [-71.212825, 42.572593999999995], [-71.21391500000001, 42.570519999999995], [-71.214108, 42.57053400000001], [-71.214023, 42.570927], [-71.214147, 42.57097399999999], [-71.214878, 42.570744999999974], [-71.21531399999999, 42.570345], [-71.21510599999999, 42.567041], [-71.21560699999999, 42.566264999999994], [-71.215774, 42.56546600000001], [-71.215965, 42.563542000000005], [-71.215689, 42.56317099999998], [-71.215786, 42.56259], [-71.215948, 42.562404999999984], [-71.21700299999999, 42.562274], [-71.217049, 42.56210200000001], [-71.216655, 42.562158999999994], [-71.216601, 42.561997999999996], [-71.217536, 42.56179399999999], [-71.217717, 42.56151200000001], [-71.218083, 42.561384000000004], [-71.215923, 42.55953000000001], [-71.208956, 42.554485], [-71.21139099999999, 42.553071], [-71.210608, 42.552732], [-71.20983, 42.551444000000004], [-71.210599, 42.547665], [-71.212372, 42.547544], [-71.209384, 42.545797999999984], [-71.206914, 42.545711], [-71.206001, 42.54524699999998], [-71.204702, 42.54420799999999], [-71.199747, 42.53949399999999], [-71.197738, 42.53841400000001], [-71.195119, 42.53566400000001], [-71.19295199999999, 42.534519999999965], [-71.170063, 42.51559700000001], [-71.154298, 42.522127], [-71.153052, 42.52251199999998], [-71.144193, 42.526427], [-71.13545599999999, 42.53000600000001], [-71.124492, 42.50891800000001], [-71.123865, 42.50761699999998], [-71.12417599999999, 42.507526], [-71.123463, 42.506174], [-71.122395, 42.504152999999995], [-71.12195899999999, 42.50427799999999], [-71.11976, 42.500291999999995], [-71.121765, 42.49872000000001], [-71.116795, 42.49463900000001], [-71.112116, 42.473818000000016], [-71.123862, 42.473392000000004], [-71.14407, 42.466431], [-71.152282, 42.463783000000014], [-71.154552, 42.46007499999997], [-71.156159, 42.45687899999998], [-71.163003, 42.46019600000001], [-71.189599, 42.44979499999999], [-71.18712599999999, 42.44672299999998], [-71.186454, 42.44562600000001], [-71.185813, 42.444981999999996], [-71.183815, 42.444609], [-71.183979, 42.44421499999999], [-71.183486, 42.444117], [-71.183529, 42.444001000000014], [-71.182543, 42.443893], [-71.18256199999999, 42.443637], [-71.182399, 42.443495000000006], [-71.177885, 42.440200999999995], [-71.182277, 42.43627900000001], [-71.14979799999999, 42.43579500000001], [-71.148332, 42.43079900000001], [-71.148031, 42.429242], [-71.146197, 42.423390999999995], [-71.14556999999999, 42.422792], [-71.144938, 42.42244600000002], [-71.14350499999999, 42.42221299999998], [-71.14255899999999, 42.42177299999999], [-71.142836, 42.420543], [-71.142844, 42.419752], [-71.142659, 42.419367], [-71.141693, 42.418510999999995], [-71.140688, 42.417108999999996], [-71.139161, 42.41589000000001], [-71.138199, 42.41549499999999], [-71.136793, 42.41518800000001], [-71.134176, 42.41540500000001], [-71.132317, 42.415215999999994], [-71.132762, 42.41162699999999], [-71.132273, 42.410126999999996], [-71.13229700000001, 42.40943000000001], [-71.132758, 42.408403], [-71.133805, 42.407068], [-71.134379, 42.406063], [-71.134579, 42.40346199999998], [-71.13492099999999, 42.402561999999996], [-71.136391, 42.40096499999999], [-71.13688900000001, 42.40066299999999], [-71.138168, 42.40028399999999], [-71.13933399999999, 42.400148], [-71.140412, 42.399719999999995], [-71.14267, 42.39789100000001], [-71.143593, 42.39741199999999], [-71.152057, 42.40104], [-71.15235600000001, 42.400791000000005], [-71.156384, 42.40252400000001], [-71.157358, 42.40242800000001], [-71.15808299999999, 42.402561000000006], [-71.159922, 42.403462000000005], [-71.15980499999999, 42.403569], [-71.160625, 42.403976], [-71.16267, 42.40453099999999], [-71.162984, 42.404832000000006], [-71.16405999999999, 42.40533000000001], [-71.164203, 42.405548999999986], [-71.163793, 42.40576199999999], [-71.175388, 42.40965999999999], [-71.183899, 42.411424000000004], [-71.19429099999999, 42.415321000000006], [-71.194521, 42.414936999999995], [-71.195194, 42.415141000000006], [-71.194257, 42.41339], [-71.202642, 42.41482900000001], [-71.207636, 42.40979899999999], [-71.21555099999999, 42.414629000000005], [-71.21892799999999, 42.41556399999999], [-71.21834799999999, 42.41669099999999], [-71.21798199999999, 42.417072999999995], [-71.21484099999999, 42.41839900000001], [-71.217624, 42.419098999999996], [-71.222197, 42.420845000000014], [-71.223528, 42.421215], [-71.23033699999999, 42.42199299999999], [-71.23131099999999, 42.42223000000002], [-71.231544, 42.422722999999976], [-71.231526, 42.423280999999996], [-71.230953, 42.427363000000014], [-71.230975, 42.428142999999984], [-71.23146899999999, 42.429264999999994], [-71.23356, 42.432417], [-71.23392, 42.43335400000001], [-71.234798, 42.43324099999999], [-71.23611, 42.433521], [-71.23626399999999, 42.43155200000001], [-71.23907, 42.43250000000002], [-71.2407, 42.432826999999996], [-71.242204, 42.433609], [-71.241585, 42.43428699999999], [-71.23742899999999, 42.43544], [-71.23927499999999, 42.435981999999996], [-71.24168499999999, 42.43832499999999], [-71.243105, 42.438693999999984], [-71.243557, 42.43930700000001], [-71.242295, 42.439703], [-71.240967, 42.44149600000001], [-71.23956500000001, 42.443987], [-71.237539, 42.44538], [-71.23762599999999, 42.446283], [-71.237152, 42.447862], [-71.23716, 42.449490999999995], [-71.23700000000001, 42.45008399999998], [-71.23376, 42.452461], [-71.232119, 42.45322], [-71.230723, 42.453517999999995], [-71.230983, 42.453945000000004], [-71.231606, 42.45809100000001], [-71.231911, 42.45890999999998], [-71.230436, 42.459835000000005], [-71.231175, 42.460186], [-71.23196399999999, 42.461443], [-71.233352, 42.462215], [-71.232839, 42.46293100000001], [-71.236195, 42.46330300000001], [-71.238067, 42.46320199999998], [-71.23875699999999, 42.46332799999999], [-71.23958499999999, 42.463778], [-71.240809, 42.463899], [-71.23991199999999, 42.462301], [-71.240276, 42.46241700000001], [-71.24157799999999, 42.46296600000001], [-71.24249499999999, 42.463601000000004], [-71.24403000000001, 42.464329], [-71.244367, 42.46463599999999], [-71.244452, 42.465103], [-71.24538, 42.46542600000001], [-71.246698, 42.466733999999995], [-71.24846099999999, 42.46753800000001], [-71.24958699999999, 42.467285000000004], [-71.257956, 42.471224999999976], [-71.260688, 42.468750000000014], [-71.26155299999999, 42.46933699999999], [-71.26236899999999, 42.470252999999985], [-71.262407, 42.47055999999999], [-71.263122, 42.470368000000015], [-71.263941, 42.47061999999999], [-71.26424899999999, 42.47087700000001], [-71.264877, 42.470563999999996], [-71.265314, 42.470600999999995], [-71.261515, 42.47624600000001], [-71.256553, 42.47855899999999], [-71.251986, 42.48501499999999], [-71.240983, 42.48988099999998], [-71.231897, 42.506367000000004], [-71.232694, 42.507713], [-71.233544, 42.508692999999994], [-71.236924, 42.511490999999985], [-71.240056, 42.519716], [-71.24175, 42.520828], [-71.242576, 42.51993999999999], [-71.250142, 42.525729999999996], [-71.254572, 42.522593], [-71.256396, 42.523992], [-71.26409799999999, 42.524081], [-71.277911, 42.526630000000004], [-71.280832, 42.52640800000001], [-71.289481, 42.52387999999999], [-71.303974, 42.51993099999999], [-71.306699, 42.52059299999999], [-71.30683599999999, 42.52207500000001], [-71.30674499999999, 42.52268899999999], [-71.306201, 42.524150999999996], [-71.30516, 42.52593599999999], [-71.30486499999999, 42.527283], [-71.304949, 42.52854000000001], [-71.30461, 42.529284999999994], [-71.307538, 42.52999899999999], [-71.30718499999999, 42.533221000000005], [-71.30874899999999, 42.53395999999999], [-71.30981, 42.534848], [-71.31836899999999, 42.54279199999998], [-71.314385, 42.54955400000001], [-71.31961799999999, 42.554069999999996], [-71.324801, 42.55605900000001], [-71.33309, 42.560115]]]}}, {"type": "Feature", "properties": {"district_name": "Second Middlesex District", "chamber": "senate", "vintage": "2012-2020", "url": "/district/senate-second-middlesex-district-2012-2020/", "latest_year": 2020, "years": [{"year": 2020, "lean_dem_share": 0.8504, "competitiveness": "Safe", "competitiveness_label": "Safe D", "party_favored": "Democratic", "is_uncontested": true, "turnout_ratio": 0.7915, "winner_name": "Patricia D. Jehlen", "winner_party": "Democratic", "winner_war": null, "winner_lean_component": 0.6345, "winner_tide_component": 0.0067, "winner_incumbency_adjustment": 0.0724, "winner_demographics_component": null, "winner_fundraising_component": -0.0022}, {"year": 2018, "lean_dem_share": 0.5672, "competitiveness": "Likely", "competitiveness_label": "Likely D", "party_favored": "Democratic", "is_uncontested": true, "turnout_ratio": 0.8107, "winner_name": "Patricia D. Jehlen", "winner_party": "Democratic", "winner_war": null, "winner_lean_component": 0.6345, "winner_tide_component": 0.0033, "winner_incumbency_adjustment": 0.0724, "winner_demographics_component": null, "winner_fundraising_component": 0.0016}, {"year": 2016, "lean_dem_share": 0.8381, "competitiveness": "Safe", "competitiveness_label": "Safe D", "party_favored": "Democratic", "is_uncontested": true, "turnout_ratio": 0.7937, "winner_name": "Patricia D. Jehlen", "winner_party": "Democratic", "winner_war": null, "winner_lean_component": 0.6345, "winner_tide_component": 0.0065, "winner_incumbency_adjustment": 0.0724, "winner_demographics_component": null, "winner_fundraising_component": 0.0404}, {"year": 2014, "lean_dem_share": 0.7033, "competitiveness": "Safe", "competitiveness_label": "Safe D", "party_favored": "Democratic", "is_uncontested": false, "turnout_ratio": 0.9307, "winner_name": "Patricia D. Jehlen", "winner_party": "Democratic", "winner_war": -0.0456, "winner_lean_component": 0.6345, "winner_tide_component": 0.0049, "winner_incumbency_adjustment": 0.0724, "winner_demographics_component": null, "winner_fundraising_component": -0.0033}, {"year": 2012, "lean_dem_share": 0.7897, "competitiveness": "Safe", "competitiveness_label": "Safe D", "party_favored": "Democratic", "is_uncontested": true, "turnout_ratio": 0.7331, "winner_name": "Patricia D. Jehlen", "winner_party": "Democratic", "winner_war": null, "winner_lean_component": 0.6345, "winner_tide_component": 0.0062, "winner_incumbency_adjustment": 0.0, "winner_demographics_component": null, "winner_fundraising_component": -0.0085}], "lean_dem_share": 0.8504, "competitiveness": "Safe", "competitiveness_label": "Safe D", "party_favored": "Democratic", "is_uncontested": true, "turnout_ratio": 0.7915, "winner_name": "Patricia D. Jehlen", "winner_party": "Democratic", "winner_war": null, "winner_lean_component": 0.6345, "winner_tide_component": 0.0067, "winner_incumbency_adjustment": 0.0724, "winner_demographics_component": null, "winner_fundraising_component": -0.0022}, "geometry": {"type": "Polygon", "coordinates": [[[-71.189599, 42.44979499999999], [-71.163003, 42.46019600000001], [-71.156159, 42.45687899999998], [-71.154552, 42.46007499999997], [-71.152282, 42.463783000000014], [-71.150538, 42.46426499999999], [-71.150404, 42.463884000000014], [-71.14970900000002, 42.463167], [-71.14971, 42.462213], [-71.149355, 42.461417999999995], [-71.14880000000001, 42.460775], [-71.147958, 42.46052600000001], [-71.147179, 42.460573], [-71.144149, 42.457895], [-71.14242899999999, 42.45720800000001], [-71.14187299999999, 42.456874], [-71.141491, 42.45634900000001], [-71.14213099999999, 42.456006], [-71.14342599999999, 42.454674999999995], [-71.145552, 42.453158], [-71.146474, 42.452178999999994], [-71.146372, 42.451499], [-71.146002, 42.451378999999996], [-71.144865, 42.451463999999994], [-71.143845, 42.450312999999994], [-71.145169, 42.449777], [-71.144189, 42.44876800000001], [-71.143053, 42.447913000000014], [-71.144042, 42.446977999999994], [-71.13826, 42.444064000000004], [-71.137092, 42.44331899999999], [-71.13619299999999, 42.442485000000005], [-71.135841, 42.44247400000001], [-71.134714, 42.44356], [-71.134112, 42.447432], [-71.130161, 42.44649500000003], [-71.128835, 42.445913999999995], [-71.126065, 42.44515399999998], [-71.125513, 42.44467100000003], [-71.12557699999999, 42.44434200000002], [-71.125906, 42.444065], [-71.12654599999999, 42.44391099999999], [-71.12523000000002, 42.44334099999999], [-71.124042, 42.443369999999994], [-71.124005, 42.44382700000001], [-71.124153, 42.444115999999994], [-71.121346, 42.448670000000014], [-71.119402, 42.453444999999995], [-71.104722, 42.44884699999998], [-71.085696, 42.444694999999975], [-71.088031, 42.42902600000001], [-71.089062, 42.42911499999999], [-71.089446, 42.42662299999999], [-71.086038, 42.41824200000001], [-71.084277, 42.41656499999999], [-71.08349, 42.41600700000001], [-71.081724, 42.41515700000001], [-71.07991, 42.415166000000006], [-71.07930999999999, 42.414938], [-71.07713199999999, 42.413285], [-71.07549, 42.41327699999999], [-71.075332, 42.41297299999998], [-71.07473399999999, 42.41254700000001], [-71.073574, 42.41271600000001], [-71.073196, 42.41299599999999], [-71.072214, 42.412189999999995], [-71.071907, 42.411672], [-71.071873, 42.411099000000014], [-71.072161, 42.41036299999999], [-71.07355199999999, 42.40939300000001], [-71.073785, 42.40886799999999], [-71.07365899999999, 42.40851899999999], [-71.072692, 42.408237], [-71.071297, 42.40692200000001], [-71.073448, 42.402665000000006], [-71.075988, 42.399705999999995], [-71.076419, 42.39777299999999], [-71.075996, 42.39639599999999], [-71.074086, 42.392588], [-71.07349599999999, 42.391795999999985], [-71.076628, 42.387197], [-71.076796, 42.38669600000001], [-71.077096, 42.386495999999994], [-71.07978500000002, 42.382932000000004], [-71.080947, 42.382378], [-71.080595, 42.380996999999994], [-71.075696, 42.38019699999999], [-71.072728, 42.373321999999995], [-71.073074, 42.373348000000014], [-71.07442999999999, 42.372724000000005], [-71.07522, 42.372817], [-71.075856, 42.373444000000006], [-71.080831, 42.374219999999994], [-71.08245099999999, 42.37346699999999], [-71.083739, 42.37323899999999], [-71.08434199999999, 42.373346], [-71.085443, 42.37404499999998], [-71.086088, 42.373059], [-71.089522, 42.373968000000005], [-71.09746299999999, 42.374431], [-71.103172, 42.374297000000006], [-71.108457, 42.379112000000006], [-71.107855, 42.379374], [-71.110643, 42.38163999999999], [-71.111656, 42.38174900000002], [-71.115584, 42.385158], [-71.11761, 42.38748700000001], [-71.119556, 42.388463], [-71.11922899999999, 42.387021999999995], [-71.119739, 42.382222], [-71.12105199999999, 42.38202099999999], [-71.121686, 42.382693999999994], [-71.122686, 42.382225], [-71.12364699999999, 42.38346099999999], [-71.1267, 42.38204499999999], [-71.126117, 42.381380000000014], [-71.126767, 42.38110000000001], [-71.12750299999999, 42.38040700000001], [-71.128855, 42.381132999999984], [-71.129781, 42.380772], [-71.130066, 42.379715], [-71.129184, 42.37823299999999], [-71.129815, 42.377988], [-71.12985499999999, 42.377804999999995], [-71.128954, 42.37754300000002], [-71.12835199999999, 42.377173], [-71.12897699999999, 42.375816], [-71.12822, 42.37561], [-71.128433, 42.374566999999985], [-71.130579, 42.374705], [-71.13064500000002, 42.37437399999999], [-71.130999, 42.37435200000001], [-71.13099700000001, 42.373796], [-71.131518, 42.37372599999999], [-71.13266, 42.37318099999999], [-71.133197, 42.372596], [-71.132997, 42.371697], [-71.131997, 42.369696], [-71.139997, 42.36449599999999], [-71.143501, 42.364968999999995], [-71.144269, 42.366454000000004], [-71.14255899999999, 42.366904], [-71.141008, 42.369333999999995], [-71.140372, 42.370638], [-71.13999199999999, 42.373568999999996], [-71.143925, 42.374074], [-71.14363, 42.375277000000004], [-71.145937, 42.37519499999999], [-71.150239, 42.374376999999996], [-71.150378, 42.374613], [-71.154468, 42.37506799999999], [-71.15625, 42.38064600000001], [-71.155051, 42.38020000000001], [-71.155333, 42.380907999999984], [-71.15514, 42.38130299999999], [-71.15541999999999, 42.381510000000006], [-71.157792, 42.38221100000001], [-71.157971, 42.382805], [-71.160332, 42.386444], [-71.158381, 42.386776], [-71.15798400000001, 42.387042999999984], [-71.157688, 42.38753100000001], [-71.157091, 42.389894999999996], [-71.157118, 42.39056000000001], [-71.15838699999999, 42.39459300000001], [-71.156302, 42.395852], [-71.152057, 42.40104], [-71.143593, 42.39741199999999], [-71.14267, 42.39789100000001], [-71.140412, 42.399719999999995], [-71.13933399999999, 42.400148], [-71.13747099999999, 42.40043100000001], [-71.136391, 42.40096499999999], [-71.134742, 42.40291799999999], [-71.134379, 42.406063], [-71.132415, 42.409009999999995], [-71.132273, 42.410126999999996], [-71.132762, 42.41162699999999], [-71.132317, 42.415215999999994], [-71.134176, 42.41540500000001], [-71.136793, 42.41518800000001], [-71.138199, 42.41549499999999], [-71.139161, 42.41589000000001], [-71.140688, 42.417108999999996], [-71.141693, 42.418510999999995], [-71.142659, 42.419367], [-71.142844, 42.419752], [-71.142836, 42.420543], [-71.14255899999999, 42.42177299999999], [-71.14350499999999, 42.42221299999998], [-71.144938, 42.42244600000002], [-71.14556999999999, 42.422792], [-71.146197, 42.423390999999995], [-71.148031, 42.429242], [-71.148332, 42.43079900000001], [-71.14979799999999, 42.43579500000001], [-71.182277, 42.43627900000001], [-71.177885, 42.440200999999995], [-71.182399, 42.443495000000006], [-71.18256199999999, 42.443637], [-71.182543, 42.443893], [-71.183529, 42.444001000000014], [-71.183486, 42.444117], [-71.183979, 42.44421499999999], [-71.183815, 42.444609], [-71.185813, 42.444981999999996], [-71.186454, 42.44562600000001], [-71.18712599999999, 42.44672299999998], [-71.189599, 42.44979499999999]]]}}, {"type": "Feature", "properties": {"district_name": "Middlesex & Suffolk District", "chamber": "senate", "vintage": "2012-2020", "url": "/district/senate-middlesex-suffolk-district-2012-2020/", "latest_year": 2020, "years": [{"year": 2020, "lean_dem_share": 0.8307, "competitiveness": "Safe", "competitiveness_label": "Safe D", "party_favored": "Democratic", "is_uncontested": true, "turnout_ratio": 1.0524, "winner_name": "Sal N. DiDomenico", "winner_party": "Democratic", "winner_war": null, "winner_lean_component": 0.6329, "winner_tide_component": 0.0067, "winner_incumbency_adjustment": 0.0724, "winner_demographics_component": null, "winner_fundraising_component": 0.0175}, {"year": 2018, "lean_dem_share": 0.5472, "competitiveness": "Lean", "competitiveness_label": "Lean D", "party_favored": "Democratic", "is_uncontested": true, "turnout_ratio": 1.1042, "winner_name": "Sal N. DiDomenico", "winner_party": "Democratic", "winner_war": null, "winner_lean_component": 0.6329, "winner_tide_component": 0.0033, "winner_incumbency_adjustment": 0.0724, "winner_demographics_component": null, "winner_fundraising_component": 0.0194}, {"year": 2016, "lean_dem_share": 0.8367, "competitiveness": "Safe", "competitiveness_label": "Safe D", "party_favored": "Democratic", "is_uncontested": true, "turnout_ratio": 1.0388, "winner_name": "Sal N. DiDomenico", "winner_party": "Democratic", "winner_war": null, "winner_lean_component": 0.6329, "winner_tide_component": 0.0065, "winner_incumbency_adjustment": 0.0724, "winner_demographics_component": null, "winner_fundraising_component": 0.0165}, {"year": 2014, "lean_dem_share": 0.7097, "competitiveness": "Safe", "competitiveness_label": "Safe D", "party_favored": "Democratic", "is_uncontested": true, "turnout_ratio": 1.0217, "winner_name": "Sal N. DiDomenico", "winner_party": "Democratic", "winner_war": null, "winner_lean_component": 0.6329, "winner_tide_component": 0.0049, "winner_incumbency_adjustment": 0.0724, "winner_demographics_component": null, "winner_fundraising_component": 0.0172}, {"year": 2012, "lean_dem_share": 0.8141, "competitiveness": "Safe", "competitiveness_label": "Safe D", "party_favored": "Democratic", "is_uncontested": true, "turnout_ratio": 0.9687, "winner_name": "Sal N. DiDomenico", "winner_party": "Democratic", "winner_war": null, "winner_lean_component": 0.6329, "winner_tide_component": 0.0062, "winner_incumbency_adjustment": 0.0, "winner_demographics_component": null, "winner_fundraising_component": 0.0243}], "lean_dem_share": 0.8307, "competitiveness": "Safe", "competitiveness_label": "Safe D", "party_favored": "Democratic", "is_uncontested": true, "turnout_ratio": 1.0524, "winner_name": "Sal N. DiDomenico", "winner_party": "Democratic", "winner_war": null, "winner_lean_component": 0.6329, "winner_tide_component": 0.0067, "winner_incumbency_adjustment": 0.0724, "winner_demographics_component": null, "winner_fundraising_component": 0.0175}, "geometry": {"type": "Polygon", "coordinates": [[[-71.14908199999999, 42.35615100000001], [-71.14620000000001, 42.36130400000001], [-71.145707, 42.36161], [-71.14750699999999, 42.361788000000004], [-71.14679699999999, 42.36229599999999], [-71.14509799999999, 42.36449199999999], [-71.14379699999999, 42.364996], [-71.139997, 42.36449599999999], [-71.131997, 42.369696], [-71.132997, 42.371697], [-71.133197, 42.372596], [-71.13266, 42.37318099999999], [-71.131518, 42.37372599999999], [-71.13099700000001, 42.373796], [-71.130999, 42.37435200000001], [-71.13064500000002, 42.37437399999999], [-71.130579, 42.374705], [-71.128433, 42.374566999999985], [-71.12822, 42.37561], [-71.12897699999999, 42.375816], [-71.12835199999999, 42.377173], [-71.128954, 42.37754300000002], [-71.12985499999999, 42.377804999999995], [-71.129815, 42.377988], [-71.129184, 42.37823299999999], [-71.130066, 42.379715], [-71.129781, 42.380772], [-71.128855, 42.381132999999984], [-71.12750299999999, 42.38040700000001], [-71.126767, 42.38110000000001], [-71.126117, 42.381380000000014], [-71.1267, 42.38204499999999], [-71.12364699999999, 42.38346099999999], [-71.122686, 42.382225], [-71.121686, 42.382693999999994], [-71.12105199999999, 42.38202099999999], [-71.119739, 42.382222], [-71.11922899999999, 42.387021999999995], [-71.119556, 42.388463], [-71.11761, 42.38748700000001], [-71.115584, 42.385158], [-71.111656, 42.38174900000002], [-71.110643, 42.38163999999999], [-71.107855, 42.379374], [-71.108457, 42.379112000000006], [-71.103172, 42.374297000000006], [-71.09746299999999, 42.374431], [-71.089522, 42.373968000000005], [-71.086088, 42.373059], [-71.085443, 42.37404499999998], [-71.08434199999999, 42.373346], [-71.083739, 42.37323899999999], [-71.08245099999999, 42.37346699999999], [-71.080831, 42.374219999999994], [-71.075856, 42.373444000000006], [-71.07522, 42.372817], [-71.07442999999999, 42.372724000000005], [-71.073074, 42.373348000000014], [-71.072728, 42.373321999999995], [-71.075696, 42.38019699999999], [-71.080595, 42.380996999999994], [-71.080947, 42.382378], [-71.07978500000002, 42.382932000000004], [-71.077096, 42.386495999999994], [-71.076796, 42.38669600000001], [-71.076628, 42.387197], [-71.07349599999999, 42.391795999999985], [-71.074086, 42.392588], [-71.075996, 42.39639599999999], [-71.076419, 42.39777299999999], [-71.075988, 42.399705999999995], [-71.073448, 42.402665000000006], [-71.071297, 42.40692200000001], [-71.072692, 42.408237], [-71.07365899999999, 42.40851899999999], [-71.07374399999999, 42.40867900000001], [-71.073801, 42.409056], [-71.073624, 42.40930300000001], [-71.072161, 42.41036299999999], [-71.071873, 42.411099000000014], [-71.071907, 42.411672], [-71.07211099999999, 42.412081000000015], [-71.073196, 42.41299599999999], [-71.073296, 42.414796], [-71.06450699999999, 42.41524099999999], [-71.064559, 42.41533399999999], [-71.061584, 42.41561000000001], [-71.060441, 42.416007], [-71.05685, 42.418671], [-71.054735, 42.42003799999999], [-71.05442, 42.420044999999995], [-71.050324, 42.42299500000001], [-71.028065, 42.42415499999999], [-71.031275, 42.418433000000014], [-71.032493, 42.415506000000015], [-71.033095, 42.414696000000006], [-71.033203, 42.41422599999999], [-71.02924, 42.41056799999998], [-71.027115, 42.40778199999998], [-71.026898, 42.40733199999999], [-71.026826, 42.406432999999986], [-71.026004, 42.40579300000002], [-71.024901, 42.40590000000002], [-71.023847, 42.40532400000001], [-71.02327799999999, 42.40554399999999], [-71.02285499999999, 42.40512499999999], [-71.022443, 42.40548700000001], [-71.02191599999999, 42.405287], [-71.020618, 42.405190000000005], [-71.020377, 42.404866000000005], [-71.021205, 42.40424799999999], [-71.021157, 42.403842000000004], [-71.020853, 42.403511], [-71.018878, 42.403718], [-71.01808799999999, 42.40335699999999], [-71.017826, 42.402883], [-71.01703499999999, 42.40271499999999], [-71.013772, 42.402964], [-71.011555, 42.401907], [-71.010892, 42.40179499999999], [-71.009396, 42.401183], [-71.009445, 42.400475], [-71.009629, 42.400166999999996], [-71.013395, 42.39739799999999], [-71.016094, 42.395897], [-71.017794, 42.390697], [-71.020512, 42.38764099999999], [-71.02242799999999, 42.386373], [-71.027712, 42.384041], [-71.031995, 42.38459700000001], [-71.033234, 42.384910000000005], [-71.034975, 42.38587599999999], [-71.03835699999999, 42.38652899999999], [-71.03881299999999, 42.386810999999994], [-71.039512, 42.38685300000001], [-71.043264, 42.38359400000001], [-71.044298, 42.383209], [-71.04519499999999, 42.37709699999999], [-71.046995, 42.372597000000006], [-71.049095, 42.371196999999995], [-71.050895, 42.370697], [-71.05499499999999, 42.370697], [-71.057141, 42.369982], [-71.059795, 42.368767], [-71.058525, 42.36695199999999], [-71.063294, 42.36431], [-71.063835, 42.362792000000006], [-71.06375500000001, 42.36124100000001], [-71.069755, 42.361163999999995], [-71.07078899999999, 42.36140400000001], [-71.075777, 42.361621], [-71.07157099999999, 42.36723399999999], [-71.07073799999999, 42.367995], [-71.07311299999999, 42.369131], [-71.075363, 42.366908], [-71.075565, 42.367002], [-71.07673, 42.36574600000001], [-71.082022, 42.36639799999999], [-71.083472, 42.363851], [-71.084389, 42.362713], [-71.083683, 42.362202999999994], [-71.082484, 42.361972000000016], [-71.085219, 42.36237800000001], [-71.090021, 42.362691000000005], [-71.090227, 42.362452], [-71.094852, 42.36016600000001], [-71.097684, 42.361816000000005], [-71.09852699999999, 42.36140400000001], [-71.10193199999999, 42.363418], [-71.102432, 42.36286299999999], [-71.105104, 42.364520999999996], [-71.106707, 42.363053000000015], [-71.10824099999999, 42.36404999999999], [-71.108841, 42.363845999999995], [-71.109214, 42.366169], [-71.110411, 42.36681600000002], [-71.109438, 42.36777899999999], [-71.11074599999999, 42.36830599999999], [-71.111094, 42.367772999999985], [-71.113512, 42.36856400000001], [-71.113348, 42.37009799999999], [-71.11518099999999, 42.370753], [-71.115867, 42.369653], [-71.114649, 42.369367], [-71.114729, 42.36774899999998], [-71.11634, 42.36777000000001], [-71.117167, 42.36907599999999], [-71.118118, 42.369583000000006], [-71.11849699999999, 42.36839699999999], [-71.11719699999999, 42.36719699999999], [-71.116929, 42.358715999999994], [-71.117099, 42.355594], [-71.111001, 42.352597], [-71.110591, 42.35258500000001], [-71.110661, 42.352393], [-71.11147199999999, 42.351878000000006], [-71.112199, 42.351718999999996], [-71.11383099999999, 42.351724999999995], [-71.11804, 42.35391900000002], [-71.120729, 42.35461500000001], [-71.120832, 42.353824], [-71.12474, 42.35430100000001], [-71.12495, 42.35335399999999], [-71.128031, 42.35372400000001], [-71.128344, 42.35260400000001], [-71.134002, 42.35328299999998], [-71.134159, 42.35211599999999], [-71.13371599999999, 42.35090599999999], [-71.133251, 42.350308], [-71.133488, 42.35018499999998], [-71.13298999999999, 42.34956599999999], [-71.135314, 42.34845399999999], [-71.136589, 42.34833899999998], [-71.13857600000001, 42.348975], [-71.139731, 42.348977], [-71.139956, 42.349465999999985], [-71.140084, 42.351478], [-71.142828, 42.351087], [-71.142997, 42.351634], [-71.144291, 42.35134600000001], [-71.145612, 42.350786], [-71.146033, 42.351181999999994], [-71.146087, 42.351442000000006], [-71.144176, 42.35488899999999], [-71.14908199999999, 42.35615100000001]]]}}, {"type": "Feature", "properties": {"district_name": "First Suffolk & Middlesex District", "chamber": "senate", "vintage": "2012-2020", "url": "/district/senate-first-suffolk-middlesex-district-2012-2020/", "latest_year": 2020, "years": [{"year": 2020, "lean_dem_share": 0.7721, "competitiveness": "Safe", "competitiveness_label": "Safe D", "party_favored": "Democratic", "is_uncontested": true, "turnout_ratio": 0.7908, "winner_name": "Joseph A. Boncore", "winner_party": "Democratic", "winner_war": null, "winner_lean_component": 0.5717, "winner_tide_component": 0.0067, "winner_incumbency_adjustment": 0.0724, "winner_demographics_component": null, "winner_fundraising_component": 0.0342}, {"year": 2018, "lean_dem_share": 0.4654, "competitiveness": "Lean", "competitiveness_label": "Lean R", "party_favored": "Republican", "is_uncontested": true, "turnout_ratio": 0.8286, "winner_name": "Joseph A. Boncore", "winner_party": "Democratic", "winner_war": null, "winner_lean_component": 0.5717, "winner_tide_component": 0.0033, "winner_incumbency_adjustment": 0.0724, "winner_demographics_component": null, "winner_fundraising_component": 0.0374}, {"year": 2016, "lean_dem_share": 0.7653, "competitiveness": "Safe", "competitiveness_label": "Safe D", "party_favored": "Democratic", "is_uncontested": true, "turnout_ratio": 0.7683, "winner_name": "Joseph A. Boncore", "winner_party": "Democratic", "winner_war": null, "winner_lean_component": 0.5717, "winner_tide_component": 0.0065, "winner_incumbency_adjustment": 0.0, "winner_demographics_component": null, "winner_fundraising_component": 0.0421}, {"year": 2014, "lean_dem_share": 0.6258, "competitiveness": "Safe", "competitiveness_label": "Safe D", "party_favored": "Democratic", "is_uncontested": true, "turnout_ratio": 0.7629, "winner_name": "Anthony W. Petruccelli", "winner_party": "Democratic", "winner_war": null, "winner_lean_component": 0.5717, "winner_tide_component": 0.0049, "winner_incumbency_adjustment": 0.0724, "winner_demographics_component": null, "winner_fundraising_component": 0.0297}, {"year": 2012, "lean_dem_share": 0.749, "competitiveness": "Safe", "competitiveness_label": "Safe D", "party_favored": "Democratic", "is_uncontested": false, "turnout_ratio": 0.8718, "winner_name": "Anthony W. Petruccelli", "winner_party": "Democratic", "winner_war": 0.1128, "winner_lean_component": 0.5717, "winner_tide_component": 0.0062, "winner_incumbency_adjustment": 0.0, "winner_demographics_component": null, "winner_fundraising_component": 0.0315}], "lean_dem_share": 0.7721, "competitiveness": "Safe", "competitiveness_label": "Safe D", "party_favored": "Democratic", "is_uncontested": true, "turnout_ratio": 0.7908, "winner_name": "Joseph A. Boncore", "winner_party": "Democratic", "winner_war": null, "winner_lean_component": 0.5717, "winner_tide_component": 0.0067, "winner_incumbency_adjustment": 0.0724, "winner_demographics_component": null, "winner_fundraising_component": 0.0342}, "geometry": {"type": "Polygon", "coordinates": [[[-71.11849699999999, 42.36839699999999], [-71.118118, 42.369583000000006], [-71.117167, 42.36907599999999], [-71.11634, 42.36777000000001], [-71.114729, 42.36774899999998], [-71.114649, 42.369367], [-71.115867, 42.369653], [-71.11518099999999, 42.370753], [-71.113348, 42.37009799999999], [-71.113512, 42.36856400000001], [-71.111094, 42.367772999999985], [-71.11074599999999, 42.36830599999999], [-71.109438, 42.36777899999999], [-71.110411, 42.36681600000002], [-71.109214, 42.366169], [-71.108841, 42.363845999999995], [-71.10824099999999, 42.36404999999999], [-71.106707, 42.363053000000015], [-71.105104, 42.364520999999996], [-71.102432, 42.36286299999999], [-71.10193199999999, 42.363418], [-71.09852699999999, 42.36140400000001], [-71.097684, 42.361816000000005], [-71.094852, 42.36016600000001], [-71.090227, 42.362452], [-71.090021, 42.362691000000005], [-71.085219, 42.36237800000001], [-71.082484, 42.361972000000016], [-71.083683, 42.362202999999994], [-71.084389, 42.362713], [-71.083472, 42.363851], [-71.082022, 42.36639799999999], [-71.07673, 42.36574600000001], [-71.075565, 42.367002], [-71.075363, 42.366908], [-71.07311299999999, 42.369131], [-71.07073799999999, 42.367995], [-71.07157099999999, 42.36723399999999], [-71.075777, 42.361621], [-71.07078899999999, 42.36140400000001], [-71.069755, 42.361163999999995], [-71.06375500000001, 42.36124100000001], [-71.063835, 42.362792000000006], [-71.063294, 42.36431], [-71.058525, 42.36695199999999], [-71.059795, 42.368767], [-71.057141, 42.369982], [-71.05499499999999, 42.370697], [-71.050895, 42.370697], [-71.049095, 42.371196999999995], [-71.046995, 42.372597000000006], [-71.04519499999999, 42.37709699999999], [-71.044298, 42.383209], [-71.043264, 42.38359400000001], [-71.039512, 42.38685300000001], [-71.03881299999999, 42.386810999999994], [-71.03835699999999, 42.38652899999999], [-71.034975, 42.38587599999999], [-71.033234, 42.384910000000005], [-71.031995, 42.38459700000001], [-71.027712, 42.384041], [-71.02242799999999, 42.386373], [-71.020512, 42.38764099999999], [-71.017794, 42.390697], [-71.016094, 42.395897], [-71.013395, 42.39739799999999], [-71.009629, 42.400166999999996], [-71.009445, 42.400475], [-71.009396, 42.401183], [-71.010892, 42.40179499999999], [-71.011555, 42.401907], [-71.013772, 42.402964], [-71.01703499999999, 42.40271499999999], [-71.017826, 42.402883], [-71.01808799999999, 42.40335699999999], [-71.018878, 42.403718], [-71.020853, 42.403511], [-71.021157, 42.403842000000004], [-71.021205, 42.40424799999999], [-71.020377, 42.404866000000005], [-71.020618, 42.405190000000005], [-71.02191599999999, 42.405287], [-71.022443, 42.40548700000001], [-71.02285499999999, 42.40512499999999], [-71.02327799999999, 42.40554399999999], [-71.023847, 42.40532400000001], [-71.024901, 42.40590000000002], [-71.026004, 42.40579300000002], [-71.026826, 42.406432999999986], [-71.026898, 42.40733199999999], [-71.027115, 42.40778199999998], [-71.02924, 42.41056799999998], [-71.033203, 42.41422599999999], [-71.033095, 42.414696000000006], [-71.032493, 42.415506000000015], [-71.031275, 42.418433000000014], [-71.028065, 42.42415499999999], [-71.028257, 42.42414799999998], [-71.020377, 42.43824999999998], [-71.025835, 42.44470799999999], [-71.024958, 42.44538899999999], [-71.023679, 42.44599500000001], [-71.02029499999999, 42.448896], [-71.018495, 42.45009599999999], [-71.018295, 42.44959599999998], [-71.016795, 42.44819599999999], [-71.012095, 42.442796], [-71.009495, 42.441196], [-71.011995, 42.439696000000005], [-71.010295, 42.43869600000001], [-71.01049499999999, 42.437396], [-71.011579, 42.436179], [-71.01074299999999, 42.435262], [-71.01088299999999, 42.43440699999999], [-71.010327, 42.434098999999996], [-71.01086699999999, 42.43389599999998], [-71.010954, 42.43366], [-71.01117599999999, 42.43377799999999], [-71.01171599999999, 42.433705], [-71.01191, 42.433319000000004], [-71.011534, 42.433335], [-71.011158, 42.43314300000001], [-71.010403, 42.433521], [-71.010742, 42.433767], [-71.010164, 42.433796], [-71.009864, 42.43398099999999], [-71.00972, 42.433862], [-71.00976, 42.43328899999999], [-71.009577, 42.433189000000006], [-71.009613, 42.43403], [-71.00937499999999, 42.433989], [-71.009277, 42.43427799999999], [-71.00862599999999, 42.434352999999994], [-71.007873, 42.433972], [-71.006974, 42.43383800000001], [-71.005875, 42.433029], [-71.004632, 42.43305500000001], [-71.00330199999999, 42.43270299999998], [-71.003219, 42.43243700000001], [-71.00334699999999, 42.43220900000001], [-71.004595, 42.431715], [-71.004595, 42.429814], [-71.003918, 42.429694999999995], [-71.003275, 42.429709999999986], [-71.001094, 42.431296], [-70.998475, 42.431296], [-70.99571399999999, 42.430855000000015], [-70.994849, 42.43115], [-70.992023, 42.43413499999999], [-70.99011999999999, 42.43487700000001], [-70.987805, 42.43399799999998], [-70.985754, 42.432556999999996], [-70.983708, 42.431663], [-70.982294, 42.431296], [-70.979648, 42.432631], [-70.975194, 42.436896000000004], [-70.971594, 42.442696], [-70.968594, 42.444396], [-70.966293, 42.44349700000001], [-70.95079299999999, 42.44429599999999], [-70.951393, 42.436996], [-70.95299299999999, 42.42939599999999], [-70.959093, 42.41859699999998], [-70.962093, 42.412397000000006], [-70.95949399999999, 42.407498000000004], [-70.924593, 42.386798], [-70.917892, 42.385997], [-70.96704799999999, 42.356953999999995], [-70.967257, 42.357069], [-70.96882, 42.35586600000001], [-70.968935, 42.35592500000001], [-70.972893, 42.35359699999999], [-70.975094, 42.34349900000001], [-70.988173, 42.34344700000002], [-71.010994, 42.34269800000001], [-71.026895, 42.353097999999996], [-71.042596, 42.363797999999996], [-71.049396, 42.354498], [-71.049595, 42.35449699999999], [-71.05218800000002, 42.351121], [-71.05218599999999, 42.350922], [-71.054771, 42.347253], [-71.054788, 42.34687100000001], [-71.054469, 42.34677800000001], [-71.05825, 42.345506], [-71.058143, 42.34564699999999], [-71.058757, 42.345554], [-71.059821, 42.34471500000001], [-71.060609, 42.34371799999999], [-71.060906, 42.343775], [-71.060513, 42.34471099999998], [-71.06062899999999, 42.345072], [-71.06129299999999, 42.34387100000001], [-71.062052, 42.344041999999995], [-71.062529, 42.34300899999998], [-71.06593, 42.34393599999999], [-71.06985499999999, 42.345265999999995], [-71.07054099999999, 42.34456], [-71.071863, 42.343833], [-71.073531, 42.347262000000015], [-71.071815, 42.34867700000001], [-71.073067, 42.351243], [-71.070655, 42.351853999999996], [-71.072357, 42.35528200000001], [-71.072564, 42.355439], [-71.073021, 42.355309999999996], [-71.073302, 42.355812], [-71.07504899999999, 42.355325], [-71.075692, 42.356065], [-71.077095, 42.35869699999999], [-71.091297, 42.354197], [-71.09919599999999, 42.35279699999999], [-71.108798, 42.35239699999999], [-71.111001, 42.352597], [-71.117099, 42.355594], [-71.116929, 42.358715999999994], [-71.11719699999999, 42.36719699999999], [-71.11849699999999, 42.36839699999999]]]}}, {"type": "Feature", "properties": {"district_name": "Second Suffolk & Middlesex District", "chamber": "senate", "vintage": "2012-2020", "url": "/district/senate-second-suffolk-middlesex-district-2012-2020/", "latest_year": 2020, "years": [{"year": 2020, "lean_dem_share": 0.8134, "competitiveness": "Safe", "competitiveness_label": "Safe D", "party_favored": "Democratic", "is_uncontested": true, "turnout_ratio": 1.2179, "winner_name": "William N. Brownsberger", "winner_party": "Democratic", "winner_war": null, "winner_lean_component": 0.5816, "winner_tide_component": 0.0067, "winner_incumbency_adjustment": 0.0724, "winner_demographics_component": null, "winner_fundraising_component": 0.0088}, {"year": 2018, "lean_dem_share": 0.4745, "competitiveness": "Lean", "competitiveness_label": "Lean R", "party_favored": "Republican", "is_uncontested": true, "turnout_ratio": 1.2629, "winner_name": "William N. Brownsberger", "winner_party": "Democratic", "winner_war": null, "winner_lean_component": 0.5816, "winner_tide_component": 0.0033, "winner_incumbency_adjustment": 0.0724, "winner_demographics_component": null, "winner_fundraising_component": 0.0198}, {"year": 2016, "lean_dem_share": 0.7957, "competitiveness": "Safe", "competitiveness_label": "Safe D", "party_favored": "Democratic", "is_uncontested": true, "turnout_ratio": 0.0, "winner_name": "William N. Brownsberger", "winner_party": "Democratic", "winner_war": null, "winner_lean_component": null, "winner_tide_component": null, "winner_incumbency_adjustment": null, "winner_demographics_component": null, "winner_fundraising_component": null}, {"year": 2014, "lean_dem_share": 0.6234, "competitiveness": "Safe", "competitiveness_label": "Safe D", "party_favored": "Democratic", "is_uncontested": true, "turnout_ratio": 1.039, "winner_name": "William N. Brownsberger", "winner_party": "Democratic", "winner_war": null, "winner_lean_component": 0.5816, "winner_tide_component": 0.0049, "winner_incumbency_adjustment": 0.0724, "winner_demographics_component": null, "winner_fundraising_component": -0.0443}, {"year": 2012, "lean_dem_share": 0.7292, "competitiveness": "Safe", "competitiveness_label": "Safe D", "party_favored": "Democratic", "is_uncontested": false, "turnout_ratio": 1.3601, "winner_name": "William N. Brownsberger", "winner_party": "Democratic", "winner_war": 0.0552, "winner_lean_component": 0.5816, "winner_tide_component": 0.0062, "winner_incumbency_adjustment": 0.0, "winner_demographics_component": null, "winner_fundraising_component": 0.0268}], "lean_dem_share": 0.8134, "competitiveness": "Safe", "competitiveness_label": "Safe D", "party_favored": "Democratic", "is_uncontested": true, "turnout_ratio": 1.2179, "winner_name": "William N. Brownsberger", "winner_party": "Democratic", "winner_war": null, "winner_lean_component": 0.5816, "winner_tide_component": 0.0067, "winner_incumbency_adjustment": 0.0724, "winner_demographics_component": null, "winner_fundraising_component": 0.0088}, "geometry": {"type": "Polygon", "coordinates": [[[-71.21709299999999, 42.36661399999999], [-71.194177, 42.386030999999996], [-71.19511700000001, 42.386991], [-71.19530999999999, 42.387570999999994], [-71.19510199999999, 42.387908], [-71.195194, 42.388271], [-71.195757, 42.389111], [-71.196621, 42.38967600000001], [-71.19672200000001, 42.390083], [-71.196606, 42.39074299999999], [-71.196876, 42.391286999999984], [-71.19753899999999, 42.391765], [-71.197617, 42.392264000000004], [-71.197879, 42.392497], [-71.197771, 42.39312100000001], [-71.196676, 42.393776999999986], [-71.196406, 42.394330999999994], [-71.19697699999999, 42.39551800000001], [-71.19849599999999, 42.396277000000005], [-71.199191, 42.396957000000015], [-71.199592, 42.39757499999998], [-71.199747, 42.39841399999999], [-71.200279, 42.39877699999998], [-71.200433, 42.399396], [-71.201397, 42.400187999999986], [-71.201799, 42.401238], [-71.201807, 42.402346], [-71.20254, 42.40308799999999], [-71.202679, 42.40371400000001], [-71.211261, 42.406074], [-71.202642, 42.41482900000001], [-71.194257, 42.41339], [-71.195194, 42.415141000000006], [-71.194521, 42.414936999999995], [-71.19429099999999, 42.415321000000006], [-71.183899, 42.411424000000004], [-71.182147, 42.410978], [-71.177151, 42.41010699999999], [-71.171576, 42.40846499999999], [-71.16686399999999, 42.40670199999999], [-71.163793, 42.40576199999999], [-71.164203, 42.405548999999986], [-71.16405999999999, 42.40533000000001], [-71.162984, 42.404832000000006], [-71.16267, 42.40453099999999], [-71.160625, 42.403976], [-71.15980499999999, 42.403569], [-71.159922, 42.403462000000005], [-71.15808299999999, 42.402561000000006], [-71.157358, 42.40242800000001], [-71.156384, 42.40252400000001], [-71.15235600000001, 42.400791000000005], [-71.156302, 42.395852], [-71.15838699999999, 42.39459300000001], [-71.157118, 42.39056000000001], [-71.157091, 42.389894999999996], [-71.157688, 42.38753100000001], [-71.15798400000001, 42.387042999999984], [-71.158381, 42.386776], [-71.160332, 42.386444], [-71.157971, 42.382805], [-71.157792, 42.38221100000001], [-71.15541999999999, 42.381510000000006], [-71.15514, 42.38130299999999], [-71.155333, 42.380907999999984], [-71.155051, 42.38020000000001], [-71.15625, 42.38064600000001], [-71.154468, 42.37506799999999], [-71.150378, 42.374613], [-71.150239, 42.374376999999996], [-71.145937, 42.37519499999999], [-71.14363, 42.375277000000004], [-71.143925, 42.374074], [-71.13999199999999, 42.373568999999996], [-71.140372, 42.370638], [-71.141008, 42.369333999999995], [-71.14255899999999, 42.366904], [-71.144269, 42.366454000000004], [-71.143501, 42.364968999999995], [-71.14379699999999, 42.364996], [-71.14509799999999, 42.36449199999999], [-71.14679699999999, 42.36229599999999], [-71.14750699999999, 42.361788000000004], [-71.145707, 42.36161], [-71.14620000000001, 42.36130400000001], [-71.147604, 42.358867], [-71.147582, 42.35862099999999], [-71.14908199999999, 42.35615100000001], [-71.144176, 42.35488899999999], [-71.146087, 42.351442000000006], [-71.146033, 42.351181999999994], [-71.145612, 42.350786], [-71.144291, 42.35134600000001], [-71.142997, 42.351634], [-71.142828, 42.351087], [-71.140084, 42.351478], [-71.139956, 42.349465999999985], [-71.139731, 42.348977], [-71.138898, 42.349034], [-71.136803, 42.348389999999995], [-71.136003, 42.34830299999999], [-71.135314, 42.34845399999999], [-71.13298999999999, 42.34956599999999], [-71.133488, 42.35018499999998], [-71.133251, 42.350308], [-71.13371599999999, 42.35090599999999], [-71.134159, 42.35211599999999], [-71.134002, 42.35328299999998], [-71.128344, 42.35260400000001], [-71.128031, 42.35372400000001], [-71.12495, 42.35335399999999], [-71.12474, 42.35430100000001], [-71.120832, 42.353824], [-71.120729, 42.35461500000001], [-71.11804, 42.35391900000002], [-71.11383099999999, 42.351724999999995], [-71.111763, 42.351780000000005], [-71.110661, 42.352393], [-71.110591, 42.35258500000001], [-71.108798, 42.35239699999999], [-71.09919599999999, 42.35279699999999], [-71.091297, 42.354197], [-71.077095, 42.35869699999999], [-71.075692, 42.356065], [-71.07504899999999, 42.355325], [-71.073302, 42.355812], [-71.073021, 42.355309999999996], [-71.072564, 42.355439], [-71.072357, 42.35528200000001], [-71.070655, 42.351853999999996], [-71.073067, 42.351243], [-71.071815, 42.34867700000001], [-71.072692, 42.347930999999996], [-71.076538, 42.34485000000001], [-71.077962, 42.34578599999999], [-71.079972, 42.344149999999985], [-71.08008199999999, 42.34421899999999], [-71.08077999999999, 42.34374400000001], [-71.08350399999999, 42.341263], [-71.09308399999999, 42.333506], [-71.095343, 42.334362], [-71.095089, 42.33475700000001], [-71.099276, 42.335998999999994], [-71.099152, 42.33622399999999], [-71.09813299999999, 42.33678299999999], [-71.10491, 42.33419000000001], [-71.10933299999999, 42.33700000000001], [-71.110894, 42.33550499999999], [-71.11145599999999, 42.335898], [-71.11165199999999, 42.336696], [-71.111378, 42.33688300000001], [-71.111584, 42.33764800000001], [-71.110637, 42.34041000000001], [-71.108412, 42.341888], [-71.105697, 42.343994999999985], [-71.107185, 42.34701099999997], [-71.10656999999999, 42.349912], [-71.1224, 42.351808000000005], [-71.123434, 42.35144899999999], [-71.12421599999999, 42.35152499999999], [-71.126854, 42.35008799999999], [-71.12858299999999, 42.349833000000004], [-71.12928099999999, 42.34906699999999], [-71.133381, 42.347122000000006], [-71.13515500000001, 42.346022999999995], [-71.141302, 42.341072999999994], [-71.141939, 42.340008], [-71.14421200000001, 42.34002199999999], [-71.146597, 42.33849699999999], [-71.146197, 42.33739800000001], [-71.148769, 42.336777000000005], [-71.148398, 42.33579800000002], [-71.15006, 42.335386], [-71.150498, 42.334996], [-71.14999, 42.33449599999999], [-71.14979699999999, 42.334497000000006], [-71.15683299999999, 42.33018899999999], [-71.159325, 42.332767999999994], [-71.161295, 42.33378299999999], [-71.16273199999999, 42.33396099999999], [-71.167565, 42.333441], [-71.168191, 42.33479100000001], [-71.16857, 42.335143], [-71.168886, 42.33582599999999], [-71.169217, 42.33806800000001], [-71.168633, 42.338629], [-71.166808, 42.33928999999997], [-71.16668299999999, 42.340104000000004], [-71.17479800000001, 42.35026500000001], [-71.17479800000001, 42.35079599999998], [-71.173997, 42.353195], [-71.172798, 42.35469599999999], [-71.17119799999999, 42.356396], [-71.16999899999999, 42.357397000000006], [-71.167625, 42.360073000000014], [-71.169506, 42.36019], [-71.17232899999999, 42.359414999999984], [-71.17485599999999, 42.35926799999999], [-71.178845, 42.35978], [-71.182042, 42.36080600000001], [-71.18368, 42.358829], [-71.196058, 42.361747], [-71.192101, 42.365505999999996], [-71.19348099999999, 42.36656], [-71.19462399999999, 42.366980999999996], [-71.19495599999999, 42.367284000000005], [-71.19511299999999, 42.367763000000004], [-71.195444, 42.36789299999997], [-71.195899, 42.36777899999999], [-71.196805, 42.36711000000001], [-71.197234, 42.367123000000014], [-71.19789399999999, 42.367480000000015], [-71.198376, 42.36747200000002], [-71.200957, 42.366169], [-71.202643, 42.36581499999999], [-71.205023, 42.36571500000001], [-71.206321, 42.36461299999999], [-71.207466, 42.364159999999984], [-71.207948, 42.364176000000015], [-71.208922, 42.364536], [-71.210318, 42.364149999999995], [-71.211362, 42.364297], [-71.213326, 42.364896], [-71.214368, 42.36558100000002], [-71.214973, 42.365697999999995], [-71.21553399999999, 42.365608], [-71.216445, 42.365913], [-71.21709299999999, 42.36661399999999]]]}}, {"type": "Feature", "properties": {"district_name": "First Middlesex & Norfolk District", "chamber": "senate", "vintage": "2012-2020", "url": "/district/senate-first-middlesex-norfolk-district-2012-2020/", "latest_year": 2020, "years": [{"year": 2020, "lean_dem_share": 0.846, "competitiveness": "Safe", "competitiveness_label": "Safe D", "party_favored": "Democratic", "is_uncontested": true, "turnout_ratio": 0.7872, "winner_name": "Cynthia Stone Creem", "winner_party": "Democratic", "winner_war": null, "winner_lean_component": 0.5915, "winner_tide_component": 0.0067, "winner_incumbency_adjustment": 0.0724, "winner_demographics_component": null, "winner_fundraising_component": 0.0236}, {"year": 2018, "lean_dem_share": 0.4606, "competitiveness": "Lean", "competitiveness_label": "Lean R", "party_favored": "Republican", "is_uncontested": true, "turnout_ratio": 0.8275, "winner_name": "Cynthia Stone Creem", "winner_party": "Democratic", "winner_war": null, "winner_lean_component": 0.5915, "winner_tide_component": 0.0033, "winner_incumbency_adjustment": 0.0724, "winner_demographics_component": null, "winner_fundraising_component": -0.0371}, {"year": 2016, "lean_dem_share": 0.8393, "competitiveness": "Safe", "competitiveness_label": "Safe D", "party_favored": "Democratic", "is_uncontested": true, "turnout_ratio": 0.7801, "winner_name": "Cynthia Stone Creem", "winner_party": "Democratic", "winner_war": null, "winner_lean_component": 0.5915, "winner_tide_component": 0.0065, "winner_incumbency_adjustment": 0.0724, "winner_demographics_component": null, "winner_fundraising_component": -0.0142}, {"year": 2014, "lean_dem_share": 0.6164, "competitiveness": "Safe", "competitiveness_label": "Safe D", "party_favored": "Democratic", "is_uncontested": true, "turnout_ratio": 0.7831, "winner_name": "Cynthia Stone Creem", "winner_party": "Democratic", "winner_war": null, "winner_lean_component": 0.5915, "winner_tide_component": 0.0049, "winner_incumbency_adjustment": 0.0724, "winner_demographics_component": null, "winner_fundraising_component": -0.0726}, {"year": 2012, "lean_dem_share": 0.7315, "competitiveness": "Safe", "competitiveness_label": "Safe D", "party_favored": "Democratic", "is_uncontested": true, "turnout_ratio": 0.7547, "winner_name": "Cynthia Stone Creem", "winner_party": "Democratic", "winner_war": null, "winner_lean_component": 0.5915, "winner_tide_component": 0.0062, "winner_incumbency_adjustment": 0.0, "winner_demographics_component": null, "winner_fundraising_component": -0.0378}], "lean_dem_share": 0.846, "competitiveness": "Safe", "competitiveness_label": "Safe D", "party_favored": "Democratic", "is_uncontested": true, "turnout_ratio": 0.7872, "winner_name": "Cynthia Stone Creem", "winner_party": "Democratic", "winner_war": null, "winner_lean_component": 0.5915, "winner_tide_component": 0.0067, "winner_incumbency_adjustment": 0.0724, "winner_demographics_component": null, "winner_fundraising_component": 0.0236}, "geometry": {"type": "Polygon", "coordinates": [[[-71.32974999999999, 42.312991000000004], [-71.327327, 42.313745999999995], [-71.319101, 42.31559700000002], [-71.31158599999999, 42.31779900000001], [-71.300102, 42.32039700000001], [-71.293666, 42.322152], [-71.269919, 42.32809599999999], [-71.27028000000001, 42.328731000000005], [-71.269763, 42.32976399999999], [-71.270279, 42.330522], [-71.270246, 42.33098], [-71.269767, 42.33118100000001], [-71.268183, 42.33057900000001], [-71.26570099999999, 42.33131799999999], [-71.265225, 42.33193], [-71.26518899999999, 42.332497], [-71.265393, 42.33300900000001], [-71.264884, 42.33330899999999], [-71.264802, 42.33417399999999], [-71.264455, 42.334604000000006], [-71.263278, 42.334983], [-71.26122, 42.334605], [-71.260075, 42.334844], [-71.25920099999999, 42.335685], [-71.258901, 42.33678999999999], [-71.256952, 42.337980999999985], [-71.25583, 42.338995999999995], [-71.25573899999999, 42.339538999999995], [-71.255873, 42.33996599999999], [-71.257082, 42.34073400000001], [-71.2586, 42.341206], [-71.260645, 42.34091999999999], [-71.261344, 42.341239], [-71.261884, 42.34186900000001], [-71.261407, 42.343594], [-71.261344, 42.344373000000004], [-71.25985299999999, 42.34551900000001], [-71.25974599999999, 42.345898], [-71.25979099999999, 42.34650300000001], [-71.260251, 42.347079000000015], [-71.26055699999999, 42.347938], [-71.260515, 42.348222000000014], [-71.25988199999999, 42.348659999999995], [-71.259065, 42.348803], [-71.258686, 42.349484], [-71.25914500000002, 42.35172399999999], [-71.260385, 42.35363299999999], [-71.25645999999999, 42.354816], [-71.256466, 42.354031], [-71.25568299999999, 42.353836], [-71.254103, 42.35472], [-71.25350999999999, 42.354873000000005], [-71.253068, 42.35570399999998], [-71.25113200000001, 42.35653099999998], [-71.21709299999999, 42.36661399999999], [-71.216445, 42.365913], [-71.21553399999999, 42.365608], [-71.214973, 42.365697999999995], [-71.214368, 42.36558100000002], [-71.213326, 42.364896], [-71.211362, 42.364297], [-71.210318, 42.364149999999995], [-71.208922, 42.364536], [-71.207948, 42.364176000000015], [-71.207466, 42.364159999999984], [-71.206321, 42.36461299999999], [-71.205023, 42.36571500000001], [-71.202643, 42.36581499999999], [-71.200957, 42.366169], [-71.198376, 42.36747200000002], [-71.19789399999999, 42.367480000000015], [-71.197234, 42.367123000000014], [-71.196805, 42.36711000000001], [-71.195899, 42.36777899999999], [-71.195444, 42.36789299999997], [-71.19511299999999, 42.367763000000004], [-71.19495599999999, 42.367284000000005], [-71.19462399999999, 42.366980999999996], [-71.19348099999999, 42.36656], [-71.192101, 42.365505999999996], [-71.196058, 42.361747], [-71.18368, 42.358829], [-71.182042, 42.36080600000001], [-71.178845, 42.35978], [-71.17485599999999, 42.35926799999999], [-71.17232899999999, 42.359414999999984], [-71.169506, 42.36019], [-71.167625, 42.360073000000014], [-71.16999899999999, 42.357397000000006], [-71.17119799999999, 42.356396], [-71.172798, 42.35469599999999], [-71.173997, 42.353195], [-71.17479800000001, 42.35079599999998], [-71.17479800000001, 42.35026500000001], [-71.16668299999999, 42.340104000000004], [-71.166808, 42.33928999999997], [-71.168633, 42.338629], [-71.169217, 42.33806800000001], [-71.168886, 42.33582599999999], [-71.16857, 42.335143], [-71.168191, 42.33479100000001], [-71.167565, 42.333441], [-71.16273199999999, 42.33396099999999], [-71.161295, 42.33378299999999], [-71.159325, 42.332767999999994], [-71.15683299999999, 42.33018899999999], [-71.14979699999999, 42.334497000000006], [-71.14999, 42.33449599999999], [-71.150498, 42.334996], [-71.15006, 42.335386], [-71.148398, 42.33579800000002], [-71.148769, 42.336777000000005], [-71.146197, 42.33739800000001], [-71.146597, 42.33849699999999], [-71.14421200000001, 42.34002199999999], [-71.141939, 42.340008], [-71.141302, 42.341072999999994], [-71.135278, 42.345940999999996], [-71.133381, 42.347122000000006], [-71.12928099999999, 42.34906699999999], [-71.12858299999999, 42.349833000000004], [-71.126854, 42.35008799999999], [-71.12421599999999, 42.35152499999999], [-71.123434, 42.35144899999999], [-71.12242599999999, 42.35180999999997], [-71.10656999999999, 42.349912], [-71.107185, 42.34701099999997], [-71.105697, 42.343994999999985], [-71.108412, 42.341888], [-71.110637, 42.34041000000001], [-71.111584, 42.33764800000001], [-71.111378, 42.33688300000001], [-71.11165199999999, 42.336696], [-71.11145599999999, 42.335898], [-71.110693, 42.335324], [-71.11237899999999, 42.33373599999997], [-71.113162, 42.33257499999999], [-71.113784, 42.33059600000001], [-71.114775, 42.328987999999995], [-71.11471499999999, 42.32856100000001], [-71.114869, 42.328472999999995], [-71.114992, 42.32861900000001], [-71.115116, 42.328427999999995], [-71.11501299999999, 42.32815899999999], [-71.115303, 42.32785700000004], [-71.115304, 42.32723999999998], [-71.115597, 42.326859999999996], [-71.116608, 42.32394999999998], [-71.11736499999999, 42.32359500000001], [-71.118507, 42.323357999999985], [-71.11887, 42.322858], [-71.119436, 42.322735], [-71.12011199999999, 42.32283499999998], [-71.121528, 42.323882], [-71.12336700000002, 42.32257099999998], [-71.123711, 42.32271600000002], [-71.124269, 42.321856], [-71.127096, 42.31849700000001], [-71.13079499999999, 42.31449699999999], [-71.13650200000001, 42.306204], [-71.140096, 42.30217300000001], [-71.146883, 42.29728], [-71.15219499999999, 42.294597], [-71.153196, 42.295498], [-71.156802, 42.29789600000001], [-71.15683899999999, 42.298058000000005], [-71.16150999999999, 42.30149399999999], [-71.164804, 42.303763999999994], [-71.178636, 42.29459500000001], [-71.191155, 42.283058999999994], [-71.191012, 42.285893], [-71.192256, 42.28742600000001], [-71.19276099999999, 42.287810000000015], [-71.194187, 42.28847099999999], [-71.19482099999999, 42.288492999999995], [-71.195453, 42.288184], [-71.19552999999999, 42.28788499999999], [-71.196009, 42.287520000000015], [-71.196133, 42.28672999999999], [-71.196518, 42.28659599999998], [-71.200208, 42.287753], [-71.201313, 42.28860799999999], [-71.202608, 42.28859899999999], [-71.203553, 42.288775], [-71.204932, 42.289486], [-71.20539099999999, 42.290300999999985], [-71.20548099999999, 42.291904], [-71.206096, 42.294036000000006], [-71.206924, 42.29552], [-71.20723699999999, 42.29663800000001], [-71.208029, 42.29740500000001], [-71.211007, 42.299296999999996], [-71.211603, 42.29994099999998], [-71.211759, 42.30078400000001], [-71.21108199999999, 42.302721], [-71.212057, 42.304814], [-71.213183, 42.30622399999999], [-71.214167, 42.30641099999999], [-71.216354, 42.30648599999999], [-71.218426, 42.306852999999975], [-71.22102500000001, 42.306473999999994], [-71.222495, 42.307134999999995], [-71.22369499999999, 42.307233], [-71.22534499999999, 42.307979], [-71.226894, 42.308451999999996], [-71.227164, 42.30878799999999], [-71.22721899999999, 42.30913799999999], [-71.226519, 42.30998399999999], [-71.226418, 42.310433999999994], [-71.22698299999999, 42.31141600000001], [-71.227119, 42.312659999999994], [-71.22654299999999, 42.313181], [-71.22632, 42.31411999999999], [-71.227325, 42.31490800000001], [-71.227689, 42.31547299999999], [-71.229081, 42.31639599999999], [-71.23053399999999, 42.31650199999999], [-71.233006, 42.31626599999999], [-71.259199, 42.297976], [-71.26437, 42.300180000000005], [-71.27579, 42.30022], [-71.27663, 42.30001], [-71.27778599999999, 42.299042000000014], [-71.279256, 42.29883999999999], [-71.276776, 42.297326999999996], [-71.276059, 42.296707999999995], [-71.27526, 42.29473000000001], [-71.27844999999999, 42.2924], [-71.27940000000001, 42.29202], [-71.28107, 42.2922], [-71.28411, 42.293800000000005], [-71.28547, 42.29432], [-71.28647, 42.29449], [-71.287183, 42.29497299999999], [-71.28797, 42.295978000000005], [-71.28877899999999, 42.295475], [-71.28950999999999, 42.294654000000016], [-71.290587, 42.293917000000015], [-71.290941, 42.293483], [-71.29294, 42.29659], [-71.29431, 42.29643], [-71.29539, 42.29741999999999], [-71.29545499999999, 42.298031], [-71.294724, 42.298652999999995], [-71.293629, 42.299259], [-71.29459, 42.30015], [-71.29404, 42.30049], [-71.29405, 42.300650000000005], [-71.29903, 42.30457999999999], [-71.29768, 42.305870000000006], [-71.30099, 42.305830000000014], [-71.300787, 42.30596], [-71.3011, 42.305949999999996], [-71.30127999999999, 42.306709999999995], [-71.30073999999999, 42.30734999999999], [-71.30071, 42.30760000000001], [-71.301, 42.30806], [-71.30167, 42.30856999999999], [-71.30322, 42.30905], [-71.30384, 42.30952000000001], [-71.30387, 42.309979999999996], [-71.30315, 42.3117], [-71.30328, 42.31203], [-71.30399000000001, 42.312760000000004], [-71.30610999999999, 42.31131000000001], [-71.30819, 42.31015], [-71.30957, 42.30958999999999], [-71.30985, 42.309219999999996], [-71.31381999999999, 42.30819], [-71.31439, 42.307739999999995], [-71.31497999999999, 42.30753999999999], [-71.312761, 42.305411], [-71.326396, 42.304401999999996], [-71.32974999999999, 42.312991000000004]]]}}, {"type": "Feature", "properties": {"district_name": "Norfolk & Suffolk District", "chamber": "senate", "vintage": "2012-2020", "url": "/district/senate-norfolk-suffolk-district-2012-2020/", "latest_year": 2020, "years": [{"year": 2020, "lean_dem_share": 0.7477, "competitiveness": "Safe", "competitiveness_label": "Safe D", "party_favored": "Democratic", "is_uncontested": true, "turnout_ratio": 0.819, "winner_name": "Michael F. Rush", "winner_party": "Democratic", "winner_war": null, "winner_lean_component": 0.5065, "winner_tide_component": 0.0067, "winner_incumbency_adjustment": 0.0724, "winner_demographics_component": null, "winner_fundraising_component": 0.0054}, {"year": 2018, "lean_dem_share": 0.3679, "competitiveness": "Safe", "competitiveness_label": "Safe R", "party_favored": "Republican", "is_uncontested": true, "turnout_ratio": 0.8684, "winner_name": "Michael F. Rush", "winner_party": "Democratic", "winner_war": null, "winner_lean_component": 0.5065, "winner_tide_component": 0.0033, "winner_incumbency_adjustment": 0.0724, "winner_demographics_component": null, "winner_fundraising_component": 0.0051}, {"year": 2016, "lean_dem_share": 0.7253, "competitiveness": "Safe", "competitiveness_label": "Safe D", "party_favored": "Democratic", "is_uncontested": true, "turnout_ratio": 0.8789, "winner_name": "Michael F. Rush", "winner_party": "Democratic", "winner_war": null, "winner_lean_component": 0.5065, "winner_tide_component": 0.0065, "winner_incumbency_adjustment": 0.0724, "winner_demographics_component": null, "winner_fundraising_component": 0.012}, {"year": 2014, "lean_dem_share": 0.5099, "competitiveness": "Tossup", "competitiveness_label": "Tossup D", "party_favored": "Democratic", "is_uncontested": true, "turnout_ratio": 0.8338, "winner_name": "Michael F. Rush", "winner_party": "Democratic", "winner_war": null, "winner_lean_component": 0.5065, "winner_tide_component": 0.0049, "winner_incumbency_adjustment": 0.0724, "winner_demographics_component": null, "winner_fundraising_component": 0.0038}, {"year": 2012, "lean_dem_share": 0.6414, "competitiveness": "Safe", "competitiveness_label": "Safe D", "party_favored": "Democratic", "is_uncontested": true, "turnout_ratio": 0.8005, "winner_name": "Michael F. Rush", "winner_party": "Democratic", "winner_war": null, "winner_lean_component": 0.5065, "winner_tide_component": 0.0062, "winner_incumbency_adjustment": 0.0, "winner_demographics_component": null, "winner_fundraising_component": 0.0112}], "lean_dem_share": 0.7477, "competitiveness": "Safe", "competitiveness_label": "Safe D", "party_favored": "Democratic", "is_uncontested": true, "turnout_ratio": 0.819, "winner_name": "Michael F. Rush", "winner_party": "Democratic", "winner_war": null, "winner_lean_component": 0.5065, "winner_tide_component": 0.0067, "winner_incumbency_adjustment": 0.0724, "winner_demographics_component": null, "winner_fundraising_component": 0.0054}, "geometry": {"type": "Polygon", "coordinates": [[[-71.343088, 42.22080100000001], [-71.342885, 42.221376], [-71.341635, 42.22180100000001], [-71.341559, 42.22268899999998], [-71.340679, 42.224788999999994], [-71.338225, 42.226727999999994], [-71.33655399999999, 42.227643], [-71.334538, 42.229381999999994], [-71.33390399999999, 42.230180000000004], [-71.330991, 42.231966], [-71.329802, 42.233168], [-71.329568, 42.233635], [-71.329881, 42.234851000000006], [-71.330992, 42.23667000000002], [-71.331124, 42.23880199999999], [-71.33058, 42.24182299999998], [-71.329776, 42.242823], [-71.32921999999999, 42.24530800000001], [-71.330176, 42.24637300000001], [-71.33153899999999, 42.247115], [-71.332025, 42.247620000000005], [-71.33243399999999, 42.247729000000014], [-71.33267599999999, 42.248449999999984], [-71.33249599999999, 42.249075000000005], [-71.302922, 42.24827400000001], [-71.30846, 42.270709], [-71.308115, 42.271223], [-71.30802899999999, 42.27181099999999], [-71.308476, 42.272293999999995], [-71.309013, 42.27334200000002], [-71.308979, 42.274567999999995], [-71.309493, 42.275847], [-71.309302, 42.276378999999984], [-71.308875, 42.27667399999999], [-71.30760000000001, 42.27700700000001], [-71.30516, 42.27805000000001], [-71.303974, 42.27885799999999], [-71.302477, 42.28015999999999], [-71.301987, 42.280725999999994], [-71.30134, 42.28194], [-71.300417, 42.28293200000001], [-71.29985599999999, 42.28284199999998], [-71.298824, 42.282314000000014], [-71.297641, 42.28128600000001], [-71.29751399999999, 42.280909], [-71.297525, 42.280055000000004], [-71.29786299999999, 42.279092], [-71.299775, 42.276139], [-71.299786, 42.27549800000002], [-71.299622, 42.27505199999999], [-71.299191, 42.274584], [-71.298604, 42.274349], [-71.298011, 42.27429199999998], [-71.296896, 42.274494], [-71.295887, 42.274209], [-71.295142, 42.27360499999999], [-71.294781, 42.272762000000014], [-71.29485199999999, 42.272519999999986], [-71.295137, 42.27240099999998], [-71.296456, 42.272639999999996], [-71.29753500000001, 42.272470000000006], [-71.297979, 42.27210099999999], [-71.298391, 42.271342], [-71.299565, 42.27071700000002], [-71.299888, 42.270361], [-71.299756, 42.269878000000006], [-71.300033, 42.26823099999999], [-71.30037899999999, 42.26772200000001], [-71.30119499999999, 42.26737099999999], [-71.301053, 42.267112999999995], [-71.298903, 42.266828999999994], [-71.296443, 42.26701299999999], [-71.295613, 42.26687300000001], [-71.295242, 42.26655600000001], [-71.29510499999999, 42.265893000000005], [-71.295384, 42.265173], [-71.29514600000002, 42.26501400000001], [-71.294545, 42.265305], [-71.293675, 42.26646099999999], [-71.29194, 42.267282], [-71.291536, 42.26728099999999], [-71.29096899999999, 42.26701400000001], [-71.290099, 42.266070000000006], [-71.28862699999999, 42.26568199999999], [-71.287753, 42.265204], [-71.287403, 42.265355], [-71.287275, 42.266102], [-71.286703, 42.26613600000001], [-71.285814, 42.265674999999995], [-71.284773, 42.264790999999995], [-71.284842, 42.26404499999998], [-71.284688, 42.263588000000006], [-71.283957, 42.26261599999999], [-71.282289, 42.261552], [-71.28077499999999, 42.26087799999999], [-71.279951, 42.260242], [-71.27933999999999, 42.26007399999999], [-71.278243, 42.26011200000001], [-71.27766, 42.260367], [-71.27687, 42.261437], [-71.27656999999999, 42.261396000000005], [-71.27599099999999, 42.26097300000001], [-71.275581, 42.26096199999999], [-71.274231, 42.261756000000005], [-71.272271, 42.26218000000001], [-71.271355, 42.262138], [-71.270848, 42.261563], [-71.270663, 42.26086799999998], [-71.27147099999999, 42.25901600000002], [-71.270738, 42.259429999999995], [-71.27023, 42.260600000000004], [-71.27022, 42.26324], [-71.26862, 42.26525000000001], [-71.266148, 42.271408000000015], [-71.26542800000001, 42.27244100000001], [-71.261213, 42.275003000000005], [-71.260283, 42.27538999999999], [-71.258365, 42.275793], [-71.256602, 42.27580899999998], [-71.25558, 42.27621], [-71.2532, 42.27583999999998], [-71.24947999999999, 42.27571], [-71.24698, 42.27663], [-71.24641, 42.27715999999999], [-71.24591, 42.27835999999999], [-71.24757, 42.27891], [-71.24789, 42.27922], [-71.24804999999999, 42.27989], [-71.24754, 42.28077], [-71.24937, 42.281409999999994], [-71.25283, 42.28362000000003], [-71.25263, 42.286080000000005], [-71.2522, 42.286760000000015], [-71.25177, 42.28647999999997], [-71.25081999999999, 42.28624999999998], [-71.24998, 42.28684], [-71.24928, 42.28678999999998], [-71.24762, 42.28620999999999], [-71.24703, 42.28745000000001], [-71.24504, 42.28656000000001], [-71.24468, 42.28822], [-71.24392999999999, 42.288759999999996], [-71.24378, 42.28917000000001], [-71.24387, 42.28991], [-71.24428999999999, 42.29041000000001], [-71.244934, 42.29173399999999], [-71.24213, 42.291970000000006], [-71.24108, 42.292356000000005], [-71.24125400000001, 42.293423000000004], [-71.236066, 42.293181], [-71.236205, 42.287468], [-71.23546999999999, 42.28726000000002], [-71.23491, 42.28736], [-71.23570000000001, 42.28521], [-71.23495, 42.285030000000006], [-71.23487, 42.28458299999999], [-71.22985, 42.284600000000005], [-71.229894, 42.28542600000001], [-71.22798, 42.28533999999999], [-71.22800000000001, 42.28593], [-71.22643, 42.28574999999998], [-71.22433, 42.28693], [-71.22279, 42.28550999999999], [-71.22214, 42.28621999999998], [-71.22019, 42.28207], [-71.21967, 42.282169999999994], [-71.21969, 42.28047000000001], [-71.21817, 42.28044000000001], [-71.21637299999999, 42.279850999999994], [-71.21597, 42.28006000000001], [-71.21498, 42.281349999999996], [-71.213769, 42.282050999999996], [-71.21307999999999, 42.28279], [-71.21298999999999, 42.284319999999965], [-71.21227, 42.28550999999999], [-71.20998999999999, 42.2845], [-71.20934299999999, 42.28500800000001], [-71.20985, 42.28547000000002], [-71.21124, 42.28741000000001], [-71.21346, 42.289669999999994], [-71.21668, 42.29115999999999], [-71.21777000000002, 42.29204], [-71.218516, 42.29312700000002], [-71.21799, 42.294259999999994], [-71.217531, 42.294827], [-71.217807, 42.29510300000001], [-71.20776300000001, 42.297180999999995], [-71.207218, 42.296604999999985], [-71.206924, 42.29552], [-71.206096, 42.294036000000006], [-71.20548099999999, 42.291904], [-71.20539099999999, 42.290300999999985], [-71.204869, 42.28943100000001], [-71.203553, 42.288775], [-71.202608, 42.28859899999999], [-71.201313, 42.28860799999999], [-71.200208, 42.287753], [-71.196518, 42.28659599999998], [-71.196133, 42.28672999999999], [-71.196009, 42.287520000000015], [-71.19552999999999, 42.28788499999999], [-71.195453, 42.288184], [-71.19482099999999, 42.288492999999995], [-71.194187, 42.28847099999999], [-71.19276099999999, 42.287810000000015], [-71.192256, 42.28742600000001], [-71.191012, 42.285893], [-71.191155, 42.283058999999994], [-71.178636, 42.29459500000001], [-71.164804, 42.303763999999994], [-71.16150999999999, 42.30149399999999], [-71.15683899999999, 42.298058000000005], [-71.156802, 42.29789600000001], [-71.153196, 42.295498], [-71.15219499999999, 42.294597], [-71.146883, 42.29728], [-71.140135, 42.302147000000005], [-71.137103, 42.30118499999999], [-71.13461699999999, 42.30175], [-71.130904, 42.301275], [-71.12792499999999, 42.300157], [-71.130068, 42.298184000000006], [-71.1298, 42.297882], [-71.129819, 42.297564], [-71.12932599999999, 42.29649700000001], [-71.12653399999999, 42.296242], [-71.12201, 42.29555200000001], [-71.12338199999999, 42.294157999999996], [-71.123077, 42.293735], [-71.12129399999999, 42.295199000000004], [-71.11907, 42.29369299999999], [-71.11883, 42.29427099999999], [-71.119435, 42.294607], [-71.118006, 42.29597099999999], [-71.117013, 42.295828000000014], [-71.11882000000001, 42.29252700000001], [-71.119282, 42.290235], [-71.118143, 42.290157000000015], [-71.117967, 42.29119499999998], [-71.11704, 42.291150999999985], [-71.116804, 42.29234099999999], [-71.115471, 42.292348000000004], [-71.114437, 42.29304599999998], [-71.1139, 42.29248199999999], [-71.114329, 42.291833999999994], [-71.11448399999999, 42.29118799999999], [-71.11398299999999, 42.289480000000005], [-71.11350999999999, 42.289066000000005], [-71.111749, 42.288223], [-71.11059, 42.28719199999998], [-71.110635, 42.286901999999984], [-71.112179, 42.286525999999995], [-71.118686, 42.28640900000001], [-71.11881699999999, 42.285501], [-71.11954899999999, 42.28551100000002], [-71.11971199999999, 42.28028799999999], [-71.121776, 42.270675999999995], [-71.122161, 42.271036999999986], [-71.12349, 42.271348999999994], [-71.12566, 42.27340100000001], [-71.126001, 42.273548999999996], [-71.12824499999999, 42.274245], [-71.129434, 42.27346], [-71.13699799999999, 42.278323], [-71.14030799999999, 42.275428999999995], [-71.143664, 42.27284700000001], [-71.143175, 42.272509000000014], [-71.142237, 42.27239799999998], [-71.144386, 42.27179099999999], [-71.145466, 42.26972000000001], [-71.145067, 42.26813899999999], [-71.14513099999999, 42.26696900000001], [-71.144943, 42.266544], [-71.141826, 42.26428599999999], [-71.14152899999999, 42.263917000000006], [-71.141074, 42.261882], [-71.141382, 42.260314], [-71.140455, 42.25938000000001], [-71.140196, 42.25845600000001], [-71.13918600000001, 42.25840000000001], [-71.13753799999999, 42.25886100000002], [-71.136898, 42.258888999999996], [-71.135451, 42.258172], [-71.135702, 42.257906], [-71.135705, 42.257272], [-71.1349, 42.256233], [-71.135713, 42.255021], [-71.136246, 42.254738999999994], [-71.13553999999999, 42.254715], [-71.132477, 42.253858000000015], [-71.13095799999999, 42.252223], [-71.129272, 42.253738], [-71.128181, 42.254951000000005], [-71.12717599999999, 42.25531799999999], [-71.12413099999999, 42.255818999999995], [-71.123933, 42.25657199999999], [-71.122328, 42.25673899999999], [-71.122207, 42.256024000000004], [-71.12125999999999, 42.255869], [-71.120277, 42.255021], [-71.11937, 42.253657], [-71.11698, 42.255825], [-71.112938, 42.258641000000004], [-71.109544, 42.255411999999986], [-71.109347, 42.24798999999999], [-71.12637699999999, 42.23916200000001], [-71.125681, 42.237900999999994], [-71.124932, 42.23746499999999], [-71.12435099999999, 42.23653100000001], [-71.122879, 42.235256], [-71.122709, 42.23449900000001], [-71.123272, 42.23419600000001], [-71.124184, 42.234217999999984], [-71.124673, 42.234004999999996], [-71.12483399999999, 42.232624], [-71.12650599999999, 42.23123199999999], [-71.127629, 42.23097200000001], [-71.128438, 42.230056000000005], [-71.128997, 42.229663999999985], [-71.129505, 42.228757], [-71.130173, 42.22856900000001], [-71.130808, 42.22788], [-71.131424, 42.22822600000001], [-71.131586, 42.227250000000005], [-71.131924, 42.22732999999999], [-71.132341, 42.227729000000004], [-71.132635, 42.227555], [-71.13282, 42.22713], [-71.133938, 42.22767700000001], [-71.134534, 42.227754], [-71.134822, 42.227027000000014], [-71.135031, 42.22694099999999], [-71.136336, 42.227053], [-71.137001, 42.226893999999994], [-71.13749700000001, 42.22574799999998], [-71.138009, 42.225884], [-71.138434, 42.225503], [-71.13888899999999, 42.22571], [-71.139473, 42.22563599999999], [-71.13953, 42.225182000000004], [-71.139151, 42.224653999999994], [-71.139239, 42.224219999999995], [-71.140158, 42.223778], [-71.14112999999999, 42.223617], [-71.14135999999999, 42.22335300000002], [-71.140267, 42.223479000000005], [-71.140033, 42.22307999999999], [-71.142012, 42.222528999999994], [-71.141783, 42.22216799999999], [-71.140635, 42.222505999999996], [-71.14048600000001, 42.222246], [-71.140778, 42.221474], [-71.141177, 42.221170999999984], [-71.14262, 42.220954], [-71.142485, 42.220839000000005], [-71.14186099999999, 42.22091299999999], [-71.141982, 42.219826], [-71.142248, 42.21952100000001], [-71.14227799999999, 42.21916799999998], [-71.141348, 42.218585999999995], [-71.141221, 42.21836000000002], [-71.14134, 42.21802599999997], [-71.142353, 42.217404000000016], [-71.142439, 42.217127999999995], [-71.142189, 42.21701099999999], [-71.142139, 42.21667099999999], [-71.142326, 42.21661699999999], [-71.142817, 42.217003], [-71.143129, 42.21685799999999], [-71.142876, 42.216035999999974], [-71.142973, 42.215617], [-71.14355499999999, 42.215135], [-71.141939, 42.21395], [-71.14214299999999, 42.213693000000006], [-71.14242999999999, 42.21367], [-71.142861, 42.213898], [-71.143327, 42.21358599999999], [-71.143563, 42.21319899999999], [-71.143553, 42.21299199999999], [-71.14266099999999, 42.212256999999994], [-71.142479, 42.21189900000001], [-71.142524, 42.211623], [-71.142678, 42.21148799999999], [-71.143322, 42.211731000000015], [-71.14371899999999, 42.212286], [-71.143914, 42.212340999999995], [-71.143957, 42.211791000000005], [-71.145887, 42.211526], [-71.146378, 42.21083299999999], [-71.146086, 42.210243], [-71.144677, 42.210114999999995], [-71.144952, 42.20952999999998], [-71.146412, 42.20917299999999], [-71.146974, 42.20949900000001], [-71.147997, 42.20957999999997], [-71.14852599999999, 42.209261], [-71.148251, 42.20864999999999], [-71.147744, 42.20827], [-71.147598, 42.20796699999999], [-71.148572, 42.206641999999974], [-71.148112, 42.20557099999999], [-71.147871, 42.205461], [-71.147562, 42.20603700000001], [-71.146653, 42.206368], [-71.146051, 42.20648899999998], [-71.14580099999999, 42.20629399999999], [-71.146078, 42.20562699999999], [-71.146345, 42.20538699999999], [-71.146366, 42.204373000000004], [-71.14982599999999, 42.201296000000006], [-71.150527, 42.20047100000001], [-71.150641, 42.19995900000001], [-71.152002, 42.198948], [-71.152545, 42.198028], [-71.15408, 42.19778899999999], [-71.154732, 42.19714899999999], [-71.155762, 42.196782999999996], [-71.156381, 42.19574899999999], [-71.157626, 42.195291999999974], [-71.157904, 42.195012999999996], [-71.15826299999999, 42.194472000000005], [-71.15828700000002, 42.19388], [-71.16022699999999, 42.18995300000001], [-71.160253, 42.188783999999984], [-71.160443, 42.18838999999999], [-71.162333, 42.187252], [-71.162656, 42.18721], [-71.163544, 42.187628], [-71.164118, 42.18708899999999], [-71.163431, 42.185897999999995], [-71.16351399999999, 42.18474900000001], [-71.16459499999999, 42.183747], [-71.165426, 42.182371], [-71.165191, 42.182012], [-71.164248, 42.181757999999995], [-71.164335, 42.181002], [-71.165009, 42.18062299999999], [-71.16550699999999, 42.180031], [-71.166608, 42.17969699999999], [-71.16760200000002, 42.179703], [-71.168078, 42.179271], [-71.168114, 42.17906], [-71.167941, 42.178893999999985], [-71.166929, 42.178512999999995], [-71.166803, 42.178025], [-71.167045, 42.17750100000001], [-71.165144, 42.176862], [-71.16375699999999, 42.17616999999999], [-71.163769, 42.17596699999998], [-71.16400500000002, 42.175828], [-71.166506, 42.175363], [-71.163615, 42.174003], [-71.163572, 42.17372499999999], [-71.163955, 42.17294400000001], [-71.164341, 42.17278099999999], [-71.166116, 42.17279200000001], [-71.16742099999999, 42.17283400000001], [-71.168176, 42.173095], [-71.16864, 42.173069], [-71.169302, 42.17223400000001], [-71.16834399999999, 42.170643000000005], [-71.16717000000001, 42.16920800000001], [-71.168697, 42.169322], [-71.169793, 42.16976899999999], [-71.17018399999999, 42.168947999999965], [-71.171913, 42.16842999999999], [-71.171727, 42.167572], [-71.171849, 42.16736199999999], [-71.172443, 42.16736299999999], [-71.173132, 42.167887000000015], [-71.173839, 42.16760199999999], [-71.173928, 42.167384000000006], [-71.173564, 42.166308], [-71.173624, 42.166068], [-71.17629, 42.166005], [-71.17605, 42.165344], [-71.17611099999999, 42.165063999999994], [-71.177172, 42.16511399999999], [-71.177373, 42.16406], [-71.17762499999999, 42.16387400000001], [-71.17801299999999, 42.16396099999999], [-71.178381, 42.16454399999999], [-71.178529, 42.165921000000004], [-71.179256, 42.16588699999999], [-71.17903199999999, 42.16534800000001], [-71.17926100000001, 42.16511900000001], [-71.179799, 42.165050000000015], [-71.180189, 42.16561000000001], [-71.180853, 42.165569999999995], [-71.18149199999999, 42.165012], [-71.181877, 42.16345500000003], [-71.182536, 42.163320999999996], [-71.182676, 42.163095000000006], [-71.183459, 42.162855000000015], [-71.185347, 42.162436], [-71.186511, 42.161676], [-71.188627, 42.16081600000001], [-71.186885, 42.153264000000014], [-71.19445499999999, 42.149916000000005], [-71.20246, 42.16008699999999], [-71.203029, 42.159988000000006], [-71.203795, 42.16011000000001], [-71.204065, 42.16023000000001], [-71.20412700000001, 42.160516], [-71.204477, 42.160591000000004], [-71.204506, 42.160896], [-71.205258, 42.161116000000014], [-71.21091899999999, 42.166706], [-71.21285, 42.167412999999996], [-71.212592, 42.167774], [-71.21343399999999, 42.168702], [-71.214148, 42.16880200000001], [-71.2188, 42.16859300000001], [-71.22003699999999, 42.16840499999999], [-71.221878, 42.17109599999998], [-71.225353, 42.170849000000004], [-71.233556, 42.18132100000002], [-71.234189, 42.181398], [-71.234329, 42.18121800000001], [-71.23544199999999, 42.18100900000002], [-71.23614200000002, 42.18147200000001], [-71.23689, 42.181405999999996], [-71.23731099999999, 42.182420000000015], [-71.23755799999999, 42.182666], [-71.239328, 42.18322599999999], [-71.240394, 42.18409199999999], [-71.240917, 42.185078999999995], [-71.24032, 42.18624500000001], [-71.24034, 42.18683000000001], [-71.24072799999999, 42.187419000000006], [-71.241858, 42.188097000000006], [-71.24192599999999, 42.188610999999995], [-71.241743, 42.189206999999996], [-71.242244, 42.19019599999999], [-71.242392, 42.19138700000001], [-71.241888, 42.19196799999999], [-71.241925, 42.19268800000001], [-71.24271499999999, 42.193429], [-71.24270299999999, 42.19386600000001], [-71.24363799999999, 42.195311], [-71.244108, 42.196500000000015], [-71.244621, 42.197102000000015], [-71.246301, 42.197551], [-71.24873199999999, 42.199462000000004], [-71.249499, 42.2006], [-71.250826, 42.20146999999998], [-71.251494, 42.202635], [-71.25412399999999, 42.2028], [-71.25640299999999, 42.203672000000005], [-71.258194, 42.204071], [-71.258263, 42.20391000000001], [-71.25979099999999, 42.204115000000016], [-71.261132, 42.20408700000001], [-71.263711, 42.203328000000006], [-71.267523, 42.200938999999984], [-71.26956899999999, 42.20049899999999], [-71.26808799999999, 42.20957999999997], [-71.271058, 42.21563199999999], [-71.33830499999999, 42.215212], [-71.33843499999999, 42.215232000000015], [-71.338398, 42.215987000000005], [-71.338758, 42.216866], [-71.33963299999999, 42.217562], [-71.341071, 42.218126000000005], [-71.342126, 42.219519], [-71.34298000000001, 42.220039], [-71.343088, 42.22080100000001]]]}}, {"type": "Feature", "properties": {"district_name": "Bristol & Norfolk District", "chamber": "senate", "vintage": "2012-2020", "url": "/district/senate-bristol-norfolk-district-2012-2020/", "latest_year": 2020, "years": [{"year": 2020, "lean_dem_share": 0.6066, "competitiveness": "Safe", "competitiveness_label": "Safe D", "party_favored": "Democratic", "is_uncontested": true, "turnout_ratio": 0.7145, "winner_name": "Paul R. Feeney", "winner_party": "Democratic", "winner_war": null, "winner_lean_component": 0.3909, "winner_tide_component": 0.0067, "winner_incumbency_adjustment": 0.0724, "winner_demographics_component": null, "winner_fundraising_component": 0.0129}, {"year": 2018, "lean_dem_share": 0.2541, "competitiveness": "Safe", "competitiveness_label": "Safe R", "party_favored": "Republican", "is_uncontested": false, "turnout_ratio": 0.9825, "winner_name": "Paul R. Feeney", "winner_party": "Democratic", "winner_war": 0.0827, "winner_lean_component": 0.3909, "winner_tide_component": 0.0033, "winner_incumbency_adjustment": 0.0, "winner_demographics_component": null, "winner_fundraising_component": 0.0349}, {"year": 2016, "lean_dem_share": 0.5579, "competitiveness": "Likely", "competitiveness_label": "Likely D", "party_favored": "Democratic", "is_uncontested": true, "turnout_ratio": 0.8229, "winner_name": "James E. Timilty", "winner_party": "Democratic", "winner_war": null, "winner_lean_component": 0.3909, "winner_tide_component": 0.0065, "winner_incumbency_adjustment": 0.0724, "winner_demographics_component": null, "winner_fundraising_component": null}, {"year": 2014, "lean_dem_share": 0.3813, "competitiveness": "Safe", "competitiveness_label": "Safe R", "party_favored": "Republican", "is_uncontested": true, "turnout_ratio": 0.7155, "winner_name": "James E. Timilty", "winner_party": "Democratic", "winner_war": null, "winner_lean_component": 0.3909, "winner_tide_component": 0.0049, "winner_incumbency_adjustment": 0.0724, "winner_demographics_component": null, "winner_fundraising_component": null}, {"year": 2012, "lean_dem_share": 0.5092, "competitiveness": "Tossup", "competitiveness_label": "Tossup D", "party_favored": "Democratic", "is_uncontested": false, "turnout_ratio": 0.9219, "winner_name": "James E. Timilty", "winner_party": "Democratic", "winner_war": 0.1346, "winner_lean_component": 0.3909, "winner_tide_component": 0.0062, "winner_incumbency_adjustment": 0.0, "winner_demographics_component": null, "winner_fundraising_component": null}], "lean_dem_share": 0.6066, "competitiveness": "Safe", "competitiveness_label": "Safe D", "party_favored": "Democratic", "is_uncontested": true, "turnout_ratio": 0.7145, "winner_name": "Paul R. Feeney", "winner_party": "Democratic", "winner_war": null, "winner_lean_component": 0.3909, "winner_tide_component": 0.0067, "winner_incumbency_adjustment": 0.0724, "winner_demographics_component": null, "winner_fundraising_component": 0.0129}, "geometry": {"type": "Polygon", "coordinates": [[[-71.35207199999999, 42.207557999999985], [-71.351434, 42.208997999999994], [-71.351657, 42.209832999999996], [-71.351591, 42.211044], [-71.350408, 42.213490000000014], [-71.349023, 42.21454299999999], [-71.34684, 42.21558599999998], [-71.346076, 42.21552400000003], [-71.341388, 42.214318999999996], [-71.340171, 42.21384899999999], [-71.33945, 42.214099000000004], [-71.33843499999999, 42.215232000000015], [-71.271058, 42.21563199999999], [-71.26808799999999, 42.20957999999997], [-71.26956899999999, 42.20049899999999], [-71.267523, 42.200938999999984], [-71.263711, 42.203328000000006], [-71.261132, 42.20408700000001], [-71.25979099999999, 42.204115000000016], [-71.258263, 42.20391000000001], [-71.258194, 42.204071], [-71.25640299999999, 42.203672000000005], [-71.25412399999999, 42.2028], [-71.251494, 42.202635], [-71.250826, 42.20146999999998], [-71.249499, 42.2006], [-71.24873199999999, 42.199462000000004], [-71.246301, 42.197551], [-71.244621, 42.197102000000015], [-71.244108, 42.196500000000015], [-71.24363799999999, 42.195311], [-71.24270299999999, 42.19386600000001], [-71.24271499999999, 42.193429], [-71.241925, 42.19268800000001], [-71.241888, 42.19196799999999], [-71.242392, 42.19138700000001], [-71.242244, 42.19019599999999], [-71.241743, 42.189206999999996], [-71.24192599999999, 42.188610999999995], [-71.241858, 42.188097000000006], [-71.24072799999999, 42.187419000000006], [-71.24034, 42.18683000000001], [-71.24032, 42.18624500000001], [-71.240917, 42.185078999999995], [-71.240394, 42.18409199999999], [-71.239328, 42.18322599999999], [-71.23755799999999, 42.182666], [-71.23731099999999, 42.182420000000015], [-71.23689, 42.181405999999996], [-71.23614200000002, 42.18147200000001], [-71.23544199999999, 42.18100900000002], [-71.234329, 42.18121800000001], [-71.234189, 42.181398], [-71.233556, 42.18132100000002], [-71.225353, 42.170849000000004], [-71.221878, 42.17109599999998], [-71.22003699999999, 42.16840499999999], [-71.2188, 42.16859300000001], [-71.214148, 42.16880200000001], [-71.21343399999999, 42.168702], [-71.212592, 42.167774], [-71.21285, 42.167412999999996], [-71.21091899999999, 42.166706], [-71.205258, 42.161116000000014], [-71.204506, 42.160896], [-71.204477, 42.160591000000004], [-71.20412700000001, 42.160516], [-71.204065, 42.16023000000001], [-71.203795, 42.16011000000001], [-71.203029, 42.159988000000006], [-71.20246, 42.16008699999999], [-71.19445499999999, 42.149916000000005], [-71.186885, 42.153264000000014], [-71.188627, 42.16081600000001], [-71.186511, 42.161676], [-71.185347, 42.162436], [-71.183459, 42.162855000000015], [-71.182676, 42.163095000000006], [-71.182536, 42.163320999999996], [-71.181877, 42.16345500000003], [-71.18149199999999, 42.165012], [-71.180853, 42.165569999999995], [-71.180189, 42.16561000000001], [-71.179799, 42.165050000000015], [-71.17926100000001, 42.16511900000001], [-71.17903199999999, 42.16534800000001], [-71.179256, 42.16588699999999], [-71.178529, 42.165921000000004], [-71.178381, 42.16454399999999], [-71.17801299999999, 42.16396099999999], [-71.175759, 42.155595], [-71.176298, 42.155302], [-71.17163500000001, 42.151324999999986], [-71.162198, 42.145279], [-71.16354199999999, 42.141456999999996], [-71.149154, 42.13864099999999], [-71.150078, 42.13656499999998], [-71.15015, 42.135754999999996], [-71.149757, 42.133631], [-71.14854199999999, 42.131160999999985], [-71.148364, 42.128455], [-71.147318, 42.126709000000005], [-71.1504, 42.1253], [-71.15375999999999, 42.124570000000006], [-71.15910000000001, 42.12137999999998], [-71.16192, 42.118680000000005], [-71.16309, 42.11720999999999], [-71.16470000000001, 42.115930000000006], [-71.16537, 42.114570000000015], [-71.16718999999999, 42.11551999999999], [-71.16767, 42.11558], [-71.16923, 42.115269999999995], [-71.17083, 42.114740000000005], [-71.17147, 42.11434999999998], [-71.172462, 42.11265200000001], [-71.172536, 42.11275099999999], [-71.173953, 42.111947999999984], [-71.17519, 42.111049999999985], [-71.17542, 42.11121000000001], [-71.17558, 42.11199], [-71.1797, 42.111650000000004], [-71.18180000000001, 42.10814999999999], [-71.18258999999999, 42.107359999999986], [-71.18471, 42.10645000000001], [-71.1867, 42.10530000000001], [-71.18818, 42.10337999999999], [-71.18848, 42.10278000000002], [-71.18854999999999, 42.100699999999996], [-71.18997, 42.099819999999994], [-71.19135, 42.09847999999999], [-71.19292999999999, 42.097500000000004], [-71.19341, 42.096920000000004], [-71.193485, 42.097514], [-71.194604, 42.08918899999999], [-71.195859, 42.081818000000005], [-71.178457, 42.057362], [-71.16868099999999, 42.061161], [-71.159263, 42.01543300000001], [-71.15644999999999, 42.001042000000034], [-71.100854, 41.993151], [-71.12568499999999, 41.96708399999998], [-71.15567, 41.937999], [-71.193893, 41.910765], [-71.18678799999999, 41.879338], [-71.203463, 41.881843], [-71.193489, 41.81620700000001], [-71.187776, 41.783156000000005], [-71.283588, 41.77480200000003], [-71.292456, 41.774879999999996], [-71.31644399999999, 41.775560999999996], [-71.321596, 41.777901], [-71.32649599999999, 41.779801], [-71.328639, 41.78087199999998], [-71.32909599999999, 41.782719000000014], [-71.329315, 41.782593], [-71.32941799999999, 41.781884000000005], [-71.329582, 41.781836000000006], [-71.329803, 41.782038], [-71.32989599999999, 41.78262600000001], [-71.329663, 41.783077000000006], [-71.329854, 41.783406], [-71.329869, 41.784315], [-71.330232, 41.78471799999999], [-71.33039099999999, 41.785381000000015], [-71.329627, 41.787018], [-71.329652, 41.78773799999999], [-71.329432, 41.78827400000001], [-71.329681, 41.788498000000004], [-71.330415, 41.78865399999999], [-71.330235, 41.78888299999999], [-71.33051, 41.789125000000006], [-71.33089199999999, 41.789136000000006], [-71.330922, 41.789594], [-71.33125199999999, 41.789394], [-71.33236699999999, 41.790141], [-71.332448, 41.790476999999996], [-71.331803, 41.79093199999999], [-71.332199, 41.79105899999999], [-71.332448, 41.791436999999995], [-71.33304199999999, 41.791722], [-71.332602, 41.792046], [-71.33294, 41.792309], [-71.33272, 41.79253899999999], [-71.33305, 41.79268100000001], [-71.332771, 41.793077999999994], [-71.333395, 41.793119000000004], [-71.333754, 41.7939], [-71.33403299999999, 41.794011999999995], [-71.33429, 41.79439399999998], [-71.334136, 41.794653], [-71.335053, 41.79511699999999], [-71.336666, 41.795151000000004], [-71.337972, 41.79578700000001], [-71.339461, 41.79603999999999], [-71.339593, 41.796434], [-71.34043, 41.79719599999999], [-71.340305, 41.79776100000001], [-71.34124400000002, 41.798345000000005], [-71.34079, 41.799062000000006], [-71.341098, 41.799469999999985], [-71.34109099999999, 41.799875], [-71.341304, 41.800226], [-71.341048, 41.80118599999999], [-71.34066, 41.80164400000001], [-71.34089399999999, 41.802108000000004], [-71.33980199999999, 41.80420600000001], [-71.339568, 41.805004000000004], [-71.33979599999999, 41.805566000000006], [-71.338897, 41.80830000000001], [-71.339897, 41.810399999999994], [-71.347197, 41.82310099999999], [-71.34669699999999, 41.82390000000001], [-71.346497, 41.82469999999999], [-71.344897, 41.82799999999999], [-71.342997, 41.82930000000002], [-71.34199699999999, 41.830200000000005], [-71.341197, 41.830600000000004], [-71.340696, 41.831202], [-71.33774199999999, 41.833635], [-71.335197, 41.83549999999999], [-71.341799, 41.84369299999998], [-71.342198, 41.84430000000002], [-71.342198, 41.844801000000004], [-71.340597, 41.84860000000001], [-71.34029699999999, 41.84890000000001], [-71.337395, 41.85500100000001], [-71.337397, 41.85549999999999], [-71.333997, 41.862300000000005], [-71.337598, 41.87200199999999], [-71.337818, 41.87317099999999], [-71.34085700000001, 41.878721], [-71.340698, 41.88290000000001], [-71.339298, 41.89339899999998], [-71.339354, 41.894532999999996], [-71.339069, 41.895309], [-71.338698, 41.898399000000005], [-71.339779, 41.898192999999985], [-71.339671, 41.898480000000006], [-71.339776, 41.89847600000001], [-71.339895, 41.89917399999999], [-71.339589, 41.89929800000001], [-71.340081, 41.899685999999996], [-71.340014, 41.89998399999999], [-71.34049499999999, 41.900801], [-71.341017, 41.900825999999995], [-71.341619, 41.90118700000001], [-71.342792, 41.90052000000001], [-71.34332599999999, 41.900814999999994], [-71.343431, 41.901098999999974], [-71.338166, 41.90376899999998], [-71.336164, 41.90500500000001], [-71.333426, 41.903377], [-71.333041, 41.90330600000001], [-71.330366, 41.903404], [-71.32371499999999, 41.904725], [-71.32104799999999, 41.904572], [-71.32033799999999, 41.90538600000001], [-71.319971, 41.906466], [-71.321156, 41.908542], [-71.320895, 41.91262999999999], [-71.32119, 41.91345], [-71.321727, 41.914219], [-71.322161, 41.915636000000006], [-71.319673, 41.917550000000006], [-71.3168, 41.919139000000015], [-71.31304999999999, 41.922681000000004], [-71.30346999999999, 41.92883899999999], [-71.302314, 41.929926999999985], [-71.301625, 41.930873], [-71.300353, 41.93357100000001], [-71.300764, 41.93363199999999], [-71.30040799999999, 41.933692], [-71.298515, 41.935118], [-71.294639, 41.936983], [-71.284117, 41.944505], [-71.28335799999999, 41.944669], [-71.284387, 41.95063999999999], [-71.28479700000001, 41.950606], [-71.28505899999999, 41.950159000000006], [-71.28556499999999, 41.94997800000001], [-71.285736, 41.949556], [-71.285997, 41.949432999999985], [-71.286701, 41.94960400000001], [-71.287188, 41.949392], [-71.287826, 41.95002300000001], [-71.288569, 41.94980199999999], [-71.28959499999999, 41.950150000000015], [-71.290069, 41.949954999999996], [-71.28985899999999, 41.951807], [-71.28824, 41.95568300000002], [-71.287623, 41.958183], [-71.288054, 41.96206399999999], [-71.28964700000002, 41.964829999999985], [-71.290533, 41.96599099999999], [-71.291372, 41.96825600000001], [-71.291466, 41.96949400000001], [-71.291074, 41.97186099999999], [-71.268739, 41.98730000000001], [-71.288263, 42.014379], [-71.289424, 42.059136], [-71.287099, 42.06370699999999], [-71.287707, 42.076933000000004], [-71.285387, 42.08201199999999], [-71.28464799999999, 42.083269], [-71.28026799999999, 42.08849199999998], [-71.295901, 42.116614], [-71.29715399999999, 42.12050899999999], [-71.300223, 42.12591], [-71.29894, 42.1265], [-71.29991199999999, 42.12940899999999], [-71.30165699999999, 42.136631999999985], [-71.302155, 42.136838], [-71.301885, 42.13713199999999], [-71.301271, 42.13723900000001], [-71.301249, 42.137716000000005], [-71.30060600000002, 42.137923000000015], [-71.300585, 42.138315], [-71.30032299999999, 42.138658], [-71.299747, 42.138495999999996], [-71.29959699999999, 42.13881700000001], [-71.299194, 42.138794999999995], [-71.299031, 42.138948], [-71.299194, 42.13952699999999], [-71.298947, 42.140420000000006], [-71.299768, 42.140936], [-71.299724, 42.141226], [-71.299416, 42.14141399999998], [-71.29940599999999, 42.141771000000006], [-71.300005, 42.14198699999999], [-71.300263, 42.14234799999999], [-71.30022799999999, 42.142695], [-71.300506, 42.142874], [-71.300443, 42.143138], [-71.29984999999999, 42.143761999999974], [-71.29987799999999, 42.144072999999985], [-71.300386, 42.14433799999999], [-71.30035099999999, 42.14472099999999], [-71.300696, 42.14506799999997], [-71.300118, 42.14573100000001], [-71.300275, 42.146039], [-71.30067799999999, 42.14625100000001], [-71.300302, 42.14658199999999], [-71.30044099999999, 42.14692900000001], [-71.300118, 42.147175999999995], [-71.30042999999999, 42.147444000000014], [-71.300853, 42.147532], [-71.300817, 42.14809099999997], [-71.301282, 42.148253000000004], [-71.301965, 42.148165999999996], [-71.30196699999999, 42.148572], [-71.302202, 42.14865099999999], [-71.30234000000002, 42.149026], [-71.30260299999999, 42.14897799999999], [-71.302652, 42.148635000000006], [-71.302846, 42.14846300000001], [-71.303225, 42.14843800000001], [-71.30322699999999, 42.148669000000005], [-71.303566, 42.148693], [-71.30375099999999, 42.14949999999999], [-71.339638, 42.14941599999998], [-71.339304, 42.15002099999999], [-71.339216, 42.150856000000005], [-71.336383, 42.152509999999985], [-71.336244, 42.15265999999999], [-71.33639200000002, 42.15308199999999], [-71.33478, 42.153372], [-71.334093, 42.15394799999999], [-71.33381899999999, 42.154591], [-71.333883, 42.155477], [-71.334148, 42.15630600000001], [-71.333974, 42.15666900000002], [-71.332773, 42.15768800000001], [-71.331785, 42.157500999999996], [-71.33147799999999, 42.15758699999999], [-71.33140999999999, 42.15778399999999], [-71.33151, 42.15804199999998], [-71.332561, 42.158373999999995], [-71.33301600000001, 42.158957999999984], [-71.333073, 42.159378999999994], [-71.332411, 42.16040900000001], [-71.332143, 42.160350999999984], [-71.331577, 42.159736], [-71.331031, 42.15980699999999], [-71.330675, 42.16020899999998], [-71.330816, 42.16067199999999], [-71.33173699999999, 42.160855000000005], [-71.331947, 42.161080000000005], [-71.331777, 42.16130699999999], [-71.331028, 42.16142700000001], [-71.33084699999999, 42.16170100000001], [-71.332167, 42.161865], [-71.332381, 42.16204299999999], [-71.331391, 42.162839000000005], [-71.33086999999999, 42.164039], [-71.331178, 42.164337999999994], [-71.332285, 42.163717], [-71.332684, 42.16376400000001], [-71.332593, 42.164632000000005], [-71.33297100000001, 42.16538999999997], [-71.332426, 42.16592399999998], [-71.33243999999999, 42.166101], [-71.332616, 42.166205000000005], [-71.333471, 42.16604499999999], [-71.333849, 42.16664999999999], [-71.33337399999999, 42.167164000000014], [-71.332692, 42.167224999999995], [-71.33178199999999, 42.167646999999995], [-71.331154, 42.168257], [-71.33128400000001, 42.16851700000002], [-71.33163400000001, 42.16863199999999], [-71.33253599999999, 42.168313], [-71.332854, 42.16834399999998], [-71.332864, 42.16854099999998], [-71.332082, 42.169225], [-71.333002, 42.169435], [-71.333151, 42.169785999999995], [-71.33235599999999, 42.170131999999995], [-71.33223, 42.17060200000001], [-71.332038, 42.170723999999986], [-71.331087, 42.170994], [-71.330354, 42.170860999999995], [-71.32888299999999, 42.17177999999999], [-71.328701, 42.17211200000001], [-71.327928, 42.172711000000014], [-71.326683, 42.172382999999996], [-71.326313, 42.172507], [-71.32607, 42.172992], [-71.32589899999999, 42.173028], [-71.325471, 42.17212800000001], [-71.325076, 42.17208400000001], [-71.32486899999999, 42.172375], [-71.324528, 42.17243999999999], [-71.324398, 42.172298], [-71.32445299999999, 42.171926], [-71.324069, 42.17179], [-71.323751, 42.172069999999984], [-71.323871, 42.172959], [-71.322873, 42.17252600000001], [-71.322587, 42.17254700000001], [-71.322655, 42.172748999999996], [-71.32335499999999, 42.173231], [-71.32324899999999, 42.173473], [-71.32297, 42.17360199999999], [-71.322355, 42.17374299999999], [-71.320262, 42.17336499999998], [-71.319828, 42.17426500000002], [-71.319389, 42.173860000000005], [-71.318905, 42.173885999999996], [-71.31877399999999, 42.174547999999994], [-71.31928599999999, 42.175939000000014], [-71.318184, 42.17777499999999], [-71.318175, 42.17813], [-71.318497, 42.17848000000001], [-71.319456, 42.178885999999984], [-71.319919, 42.178808999999994], [-71.3201, 42.178487], [-71.320425, 42.178335999999994], [-71.320773, 42.17842600000001], [-71.320804, 42.178732999999994], [-71.32041699999999, 42.179483000000005], [-71.320135, 42.179713], [-71.320172, 42.179947000000006], [-71.321482, 42.18022999999999], [-71.32276399999999, 42.18132000000001], [-71.323247, 42.181487999999995], [-71.324288, 42.181403], [-71.325535, 42.181647000000005], [-71.32593, 42.182328999999996], [-71.326554, 42.182731], [-71.32630999999999, 42.18363399999999], [-71.325958, 42.183927], [-71.32601199999999, 42.184092999999976], [-71.326319, 42.18423699999999], [-71.327366, 42.18410999999999], [-71.327788, 42.184203000000004], [-71.32786399999999, 42.18437499999999], [-71.327671, 42.18483800000001], [-71.32781400000002, 42.185035], [-71.328823, 42.18495299999999], [-71.329551, 42.18508600000002], [-71.329565, 42.185419], [-71.32847, 42.18616799999999], [-71.32845, 42.186443000000004], [-71.32879, 42.186679], [-71.330485, 42.186947], [-71.330634, 42.187804], [-71.332019, 42.188742999999974], [-71.333033, 42.188884], [-71.33440000000002, 42.188504000000016], [-71.335145, 42.188483999999974], [-71.335582, 42.189658], [-71.335594, 42.191010999999996], [-71.33582299999999, 42.19123999999999], [-71.336466, 42.191376], [-71.338377, 42.191207999999996], [-71.33881, 42.19105100000001], [-71.33909299999999, 42.190609000000016], [-71.33925200000002, 42.190687], [-71.339167, 42.19170200000001], [-71.33949, 42.19288499999998], [-71.339309, 42.193393], [-71.339488, 42.193599000000006], [-71.34, 42.193740999999996], [-71.340037, 42.19389400000002], [-71.33907099999999, 42.1941], [-71.338974, 42.19437800000001], [-71.339511, 42.19457200000001], [-71.340082, 42.194474], [-71.340324, 42.194691999999996], [-71.340345, 42.194939], [-71.340003, 42.19530100000001], [-71.338898, 42.195268999999996], [-71.33850199999999, 42.19540299999999], [-71.33824299999999, 42.195704000000006], [-71.33828299999999, 42.196034], [-71.33929599999999, 42.19648999999998], [-71.339271, 42.19703300000001], [-71.339945, 42.197157], [-71.340025, 42.197782], [-71.340271, 42.197964999999996], [-71.340649, 42.197835999999974], [-71.341813, 42.198254], [-71.34272899999999, 42.19813399999999], [-71.342754, 42.198878], [-71.342339, 42.199371], [-71.34277399999999, 42.19976999999999], [-71.343226, 42.19989599999999], [-71.343522, 42.19979299999999], [-71.34376999999999, 42.19878900000002], [-71.34397799999999, 42.198561], [-71.344259, 42.19852799999999], [-71.344746, 42.198794], [-71.345004, 42.199356000000016], [-71.344235, 42.20042200000001], [-71.344106, 42.20112], [-71.34429899999999, 42.20138600000001], [-71.345563, 42.20204700000001], [-71.346239, 42.202647000000006], [-71.346847, 42.20371399999999], [-71.34653000000002, 42.20417500000001], [-71.346549, 42.20473899999998], [-71.346792, 42.20484699999999], [-71.34803099999999, 42.204682999999996], [-71.34958999999999, 42.205185], [-71.351029, 42.206139999999984], [-71.35186999999999, 42.207049999999995], [-71.35207199999999, 42.207557999999985]]]}}, {"type": "Feature", "properties": {"district_name": "Norfolk, Bristol & Plymouth District", "chamber": "senate", "vintage": "2012-2020", "url": "/district/senate-norfolk-bristol-plymouth-district-2012-2020/", "latest_year": 2020, "years": [{"year": 2020, "lean_dem_share": 0.6795, "competitiveness": "Safe", "competitiveness_label": "Safe D", "party_favored": "Democratic", "is_uncontested": true, "turnout_ratio": 0.725, "winner_name": "Walter F. Timilty, Jr.", "winner_party": "Democratic", "winner_war": null, "winner_lean_component": 0.4548, "winner_tide_component": 0.0067, "winner_incumbency_adjustment": 0.0724, "winner_demographics_component": null, "winner_fundraising_component": null}, {"year": 2018, "lean_dem_share": 0.31, "competitiveness": "Safe", "competitiveness_label": "Safe R", "party_favored": "Republican", "is_uncontested": true, "turnout_ratio": 0.7479, "winner_name": "Walter F. Timilty, Jr.", "winner_party": "Democratic", "winner_war": null, "winner_lean_component": 0.4548, "winner_tide_component": 0.0033, "winner_incumbency_adjustment": 0.0724, "winner_demographics_component": null, "winner_fundraising_component": null}, {"year": 2016, "lean_dem_share": 0.6443, "competitiveness": "Safe", "competitiveness_label": "Safe D", "party_favored": "Democratic", "is_uncontested": true, "turnout_ratio": 0.6672, "winner_name": "Walter F. Timilty, Jr.", "winner_party": "Democratic", "winner_war": null, "winner_lean_component": 0.4548, "winner_tide_component": 0.0065, "winner_incumbency_adjustment": 0.0, "winner_demographics_component": null, "winner_fundraising_component": null}, {"year": 2014, "lean_dem_share": 0.4655, "competitiveness": "Lean", "competitiveness_label": "Lean R", "party_favored": "Republican", "is_uncontested": true, "turnout_ratio": 0.7117, "winner_name": "Brian A. Joyce", "winner_party": "Democratic", "winner_war": null, "winner_lean_component": 0.4548, "winner_tide_component": 0.0049, "winner_incumbency_adjustment": 0.0724, "winner_demographics_component": null, "winner_fundraising_component": 0.0352}, {"year": 2012, "lean_dem_share": 0.587, "competitiveness": "Likely", "competitiveness_label": "Likely D", "party_favored": "Democratic", "is_uncontested": true, "turnout_ratio": 0.7406, "winner_name": "Brian A. Joyce", "winner_party": "Democratic", "winner_war": null, "winner_lean_component": 0.4548, "winner_tide_component": 0.0062, "winner_incumbency_adjustment": 0.0, "winner_demographics_component": null, "winner_fundraising_component": 0.0188}], "lean_dem_share": 0.6795, "competitiveness": "Safe", "competitiveness_label": "Safe D", "party_favored": "Democratic", "is_uncontested": true, "turnout_ratio": 0.725, "winner_name": "Walter F. Timilty, Jr.", "winner_party": "Democratic", "winner_war": null, "winner_lean_component": 0.4548, "winner_tide_component": 0.0067, "winner_incumbency_adjustment": 0.0724, "winner_demographics_component": null, "winner_fundraising_component": null}, "geometry": {"type": "Polygon", "coordinates": [[[-71.195859, 42.081818000000005], [-71.194604, 42.08918899999999], [-71.193485, 42.097514], [-71.19341, 42.096920000000004], [-71.19292999999999, 42.097500000000004], [-71.19135, 42.09847999999999], [-71.18997, 42.099819999999994], [-71.18854999999999, 42.100699999999996], [-71.18848, 42.10278000000002], [-71.18683, 42.10517000000001], [-71.18471, 42.10645000000001], [-71.18258999999999, 42.107359999999986], [-71.18180000000001, 42.10814999999999], [-71.17978, 42.111599999999996], [-71.17558, 42.11199], [-71.17542, 42.11121000000001], [-71.17519, 42.111049999999985], [-71.173953, 42.111947999999984], [-71.172536, 42.11275099999999], [-71.172462, 42.11265200000001], [-71.17147, 42.11434999999998], [-71.17110000000001, 42.114639999999994], [-71.16843, 42.11546000000001], [-71.16718999999999, 42.11551999999999], [-71.16537, 42.114570000000015], [-71.16470000000001, 42.115930000000006], [-71.16309, 42.11720999999999], [-71.16192, 42.118680000000005], [-71.15910000000001, 42.12137999999998], [-71.15375999999999, 42.124570000000006], [-71.1504, 42.1253], [-71.147318, 42.126709000000005], [-71.148364, 42.128455], [-71.14854199999999, 42.131160999999985], [-71.149757, 42.133631], [-71.15015, 42.135754999999996], [-71.150078, 42.13656499999998], [-71.149154, 42.13864099999999], [-71.16354199999999, 42.141456999999996], [-71.162198, 42.145279], [-71.17163500000001, 42.151324999999986], [-71.176298, 42.155302], [-71.175759, 42.155595], [-71.17801299999999, 42.16396099999999], [-71.17762499999999, 42.16387400000001], [-71.177373, 42.16406], [-71.177172, 42.16511399999999], [-71.17611099999999, 42.165063999999994], [-71.17605, 42.165344], [-71.17629, 42.166005], [-71.173532, 42.16612399999999], [-71.173928, 42.167384000000006], [-71.173839, 42.16760199999999], [-71.173132, 42.167887000000015], [-71.172443, 42.16736299999999], [-71.171849, 42.16736199999999], [-71.171727, 42.167572], [-71.171913, 42.16842999999999], [-71.17018399999999, 42.168947999999965], [-71.169793, 42.16976899999999], [-71.168697, 42.169322], [-71.16717000000001, 42.16920800000001], [-71.16834399999999, 42.170643000000005], [-71.169302, 42.17223400000001], [-71.16864, 42.173069], [-71.168176, 42.173095], [-71.16742099999999, 42.17283400000001], [-71.166116, 42.17279200000001], [-71.164341, 42.17278099999999], [-71.163955, 42.17294400000001], [-71.163572, 42.17372499999999], [-71.163615, 42.174003], [-71.166506, 42.175363], [-71.16400500000002, 42.175828], [-71.163769, 42.17596699999998], [-71.16375699999999, 42.17616999999999], [-71.165144, 42.176862], [-71.167045, 42.17750100000001], [-71.166803, 42.178025], [-71.166929, 42.178512999999995], [-71.167941, 42.178893999999985], [-71.168114, 42.17906], [-71.168078, 42.179271], [-71.16760200000002, 42.179703], [-71.166608, 42.17969699999999], [-71.16550699999999, 42.180031], [-71.165009, 42.18062299999999], [-71.164335, 42.181002], [-71.164248, 42.181757999999995], [-71.165191, 42.182012], [-71.165426, 42.182371], [-71.16459499999999, 42.183747], [-71.16351399999999, 42.18474900000001], [-71.163431, 42.185897999999995], [-71.164118, 42.18708899999999], [-71.163544, 42.187628], [-71.162656, 42.18721], [-71.162333, 42.187252], [-71.160443, 42.18838999999999], [-71.160253, 42.188783999999984], [-71.16022699999999, 42.18995300000001], [-71.15828700000002, 42.19388], [-71.15826299999999, 42.194472000000005], [-71.157904, 42.195012999999996], [-71.157626, 42.195291999999974], [-71.156381, 42.19574899999999], [-71.155762, 42.196782999999996], [-71.154732, 42.19714899999999], [-71.15408, 42.19778899999999], [-71.152545, 42.198028], [-71.152002, 42.198948], [-71.150641, 42.19995900000001], [-71.150527, 42.20047100000001], [-71.14982599999999, 42.201296000000006], [-71.146366, 42.204373000000004], [-71.146345, 42.20538699999999], [-71.146078, 42.20562699999999], [-71.14580099999999, 42.20629399999999], [-71.146051, 42.20648899999998], [-71.146653, 42.206368], [-71.147562, 42.20603700000001], [-71.147871, 42.205461], [-71.148112, 42.20557099999999], [-71.148572, 42.206641999999974], [-71.147598, 42.20796699999999], [-71.147744, 42.20827], [-71.148251, 42.20864999999999], [-71.14852599999999, 42.209261], [-71.147997, 42.20957999999997], [-71.146974, 42.20949900000001], [-71.146412, 42.20917299999999], [-71.144952, 42.20952999999998], [-71.144677, 42.210114999999995], [-71.146086, 42.210243], [-71.146378, 42.21083299999999], [-71.145887, 42.211526], [-71.143957, 42.211791000000005], [-71.143914, 42.212340999999995], [-71.14371899999999, 42.212286], [-71.143322, 42.211731000000015], [-71.142678, 42.21148799999999], [-71.142524, 42.211623], [-71.142479, 42.21189900000001], [-71.14266099999999, 42.212256999999994], [-71.143553, 42.21299199999999], [-71.143563, 42.21319899999999], [-71.143327, 42.21358599999999], [-71.142861, 42.213898], [-71.14242999999999, 42.21367], [-71.14214299999999, 42.213693000000006], [-71.141939, 42.21395], [-71.14355499999999, 42.215135], [-71.142973, 42.215617], [-71.142876, 42.216035999999974], [-71.143129, 42.21685799999999], [-71.142817, 42.217003], [-71.142326, 42.21661699999999], [-71.142139, 42.21667099999999], [-71.142189, 42.21701099999999], [-71.142439, 42.217127999999995], [-71.142353, 42.217404000000016], [-71.141228, 42.218219], [-71.141348, 42.218585999999995], [-71.14227799999999, 42.21916799999998], [-71.142248, 42.21952100000001], [-71.141982, 42.219826], [-71.14186099999999, 42.22091299999999], [-71.142485, 42.220839000000005], [-71.14262, 42.220954], [-71.141177, 42.221170999999984], [-71.140931, 42.221259], [-71.14070199999999, 42.221604], [-71.14048600000001, 42.222246], [-71.140635, 42.222505999999996], [-71.141783, 42.22216799999999], [-71.142012, 42.222528999999994], [-71.140044, 42.223137], [-71.140267, 42.223479000000005], [-71.141245, 42.223279000000005], [-71.14132599999999, 42.223427000000015], [-71.14112999999999, 42.223617], [-71.140158, 42.223778], [-71.139239, 42.224219999999995], [-71.139151, 42.224653999999994], [-71.13953, 42.225182000000004], [-71.139473, 42.22563599999999], [-71.13888899999999, 42.22571], [-71.138434, 42.225503], [-71.138009, 42.225884], [-71.13749700000001, 42.22574799999998], [-71.137244, 42.22612300000001], [-71.137169, 42.22675499999999], [-71.13680099999999, 42.22698199999999], [-71.135031, 42.22694099999999], [-71.134822, 42.227027000000014], [-71.134621, 42.227681], [-71.134444, 42.227759000000006], [-71.133938, 42.22767700000001], [-71.13282, 42.22713], [-71.132635, 42.227555], [-71.132341, 42.227729000000004], [-71.131924, 42.22732999999999], [-71.131586, 42.227250000000005], [-71.131424, 42.22822600000001], [-71.130808, 42.22788], [-71.130173, 42.22856900000001], [-71.12947199999999, 42.22878300000001], [-71.128997, 42.229663999999985], [-71.128438, 42.230056000000005], [-71.127629, 42.23097200000001], [-71.12650599999999, 42.23123199999999], [-71.12483399999999, 42.232624], [-71.124673, 42.234004999999996], [-71.124184, 42.234217999999984], [-71.123272, 42.23419600000001], [-71.122753, 42.23443700000001], [-71.122686, 42.23474900000001], [-71.122879, 42.235256], [-71.12435099999999, 42.23653100000001], [-71.124932, 42.23746499999999], [-71.125681, 42.237900999999994], [-71.12637699999999, 42.23916200000001], [-71.109347, 42.24798999999999], [-71.109544, 42.255411999999986], [-71.113277, 42.258911999999995], [-71.11138799999999, 42.260715000000005], [-71.110224, 42.26116299999998], [-71.109128, 42.26127499999999], [-71.107461, 42.26065199999999], [-71.105407, 42.260826], [-71.103735, 42.259733], [-71.102691, 42.259884], [-71.100298, 42.26123000000001], [-71.09888, 42.262494], [-71.097425, 42.263039], [-71.096571, 42.264511000000006], [-71.095256, 42.265786], [-71.094334, 42.26696999999999], [-71.09356, 42.26709599999999], [-71.092553, 42.26668999999998], [-71.090424, 42.266466000000015], [-71.08986399999999, 42.267728000000005], [-71.090201, 42.268417000000014], [-71.09022999999999, 42.269141000000005], [-71.089704, 42.26962799999999], [-71.08915, 42.26974200000001], [-71.085948, 42.26929199999999], [-71.08551899999999, 42.269007999999985], [-71.082968, 42.268496000000006], [-71.082323, 42.268744999999996], [-71.080809, 42.26897400000001], [-71.07976, 42.269529999999996], [-71.076972, 42.269973000000014], [-71.07592199999999, 42.27033199999998], [-71.073042, 42.270331], [-71.0724, 42.270686000000005], [-71.071742, 42.270812], [-71.070415, 42.27061300000001], [-71.069011, 42.27066199999998], [-71.06841399999999, 42.270806], [-71.06778, 42.271421], [-71.067404, 42.271459], [-71.065904, 42.27115900000001], [-71.065297, 42.27078700000001], [-71.06465399999999, 42.269582], [-71.064679, 42.269107999999996], [-71.064308, 42.268860000000004], [-71.063893, 42.26799800000002], [-71.061593, 42.267299], [-71.053395, 42.272296999999995], [-71.055494, 42.27569799999999], [-71.053094, 42.27732099999999], [-71.048794, 42.277699000000005], [-71.04469399999999, 42.276198], [-71.042794, 42.27699799999999], [-71.041635, 42.26839], [-71.04185, 42.267550000000014], [-71.04167199999999, 42.26642699999999], [-71.03138799999999, 42.25921200000001], [-71.032078, 42.258348999999995], [-71.06109, 42.242383999999994], [-71.053021, 42.229173], [-71.09329900000002, 42.213981000000004], [-71.082707, 42.204269000000004], [-71.082056, 42.204353999999995], [-71.081458, 42.20484699999999], [-71.081043, 42.204927], [-71.07918, 42.20468100000001], [-71.078011, 42.204788], [-71.077195, 42.20464099999999], [-71.075149, 42.204848999999975], [-71.074716, 42.204361000000006], [-71.07440799999999, 42.204289999999986], [-71.07170099999999, 42.204379999999986], [-71.071574, 42.20425600000001], [-71.069501, 42.20448700000001], [-71.064398, 42.205677999999985], [-71.060324, 42.20630499999999], [-71.059445, 42.20597900000003], [-71.058292, 42.206116000000016], [-71.057368, 42.20593499999999], [-71.05489, 42.205825999999995], [-71.052921, 42.205982999999996], [-71.05223, 42.206315], [-71.051476, 42.20623399999999], [-71.049509, 42.206778], [-71.04793699999999, 42.20635999999999], [-71.046815, 42.20645299999999], [-71.04592199999999, 42.206342], [-71.044883, 42.206583], [-71.044938, 42.215384], [-71.033068, 42.227813000000005], [-71.01079, 42.228667999999985], [-71.00216999999999, 42.232208], [-70.988725, 42.23445600000001], [-70.98953399999999, 42.234053999999986], [-70.990014, 42.233367000000015], [-70.9901, 42.232203999999996], [-70.991073, 42.23007099999998], [-70.98705, 42.227830000000004], [-70.9856, 42.22460999999999], [-70.98510999999999, 42.224], [-70.98422, 42.223299999999995], [-70.98348399999999, 42.22233499999999], [-70.989301, 42.22258600000001], [-70.992929, 42.22256099999999], [-70.99253999999999, 42.22063000000001], [-70.99549, 42.220360000000014], [-70.99437999999999, 42.218090000000004], [-70.99398, 42.216289999999994], [-70.99428999999999, 42.211090000000006], [-70.995436, 42.21098799999999], [-70.996383, 42.21166799999999], [-70.996735, 42.214408999999996], [-70.99725, 42.215660000000014], [-70.99712, 42.21369999999998], [-70.99725600000001, 42.211557000000006], [-70.997841, 42.210080999999995], [-70.998187, 42.20979300000001], [-71.002641, 42.208417], [-71.003522, 42.207921000000006], [-71.00416, 42.207329999999985], [-71.00363999999999, 42.20917999999999], [-71.00359, 42.209860000000006], [-71.00582, 42.20978999999999], [-71.005876, 42.210443999999995], [-71.007379, 42.21086999999999], [-71.00992, 42.210968000000015], [-71.009942, 42.210150000000006], [-71.010428, 42.21021499999999], [-71.01137899999999, 42.210857999999995], [-71.01195, 42.21053299999999], [-71.012192, 42.209996000000004], [-71.01290399999999, 42.20926600000001], [-71.01410500000001, 42.20864400000001], [-71.00842999999999, 42.204100000000004], [-71.00809, 42.20373999999999], [-71.00731999999999, 42.20221], [-71.00724, 42.20184], [-71.00748999999999, 42.19971], [-71.00645, 42.19824], [-71.00842999999999, 42.19738999999999], [-71.00831, 42.19691], [-71.00862099999999, 42.195769999999996], [-71.00842999999999, 42.194389], [-71.00793, 42.19395000000001], [-71.00825, 42.19227000000001], [-71.00805, 42.190780000000004], [-71.00713, 42.18984], [-71.00735999999999, 42.18882000000001], [-71.008151, 42.186792999999994], [-71.011941, 42.18419899999999], [-71.012445, 42.18447399999999], [-71.012993, 42.18453700000002], [-71.016604, 42.18378900000001], [-71.017681, 42.183729], [-71.018985, 42.183997999999995], [-71.01938299999999, 42.183671999999994], [-71.019224, 42.18353199999999], [-71.019279, 42.183313999999996], [-71.019845, 42.18257899999998], [-71.019796, 42.18207600000001], [-71.019964, 42.181721], [-71.01983899999999, 42.18125500000001], [-71.02019899999999, 42.18095199999998], [-71.019987, 42.18003200000001], [-71.020124, 42.17953000000001], [-71.019753, 42.17903700000002], [-71.01970399999999, 42.178546999999995], [-71.01999599999999, 42.178398], [-71.019993, 42.17782599999999], [-71.020637, 42.17743299999999], [-71.020574, 42.176565], [-71.02116099999999, 42.17617500000001], [-71.020859, 42.17502699999999], [-71.02153899999999, 42.17409699999999], [-71.02122, 42.173477], [-71.022346, 42.17065600000001], [-71.021606, 42.17030000000001], [-71.021833, 42.169431], [-71.021656, 42.16898699999999], [-71.02199399999999, 42.16900499999999], [-71.027565, 42.15632099999999], [-71.035093, 42.135633999999996], [-71.027233, 42.132948999999996], [-71.027579, 42.126662], [-71.026997, 42.123748999999975], [-71.02185899999999, 42.118745], [-71.098991, 42.08820000000001], [-71.112893, 42.082892], [-71.112325, 42.08210899999997], [-71.111762, 42.079696999999996], [-71.1115, 42.07928999999999], [-71.110439, 42.07850600000001], [-71.109269, 42.07679399999997], [-71.107249, 42.07617], [-71.10708199999999, 42.07575899999999], [-71.10683399999999, 42.072995], [-71.105418, 42.06877199999999], [-71.104806, 42.067864000000014], [-71.104508, 42.06670099999999], [-71.10498799999999, 42.06605100000001], [-71.107322, 42.065688999999985], [-71.107084, 42.06461499999999], [-71.107272, 42.064068999999996], [-71.107158, 42.063444000000004], [-71.1061, 42.05860000000001], [-71.10481399999999, 42.055019000000016], [-71.104326, 42.05308300000002], [-71.103989, 42.05234000000001], [-71.102474, 42.05078], [-71.102153, 42.05017000000001], [-71.102214, 42.048708000000005], [-71.10164, 42.04613899999999], [-71.10334499999999, 42.04631499999999], [-71.105813, 42.047318999999995], [-71.107338, 42.04739700000001], [-71.108088, 42.04761799999999], [-71.109566, 42.048189], [-71.110595, 42.049039], [-71.115579, 42.047442], [-71.116522, 42.047276999999994], [-71.11607, 42.04565300000001], [-71.113993, 42.040783000000005], [-71.113652, 42.03838299999999], [-71.109774, 42.03403], [-71.10892, 42.033322], [-71.107073, 42.034113000000005], [-71.10081199999999, 42.03512800000001], [-71.096857, 42.03616500000001], [-71.09625199999999, 42.03646999999999], [-71.095452, 42.03747099999999], [-71.09439499999999, 42.03824400000003], [-71.090115, 42.040126], [-71.08999, 42.041275000000006], [-71.08982, 42.041578], [-71.085957, 42.04360900000001], [-71.08162399999999, 42.04743499999999], [-71.08359399999999, 42.049428000000006], [-71.084277, 42.05047000000001], [-71.08510199999999, 42.05343299999999], [-71.08635, 42.05682300000001], [-71.086658, 42.05912], [-71.084307, 42.060036], [-71.082703, 42.06043199999999], [-71.081761, 42.060483000000005], [-71.082071, 42.060036], [-71.082033, 42.059641], [-71.08107, 42.05805600000001], [-71.08049, 42.057967999999995], [-71.079459, 42.058378], [-71.078881, 42.05826800000001], [-71.078378, 42.057711], [-71.077675, 42.05726900000001], [-71.07677, 42.05592700000001], [-71.075102, 42.055220999999975], [-71.074309, 42.05469099999999], [-71.074141, 42.05439099999999], [-71.071184, 42.056468], [-71.069498, 42.04971499999999], [-71.025776, 42.055088999999995], [-71.022924, 42.04217799999999], [-70.987163, 42.046583999999996], [-70.98334299999999, 42.02865200000001], [-70.981376, 42.029035], [-70.978942, 42.02896699999999], [-70.969932, 42.031349000000006], [-70.961332, 42.032084], [-70.959717, 42.032862999999985], [-70.958591, 42.03362099999999], [-70.958542, 42.031882], [-70.95591999999999, 42.02986799999999], [-70.953858, 42.029223], [-70.949491, 42.02937999999999], [-70.946887, 42.029993], [-70.941467, 42.031751], [-70.93579799999999, 42.03289099999999], [-70.93513999999999, 42.033256], [-70.932265, 42.035816], [-70.931523, 42.033359000000004], [-70.93159899999999, 42.03104799999999], [-70.93189699999999, 42.028777000000005], [-70.932233, 42.02875199999999], [-70.931907, 42.028392999999994], [-70.931872, 42.026965000000004], [-70.932197, 42.024868], [-70.931517, 42.01973900000001], [-70.933008, 42.016225000000006], [-70.93328799999999, 42.015262], [-70.933403, 42.01408799999999], [-70.932885, 42.01114600000002], [-70.93186899999999, 42.007824999999976], [-70.935763, 42.00779599999999], [-70.93978899999999, 42.007208], [-70.942994, 42.006541000000006], [-70.95366400000002, 42.00584999999999], [-70.979585, 42.010999], [-70.978985, 42.00829299999998], [-70.978943, 42.00734699999999], [-70.990607, 42.00390799999999], [-71.002716, 41.99804100000001], [-71.054184, 41.98271599999999], [-71.054718, 41.985057000000005], [-71.055397, 41.98519999999999], [-71.088841, 41.99114799999998], [-71.10203, 41.993348], [-71.15644999999999, 42.001042000000034], [-71.159263, 42.01543300000001], [-71.16868099999999, 42.061161], [-71.178457, 42.057362], [-71.195859, 42.081818000000005]]]}}, {"type": "Feature", "properties": {"district_name": "Norfolk & Plymouth District", "chamber": "senate", "vintage": "2012-2020", "url": "/district/senate-norfolk-plymouth-district-2012-2020/", "latest_year": 2020, "years": [{"year": 2020, "lean_dem_share": 0.632, "competitiveness": "Safe", "competitiveness_label": "Safe D", "party_favored": "Democratic", "is_uncontested": true, "turnout_ratio": 0.6492, "winner_name": "John F. Keenan", "winner_party": "Democratic", "winner_war": null, "winner_lean_component": 0.4317, "winner_tide_component": 0.0067, "winner_incumbency_adjustment": 0.0724, "winner_demographics_component": null, "winner_fundraising_component": -0.0262}, {"year": 2018, "lean_dem_share": 0.2966, "competitiveness": "Safe", "competitiveness_label": "Safe R", "party_favored": "Republican", "is_uncontested": true, "turnout_ratio": 0.7177, "winner_name": "John F. Keenan", "winner_party": "Democratic", "winner_war": null, "winner_lean_component": 0.4317, "winner_tide_component": 0.0033, "winner_incumbency_adjustment": 0.0724, "winner_demographics_component": null, "winner_fundraising_component": -0.0413}, {"year": 2016, "lean_dem_share": 0.5979, "competitiveness": "Likely", "competitiveness_label": "Likely D", "party_favored": "Democratic", "is_uncontested": true, "turnout_ratio": 0.6991, "winner_name": "John F. Keenan", "winner_party": "Democratic", "winner_war": null, "winner_lean_component": 0.4317, "winner_tide_component": 0.0065, "winner_incumbency_adjustment": 0.0724, "winner_demographics_component": null, "winner_fundraising_component": 0.0061}, {"year": 2014, "lean_dem_share": 0.4433, "competitiveness": "Likely", "competitiveness_label": "Likely R", "party_favored": "Republican", "is_uncontested": false, "turnout_ratio": 1.0143, "winner_name": "John F. Keenan", "winner_party": "Democratic", "winner_war": 0.0402, "winner_lean_component": 0.4317, "winner_tide_component": 0.0049, "winner_incumbency_adjustment": 0.0724, "winner_demographics_component": null, "winner_fundraising_component": 0.0176}, {"year": 2012, "lean_dem_share": 0.5803, "competitiveness": "Likely", "competitiveness_label": "Likely D", "party_favored": "Democratic", "is_uncontested": true, "turnout_ratio": 0.7743, "winner_name": "John F. Keenan", "winner_party": "Democratic", "winner_war": null, "winner_lean_component": 0.4317, "winner_tide_component": 0.0062, "winner_incumbency_adjustment": 0.0, "winner_demographics_component": null, "winner_fundraising_component": -0.0081}], "lean_dem_share": 0.632, "competitiveness": "Safe", "competitiveness_label": "Safe D", "party_favored": "Democratic", "is_uncontested": true, "turnout_ratio": 0.6492, "winner_name": "John F. Keenan", "winner_party": "Democratic", "winner_war": null, "winner_lean_component": 0.4317, "winner_tide_component": 0.0067, "winner_incumbency_adjustment": 0.0724, "winner_demographics_component": null, "winner_fundraising_component": -0.0262}, "geometry": {"type": "Polygon", "coordinates": [[[-71.09329900000002, 42.213981000000004], [-71.053021, 42.229173], [-71.06109, 42.242383999999994], [-71.032078, 42.258348999999995], [-71.03138799999999, 42.25921200000001], [-71.04167199999999, 42.26642699999999], [-71.04185, 42.267550000000014], [-71.041635, 42.26839], [-71.042794, 42.27699799999999], [-71.041594, 42.27809799999999], [-71.04049400000001, 42.281898000000005], [-71.039293, 42.28379899999999], [-71.03789400000001, 42.284898], [-71.03529400000001, 42.288798], [-71.041294, 42.300097999999984], [-71.04169399999999, 42.305298], [-71.028395, 42.30879899999999], [-71.022093, 42.305597999999975], [-71.015393, 42.30669799999998], [-71.00979099999999, 42.305198999999995], [-71.002093, 42.308697999999985], [-70.998593, 42.311997999999996], [-70.988693, 42.31359800000001], [-70.981781, 42.30838199999999], [-70.97599199999999, 42.300097999999984], [-70.96019199999999, 42.29949800000001], [-70.960392, 42.287698999999996], [-70.937691, 42.277499], [-70.938091, 42.266399], [-70.959491, 42.24779899999999], [-70.960191, 42.246798999999996], [-70.960909, 42.24609100000001], [-70.962194, 42.24645499999999], [-70.96540999999999, 42.24679099999997], [-70.967, 42.244582], [-70.968591, 42.2404], [-70.967991, 42.237998999999995], [-70.96049099999999, 42.23509899999997], [-70.960191, 42.23129899999999], [-70.96038399999999, 42.22871499999999], [-70.960596, 42.228539000000005], [-70.960891, 42.226899], [-70.962891, 42.225499], [-70.963728, 42.224694000000014], [-70.964283, 42.224585], [-70.96614400000001, 42.223576], [-70.96665899999999, 42.223566999999996], [-70.967022, 42.223353], [-70.968066, 42.22169], [-70.96801599999999, 42.221201], [-70.96768399999999, 42.22066199999997], [-70.9687, 42.219877999999994], [-70.976111, 42.170680999999995], [-70.976591, 42.16820099999999], [-70.978236, 42.15650900000001], [-70.97805900000002, 42.155887], [-70.97838, 42.15552100000001], [-70.981293, 42.135502], [-70.89351599999999, 42.16981399999999], [-70.890291, 42.17173600000001], [-70.884311, 42.153719], [-70.900119, 42.15174400000001], [-70.889466, 42.11803000000001], [-70.887599, 42.08795100000001], [-70.90238699999999, 42.08590100000001], [-70.915908, 42.100123], [-70.946838, 42.09453399999998], [-70.97551899999999, 42.08744600000001], [-70.975228, 42.08801999999999], [-70.97595799999999, 42.089678], [-70.975284, 42.091364], [-70.97544599999999, 42.09259099999999], [-70.975224, 42.09308999999999], [-70.975355, 42.093844000000004], [-70.975002, 42.094466999999995], [-70.974964, 42.095237999999995], [-70.97519, 42.095731], [-70.97507200000001, 42.096228999999994], [-70.975321, 42.096855], [-70.976817, 42.099813], [-70.976733, 42.100534999999994], [-70.97686399999999, 42.101212000000004], [-70.976259, 42.102204000000015], [-70.977727, 42.10487599999998], [-70.97761299999999, 42.106085], [-70.978004, 42.10655099999999], [-70.97792799999999, 42.107159999999986], [-70.97838899999999, 42.10765699999998], [-70.978612, 42.108360000000005], [-70.97977999999999, 42.10860100000001], [-70.980194, 42.108909000000004], [-70.980103, 42.109856], [-70.980702, 42.11048999999999], [-70.980603, 42.110973], [-70.979682, 42.111485], [-70.978531, 42.113076], [-70.979117, 42.114076999999995], [-70.998594, 42.111636], [-71.002029, 42.12650599999999], [-71.02185899999999, 42.118745], [-71.026997, 42.123748999999975], [-71.027579, 42.126662], [-71.027233, 42.132948999999996], [-71.035093, 42.135633999999996], [-71.027565, 42.15632099999999], [-71.02199399999999, 42.16900499999999], [-71.021656, 42.16898699999999], [-71.021833, 42.169431], [-71.021606, 42.17030000000001], [-71.022346, 42.17065600000001], [-71.02122, 42.173477], [-71.02153899999999, 42.17409699999999], [-71.020859, 42.17502699999999], [-71.02116099999999, 42.17617500000001], [-71.020574, 42.176565], [-71.020637, 42.17743299999999], [-71.019993, 42.17782599999999], [-71.01999599999999, 42.178398], [-71.01970399999999, 42.178546999999995], [-71.019753, 42.17903700000002], [-71.020124, 42.17953000000001], [-71.019987, 42.18003200000001], [-71.02019899999999, 42.18095199999998], [-71.01983899999999, 42.18125500000001], [-71.019964, 42.181721], [-71.019796, 42.18207600000001], [-71.019845, 42.18257899999998], [-71.019279, 42.183313999999996], [-71.019224, 42.18353199999999], [-71.01938299999999, 42.183671999999994], [-71.018985, 42.183997999999995], [-71.017681, 42.183729], [-71.016604, 42.18378900000001], [-71.012993, 42.18453700000002], [-71.012445, 42.18447399999999], [-71.011941, 42.18419899999999], [-71.008151, 42.186792999999994], [-71.00735999999999, 42.18882000000001], [-71.00713, 42.18984], [-71.00805, 42.190780000000004], [-71.00825, 42.19227000000001], [-71.00793, 42.19395000000001], [-71.00842999999999, 42.194389], [-71.00862099999999, 42.195769999999996], [-71.00831, 42.19691], [-71.00842999999999, 42.19738999999999], [-71.00645, 42.19824], [-71.00748999999999, 42.19971], [-71.00724, 42.20184], [-71.00731999999999, 42.20221], [-71.00809, 42.20373999999999], [-71.00842999999999, 42.204100000000004], [-71.01410500000001, 42.20864400000001], [-71.01290399999999, 42.20926600000001], [-71.012192, 42.209996000000004], [-71.01195, 42.21053299999999], [-71.01137899999999, 42.210857999999995], [-71.010428, 42.21021499999999], [-71.009942, 42.210150000000006], [-71.00992, 42.210968000000015], [-71.007379, 42.21086999999999], [-71.005876, 42.210443999999995], [-71.00582, 42.20978999999999], [-71.00359, 42.209860000000006], [-71.00363999999999, 42.20917999999999], [-71.00416, 42.207329999999985], [-71.003522, 42.207921000000006], [-71.002641, 42.208417], [-70.998187, 42.20979300000001], [-70.997841, 42.210080999999995], [-70.99725600000001, 42.211557000000006], [-70.99712, 42.21369999999998], [-70.99725, 42.215660000000014], [-70.996735, 42.214408999999996], [-70.996383, 42.21166799999999], [-70.995436, 42.21098799999999], [-70.99428999999999, 42.211090000000006], [-70.99398, 42.216289999999994], [-70.99437999999999, 42.218090000000004], [-70.99549, 42.220360000000014], [-70.99253999999999, 42.22063000000001], [-70.992929, 42.22256099999999], [-70.989301, 42.22258600000001], [-70.98348399999999, 42.22233499999999], [-70.98422, 42.223299999999995], [-70.98510999999999, 42.224], [-70.9856, 42.22460999999999], [-70.98705, 42.227830000000004], [-70.991073, 42.23007099999998], [-70.9901, 42.232203999999996], [-70.990014, 42.233367000000015], [-70.98953399999999, 42.234053999999986], [-70.988725, 42.23445600000001], [-71.00216999999999, 42.232208], [-71.01079, 42.228667999999985], [-71.033068, 42.227813000000005], [-71.044938, 42.215384], [-71.044883, 42.206583], [-71.04592199999999, 42.206342], [-71.046815, 42.20645299999999], [-71.04793699999999, 42.20635999999999], [-71.049509, 42.206778], [-71.051476, 42.20623399999999], [-71.05223, 42.206315], [-71.052921, 42.205982999999996], [-71.05489, 42.205825999999995], [-71.057368, 42.20593499999999], [-71.058292, 42.206116000000016], [-71.059445, 42.20597900000003], [-71.060324, 42.20630499999999], [-71.064398, 42.205677999999985], [-71.069501, 42.20448700000001], [-71.071574, 42.20425600000001], [-71.07170099999999, 42.204379999999986], [-71.07440799999999, 42.204289999999986], [-71.074716, 42.204361000000006], [-71.075149, 42.204848999999975], [-71.077195, 42.20464099999999], [-71.078011, 42.204788], [-71.07918, 42.20468100000001], [-71.081043, 42.204927], [-71.081458, 42.20484699999999], [-71.082056, 42.204353999999995], [-71.082707, 42.204269000000004], [-71.09329900000002, 42.213981000000004]]]}}, {"type": "Feature", "properties": {"district_name": "Plymouth & Norfolk District", "chamber": "senate", "vintage": "2012-2020", "url": "/district/senate-plymouth-norfolk-district-2012-2020/", "latest_year": 2020, "years": [{"year": 2020, "lean_dem_share": 0.6271, "competitiveness": "Safe", "competitiveness_label": "Safe D", "party_favored": "Democratic", "is_uncontested": false, "turnout_ratio": 0.9842, "winner_name": "Patrick Michael O'Connor", "winner_party": "Republican", "winner_war": 0.0641, "winner_lean_component": 0.3863, "winner_tide_component": 0.0022, "winner_incumbency_adjustment": 0.0, "winner_demographics_component": null, "winner_fundraising_component": 0.0355}, {"year": 2018, "lean_dem_share": 0.2414, "competitiveness": "Safe", "competitiveness_label": "Safe R", "party_favored": "Republican", "is_uncontested": false, "turnout_ratio": 0.9495, "winner_name": "Patrick M. O'Connor", "winner_party": "Republican", "winner_war": -0.0471, "winner_lean_component": 0.3863, "winner_tide_component": 0.0045, "winner_incumbency_adjustment": 0.1297, "winner_demographics_component": null, "winner_fundraising_component": null}, {"year": 2016, "lean_dem_share": 0.5739, "competitiveness": "Likely", "competitiveness_label": "Likely D", "party_favored": "Democratic", "is_uncontested": false, "turnout_ratio": 1.0075, "winner_name": "Patrick M. O'Connor", "winner_party": "Republican", "winner_war": 0.1156, "winner_lean_component": 0.3863, "winner_tide_component": 0.0024, "winner_incumbency_adjustment": 0.0, "winner_demographics_component": null, "winner_fundraising_component": null}, {"year": 2014, "lean_dem_share": 0.382, "competitiveness": "Safe", "competitiveness_label": "Safe R", "party_favored": "Republican", "is_uncontested": true, "turnout_ratio": 0.8286, "winner_name": "Robert L. Hedlund, Jr", "winner_party": "Republican", "winner_war": null, "winner_lean_component": 0.3863, "winner_tide_component": 0.0035, "winner_incumbency_adjustment": 0.1297, "winner_demographics_component": null, "winner_fundraising_component": null}, {"year": 2012, "lean_dem_share": 0.501, "competitiveness": "Tossup", "competitiveness_label": "Tossup D", "party_favored": "Democratic", "is_uncontested": false, "turnout_ratio": 0.9539, "winner_name": "Robert L. Hedlund, Jr.", "winner_party": "Republican", "winner_war": 0.2327, "winner_lean_component": 0.3863, "winner_tide_component": 0.0026, "winner_incumbency_adjustment": 0.0, "winner_demographics_component": null, "winner_fundraising_component": null}], "lean_dem_share": 0.6271, "competitiveness": "Safe", "competitiveness_label": "Safe D", "party_favored": "Democratic", "is_uncontested": false, "turnout_ratio": 0.9842, "winner_name": "Patrick Michael O'Connor", "winner_party": "Republican", "winner_war": 0.0641, "winner_lean_component": 0.3863, "winner_tide_component": 0.0022, "winner_incumbency_adjustment": 0.0, "winner_demographics_component": null, "winner_fundraising_component": 0.0355}, "geometry": {"type": "Polygon", "coordinates": [[[-70.981293, 42.135502], [-70.97838, 42.15552100000001], [-70.97805900000002, 42.155887], [-70.978236, 42.15650900000001], [-70.976591, 42.16820099999999], [-70.976111, 42.170680999999995], [-70.9687, 42.219877999999994], [-70.96768399999999, 42.22066199999997], [-70.96801599999999, 42.221201], [-70.968066, 42.22169], [-70.967022, 42.223353], [-70.96665899999999, 42.223566999999996], [-70.96614400000001, 42.223576], [-70.964283, 42.224585], [-70.963728, 42.224694000000014], [-70.962891, 42.225499], [-70.960891, 42.226899], [-70.960596, 42.228539000000005], [-70.96038399999999, 42.22871499999999], [-70.960191, 42.23129899999999], [-70.96049099999999, 42.23509899999997], [-70.967991, 42.237998999999995], [-70.968591, 42.2404], [-70.967, 42.244582], [-70.96540999999999, 42.24679099999997], [-70.962194, 42.24645499999999], [-70.960909, 42.24609100000001], [-70.960191, 42.246798999999996], [-70.959491, 42.24779899999999], [-70.938091, 42.266399], [-70.937691, 42.277499], [-70.960392, 42.287698999999996], [-70.96019199999999, 42.29949800000001], [-70.94899099999999, 42.301298], [-70.937091, 42.311097999999994], [-70.927191, 42.310097999999996], [-70.917091, 42.314198000000005], [-70.905692, 42.316998999999996], [-70.894292, 42.372398999999994], [-70.851191, 42.372499], [-70.74947, 42.37333999999999], [-70.67569, 42.375097999999994], [-70.658723, 42.375097999999994], [-70.690393, 42.27899900000001], [-70.689025, 42.27238999999998], [-70.688773, 42.268331], [-70.688704, 42.263468], [-70.68406100000001, 42.25383599999999], [-70.676029, 42.250102000000005], [-70.66281, 42.24485099999999], [-70.648622, 42.23736], [-70.640113, 42.22837199999999], [-70.63633, 42.21638599999999], [-70.63633, 42.20290299999999], [-70.63916499999999, 42.19091899999998], [-70.642946, 42.178185], [-70.624482, 42.15722500000002], [-70.62258, 42.154424], [-70.608381, 42.13847900000001], [-70.499477, 42.130739000000005], [-70.41480299999999, 42.125097999999994], [-70.41145399999999, 42.125099], [-70.37447399999999, 42.12155], [-70.37447399999999, 42.07333800000001], [-70.633127, 42.088227999999965], [-70.63104899999999, 42.08310599999999], [-70.629803, 42.077186000000005], [-70.62872399999999, 42.073549], [-70.62603299999999, 42.06655999999999], [-70.622529, 42.06013200000001], [-70.614905, 42.04911099999999], [-70.608105, 42.037786000000004], [-70.602953, 42.025846999999985], [-70.598554, 42.01367700000001], [-70.64150000000001, 42.013155000000005], [-70.64202, 42.012396999999986], [-70.64358299999999, 42.007777], [-70.645899, 42.002459], [-70.64838999999999, 41.997844], [-70.649808, 41.996042], [-70.652348, 41.990216999999994], [-70.653511, 41.987113], [-70.662497, 41.988123000000016], [-70.66525299999999, 41.988588], [-70.66705499999999, 41.989205], [-70.668339, 41.989996999999995], [-70.66913699999999, 41.990877999999995], [-70.6701, 41.992642999999994], [-70.671066, 41.99651000000001], [-70.67173799999999, 41.998325000000015], [-70.672635, 41.999658], [-70.67326899999999, 42.00023000000001], [-70.682081, 42.001403999999994], [-70.698582, 42.006703], [-70.705902, 42.004456], [-70.711225, 42.00314900000001], [-70.711266, 42.00237], [-70.72255, 42.002849], [-70.7226, 42.00321599999999], [-70.72194, 42.003209999999996], [-70.722223, 42.004259], [-70.722814, 42.004639999999995], [-70.724655, 42.00707999999998], [-70.72402199999999, 42.009288], [-70.727888, 42.01358799999999], [-70.73124000000001, 42.017707], [-70.76969799999999, 42.022098], [-70.769784, 42.02220299999999], [-70.76853799999999, 42.025998999999985], [-70.768063, 42.02669299999999], [-70.76737800000001, 42.027252000000004], [-70.76680499999999, 42.028152], [-70.766065, 42.028499], [-70.765734, 42.03058199999998], [-70.76538099999999, 42.031315], [-70.764308, 42.03132099999999], [-70.763126, 42.031065000000005], [-70.761169, 42.03160200000002], [-70.759635, 42.03298800000001], [-70.75926, 42.033745], [-70.75922899999999, 42.034437], [-70.759646, 42.035087999999995], [-70.760943, 42.03552499999999], [-70.76083799999999, 42.03584599999999], [-70.761127, 42.03613399999999], [-70.761073, 42.03647600000001], [-70.761439, 42.036964000000005], [-70.76181199999999, 42.037116], [-70.763267, 42.037203000000005], [-70.764888, 42.038064], [-70.765114, 42.03867900000001], [-70.764749, 42.03965799999999], [-70.76533599999999, 42.040329], [-70.76607600000001, 42.04176899999999], [-70.767394, 42.04259200000001], [-70.76766099999999, 42.043157], [-70.767724, 42.04402600000001], [-70.768333, 42.04430200000001], [-70.768667, 42.045125000000006], [-70.78144499999999, 42.04678], [-70.74971599999999, 42.096977], [-70.762328, 42.10331399999999], [-70.759468, 42.109598000000005], [-70.765923, 42.109902000000005], [-70.766549, 42.114028000000005], [-70.775978, 42.112854999999996], [-70.776169, 42.11343900000001], [-70.777281, 42.113406], [-70.775617, 42.11461399999999], [-70.775089, 42.115333], [-70.77696399999999, 42.11662800000001], [-70.776664, 42.116828000000005], [-70.77688599999999, 42.11700200000001], [-70.778384, 42.115916999999996], [-70.78254299999999, 42.11652900000001], [-70.78204699999999, 42.11462600000001], [-70.783253, 42.111922], [-70.78635799999999, 42.11151899999999], [-70.788361, 42.111616999999995], [-70.788164, 42.11031500000001], [-70.790167, 42.110713], [-70.790071, 42.10880999999999], [-70.792074, 42.10910800000002], [-70.789481, 42.106804], [-70.792185, 42.106201000000006], [-70.798885, 42.112300999999995], [-70.800685, 42.10970100000001], [-70.803702, 42.111916999999984], [-70.80375, 42.113178999999995], [-70.804315, 42.113476000000006], [-70.80474699999999, 42.114242999999995], [-70.80694299999999, 42.114825], [-70.80802899999999, 42.114588999999995], [-70.808263, 42.114667000000004], [-70.808298, 42.115320000000004], [-70.808917, 42.116451], [-70.809236, 42.11751199999999], [-70.80978499999999, 42.117716000000016], [-70.809803, 42.118338], [-70.80902, 42.11902999999998], [-70.80905299999999, 42.119800000000005], [-70.80851899999999, 42.120174999999996], [-70.80795499999999, 42.12020599999998], [-70.808122, 42.121157], [-70.808503, 42.121643999999996], [-70.808421, 42.122254], [-70.808903, 42.122691000000025], [-70.808988, 42.122960000000006], [-70.808887, 42.12356999999997], [-70.80906999999999, 42.124572000000015], [-70.810383, 42.12546899999999], [-70.811382, 42.126576], [-70.81299700000001, 42.12691699999999], [-70.814945, 42.12792100000001], [-70.815843, 42.129138000000005], [-70.81611, 42.12973599999998], [-70.81624099999999, 42.13093399999999], [-70.816687, 42.131499], [-70.817982, 42.131536000000004], [-70.819329, 42.13204400000003], [-70.819294, 42.132318999999995], [-70.818709, 42.132684999999995], [-70.818726, 42.13283500000001], [-70.819523, 42.133016999999995], [-70.821716, 42.132850999999995], [-70.822664, 42.132441], [-70.823561, 42.132509999999975], [-70.823977, 42.13243999999998], [-70.824558, 42.13205200000001], [-70.82545499999999, 42.13210899999998], [-70.826202, 42.131868999999995], [-70.827299, 42.132004000000016], [-70.82756499999999, 42.132217], [-70.82866, 42.132487999999995], [-70.82988999999999, 42.132424], [-70.83090299999999, 42.132892999999996], [-70.832165, 42.13317700000001], [-70.833103, 42.134156], [-70.83428099999999, 42.134592999999995], [-70.83453899999999, 42.135394], [-70.834315, 42.13604899999999], [-70.834013, 42.136246], [-70.834178, 42.13631900000002], [-70.833893, 42.13644300000002], [-70.833755, 42.136838], [-70.833953, 42.136984999999996], [-70.834499, 42.13698399999999], [-70.83461299999999, 42.137143999999985], [-70.834519, 42.138219], [-70.834709, 42.139267000000004], [-70.83546799999999, 42.13952499999999], [-70.836505, 42.14141600000002], [-70.837385, 42.144097999999985], [-70.838261, 42.145475], [-70.838639, 42.145725000000006], [-70.837875, 42.14678399999998], [-70.837923, 42.14701099999999], [-70.840123, 42.148166999999994], [-70.840278, 42.14919800000001], [-70.84213, 42.150822999999995], [-70.842304, 42.15145400000001], [-70.84284699999999, 42.15233500000001], [-70.844405, 42.152908], [-70.844842, 42.15323], [-70.844655, 42.154336], [-70.84656, 42.156234], [-70.847121, 42.157300000000006], [-70.847246, 42.15830799999999], [-70.884311, 42.153719], [-70.890291, 42.17173600000001], [-70.89351599999999, 42.16981399999999], [-70.981293, 42.135502]]]}}, {"type": "Feature", "properties": {"district_name": "Second Plymouth & Bristol District", "chamber": "senate", "vintage": "2012-2020", "url": "/district/senate-second-plymouth-bristol-district-2012-2020/", "latest_year": 2020, "years": [{"year": 2020, "lean_dem_share": 0.6416, "competitiveness": "Safe", "competitiveness_label": "Safe D", "party_favored": "Democratic", "is_uncontested": true, "turnout_ratio": 0.7715, "winner_name": "Michael D. Brady", "winner_party": "Democratic", "winner_war": null, "winner_lean_component": 0.4469, "winner_tide_component": 0.0067, "winner_incumbency_adjustment": 0.0724, "winner_demographics_component": null, "winner_fundraising_component": 0.024}, {"year": 2018, "lean_dem_share": 0.3216, "competitiveness": "Safe", "competitiveness_label": "Safe R", "party_favored": "Republican", "is_uncontested": false, "turnout_ratio": 0.9987, "winner_name": "Michael D. Brady", "winner_party": "Democratic", "winner_war": 0.0508, "winner_lean_component": 0.4469, "winner_tide_component": 0.0033, "winner_incumbency_adjustment": 0.0724, "winner_demographics_component": null, "winner_fundraising_component": -0.0022}, {"year": 2016, "lean_dem_share": 0.6022, "competitiveness": "Safe", "competitiveness_label": "Safe D", "party_favored": "Democratic", "is_uncontested": true, "turnout_ratio": 0.8171, "winner_name": "Michael D. Brady", "winner_party": "Democratic", "winner_war": null, "winner_lean_component": 0.4469, "winner_tide_component": 0.0065, "winner_incumbency_adjustment": 0.0, "winner_demographics_component": null, "winner_fundraising_component": -0.0124}, {"year": 2014, "lean_dem_share": 0.4747, "competitiveness": "Lean", "competitiveness_label": "Lean R", "party_favored": "Republican", "is_uncontested": false, "turnout_ratio": 1.0094, "winner_name": "Thomas P. Kennedy", "winner_party": "Democratic", "winner_war": 0.0355, "winner_lean_component": 0.4469, "winner_tide_component": 0.0049, "winner_incumbency_adjustment": 0.0724, "winner_demographics_component": null, "winner_fundraising_component": 0.0113}, {"year": 2012, "lean_dem_share": 0.5997, "competitiveness": "Likely", "competitiveness_label": "Likely D", "party_favored": "Democratic", "is_uncontested": true, "turnout_ratio": 0.784, "winner_name": "Thomas P. Kennedy", "winner_party": "Democratic", "winner_war": null, "winner_lean_component": 0.4469, "winner_tide_component": 0.0062, "winner_incumbency_adjustment": 0.0, "winner_demographics_component": null, "winner_fundraising_component": 0.013}], "lean_dem_share": 0.6416, "competitiveness": "Safe", "competitiveness_label": "Safe D", "party_favored": "Democratic", "is_uncontested": true, "turnout_ratio": 0.7715, "winner_name": "Michael D. Brady", "winner_party": "Democratic", "winner_war": null, "winner_lean_component": 0.4469, "winner_tide_component": 0.0067, "winner_incumbency_adjustment": 0.0724, "winner_demographics_component": null, "winner_fundraising_component": 0.024}, "geometry": {"type": "Polygon", "coordinates": [[[-71.116522, 42.047276999999994], [-71.115579, 42.047442], [-71.110595, 42.049039], [-71.109566, 42.048189], [-71.108088, 42.04761799999999], [-71.107338, 42.04739700000001], [-71.105813, 42.047318999999995], [-71.10334499999999, 42.04631499999999], [-71.10164, 42.04613899999999], [-71.102214, 42.048708000000005], [-71.102153, 42.05017000000001], [-71.102474, 42.05078], [-71.103989, 42.05234000000001], [-71.104326, 42.05308300000002], [-71.10481399999999, 42.055019000000016], [-71.1061, 42.05860000000001], [-71.107158, 42.063444000000004], [-71.107272, 42.064068999999996], [-71.107084, 42.06461499999999], [-71.107322, 42.065688999999985], [-71.10498799999999, 42.06605100000001], [-71.104508, 42.06670099999999], [-71.104806, 42.067864000000014], [-71.105418, 42.06877199999999], [-71.10683399999999, 42.072995], [-71.10708199999999, 42.07575899999999], [-71.107249, 42.07617], [-71.109269, 42.07679399999997], [-71.110439, 42.07850600000001], [-71.1115, 42.07928999999999], [-71.111762, 42.079696999999996], [-71.112325, 42.08210899999997], [-71.112893, 42.082892], [-71.098991, 42.08820000000001], [-71.002029, 42.12650599999999], [-70.998594, 42.111636], [-70.97948, 42.11403699999998], [-70.979117, 42.114076999999995], [-70.97897999999999, 42.11388200000001], [-70.978531, 42.113076], [-70.979682, 42.111485], [-70.980603, 42.110973], [-70.980702, 42.11048999999999], [-70.980103, 42.109856], [-70.980194, 42.108909000000004], [-70.97977999999999, 42.10860100000001], [-70.978612, 42.108360000000005], [-70.97838899999999, 42.10765699999998], [-70.97792799999999, 42.107159999999986], [-70.978004, 42.10655099999999], [-70.97761299999999, 42.106085], [-70.977727, 42.10487599999998], [-70.976259, 42.102204000000015], [-70.97686399999999, 42.101212000000004], [-70.976733, 42.100534999999994], [-70.976817, 42.099813], [-70.975321, 42.096855], [-70.97507200000001, 42.096228999999994], [-70.97519, 42.095731], [-70.974964, 42.095237999999995], [-70.975002, 42.094466999999995], [-70.975355, 42.093844000000004], [-70.975224, 42.09308999999999], [-70.97544599999999, 42.09259099999999], [-70.975284, 42.091364], [-70.97595799999999, 42.089678], [-70.975228, 42.08801999999999], [-70.97551899999999, 42.08744600000001], [-70.946838, 42.09453399999998], [-70.915908, 42.100123], [-70.90238699999999, 42.08590100000001], [-70.887599, 42.08795100000001], [-70.889466, 42.11803000000001], [-70.900119, 42.15174400000001], [-70.847246, 42.15830799999999], [-70.847121, 42.157300000000006], [-70.84656, 42.156234], [-70.844655, 42.154336], [-70.844842, 42.15323], [-70.844405, 42.152908], [-70.84284699999999, 42.15233500000001], [-70.842304, 42.15145400000001], [-70.84213, 42.150822999999995], [-70.840278, 42.14919800000001], [-70.840123, 42.148166999999994], [-70.837923, 42.14701099999999], [-70.837875, 42.14678399999998], [-70.838639, 42.145725000000006], [-70.838261, 42.145475], [-70.837385, 42.144097999999985], [-70.836505, 42.14141600000002], [-70.83546799999999, 42.13952499999999], [-70.834709, 42.139267000000004], [-70.834519, 42.138219], [-70.83461299999999, 42.137143999999985], [-70.834499, 42.13698399999999], [-70.833953, 42.136984999999996], [-70.833755, 42.136838], [-70.833893, 42.13644300000002], [-70.834178, 42.13631900000002], [-70.834013, 42.136246], [-70.834315, 42.13604899999999], [-70.83453899999999, 42.135394], [-70.83428099999999, 42.134592999999995], [-70.833103, 42.134156], [-70.832165, 42.13317700000001], [-70.83090299999999, 42.132892999999996], [-70.82988999999999, 42.132424], [-70.82866, 42.132487999999995], [-70.82756499999999, 42.132217], [-70.827299, 42.132004000000016], [-70.826202, 42.131868999999995], [-70.82545499999999, 42.13210899999998], [-70.824558, 42.13205200000001], [-70.823977, 42.13243999999998], [-70.823561, 42.132509999999975], [-70.822664, 42.132441], [-70.821716, 42.132850999999995], [-70.819523, 42.133016999999995], [-70.818726, 42.13283500000001], [-70.818709, 42.132684999999995], [-70.819294, 42.132318999999995], [-70.819329, 42.13204400000003], [-70.817982, 42.131536000000004], [-70.816687, 42.131499], [-70.81624099999999, 42.13093399999999], [-70.81611, 42.12973599999998], [-70.815843, 42.129138000000005], [-70.814945, 42.12792100000001], [-70.81299700000001, 42.12691699999999], [-70.811382, 42.126576], [-70.810383, 42.12546899999999], [-70.80906999999999, 42.124572000000015], [-70.808887, 42.12356999999997], [-70.808988, 42.122960000000006], [-70.808903, 42.122691000000025], [-70.808421, 42.122254], [-70.808503, 42.121643999999996], [-70.808122, 42.121157], [-70.80795499999999, 42.12020599999998], [-70.80851899999999, 42.120174999999996], [-70.80905299999999, 42.119800000000005], [-70.80902, 42.11902999999998], [-70.809803, 42.118338], [-70.80978499999999, 42.117716000000016], [-70.809236, 42.11751199999999], [-70.808917, 42.116451], [-70.808298, 42.115320000000004], [-70.808263, 42.114667000000004], [-70.80802899999999, 42.114588999999995], [-70.80694299999999, 42.114825], [-70.80474699999999, 42.114242999999995], [-70.804315, 42.113476000000006], [-70.80375, 42.113178999999995], [-70.803702, 42.111916999999984], [-70.803502, 42.111706000000005], [-70.806793, 42.10843399999999], [-70.811863, 42.10403999999999], [-70.810012, 42.10047999999999], [-70.81080299999999, 42.100187], [-70.809585, 42.099201], [-70.811185, 42.09810100000001], [-70.814785, 42.099001000000015], [-70.819619, 42.09932799999999], [-70.821322, 42.100609000000006], [-70.82379, 42.10046200000001], [-70.831214, 42.098701999999996], [-70.836061, 42.09696], [-70.839416, 42.09462500000001], [-70.842486, 42.094800999999975], [-70.845483, 42.092314], [-70.842687, 42.08867099999999], [-70.843897, 42.077184999999986], [-70.84178899999999, 42.071736], [-70.838219, 42.06388500000001], [-70.84001099999999, 42.06126599999999], [-70.841008, 42.060406999999984], [-70.838967, 42.059291999999985], [-70.836822, 42.05929], [-70.845806, 42.05502200000001], [-70.845367, 42.05409099999999], [-70.845552, 42.053599], [-70.84545, 42.053439], [-70.846685, 42.05210099999999], [-70.847122, 42.050365], [-70.847287, 42.048475999999994], [-70.846465, 42.04778099999999], [-70.84587599999999, 42.046212], [-70.841071, 42.04489300000001], [-70.842246, 42.04343200000002], [-70.84476599999999, 42.04269799999999], [-70.83340299999999, 42.019563000000005], [-70.814392, 42.024122], [-70.812884, 42.022701999999995], [-70.81318399999999, 42.019202], [-70.812184, 42.01860200000001], [-70.811184, 42.017502], [-70.809484, 42.01670200000001], [-70.809484, 42.01540200000001], [-70.80798399999999, 42.013602], [-70.807284, 42.01300199999998], [-70.807307, 42.012871], [-70.799329, 42.01361299999999], [-70.795924, 42.005489999999995], [-70.790858, 41.98840099999998], [-70.787478, 41.97836], [-70.765531, 41.96698599999999], [-70.758692, 41.947506999999995], [-70.771717, 41.946146999999996], [-70.829827, 41.92769900000002], [-70.844379, 41.941526], [-70.84974, 41.94605899999999], [-70.860869, 41.954998], [-70.869128, 41.94827700000001], [-70.908473, 41.96634600000002], [-70.907823, 41.96678500000001], [-70.90714200000001, 41.96758], [-70.907152, 41.970240999999994], [-70.907625, 41.970968000000006], [-70.908592, 41.971933], [-70.90862899999999, 41.97247300000001], [-70.908318, 41.97357199999999], [-70.908384, 41.97401699999998], [-70.910139, 41.975954], [-70.911726, 41.97700699999998], [-70.91211899999999, 41.977692000000005], [-70.91214, 41.978426], [-70.911492, 41.97938699999998], [-70.911369, 41.98022900000001], [-70.901399, 41.982980999999995], [-70.89977499999999, 41.988284], [-70.899187, 41.99637099999999], [-70.90336599999999, 41.996627], [-70.908439, 41.996164], [-70.91058, 41.996776], [-70.911547, 41.996745], [-70.9127, 41.996949], [-70.913485, 41.997486], [-70.914362, 41.999171], [-70.917343, 42.002263], [-70.917479, 42.00272999999999], [-70.917307, 42.00356], [-70.91739, 42.004636], [-70.918555, 42.005928], [-70.919733, 42.006797999999996], [-70.921459, 42.007551], [-70.92566099999999, 42.00895000000001], [-70.926923, 42.008873], [-70.930222, 42.007845], [-70.93186899999999, 42.007824999999976], [-70.932885, 42.01114600000002], [-70.933403, 42.01408799999999], [-70.93328799999999, 42.015262], [-70.933008, 42.016225000000006], [-70.931517, 42.01973900000001], [-70.932197, 42.024868], [-70.931872, 42.026965000000004], [-70.931907, 42.028392999999994], [-70.932233, 42.02875199999999], [-70.93189699999999, 42.028777000000005], [-70.93159899999999, 42.03104799999999], [-70.931523, 42.033359000000004], [-70.932265, 42.035816], [-70.93513999999999, 42.033256], [-70.93579799999999, 42.03289099999999], [-70.941467, 42.031751], [-70.946887, 42.029993], [-70.949491, 42.02937999999999], [-70.953858, 42.029223], [-70.95591999999999, 42.02986799999999], [-70.958542, 42.031882], [-70.958591, 42.03362099999999], [-70.959717, 42.032862999999985], [-70.961332, 42.032084], [-70.969932, 42.031349000000006], [-70.978942, 42.02896699999999], [-70.981376, 42.029035], [-70.98334299999999, 42.02865200000001], [-70.987163, 42.046583999999996], [-71.022924, 42.04217799999999], [-71.025776, 42.055088999999995], [-71.069498, 42.04971499999999], [-71.071184, 42.056468], [-71.074141, 42.05439099999999], [-71.074309, 42.05469099999999], [-71.075102, 42.055220999999975], [-71.07677, 42.05592700000001], [-71.077675, 42.05726900000001], [-71.078378, 42.057711], [-71.078881, 42.05826800000001], [-71.079459, 42.058378], [-71.08049, 42.057967999999995], [-71.08107, 42.05805600000001], [-71.082033, 42.059641], [-71.082071, 42.060036], [-71.081761, 42.060483000000005], [-71.082703, 42.06043199999999], [-71.08402900000002, 42.060115999999994], [-71.086658, 42.05912], [-71.08635, 42.05682300000001], [-71.08510199999999, 42.05343299999999], [-71.084277, 42.05047000000001], [-71.08359399999999, 42.049428000000006], [-71.08162399999999, 42.04743499999999], [-71.085957, 42.04360900000001], [-71.08982, 42.041578], [-71.08999, 42.041275000000006], [-71.090115, 42.040126], [-71.09439499999999, 42.03824400000003], [-71.095452, 42.03747099999999], [-71.09625199999999, 42.03646999999999], [-71.096857, 42.03616500000001], [-71.10081199999999, 42.03512800000001], [-71.106661, 42.03421], [-71.10892, 42.033322], [-71.109105, 42.03336599999999], [-71.11361800000002, 42.038315], [-71.113993, 42.040783000000005], [-71.11607, 42.04565300000001], [-71.116522, 42.047276999999994]]]}}, {"type": "Feature", "properties": {"district_name": "First Plymouth & Bristol District", "chamber": "senate", "vintage": "2012-2020", "url": "/district/senate-first-plymouth-bristol-district-2012-2020/", "latest_year": 2020, "years": [{"year": 2020, "lean_dem_share": 0.5303, "competitiveness": "Lean", "competitiveness_label": "Lean D", "party_favored": "Democratic", "is_uncontested": true, "turnout_ratio": 0.7099, "winner_name": "Marc R. Pacheco", "winner_party": "Democratic", "winner_war": null, "winner_lean_component": 0.3711, "winner_tide_component": 0.0067, "winner_incumbency_adjustment": 0.0724, "winner_demographics_component": null, "winner_fundraising_component": 0.0142}, {"year": 2018, "lean_dem_share": 0.2371, "competitiveness": "Safe", "competitiveness_label": "Safe R", "party_favored": "Republican", "is_uncontested": true, "turnout_ratio": 0.7341, "winner_name": "Marc R. Pacheco", "winner_party": "Democratic", "winner_war": null, "winner_lean_component": 0.3711, "winner_tide_component": 0.0033, "winner_incumbency_adjustment": 0.0724, "winner_demographics_component": null, "winner_fundraising_component": 0.0037}, {"year": 2016, "lean_dem_share": 0.4935, "competitiveness": "Tossup", "competitiveness_label": "Tossup R", "party_favored": "Republican", "is_uncontested": false, "turnout_ratio": 1.0211, "winner_name": "Marc R. Pacheco", "winner_party": "Democratic", "winner_war": 0.0816, "winner_lean_component": 0.3711, "winner_tide_component": 0.0065, "winner_incumbency_adjustment": 0.0724, "winner_demographics_component": null, "winner_fundraising_component": 0.028}, {"year": 2014, "lean_dem_share": 0.4034, "competitiveness": "Likely", "competitiveness_label": "Likely R", "party_favored": "Republican", "is_uncontested": false, "turnout_ratio": 1.0222, "winner_name": "Marc R. Pacheco", "winner_party": "Democratic", "winner_war": 0.037, "winner_lean_component": 0.3711, "winner_tide_component": 0.0049, "winner_incumbency_adjustment": 0.0724, "winner_demographics_component": null, "winner_fundraising_component": 0.0306}, {"year": 2012, "lean_dem_share": 0.5284, "competitiveness": "Lean", "competitiveness_label": "Lean D", "party_favored": "Democratic", "is_uncontested": true, "turnout_ratio": 0.7737, "winner_name": "Marc R. Pacheco", "winner_party": "Democratic", "winner_war": null, "winner_lean_component": 0.3711, "winner_tide_component": 0.0062, "winner_incumbency_adjustment": 0.0, "winner_demographics_component": null, "winner_fundraising_component": 0.0143}], "lean_dem_share": 0.5303, "competitiveness": "Lean", "competitiveness_label": "Lean D", "party_favored": "Democratic", "is_uncontested": true, "turnout_ratio": 0.7099, "winner_name": "Marc R. Pacheco", "winner_party": "Democratic", "winner_war": null, "winner_lean_component": 0.3711, "winner_tide_component": 0.0067, "winner_incumbency_adjustment": 0.0724, "winner_demographics_component": null, "winner_fundraising_component": 0.0142}, "geometry": {"type": "Polygon", "coordinates": [[[-71.203463, 41.881843], [-71.18678799999999, 41.879338], [-71.193893, 41.910765], [-71.15567, 41.937999], [-71.12568499999999, 41.96708399999998], [-71.100854, 41.993151], [-71.088841, 41.99114799999998], [-71.054718, 41.985057000000005], [-71.054184, 41.98271599999999], [-71.002716, 41.99804100000001], [-70.990607, 42.00390799999999], [-70.978943, 42.00734699999999], [-70.978985, 42.00829299999998], [-70.979585, 42.010999], [-70.95366400000002, 42.00584999999999], [-70.942994, 42.006541000000006], [-70.939364, 42.007281], [-70.935392, 42.00782900000002], [-70.930446, 42.007808999999995], [-70.926923, 42.008873], [-70.925364, 42.00890900000001], [-70.920672, 42.007259000000005], [-70.919516, 42.00666799999999], [-70.918555, 42.005928], [-70.91739, 42.004636], [-70.917307, 42.00356], [-70.917479, 42.00272999999999], [-70.917343, 42.002263], [-70.914498, 41.99933200000001], [-70.913485, 41.997486], [-70.91283299999999, 41.997004999999994], [-70.91190000000002, 41.996777999999985], [-70.91058, 41.996776], [-70.908439, 41.996164], [-70.90336599999999, 41.996627], [-70.899187, 41.99637099999999], [-70.89977499999999, 41.988284], [-70.901399, 41.982980999999995], [-70.911369, 41.98022900000001], [-70.911492, 41.97938699999998], [-70.91214, 41.978426], [-70.91211899999999, 41.977692000000005], [-70.911726, 41.97700699999998], [-70.910139, 41.975954], [-70.908384, 41.97401699999998], [-70.908318, 41.97357199999999], [-70.90862899999999, 41.97247300000001], [-70.908592, 41.971933], [-70.907625, 41.970968000000006], [-70.907152, 41.970240999999994], [-70.90714200000001, 41.96758], [-70.907823, 41.96678500000001], [-70.908473, 41.96634600000002], [-70.869128, 41.94827700000001], [-70.860869, 41.954998], [-70.84974, 41.94605899999999], [-70.844379, 41.941526], [-70.829827, 41.92769900000002], [-70.771717, 41.946146999999996], [-70.758692, 41.947506999999995], [-70.75352699999999, 41.933241], [-70.75071799999999, 41.92601900000002], [-70.680534, 41.845529000000006], [-70.682211, 41.84558300000001], [-70.683633, 41.84493299999998], [-70.684878, 41.84402700000001], [-70.68792599999999, 41.841232999999995], [-70.68950199999999, 41.840091], [-70.689703, 41.839690000000004], [-70.689847, 41.83800699999999], [-70.690871, 41.837783000000016], [-70.692567, 41.836583], [-70.69365499999999, 41.836119], [-70.693879, 41.835879000000006], [-70.694423, 41.834519000000014], [-70.69487099999999, 41.83407100000001], [-70.69496699999999, 41.83259899999998], [-70.697271, 41.83056700000001], [-70.697431, 41.830103], [-70.697271, 41.829463000000004], [-70.697495, 41.829319], [-70.698311, 41.829654999999995], [-70.699063, 41.829511000000004], [-70.699799, 41.82971899999999], [-70.699975, 41.828838999999995], [-70.70024699999999, 41.82861499999999], [-70.700647, 41.82856700000001], [-70.70208699999999, 41.82867900000001], [-70.70269499999999, 41.82880700000001], [-70.703351, 41.82920700000001], [-70.703683, 41.829084], [-70.704807, 41.82940499999999], [-70.70579599999999, 41.829361000000006], [-70.706493, 41.829157], [-70.70687, 41.82869700000001], [-70.70706400000002, 41.827984000000015], [-70.70795799999999, 41.82706400000002], [-70.707898, 41.824917], [-70.70800799999999, 41.824528], [-70.708962, 41.823555999999996], [-70.709807, 41.82298600000001], [-70.710936, 41.821752999999994], [-70.711542, 41.82137800000001], [-70.711762, 41.82072999999999], [-70.712113, 41.820438], [-70.712589, 41.81964399999999], [-70.713702, 41.818476], [-70.714499, 41.81802000000001], [-70.7148, 41.817420000000006], [-70.714846, 41.81706399999999], [-70.714379, 41.816546], [-70.714698, 41.816414], [-70.714744, 41.816123000000005], [-70.715127, 41.815975], [-70.71551099999999, 41.815255000000015], [-70.715383, 41.814519], [-70.715543, 41.814087], [-70.715319, 41.812743000000005], [-70.716135, 41.81195900000001], [-70.716391, 41.81103099999999], [-70.717159, 41.81002300000001], [-70.717399, 41.809367], [-70.71661499999999, 41.80847099999998], [-70.71743099999999, 41.807894999999995], [-70.717671, 41.80730300000001], [-70.717703, 41.80560699999999], [-70.71682299999999, 41.80423100000001], [-70.716903, 41.804055000000005], [-70.717767, 41.803767], [-70.717879, 41.80357499999999], [-70.717591, 41.802151], [-70.717655, 41.80152700000001], [-70.631892, 41.80633], [-70.616478, 41.80543900000001], [-70.624476, 41.792553000000005], [-70.627312, 41.787843], [-70.62739499999999, 41.787342], [-70.62881999999999, 41.78707999999998], [-70.630068, 41.787240000000004], [-70.630692, 41.786855999999986], [-70.630516, 41.78604], [-70.629908, 41.785591999999994], [-70.629828, 41.78503200000001], [-70.630164, 41.78476], [-70.630132, 41.78456799999999], [-70.630612, 41.78437599999999], [-70.63058, 41.784184], [-70.630788, 41.78393099999998], [-70.630515, 41.783789], [-70.630577, 41.78321700000001], [-70.63078399999999, 41.78301299999998], [-70.630686, 41.782484000000004], [-70.63094099999999, 41.78243099999999], [-70.630652, 41.782102999999985], [-70.630763, 41.781853], [-70.630505, 41.78133999999999], [-70.63050299999999, 41.780907], [-70.630022, 41.780677], [-70.6293, 41.780713999999996], [-70.628963, 41.780374], [-70.629008, 41.779606], [-70.62942199999999, 41.779129999999995], [-70.629341, 41.778794999999995], [-70.630256, 41.77710299999998], [-70.630031, 41.77655399999999], [-70.630256, 41.77619699999999], [-70.630065, 41.775980999999994], [-70.630162, 41.77562900000001], [-70.63033899999999, 41.775187], [-70.63060999999999, 41.775102], [-70.630915, 41.77469100000001], [-70.631637, 41.77449000000001], [-70.63296799999999, 41.77358], [-70.632825, 41.77305099999999], [-70.633547, 41.77189500000001], [-70.634252, 41.771359999999994], [-70.63507, 41.771154], [-70.63584000000002, 41.770717000000005], [-70.636129, 41.770342], [-70.63609699999999, 41.76999], [-70.63542699999999, 41.769009], [-70.635301, 41.768005999999986], [-70.63444, 41.766809999999985], [-70.634346, 41.76594800000001], [-70.632671, 41.76388199999999], [-70.63255199999999, 41.762771000000015], [-70.632274, 41.762623000000005], [-70.63165, 41.762628], [-70.63157, 41.76229800000001], [-70.631255, 41.76208399999998], [-70.631182, 41.76172199999999], [-70.630156, 41.761145000000006], [-70.629673, 41.760217000000004], [-70.62501200000001, 41.75404], [-70.62515599999999, 41.75114399999999], [-70.621622, 41.748972], [-70.621014, 41.74830300000001], [-70.620785, 41.747530000000005], [-70.62195, 41.746058999999995], [-70.623193, 41.745614999999994], [-70.62598799999999, 41.74496899999999], [-70.632676, 41.73788100000002], [-70.633268, 41.73546499999999], [-70.63257999999999, 41.733656999999994], [-70.639332, 41.729048999999996], [-70.639476, 41.726473000000006], [-70.640756, 41.72485700000001], [-70.640276, 41.723609], [-70.64224399999999, 41.71922500000001], [-70.64370000000001, 41.717465000000004], [-70.67440400000001, 41.68960899999999], [-70.67662899999999, 41.691129], [-70.686196, 41.669800999999985], [-70.699574, 41.643719000000004], [-70.749206, 41.668504999999996], [-70.763127, 41.67772000000001], [-70.763447, 41.67720799999999], [-70.765463, 41.67725600000001], [-70.766133, 41.67705199999999], [-70.766074, 41.67694300000001], [-70.786075, 41.67443100000001], [-70.802937, 41.68708200000001], [-70.796188, 41.72835899999999], [-70.79512, 41.72864900000001], [-70.79414299999999, 41.730013], [-70.794044, 41.730292], [-70.794201, 41.730506000000005], [-70.792485, 41.731845999999976], [-70.792056, 41.732583000000005], [-70.792344, 41.733079000000004], [-70.793016, 41.733143], [-70.79298399999999, 41.73335099999999], [-70.79324, 41.73346300000001], [-70.79330399999999, 41.734119], [-70.793716, 41.734702000000006], [-70.793212, 41.743168000000004], [-70.785766, 41.747398000000004], [-70.78749599999999, 41.74981199999999], [-70.786605, 41.756779999999985], [-70.78004899999999, 41.762792999999995], [-70.778752, 41.761246], [-70.777963, 41.762916], [-70.77610899999999, 41.76574999999999], [-70.77435, 41.769738000000004], [-70.77440399999999, 41.77045700000001], [-70.775509, 41.77303699999999], [-70.77550099999999, 41.77627399999999], [-70.77649, 41.77997799999999], [-70.777008, 41.786436], [-70.777365, 41.787726], [-70.77825899999999, 41.789570999999995], [-70.778491, 41.79204399999999], [-70.778359, 41.793033], [-70.77784799999999, 41.79456599999999], [-70.777968, 41.79598], [-70.777771, 41.79676800000001], [-70.77753799999999, 41.79708799999999], [-70.776319, 41.79792899999999], [-70.774399, 41.80051999999998], [-70.772857, 41.80209500000001], [-70.771965, 41.80517299999998], [-70.771806, 41.80891400000001], [-70.89604299999999, 41.79429399999998], [-70.89864399999999, 41.81487700000002], [-70.893777, 41.82659100000002], [-70.893454, 41.82790100000001], [-70.893973, 41.828881], [-70.910984, 41.844686], [-70.91511299999999, 41.848834999999994], [-70.918689, 41.85204200000001], [-70.9186, 41.853018], [-70.91716699999999, 41.855536], [-70.91710599999999, 41.85629400000002], [-70.916754, 41.85706100000001], [-70.916799, 41.85742500000001], [-70.917239, 41.85790399999999], [-70.917523, 41.858650999999995], [-70.9162, 41.859754], [-70.91427399999999, 41.859587999999995], [-70.914185, 41.86034199999998], [-70.91337399999999, 41.860575999999995], [-70.912908, 41.861543000000005], [-70.91300799999999, 41.86183800000001], [-70.914003, 41.861835000000006], [-70.91458999999999, 41.86222600000001], [-70.914737, 41.862745999999994], [-70.914687, 41.86333199999999], [-70.915043, 41.86393], [-70.91541500000001, 41.86417999999999], [-70.914896, 41.86497200000001], [-70.915139, 41.865171000000004], [-70.915829, 41.86529899999999], [-70.91601, 41.86552599999998], [-70.915306, 41.866046000000004], [-70.916631, 41.86679], [-70.916786, 41.867129000000006], [-70.916523, 41.86757100000003], [-70.915205, 41.86819199999999], [-70.91492, 41.868431], [-70.914624, 41.86904500000001], [-70.913437, 41.86976900000002], [-70.913273, 41.87048900000001], [-70.914258, 41.87126099999998], [-70.91492199999999, 41.872065000000006], [-70.916427, 41.872427], [-70.916151, 41.875240999999995], [-70.916555, 41.876512999999996], [-70.91637399999999, 41.876852], [-70.91920499999999, 41.87902299999999], [-70.963275, 41.896377], [-70.963911, 41.898134000000006], [-70.964633, 41.899529], [-70.96602, 41.900411999999996], [-70.96838199999999, 41.90117300000001], [-70.971544, 41.901597], [-70.972779, 41.901256000000004], [-70.974396, 41.90110200000001], [-70.97483799999999, 41.901351], [-70.975146, 41.901188000000005], [-70.97577799999999, 41.901306999999996], [-70.976308, 41.90118600000002], [-70.976661, 41.901382000000005], [-70.976661, 41.90157999999999], [-70.977457, 41.90229199999999], [-70.977531, 41.902642], [-70.977825, 41.90271799999999], [-70.977797, 41.903046999999994], [-70.97843, 41.903684], [-70.978828, 41.903871], [-70.97964999999999, 41.903542], [-70.980121, 41.90359199999998], [-70.981301, 41.90517500000001], [-70.98183, 41.905314], [-70.98234599999999, 41.905750999999974], [-70.983494, 41.906015000000004], [-70.983671, 41.906399], [-70.984157, 41.906561999999994], [-70.98480599999999, 41.907419999999995], [-70.985225, 41.907488999999984], [-70.985716, 41.90692199999999], [-70.986745, 41.906363999999996], [-70.98733, 41.905839], [-70.981706, 41.88891099999999], [-70.980942, 41.886084999999994], [-70.97971, 41.88318900000001], [-70.97716299999999, 41.87514899999998], [-70.977181, 41.873791], [-70.976929, 41.873722], [-70.973717, 41.86087899999999], [-70.978308, 41.85724599999999], [-70.97980799999999, 41.85647300000001], [-70.982407, 41.85558799999999], [-70.985779, 41.85405799999999], [-70.988846, 41.85113599999999], [-70.99090199999999, 41.84979899999998], [-70.995597, 41.84722300000002], [-71.000964, 41.843458999999996], [-71.007387, 41.83845500000002], [-71.03657, 41.816525], [-71.08846199999999, 41.817786999999996], [-71.093149, 41.81285], [-71.093197, 41.81173499999999], [-71.093008, 41.81176200000001], [-71.092939, 41.81161600000001], [-71.093198, 41.811288], [-71.092617, 41.810857], [-71.093274, 41.810665], [-71.09309, 41.81028099999999], [-71.093304, 41.81019200000001], [-71.09270000000001, 41.809436999999996], [-71.093082, 41.80898399999999], [-71.092822, 41.808539], [-71.091813, 41.808350000000004], [-71.091217, 41.80842899999998], [-71.090735, 41.80885199999997], [-71.090751, 41.80904899999999], [-71.090047, 41.809377000000005], [-71.08878899999999, 41.809134], [-71.08767300000001, 41.807959], [-71.086697, 41.80575199999999], [-71.086465, 41.80479000000001], [-71.087722, 41.802492000000036], [-71.089091, 41.801786], [-71.091044, 41.801504000000016], [-71.09281399999999, 41.80074899999999], [-71.094111, 41.799818], [-71.095443, 41.79916999999998], [-71.09594299999999, 41.79704100000001], [-71.101604, 41.79356199999999], [-71.102031, 41.79289800000001], [-71.102611, 41.790700999999984], [-71.103084, 41.789587], [-71.104686, 41.78798499999999], [-71.10898900000001, 41.784506], [-71.111583, 41.78156099999998], [-71.11448899999999, 41.77880099999999], [-71.11961, 41.790968000000014], [-71.124416, 41.79090199999998], [-71.124652, 41.791003999999994], [-71.12531299999999, 41.790889], [-71.1255, 41.791064000000006], [-71.13124499999999, 41.790710999999995], [-71.13094699999999, 41.790189], [-71.153188, 41.78959300000002], [-71.171145, 41.78937600000002], [-71.176229, 41.815904], [-71.19353699999999, 41.816535999999985], [-71.203463, 41.881843]]]}}, {"type": "Feature", "properties": {"district_name": "First Bristol & Plymouth District", "chamber": "senate", "vintage": "2012-2020", "url": "/district/senate-first-bristol-plymouth-district-2012-2020/", "latest_year": 2020, "years": [{"year": 2020, "lean_dem_share": 0.5217, "competitiveness": "Tossup", "competitiveness_label": "Tossup D", "party_favored": "Democratic", "is_uncontested": true, "turnout_ratio": 0.7295, "winner_name": "Michael J. Rodrigues", "winner_party": "Democratic", "winner_war": null, "winner_lean_component": 0.4202, "winner_tide_component": 0.0067, "winner_incumbency_adjustment": 0.0724, "winner_demographics_component": null, "winner_fundraising_component": 0.0399}, {"year": 2018, "lean_dem_share": 0.2815, "competitiveness": "Safe", "competitiveness_label": "Safe R", "party_favored": "Republican", "is_uncontested": true, "turnout_ratio": 0.7547, "winner_name": "Michael J. Rodrigues", "winner_party": "Democratic", "winner_war": null, "winner_lean_component": 0.4202, "winner_tide_component": 0.0033, "winner_incumbency_adjustment": 0.0724, "winner_demographics_component": null, "winner_fundraising_component": 0.0302}, {"year": 2016, "lean_dem_share": 0.5346, "competitiveness": "Lean", "competitiveness_label": "Lean D", "party_favored": "Democratic", "is_uncontested": true, "turnout_ratio": 0.7989, "winner_name": "Michael J. Rodrigues", "winner_party": "Democratic", "winner_war": null, "winner_lean_component": 0.4202, "winner_tide_component": 0.0065, "winner_incumbency_adjustment": 0.0724, "winner_demographics_component": null, "winner_fundraising_component": 0.0314}, {"year": 2014, "lean_dem_share": 0.5086, "competitiveness": "Tossup", "competitiveness_label": "Tossup D", "party_favored": "Democratic", "is_uncontested": false, "turnout_ratio": 1.0005, "winner_name": "Michael J. Rodrigues", "winner_party": "Democratic", "winner_war": 0.0322, "winner_lean_component": 0.4202, "winner_tide_component": 0.0049, "winner_incumbency_adjustment": 0.0724, "winner_demographics_component": null, "winner_fundraising_component": 0.0301}, {"year": 2012, "lean_dem_share": 0.6361, "competitiveness": "Safe", "competitiveness_label": "Safe D", "party_favored": "Democratic", "is_uncontested": true, "turnout_ratio": 0.7734, "winner_name": "Michael J. Rodrigues", "winner_party": "Democratic", "winner_war": null, "winner_lean_component": 0.4202, "winner_tide_component": 0.0062, "winner_incumbency_adjustment": 0.0, "winner_demographics_component": null, "winner_fundraising_component": 0.0272}], "lean_dem_share": 0.5217, "competitiveness": "Tossup", "competitiveness_label": "Tossup D", "party_favored": "Democratic", "is_uncontested": true, "turnout_ratio": 0.7295, "winner_name": "Michael J. Rodrigues", "winner_party": "Democratic", "winner_war": null, "winner_lean_component": 0.4202, "winner_tide_component": 0.0067, "winner_incumbency_adjustment": 0.0724, "winner_demographics_component": null, "winner_fundraising_component": 0.0399}, "geometry": {"type": "Polygon", "coordinates": [[[-71.31644399999999, 41.775560999999996], [-71.292456, 41.774879999999996], [-71.283588, 41.77480200000003], [-71.187776, 41.783156000000005], [-71.19353699999999, 41.816535999999985], [-71.176229, 41.815904], [-71.171145, 41.78937600000002], [-71.153188, 41.78959300000002], [-71.13094699999999, 41.790189], [-71.13124499999999, 41.790710999999995], [-71.1255, 41.791064000000006], [-71.12531299999999, 41.790889], [-71.124652, 41.791003999999994], [-71.124416, 41.79090199999998], [-71.11961, 41.790968000000014], [-71.11448899999999, 41.77880099999999], [-71.111583, 41.78156099999998], [-71.10898900000001, 41.784506], [-71.104686, 41.78798499999999], [-71.103084, 41.789587], [-71.102611, 41.790700999999984], [-71.102031, 41.79289800000001], [-71.101604, 41.79356199999999], [-71.09594299999999, 41.79704100000001], [-71.095443, 41.79916999999998], [-71.094111, 41.799818], [-71.09281399999999, 41.80074899999999], [-71.091044, 41.801504000000016], [-71.089091, 41.801786], [-71.087722, 41.802492000000036], [-71.086465, 41.80479000000001], [-71.086697, 41.80575199999999], [-71.08767300000001, 41.807959], [-71.08878899999999, 41.809134], [-71.090047, 41.809377000000005], [-71.090751, 41.80904899999999], [-71.090735, 41.80885199999997], [-71.091217, 41.80842899999998], [-71.091813, 41.808350000000004], [-71.092822, 41.808539], [-71.093082, 41.80898399999999], [-71.09270000000001, 41.809436999999996], [-71.093304, 41.81019200000001], [-71.09309, 41.81028099999999], [-71.093274, 41.810665], [-71.092617, 41.810857], [-71.093198, 41.811288], [-71.092939, 41.81161600000001], [-71.093008, 41.81176200000001], [-71.093197, 41.81173499999999], [-71.093149, 41.81285], [-71.08846199999999, 41.817786999999996], [-71.03657, 41.816525], [-71.007387, 41.83845500000002], [-71.000964, 41.843458999999996], [-70.995597, 41.84722300000002], [-70.99090199999999, 41.84979899999998], [-70.988846, 41.85113599999999], [-70.985779, 41.85405799999999], [-70.982407, 41.85558799999999], [-70.97980799999999, 41.85647300000001], [-70.978308, 41.85724599999999], [-70.973717, 41.86087899999999], [-70.976929, 41.873722], [-70.977181, 41.873791], [-70.97716299999999, 41.87514899999998], [-70.97971, 41.88318900000001], [-70.980942, 41.886084999999994], [-70.981706, 41.88891099999999], [-70.98733, 41.905839], [-70.986745, 41.906363999999996], [-70.985716, 41.90692199999999], [-70.985225, 41.907488999999984], [-70.98480599999999, 41.907419999999995], [-70.984157, 41.906561999999994], [-70.983671, 41.906399], [-70.983494, 41.906015000000004], [-70.98234599999999, 41.905750999999974], [-70.98183, 41.905314], [-70.981301, 41.90517500000001], [-70.980121, 41.90359199999998], [-70.97964999999999, 41.903542], [-70.978828, 41.903871], [-70.97843, 41.903684], [-70.977797, 41.903046999999994], [-70.977825, 41.90271799999999], [-70.977531, 41.902642], [-70.977457, 41.90229199999999], [-70.976661, 41.90157999999999], [-70.976661, 41.901382000000005], [-70.976308, 41.90118600000002], [-70.97577799999999, 41.901306999999996], [-70.975146, 41.901188000000005], [-70.97483799999999, 41.901351], [-70.974396, 41.90110200000001], [-70.972779, 41.901256000000004], [-70.971544, 41.901597], [-70.96838199999999, 41.90117300000001], [-70.96602, 41.900411999999996], [-70.964633, 41.899529], [-70.963911, 41.898134000000006], [-70.963275, 41.896377], [-70.91920499999999, 41.87902299999999], [-70.91637399999999, 41.876852], [-70.916555, 41.876512999999996], [-70.916151, 41.875240999999995], [-70.91645199999999, 41.872471], [-70.91626099999999, 41.872294], [-70.91492199999999, 41.872065000000006], [-70.914258, 41.87126099999998], [-70.913352, 41.87060899999997], [-70.913231, 41.87031], [-70.913437, 41.86976900000002], [-70.914624, 41.86904500000001], [-70.91492, 41.868431], [-70.915205, 41.86819199999999], [-70.916523, 41.86757100000003], [-70.916758, 41.867305999999985], [-70.916769, 41.867039999999996], [-70.916544, 41.86672799999999], [-70.915306, 41.866046000000004], [-70.91601, 41.86552599999998], [-70.915829, 41.86529899999999], [-70.915139, 41.865171000000004], [-70.914896, 41.86497200000001], [-70.91541500000001, 41.86417999999999], [-70.915043, 41.86393], [-70.914687, 41.86333199999999], [-70.914737, 41.862745999999994], [-70.91458999999999, 41.86222600000001], [-70.914003, 41.861835000000006], [-70.91300799999999, 41.86183800000001], [-70.912908, 41.861543000000005], [-70.91337399999999, 41.860575999999995], [-70.914185, 41.86034199999998], [-70.91427399999999, 41.859587999999995], [-70.9162, 41.859754], [-70.917523, 41.858650999999995], [-70.917239, 41.85790399999999], [-70.916799, 41.85742500000001], [-70.916754, 41.85706100000001], [-70.91710599999999, 41.85629400000002], [-70.91716699999999, 41.855536], [-70.9186, 41.853018], [-70.918689, 41.85204200000001], [-70.91511299999999, 41.848834999999994], [-70.910984, 41.844686], [-70.893973, 41.828881], [-70.893454, 41.82790100000001], [-70.893777, 41.82659100000002], [-70.89864399999999, 41.81487700000002], [-70.89604299999999, 41.79429399999998], [-70.771806, 41.80891400000001], [-70.771965, 41.80517299999998], [-70.772857, 41.80209500000001], [-70.774399, 41.80051999999998], [-70.776319, 41.79792899999999], [-70.77753799999999, 41.79708799999999], [-70.777771, 41.79676800000001], [-70.777968, 41.79598], [-70.77784799999999, 41.79456599999999], [-70.778359, 41.793033], [-70.778491, 41.79204399999999], [-70.77825899999999, 41.789570999999995], [-70.777365, 41.787726], [-70.777008, 41.786436], [-70.77649, 41.77997799999999], [-70.77550099999999, 41.77627399999999], [-70.775509, 41.77303699999999], [-70.77440399999999, 41.77045700000001], [-70.774389, 41.76959100000001], [-70.77610899999999, 41.76574999999999], [-70.777963, 41.762916], [-70.778752, 41.761246], [-70.78004899999999, 41.762792999999995], [-70.786605, 41.756779999999985], [-70.78749599999999, 41.74981199999999], [-70.785766, 41.747398000000004], [-70.793212, 41.743168000000004], [-70.793716, 41.734702000000006], [-70.79330399999999, 41.734119], [-70.79324, 41.73346300000001], [-70.79298399999999, 41.73335099999999], [-70.793016, 41.733143], [-70.792344, 41.733079000000004], [-70.792056, 41.732583000000005], [-70.792485, 41.731845999999976], [-70.794201, 41.730506000000005], [-70.794044, 41.730292], [-70.79414299999999, 41.730013], [-70.79512, 41.72864900000001], [-70.796188, 41.72835899999999], [-70.79907299999999, 41.710109], [-70.84327499999999, 41.705366], [-70.843801, 41.70429499999998], [-70.843673, 41.703783], [-70.843097, 41.70285500000001], [-70.843114, 41.70162399999999], [-70.864994, 41.700186], [-70.886439, 41.760232], [-70.904438, 41.75800000000001], [-70.905211, 41.759819], [-70.907184, 41.76354299999999], [-70.926104, 41.758907000000015], [-70.92605999999999, 41.758608], [-70.926309, 41.75843199999999], [-70.926424, 41.75761700000001], [-70.926146, 41.757017000000005], [-70.925292, 41.75659500000001], [-70.924913, 41.75658999999998], [-70.92488999999999, 41.756303], [-70.924611, 41.75624799999999], [-70.92455, 41.75602800000001], [-70.924052, 41.75565499999999], [-70.923552, 41.755548], [-70.923444, 41.755719000000006], [-70.92322, 41.75565199999999], [-70.92308, 41.755355], [-70.922696, 41.755358], [-70.92273899999999, 41.75508300000001], [-70.92249799999999, 41.755122], [-70.92232, 41.754799999999996], [-70.943305, 41.74451499999999], [-71.011896, 41.711777999999995], [-71.027727, 41.704077], [-71.027763, 41.704194], [-71.06663, 41.68561900000001], [-71.07667, 41.68748600000001], [-71.075118, 41.678069], [-71.063763, 41.666849], [-71.061362, 41.663666000000006], [-71.059527, 41.66077399999999], [-71.053905, 41.65280500000002], [-71.05319, 41.651150000000015], [-71.051658, 41.648340000000005], [-71.04946199999999, 41.64135999999999], [-71.048874, 41.64014799999999], [-71.04642299999999, 41.63738200000001], [-71.04505, 41.63676500000001], [-71.044718, 41.63643600000001], [-71.043067, 41.633277], [-71.04221799999999, 41.63251999999999], [-71.040675, 41.63042399999999], [-71.038517, 41.62804399999998], [-71.036637, 41.62409499999999], [-71.038538, 41.62290100000002], [-71.03781699999999, 41.622256000000014], [-71.03740499999999, 41.621514], [-71.036531, 41.617643], [-71.036822, 41.615254999999976], [-71.038072, 41.610203999999996], [-71.038321, 41.608090999999995], [-71.03681399999999, 41.598175], [-71.037307, 41.597921], [-71.03899899999999, 41.59573100000002], [-71.03960099999999, 41.593837], [-71.04109, 41.59294599999999], [-71.04481299999999, 41.58989699999999], [-71.045053, 41.58784300000001], [-71.04446, 41.586428], [-71.040947, 41.582268], [-71.03457399999999, 41.57332199999998], [-71.03282999999999, 41.570458], [-71.03217099999999, 41.56905299999999], [-71.031578, 41.566058], [-71.029731, 41.56055500000001], [-71.02911499999999, 41.55822200000001], [-71.02904, 41.557363999999986], [-71.02959899999999, 41.555243000000004], [-71.031015, 41.552057000000005], [-71.030875, 41.550736], [-71.030175, 41.548604], [-71.030188, 41.54816], [-71.031352, 41.546766999999996], [-71.031438, 41.546380000000006], [-71.02964899999999, 41.538849], [-71.02883899999999, 41.53652699999998], [-71.026287, 41.53050700000001], [-71.032708, 41.52777300000001], [-71.029945, 41.517869000000005], [-71.028694, 41.51404499999999], [-71.021757, 41.503716999999995], [-71.016759, 41.498290999999995], [-71.00413, 41.48403099999999], [-70.97450900000001, 41.454138], [-70.999482, 41.442372], [-71.05185399999999, 41.416729], [-71.053451, 41.41695899999999], [-71.07240399999999, 41.42557], [-71.085038, 41.433467], [-71.088571, 41.431315], [-71.116404, 41.484567999999996], [-71.121116, 41.492787000000014], [-71.119874, 41.49460399999998], [-71.120617, 41.497901000000006], [-71.122495, 41.52213899999998], [-71.125329, 41.54357699999999], [-71.126199, 41.551514999999995], [-71.126868, 41.55486099999999], [-71.12657999999999, 41.55570700000001], [-71.126989, 41.55579499999999], [-71.127862, 41.562781], [-71.12803199999999, 41.565512999999996], [-71.128222, 41.56565700000001], [-71.131727, 41.593762000000005], [-71.138464, 41.603635000000004], [-71.138688, 41.603902000000005], [-71.140078, 41.604665000000004], [-71.140442, 41.605298000000005], [-71.141598, 41.611089], [-71.141415, 41.61136399999998], [-71.14156, 41.612154000000004], [-71.141875, 41.612544000000014], [-71.14027, 41.62379199999999], [-71.135514, 41.628294000000004], [-71.134464, 41.644012], [-71.132721, 41.65945599999998], [-71.13250699999999, 41.660356], [-71.176017, 41.668269], [-71.17587999999999, 41.671541999999995], [-71.195555, 41.67515199999999], [-71.222471, 41.707679], [-71.226218, 41.71251199999999], [-71.249492, 41.738572999999995], [-71.260982, 41.752118], [-71.306279, 41.771266], [-71.30887899999999, 41.772079999999995], [-71.310366, 41.77299400000001], [-71.31644399999999, 41.775560999999996]]]}}, {"type": "Feature", "properties": {"district_name": "Second Bristol & Plymouth District", "chamber": "senate", "vintage": "2012-2020", "url": "/district/senate-second-bristol-plymouth-district-2012-2020/", "latest_year": 2020, "years": [{"year": 2020, "lean_dem_share": 0.5791, "competitiveness": "Likely", "competitiveness_label": "Likely D", "party_favored": "Democratic", "is_uncontested": true, "turnout_ratio": 0.7689, "winner_name": "Mark C. Montigny", "winner_party": "Democratic", "winner_war": null, "winner_lean_component": 0.4705, "winner_tide_component": 0.0067, "winner_incumbency_adjustment": 0.0724, "winner_demographics_component": null, "winner_fundraising_component": 0.0142}, {"year": 2018, "lean_dem_share": 0.3481, "competitiveness": "Safe", "competitiveness_label": "Safe R", "party_favored": "Republican", "is_uncontested": true, "turnout_ratio": 0.7959, "winner_name": "Mark C. Montigny", "winner_party": "Democratic", "winner_war": null, "winner_lean_component": 0.4705, "winner_tide_component": 0.0033, "winner_incumbency_adjustment": 0.0724, "winner_demographics_component": null, "winner_fundraising_component": -0.0462}, {"year": 2016, "lean_dem_share": 0.5992, "competitiveness": "Likely", "competitiveness_label": "Likely D", "party_favored": "Democratic", "is_uncontested": true, "turnout_ratio": 0.8455, "winner_name": "Mark C. Montigny", "winner_party": "Democratic", "winner_war": null, "winner_lean_component": 0.4705, "winner_tide_component": 0.0065, "winner_incumbency_adjustment": 0.0724, "winner_demographics_component": null, "winner_fundraising_component": -0.0808}, {"year": 2014, "lean_dem_share": 0.5665, "competitiveness": "Likely", "competitiveness_label": "Likely D", "party_favored": "Democratic", "is_uncontested": true, "turnout_ratio": 0.808, "winner_name": "Mark C. Montigny", "winner_party": "Democratic", "winner_war": null, "winner_lean_component": 0.4705, "winner_tide_component": 0.0049, "winner_incumbency_adjustment": 0.0724, "winner_demographics_component": null, "winner_fundraising_component": -0.0569}, {"year": 2012, "lean_dem_share": 0.6866, "competitiveness": "Safe", "competitiveness_label": "Safe D", "party_favored": "Democratic", "is_uncontested": true, "turnout_ratio": 0.8359, "winner_name": "Mark C. Montigny", "winner_party": "Democratic", "winner_war": null, "winner_lean_component": 0.4705, "winner_tide_component": 0.0062, "winner_incumbency_adjustment": 0.0, "winner_demographics_component": null, "winner_fundraising_component": -0.0597}], "lean_dem_share": 0.5791, "competitiveness": "Likely", "competitiveness_label": "Likely D", "party_favored": "Democratic", "is_uncontested": true, "turnout_ratio": 0.7689, "winner_name": "Mark C. Montigny", "winner_party": "Democratic", "winner_war": null, "winner_lean_component": 0.4705, "winner_tide_component": 0.0067, "winner_incumbency_adjustment": 0.0724, "winner_demographics_component": null, "winner_fundraising_component": 0.0142}, "geometry": {"type": "Polygon", "coordinates": [[[-71.07667, 41.68748600000001], [-71.06663, 41.68561900000001], [-71.027763, 41.704194], [-71.027727, 41.704077], [-71.011896, 41.711777999999995], [-70.943305, 41.74451499999999], [-70.92232, 41.754799999999996], [-70.92249799999999, 41.755122], [-70.92273899999999, 41.75508300000001], [-70.922696, 41.755358], [-70.92308, 41.755355], [-70.92322, 41.75565199999999], [-70.923444, 41.755719000000006], [-70.923552, 41.755548], [-70.924052, 41.75565499999999], [-70.92455, 41.75602800000001], [-70.924611, 41.75624799999999], [-70.92488999999999, 41.756303], [-70.924913, 41.75658999999998], [-70.925292, 41.75659500000001], [-70.926146, 41.757017000000005], [-70.926424, 41.75761700000001], [-70.926309, 41.75843199999999], [-70.92605999999999, 41.758608], [-70.926104, 41.758907000000015], [-70.907184, 41.76354299999999], [-70.905211, 41.759819], [-70.904438, 41.75800000000001], [-70.886439, 41.760232], [-70.864994, 41.700186], [-70.843114, 41.70162399999999], [-70.843097, 41.70285500000001], [-70.843673, 41.703783], [-70.843801, 41.70429499999998], [-70.84327499999999, 41.705366], [-70.79907299999999, 41.710109], [-70.802937, 41.68708200000001], [-70.786075, 41.67443100000001], [-70.766074, 41.67694300000001], [-70.766133, 41.67705199999999], [-70.765463, 41.67725600000001], [-70.763447, 41.67720799999999], [-70.763127, 41.67772000000001], [-70.749206, 41.668504999999996], [-70.699574, 41.643719000000004], [-70.709133, 41.625106], [-70.729833, 41.59156900000001], [-70.749476, 41.568405999999996], [-70.763776, 41.55660700000001], [-70.879213, 41.50010599999999], [-70.91481, 41.483092], [-70.95682099999999, 41.46247200000001], [-70.97450900000001, 41.454138], [-71.00413, 41.48403099999999], [-71.016759, 41.498290999999995], [-71.021757, 41.503716999999995], [-71.028694, 41.51404499999999], [-71.029945, 41.517869000000005], [-71.032708, 41.52777300000001], [-71.026287, 41.53050700000001], [-71.02883899999999, 41.53652699999998], [-71.02964899999999, 41.538849], [-71.031438, 41.546380000000006], [-71.031352, 41.546766999999996], [-71.030188, 41.54816], [-71.030175, 41.548604], [-71.030875, 41.550736], [-71.031015, 41.552057000000005], [-71.02959899999999, 41.555243000000004], [-71.02904, 41.557363999999986], [-71.02911499999999, 41.55822200000001], [-71.029731, 41.56055500000001], [-71.031578, 41.566058], [-71.03217099999999, 41.56905299999999], [-71.03282999999999, 41.570458], [-71.03457399999999, 41.57332199999998], [-71.040947, 41.582268], [-71.04446, 41.586428], [-71.045053, 41.58784300000001], [-71.04481299999999, 41.58989699999999], [-71.04109, 41.59294599999999], [-71.03960099999999, 41.593837], [-71.03899899999999, 41.59573100000002], [-71.037307, 41.597921], [-71.03681399999999, 41.598175], [-71.038321, 41.608090999999995], [-71.038072, 41.610203999999996], [-71.036822, 41.615254999999976], [-71.036531, 41.617643], [-71.03740499999999, 41.621514], [-71.03781699999999, 41.622256000000014], [-71.038538, 41.62290100000002], [-71.036637, 41.62409499999999], [-71.038517, 41.62804399999998], [-71.040675, 41.63042399999999], [-71.04221799999999, 41.63251999999999], [-71.043067, 41.633277], [-71.044718, 41.63643600000001], [-71.04505, 41.63676500000001], [-71.04642299999999, 41.63738200000001], [-71.048874, 41.64014799999999], [-71.04946199999999, 41.64135999999999], [-71.051658, 41.648340000000005], [-71.05319, 41.651150000000015], [-71.053905, 41.65280500000002], [-71.059527, 41.66077399999999], [-71.061362, 41.663666000000006], [-71.063763, 41.666849], [-71.075118, 41.678069], [-71.07667, 41.68748600000001]]]}}, {"type": "Feature", "properties": {"district_name": "Plymouth & Barnstable District", "chamber": "senate", "vintage": "2012-2020", "url": "/district/senate-plymouth-barnstable-district-2012-2020/", "latest_year": 2020, "years": [{"year": 2020, "lean_dem_share": 0.5847, "competitiveness": "Likely", "competitiveness_label": "Likely D", "party_favored": "Democratic", "is_uncontested": false, "turnout_ratio": 0.9801, "winner_name": "Susan Lynn Moran", "winner_party": "Democratic", "winner_war": 0.0801, "winner_lean_component": 0.3825, "winner_tide_component": 0.0067, "winner_incumbency_adjustment": 0.0, "winner_demographics_component": null, "winner_fundraising_component": null}, {"year": 2018, "lean_dem_share": 0.236, "competitiveness": "Safe", "competitiveness_label": "Safe R", "party_favored": "Republican", "is_uncontested": false, "turnout_ratio": 0.9991, "winner_name": "Vinny M. deMacedo", "winner_party": "Republican", "winner_war": -0.0305, "winner_lean_component": 0.3958, "winner_tide_component": 0.0045, "winner_incumbency_adjustment": 0.1297, "winner_demographics_component": null, "winner_fundraising_component": 0.0268}, {"year": 2016, "lean_dem_share": 0.5292, "competitiveness": "Lean", "competitiveness_label": "Lean D", "party_favored": "Democratic", "is_uncontested": true, "turnout_ratio": 0.7978, "winner_name": "Vinny M. deMacedo", "winner_party": "Republican", "winner_war": null, "winner_lean_component": 0.3958, "winner_tide_component": 0.0024, "winner_incumbency_adjustment": 0.1297, "winner_demographics_component": null, "winner_fundraising_component": -0.0131}, {"year": 2014, "lean_dem_share": 0.4, "competitiveness": "Safe", "competitiveness_label": "Safe R", "party_favored": "Republican", "is_uncontested": false, "turnout_ratio": 0.9799, "winner_name": "Vinny M. deMacedo", "winner_party": "Republican", "winner_war": 0.1311, "winner_lean_component": 0.3958, "winner_tide_component": 0.0035, "winner_incumbency_adjustment": 0.0, "winner_demographics_component": null, "winner_fundraising_component": 0.0421}, {"year": 2012, "lean_dem_share": 0.5094, "competitiveness": "Tossup", "competitiveness_label": "Tossup D", "party_favored": "Democratic", "is_uncontested": false, "turnout_ratio": 0.973, "winner_name": "Therese Murray", "winner_party": "Democratic", "winner_war": 0.0353, "winner_lean_component": 0.3825, "winner_tide_component": 0.0062, "winner_incumbency_adjustment": 0.0, "winner_demographics_component": null, "winner_fundraising_component": 0.0638}], "lean_dem_share": 0.5847, "competitiveness": "Likely", "competitiveness_label": "Likely D", "party_favored": "Democratic", "is_uncontested": false, "turnout_ratio": 0.9801, "winner_name": "Susan Lynn Moran", "winner_party": "Democratic", "winner_war": 0.0801, "winner_lean_component": 0.3825, "winner_tide_component": 0.0067, "winner_incumbency_adjustment": 0.0, "winner_demographics_component": null, "winner_fundraising_component": null}, "geometry": {"type": "Polygon", "coordinates": [[[-70.847319, 42.04909700000002], [-70.846685, 42.05210099999999], [-70.84545, 42.053439], [-70.845552, 42.053599], [-70.845367, 42.05409099999999], [-70.845806, 42.05502200000001], [-70.836822, 42.05929], [-70.838967, 42.059291999999985], [-70.841008, 42.060406999999984], [-70.84001099999999, 42.06126599999999], [-70.838219, 42.06388500000001], [-70.84178899999999, 42.071736], [-70.843897, 42.077184999999986], [-70.842687, 42.08867099999999], [-70.845483, 42.092314], [-70.842486, 42.094800999999975], [-70.839416, 42.09462500000001], [-70.836061, 42.09696], [-70.831214, 42.098701999999996], [-70.82379, 42.10046200000001], [-70.821322, 42.100609000000006], [-70.819619, 42.09932799999999], [-70.814785, 42.099001000000015], [-70.811185, 42.09810100000001], [-70.809585, 42.099201], [-70.81080299999999, 42.100187], [-70.810012, 42.10047999999999], [-70.811863, 42.10403999999999], [-70.806793, 42.10843399999999], [-70.803502, 42.111706000000005], [-70.800685, 42.10970100000001], [-70.798885, 42.112300999999995], [-70.792185, 42.106201000000006], [-70.789481, 42.106804], [-70.792074, 42.10910800000002], [-70.790071, 42.10880999999999], [-70.790167, 42.110713], [-70.788164, 42.11031500000001], [-70.788361, 42.111616999999995], [-70.78635799999999, 42.11151899999999], [-70.783253, 42.111922], [-70.78204699999999, 42.11462600000001], [-70.78254299999999, 42.11652900000001], [-70.778384, 42.115916999999996], [-70.77688599999999, 42.11700200000001], [-70.776664, 42.116828000000005], [-70.77696399999999, 42.11662800000001], [-70.775089, 42.115333], [-70.775617, 42.11461399999999], [-70.777281, 42.113406], [-70.776169, 42.11343900000001], [-70.775978, 42.112854999999996], [-70.766549, 42.114028000000005], [-70.765923, 42.109902000000005], [-70.759468, 42.109598000000005], [-70.762328, 42.10331399999999], [-70.74971599999999, 42.096977], [-70.78144499999999, 42.04678], [-70.768667, 42.045125000000006], [-70.768333, 42.04430200000001], [-70.767724, 42.04402600000001], [-70.76766099999999, 42.043157], [-70.767394, 42.04259200000001], [-70.76607600000001, 42.04176899999999], [-70.76533599999999, 42.040329], [-70.764749, 42.03965799999999], [-70.765114, 42.03867900000001], [-70.764888, 42.038064], [-70.763267, 42.037203000000005], [-70.76181199999999, 42.037116], [-70.761439, 42.036964000000005], [-70.761073, 42.03647600000001], [-70.761127, 42.03613399999999], [-70.76083799999999, 42.03584599999999], [-70.760943, 42.03552499999999], [-70.759646, 42.035087999999995], [-70.75922899999999, 42.034437], [-70.75926, 42.033745], [-70.759635, 42.03298800000001], [-70.761169, 42.03160200000002], [-70.763126, 42.031065000000005], [-70.764308, 42.03132099999999], [-70.76538099999999, 42.031315], [-70.765734, 42.03058199999998], [-70.766065, 42.028499], [-70.76680499999999, 42.028152], [-70.76737800000001, 42.027252000000004], [-70.768063, 42.02669299999999], [-70.76853799999999, 42.025998999999985], [-70.769784, 42.02220299999999], [-70.76969799999999, 42.022098], [-70.73124000000001, 42.017707], [-70.727888, 42.01358799999999], [-70.72402199999999, 42.009288], [-70.724655, 42.00707999999998], [-70.722814, 42.004639999999995], [-70.722223, 42.004259], [-70.72194, 42.003209999999996], [-70.7226, 42.00321599999999], [-70.72255, 42.002849], [-70.711266, 42.00237], [-70.711225, 42.00314900000001], [-70.705902, 42.004456], [-70.698582, 42.006703], [-70.682081, 42.001403999999994], [-70.67326899999999, 42.00023000000001], [-70.672635, 41.999658], [-70.67173799999999, 41.998325000000015], [-70.671066, 41.99651000000001], [-70.6701, 41.992642999999994], [-70.66913699999999, 41.990877999999995], [-70.668339, 41.989996999999995], [-70.66705499999999, 41.989205], [-70.66525299999999, 41.988588], [-70.662497, 41.988123000000016], [-70.653511, 41.987113], [-70.652348, 41.990216999999994], [-70.649808, 41.996042], [-70.64838999999999, 41.997844], [-70.645899, 42.002459], [-70.64358299999999, 42.007777], [-70.64202, 42.012396999999986], [-70.64150000000001, 42.013155000000005], [-70.598554, 42.01367700000001], [-70.602953, 42.025846999999985], [-70.608105, 42.037786000000004], [-70.614905, 42.04911099999999], [-70.622529, 42.06013200000001], [-70.62603299999999, 42.06655999999999], [-70.62872399999999, 42.073549], [-70.629803, 42.077186000000005], [-70.63104899999999, 42.08310599999999], [-70.633127, 42.088227999999965], [-70.37447399999999, 42.07333800000001], [-70.37447399999999, 42.12155], [-70.32252199999999, 42.11791499999998], [-70.337813, 42.044484], [-70.346384, 42.019446000000016], [-70.355004, 42.000104], [-70.499473, 41.84411699999999], [-70.53676899999999, 41.811316], [-70.53568, 41.809508], [-70.530345, 41.803264999999996], [-70.528409, 41.80181], [-70.52761699999999, 41.80095299999999], [-70.527339, 41.800415], [-70.52601899999999, 41.799674], [-70.519768, 41.795134999999995], [-70.517631, 41.791979999999974], [-70.516318, 41.791145000000014], [-70.514676, 41.789788], [-70.511882, 41.788426], [-70.510966, 41.787365999999984], [-70.509646, 41.78704199999999], [-70.508766, 41.786639999999984], [-70.507322, 41.785458999999996], [-70.505599, 41.784745], [-70.50500600000001, 41.784135], [-70.50428699999999, 41.783707], [-70.50365699999999, 41.782982], [-70.502014, 41.78254199999999], [-70.500498, 41.781196], [-70.499471, 41.780617], [-70.49665499999999, 41.779697000000006], [-70.495547, 41.779088], [-70.49401399999999, 41.77884099999999], [-70.493662, 41.77864400000001], [-70.49358099999999, 41.778551], [-70.494519, 41.778237], [-70.49439699999999, 41.77791499999999], [-70.494834, 41.77665699999999], [-70.49192699999999, 41.77761499999999], [-70.488597, 41.775082000000005], [-70.473641, 41.76556899999999], [-70.47403, 41.76526500000001], [-70.473462, 41.76478300000001], [-70.473411, 41.764160000000004], [-70.472355, 41.763353], [-70.47102, 41.762003], [-70.469714, 41.761498], [-70.468716, 41.761544999999984], [-70.46766099999999, 41.761031], [-70.466484, 41.760939999999984], [-70.465587, 41.76037700000001], [-70.460409, 41.758749999999985], [-70.459448, 41.75863500000002], [-70.45806999999999, 41.758136], [-70.457022, 41.758157999999995], [-70.45412499999999, 41.757247], [-70.45317899999999, 41.756797000000006], [-70.452366, 41.756781], [-70.450672, 41.75580399999999], [-70.448802, 41.75532100000002], [-70.447211, 41.754481000000006], [-70.445752, 41.75397099999999], [-70.443707, 41.753741], [-70.442416, 41.753153000000005], [-70.439792, 41.752687000000016], [-70.438875, 41.752275000000004], [-70.436522, 41.75239600000001], [-70.43518, 41.752121999999986], [-70.433318, 41.751419000000006], [-70.429858, 41.75065000000001], [-70.427871, 41.750429999999994], [-70.42704599999999, 41.74984699999999], [-70.42653299999999, 41.74977499999999], [-70.42595399999999, 41.749418000000006], [-70.425405, 41.74847899999999], [-70.42487, 41.747979999999984], [-70.422517, 41.747277], [-70.42160799999999, 41.747217], [-70.42075, 41.746721999999984], [-70.41900500000001, 41.746113], [-70.417583, 41.74591499999999], [-70.416916, 41.745985999999995], [-70.417444, 41.74692], [-70.41740000000001, 41.74710599999998], [-70.417187, 41.747122999999995], [-70.41172700000001, 41.74517900000001], [-70.40936599999999, 41.74498599999999], [-70.405372, 41.74405699999999], [-70.403605, 41.743908999999995], [-70.40010199999999, 41.742832000000014], [-70.398116, 41.742385999999996], [-70.394297, 41.74180299999999], [-70.391351, 41.74166499999999], [-70.382892, 41.74083200000001], [-70.383622, 41.73973299999999], [-70.388676, 41.73442999999999], [-70.458737, 41.664041], [-70.47111199999999, 41.665963999999995], [-70.471688, 41.664435], [-70.472326, 41.66393299999999], [-70.47355400000001, 41.662178999999995], [-70.474978, 41.660537000000005], [-70.475371, 41.659745000000015], [-70.480554, 41.661024000000005], [-70.482171, 41.665975], [-70.47587899999999, 41.67674900000002], [-70.475123, 41.676791], [-70.474935, 41.67726300000001], [-70.47490499999999, 41.678620999999985], [-70.475269, 41.679683], [-70.47555299999999, 41.682421000000005], [-70.47805799999999, 41.68512900000001], [-70.49720000000002, 41.683482000000005], [-70.49677, 41.678087000000005], [-70.49389699999999, 41.676773999999995], [-70.49368799999999, 41.67573699999999], [-70.493864, 41.67498400000001], [-70.493577, 41.673880999999994], [-70.49369399999999, 41.67279200000001], [-70.494018, 41.672283], [-70.49473900000001, 41.672052999999984], [-70.495362, 41.671519], [-70.49739199999999, 41.671410000000016], [-70.497429, 41.670888999999995], [-70.497074, 41.67059099999999], [-70.511096, 41.675996000000005], [-70.511426, 41.67602599999999], [-70.513256, 41.674063000000004], [-70.51570000000001, 41.66787200000001], [-70.516375, 41.664986999999996], [-70.516458, 41.663945000000005], [-70.519344, 41.65676799999999], [-70.520048, 41.655623999999996], [-70.520912, 41.654816999999994], [-70.523175, 41.650439], [-70.53080899999999, 41.644110999999995], [-70.53320000000001, 41.64253399999998], [-70.535776, 41.641386000000004], [-70.53701699999999, 41.63987099999999], [-70.538076, 41.63900399999999], [-70.53964599999999, 41.637212000000005], [-70.533552, 41.62684], [-70.525398, 41.599897000000006], [-70.49851799999999, 41.59390899999997], [-70.497692, 41.593849], [-70.498188, 41.59314499999999], [-70.498282, 41.592144999999995], [-70.49947399999999, 41.59168399999999], [-70.499854, 41.59096099999999], [-70.499883, 41.590537999999995], [-70.500293, 41.589913], [-70.500389, 41.58909500000001], [-70.500682, 41.58881500000001], [-70.500845, 41.588056], [-70.5014, 41.58726400000001], [-70.501543, 41.585803999999996], [-70.501828, 41.58540299999999], [-70.501942, 41.584628], [-70.50375100000001, 41.58267099999999], [-70.50395499999999, 41.581640999999976], [-70.505443, 41.579729000000015], [-70.50546, 41.579047999999986], [-70.504711, 41.57867600000002], [-70.504722, 41.578449000000006], [-70.505163, 41.578109999999995], [-70.50601, 41.578009000000016], [-70.506554, 41.57777099999998], [-70.50702, 41.57614599999998], [-70.508102, 41.573616], [-70.512044, 41.570812000000004], [-70.512727, 41.56946], [-70.512483, 41.56855399999999], [-70.51268499999999, 41.568093], [-70.513657, 41.568132999999996], [-70.514062, 41.568341], [-70.514049, 41.568492], [-70.51520000000001, 41.56883500000002], [-70.515181, 41.568395], [-70.517538, 41.56534599999998], [-70.527907, 41.54984700000001], [-70.52771899999999, 41.54940399999999], [-70.527957, 41.54747700000001], [-70.52779699999999, 41.54665300000001], [-70.529663, 41.545753000000005], [-70.530386, 41.547233999999996], [-70.53129899999999, 41.548013], [-70.53274499999999, 41.548962], [-70.535117, 41.549997], [-70.537083, 41.550537999999996], [-70.538821, 41.55079400000002], [-70.543623, 41.55105999999999], [-70.54506599999999, 41.550309], [-70.54563, 41.550422999999995], [-70.546221, 41.55079299999999], [-70.547197, 41.55046399999999], [-70.548008, 41.549939], [-70.549313, 41.54950699999999], [-70.552103, 41.549343], [-70.556116, 41.54854000000001], [-70.558838, 41.548324], [-70.56024, 41.547728000000006], [-70.56474700000001, 41.54783099999999], [-70.565874, 41.547728000000006], [-70.567193, 41.547368000000006], [-70.570024, 41.547286000000014], [-70.571591, 41.54638099999997], [-70.572937, 41.546298], [-70.58038599999999, 41.543789], [-70.581513, 41.54389199999999], [-70.585141, 41.544797], [-70.587175, 41.54496100000001], [-70.588577, 41.544734999999974], [-70.591518, 41.54477599999999], [-70.594101, 41.54454999999999], [-70.595998, 41.54420000000001], [-70.59849799999999, 41.542801999999995], [-70.600421, 41.541979000000005], [-70.60262, 41.541526], [-70.606935, 41.542348999999994], [-70.607429, 41.541958000000015], [-70.60927099999999, 41.542452000000004], [-70.60976600000001, 41.542452000000004], [-70.612157, 41.542185], [-70.613558, 41.541773000000006], [-70.615977, 41.541794], [-70.616163, 41.542280000000005], [-70.61660599999999, 41.542136000000006], [-70.61670099999999, 41.541745999999996], [-70.617176, 41.54152100000001], [-70.617227, 41.54178999999998], [-70.61758499999999, 41.541827999999995], [-70.61775999999999, 41.541799999999995], [-70.61763599999999, 41.54153199999998], [-70.617826, 41.54150399999999], [-70.618082, 41.54185000000002], [-70.620544, 41.54134299999999], [-70.622991, 41.54122100000001], [-70.62314099999999, 41.541171999999975], [-70.62284600000001, 41.54069600000002], [-70.623616, 41.540620999999994], [-70.627271, 41.53930499999999], [-70.633124, 41.53776200000001], [-70.64098299999999, 41.53389399999999], [-70.644665, 41.53066500000003], [-70.646036, 41.528525], [-70.646585, 41.52805199999998], [-70.64936, 41.524246999999995], [-70.652822, 41.51842499999999], [-70.652574, 41.516017999999995], [-70.653728, 41.51474300000002], [-70.655981, 41.51414599999999], [-70.65662499999999, 41.51477899999999], [-70.668001, 41.511988], [-70.672253, 41.515773999999986], [-70.674646, 41.519385], [-70.68139699999999, 41.51755], [-70.68835299999999, 41.516788999999996], [-70.691364, 41.517841999999995], [-70.69465699999999, 41.52556], [-70.749476, 41.55639], [-70.758464, 41.560930999999975], [-70.749476, 41.568405999999996], [-70.729833, 41.59156900000001], [-70.70842, 41.62637800000001], [-70.686196, 41.669800999999985], [-70.67662899999999, 41.691129], [-70.67440400000001, 41.68960899999999], [-70.64370000000001, 41.717465000000004], [-70.64224399999999, 41.71922500000001], [-70.640276, 41.723609], [-70.640756, 41.72485700000001], [-70.639476, 41.726473000000006], [-70.639332, 41.729048999999996], [-70.63257999999999, 41.733656999999994], [-70.633268, 41.73546499999999], [-70.632676, 41.73788100000002], [-70.62598799999999, 41.74496899999999], [-70.623193, 41.745614999999994], [-70.62195, 41.746058999999995], [-70.620785, 41.747530000000005], [-70.621014, 41.74830300000001], [-70.621622, 41.748972], [-70.62515599999999, 41.75114399999999], [-70.62501200000001, 41.75404], [-70.629673, 41.760217000000004], [-70.630156, 41.761145000000006], [-70.631182, 41.76172199999999], [-70.631255, 41.76208399999998], [-70.63157, 41.76229800000001], [-70.63165, 41.762628], [-70.632274, 41.762623000000005], [-70.63255199999999, 41.762771000000015], [-70.632671, 41.76388199999999], [-70.634346, 41.76594800000001], [-70.63444, 41.766809999999985], [-70.635301, 41.768005999999986], [-70.63542699999999, 41.769009], [-70.63609699999999, 41.76999], [-70.636129, 41.770342], [-70.63584000000002, 41.770717000000005], [-70.63507, 41.771154], [-70.634252, 41.771359999999994], [-70.633547, 41.77189500000001], [-70.632825, 41.77305099999999], [-70.63296799999999, 41.77358], [-70.631637, 41.77449000000001], [-70.630915, 41.77469100000001], [-70.63060999999999, 41.775102], [-70.63033899999999, 41.775187], [-70.630162, 41.77562900000001], [-70.630065, 41.775980999999994], [-70.630256, 41.77619699999999], [-70.630031, 41.77655399999999], [-70.630256, 41.77710299999998], [-70.629341, 41.778794999999995], [-70.62942199999999, 41.779129999999995], [-70.629008, 41.779606], [-70.628963, 41.780374], [-70.6293, 41.780713999999996], [-70.630022, 41.780677], [-70.63050299999999, 41.780907], [-70.630505, 41.78133999999999], [-70.630763, 41.781853], [-70.630652, 41.782102999999985], [-70.63094099999999, 41.78243099999999], [-70.630686, 41.782484000000004], [-70.63078399999999, 41.78301299999998], [-70.630577, 41.78321700000001], [-70.630515, 41.783789], [-70.630788, 41.78393099999998], [-70.63058, 41.784184], [-70.630612, 41.78437599999999], [-70.630132, 41.78456799999999], [-70.630164, 41.78476], [-70.629828, 41.78503200000001], [-70.629908, 41.785591999999994], [-70.630516, 41.78604], [-70.630692, 41.786855999999986], [-70.630068, 41.787240000000004], [-70.62881999999999, 41.78707999999998], [-70.62739499999999, 41.787342], [-70.627312, 41.787843], [-70.624476, 41.792553000000005], [-70.616478, 41.80543900000001], [-70.631892, 41.80633], [-70.717655, 41.80152700000001], [-70.717591, 41.802151], [-70.717879, 41.80357499999999], [-70.717767, 41.803767], [-70.716903, 41.804055000000005], [-70.71682299999999, 41.80423100000001], [-70.717703, 41.80560699999999], [-70.717671, 41.80730300000001], [-70.71743099999999, 41.807894999999995], [-70.71661499999999, 41.80847099999998], [-70.717399, 41.809367], [-70.717159, 41.81002300000001], [-70.716391, 41.81103099999999], [-70.716135, 41.81195900000001], [-70.715319, 41.812743000000005], [-70.715543, 41.814087], [-70.715383, 41.814519], [-70.71551099999999, 41.815255000000015], [-70.715127, 41.815975], [-70.714744, 41.816123000000005], [-70.714698, 41.816414], [-70.714379, 41.816546], [-70.714846, 41.81706399999999], [-70.7148, 41.817420000000006], [-70.714499, 41.81802000000001], [-70.713702, 41.818476], [-70.712589, 41.81964399999999], [-70.712113, 41.820438], [-70.711762, 41.82072999999999], [-70.711542, 41.82137800000001], [-70.710936, 41.821752999999994], [-70.709807, 41.82298600000001], [-70.708962, 41.823555999999996], [-70.70800799999999, 41.824528], [-70.707898, 41.824917], [-70.70795799999999, 41.82706400000002], [-70.70706400000002, 41.827984000000015], [-70.70687, 41.82869700000001], [-70.706493, 41.829157], [-70.70579599999999, 41.829361000000006], [-70.704807, 41.82940499999999], [-70.703683, 41.829084], [-70.703351, 41.82920700000001], [-70.70269499999999, 41.82880700000001], [-70.70208699999999, 41.82867900000001], [-70.700647, 41.82856700000001], [-70.70024699999999, 41.82861499999999], [-70.699975, 41.828838999999995], [-70.699799, 41.82971899999999], [-70.699063, 41.829511000000004], [-70.698311, 41.829654999999995], [-70.697495, 41.829319], [-70.697271, 41.829463000000004], [-70.697431, 41.830103], [-70.697271, 41.83056700000001], [-70.69496699999999, 41.83259899999998], [-70.69487099999999, 41.83407100000001], [-70.694423, 41.834519000000014], [-70.693879, 41.835879000000006], [-70.69365499999999, 41.836119], [-70.692567, 41.836583], [-70.690871, 41.837783000000016], [-70.689847, 41.83800699999999], [-70.689703, 41.839690000000004], [-70.68950199999999, 41.840091], [-70.68792599999999, 41.841232999999995], [-70.684878, 41.84402700000001], [-70.683633, 41.84493299999998], [-70.682211, 41.84558300000001], [-70.680534, 41.845529000000006], [-70.75071799999999, 41.92601900000002], [-70.75352699999999, 41.933241], [-70.758794, 41.947778000000014], [-70.765531, 41.96698599999999], [-70.787478, 41.97836], [-70.790858, 41.98840099999998], [-70.795924, 42.005489999999995], [-70.799329, 42.01361299999999], [-70.807307, 42.012871], [-70.807284, 42.01300199999998], [-70.80798399999999, 42.013602], [-70.809484, 42.01540200000001], [-70.809484, 42.01670200000001], [-70.811184, 42.017502], [-70.812184, 42.01860200000001], [-70.81318399999999, 42.019202], [-70.812884, 42.022701999999995], [-70.814392, 42.024122], [-70.83340299999999, 42.019563000000005], [-70.84476599999999, 42.04269799999999], [-70.842246, 42.04343200000002], [-70.841071, 42.04489300000001], [-70.84587599999999, 42.046212], [-70.846465, 42.04778099999999], [-70.847287, 42.048475999999994], [-70.847319, 42.04909700000002]]]}}, {"type": "Feature", "properties": {"district_name": "Cape & Islands District", "chamber": "senate", "vintage": "2012-2020", "url": "/district/senate-cape-islands-district-2012-2020/", "latest_year": 2020, "years": [{"year": 2020, "lean_dem_share": 0.6567, "competitiveness": "Safe", "competitiveness_label": "Safe D", "party_favored": "Democratic", "is_uncontested": true, "turnout_ratio": 0.7483, "winner_name": "Julian Andre Cyr", "winner_party": "Democratic", "winner_war": null, "winner_lean_component": 0.4403, "winner_tide_component": 0.0067, "winner_incumbency_adjustment": 0.0724, "winner_demographics_component": null, "winner_fundraising_component": 0.0361}, {"year": 2018, "lean_dem_share": 0.2903, "competitiveness": "Safe", "competitiveness_label": "Safe R", "party_favored": "Republican", "is_uncontested": false, "turnout_ratio": 1.0046, "winner_name": "Julian Andre Cyr", "winner_party": "Democratic", "winner_war": -0.0403, "winner_lean_component": 0.4403, "winner_tide_component": 0.0033, "winner_incumbency_adjustment": 0.0724, "winner_demographics_component": null, "winner_fundraising_component": 0.0516}, {"year": 2016, "lean_dem_share": 0.6086, "competitiveness": "Safe", "competitiveness_label": "Safe D", "party_favored": "Democratic", "is_uncontested": false, "turnout_ratio": 1.0242, "winner_name": "Julian Andre Cyr", "winner_party": "Democratic", "winner_war": -0.0206, "winner_lean_component": 0.4403, "winner_tide_component": 0.0065, "winner_incumbency_adjustment": 0.0, "winner_demographics_component": null, "winner_fundraising_component": 0.0494}, {"year": 2014, "lean_dem_share": 0.4731, "competitiveness": "Lean", "competitiveness_label": "Lean R", "party_favored": "Republican", "is_uncontested": false, "turnout_ratio": 1.0023, "winner_name": "Daniel A. Wolf", "winner_party": "Democratic", "winner_war": -0.0149, "winner_lean_component": 0.4403, "winner_tide_component": 0.0049, "winner_incumbency_adjustment": 0.0724, "winner_demographics_component": null, "winner_fundraising_component": 0.0308}, {"year": 2012, "lean_dem_share": 0.5724, "competitiveness": "Likely", "competitiveness_label": "Likely D", "party_favored": "Democratic", "is_uncontested": true, "turnout_ratio": 0.7548, "winner_name": "Daniel A. Wolf", "winner_party": "Democratic", "winner_war": null, "winner_lean_component": 0.4403, "winner_tide_component": 0.0062, "winner_incumbency_adjustment": 0.0, "winner_demographics_component": null, "winner_fundraising_component": 0.0262}], "lean_dem_share": 0.6567, "competitiveness": "Safe", "competitiveness_label": "Safe D", "party_favored": "Democratic", "is_uncontested": true, "turnout_ratio": 0.7483, "winner_name": "Julian Andre Cyr", "winner_party": "Democratic", "winner_war": null, "winner_lean_component": 0.4403, "winner_tide_component": 0.0067, "winner_incumbency_adjustment": 0.0724, "winner_demographics_component": null, "winner_fundraising_component": 0.0361}, "geometry": {"type": "Polygon", "coordinates": [[[-71.05185399999999, 41.416729], [-70.999482, 41.442372], [-70.95682099999999, 41.46247200000001], [-70.91481, 41.483092], [-70.879213, 41.50010599999999], [-70.763776, 41.55660700000001], [-70.758464, 41.560930999999975], [-70.749476, 41.55639], [-70.69465699999999, 41.52556], [-70.691364, 41.517841999999995], [-70.68835299999999, 41.516788999999996], [-70.68139699999999, 41.51755], [-70.674646, 41.519385], [-70.672253, 41.515773999999986], [-70.668001, 41.511988], [-70.65662499999999, 41.51477899999999], [-70.655981, 41.51414599999999], [-70.653728, 41.51474300000002], [-70.652574, 41.516017999999995], [-70.652822, 41.51842499999999], [-70.64936, 41.524246999999995], [-70.646585, 41.52805199999998], [-70.646036, 41.528525], [-70.644665, 41.53066500000003], [-70.64098299999999, 41.53389399999999], [-70.633124, 41.53776200000001], [-70.627271, 41.53930499999999], [-70.623616, 41.540620999999994], [-70.62284600000001, 41.54069600000002], [-70.62314099999999, 41.541171999999975], [-70.622991, 41.54122100000001], [-70.620544, 41.54134299999999], [-70.618082, 41.54185000000002], [-70.617826, 41.54150399999999], [-70.61763599999999, 41.54153199999998], [-70.61775999999999, 41.541799999999995], [-70.61758499999999, 41.541827999999995], [-70.617227, 41.54178999999998], [-70.617176, 41.54152100000001], [-70.61670099999999, 41.541745999999996], [-70.61660599999999, 41.542136000000006], [-70.616163, 41.542280000000005], [-70.615977, 41.541794], [-70.613558, 41.541773000000006], [-70.612157, 41.542185], [-70.60976600000001, 41.542452000000004], [-70.60927099999999, 41.542452000000004], [-70.607429, 41.541958000000015], [-70.606935, 41.542348999999994], [-70.60262, 41.541526], [-70.600421, 41.541979000000005], [-70.59849799999999, 41.542801999999995], [-70.595998, 41.54420000000001], [-70.594101, 41.54454999999999], [-70.591518, 41.54477599999999], [-70.588577, 41.544734999999974], [-70.587175, 41.54496100000001], [-70.585141, 41.544797], [-70.581513, 41.54389199999999], [-70.58038599999999, 41.543789], [-70.572937, 41.546298], [-70.571591, 41.54638099999997], [-70.570024, 41.547286000000014], [-70.567193, 41.547368000000006], [-70.565874, 41.547728000000006], [-70.56474700000001, 41.54783099999999], [-70.56024, 41.547728000000006], [-70.558838, 41.548324], [-70.556116, 41.54854000000001], [-70.552103, 41.549343], [-70.549313, 41.54950699999999], [-70.548008, 41.549939], [-70.547197, 41.55046399999999], [-70.546221, 41.55079299999999], [-70.54563, 41.550422999999995], [-70.54506599999999, 41.550309], [-70.543623, 41.55105999999999], [-70.538821, 41.55079400000002], [-70.537083, 41.550537999999996], [-70.535117, 41.549997], [-70.53274499999999, 41.548962], [-70.53129899999999, 41.548013], [-70.530386, 41.547233999999996], [-70.529663, 41.545753000000005], [-70.52779699999999, 41.54665300000001], [-70.527957, 41.54747700000001], [-70.52771899999999, 41.54940399999999], [-70.527907, 41.54984700000001], [-70.517538, 41.56534599999998], [-70.515181, 41.568395], [-70.51520000000001, 41.56883500000002], [-70.514049, 41.568492], [-70.514062, 41.568341], [-70.513657, 41.568132999999996], [-70.51268499999999, 41.568093], [-70.512483, 41.56855399999999], [-70.512727, 41.56946], [-70.512044, 41.570812000000004], [-70.508102, 41.573616], [-70.50702, 41.57614599999998], [-70.506554, 41.57777099999998], [-70.50601, 41.578009000000016], [-70.505163, 41.578109999999995], [-70.504722, 41.578449000000006], [-70.504711, 41.57867600000002], [-70.50546, 41.579047999999986], [-70.505443, 41.579729000000015], [-70.50395499999999, 41.581640999999976], [-70.50375100000001, 41.58267099999999], [-70.501942, 41.584628], [-70.501828, 41.58540299999999], [-70.501543, 41.585803999999996], [-70.5014, 41.58726400000001], [-70.500845, 41.588056], [-70.500682, 41.58881500000001], [-70.500389, 41.58909500000001], [-70.500293, 41.589913], [-70.499883, 41.590537999999995], [-70.499854, 41.59096099999999], [-70.49947399999999, 41.59168399999999], [-70.498282, 41.592144999999995], [-70.498188, 41.59314499999999], [-70.497692, 41.593849], [-70.49851799999999, 41.59390899999997], [-70.525398, 41.599897000000006], [-70.533552, 41.62684], [-70.53964599999999, 41.637212000000005], [-70.538076, 41.63900399999999], [-70.53701699999999, 41.63987099999999], [-70.535776, 41.641386000000004], [-70.53320000000001, 41.64253399999998], [-70.53080899999999, 41.644110999999995], [-70.523175, 41.650439], [-70.520912, 41.654816999999994], [-70.520048, 41.655623999999996], [-70.519344, 41.65676799999999], [-70.516458, 41.663945000000005], [-70.516375, 41.664986999999996], [-70.51570000000001, 41.66787200000001], [-70.513256, 41.674063000000004], [-70.511426, 41.67602599999999], [-70.511096, 41.675996000000005], [-70.497074, 41.67059099999999], [-70.497429, 41.670888999999995], [-70.49739199999999, 41.671410000000016], [-70.495362, 41.671519], [-70.49473900000001, 41.672052999999984], [-70.494018, 41.672283], [-70.49369399999999, 41.67279200000001], [-70.493577, 41.673880999999994], [-70.493864, 41.67498400000001], [-70.49368799999999, 41.67573699999999], [-70.49389699999999, 41.676773999999995], [-70.49677, 41.678087000000005], [-70.49720000000002, 41.683482000000005], [-70.47805799999999, 41.68512900000001], [-70.47555299999999, 41.682421000000005], [-70.475269, 41.679683], [-70.47490499999999, 41.678620999999985], [-70.474935, 41.67726300000001], [-70.475123, 41.676791], [-70.47587899999999, 41.67674900000002], [-70.482171, 41.665975], [-70.480554, 41.661024000000005], [-70.475371, 41.659745000000015], [-70.474978, 41.660537000000005], [-70.47355400000001, 41.662178999999995], [-70.472326, 41.66393299999999], [-70.471688, 41.664435], [-70.47111199999999, 41.665963999999995], [-70.458737, 41.664041], [-70.388676, 41.73442999999999], [-70.383622, 41.73973299999999], [-70.382892, 41.74083200000001], [-70.391351, 41.74166499999999], [-70.394297, 41.74180299999999], [-70.398116, 41.742385999999996], [-70.40010199999999, 41.742832000000014], [-70.403605, 41.743908999999995], [-70.405372, 41.74405699999999], [-70.40936599999999, 41.74498599999999], [-70.41172700000001, 41.74517900000001], [-70.417187, 41.747122999999995], [-70.41740000000001, 41.74710599999998], [-70.417444, 41.74692], [-70.416916, 41.745985999999995], [-70.417583, 41.74591499999999], [-70.41900500000001, 41.746113], [-70.42075, 41.746721999999984], [-70.42160799999999, 41.747217], [-70.422517, 41.747277], [-70.42487, 41.747979999999984], [-70.425405, 41.74847899999999], [-70.42595399999999, 41.749418000000006], [-70.42653299999999, 41.74977499999999], [-70.42704599999999, 41.74984699999999], [-70.427871, 41.750429999999994], [-70.429858, 41.75065000000001], [-70.433318, 41.751419000000006], [-70.43518, 41.752121999999986], [-70.436522, 41.75239600000001], [-70.438875, 41.752275000000004], [-70.439792, 41.752687000000016], [-70.442416, 41.753153000000005], [-70.443707, 41.753741], [-70.445752, 41.75397099999999], [-70.447211, 41.754481000000006], [-70.448802, 41.75532100000002], [-70.450672, 41.75580399999999], [-70.452366, 41.756781], [-70.45317899999999, 41.756797000000006], [-70.45412499999999, 41.757247], [-70.457022, 41.758157999999995], [-70.45806999999999, 41.758136], [-70.459448, 41.75863500000002], [-70.460409, 41.758749999999985], [-70.465587, 41.76037700000001], [-70.466484, 41.760939999999984], [-70.46766099999999, 41.761031], [-70.468716, 41.761544999999984], [-70.469714, 41.761498], [-70.47102, 41.762003], [-70.472355, 41.763353], [-70.473411, 41.764160000000004], [-70.473462, 41.76478300000001], [-70.47403, 41.76526500000001], [-70.473641, 41.76556899999999], [-70.488597, 41.775082000000005], [-70.49192699999999, 41.77761499999999], [-70.494834, 41.77665699999999], [-70.49439699999999, 41.77791499999999], [-70.494519, 41.778237], [-70.49358099999999, 41.778551], [-70.493662, 41.77864400000001], [-70.49401399999999, 41.77884099999999], [-70.495547, 41.779088], [-70.49665499999999, 41.779697000000006], [-70.499471, 41.780617], [-70.500498, 41.781196], [-70.502014, 41.78254199999999], [-70.50365699999999, 41.782982], [-70.50428699999999, 41.783707], [-70.50500600000001, 41.784135], [-70.505599, 41.784745], [-70.507322, 41.785458999999996], [-70.508766, 41.786639999999984], [-70.509646, 41.78704199999999], [-70.510966, 41.787365999999984], [-70.511882, 41.788426], [-70.514676, 41.789788], [-70.516318, 41.791145000000014], [-70.517631, 41.791979999999974], [-70.519768, 41.795134999999995], [-70.52601899999999, 41.799674], [-70.527339, 41.800415], [-70.52761699999999, 41.80095299999999], [-70.528409, 41.80181], [-70.530345, 41.803264999999996], [-70.53568, 41.809508], [-70.53676899999999, 41.811316], [-70.499473, 41.84411699999999], [-70.355004, 42.000104], [-70.346384, 42.019446000000016], [-70.337813, 42.044484], [-70.32252199999999, 42.11791499999998], [-70.27743, 42.114344999999986], [-70.253194, 42.125102999999996], [-70.249472, 42.126926000000005], [-70.229175, 42.131189], [-70.215587, 42.132785000000005], [-70.206221, 42.13305399999999], [-70.1954, 42.13154900000001], [-70.184474, 42.13383700000001], [-70.17254199999999, 42.13451500000001], [-70.15067599999999, 42.131465], [-70.135694, 42.127348999999995], [-70.130377, 42.126929000000004], [-70.124471, 42.12604100000001], [-70.120691, 42.12510099999998], [-70.067098, 42.10532699999998], [-70.040302, 42.09163400000001], [-70.011591, 42.073378], [-69.996279, 42.059687], [-69.969482, 42.029253999999995], [-69.954169, 42.00795500000001], [-69.94821, 42.00010599999999], [-69.940645, 41.992345], [-69.929109, 41.97847599999998], [-69.92302699999999, 41.967760999999996], [-69.917706, 41.95924699999999], [-69.909178, 41.94206200000001], [-69.902402, 41.922145999999984], [-69.89530500000001, 41.90675299999999], [-69.88001799999999, 41.86197800000001], [-69.877762, 41.85284599999999], [-69.876263, 41.84896999999999], [-69.874498, 41.842448000000005], [-69.87315, 41.838648000000006], [-69.872379, 41.831586], [-69.86949899999999, 41.826626999999995], [-69.866525, 41.81701100000002], [-69.86557499999999, 41.80767099999999], [-69.865779, 41.795636], [-69.865595, 41.790980000000005], [-69.862511, 41.773522], [-69.862366, 41.76631799999999], [-69.860058, 41.758503000000005], [-69.85984599999999, 41.75011000000002], [-69.85913000000001, 41.73649999999999], [-69.85886099999999, 41.720383], [-69.85895, 41.706916], [-69.86054, 41.69232599999999], [-69.862098, 41.68497099999998], [-69.862876, 41.67315300000002], [-69.86812499999999, 41.65679100000001], [-69.87106399999999, 41.65256699999999], [-69.874459, 41.645026000000016], [-69.884485, 41.630303000000005], [-69.889012, 41.625195999999995], [-69.888835, 41.625113], [-69.88942, 41.622694], [-69.891662, 41.617186000000004], [-69.898562, 41.60609599999999], [-69.907546, 41.596033000000006], [-69.915399, 41.58924300000001], [-69.916197, 41.58428899999998], [-69.919766, 41.574033], [-69.921517, 41.57090000000001], [-69.921345, 41.562281999999996], [-69.924632, 41.54464599999999], [-69.928994, 41.53215200000001], [-69.936401, 41.52193600000001], [-69.946613, 41.512152], [-69.958172, 41.50466], [-69.96743, 41.50011599999999], [-69.968606, 41.50011599999999], [-69.971289, 41.49887200000001], [-69.979776, 41.496567], [-69.988306, 41.49449599999999], [-69.994377, 41.493663], [-69.99816899999999, 41.493399], [-69.99945799999999, 41.49111800000001], [-69.99945799999999, 41.490527], [-70.013862, 41.47743899999999], [-70.02367699999999, 41.471948], [-70.040313, 41.46596], [-70.055437, 41.46410999999999], [-70.073742, 41.465019999999996], [-70.084904, 41.467493], [-70.101508, 41.474444], [-70.11439399999999, 41.484083000000005], [-70.12259499999999, 41.494499000000005], [-70.124461, 41.498521], [-70.124924, 41.500115], [-70.126677, 41.50369799999999], [-70.127962, 41.509674], [-70.128764, 41.51769199999999], [-70.128554, 41.52473200000001], [-70.126792, 41.530878000000016], [-70.122559, 41.537833], [-70.116719, 41.54499300000001], [-70.10952, 41.551482], [-70.102029, 41.556352000000004], [-70.086572, 41.562447999999996], [-70.080316, 41.564454], [-70.073586, 41.57770800000001], [-70.068572, 41.58522], [-70.063352, 41.59017299999999], [-70.06469899999999, 41.59323000000001], [-70.068046, 41.602954000000004], [-70.068569, 41.61069699999999], [-70.077934, 41.61252799999999], [-70.093772, 41.608323999999996], [-70.109368, 41.605591], [-70.124462, 41.600849], [-70.12695200000002, 41.600203], [-70.138491, 41.59869200000001], [-70.148926, 41.599133], [-70.16035699999999, 41.59937], [-70.163439, 41.597952], [-70.170602, 41.595588000000006], [-70.1815, 41.593547000000015], [-70.189375, 41.59049600000001], [-70.19823699999999, 41.58734200000001], [-70.20804, 41.584149999999994], [-70.220282, 41.57233699999998], [-70.22555799999999, 41.568560999999995], [-70.23194699999999, 41.56559500000001], [-70.241092, 41.56210999999999], [-70.24946299999999, 41.560146], [-70.255691, 41.559146], [-70.26742899999999, 41.558372999999996], [-70.278898, 41.559315999999995], [-70.289965, 41.561639], [-70.299331, 41.565916999999985], [-70.31125399999999, 41.57106200000001], [-70.32021399999999, 41.568946000000004], [-70.331549, 41.567898], [-70.34633699999999, 41.56845300000001], [-70.351936, 41.566649000000005], [-70.364206, 41.562196000000014], [-70.387281, 41.55768099999999], [-70.395164, 41.556722], [-70.397122, 41.55440199999998], [-70.405051, 41.546195000000004], [-70.411202, 41.540744], [-70.417304, 41.534822000000005], [-70.423896, 41.528732], [-70.432904, 41.52206300000001], [-70.440131, 41.517479], [-70.448567, 41.513093000000005], [-70.457634, 41.50934100000001], [-70.466436, 41.50616000000001], [-70.478689, 41.50350299999999], [-70.48396699999999, 41.502545999999995], [-70.48974, 41.501856], [-70.498209, 41.502565], [-70.502832, 41.500635], [-70.50860300000001, 41.498965], [-70.504182, 41.494858], [-70.499472, 41.488233], [-70.494942, 41.479631999999995], [-70.49165800000002, 41.47100900000001], [-70.489689, 41.462976999999995], [-70.485385, 41.463802999999984], [-70.475994, 41.46614099999998], [-70.46395, 41.468], [-70.44800699999999, 41.469355], [-70.436449, 41.46891900000001], [-70.421087, 41.46441600000002], [-70.405928, 41.457012999999996], [-70.392892, 41.44547999999999], [-70.385874, 41.43372099999999], [-70.38080699999999, 41.411995999999995], [-70.380693, 41.385361], [-70.38216299999999, 41.375117999999986], [-70.383449, 41.369933], [-70.37011199999999, 41.36876899999999], [-70.36769799999999, 41.37142700000001], [-70.362641, 41.375117999999986], [-70.353085, 41.381454999999995], [-70.338289, 41.38854999999999], [-70.323593, 41.391607], [-70.308734, 41.390693000000006], [-70.302438, 41.389624999999995], [-70.294179, 41.39144599999999], [-70.283214, 41.39288499999999], [-70.26728299999999, 41.393426000000005], [-70.258549, 41.39210699999999], [-70.24946299999999, 41.390049], [-70.247689, 41.38989099999999], [-70.238142, 41.38620499999999], [-70.233576, 41.38263999999998], [-70.224936, 41.37511999999999], [-70.221622, 41.371769], [-70.21733400000001, 41.364996999999995], [-70.215115, 41.360274999999994], [-70.208297, 41.35802499999999], [-70.19838299999999, 41.359024999999995], [-70.187287, 41.358380000000004], [-70.174906, 41.357290000000006], [-70.159992, 41.35224200000002], [-70.148699, 41.345215999999986], [-70.13794, 41.346371000000005], [-70.13223099999999, 41.348731], [-70.124461, 41.35132699999998], [-70.11933499999999, 41.352638000000006], [-70.110095, 41.353592], [-70.101618, 41.35344999999999], [-70.09784400000001, 41.353584000000005], [-70.103251, 41.359705], [-70.107199, 41.365213000000004], [-70.111328, 41.37038899999998], [-70.11644, 41.38616500000001], [-70.116541, 41.39513199999999], [-70.112734, 41.408126], [-70.105819, 41.419866], [-70.09441199999999, 41.43081], [-70.078847, 41.438015], [-70.06517400000001, 41.442687], [-70.04427199999999, 41.44380099999999], [-70.025902, 41.44107899999998], [-70.006467, 41.43389800000001], [-69.99945799999999, 41.42843199999999], [-69.98922700000001, 41.421225], [-69.98177500000001, 41.41520800000001], [-69.974592, 41.40892200000001], [-69.969634, 41.403510999999995], [-69.957745, 41.38725], [-69.943801, 41.36671700000001], [-69.938456, 41.357645000000005], [-69.92983699999999, 41.34532299999999], [-69.92644, 41.33879399999998], [-69.921579, 41.332398], [-69.91494999999999, 41.324194999999996], [-69.910093, 41.317263], [-69.902948, 41.30520699999999], [-69.898321, 41.29700299999999], [-69.894885, 41.29037199999999], [-69.893789, 41.286925000000004], [-69.89295899999999, 41.28364299999999], [-69.89244500000001, 41.27909000000001], [-69.8925, 41.27621099999998], [-69.892209, 41.271323], [-69.893025, 41.266636999999974], [-69.894472, 41.25923999999999], [-69.896044, 41.254119], [-69.89774299999999, 41.250122000000005], [-69.89900999999999, 41.24553799999998], [-69.902992, 41.238416], [-69.910319, 41.226849], [-69.915842, 41.220939], [-69.922911, 41.21583999999999], [-69.930953, 41.21054300000001], [-69.942008, 41.204519999999995], [-69.953586, 41.19967199999999], [-69.973182, 41.193545000000015], [-69.98315099999999, 41.191403], [-69.999457, 41.188305], [-70.012483, 41.18705299999999], [-70.025702, 41.187102], [-70.039705, 41.18819200000001], [-70.051647, 41.190908], [-70.072666, 41.19163400000001], [-70.109684, 41.189803000000005], [-70.12446, 41.19242200000001], [-70.13585499999999, 41.194649], [-70.16117, 41.20068999999998], [-70.178851, 41.204530999999996], [-70.217017, 41.21817599999999], [-70.227997, 41.222664], [-70.239982, 41.228463], [-70.285736, 41.242346000000005], [-70.294484, 41.246499000000014], [-70.314298, 41.260532000000005], [-70.33509000000001, 41.272779], [-70.344083, 41.27614600000001], [-70.357554, 41.27259600000002], [-70.374466, 41.26945800000001], [-70.38667099999999, 41.27128199999999], [-70.396777, 41.273013999999996], [-70.408733, 41.277294000000005], [-70.414493, 41.273953], [-70.429075, 41.268651000000006], [-70.444758, 41.265513000000006], [-70.459851, 41.26525300000001], [-70.475635, 41.270219999999995], [-70.493308, 41.279975], [-70.49946899999999, 41.28574100000001], [-70.512199, 41.298313], [-70.530599, 41.299198999999994], [-70.54521000000001, 41.299672000000015], [-70.571848, 41.30009399999999], [-70.593135, 41.299843999999986], [-70.606672, 41.29940999999999], [-70.62447, 41.298382], [-70.655087, 41.29616499999999], [-70.68502, 41.29317599999998], [-70.686615, 41.292058999999995], [-70.689055, 41.290937000000014], [-70.692874, 41.28963900000001], [-70.700169, 41.289058000000004], [-70.70310599999999, 41.28904], [-70.704591, 41.28483399999999], [-70.707362, 41.280218], [-70.711063, 41.27485699999999], [-70.716499, 41.26945200000001], [-70.721634, 41.265861], [-70.726731, 41.26311000000002], [-70.734843, 41.25923100000001], [-70.734065, 41.256147999999996], [-70.734045, 41.253327000000006], [-70.733667, 41.25011600000003], [-70.73475300000001, 41.24625999999999], [-70.738908, 41.236427], [-70.74430699999999, 41.22603000000001], [-70.749473, 41.22017299999998], [-70.754188, 41.216091], [-70.767837, 41.20648999999999], [-70.783582, 41.20121899999999], [-70.80595, 41.19874200000001], [-70.823645, 41.20064899999999], [-70.847746, 41.20581399999999], [-70.866343, 41.21539699999999], [-70.87447399999999, 41.221380999999994], [-70.877327, 41.224143999999995], [-70.884973, 41.23378399999999], [-70.890541, 41.24309099999999], [-70.89245700000001, 41.25011200000001], [-70.89420299999999, 41.25943899999999], [-70.89359499999999, 41.267993999999995], [-70.890337, 41.27736199999999], [-70.885683, 41.28506600000001], [-70.878182, 41.29214699999999], [-70.874475, 41.29496799999998], [-70.870027, 41.29706799999999], [-70.87447399999999, 41.30134999999999], [-70.877963, 41.30370800000001], [-70.884472, 41.31016199999997], [-70.891363, 41.318817999999986], [-70.897722, 41.327411000000005], [-70.901005, 41.334613], [-70.903815, 41.346727], [-70.903739, 41.35508000000001], [-70.901866, 41.36177], [-70.896017, 41.37014800000001], [-70.902603, 41.36761300000002], [-70.918399, 41.363033], [-70.938664, 41.353986000000006], [-70.95575199999999, 41.35016100000001], [-70.97052099999999, 41.34918700000001], [-70.979229, 41.349643999999984], [-70.990748, 41.351288999999994], [-70.99947999999999, 41.354103], [-71.006315, 41.357319], [-71.014799, 41.362019999999994], [-71.020472, 41.366723], [-71.02610299999999, 41.37169300000001], [-71.032701, 41.38027300000001], [-71.037211, 41.388908000000015], [-71.039918, 41.398259], [-71.038114, 41.405453], [-71.033604, 41.41408500000001], [-71.05185399999999, 41.416729]]]}}]}