{"type": "FeatureCollection", "features": [{"type": "Feature", "properties": {"district_name": "Cape and Islands District", "chamber": "senate", "vintage": "2022-present", "lean_dem_share": 0.641, "competitiveness": "Safe", "competitiveness_label": "Safe D", "party_favored": "Democratic", "url": "/district/senate-cape-and-islands-district-2022-present/"}, "geometry": {"type": "Polygon", "coordinates": [[[-71.051854, 41.416729], [-70.999482, 41.442372], [-70.956821, 41.46247200000001], [-70.91481, 41.483092], [-70.879213, 41.500105999999995], [-70.763776, 41.55660700000001], [-70.758464, 41.560930999999975], [-70.749476, 41.55639], [-70.694657, 41.52556], [-70.691364, 41.517842], [-70.688353, 41.51678900000001], [-70.681397, 41.51755], [-70.674646, 41.519385], [-70.672253, 41.515773999999986], [-70.668001, 41.51198800000001], [-70.655122, 41.51512600000001], [-70.654494, 41.515417], [-70.653814, 41.516278], [-70.653835, 41.51663500000001], [-70.654295, 41.51760100000001], [-70.654302, 41.518052000000004], [-70.653778, 41.51976100000001], [-70.653493, 41.520243000000015], [-70.651561, 41.522163], [-70.650947, 41.52329300000001], [-70.650055, 41.52415499999999], [-70.650033, 41.52460499999999], [-70.649389, 41.525316999999994], [-70.649563, 41.52546600000002], [-70.649002, 41.52606500000001], [-70.6489, 41.526433000000004], [-70.64841, 41.526855], [-70.648366, 41.527173999999995], [-70.647752, 41.52772800000002], [-70.647185, 41.52793500000002], [-70.647387, 41.528093000000005], [-70.646217, 41.52938000000001], [-70.646224, 41.52971999999999], [-70.645639, 41.530543], [-70.642196, 41.533764999999995], [-70.640895, 41.534686], [-70.63863, 41.53601899999999], [-70.634697, 41.537708999999985], [-70.634741, 41.537851], [-70.633711, 41.538163999999995], [-70.633535, 41.53838300000002], [-70.632783, 41.53846499999999], [-70.632761, 41.53863500000001], [-70.631803, 41.538734000000005], [-70.631796, 41.53884899999999], [-70.629676, 41.539485000000006], [-70.62678300000002, 41.539911999999994], [-70.62641, 41.540192000000005], [-70.622991, 41.54122100000001], [-70.620544, 41.54134299999999], [-70.618082, 41.54185000000002], [-70.617826, 41.54150400000001], [-70.617636, 41.54153199999998], [-70.61776, 41.541799999999995], [-70.617585, 41.541828], [-70.617227, 41.54178999999998], [-70.617176, 41.54152100000001], [-70.616701, 41.541745999999996], [-70.616723, 41.542031999999985], [-70.616285, 41.54226199999999], [-70.615101, 41.542378000000014], [-70.61399, 41.542208999999986], [-70.613486, 41.542461], [-70.611412, 41.542950999999995], [-70.60946100000001, 41.542956999999994], [-70.608225, 41.54247999999999], [-70.607239, 41.54282100000001], [-70.606596, 41.542837999999996], [-70.603307, 41.541889000000005], [-70.603249, 41.542015000000006], [-70.602263, 41.54199400000001], [-70.601437, 41.542186000000015], [-70.597346, 41.54386199999999], [-70.597514, 41.54412599999999], [-70.596601, 41.544433000000005], [-70.596601, 41.54470800000001], [-70.595206, 41.54487800000001], [-70.59525, 41.545175], [-70.594512, 41.545027], [-70.59381, 41.54509800000001], [-70.593825, 41.54529599999999], [-70.592743, 41.54536800000001], [-70.59183, 41.54523599999999], [-70.591852, 41.545439], [-70.588958, 41.545177], [-70.588827, 41.545753000000005], [-70.588776, 41.54515500000001], [-70.588469, 41.545347], [-70.586415, 41.54543], [-70.581892, 41.544662], [-70.580555, 41.54424], [-70.580495, 41.54452500000001], [-70.580014, 41.54474200000001], [-70.578984, 41.544899], [-70.579035, 41.545036], [-70.578114, 41.54525600000001], [-70.57818, 41.545404], [-70.576595, 41.545745000000004], [-70.576646, 41.54592000000002], [-70.57631000000002, 41.54603600000001], [-70.57533, 41.546206], [-70.574366, 41.546162], [-70.574351, 41.54668399999998], [-70.573854, 41.54689799999999], [-70.571816, 41.54720499999999], [-70.570837, 41.547173000000015], [-70.57085200000002, 41.547337], [-70.570222, 41.54773300000003], [-70.569309, 41.54794700000001], [-70.568323, 41.54775500000001], [-70.568206, 41.547990999999996], [-70.567782, 41.54792], [-70.567782, 41.54802400000001], [-70.567373, 41.54798499999999], [-70.567351, 41.548106], [-70.566277, 41.54803500000001], [-70.566218, 41.548183], [-70.56518, 41.54823300000001], [-70.564764, 41.54811200000001], [-70.564654, 41.548303999999995], [-70.563668, 41.54824399999999], [-70.56358, 41.548364], [-70.561644, 41.54831], [-70.560942, 41.548013], [-70.56093500000001, 41.54825499999999], [-70.559568, 41.54831], [-70.558472, 41.548698999999985], [-70.556331, 41.54873799999999], [-70.556294, 41.548963], [-70.55514, 41.54892400000001], [-70.555169, 41.54907300000002], [-70.554745, 41.549155], [-70.553934, 41.549111], [-70.553963, 41.549302999999995], [-70.55283800000001, 41.549501], [-70.552889, 41.549665], [-70.552355, 41.549797000000005], [-70.551756, 41.54972], [-70.551793, 41.549884999999996], [-70.551391, 41.54995599999999], [-70.550426, 41.549808000000006], [-70.550455, 41.549989000000004], [-70.550178, 41.55009900000001], [-70.549425, 41.550039], [-70.549469, 41.55029700000001], [-70.54789, 41.550549], [-70.548007, 41.550776], [-70.54782, 41.55076600000001], [-70.547863, 41.550918], [-70.546519, 41.55209599999999], [-70.545003, 41.55158099999998], [-70.538821, 41.551256], [-70.535123, 41.550415], [-70.532851, 41.549569000000005], [-70.531894, 41.549009000000005], [-70.530301, 41.547691], [-70.529308, 41.54646099999998], [-70.528181, 41.547479], [-70.526961, 41.547547999999985], [-70.526852, 41.547394], [-70.525953, 41.548118], [-70.521911, 41.54902299999998], [-70.515277, 41.55010800000001], [-70.505107, 41.551467], [-70.501549, 41.55171000000001], [-70.500801, 41.55190900000001], [-70.496951, 41.552081], [-70.494658, 41.55176600000001], [-70.493626, 41.551869], [-70.489991, 41.55335000000001], [-70.487958, 41.553726999999995], [-70.486157, 41.55385999999999], [-70.483797, 41.555096], [-70.478945, 41.556905000000015], [-70.477601, 41.557591], [-70.47524100000001, 41.559129], [-70.473086, 41.561365], [-70.46982, 41.56410000000001], [-70.468782, 41.564615999999994], [-70.465012, 41.56795499999999], [-70.463945, 41.56922899999999], [-70.461907, 41.57117299999999], [-70.461994, 41.571239], [-70.461746, 41.571508], [-70.459057, 41.57399500000002], [-70.458355, 41.57498899999999], [-70.457376, 41.57599900000001], [-70.457537, 41.576223999999996], [-70.457237, 41.577321999999995], [-70.455929, 41.57844299999999], [-70.453912, 41.58072099999998], [-70.45098, 41.584406], [-70.450104, 41.586228], [-70.450102, 41.587701000000024], [-70.451448, 41.58704799999999], [-70.451697, 41.58741300000001], [-70.452076, 41.58747000000002], [-70.452308, 41.58698800000003], [-70.452153, 41.586725], [-70.453008, 41.58633600000002], [-70.458592, 41.588668000000006], [-70.464982, 41.59673999999998], [-70.46105, 41.606363000000016], [-70.45734, 41.610761999999994], [-70.452641, 41.615958000000006], [-70.450828, 41.61608499999999], [-70.450396, 41.61683999999999], [-70.450316, 41.617539999999984], [-70.450607, 41.61859200000001], [-70.450477, 41.61890700000001], [-70.449461, 41.618886999999994], [-70.449322, 41.619074], [-70.449431, 41.619358], [-70.449717, 41.61949100000002], [-70.449563, 41.620157000000006], [-70.44981200000001, 41.620694], [-70.4496, 41.62094099999999], [-70.449009, 41.62092100000002], [-70.448946, 41.621365000000004], [-70.448607, 41.621491000000006], [-70.449056, 41.622374], [-70.448739, 41.62260100000001], [-70.448965, 41.62280200000001], [-70.448842, 41.62294999999999], [-70.449238, 41.62312399999999], [-70.448956, 41.623345999999984], [-70.449705, 41.624086], [-70.449791, 41.624554], [-70.4501, 41.624635999999995], [-70.450295, 41.62506500000001], [-70.450622, 41.625273], [-70.450569, 41.62579], [-70.451053, 41.62650000000001], [-70.450997, 41.62704000000001], [-70.451266, 41.62729099999999], [-70.450957, 41.62805599999999], [-70.45148, 41.62868799999998], [-70.451394, 41.629018], [-70.45183900000002, 41.62924400000002], [-70.451889, 41.62956499999999], [-70.451802, 41.63005600000001], [-70.451419, 41.630436], [-70.45162, 41.630904], [-70.451991, 41.631231000000014], [-70.452009, 41.631384000000004], [-70.451698, 41.63158500000001], [-70.451895, 41.63201899999999], [-70.452516, 41.632561], [-70.452675, 41.63333], [-70.452466, 41.633616999999994], [-70.452459, 41.634111], [-70.452811, 41.634565], [-70.452677, 41.63484900000001], [-70.453509, 41.63493499999999], [-70.455991, 41.63432999999998], [-70.456488, 41.635029], [-70.460589, 41.633529000000024], [-70.464608, 41.632515], [-70.465705, 41.633044000000005], [-70.466495, 41.633706], [-70.467605, 41.63422], [-70.466304, 41.637082], [-70.458476, 41.637471000000005], [-70.454361, 41.639193999999996], [-70.452557, 41.638748000000014], [-70.453189, 41.639856], [-70.453063, 41.640488], [-70.453238, 41.641690000000004], [-70.45171200000001, 41.64248200000001], [-70.446514, 41.65033999999999], [-70.451059, 41.65691200000001], [-70.458737, 41.664041], [-70.389188, 41.733911000000006], [-70.383282, 41.740088], [-70.388911, 41.740659], [-70.390056, 41.740639000000016], [-70.393187, 41.741269], [-70.395896, 41.74156500000001], [-70.397683, 41.74249499999999], [-70.401834, 41.742883], [-70.404287, 41.743434000000015], [-70.406539, 41.743481], [-70.408357, 41.74375499999999], [-70.409289, 41.744059000000014], [-70.410029, 41.74404400000001], [-70.413692, 41.744842999999996], [-70.415609, 41.745660999999984], [-70.418966, 41.746086999999996], [-70.424798, 41.74732000000001], [-70.4255, 41.748019], [-70.425768, 41.748909999999995], [-70.426921, 41.75010199999999], [-70.426955, 41.74984100000002], [-70.427255, 41.750007], [-70.42906, 41.749718000000016], [-70.429928, 41.749765], [-70.43716, 41.75139899999999], [-70.446558, 41.75408199999999], [-70.446382, 41.7542], [-70.44656, 41.75435700000001], [-70.448893, 41.75535699999999], [-70.450571, 41.755666999999995], [-70.452861, 41.756429], [-70.457417, 41.75755900000001], [-70.459242, 41.75812800000002], [-70.460055, 41.758613000000004], [-70.462933, 41.759255999999986], [-70.466857, 41.76054800000001], [-70.467395, 41.76093699999999], [-70.47308, 41.762537], [-70.47376, 41.763232], [-70.474311, 41.76454799999999], [-70.474138, 41.764698], [-70.47450400000001, 41.764897000000005], [-70.473641, 41.76556899999999], [-70.488597, 41.775082000000005], [-70.491927, 41.77761499999999], [-70.494834, 41.77665699999999], [-70.49441, 41.77812599999999], [-70.49406, 41.77825], [-70.500849, 41.781447], [-70.508331, 41.78574499999999], [-70.512484, 41.787614000000005], [-70.515336, 41.78936599999997], [-70.518254, 41.79164], [-70.519442, 41.793254], [-70.522308, 41.795989], [-70.525652, 41.79832300000002], [-70.531446, 41.80344600000001], [-70.53245, 41.804472999999994], [-70.537005, 41.810277], [-70.537501, 41.810675], [-70.499473, 41.84411699999999], [-70.355004, 42.000104], [-70.346384, 42.019446000000016], [-70.337813, 42.044484], [-70.322522, 42.11791500000001], [-70.27743, 42.114344999999986], [-70.253194, 42.125102999999996], [-70.249472, 42.126926000000005], [-70.229175, 42.131189], [-70.215587, 42.132785000000005], [-70.206221, 42.13305399999999], [-70.1954, 42.13154900000001], [-70.184474, 42.13383700000001], [-70.172542, 42.13451500000001], [-70.150676, 42.131465], [-70.135694, 42.12734900000001], [-70.130377, 42.126929000000004], [-70.124471, 42.12604100000001], [-70.120691, 42.12510099999998], [-70.067098, 42.105326999999996], [-70.040302, 42.09163400000001], [-70.011591, 42.073378], [-69.996279, 42.059687], [-69.969482, 42.029254], [-69.954169, 42.00795500000001], [-69.94821, 42.000105999999995], [-69.940645, 41.992345], [-69.929109, 41.97847599999998], [-69.923027, 41.967760999999996], [-69.917706, 41.95924699999999], [-69.909178, 41.94206200000001], [-69.902402, 41.922145999999984], [-69.89530500000001, 41.90675300000001], [-69.880018, 41.86197800000001], [-69.877762, 41.85284599999999], [-69.876263, 41.84896999999999], [-69.874498, 41.842448000000005], [-69.87315, 41.838648000000006], [-69.872379, 41.831586], [-69.869499, 41.82662700000001], [-69.866525, 41.81701100000002], [-69.86557500000002, 41.80767099999999], [-69.865779, 41.795636], [-69.865595, 41.790980000000005], [-69.862511, 41.773522], [-69.862366, 41.76631799999999], [-69.860058, 41.758503000000005], [-69.859846, 41.75011000000002], [-69.85913000000001, 41.73649999999999], [-69.858861, 41.720383], [-69.85895, 41.706916], [-69.86054, 41.69232599999999], [-69.862098, 41.68497099999998], [-69.862876, 41.67315300000002], [-69.868125, 41.65679100000001], [-69.871064, 41.65256699999999], [-69.874459, 41.645026000000016], [-69.884485, 41.630303000000005], [-69.889012, 41.625195999999995], [-69.888835, 41.625113], [-69.88942, 41.622694], [-69.891662, 41.617186000000004], [-69.898562, 41.60609599999999], [-69.907546, 41.596033000000006], [-69.915399, 41.58924300000001], [-69.916197, 41.58428899999998], [-69.919766, 41.574033], [-69.921517, 41.57090000000001], [-69.921345, 41.562282], [-69.924632, 41.54464599999999], [-69.928994, 41.53215200000001], [-69.936401, 41.52193600000001], [-69.946613, 41.512152], [-69.958172, 41.50466], [-69.96743, 41.50011599999999], [-69.968606, 41.50011599999999], [-69.971289, 41.49887200000001], [-69.979776, 41.496567], [-69.988306, 41.49449599999999], [-69.994377, 41.493663], [-69.998169, 41.493399], [-69.999458, 41.49111800000001], [-69.999458, 41.490527], [-70.013862, 41.47743899999999], [-70.023677, 41.471948], [-70.040313, 41.46596], [-70.055437, 41.46410999999999], [-70.073742, 41.465019999999996], [-70.084904, 41.467493], [-70.101508, 41.474444], [-70.114394, 41.484083000000005], [-70.122595, 41.494499000000005], [-70.124461, 41.498521], [-70.124924, 41.500115], [-70.126677, 41.50369799999999], [-70.127962, 41.509674], [-70.128764, 41.51769199999999], [-70.128554, 41.52473200000001], [-70.126792, 41.530878000000016], [-70.122559, 41.537833], [-70.116719, 41.54499300000001], [-70.10952, 41.551482], [-70.102029, 41.556352000000004], [-70.086572, 41.562447999999996], [-70.080316, 41.564454], [-70.073586, 41.57770800000001], [-70.068572, 41.58522], [-70.063352, 41.59017299999999], [-70.064699, 41.59323000000001], [-70.068046, 41.602954000000004], [-70.068569, 41.610697], [-70.077934, 41.61252799999999], [-70.093772, 41.60832400000001], [-70.109368, 41.605591], [-70.124462, 41.600849], [-70.12695200000002, 41.600203], [-70.138491, 41.59869200000001], [-70.148926, 41.599133], [-70.160357, 41.59937], [-70.163439, 41.597952], [-70.170602, 41.595588000000006], [-70.1815, 41.593547000000015], [-70.189375, 41.59049600000001], [-70.198237, 41.58734200000001], [-70.20804, 41.584149999999994], [-70.220282, 41.57233699999998], [-70.22555800000002, 41.56856100000001], [-70.231947, 41.56559500000001], [-70.241092, 41.56210999999999], [-70.249463, 41.560146], [-70.255691, 41.559146], [-70.267429, 41.558372999999996], [-70.278898, 41.559315999999995], [-70.289965, 41.561639], [-70.299331, 41.565916999999985], [-70.31125400000002, 41.57106200000001], [-70.320214, 41.568946000000004], [-70.331549, 41.567898], [-70.346337, 41.56845300000001], [-70.351936, 41.566649000000005], [-70.364206, 41.562196000000014], [-70.387281, 41.557681], [-70.395164, 41.556722], [-70.397122, 41.554401999999996], [-70.405051, 41.546195000000004], [-70.411202, 41.540744], [-70.417304, 41.534822000000005], [-70.423896, 41.528732], [-70.432904, 41.52206300000001], [-70.440131, 41.517479], [-70.448567, 41.513093000000005], [-70.457634, 41.50934100000001], [-70.466436, 41.50616000000001], [-70.478689, 41.50350299999999], [-70.483967, 41.502545999999995], [-70.48974, 41.501856], [-70.498209, 41.502565], [-70.502832, 41.500635], [-70.50860300000001, 41.498965], [-70.504182, 41.494858], [-70.499472, 41.488233], [-70.494942, 41.479631999999995], [-70.49165800000002, 41.47100900000001], [-70.489689, 41.462976999999995], [-70.485385, 41.463802999999984], [-70.475994, 41.46614099999998], [-70.46395, 41.468], [-70.448007, 41.469355], [-70.436449, 41.46891900000001], [-70.421087, 41.46441600000002], [-70.405928, 41.457012999999996], [-70.392892, 41.44548], [-70.385874, 41.43372099999999], [-70.380807, 41.411996], [-70.380693, 41.385361], [-70.382163, 41.375117999999986], [-70.383449, 41.369933], [-70.370112, 41.36876899999999], [-70.367698, 41.37142700000001], [-70.362641, 41.375117999999986], [-70.353085, 41.381454999999995], [-70.338289, 41.38854999999999], [-70.323593, 41.391607], [-70.308734, 41.390693000000006], [-70.302438, 41.38962500000001], [-70.294179, 41.39144600000001], [-70.283214, 41.39288499999999], [-70.267283, 41.393426000000005], [-70.258549, 41.392106999999996], [-70.249463, 41.390049], [-70.247689, 41.38989099999999], [-70.238142, 41.38620499999999], [-70.233576, 41.38263999999998], [-70.224936, 41.37512000000002], [-70.221622, 41.371769], [-70.21733400000001, 41.364996999999995], [-70.215115, 41.360274999999994], [-70.208297, 41.35802499999999], [-70.198383, 41.35902500000001], [-70.187287, 41.358380000000004], [-70.174906, 41.357290000000006], [-70.159992, 41.35224200000002], [-70.148699, 41.345215999999986], [-70.13794, 41.346371000000005], [-70.132231, 41.348731], [-70.124461, 41.35132699999998], [-70.119335, 41.352638000000006], [-70.110095, 41.353592], [-70.101618, 41.35345000000001], [-70.09784400000001, 41.353584000000005], [-70.103251, 41.359705], [-70.107199, 41.365213000000004], [-70.111328, 41.37038899999998], [-70.11644, 41.38616500000001], [-70.116541, 41.39513199999999], [-70.112734, 41.408126], [-70.105819, 41.419866], [-70.094412, 41.43081], [-70.078847, 41.438015], [-70.06517400000001, 41.442687], [-70.044272, 41.44380099999999], [-70.025902, 41.441079], [-70.006467, 41.43389800000001], [-69.999458, 41.42843199999999], [-69.98922700000001, 41.421225], [-69.98177500000001, 41.41520800000001], [-69.974592, 41.40892200000001], [-69.969634, 41.403510999999995], [-69.957745, 41.38725], [-69.943801, 41.36671700000001], [-69.938456, 41.357645000000005], [-69.929837, 41.34532299999999], [-69.92644, 41.33879399999998], [-69.921579, 41.332398], [-69.91495, 41.32419500000001], [-69.910093, 41.317263], [-69.902948, 41.30520699999999], [-69.898321, 41.29700299999999], [-69.894885, 41.29037199999999], [-69.893789, 41.286925000000004], [-69.89295900000002, 41.28364299999999], [-69.89244500000001, 41.27909000000001], [-69.8925, 41.27621099999999], [-69.892209, 41.271323], [-69.893025, 41.266636999999996], [-69.894472, 41.25923999999999], [-69.896044, 41.254119], [-69.897743, 41.25012199999999], [-69.89901, 41.24553800000001], [-69.902992, 41.238416], [-69.910319, 41.226849], [-69.915842, 41.220939], [-69.922911, 41.21583999999999], [-69.930953, 41.21054300000001], [-69.942008, 41.204519999999995], [-69.953586, 41.19967199999999], [-69.973182, 41.193545000000015], [-69.983151, 41.191403], [-69.999457, 41.188305], [-70.012483, 41.18705299999999], [-70.025702, 41.187102], [-70.039705, 41.18819200000001], [-70.051647, 41.190908], [-70.072666, 41.19163400000001], [-70.109684, 41.189803000000005], [-70.12446, 41.19242200000001], [-70.135855, 41.194649], [-70.16117, 41.20068999999998], [-70.178851, 41.204530999999996], [-70.217017, 41.21817599999999], [-70.227997, 41.22266400000001], [-70.239982, 41.228463], [-70.285736, 41.242346000000005], [-70.294484, 41.246499000000014], [-70.314298, 41.260532000000005], [-70.33509000000001, 41.272779], [-70.344083, 41.27614600000001], [-70.357554, 41.27259600000002], [-70.374466, 41.26945800000001], [-70.386671, 41.27128199999999], [-70.396777, 41.273013999999996], [-70.408733, 41.277294000000005], [-70.414493, 41.273953], [-70.429075, 41.268651000000006], [-70.444758, 41.265513000000006], [-70.459851, 41.26525300000001], [-70.475635, 41.270219999999995], [-70.493308, 41.279975], [-70.499469, 41.28574100000001], [-70.512199, 41.298313], [-70.530599, 41.299198999999994], [-70.54521000000001, 41.299672000000015], [-70.571848, 41.30009399999999], [-70.593135, 41.299843999999986], [-70.606672, 41.29940999999999], [-70.62447, 41.298382], [-70.655087, 41.29616499999999], [-70.68502, 41.293176], [-70.686615, 41.292058999999995], [-70.689055, 41.290937000000014], [-70.692874, 41.28963900000001], [-70.700169, 41.289058000000004], [-70.703106, 41.28904], [-70.704591, 41.28483399999999], [-70.707362, 41.280218], [-70.711063, 41.27485699999999], [-70.716499, 41.26945200000001], [-70.721634, 41.265861], [-70.726731, 41.26311000000002], [-70.734843, 41.25923100000001], [-70.734065, 41.256147999999996], [-70.734045, 41.253327000000006], [-70.733667, 41.25011600000003], [-70.73475300000001, 41.24625999999999], [-70.738908, 41.236427], [-70.744307, 41.22603000000001], [-70.749473, 41.22017299999998], [-70.754188, 41.216091], [-70.767837, 41.20648999999999], [-70.783582, 41.201219], [-70.80595, 41.19874200000001], [-70.823645, 41.20064899999999], [-70.847746, 41.20581399999999], [-70.866343, 41.215397], [-70.874474, 41.221380999999994], [-70.877327, 41.224143999999995], [-70.884973, 41.23378399999999], [-70.890541, 41.24309099999999], [-70.89245700000001, 41.25011200000001], [-70.894203, 41.25943899999999], [-70.893595, 41.267993999999995], [-70.890337, 41.27736199999999], [-70.885683, 41.28506600000001], [-70.878182, 41.29214699999999], [-70.874475, 41.29496799999998], [-70.870027, 41.29706799999999], [-70.874474, 41.30134999999999], [-70.877963, 41.30370800000001], [-70.884472, 41.31016199999997], [-70.891363, 41.318817999999986], [-70.897722, 41.327411000000005], [-70.901005, 41.334613], [-70.903815, 41.346727], [-70.903739, 41.35508000000001], [-70.901866, 41.36177], [-70.896017, 41.37014800000001], [-70.902603, 41.36761300000002], [-70.918399, 41.363033], [-70.938664, 41.353986000000006], [-70.955752, 41.35016100000001], [-70.970521, 41.34918700000001], [-70.979229, 41.349643999999984], [-70.990748, 41.351288999999994], [-70.99948, 41.354103], [-71.006315, 41.357319], [-71.014799, 41.362019999999994], [-71.020472, 41.366723], [-71.026103, 41.37169300000001], [-71.032701, 41.38027300000001], [-71.037211, 41.388908000000015], [-71.039918, 41.398259], [-71.038114, 41.405453], [-71.033604, 41.41408500000001], [-71.051854, 41.416729]]]}}, {"type": "Feature", "properties": {"district_name": "First Essex and Middlesex District", "chamber": "senate", "vintage": "2022-present", "lean_dem_share": 0.6157, "competitiveness": "Safe", "competitiveness_label": "Safe D", "party_favored": "Democratic", "url": "/district/senate-first-essex-and-middlesex-district-2022-present/"}, "geometry": {"type": "Polygon", "coordinates": [[[-71.136742, 42.55346399999999], [-71.130524, 42.583209999999994], [-71.135456, 42.59911600000001], [-71.076167, 42.60413599999999], [-71.118756, 42.66102299999999], [-71.118631, 42.661243], [-71.117321, 42.66295499999998], [-71.115584, 42.66433800000001], [-71.114817, 42.66520599999999], [-71.106025, 42.658836], [-71.105486, 42.659106999999985], [-71.105302, 42.659388], [-71.105336, 42.659822000000005], [-71.10662, 42.66129999999999], [-71.107185, 42.662323], [-71.107273, 42.66274799999998], [-71.106962, 42.663893000000016], [-71.105793, 42.664222999999986], [-71.104872, 42.66492900000001], [-71.102548, 42.665089], [-71.101634, 42.66531300000001], [-71.101332, 42.66556600000002], [-71.1001, 42.66544], [-71.099396, 42.66555200000001], [-71.099025, 42.66567700000002], [-71.09828800000001, 42.66637200000001], [-71.099913, 42.668128], [-71.101955, 42.670993], [-71.100655, 42.672826999999984], [-71.098258, 42.67224500000001], [-71.095728, 42.66992700000001], [-71.093732, 42.669515], [-71.091953, 42.66958700000001], [-71.090565, 42.669132], [-71.089703, 42.669062], [-71.088579, 42.66916899999999], [-71.087397, 42.669539999999984], [-71.08471, 42.670038999999996], [-71.082643, 42.66906399999999], [-71.080258, 42.66879900000001], [-71.077661, 42.668138000000006], [-71.076464, 42.66763399999998], [-71.074569, 42.666411999999994], [-71.072327, 42.665754], [-71.070288, 42.66538700000002], [-71.06783300000001, 42.665209], [-71.06557100000002, 42.66529799999999], [-71.064617, 42.66554199999999], [-71.0629, 42.666305], [-71.061866, 42.66643999999996], [-71.058446, 42.66570699999999], [-71.055471, 42.665818], [-71.051629, 42.667027999999995], [-71.051833, 42.667649999999995], [-71.050752, 42.669123], [-71.050693, 42.67035800000001], [-71.048162, 42.671901], [-71.047855, 42.672456999999994], [-71.04881400000001, 42.67257899999998], [-71.049534, 42.673444], [-71.050673, 42.674423000000004], [-71.051959, 42.675237], [-71.05101900000001, 42.67570099999998], [-71.050658, 42.676289999999995], [-71.049869, 42.676811], [-71.046769, 42.678435999999984], [-71.090594, 42.71869899999999], [-71.09175, 42.71812199999999], [-71.092306, 42.71899900000002], [-71.095121, 42.72149500000001], [-71.09531, 42.722057], [-71.091753, 42.72427000000002], [-71.091669, 42.724538999999986], [-71.091998, 42.725073], [-71.093668, 42.726742000000016], [-71.095023, 42.726251999999995], [-71.095034, 42.725702000000005], [-71.096184, 42.72511000000001], [-71.095553, 42.72444600000001], [-71.096463, 42.724097], [-71.108632, 42.735281], [-71.097834, 42.73521999999999], [-71.092467, 42.737000000000016], [-71.090078, 42.736969], [-71.088064, 42.73614399999999], [-71.08191, 42.736685], [-71.07406, 42.73448599999999], [-71.072111, 42.73266800000001], [-71.058883, 42.73246300000001], [-71.058116, 42.734209], [-71.052849, 42.73988700000001], [-71.048341, 42.746144999999984], [-71.044524, 42.74903400000002], [-71.044096, 42.753214000000014], [-71.042901, 42.753978], [-71.04275, 42.75433799999999], [-71.041998, 42.754416000000006], [-71.041774, 42.754654000000016], [-71.042073, 42.755053999999994], [-71.042567, 42.757041], [-71.040017, 42.757721000000004], [-71.037965, 42.75894500000003], [-71.030065, 42.769217], [-71.026732, 42.772696999999994], [-71.024235, 42.77576000000001], [-71.021904, 42.779633], [-71.020381, 42.78429599999999], [-71.020193, 42.78727], [-71.019757, 42.78952599999999], [-71.019301, 42.790701], [-71.018708, 42.79160500000001], [-71.01703, 42.793288000000004], [-71.013256, 42.796008000000015], [-71.005525, 42.79979599999999], [-71.003435, 42.801100999999996], [-71.001711, 42.802800000000005], [-70.999834, 42.80503999999999], [-70.99875, 42.806964999999984], [-70.998616, 42.808061], [-70.998771, 42.80899900000001], [-70.999079, 42.80967400000001], [-71.00096, 42.812779], [-71.001354, 42.81496700000001], [-71.00122, 42.81701199999999], [-71.0008, 42.81810600000001], [-71.000323, 42.81864899999999], [-70.998229, 42.820433], [-70.99694, 42.821246], [-70.99506, 42.82186], [-70.99271, 42.82190699999999], [-70.99101000000002, 42.822168], [-70.986112, 42.82372999999999], [-70.981726, 42.824404000000015], [-70.97872, 42.824589], [-70.97242300000002, 42.823943], [-70.965749, 42.821015999999986], [-70.963576, 42.82033499999999], [-70.961458, 42.819894000000005], [-70.957867, 42.819714000000005], [-70.953048, 42.819936], [-70.948019, 42.82037100000001], [-70.945041, 42.82083000000001], [-70.940294, 42.822548000000005], [-70.938944, 42.823326000000016], [-70.936991, 42.825631], [-70.933888, 42.828017], [-70.933131, 42.829249000000004], [-70.932354, 42.831072000000006], [-70.931461, 42.83218899999999], [-70.928788, 42.83457200000001], [-70.925222, 42.83846], [-70.923302, 42.839904], [-70.922146, 42.84055699999999], [-70.920842, 42.84103900000001], [-70.91931500000001, 42.841273000000015], [-70.917638, 42.84128299999999], [-70.915689, 42.840669], [-70.914559, 42.838791], [-70.913775, 42.836256], [-70.912901, 42.835152], [-70.912199, 42.834691], [-70.910336, 42.834024], [-70.908311, 42.833645000000004], [-70.904946, 42.83372799999999], [-70.904198, 42.83389], [-70.899832, 42.847386000000014], [-70.914631, 42.88664799999999], [-70.903533, 42.88677800000001], [-70.885602, 42.882834], [-70.847718, 42.86086699999999], [-70.836725, 42.864680000000014], [-70.829693, 42.868725000000005], [-70.820238, 42.87178700000001], [-70.81697900000002, 42.87194800000001], [-70.812519, 42.87244300000002], [-70.792495, 42.87329100000001], [-70.749494, 42.87469399999999], [-70.735005, 42.87468500000001], [-70.738642, 42.869254999999995], [-70.746282, 42.860842999999996], [-70.74883, 42.858831], [-70.747134, 42.853712], [-70.746262, 42.850166000000016], [-70.746166, 42.84755500000001], [-70.745522, 42.844442999999984], [-70.743971, 42.843174000000005], [-70.74146, 42.839664000000006], [-70.739038, 42.83581799999999], [-70.737393, 42.832607], [-70.736248, 42.82919400000001], [-70.735789, 42.82701900000001], [-70.734874, 42.824477], [-70.734409, 42.818552999999994], [-70.734312, 42.81517300000001], [-70.734488, 42.81175800000001], [-70.733892, 42.808814], [-70.73388700000001, 42.806236], [-70.733655, 42.80365900000002], [-70.734148, 42.79860500000001], [-70.73478, 42.795590999999995], [-70.737225, 42.787955999999994], [-70.731839, 42.77835699999999], [-70.73097, 42.77521200000001], [-70.730647, 42.773338], [-70.728045, 42.76788700000001], [-70.726856, 42.764039000000004], [-70.725848, 42.75902000000001], [-70.721974, 42.754270999999996], [-70.720288, 42.75186299999997], [-70.71927, 42.750095], [-70.71696, 42.74351699999999], [-70.714324, 42.73191100000002], [-70.70258, 42.72416199999999], [-70.68293, 42.72883], [-70.66131400000002, 42.73660999999999], [-70.641664, 42.739723000000005], [-70.625943, 42.739723999999995], [-70.590572, 42.73349999999999], [-70.549306, 42.724163999999995], [-70.529655, 42.70704799999999], [-70.513934, 42.680594], [-70.506074, 42.65102999999999], [-70.502143, 42.635470999999995], [-70.502143, 42.624579], [-70.511968, 42.60590700000001], [-70.521793, 42.593458999999996], [-70.531618, 42.584123], [-70.545374, 42.570119], [-70.566989, 42.56078300000001], [-70.582709, 42.553004], [-70.596464, 42.540556], [-70.60629, 42.53121999999999], [-70.617339, 42.500099], [-70.736119, 42.50010699999999], [-70.733558, 42.50395700000001], [-70.745428, 42.51319500000001], [-70.773429, 42.53570800000001], [-70.777085, 42.53946200000001], [-70.788368, 42.54954900000001], [-70.794675, 42.551169], [-70.795415, 42.551479], [-70.794805, 42.55739], [-70.793824, 42.562218], [-70.793901, 42.56293700000001], [-70.793312, 42.564263999999994], [-70.79344, 42.56438200000001], [-70.793326, 42.56454699999999], [-70.793407, 42.56509], [-70.793598, 42.565436000000005], [-70.793469, 42.5664], [-70.793158, 42.56692600000001], [-70.793271, 42.567275], [-70.793632, 42.567324], [-70.79379, 42.56759600000001], [-70.79364, 42.56777700000001], [-70.79397600000001, 42.568117000000015], [-70.793793, 42.56853999999999], [-70.794218, 42.568677], [-70.794028, 42.5692], [-70.794417, 42.569219], [-70.806935, 42.580354], [-70.810085, 42.58421799999999], [-70.813296, 42.580138999999996], [-70.819019, 42.57928600000002], [-70.820311, 42.57782200000002], [-70.827692, 42.58313100000001], [-70.835411, 42.590681000000004], [-70.901128, 42.590973000000005], [-70.922342, 42.591513], [-70.927497, 42.592228000000006], [-70.933859, 42.599580999999986], [-70.929452, 42.608979999999995], [-70.93109, 42.61244400000001], [-70.93165, 42.612496999999976], [-70.932422, 42.613238], [-70.943861, 42.60957400000001], [-70.954722, 42.605322], [-70.964667, 42.599486000000006], [-70.964863, 42.599558], [-70.974372, 42.59453899999999], [-70.986059, 42.591832000000004], [-70.985582, 42.589886], [-70.98641, 42.589706], [-70.988507, 42.587843000000014], [-70.990003, 42.58674800000001], [-70.991725, 42.586359000000016], [-70.991197, 42.585278999999986], [-70.99118, 42.58377300000001], [-70.991477, 42.58305399999999], [-70.990833, 42.582612000000005], [-70.991302, 42.581405], [-70.990746, 42.58122199999998], [-70.990501, 42.58174300000001], [-70.990262, 42.58181100000001], [-70.990039, 42.58166800000001], [-70.989851, 42.58083899999999], [-70.99015, 42.58045499999999], [-70.99091, 42.58001000000001], [-70.991274, 42.57921400000001], [-70.991687, 42.578975], [-70.991809, 42.578414000000016], [-70.993069, 42.578190000000006], [-70.99329, 42.57762199999998], [-70.993015, 42.57750999999999], [-70.992945, 42.577145000000016], [-70.992602, 42.576946000000014], [-70.99259, 42.576737999999985], [-70.99275, 42.576591], [-70.993298, 42.57663399999999], [-70.993113, 42.576166], [-70.99351, 42.575647000000004], [-70.993891, 42.575587999999996], [-70.993637, 42.575140999999995], [-70.993036, 42.57490400000001], [-70.993154, 42.574238000000015], [-70.993881, 42.57369], [-70.995089, 42.573702999999995], [-70.994408, 42.57244500000001], [-70.995923, 42.57221299999999], [-70.995073, 42.57154400000002], [-70.995158, 42.57127800000001], [-70.995518, 42.57158199999998], [-70.99588, 42.571001], [-70.996363, 42.57093900000002], [-70.996469, 42.571082000000004], [-70.996228, 42.571535000000004], [-70.996767, 42.57128], [-70.996687, 42.57098300000001], [-70.997017, 42.570217], [-70.995843, 42.57016500000001], [-70.996004, 42.569898], [-70.996472, 42.570007000000025], [-70.996512, 42.569769], [-70.996877, 42.569573000000005], [-70.996392, 42.56919900000001], [-70.996404, 42.56893100000001], [-70.996666, 42.568806999999985], [-70.997195, 42.569105999999984], [-70.997351, 42.568886], [-70.997044, 42.568666], [-70.997374, 42.56838299999999], [-70.997936, 42.56835199999999], [-70.997069, 42.56788000000002], [-70.997056, 42.56771600000002], [-70.997915, 42.567045], [-70.9987, 42.567041], [-70.999432, 42.566776], [-71.000123, 42.566229000000014], [-71.000635, 42.56624099999999], [-71.001284, 42.56554400000001], [-71.002032, 42.56557600000001], [-71.002003, 42.565047], [-71.002297, 42.564018999999995], [-71.00286, 42.56332900000001], [-71.00301, 42.563382999999995], [-71.00328, 42.564265999999996], [-71.003261, 42.56497499999999], [-71.003438, 42.56507400000002], [-71.004022, 42.565195], [-71.006354, 42.56497900000001], [-71.007487, 42.56463099999999], [-71.008194, 42.5641], [-71.008714, 42.564122999999995], [-71.009127, 42.564724000000005], [-71.009777, 42.564852], [-71.011463, 42.56572900000002], [-71.012599, 42.566104], [-71.014317, 42.56715], [-71.015131, 42.567893], [-71.018656, 42.568025], [-71.020004, 42.568343], [-71.020266, 42.56856199999999], [-71.020929, 42.568692999999996], [-71.021201, 42.56988999999999], [-71.023251, 42.570391], [-71.02358, 42.570323], [-71.02406, 42.569450999999994], [-71.024445, 42.569356000000006], [-71.027246, 42.56959599999999], [-71.029317, 42.56997899999999], [-71.02981, 42.565157], [-71.034847, 42.56550000000002], [-71.035498, 42.57062], [-71.036818, 42.57173200000001], [-71.03733100000001, 42.57168699999998], [-71.037663, 42.57116400000001], [-71.039655, 42.571356000000016], [-71.040098, 42.571589], [-71.04026, 42.572508], [-71.041411, 42.573454000000005], [-71.042978, 42.573265], [-71.043516, 42.573529], [-71.043762, 42.573839], [-71.044145, 42.57390300000001], [-71.044322, 42.573817000000005], [-71.044821, 42.572830999999994], [-71.046307, 42.572593], [-71.047278, 42.571991], [-71.048637, 42.571473], [-71.049247, 42.57102900000001], [-71.049753, 42.571090999999996], [-71.050534, 42.57172299999997], [-71.050665, 42.571288], [-71.050836, 42.57124400000001], [-71.051077, 42.571819], [-71.05146, 42.571587000000015], [-71.051938, 42.572126000000004], [-71.052318, 42.57162], [-71.052772, 42.571372], [-71.052875, 42.57153299999999], [-71.052462, 42.571787], [-71.0527, 42.572092], [-71.052649, 42.57233300000001], [-71.053431, 42.572321], [-71.053737, 42.572508], [-71.053046, 42.57258899999999], [-71.0531, 42.57307900000001], [-71.054016, 42.573044], [-71.054829, 42.574028], [-71.055066, 42.574032999999986], [-71.055548, 42.573653], [-71.056184, 42.57366200000001], [-71.057125, 42.57404100000001], [-71.064937, 42.56211600000001], [-71.070978, 42.55588899999999], [-71.08989, 42.55822199999999], [-71.09278100000002, 42.559249999999984], [-71.103711, 42.564962], [-71.103846, 42.56558900000001], [-71.104063, 42.565853], [-71.103998, 42.56621100000003], [-71.104189, 42.566489999999995], [-71.104379, 42.566431], [-71.104712, 42.56664700000002], [-71.104985, 42.566393000000005], [-71.104818, 42.56618999999997], [-71.105089, 42.565847000000005], [-71.105636, 42.56587600000001], [-71.106085, 42.565525], [-71.10603700000001, 42.565300999999984], [-71.107078, 42.564955000000005], [-71.108529, 42.56405899999998], [-71.108705, 42.563676], [-71.108605, 42.562974000000004], [-71.109171, 42.562673], [-71.109624, 42.561889], [-71.110162, 42.56143099999999], [-71.111252, 42.56113], [-71.11219, 42.56114499999999], [-71.1126, 42.560896], [-71.113005, 42.56109299999999], [-71.113171, 42.56086199999999], [-71.113595, 42.56114199999998], [-71.113505, 42.561299], [-71.113654, 42.56141400000001], [-71.114199, 42.561299], [-71.114062, 42.561161000000006], [-71.11427300000001, 42.56103499999999], [-71.11448, 42.561177], [-71.115215, 42.561203], [-71.11514, 42.56162600000001], [-71.115432, 42.561600000000006], [-71.115459, 42.56176800000001], [-71.11603, 42.56196099999998], [-71.116215, 42.561786000000005], [-71.116356, 42.561907], [-71.116646, 42.561844000000015], [-71.116724, 42.561581999999994], [-71.11695, 42.56150999999998], [-71.118533, 42.561344], [-71.11862, 42.560516], [-71.119312, 42.560138], [-71.11955700000001, 42.560331999999995], [-71.120109, 42.560230999999995], [-71.12069, 42.56056199999999], [-71.120957, 42.560044999999995], [-71.121156, 42.56010800000001], [-71.12167800000002, 42.559882], [-71.121812, 42.55970700000002], [-71.121798, 42.559208999999996], [-71.122161, 42.559219], [-71.122309, 42.55893499999999], [-71.123163, 42.558514], [-71.123226, 42.55827500000001], [-71.12398, 42.558232999999994], [-71.123946, 42.557741], [-71.124461, 42.557482], [-71.124393, 42.55695800000001], [-71.125298, 42.556967], [-71.125578, 42.55676799999999], [-71.12609, 42.556873], [-71.1263, 42.55655400000003], [-71.125707, 42.55628500000001], [-71.126363, 42.555988999999975], [-71.126346, 42.55557100000001], [-71.126988, 42.554922999999995], [-71.127076, 42.554654], [-71.126926, 42.554154000000025], [-71.127568, 42.554441000000004], [-71.128593, 42.554481], [-71.129242, 42.554735], [-71.129553, 42.554629], [-71.129444, 42.55431999999998], [-71.129739, 42.554136000000014], [-71.129389, 42.55391500000001], [-71.12947200000002, 42.55364299999999], [-71.13011, 42.553500000000014], [-71.130269, 42.55356099999998], [-71.130272, 42.55385100000003], [-71.130708, 42.553934000000005], [-71.130677, 42.55375900000001], [-71.131013, 42.5536], [-71.131024, 42.553008000000005], [-71.131227, 42.55266699999999], [-71.131675, 42.552885999999994], [-71.131974, 42.553416], [-71.132465, 42.553263], [-71.132407, 42.552731], [-71.133014, 42.55297500000001], [-71.133499, 42.55251399999999], [-71.134231, 42.552458999999985], [-71.134332, 42.552571], [-71.134136, 42.552586000000005], [-71.134381, 42.552710000000005], [-71.136121, 42.552226000000005], [-71.136478, 42.552367], [-71.136742, 42.55346399999999]]]}}, {"type": "Feature", "properties": {"district_name": "Second Essex and Middlesex District", "chamber": "senate", "vintage": "2022-present", "lean_dem_share": 0.5742, "competitiveness": "Likely", "competitiveness_label": "Likely D", "party_favored": "Democratic", "url": "/district/senate-second-essex-and-middlesex-district-2022-present/"}, "geometry": {"type": "Polygon", "coordinates": [[[-71.296294, 42.612671], [-71.283427, 42.61529900000001], [-71.277791, 42.62084700000002], [-71.274709, 42.62885899999998], [-71.271188, 42.644241999999984], [-71.271446, 42.64609200000002], [-71.271682, 42.646305], [-71.27170700000002, 42.64801799999999], [-71.272018, 42.64921600000001], [-71.275154, 42.656216], [-71.272607, 42.656664], [-71.26434700000001, 42.657667], [-71.261963, 42.657483], [-71.258482, 42.65692299999999], [-71.256733, 42.657001], [-71.254966, 42.657775], [-71.252879, 42.659544000000004], [-71.250763, 42.66078200000001], [-71.249479, 42.66110100000001], [-71.24682, 42.66101400000001], [-71.245454, 42.661195000000006], [-71.244172, 42.661514000000004], [-71.24249, 42.662345999999985], [-71.24189, 42.66289600000002], [-71.241409, 42.663685], [-71.240397, 42.66673], [-71.239285, 42.66819500000001], [-71.238103, 42.669490999999994], [-71.235607, 42.67116200000001], [-71.234094, 42.672518000000004], [-71.228663, 42.67921299999999], [-71.226074, 42.684431999999994], [-71.225649, 42.685783], [-71.225389, 42.68686699999999], [-71.224807, 42.69342999999999], [-71.224622, 42.693934], [-71.220524, 42.699235000000016], [-71.219821, 42.699806], [-71.218173, 42.700630000000004], [-71.214948, 42.701261], [-71.212079, 42.70108499999999], [-71.20249, 42.698910000000005], [-71.194549, 42.69838299999999], [-71.190985, 42.69742900000001], [-71.188862, 42.69626800000001], [-71.185503, 42.675868], [-71.151213, 42.681707], [-71.134452, 42.67677799999999], [-71.133584, 42.679428], [-71.139402, 42.684477], [-71.1383, 42.68470599999999], [-71.137787, 42.685046000000014], [-71.137998, 42.685323], [-71.139177, 42.68515], [-71.139465, 42.685344], [-71.139297, 42.685694], [-71.138824, 42.685732], [-71.138317, 42.68618099999999], [-71.138291, 42.686036], [-71.138121, 42.686044], [-71.137949, 42.686403], [-71.137679, 42.686438], [-71.137908, 42.686571], [-71.137981, 42.68690099999999], [-71.138333, 42.686848000000005], [-71.13844, 42.68664999999998], [-71.139202, 42.68673499999999], [-71.139457, 42.68678], [-71.139809, 42.68718599999999], [-71.139193, 42.68773800000001], [-71.138968, 42.687705], [-71.138868, 42.68745100000001], [-71.138499, 42.687594], [-71.138523, 42.688285], [-71.138385, 42.688325], [-71.138555, 42.68846000000001], [-71.138372, 42.68861299999999], [-71.138508, 42.688837], [-71.13828, 42.68907500000001], [-71.137936, 42.689021], [-71.137866, 42.68921999999999], [-71.137319, 42.689343000000015], [-71.13729, 42.689582], [-71.137428, 42.689485], [-71.137532, 42.689595000000004], [-71.137173, 42.689817], [-71.137222, 42.690036000000006], [-71.137392, 42.68995199999999], [-71.13745200000001, 42.69007299999999], [-71.137296, 42.69041299999999], [-71.137678, 42.69060900000001], [-71.137394, 42.690820000000016], [-71.137503, 42.691089999999996], [-71.13732, 42.691136], [-71.137637, 42.691286999999996], [-71.137522, 42.69140599999999], [-71.137599, 42.69164900000001], [-71.137897, 42.69153800000001], [-71.137922, 42.69182099999999], [-71.137712, 42.691880999999995], [-71.137863, 42.691925], [-71.137743, 42.69203900000001], [-71.13798, 42.69226], [-71.137818, 42.692282], [-71.138022, 42.692398000000004], [-71.137936, 42.69250700000001], [-71.138637, 42.692756], [-71.139296, 42.69274300000002], [-71.139219, 42.69320900000002], [-71.140009, 42.69351700000001], [-71.140169, 42.693419999999996], [-71.140264, 42.69366300000003], [-71.140418, 42.69358900000001], [-71.140597, 42.69385299999999], [-71.141674, 42.69412], [-71.141703, 42.694316999999984], [-71.143149, 42.69420000000001], [-71.143395, 42.69702800000001], [-71.144903, 42.697756999999996], [-71.145005, 42.697947], [-71.14546, 42.698062000000014], [-71.145446, 42.698194999999984], [-71.145718, 42.698169000000014], [-71.145857, 42.69848099999999], [-71.14547, 42.698757000000015], [-71.144976, 42.698746], [-71.144822, 42.69910999999999], [-71.144381, 42.699262999999995], [-71.142778, 42.698923000000015], [-71.142372, 42.69938399999999], [-71.14089, 42.703345000000006], [-71.139323, 42.70340400000001], [-71.137116, 42.70438700000002], [-71.137525, 42.704806], [-71.137559, 42.706525], [-71.136292, 42.707214], [-71.13455, 42.70941500000001], [-71.133956, 42.71041400000001], [-71.133454, 42.71248], [-71.133498, 42.713549000000015], [-71.133843, 42.715086], [-71.13475800000002, 42.717271000000004], [-71.134966, 42.718222], [-71.134909, 42.719891], [-71.134458, 42.721162], [-71.133696, 42.72199700000001], [-71.130706, 42.724451], [-71.12681, 42.72835700000001], [-71.124461, 42.731654], [-71.121623, 42.73384899999999], [-71.118606, 42.736622999999994], [-71.116448, 42.739085999999986], [-71.115819, 42.740261], [-71.115556, 42.74132900000001], [-71.115624, 42.742224], [-71.11644100000001, 42.74423800000001], [-71.119345, 42.747575], [-71.121389, 42.74954599999999], [-71.125581, 42.752044], [-71.127588, 42.754670000000004], [-71.124739, 42.757111000000016], [-71.123274, 42.759197], [-71.122617, 42.76097], [-71.120786, 42.768437000000006], [-71.114212, 42.76822000000001], [-71.109886, 42.766708000000015], [-71.10738200000002, 42.764497999999996], [-71.103702, 42.76259], [-71.099602, 42.76238999999999], [-71.095898, 42.763391], [-71.093587, 42.765892999999984], [-71.086961, 42.770597000000016], [-71.08618, 42.770813000000004], [-71.084101, 42.77179000000002], [-71.076184, 42.773669000000005], [-71.076382, 42.774454], [-71.074019, 42.774488999999996], [-71.071489, 42.774157], [-71.069759, 42.77375599999999], [-71.068271, 42.773036999999995], [-71.067803, 42.77336799999999], [-71.06906, 42.774366999999984], [-71.071118, 42.775539], [-71.070824, 42.775525000000016], [-71.070311, 42.776013000000006], [-71.069492, 42.777836], [-71.071544, 42.778256999999996], [-71.071191, 42.77905299999999], [-71.07126, 42.779484999999994], [-71.072959, 42.78405599999999], [-71.071965, 42.784876], [-71.076505, 42.789424999999994], [-71.077902, 42.79054399999999], [-71.078809, 42.790833], [-71.082555, 42.79145899999998], [-71.082847, 42.79207000000001], [-71.087406, 42.79011], [-71.087655, 42.78726600000001], [-71.087425, 42.786061], [-71.086788, 42.78448899999999], [-71.090349, 42.78353200000001], [-71.087857, 42.77916900000001], [-71.087162, 42.77758200000001], [-71.089343, 42.777463], [-71.090452, 42.778276999999996], [-71.091122, 42.780486999999994], [-71.092738, 42.78300599999999], [-71.094975, 42.782419999999995], [-71.094276, 42.780933000000005], [-71.094185, 42.780409000000006], [-71.095261, 42.780300000000025], [-71.095137, 42.778823999999986], [-71.098905, 42.779002000000006], [-71.10125, 42.77837599999999], [-71.107119, 42.774369], [-71.108485, 42.77373000000001], [-71.109126, 42.773680999999996], [-71.110354, 42.773907999999984], [-71.113089, 42.77500800000001], [-71.115637, 42.77557], [-71.11609, 42.772476000000005], [-71.117191, 42.773122999999984], [-71.118613, 42.773661], [-71.114635, 42.782955999999984], [-71.118788, 42.78405], [-71.121836, 42.78445800000001], [-71.127075, 42.784305], [-71.12832, 42.782078999999996], [-71.128656, 42.781049], [-71.12895800000001, 42.776794000000024], [-71.129146, 42.776622999999994], [-71.128766, 42.775231], [-71.128152, 42.77536800000001], [-71.128085, 42.77524699999999], [-71.128306, 42.774145], [-71.129399, 42.774222000000016], [-71.130376, 42.77386700000001], [-71.131282, 42.77302000000004], [-71.131519, 42.77218500000001], [-71.13160300000001, 42.770746], [-71.13143, 42.76985500000001], [-71.130806, 42.768259], [-71.130139, 42.767247], [-71.129769, 42.76629500000002], [-71.1298, 42.76445100000001], [-71.13006, 42.76270000000001], [-71.130426, 42.76218599999999], [-71.13065, 42.76079699999999], [-71.182398, 42.79433000000001], [-71.166647, 42.80888100000001], [-71.147939, 42.816176], [-71.132805, 42.821476000000004], [-71.064416, 42.80627499999997], [-71.054005, 42.83328199999999], [-71.04492, 42.848667000000006], [-71.031201, 42.859086999999995], [-71.023519, 42.860530999999995], [-71.016339, 42.86168200000001], [-70.967018, 42.86880000000001], [-70.948984, 42.87619099999999], [-70.929594, 42.885032000000045], [-70.914631, 42.88664799999999], [-70.899832, 42.847386000000014], [-70.904198, 42.83389], [-70.904946, 42.83372799999999], [-70.908311, 42.833645000000004], [-70.910336, 42.834024], [-70.912199, 42.834691], [-70.912901, 42.835152], [-70.913775, 42.836256], [-70.914559, 42.838791], [-70.915689, 42.840669], [-70.917638, 42.84128299999999], [-70.91931500000001, 42.841273000000015], [-70.920842, 42.84103900000001], [-70.922146, 42.84055699999999], [-70.923302, 42.839904], [-70.925222, 42.83846], [-70.928788, 42.83457200000001], [-70.931461, 42.83218899999999], [-70.932354, 42.831072000000006], [-70.933131, 42.829249000000004], [-70.933888, 42.828017], [-70.936991, 42.825631], [-70.938944, 42.823326000000016], [-70.940294, 42.822548000000005], [-70.945041, 42.82083000000001], [-70.948019, 42.82037100000001], [-70.953048, 42.819936], [-70.957867, 42.819714000000005], [-70.961458, 42.819894000000005], [-70.963576, 42.82033499999999], [-70.965749, 42.821015999999986], [-70.97242300000002, 42.823943], [-70.97872, 42.824589], [-70.981726, 42.824404000000015], [-70.986112, 42.82372999999999], [-70.99101000000002, 42.822168], [-70.99271, 42.82190699999999], [-70.99506, 42.82186], [-70.99694, 42.821246], [-70.998229, 42.820433], [-71.000323, 42.81864899999999], [-71.0008, 42.81810600000001], [-71.00122, 42.81701199999999], [-71.001354, 42.81496700000001], [-71.00096, 42.812779], [-70.999079, 42.80967400000001], [-70.998771, 42.80899900000001], [-70.998616, 42.808061], [-70.99875, 42.806964999999984], [-70.999834, 42.80503999999999], [-71.001711, 42.802800000000005], [-71.003435, 42.801100999999996], [-71.005525, 42.79979599999999], [-71.013256, 42.796008000000015], [-71.01703, 42.793288000000004], [-71.018708, 42.79160500000001], [-71.019301, 42.790701], [-71.019757, 42.78952599999999], [-71.020193, 42.78727], [-71.020381, 42.78429599999999], [-71.021904, 42.779633], [-71.024235, 42.77576000000001], [-71.026732, 42.772696999999994], [-71.030065, 42.769217], [-71.037965, 42.75894500000003], [-71.040017, 42.757721000000004], [-71.042567, 42.757041], [-71.042073, 42.755053999999994], [-71.041774, 42.754654000000016], [-71.041998, 42.754416000000006], [-71.04275, 42.75433799999999], [-71.042901, 42.753978], [-71.044096, 42.753214000000014], [-71.044524, 42.74903400000002], [-71.048341, 42.746144999999984], [-71.052849, 42.73988700000001], [-71.058116, 42.734209], [-71.058883, 42.73246300000001], [-71.072111, 42.73266800000001], [-71.07406, 42.73448599999999], [-71.08191, 42.736685], [-71.088064, 42.73614399999999], [-71.090078, 42.736969], [-71.092467, 42.737000000000016], [-71.097834, 42.73521999999999], [-71.108632, 42.735281], [-71.096463, 42.724097], [-71.095553, 42.72444600000001], [-71.096184, 42.72511000000001], [-71.095034, 42.725702000000005], [-71.095023, 42.726251999999995], [-71.093668, 42.726742000000016], [-71.091998, 42.725073], [-71.091669, 42.724538999999986], [-71.091753, 42.72427000000002], [-71.09531, 42.722057], [-71.095121, 42.72149500000001], [-71.092306, 42.71899900000002], [-71.09175, 42.71812199999999], [-71.090594, 42.71869899999999], [-71.046769, 42.678435999999984], [-71.049869, 42.676811], [-71.050658, 42.676289999999995], [-71.05101900000001, 42.67570099999998], [-71.051959, 42.675237], [-71.050673, 42.674423000000004], [-71.049534, 42.673444], [-71.04881400000001, 42.67257899999998], [-71.047855, 42.672456999999994], [-71.048162, 42.671901], [-71.050693, 42.67035800000001], [-71.050752, 42.669123], [-71.051833, 42.667649999999995], [-71.051629, 42.667027999999995], [-71.055471, 42.665818], [-71.058446, 42.66570699999999], [-71.061866, 42.66643999999996], [-71.0629, 42.666305], [-71.064617, 42.66554199999999], [-71.06557100000002, 42.66529799999999], [-71.06783300000001, 42.665209], [-71.070288, 42.66538700000002], [-71.072327, 42.665754], [-71.074569, 42.666411999999994], [-71.076464, 42.66763399999998], [-71.077661, 42.668138000000006], [-71.080258, 42.66879900000001], [-71.082643, 42.66906399999999], [-71.08471, 42.670038999999996], [-71.087397, 42.669539999999984], [-71.088579, 42.66916899999999], [-71.089703, 42.669062], [-71.090565, 42.669132], [-71.091953, 42.66958700000001], [-71.093732, 42.669515], [-71.095728, 42.66992700000001], [-71.098258, 42.67224500000001], [-71.100655, 42.672826999999984], [-71.101955, 42.670993], [-71.099913, 42.668128], [-71.09828800000001, 42.66637200000001], [-71.099025, 42.66567700000002], [-71.099396, 42.66555200000001], [-71.1001, 42.66544], [-71.101332, 42.66556600000002], [-71.101634, 42.66531300000001], [-71.102548, 42.665089], [-71.104872, 42.66492900000001], [-71.105793, 42.664222999999986], [-71.106962, 42.663893000000016], [-71.107273, 42.66274799999998], [-71.107185, 42.662323], [-71.10662, 42.66129999999999], [-71.105336, 42.659822000000005], [-71.105302, 42.659388], [-71.105486, 42.659106999999985], [-71.106025, 42.658836], [-71.114817, 42.66520599999999], [-71.115584, 42.66433800000001], [-71.117321, 42.66295499999998], [-71.118703, 42.66112599999999], [-71.118756, 42.66102299999999], [-71.076167, 42.60413599999999], [-71.135456, 42.59911600000001], [-71.130524, 42.583209999999994], [-71.136742, 42.55346399999999], [-71.131295, 42.53182000000002], [-71.170033, 42.515537], [-71.192952, 42.534519999999965], [-71.195119, 42.53566400000001], [-71.197738, 42.53841400000001], [-71.199747, 42.53949399999999], [-71.20503200000002, 42.54447299999999], [-71.205192, 42.544932], [-71.206629, 42.545909999999985], [-71.207057, 42.54581100000001], [-71.209808, 42.546016999999985], [-71.212372, 42.547544], [-71.210599, 42.547665], [-71.20983, 42.551444000000004], [-71.210608, 42.552732], [-71.211391, 42.553071], [-71.208872, 42.554536], [-71.218017, 42.56101799999999], [-71.218672, 42.56165099999999], [-71.21781500000002, 42.561493000000006], [-71.21753, 42.561851], [-71.217755, 42.562005], [-71.217697, 42.562176], [-71.216906, 42.561901], [-71.216437, 42.562079000000004], [-71.216754, 42.562439], [-71.215701, 42.562616000000006], [-71.215536, 42.56329800000001], [-71.215841, 42.56358099999999], [-71.215811, 42.563773], [-71.215314, 42.563938000000014], [-71.215376, 42.56425000000001], [-71.215248, 42.56441199999999], [-71.214635, 42.564603000000005], [-71.21528, 42.564949999999996], [-71.214835, 42.565055999999984], [-71.214425, 42.56495700000001], [-71.214262, 42.56514], [-71.214935, 42.56590600000001], [-71.214963, 42.566067999999994], [-71.214448, 42.566177999999994], [-71.21443, 42.56633599999999], [-71.215063, 42.566944], [-71.214973, 42.567747], [-71.215314, 42.57034500000001], [-71.214878, 42.570744999999974], [-71.214463, 42.57080799999999], [-71.214432, 42.57103000000001], [-71.213681, 42.571178], [-71.212635, 42.57232], [-71.21278900000001, 42.572508], [-71.212668, 42.572717], [-71.212004, 42.572595999999976], [-71.211705, 42.57318600000001], [-71.211389, 42.57304299999999], [-71.211127, 42.573312999999985], [-71.296294, 42.612671]]]}}, {"type": "Feature", "properties": {"district_name": "Berkshire-Hampden-Franklin-Hampshire District", "chamber": "senate", "vintage": "2022-present", "lean_dem_share": 0.6714, "competitiveness": "Safe", "competitiveness_label": "Safe D", "party_favored": "Democratic", "url": "/district/senate-berkshire-hampden-franklin-hampshire-district-2022-present/"}, "geometry": {"type": "Polygon", "coordinates": [[[-73.50821, 42.08613400000002], [-73.483416, 42.154448000000016], [-73.383601, 42.425662999999986], [-73.309828, 42.625080999999994], [-73.264827, 42.745851], [-73.1416, 42.74357400000001], [-72.897653, 42.738604], [-72.809113, 42.736581000000015], [-72.674693, 42.73289199999999], [-72.67256, 42.72239], [-72.672536, 42.721379999999996], [-72.672103, 42.719387000000005], [-72.671273, 42.718152999999994], [-72.669927, 42.71684900000002], [-72.669771, 42.71563900000001], [-72.67007, 42.714902], [-72.67041, 42.713077], [-72.672312, 42.712559], [-72.672469, 42.71224500000001], [-72.67231, 42.71188699999999], [-72.672514, 42.71092300000001], [-72.672636, 42.71075799999999], [-72.673533, 42.71064899999999], [-72.673905, 42.710254], [-72.673955, 42.709737999999994], [-72.674529, 42.70830999999998], [-72.674218, 42.708158], [-72.671331, 42.70817100000001], [-72.6706, 42.70792799999998], [-72.670517, 42.70749199999999], [-72.670871, 42.70641799999999], [-72.67094, 42.70488299999999], [-72.670794, 42.70344300000001], [-72.669939, 42.70262100000001], [-72.66770500000001, 42.701304999999984], [-72.667021, 42.70061299999998], [-72.666193, 42.70035], [-72.665587, 42.699801], [-72.665411, 42.69942], [-72.665401, 42.698547999999995], [-72.664772, 42.69794], [-72.663742, 42.697295], [-72.66380300000002, 42.696168], [-72.662336, 42.694449000000034], [-72.662272, 42.69422599999999], [-72.662944, 42.693639999999995], [-72.662823, 42.69297799999999], [-72.66238, 42.692450999999984], [-72.660587, 42.69179], [-72.657063, 42.690971], [-72.655231, 42.68971899999998], [-72.655068, 42.689011000000036], [-72.655367, 42.68828400000001], [-72.656221, 42.687025000000006], [-72.656287, 42.68673299999999], [-72.656139, 42.686367000000004], [-72.655766, 42.686107], [-72.65283, 42.685709], [-72.652399, 42.685568999999994], [-72.652061, 42.68510500000001], [-72.652289, 42.684292], [-72.652802, 42.683699999999995], [-72.654125, 42.68361100000002], [-72.655029, 42.68299300000001], [-72.655384, 42.681226], [-72.653097, 42.67992600000001], [-72.652733, 42.679258999999995], [-72.652245, 42.677126999999984], [-72.65197, 42.67662200000001], [-72.649748, 42.675294], [-72.646793, 42.674732], [-72.642964, 42.67293099999999], [-72.642191, 42.671974000000006], [-72.641689, 42.67087200000002], [-72.641039, 42.67026799999999], [-72.640354, 42.670082999999984], [-72.637384, 42.67002000000001], [-72.6368, 42.66979700000001], [-72.636071, 42.66911000000001], [-72.635272, 42.66770000000001], [-72.633493, 42.66632700000002], [-72.633357, 42.66600600000001], [-72.633505, 42.665776], [-72.63321700000002, 42.665403000000005], [-72.632596, 42.66519], [-72.631583, 42.665132], [-72.631181, 42.66479600000001], [-72.631119, 42.66371], [-72.631435, 42.662776999999984], [-72.63308800000001, 42.661598000000005], [-72.633229, 42.66099799999999], [-72.632647, 42.66067399999998], [-72.630827, 42.660129999999995], [-72.628116, 42.659853000000005], [-72.62719600000001, 42.659530999999994], [-72.626735, 42.65919199999998], [-72.625373, 42.657775], [-72.62459, 42.656369000000005], [-72.624529, 42.655989999999996], [-72.624706, 42.65559300000001], [-72.625885, 42.65492600000001], [-72.62613, 42.65469600000001], [-72.626215, 42.654332000000004], [-72.625352, 42.65333399999999], [-72.62464, 42.65191800000001], [-72.62461, 42.651394999999994], [-72.623427, 42.65089900000002], [-72.62290500000002, 42.650978], [-72.622249, 42.65133800000003], [-72.621687, 42.651068000000016], [-72.621174, 42.649903], [-72.620531, 42.64933800000001], [-72.619887, 42.649065], [-72.619554, 42.648596000000005], [-72.620865, 42.647469], [-72.620898, 42.646872], [-72.63304, 42.645351], [-72.64838, 42.583219], [-72.649929, 42.576874], [-72.636821, 42.57798499999999], [-72.638879, 42.570018], [-72.651974, 42.56863], [-72.655344, 42.55523500000001], [-72.675419, 42.55302600000001], [-72.674682, 42.552535999999996], [-72.673, 42.55186500000001], [-72.669244, 42.551453], [-72.667366, 42.550427], [-72.6647, 42.54941999999999], [-72.663652, 42.548802999999985], [-72.662249, 42.54671], [-72.661018, 42.544187000000015], [-72.659698, 42.543123999999985], [-72.656279, 42.540979], [-72.65565, 42.54041200000001], [-72.652227, 42.53382400000002], [-72.648742, 42.52942900000001], [-72.660911, 42.48024800000002], [-72.662769, 42.469262000000015], [-72.632426, 42.472877], [-72.631496, 42.468269], [-72.623614, 42.469048], [-72.623731, 42.469933000000005], [-72.611145, 42.47117999999999], [-72.609232, 42.46397499999999], [-72.585455, 42.466834], [-72.587477, 42.462354000000005], [-72.589083, 42.456537999999995], [-72.589558, 42.45251499999999], [-72.58936, 42.44860799999999], [-72.58793, 42.443375999999994], [-72.585506, 42.43558799999999], [-72.584336, 42.432379000000005], [-72.583018, 42.427584999999986], [-72.581103, 42.422579000000006], [-72.585585, 42.42314399999999], [-72.622315, 42.41510799999999], [-72.629147, 42.414871999999995], [-72.629085, 42.414311000000005], [-72.669138, 42.409710999999994], [-72.672126, 42.37135299999999], [-72.741217, 42.36272999999999], [-72.735758, 42.266518], [-72.81440500000001, 42.25681900000002], [-72.813422, 42.245003999999994], [-72.857634, 42.240480000000005], [-72.864279, 42.23226599999999], [-72.868418, 42.22374799999999], [-72.87218, 42.216438999999994], [-72.874469, 42.20677600000001], [-72.895663, 42.12391699999999], [-72.853897, 42.11500600000001], [-72.839319, 42.111726999999995], [-72.837212, 42.10221800000001], [-72.705989, 42.08079700000001], [-72.70673, 42.073792000000005], [-72.706154, 42.07347], [-72.708078, 42.06448399999999], [-72.70763, 42.059245000000004], [-72.708075, 42.05554300000001], [-72.709555, 42.052075], [-72.710975, 42.049806000000004], [-72.711596, 42.048126999999994], [-72.712619, 42.043941000000004], [-72.712461, 42.04122400000001], [-72.713119, 42.038908], [-72.714561, 42.03691100000001], [-72.714558, 42.03655299999999], [-72.755894, 42.03634899999998], [-72.756046, 42.034943], [-72.756802, 42.03438599999999], [-72.75690600000001, 42.033799], [-72.75730100000001, 42.033381000000006], [-72.754641, 42.03259500000001], [-72.752553, 42.031249], [-72.751944, 42.03013000000001], [-72.752062, 42.02902499999999], [-72.75296700000001, 42.027815], [-72.753842, 42.027258], [-72.753908, 42.02674600000002], [-72.754536, 42.02576], [-72.75578000000002, 42.024732], [-72.756086, 42.02382699999999], [-72.756652, 42.022926], [-72.756591, 42.02187800000002], [-72.757341, 42.020979], [-72.75836, 42.020829], [-72.759232, 42.021077999999996], [-72.759232, 42.021754], [-72.759434, 42.02216300000001], [-72.760567, 42.02265], [-72.761411, 42.022713], [-72.761886, 42.02216800000001], [-72.763487, 42.02118399999999], [-72.763812, 42.02124500000001], [-72.763789, 42.02163300000002], [-72.763952, 42.02191800000001], [-72.76486, 42.02220100000001], [-72.765012, 42.02242700000001], [-72.765252, 42.022366000000005], [-72.765303, 42.021892], [-72.764587, 42.021513999999996], [-72.764477, 42.020873000000016], [-72.765369, 42.02034499999999], [-72.765806, 42.01956800000002], [-72.76556, 42.019448999999994], [-72.765141, 42.01980199999999], [-72.764629, 42.01995300000001], [-72.762947, 42.01968299999999], [-72.762453, 42.01822199999999], [-72.762018, 42.017696], [-72.760735, 42.01709999999999], [-72.760068, 42.017314999999996], [-72.759826, 42.01694400000001], [-72.759999, 42.016355999999995], [-72.759402, 42.01624200000001], [-72.759103, 42.015497], [-72.75895, 42.01546900000001], [-72.759696, 42.01511000000002], [-72.760624, 42.01569], [-72.761004, 42.01470400000002], [-72.762977, 42.01346600000001], [-72.763066, 42.011983000000015], [-72.762543, 42.011458], [-72.761918, 42.01015100000001], [-72.761392, 42.00987599999999], [-72.761501, 42.009302], [-72.76297600000001, 42.008545000000005], [-72.76487400000002, 42.008371000000004], [-72.766253, 42.00787100000001], [-72.766733, 42.00326600000002], [-72.817053, 41.997685], [-72.813784, 42.03674399999999], [-72.86364, 42.037528000000016], [-72.872302, 42.037487], [-72.873327, 42.03767599999999], [-72.979038, 42.03823700000001], [-73.036802, 42.03929399999999], [-73.129412, 42.04221199999999], [-73.233362, 42.045055], [-73.340723, 42.048365000000004], [-73.428515, 42.05047600000001], [-73.436758, 42.05051100000001], [-73.487319, 42.049525], [-73.497018, 42.049624], [-73.50821, 42.08613400000002]]]}}, {"type": "Feature", "properties": {"district_name": "Fifth Middlesex District", "chamber": "senate", "vintage": "2022-present", "lean_dem_share": 0.6624, "competitiveness": "Safe", "competitiveness_label": "Safe D", "party_favored": "Democratic", "url": "/district/senate-fifth-middlesex-district-2022-present/"}, "geometry": {"type": "Polygon", "coordinates": [[[-71.150544, 42.46429500000001], [-71.123862, 42.473392000000004], [-71.112056, 42.47381999999999], [-71.116795, 42.49463900000001], [-71.121765, 42.49872000000001], [-71.11976, 42.500291999999995], [-71.121959, 42.50427799999999], [-71.122395, 42.504153], [-71.123463, 42.506174], [-71.124176, 42.507526], [-71.123798, 42.50763399999999], [-71.123988, 42.50801400000002], [-71.135454, 42.53000099999998], [-71.131295, 42.53182000000002], [-71.136478, 42.552367], [-71.136177, 42.552227000000016], [-71.135596, 42.552279999999996], [-71.134381, 42.552710000000005], [-71.134136, 42.552586000000005], [-71.134332, 42.552571], [-71.134231, 42.552458999999985], [-71.133499, 42.55251399999999], [-71.133014, 42.55297500000001], [-71.132407, 42.552731], [-71.132465, 42.553263], [-71.131974, 42.553416], [-71.131675, 42.552885999999994], [-71.131227, 42.55266699999999], [-71.131024, 42.553008000000005], [-71.131013, 42.5536], [-71.130677, 42.55375900000001], [-71.130708, 42.553934000000005], [-71.130272, 42.55385100000003], [-71.130269, 42.55356099999998], [-71.13011, 42.553500000000014], [-71.12947200000002, 42.55364299999999], [-71.129389, 42.55391500000001], [-71.129739, 42.554136000000014], [-71.129444, 42.55431999999998], [-71.129553, 42.554629], [-71.129242, 42.554735], [-71.128593, 42.554481], [-71.127568, 42.554441000000004], [-71.126926, 42.554154000000025], [-71.127076, 42.554654], [-71.126988, 42.554922999999995], [-71.126346, 42.55557100000001], [-71.126363, 42.555988999999975], [-71.125707, 42.55628500000001], [-71.1263, 42.55655400000003], [-71.12609, 42.556873], [-71.125578, 42.55676799999999], [-71.125298, 42.556967], [-71.124393, 42.55695800000001], [-71.124461, 42.557482], [-71.123946, 42.557741], [-71.123885, 42.558308000000004], [-71.123226, 42.55827500000001], [-71.123163, 42.558514], [-71.122309, 42.55893499999999], [-71.122161, 42.559219], [-71.121798, 42.559208999999996], [-71.121812, 42.55970700000002], [-71.12167800000002, 42.559882], [-71.121156, 42.56010800000001], [-71.120957, 42.560044999999995], [-71.12069, 42.56056199999999], [-71.120109, 42.560230999999995], [-71.11955700000001, 42.560331999999995], [-71.119376, 42.56012400000001], [-71.118673, 42.56046499999999], [-71.118481, 42.56136300000001], [-71.11695, 42.56150999999998], [-71.116724, 42.561581999999994], [-71.116646, 42.561844000000015], [-71.116356, 42.561907], [-71.116215, 42.561786000000005], [-71.115977, 42.561963], [-71.115459, 42.56176800000001], [-71.115432, 42.561600000000006], [-71.11514, 42.56162600000001], [-71.115215, 42.561203], [-71.11448, 42.561177], [-71.11427300000001, 42.56103499999999], [-71.114062, 42.561161000000006], [-71.114199, 42.561299], [-71.113654, 42.56141400000001], [-71.113505, 42.561299], [-71.113595, 42.56114199999998], [-71.113171, 42.56086199999999], [-71.113005, 42.56109299999999], [-71.1126, 42.560896], [-71.11219, 42.56114499999999], [-71.111252, 42.56113], [-71.110162, 42.56143099999999], [-71.109624, 42.561889], [-71.109171, 42.562673], [-71.108605, 42.562974000000004], [-71.108705, 42.563676], [-71.108529, 42.56405899999998], [-71.107078, 42.564955000000005], [-71.10603700000001, 42.565300999999984], [-71.106085, 42.565525], [-71.105636, 42.56587600000001], [-71.105089, 42.565847000000005], [-71.104818, 42.56618999999997], [-71.104985, 42.566393000000005], [-71.104712, 42.56664700000002], [-71.104379, 42.566431], [-71.104189, 42.566489999999995], [-71.103998, 42.56621100000003], [-71.104063, 42.565853], [-71.103846, 42.56558900000001], [-71.103711, 42.564962], [-71.09278100000002, 42.559249999999984], [-71.08989, 42.55822199999999], [-71.070978, 42.55588899999999], [-71.07515, 42.531035], [-71.067567, 42.52468], [-71.067263, 42.52494200000001], [-71.067324, 42.52522099999999], [-71.067122, 42.52536999999999], [-71.066354, 42.52481], [-71.065395, 42.524779], [-71.064241, 42.52440400000001], [-71.063784, 42.52462899999999], [-71.06327600000002, 42.524659000000014], [-71.062026, 42.52427599999997], [-71.061478, 42.525034999999995], [-71.060744, 42.525239], [-71.060069, 42.52430699999999], [-71.059109, 42.524089999999994], [-71.05902, 42.523872000000004], [-71.058447, 42.523610000000005], [-71.058209, 42.523914999999995], [-71.057662, 42.52417899999999], [-71.040983, 42.52626200000001], [-71.040004, 42.525189], [-71.039167, 42.524789], [-71.03869, 42.52425900000001], [-71.038599, 42.523959999999995], [-71.038736, 42.52353800000001], [-71.039287, 42.523205], [-71.040086, 42.52223200000001], [-71.040913, 42.521718], [-71.04108, 42.520123000000005], [-71.040989, 42.51984700000001], [-71.040325, 42.519292999999976], [-71.040127, 42.518809999999995], [-71.040261, 42.51742099999999], [-71.038888, 42.51674100000001], [-71.039036, 42.51648999999999], [-71.038907, 42.516341], [-71.038516, 42.51642300000002], [-71.038296, 42.516242000000005], [-71.038274, 42.515692], [-71.039259, 42.51484100000002], [-71.039467, 42.51445799999999], [-71.038383, 42.51418899999999], [-71.038298, 42.513750000000016], [-71.037496, 42.513287], [-71.036911, 42.512541000000006], [-71.036556, 42.51243500000001], [-71.03667400000002, 42.511557999999994], [-71.036497, 42.510828], [-71.036926, 42.51045899999998], [-71.037048, 42.509999000000015], [-71.036756, 42.50997399999999], [-71.036457, 42.50969300000001], [-71.036529, 42.509508000000004], [-71.036206, 42.50926999999999], [-71.036305, 42.50900200000001], [-71.035717, 42.50862], [-71.035901, 42.50843300000001], [-71.035553, 42.508313], [-71.03563200000002, 42.50756299999998], [-71.034914, 42.50710400000001], [-71.0349, 42.506758], [-71.035404, 42.506377], [-71.035424, 42.50590900000001], [-71.035739, 42.50573599999999], [-71.035841, 42.504843], [-71.036228, 42.50461299999999], [-71.03622, 42.50420100000001], [-71.036962, 42.50353299999999], [-71.037437, 42.50330700000001], [-71.037796, 42.50338999999998], [-71.038033, 42.503165000000024], [-71.038267, 42.503261], [-71.03818, 42.502950999999996], [-71.038622, 42.502727], [-71.039751, 42.50303400000001], [-71.040604, 42.50259799999999], [-71.040982, 42.50275499999999], [-71.04124, 42.502613], [-71.042219, 42.50260599999999], [-71.042229, 42.50234300000001], [-71.042499, 42.50199599999999], [-71.043759, 42.50125199999999], [-71.043833, 42.50088000000001], [-71.043553, 42.50034699999999], [-71.043717, 42.50021600000001], [-71.043671, 42.50005699999999], [-71.043243, 42.499643000000006], [-71.042503, 42.499381], [-71.042317, 42.498799000000005], [-71.042037, 42.498537], [-71.042032, 42.49815300000001], [-71.040938, 42.497731], [-71.041085, 42.497484], [-71.040638, 42.49722100000003], [-71.040324, 42.496846], [-71.040371, 42.49654], [-71.04012, 42.49639199999999], [-71.040143, 42.496189], [-71.039854, 42.496055], [-71.045209, 42.488720000000015], [-71.050252, 42.48653299999999], [-71.052621, 42.48610199999999], [-71.054214, 42.476903], [-71.025864, 42.44474300000001], [-71.020377, 42.43824999999998], [-71.02822700000002, 42.424202], [-71.050472, 42.42288700000001], [-71.054383, 42.420027], [-71.054735, 42.42003799999999], [-71.05685, 42.41867100000002], [-71.060441, 42.416007], [-71.061584, 42.41561000000001], [-71.064559, 42.41533399999999], [-71.064507, 42.41524099999999], [-71.073296, 42.41479600000002], [-71.073196, 42.41299599999999], [-71.073574, 42.41271600000001], [-71.074734, 42.412546999999996], [-71.075332, 42.41297299999998], [-71.07549, 42.41327699999999], [-71.076296, 42.413063], [-71.077132, 42.41328500000001], [-71.07931, 42.414938], [-71.07991, 42.415166000000006], [-71.081068, 42.41509299999999], [-71.082061, 42.41531899999999], [-71.08349, 42.41600700000001], [-71.08588, 42.417913], [-71.089446, 42.42662299999999], [-71.089062, 42.42911500000001], [-71.088031, 42.42902600000001], [-71.085639, 42.44468799999999], [-71.104867, 42.448879], [-71.119402, 42.453445], [-71.121346, 42.448670000000014], [-71.124153, 42.444115999999994], [-71.124005, 42.44382700000001], [-71.124042, 42.443369999999994], [-71.12523000000002, 42.44334099999999], [-71.126546, 42.44391099999999], [-71.125906, 42.444065], [-71.125577, 42.44434200000002], [-71.125513, 42.44467100000003], [-71.126065, 42.44515399999998], [-71.128835, 42.445914], [-71.130161, 42.44649500000003], [-71.134112, 42.447432], [-71.134714, 42.44356], [-71.135841, 42.44247400000001], [-71.136193, 42.442485000000005], [-71.137092, 42.443318999999995], [-71.13826, 42.444064000000004], [-71.144042, 42.446977999999994], [-71.143053, 42.447913000000014], [-71.144189, 42.44876800000001], [-71.145169, 42.449777], [-71.143845, 42.450312999999994], [-71.144865, 42.451463999999994], [-71.146002, 42.451379], [-71.146372, 42.451499], [-71.146474, 42.452178999999994], [-71.145552, 42.453158], [-71.14342600000002, 42.45467500000001], [-71.142131, 42.456006], [-71.141491, 42.45634900000001], [-71.141873, 42.456874], [-71.142429, 42.45720800000001], [-71.144149, 42.457895], [-71.147179, 42.460573], [-71.147958, 42.46052600000001], [-71.1488, 42.460775], [-71.149355, 42.461417999999995], [-71.14971, 42.462213], [-71.14970900000002, 42.463167], [-71.150404, 42.463884000000014], [-71.150544, 42.46429500000001]]]}}, {"type": "Feature", "properties": {"district_name": "Second Essex District", "chamber": "senate", "vintage": "2022-present", "lean_dem_share": 0.6181, "competitiveness": "Safe", "competitiveness_label": "Safe D", "party_favored": "Democratic", "url": "/district/senate-second-essex-district-2022-present/"}, "geometry": {"type": "MultiPolygon", "coordinates": [[[[-70.817553, 42.514115], [-70.816456, 42.51472600000001], [-70.81607, 42.514669], [-70.815738, 42.514161], [-70.814957, 42.514075000000005], [-70.81537400000002, 42.51372599999999], [-70.815335, 42.51351900000001], [-70.814795, 42.51338800000003], [-70.814323, 42.51282900000001], [-70.814238, 42.51247400000002], [-70.813844, 42.512128999999995], [-70.81294800000002, 42.51229200000001], [-70.812005, 42.51213599999999], [-70.811897, 42.51197500000001], [-70.812322, 42.511793000000004], [-70.812298, 42.51149200000001], [-70.812569, 42.51119], [-70.811873, 42.51098500000001], [-70.812067, 42.510329], [-70.812422, 42.510022000000006], [-70.812685, 42.510036], [-70.81291, 42.510393], [-70.812719, 42.51062900000001], [-70.813071, 42.51068699999999], [-70.813365, 42.51097499999999], [-70.813736, 42.510713000000024], [-70.81447, 42.510962], [-70.815591, 42.512736], [-70.816054, 42.512711], [-70.816433, 42.51307], [-70.816935, 42.51321000000001], [-70.817553, 42.513889000000006], [-70.817553, 42.514115]]], [[[-70.83535, 42.483835000000006], [-70.834685, 42.484421000000005], [-70.834263, 42.48547199999999], [-70.833704, 42.485713], [-70.833768, 42.48540200000001], [-70.833183, 42.48467200000001], [-70.832987, 42.484123], [-70.833352, 42.48408200000001], [-70.83319, 42.483923], [-70.833317, 42.483868000000015], [-70.834599, 42.48410899999999], [-70.834939, 42.483343999999995], [-70.834245, 42.482695], [-70.833558, 42.48254700000001], [-70.833361, 42.48192199999999], [-70.834377, 42.482125], [-70.83452400000002, 42.481931], [-70.834915, 42.48203099999998], [-70.834866, 42.482296999999996], [-70.835159, 42.482476999999996], [-70.83535, 42.483835000000006]]], [[[-71.034847, 42.56550000000002], [-71.02981, 42.565157], [-71.029317, 42.56997899999999], [-71.027246, 42.56959599999999], [-71.024445, 42.569356000000006], [-71.02406, 42.569450999999994], [-71.02358, 42.570323], [-71.023251, 42.570391], [-71.021201, 42.56988999999999], [-71.020929, 42.568692999999996], [-71.020266, 42.56856199999999], [-71.020004, 42.568343], [-71.018656, 42.568025], [-71.015131, 42.567893], [-71.014317, 42.56715], [-71.012599, 42.566104], [-71.011463, 42.56572900000002], [-71.009777, 42.564852], [-71.009127, 42.564724000000005], [-71.008714, 42.564122999999995], [-71.008194, 42.5641], [-71.007487, 42.56463099999999], [-71.006354, 42.56497900000001], [-71.004022, 42.565195], [-71.003438, 42.56507400000002], [-71.003261, 42.56497499999999], [-71.00328, 42.564265999999996], [-71.00301, 42.563382999999995], [-71.00286, 42.56332900000001], [-71.002297, 42.564018999999995], [-71.002003, 42.565047], [-71.002032, 42.56557600000001], [-71.001284, 42.56554400000001], [-71.000635, 42.56624099999999], [-71.000123, 42.566229000000014], [-70.999432, 42.566776], [-70.9987, 42.567041], [-70.997915, 42.567045], [-70.997056, 42.56771600000002], [-70.997069, 42.56788000000002], [-70.997936, 42.56835199999999], [-70.997374, 42.56838299999999], [-70.997044, 42.568666], [-70.997351, 42.568886], [-70.997195, 42.569105999999984], [-70.996666, 42.568806999999985], [-70.996404, 42.56893100000001], [-70.996392, 42.56919900000001], [-70.996877, 42.569573000000005], [-70.996512, 42.569769], [-70.996472, 42.570007000000025], [-70.996004, 42.569898], [-70.995843, 42.57016500000001], [-70.997017, 42.570217], [-70.996687, 42.57098300000001], [-70.996767, 42.57128], [-70.996228, 42.571535000000004], [-70.996469, 42.571082000000004], [-70.996363, 42.57093900000002], [-70.99588, 42.571001], [-70.995518, 42.57158199999998], [-70.995158, 42.57127800000001], [-70.995073, 42.57154400000002], [-70.995923, 42.57221299999999], [-70.994408, 42.57244500000001], [-70.995089, 42.573702999999995], [-70.993881, 42.57369], [-70.993154, 42.574238000000015], [-70.993036, 42.57490400000001], [-70.993637, 42.575140999999995], [-70.993891, 42.575587999999996], [-70.99351, 42.575647000000004], [-70.993113, 42.576166], [-70.993298, 42.57663399999999], [-70.99275, 42.576591], [-70.99259, 42.576737999999985], [-70.992602, 42.576946000000014], [-70.992945, 42.577145000000016], [-70.993015, 42.57750999999999], [-70.99329, 42.57762199999998], [-70.993069, 42.578190000000006], [-70.991809, 42.578414000000016], [-70.991687, 42.578975], [-70.991274, 42.57921400000001], [-70.99091, 42.58001000000001], [-70.99015, 42.58045499999999], [-70.989851, 42.58083899999999], [-70.990039, 42.58166800000001], [-70.990262, 42.58181100000001], [-70.990501, 42.58174300000001], [-70.990746, 42.58122199999998], [-70.991302, 42.581405], [-70.990833, 42.582612000000005], [-70.991477, 42.58305399999999], [-70.99118, 42.58377300000001], [-70.991197, 42.585278999999986], [-70.991725, 42.586359000000016], [-70.990003, 42.58674800000001], [-70.988507, 42.587843000000014], [-70.98641, 42.589706], [-70.985582, 42.589886], [-70.986059, 42.591832000000004], [-70.974372, 42.59453899999999], [-70.964863, 42.599558], [-70.964667, 42.599486000000006], [-70.954722, 42.605322], [-70.943861, 42.60957400000001], [-70.932422, 42.613238], [-70.93165, 42.612496999999976], [-70.93109, 42.61244400000001], [-70.929452, 42.608979999999995], [-70.933859, 42.599580999999986], [-70.927497, 42.592228000000006], [-70.922342, 42.591513], [-70.901128, 42.590973000000005], [-70.835411, 42.590681000000004], [-70.827692, 42.58313100000001], [-70.820311, 42.57782200000002], [-70.819019, 42.57928600000002], [-70.813296, 42.580138999999996], [-70.810085, 42.58421799999999], [-70.806935, 42.580354], [-70.794417, 42.569219], [-70.794028, 42.5692], [-70.794218, 42.568677], [-70.793793, 42.56853999999999], [-70.79397600000001, 42.568117000000015], [-70.79364, 42.56777700000001], [-70.79379, 42.56759600000001], [-70.793632, 42.567324], [-70.793271, 42.567275], [-70.793158, 42.56692600000001], [-70.793469, 42.5664], [-70.793598, 42.565436000000005], [-70.793407, 42.56509], [-70.793326, 42.56454699999999], [-70.79344, 42.56438200000001], [-70.793312, 42.564263999999994], [-70.793901, 42.56293700000001], [-70.793824, 42.562218], [-70.794805, 42.55739], [-70.795415, 42.551479], [-70.794675, 42.551169], [-70.788368, 42.54954900000001], [-70.777085, 42.53946200000001], [-70.773429, 42.53570800000001], [-70.745428, 42.51319500000001], [-70.733558, 42.50395700000001], [-70.736119, 42.50010699999999], [-70.749489, 42.492722000000015], [-70.767571, 42.484591], [-70.799042, 42.509222], [-70.813707, 42.52237900000001], [-70.843292, 42.528795], [-70.858092, 42.52739499999999], [-70.875092, 42.518494999999994], [-70.877392, 42.514195], [-70.879692, 42.509294999999995], [-70.879359, 42.508429], [-70.878708, 42.505365], [-70.879544, 42.50374999999998], [-70.882245, 42.50270700000001], [-70.886761, 42.49844699999999], [-70.886001, 42.497809], [-70.885801, 42.4978], [-70.885497, 42.49736799999999], [-70.885673, 42.49669299999999], [-70.886141, 42.496149], [-70.886488, 42.495998000000014], [-70.886362, 42.495695000000005], [-70.886604, 42.495179], [-70.887326, 42.494942], [-70.888021, 42.49493700000001], [-70.888401, 42.49471299999999], [-70.888598, 42.494385000000015], [-70.890801, 42.493644999999994], [-70.89052, 42.49337899999999], [-70.890958, 42.493213999999995], [-70.889949, 42.490141], [-70.890624, 42.48874300000001], [-70.894478, 42.48587800000001], [-70.89903300000002, 42.48467200000001], [-70.901779, 42.485358000000005], [-70.905075, 42.484840000000005], [-70.906539, 42.484263000000006], [-70.933985, 42.490802999999985], [-70.95714, 42.496528000000005], [-70.987054, 42.51184400000001], [-71.005288, 42.52299200000001], [-71.031558, 42.551203], [-71.034847, 42.56550000000002]]]]}}, {"type": "Feature", "properties": {"district_name": "Hampden District", "chamber": "senate", "vintage": "2022-present", "lean_dem_share": 0.6465, "competitiveness": "Safe", "competitiveness_label": "Safe D", "party_favored": "Democratic", "url": "/district/senate-hampden-district-2022-present/"}, "geometry": {"type": "Polygon", "coordinates": [[[-72.62861, 42.166227], [-72.628498, 42.171974000000006], [-72.628258, 42.173590000000004], [-72.627655, 42.17662800000001], [-72.627062, 42.17860599999999], [-72.625863, 42.18167300000001], [-72.625053, 42.18302099999999], [-72.623745, 42.184552], [-72.623113, 42.18508400000002], [-72.621249, 42.18596999999999], [-72.618778, 42.18661500000001], [-72.609859, 42.18979], [-72.608933, 42.188454000000014], [-72.609958, 42.188078000000004], [-72.61179, 42.186748], [-72.610037, 42.185413], [-72.61029600000002, 42.185223999999984], [-72.609575, 42.185234], [-72.610894, 42.182859000000015], [-72.607509, 42.18242900000002], [-72.606284, 42.18191300000001], [-72.605408, 42.181276000000004], [-72.605275, 42.182038000000006], [-72.605381, 42.18301899999997], [-72.606288, 42.18491999999999], [-72.603923, 42.187369], [-72.603648, 42.187142], [-72.60265, 42.18761], [-72.604432, 42.18430400000001], [-72.604444, 42.18379800000001], [-72.604134, 42.18296499999999], [-72.603156, 42.18200800000001], [-72.601301, 42.181452], [-72.595795, 42.180355999999996], [-72.590898, 42.18026], [-72.589213, 42.177957999999975], [-72.587123, 42.17451499999998], [-72.587386, 42.17421700000001], [-72.598091, 42.173112000000025], [-72.598856, 42.173184], [-72.602873, 42.17199499999998], [-72.60288, 42.171659], [-72.603251, 42.171596], [-72.60293, 42.169695999999995], [-72.597956, 42.17022400000001], [-72.596621, 42.170595000000006], [-72.593207, 42.16820899999999], [-72.593112, 42.168119999999995], [-72.594542, 42.16654200000001], [-72.595897, 42.16576000000002], [-72.595274, 42.165077000000004], [-72.59327100000002, 42.16407799999999], [-72.593076, 42.16383600000001], [-72.592926, 42.163044], [-72.59270800000002, 42.162802000000006], [-72.591946, 42.162287000000006], [-72.590334, 42.161593999999994], [-72.590161, 42.161271000000006], [-72.59025, 42.160949], [-72.589816, 42.16019000000001], [-72.588434, 42.15958899999999], [-72.588327, 42.160292999999996], [-72.581826, 42.160289000000006], [-72.581853, 42.15978699999999], [-72.575746, 42.15869], [-72.570232, 42.16109300000002], [-72.562332, 42.161193000000004], [-72.559332, 42.16059299999998], [-72.555632, 42.15709299999999], [-72.552483, 42.156667999999996], [-72.547942, 42.158428], [-72.544773, 42.159216], [-72.543963, 42.15938599999999], [-72.541931, 42.15919299999997], [-72.541228, 42.15836799999999], [-72.540815, 42.15754900000001], [-72.540703, 42.156206], [-72.540476, 42.15552900000002], [-72.539962, 42.15507799999999], [-72.538789, 42.154747], [-72.537975, 42.154807999999996], [-72.537366, 42.155172], [-72.536971, 42.155732], [-72.536463, 42.156963999999995], [-72.535801, 42.15747799999999], [-72.533377, 42.15736600000001], [-72.528736, 42.158305], [-72.524004, 42.160562], [-72.521499, 42.16121700000002], [-72.520146, 42.16128199999997], [-72.516782, 42.16082799999999], [-72.513414, 42.16090700000001], [-72.511565, 42.160484], [-72.510754, 42.16048299999998], [-72.509242, 42.160819], [-72.506221, 42.162046000000004], [-72.505275, 42.16220800000001], [-72.497045, 42.16133800000001], [-72.493145, 42.16122], [-72.490864, 42.161561999999996], [-72.489766, 42.16205899999999], [-72.489251, 42.16208600000001], [-72.48897, 42.16185999999999], [-72.488926, 42.16156500000002], [-72.489384, 42.16044100000001], [-72.489887, 42.159684], [-72.48972, 42.15921], [-72.489465, 42.159042], [-72.488898, 42.15906400000001], [-72.487629, 42.159946], [-72.486981, 42.159942], [-72.486686, 42.15967900000001], [-72.486662, 42.159351], [-72.487004, 42.15905999999998], [-72.487822, 42.15875100000001], [-72.48812200000002, 42.158305], [-72.4881, 42.15796200000001], [-72.487185, 42.157297], [-72.484595, 42.156524000000005], [-72.473804, 42.10318000000001], [-72.477358, 42.104475], [-72.478342, 42.10539500000001], [-72.479277, 42.10688999999999], [-72.480512, 42.10627100000001], [-72.481505, 42.10528099999999], [-72.481864, 42.10514], [-72.482796, 42.104312], [-72.484858, 42.10530700000001], [-72.485517, 42.10540100000001], [-72.486343, 42.10520999999999], [-72.488252, 42.106863], [-72.48947, 42.10970100000001], [-72.490095, 42.11066199999999], [-72.490409, 42.11082399999999], [-72.492532, 42.110959000000015], [-72.497667, 42.11033800000002], [-72.49918, 42.110380000000006], [-72.499327, 42.111125000000015], [-72.499261, 42.111774], [-72.498397, 42.11429], [-72.498557, 42.115320999999994], [-72.503705, 42.117373], [-72.508649, 42.117549000000004], [-72.50879, 42.11477900000002], [-72.508658, 42.113907], [-72.505674, 42.11394399999999], [-72.50333300000001, 42.11340100000002], [-72.508311, 42.10603900000002], [-72.509024, 42.105431999999986], [-72.510161, 42.10493199999999], [-72.521523, 42.103597000000015], [-72.521753, 42.104642999999996], [-72.522259, 42.10475699999999], [-72.523076, 42.10448199999997], [-72.524446, 42.104318], [-72.525315, 42.10377], [-72.526568, 42.10332400000001], [-72.528123, 42.103438000000004], [-72.529375, 42.103582], [-72.531276, 42.10433], [-72.532563, 42.105506000000005], [-72.533931, 42.107693999999995], [-72.542531, 42.10789400000001], [-72.543823, 42.10581199999999], [-72.546415, 42.105727], [-72.546119, 42.10514299999999], [-72.545434, 42.104890000000005], [-72.544265, 42.105005], [-72.54236400000002, 42.10491700000001], [-72.540206, 42.10513100000001], [-72.53939, 42.105028000000004], [-72.538149, 42.10444900000002], [-72.537572, 42.103831000000014], [-72.537277, 42.103137], [-72.537352, 42.102534999999996], [-72.538152, 42.10065599999998], [-72.538178, 42.099771999999994], [-72.540019, 42.09961], [-72.541366, 42.099134], [-72.540824, 42.095326], [-72.54201600000002, 42.094842999999976], [-72.54304, 42.094208000000016], [-72.544664, 42.09311300000002], [-72.545452, 42.092228000000006], [-72.542449, 42.09195600000001], [-72.542074, 42.08924800000001], [-72.531191, 42.091388999999985], [-72.531126, 42.091146], [-72.528996, 42.09111800000001], [-72.528978, 42.09072200000001], [-72.528548, 42.09011699999999], [-72.528273, 42.08844499999998], [-72.529409, 42.08846200000001], [-72.529224, 42.08668900000002], [-72.528275, 42.08258200000001], [-72.539409, 42.081222000000004], [-72.539973, 42.081404000000006], [-72.53985, 42.080522000000016], [-72.541913, 42.08035700000001], [-72.54206100000002, 42.08241199999999], [-72.54357400000002, 42.08350500000001], [-72.54444, 42.083704999999995], [-72.545017, 42.08240999999999], [-72.546171, 42.082244], [-72.545827, 42.08047700000001], [-72.547537, 42.08027899999998], [-72.546942, 42.079683999999986], [-72.546799, 42.07884], [-72.547337, 42.078435], [-72.546036, 42.07714199999999], [-72.54855, 42.07567099999999], [-72.547986, 42.07538300000001], [-72.548198, 42.07517700000001], [-72.548277, 42.07475600000001], [-72.548007, 42.074088], [-72.550066, 42.073938000000005], [-72.550221, 42.07379799999998], [-72.550675, 42.073950999999994], [-72.551245, 42.073863], [-72.551779, 42.074418000000016], [-72.554803, 42.075601], [-72.555782, 42.075613000000004], [-72.556065, 42.075830999999994], [-72.556454, 42.076557], [-72.556854, 42.07675499999999], [-72.55736, 42.076867], [-72.558295, 42.076681], [-72.558893, 42.076963], [-72.559167, 42.07811800000001], [-72.558276, 42.082702], [-72.55788000000001, 42.08299000000001], [-72.556053, 42.08341899999999], [-72.555272, 42.08377899999999], [-72.556394, 42.084898], [-72.55549, 42.085388], [-72.55592300000002, 42.085811], [-72.557763, 42.086267], [-72.558031, 42.086206000000004], [-72.564135, 42.087324], [-72.563317, 42.085123], [-72.567418, 42.084322], [-72.568004, 42.086041], [-72.569433, 42.085747], [-72.56908, 42.085075999999994], [-72.573704, 42.08423399999999], [-72.574053, 42.084188999999995], [-72.574119, 42.084394999999994], [-72.579722, 42.08351900000002], [-72.579576, 42.082922], [-72.579892, 42.082494], [-72.579985, 42.082026000000006], [-72.582693, 42.081557999999994], [-72.584112, 42.08699699999999], [-72.584912, 42.088843], [-72.585619, 42.09002000000001], [-72.588487, 42.09321200000001], [-72.592636, 42.097436999999985], [-72.596765, 42.100344], [-72.597949, 42.101017000000006], [-72.601077, 42.10246600000001], [-72.608958, 42.105598], [-72.610509, 42.10634499999998], [-72.61316, 42.107967], [-72.615425, 42.10970300000001], [-72.62072, 42.115925000000004], [-72.62112600000002, 42.116814], [-72.621987, 42.119718], [-72.62213100000001, 42.121424000000005], [-72.621481, 42.123788000000005], [-72.62089, 42.125092999999985], [-72.617701, 42.129653000000005], [-72.615794, 42.13334600000001], [-72.61501, 42.13682300000001], [-72.614968, 42.137589], [-72.615894, 42.13995200000001], [-72.618363, 42.143706], [-72.620208, 42.14536900000001], [-72.625357, 42.149189], [-72.627036, 42.15133500000001], [-72.627732, 42.153986999999994], [-72.62788, 42.155576], [-72.627843, 42.157833], [-72.627303, 42.16049000000001], [-72.627342, 42.16203200000001], [-72.628407, 42.165162], [-72.62861, 42.166227]]]}}, {"type": "Feature", "properties": {"district_name": "Third Suffolk District", "chamber": "senate", "vintage": "2022-present", "lean_dem_share": 0.6778, "competitiveness": "Safe", "competitiveness_label": "Safe D", "party_favored": "Democratic", "url": "/district/senate-third-suffolk-district-2022-present/"}, "geometry": {"type": "Polygon", "coordinates": [[[-71.091235, 42.354338], [-71.077952, 42.35873500000001], [-71.077334, 42.35908399999999], [-71.076092, 42.36038], [-71.074792, 42.363773000000016], [-71.073721, 42.365056], [-71.069478, 42.36904599999999], [-71.063921, 42.369016000000016], [-71.062994, 42.36839100000001], [-71.059795, 42.368767], [-71.057141, 42.369982], [-71.054995, 42.370697], [-71.050895, 42.370697], [-71.049095, 42.371197], [-71.046995, 42.372597000000006], [-71.046113, 42.37479799999999], [-71.045195, 42.37709699999999], [-71.044298, 42.383209], [-71.043264, 42.383594000000016], [-71.039512, 42.38685300000001], [-71.038813, 42.386810999999994], [-71.038357, 42.386529], [-71.034975, 42.385876], [-71.033234, 42.384910000000005], [-71.031995, 42.38459700000001], [-71.027712, 42.384041], [-71.022428, 42.386373], [-71.020512, 42.38764099999999], [-71.017794, 42.390697], [-71.016094, 42.395897], [-71.013395, 42.39739799999999], [-71.009629, 42.40016700000001], [-71.009445, 42.400475], [-71.009396, 42.401183], [-71.010861, 42.401689000000005], [-71.013007, 42.402864], [-71.013772, 42.402964], [-71.01563, 42.402704000000014], [-71.017035, 42.40271499999999], [-71.017826, 42.402883], [-71.018088, 42.40335699999999], [-71.018715, 42.403709000000006], [-71.019981, 42.40372300000001], [-71.020828, 42.403513000000004], [-71.021169, 42.40392400000001], [-71.021191, 42.40423299999999], [-71.020305, 42.404829], [-71.020442, 42.405114], [-71.02148, 42.405164000000006], [-71.022442, 42.405474], [-71.022855, 42.40512499999999], [-71.023278, 42.40554399999999], [-71.023847, 42.40532400000001], [-71.024901, 42.40590000000002], [-71.025753, 42.405756999999994], [-71.026237, 42.40592500000002], [-71.026888, 42.40655000000001], [-71.026898, 42.40733199999999], [-71.027115, 42.40778199999998], [-71.02797, 42.40872699999999], [-71.029036, 42.410354000000005], [-71.033181, 42.41420599999999], [-71.031275, 42.418433000000014], [-71.02962, 42.42129899999999], [-71.02858, 42.42356800000001], [-71.020377, 42.43824999999998], [-71.025836, 42.44470900000001], [-71.018757, 42.45011800000001], [-71.011924, 42.442164], [-71.009503, 42.440963999999994], [-71.011826, 42.439944000000004], [-71.011897, 42.439748000000016], [-71.012365, 42.439741000000005], [-71.011802, 42.438997], [-71.011141, 42.43906399999998], [-71.01093, 42.438597000000016], [-71.01067, 42.438739000000005], [-71.010536, 42.43844500000001], [-71.010099, 42.438301], [-71.01013, 42.43817599999999], [-71.010625, 42.438102], [-71.010736, 42.43776400000001], [-71.010425, 42.437583999999994], [-71.010677, 42.437347], [-71.010639, 42.43719599999999], [-71.010927, 42.437083], [-71.01109, 42.436795], [-71.011442, 42.436693000000005], [-71.010994, 42.43654200000001], [-71.01144, 42.436225000000015], [-71.011416, 42.435990999999994], [-71.010802, 42.435397999999985], [-71.010777, 42.43456799999998], [-71.009277, 42.43427799999999], [-71.00858, 42.434346], [-71.007873, 42.433972], [-71.006974, 42.43383800000001], [-71.006532, 42.43339399999999], [-71.005691, 42.432981], [-71.004632, 42.43305500000001], [-71.003302, 42.43270299999998], [-71.002994, 42.432837], [-71.00215, 42.43260800000001], [-70.999857, 42.431296], [-70.998475, 42.431296], [-70.995714, 42.430855000000015], [-70.994779, 42.43119600000001], [-70.992023, 42.43413499999999], [-70.99012, 42.43487700000001], [-70.987805, 42.43399799999998], [-70.985754, 42.432557], [-70.983708, 42.431663], [-70.982294, 42.431296], [-70.979894, 42.432396000000004], [-70.975194, 42.436896000000004], [-70.971594, 42.442696], [-70.968594, 42.444396], [-70.966293, 42.44349700000001], [-70.950793, 42.44429599999999], [-70.951393, 42.436996], [-70.952993, 42.42939599999999], [-70.959093, 42.41859699999998], [-70.962093, 42.412397000000006], [-70.959494, 42.407498000000004], [-70.924593, 42.386798], [-70.917892, 42.38599700000002], [-70.967048, 42.356954], [-70.967257, 42.35706900000001], [-70.96882, 42.35586600000001], [-70.968935, 42.35592500000001], [-70.972893, 42.35359699999999], [-70.975094, 42.34349900000001], [-70.988173, 42.34344700000002], [-71.010994, 42.34269800000001], [-71.026895, 42.353097999999996], [-71.042596, 42.363798], [-71.049396, 42.354498], [-71.05106, 42.355130999999986], [-71.051529, 42.35467200000001], [-71.053612, 42.35365499999999], [-71.053847, 42.35388], [-71.055354, 42.35309999999998], [-71.058009, 42.35235], [-71.060119, 42.35255800000001], [-71.062575, 42.35239899999999], [-71.062516, 42.353280000000005], [-71.064235, 42.353394000000016], [-71.064562, 42.35238300000001], [-71.067533, 42.352513], [-71.0684, 42.352356], [-71.071057, 42.35180299999998], [-71.079508, 42.349508], [-71.078718, 42.347834000000006], [-71.07891900000001, 42.34769299999999], [-71.078699, 42.347697], [-71.0849, 42.34273300000001], [-71.083151, 42.34162199999999], [-71.083504, 42.341263], [-71.084681, 42.340293], [-71.086469, 42.341375000000006], [-71.090567, 42.33956799999999], [-71.091188, 42.340949], [-71.090407, 42.34229300000002], [-71.089222, 42.346633999999995], [-71.089264, 42.34688700000001], [-71.087758, 42.34729999999999], [-71.091235, 42.354338]]]}}, {"type": "Feature", "properties": {"district_name": "Third Essex District", "chamber": "senate", "vintage": "2022-present", "lean_dem_share": 0.5955, "competitiveness": "Likely", "competitiveness_label": "Likely D", "party_favored": "Democratic", "url": "/district/senate-third-essex-district-2022-present/"}, "geometry": {"type": "Polygon", "coordinates": [[[-71.07514600000002, 42.531059], [-71.070978, 42.55588899999999], [-71.064937, 42.56211600000001], [-71.057125, 42.57404100000001], [-71.056184, 42.57366200000001], [-71.055548, 42.573653], [-71.055066, 42.574032999999986], [-71.054829, 42.574028], [-71.054016, 42.573044], [-71.0531, 42.57307900000001], [-71.053046, 42.57258899999999], [-71.053737, 42.572508], [-71.053431, 42.572321], [-71.052649, 42.57233300000001], [-71.0527, 42.572092], [-71.052462, 42.571787], [-71.052875, 42.57153299999999], [-71.052772, 42.571372], [-71.052318, 42.57162], [-71.051938, 42.572126000000004], [-71.05146, 42.571587000000015], [-71.051077, 42.571819], [-71.050836, 42.57124400000001], [-71.050665, 42.571288], [-71.050534, 42.57172299999997], [-71.049798, 42.57111700000001], [-71.049452, 42.571011999999996], [-71.049055, 42.571096], [-71.048637, 42.571473], [-71.047278, 42.571991], [-71.046307, 42.572593], [-71.044821, 42.572830999999994], [-71.044322, 42.573817000000005], [-71.044145, 42.57390300000001], [-71.043762, 42.573839], [-71.043516, 42.573529], [-71.042978, 42.573265], [-71.041411, 42.573454000000005], [-71.04026, 42.572508], [-71.04015, 42.571690999999994], [-71.039845, 42.57142000000001], [-71.038472, 42.571152000000005], [-71.037663, 42.57116400000001], [-71.03733100000001, 42.57168699999998], [-71.036965, 42.571763000000004], [-71.035498, 42.57062], [-71.034859, 42.56555099999999], [-71.031558, 42.551203], [-71.005288, 42.52299200000001], [-70.987054, 42.51184400000001], [-70.95714, 42.496528000000005], [-70.933985, 42.490802999999985], [-70.906539, 42.484263000000006], [-70.905075, 42.484840000000005], [-70.901779, 42.485358000000005], [-70.89903300000002, 42.48467200000001], [-70.894478, 42.48587800000001], [-70.890624, 42.48874300000001], [-70.889949, 42.490141], [-70.890958, 42.493213999999995], [-70.89052, 42.49337899999999], [-70.890801, 42.493644999999994], [-70.888598, 42.494385000000015], [-70.888401, 42.49471299999999], [-70.888021, 42.49493700000001], [-70.887326, 42.494942], [-70.886604, 42.495179], [-70.886362, 42.495695000000005], [-70.886488, 42.495998000000014], [-70.886141, 42.496149], [-70.885673, 42.49669299999999], [-70.885497, 42.49736799999999], [-70.885801, 42.4978], [-70.886001, 42.497809], [-70.886761, 42.49844699999999], [-70.882245, 42.50270700000001], [-70.879544, 42.50374999999998], [-70.878708, 42.505365], [-70.879359, 42.508429], [-70.879692, 42.509294999999995], [-70.877392, 42.514195], [-70.875092, 42.518494999999994], [-70.858092, 42.52739499999999], [-70.843292, 42.528795], [-70.813707, 42.52237900000001], [-70.799042, 42.509222], [-70.767571, 42.484591], [-70.749489, 42.492722000000015], [-70.736119, 42.50010699999999], [-70.617339, 42.500099], [-70.640006, 42.43166], [-70.648072, 42.40562799999999], [-70.749487, 42.400820000000024], [-70.851436, 42.393209000000006], [-70.901292, 42.384098000000016], [-70.924593, 42.386798], [-70.959494, 42.407498000000004], [-70.962093, 42.412397000000006], [-70.959093, 42.41859699999998], [-70.952993, 42.42939599999999], [-70.951393, 42.436996], [-70.950793, 42.44429599999999], [-70.966293, 42.44349700000001], [-70.968594, 42.444396], [-70.971594, 42.442696], [-70.975194, 42.436896000000004], [-70.979894, 42.432396000000004], [-70.982294, 42.431296], [-70.983708, 42.431663], [-70.985754, 42.432557], [-70.987805, 42.43399799999998], [-70.99012, 42.43487700000001], [-70.992023, 42.43413499999999], [-70.994779, 42.43119600000001], [-70.995714, 42.430855000000015], [-70.998475, 42.431296], [-70.999857, 42.431296], [-71.00215, 42.43260800000001], [-71.002994, 42.432837], [-71.003302, 42.43270299999998], [-71.004632, 42.43305500000001], [-71.005691, 42.432981], [-71.006532, 42.43339399999999], [-71.006974, 42.43383800000001], [-71.007873, 42.433972], [-71.00858, 42.434346], [-71.009277, 42.43427799999999], [-71.010777, 42.43456799999998], [-71.010802, 42.435397999999985], [-71.011416, 42.435990999999994], [-71.01144, 42.436225000000015], [-71.010994, 42.43654200000001], [-71.011442, 42.436693000000005], [-71.01109, 42.436795], [-71.010927, 42.437083], [-71.010639, 42.43719599999999], [-71.010677, 42.437347], [-71.010425, 42.437583999999994], [-71.010736, 42.43776400000001], [-71.010625, 42.438102], [-71.01013, 42.43817599999999], [-71.010099, 42.438301], [-71.010536, 42.43844500000001], [-71.01067, 42.438739000000005], [-71.01093, 42.438597000000016], [-71.011141, 42.43906399999998], [-71.011802, 42.438997], [-71.012365, 42.439741000000005], [-71.011897, 42.439748000000016], [-71.011826, 42.439944000000004], [-71.009503, 42.440963999999994], [-71.011924, 42.442164], [-71.018757, 42.45011800000001], [-71.025836, 42.44470900000001], [-71.054214, 42.476903], [-71.052621, 42.48610199999999], [-71.050252, 42.48653299999999], [-71.045209, 42.488720000000015], [-71.039854, 42.496055], [-71.040143, 42.496189], [-71.04012, 42.49639199999999], [-71.040371, 42.49654], [-71.040324, 42.496846], [-71.040638, 42.49722100000003], [-71.041085, 42.497484], [-71.040938, 42.497731], [-71.042032, 42.49815300000001], [-71.042037, 42.498537], [-71.042317, 42.498799000000005], [-71.042503, 42.499381], [-71.043243, 42.499643000000006], [-71.043671, 42.50005699999999], [-71.043717, 42.50021600000001], [-71.043553, 42.50034699999999], [-71.043833, 42.50088000000001], [-71.043759, 42.50125199999999], [-71.042499, 42.50199599999999], [-71.042229, 42.50234300000001], [-71.042219, 42.50260599999999], [-71.04124, 42.502613], [-71.040982, 42.50275499999999], [-71.040604, 42.50259799999999], [-71.039751, 42.50303400000001], [-71.038622, 42.502727], [-71.03818, 42.502950999999996], [-71.038267, 42.503261], [-71.038033, 42.503165000000024], [-71.037796, 42.50338999999998], [-71.037437, 42.50330700000001], [-71.036962, 42.50353299999999], [-71.03622, 42.50420100000001], [-71.036228, 42.50461299999999], [-71.035841, 42.504843], [-71.035739, 42.50573599999999], [-71.035424, 42.50590900000001], [-71.035404, 42.506377], [-71.0349, 42.506758], [-71.034914, 42.50710400000001], [-71.03563200000002, 42.50756299999998], [-71.035553, 42.508313], [-71.035901, 42.50843300000001], [-71.035717, 42.50862], [-71.036305, 42.50900200000001], [-71.036206, 42.50926999999999], [-71.036529, 42.509508000000004], [-71.036457, 42.50969300000001], [-71.036756, 42.50997399999999], [-71.037048, 42.509999000000015], [-71.036926, 42.51045899999998], [-71.036497, 42.510828], [-71.03667400000002, 42.511557999999994], [-71.036556, 42.51243500000001], [-71.036911, 42.512541000000006], [-71.037496, 42.513287], [-71.038298, 42.513750000000016], [-71.038383, 42.51418899999999], [-71.039467, 42.51445799999999], [-71.039259, 42.51484100000002], [-71.038274, 42.515692], [-71.038296, 42.516242000000005], [-71.038516, 42.51642300000002], [-71.038907, 42.516341], [-71.039036, 42.51648999999999], [-71.038888, 42.51674100000001], [-71.040261, 42.51742099999999], [-71.040127, 42.518809999999995], [-71.040325, 42.519292999999976], [-71.040989, 42.51984700000001], [-71.04108, 42.520123000000005], [-71.040913, 42.521718], [-71.040086, 42.52223200000001], [-71.039287, 42.523205], [-71.038736, 42.52353800000001], [-71.038599, 42.523959999999995], [-71.03869, 42.52425900000001], [-71.039167, 42.524789], [-71.040004, 42.525189], [-71.040983, 42.52626200000001], [-71.057662, 42.52417899999999], [-71.058209, 42.523914999999995], [-71.058447, 42.523610000000005], [-71.05902, 42.523872000000004], [-71.059109, 42.524089999999994], [-71.060069, 42.52430699999999], [-71.060744, 42.525239], [-71.061478, 42.525034999999995], [-71.062026, 42.52427599999997], [-71.06327600000002, 42.524659000000014], [-71.063784, 42.52462899999999], [-71.064241, 42.52440400000001], [-71.065395, 42.524779], [-71.066354, 42.52481], [-71.067122, 42.52536999999999], [-71.067324, 42.52522099999999], [-71.067263, 42.52494200000001], [-71.067567, 42.52468], [-71.07514600000002, 42.531059]], [[-70.835351, 42.483776000000006], [-70.835159, 42.482476999999996], [-70.834866, 42.482296999999996], [-70.834915, 42.48203099999998], [-70.83452400000002, 42.481931], [-70.834377, 42.482125], [-70.833361, 42.48192199999999], [-70.833558, 42.48254700000001], [-70.834245, 42.482695], [-70.834939, 42.483343999999995], [-70.834599, 42.48410899999999], [-70.833317, 42.483868000000015], [-70.83319, 42.483923], [-70.833352, 42.48408200000001], [-70.832987, 42.484123], [-70.833183, 42.48467200000001], [-70.833768, 42.48540200000001], [-70.833704, 42.485713], [-70.834263, 42.48547199999999], [-70.834685, 42.484421000000005], [-70.835351, 42.483776000000006]], [[-70.817553, 42.513889000000006], [-70.816935, 42.51321000000001], [-70.816433, 42.51307], [-70.816054, 42.512711], [-70.815591, 42.512736], [-70.81447, 42.510962], [-70.813736, 42.510713000000024], [-70.813365, 42.51097499999999], [-70.813071, 42.51068699999999], [-70.812719, 42.51062900000001], [-70.81291, 42.510393], [-70.812685, 42.510036], [-70.812422, 42.510022000000006], [-70.812067, 42.510329], [-70.811873, 42.51098500000001], [-70.812569, 42.51119], [-70.812298, 42.51149200000001], [-70.812322, 42.511793000000004], [-70.811897, 42.512052], [-70.81294800000002, 42.51229200000001], [-70.813844, 42.512128999999995], [-70.814238, 42.51247400000002], [-70.814323, 42.51282900000001], [-70.814795, 42.51338800000003], [-70.815335, 42.51351900000001], [-70.81537400000002, 42.51372599999999], [-70.814949, 42.513970999999984], [-70.81503400000001, 42.514132], [-70.815738, 42.514161], [-70.81607, 42.514669], [-70.816456, 42.51472600000001], [-70.817399, 42.514293], [-70.817553, 42.513889000000006]]]}}, {"type": "Feature", "properties": {"district_name": "Hampden and Hampshire District", "chamber": "senate", "vintage": "2022-present", "lean_dem_share": 0.5453, "competitiveness": "Lean", "competitiveness_label": "Lean D", "party_favored": "Democratic", "url": "/district/senate-hampden-and-hampshire-district-2022-present/"}, "geometry": {"type": "Polygon", "coordinates": [[[-72.895663, 42.12391699999999], [-72.874469, 42.20677600000001], [-72.87218, 42.216438999999994], [-72.868418, 42.22374799999999], [-72.864279, 42.23226599999999], [-72.857634, 42.240480000000005], [-72.813422, 42.245003999999994], [-72.81440500000001, 42.25681900000002], [-72.735758, 42.266518], [-72.736726, 42.284241], [-72.672091, 42.29188700000002], [-72.672169, 42.290962000000015], [-72.672035, 42.290192999999995], [-72.660216, 42.28925399999998], [-72.660468, 42.288695999999995], [-72.648766, 42.291824000000005], [-72.646138, 42.290468], [-72.643832, 42.28851900000001], [-72.64208, 42.288174000000005], [-72.640677, 42.284137000000015], [-72.637441, 42.287406], [-72.636196, 42.286113], [-72.634849, 42.28538800000001], [-72.633669, 42.285122], [-72.630232, 42.28492899999999], [-72.629022, 42.28526699999998], [-72.627927, 42.28592299999999], [-72.627382, 42.286492], [-72.624521, 42.28814800000001], [-72.622198, 42.289012], [-72.621085, 42.28962], [-72.619303, 42.290067], [-72.614701, 42.29019900000001], [-72.614921, 42.288658000000005], [-72.614449, 42.287506999999984], [-72.612978, 42.286073999999985], [-72.612007, 42.285573], [-72.611098, 42.285334], [-72.605056, 42.28440100000001], [-72.60432000000002, 42.284021], [-72.601209, 42.281259], [-72.600797, 42.279986000000015], [-72.600714, 42.27858700000001], [-72.600376, 42.27739299999998], [-72.599959, 42.276845], [-72.599364, 42.275336], [-72.59884, 42.27066800000001], [-72.59895200000001, 42.268392999999996], [-72.599173, 42.26738100000001], [-72.599917, 42.265741], [-72.600278, 42.265311], [-72.607781, 42.26057999999999], [-72.611248, 42.25725], [-72.612579, 42.255310000000016], [-72.613621, 42.254248999999994], [-72.615071, 42.252013999999996], [-72.618009, 42.248368999999975], [-72.620071, 42.24452099999999], [-72.623983, 42.235925], [-72.62411, 42.23507299999999], [-72.624007, 42.234031000000016], [-72.623656, 42.23165599999999], [-72.623465, 42.23131199999999], [-72.622463, 42.23021099999999], [-72.615725, 42.22711500000001], [-72.614115, 42.226064], [-72.61273, 42.224653999999994], [-72.611959, 42.223611000000005], [-72.611654, 42.22294599999999], [-72.610749, 42.219419999999985], [-72.610078, 42.218189], [-72.60949, 42.217466], [-72.606533, 42.215297], [-72.603803, 42.21386699999999], [-72.602352, 42.21331500000001], [-72.599481, 42.212474], [-72.596133, 42.211774999999996], [-72.593448, 42.211557000000006], [-72.572188, 42.21375500000001], [-72.570966, 42.207444999999986], [-72.57087800000001, 42.205980000000004], [-72.571201, 42.203697], [-72.572399, 42.200712], [-72.57360700000001, 42.20146200000001], [-72.575742, 42.201927], [-72.578933, 42.201615999999994], [-72.57844, 42.197575000000015], [-72.577576, 42.194367], [-72.577272, 42.194233999999994], [-72.575217, 42.19444599999999], [-72.576176, 42.192330000000005], [-72.576324, 42.192378000000005], [-72.576496, 42.191995000000006], [-72.580562, 42.193148], [-72.583769, 42.193639000000005], [-72.584442, 42.193002], [-72.584933, 42.19289199999998], [-72.585454, 42.19351], [-72.588219, 42.192664000000015], [-72.590981, 42.19331600000002], [-72.591297, 42.19283], [-72.592965, 42.19248900000001], [-72.594974, 42.192871], [-72.595059, 42.19212100000001], [-72.595671, 42.191527], [-72.597301, 42.19170100000001], [-72.598097, 42.19157899999998], [-72.59865, 42.191056999999994], [-72.598806, 42.19108000000002], [-72.598889, 42.19053799999999], [-72.599614, 42.190912000000004], [-72.601179, 42.18945500000001], [-72.600503, 42.188834999999976], [-72.60119, 42.18803599999999], [-72.603157, 42.186761000000004], [-72.60265, 42.18761], [-72.603648, 42.187142], [-72.603923, 42.187369], [-72.605129, 42.186208999999984], [-72.606288, 42.18491999999999], [-72.605381, 42.18301899999997], [-72.605275, 42.182038000000006], [-72.605408, 42.181276000000004], [-72.606284, 42.18191300000001], [-72.607509, 42.18242900000002], [-72.610894, 42.182859000000015], [-72.609575, 42.185234], [-72.61029600000002, 42.185223999999984], [-72.610037, 42.185413], [-72.61179, 42.186748], [-72.609958, 42.188078000000004], [-72.608933, 42.188454000000014], [-72.609859, 42.18979], [-72.618778, 42.18661500000001], [-72.621249, 42.18596999999999], [-72.623113, 42.18508400000002], [-72.623745, 42.184552], [-72.625053, 42.18302099999999], [-72.625624, 42.182096], [-72.626133, 42.18112500000001], [-72.627062, 42.17860599999999], [-72.627655, 42.17662800000001], [-72.628258, 42.173590000000004], [-72.628498, 42.171974000000006], [-72.62861, 42.166227], [-72.628407, 42.165162], [-72.627342, 42.16203200000001], [-72.627303, 42.16049000000001], [-72.627843, 42.157833], [-72.62788, 42.155576], [-72.627732, 42.153986999999994], [-72.627036, 42.15133500000001], [-72.625357, 42.149189], [-72.620208, 42.14536900000001], [-72.618363, 42.143706], [-72.615894, 42.13995200000001], [-72.614968, 42.137589], [-72.61501, 42.13682300000001], [-72.615794, 42.13334600000001], [-72.617701, 42.129653000000005], [-72.62089, 42.125092999999985], [-72.621481, 42.123788000000005], [-72.62213100000001, 42.121424000000005], [-72.622132, 42.12035899999999], [-72.620946, 42.116381], [-72.620554, 42.11571], [-72.615425, 42.10970300000001], [-72.61316, 42.107967], [-72.610509, 42.10634499999998], [-72.608958, 42.105598], [-72.601077, 42.10246600000001], [-72.597949, 42.101017000000006], [-72.596765, 42.100344], [-72.592636, 42.097436999999985], [-72.588487, 42.09321200000001], [-72.585619, 42.09002000000001], [-72.584912, 42.088843], [-72.584112, 42.08699699999999], [-72.582612, 42.08106200000002], [-72.582671, 42.079518], [-72.583177, 42.07867200000001], [-72.583722, 42.07799100000002], [-72.587002, 42.07513099999996], [-72.588765, 42.073164], [-72.589383, 42.07219099999998], [-72.591813, 42.069561], [-72.600451, 42.057759], [-72.605747, 42.049178000000005], [-72.606804, 42.046737], [-72.607337, 42.044856999999986], [-72.607984, 42.03904200000001], [-72.60813000000002, 42.03274600000001], [-72.607978, 42.031083], [-72.611739, 42.03106799999999], [-72.640191, 42.03204800000002], [-72.673032, 42.035195], [-72.69933, 42.036957], [-72.714561, 42.03691100000001], [-72.713119, 42.038908], [-72.712461, 42.04122400000001], [-72.712619, 42.043941000000004], [-72.711596, 42.048126999999994], [-72.710975, 42.049806000000004], [-72.709555, 42.052075], [-72.708075, 42.05554300000001], [-72.70763, 42.059245000000004], [-72.708078, 42.06448399999999], [-72.706154, 42.07347], [-72.70673, 42.073792000000005], [-72.705989, 42.08079700000001], [-72.837212, 42.10221800000001], [-72.839319, 42.111726999999995], [-72.853897, 42.11500600000001], [-72.895663, 42.12391699999999]]]}}, {"type": "Feature", "properties": {"district_name": "Hampshire-Franklin-Worcester District", "chamber": "senate", "vintage": "2022-present", "lean_dem_share": 0.7178, "competitiveness": "Safe", "competitiveness_label": "Safe D", "party_favored": "Democratic", "url": "/district/senate-hampshire-franklin-worcester-district-2022-present/"}, "geometry": {"type": "Polygon", "coordinates": [[[-72.741217, 42.36272999999999], [-72.672126, 42.37135299999999], [-72.669138, 42.409710999999994], [-72.629085, 42.414311000000005], [-72.629147, 42.414871999999995], [-72.622315, 42.41510799999999], [-72.585585, 42.42314399999999], [-72.581103, 42.422579000000006], [-72.583018, 42.427584999999986], [-72.584336, 42.432379000000005], [-72.585506, 42.43558799999999], [-72.58793, 42.443375999999994], [-72.58936, 42.44860799999999], [-72.589558, 42.45251499999999], [-72.589083, 42.456537999999995], [-72.587477, 42.462354000000005], [-72.585455, 42.466834], [-72.609232, 42.46397499999999], [-72.611145, 42.47117999999999], [-72.623731, 42.469933000000005], [-72.623614, 42.469048], [-72.631496, 42.468269], [-72.632426, 42.472877], [-72.662769, 42.469262000000015], [-72.660911, 42.48024800000002], [-72.648742, 42.52942900000001], [-72.652227, 42.53382400000002], [-72.65565, 42.54041200000001], [-72.656279, 42.540979], [-72.659698, 42.543123999999985], [-72.661018, 42.544187000000015], [-72.662249, 42.54671], [-72.663652, 42.548802999999985], [-72.6647, 42.54941999999999], [-72.667366, 42.550427], [-72.669244, 42.551453], [-72.673, 42.55186500000001], [-72.674682, 42.552535999999996], [-72.675419, 42.55302600000001], [-72.655344, 42.55523500000001], [-72.651974, 42.56863], [-72.638879, 42.570018], [-72.636821, 42.57798499999999], [-72.649929, 42.576874], [-72.64838, 42.583219], [-72.63304, 42.645351], [-72.620898, 42.646872], [-72.620865, 42.647469], [-72.619554, 42.648596000000005], [-72.619887, 42.649065], [-72.620531, 42.64933800000001], [-72.621174, 42.649903], [-72.621687, 42.651068000000016], [-72.622249, 42.65133800000003], [-72.62290500000002, 42.650978], [-72.623427, 42.65089900000002], [-72.62461, 42.651394999999994], [-72.62464, 42.65191800000001], [-72.625352, 42.65333399999999], [-72.626215, 42.654332000000004], [-72.62613, 42.65469600000001], [-72.625885, 42.65492600000001], [-72.624706, 42.65559300000001], [-72.624529, 42.655989999999996], [-72.62459, 42.656369000000005], [-72.625373, 42.657775], [-72.626735, 42.65919199999998], [-72.62719600000001, 42.659530999999994], [-72.628116, 42.659853000000005], [-72.630827, 42.660129999999995], [-72.632647, 42.66067399999998], [-72.633229, 42.66099799999999], [-72.63308800000001, 42.661598000000005], [-72.631435, 42.662776999999984], [-72.631119, 42.66371], [-72.631181, 42.66479600000001], [-72.631583, 42.665132], [-72.632596, 42.66519], [-72.63321700000002, 42.665403000000005], [-72.633505, 42.665776], [-72.633357, 42.66600600000001], [-72.633493, 42.66632700000002], [-72.635272, 42.66770000000001], [-72.636071, 42.66911000000001], [-72.6368, 42.66979700000001], [-72.637384, 42.67002000000001], [-72.640354, 42.670082999999984], [-72.641039, 42.67026799999999], [-72.641689, 42.67087200000002], [-72.642191, 42.671974000000006], [-72.642964, 42.67293099999999], [-72.646793, 42.674732], [-72.649748, 42.675294], [-72.65197, 42.67662200000001], [-72.652245, 42.677126999999984], [-72.652733, 42.679258999999995], [-72.653097, 42.67992600000001], [-72.655384, 42.681226], [-72.655029, 42.68299300000001], [-72.654125, 42.68361100000002], [-72.652802, 42.683699999999995], [-72.652289, 42.684292], [-72.652061, 42.68510500000001], [-72.652399, 42.685568999999994], [-72.65283, 42.685709], [-72.655766, 42.686107], [-72.656139, 42.686367000000004], [-72.656287, 42.68673299999999], [-72.656221, 42.687025000000006], [-72.655367, 42.68828400000001], [-72.655068, 42.689011000000036], [-72.655231, 42.68971899999998], [-72.657063, 42.690971], [-72.660587, 42.69179], [-72.66238, 42.692450999999984], [-72.662823, 42.69297799999999], [-72.662944, 42.693639999999995], [-72.662272, 42.69422599999999], [-72.662336, 42.694449000000034], [-72.66380300000002, 42.696168], [-72.663742, 42.697295], [-72.664772, 42.69794], [-72.665401, 42.698547999999995], [-72.665411, 42.69942], [-72.665587, 42.699801], [-72.666193, 42.70035], [-72.667021, 42.70061299999998], [-72.66770500000001, 42.701304999999984], [-72.669939, 42.70262100000001], [-72.670794, 42.70344300000001], [-72.67094, 42.70488299999999], [-72.670871, 42.70641799999999], [-72.670517, 42.70749199999999], [-72.6706, 42.70792799999998], [-72.671331, 42.70817100000001], [-72.674218, 42.708158], [-72.674529, 42.70830999999998], [-72.673955, 42.709737999999994], [-72.673905, 42.710254], [-72.673533, 42.71064899999999], [-72.672636, 42.71075799999999], [-72.672514, 42.71092300000001], [-72.67231, 42.71188699999999], [-72.672469, 42.71224500000001], [-72.672312, 42.712559], [-72.67041, 42.713077], [-72.67007, 42.714902], [-72.669771, 42.71563900000001], [-72.669927, 42.71684900000002], [-72.671273, 42.718152999999994], [-72.672103, 42.719387000000005], [-72.672536, 42.721379999999996], [-72.67256, 42.72239], [-72.674693, 42.73289199999999], [-72.598638, 42.73092399999999], [-72.458412, 42.726932999999995], [-72.41434300000002, 42.725377], [-72.345784, 42.72336300000001], [-72.302737, 42.722272000000004], [-72.250963, 42.720685], [-72.111059, 42.717206000000004], [-71.98157800000001, 42.71323199999999], [-71.931072, 42.712165999999996], [-71.898773, 42.711312000000014], [-71.897103, 42.70372799999999], [-71.869778, 42.68364700000001], [-71.865751, 42.684111], [-71.863754, 42.679550999999975], [-71.864076, 42.67955700000001], [-71.857757, 42.674982], [-71.856393, 42.667643000000005], [-71.858482, 42.633841], [-71.858659, 42.62902699999999], [-71.882034, 42.619911], [-71.880601, 42.617339000000015], [-71.883629, 42.616350000000004], [-71.883051, 42.61534200000001], [-71.892139, 42.612466000000005], [-71.89289500000001, 42.613778], [-71.89597400000001, 42.612759999999994], [-71.895295, 42.611602999999995], [-71.910661, 42.6067], [-71.911409, 42.607868], [-71.91303, 42.607381999999994], [-71.912929, 42.607772999999995], [-71.928022, 42.60200900000002], [-71.945815, 42.594910000000006], [-71.950569, 42.60170799999999], [-71.948807, 42.602522], [-71.951726, 42.60755799999999], [-71.950305, 42.60807799999999], [-71.95211800000001, 42.61069700000001], [-71.956446, 42.610272], [-71.975902, 42.627514], [-71.986107, 42.627756], [-71.986073, 42.63001599999999], [-72.03504600000001, 42.608858999999995], [-72.046073, 42.601834999999994], [-72.075749, 42.625235], [-72.116631, 42.62660699999999], [-72.14214000000001, 42.623647000000005], [-72.154375, 42.623829], [-72.154631, 42.622518], [-72.154497, 42.62147999999999], [-72.154728, 42.62009100000002], [-72.156322, 42.61873699999999], [-72.157746, 42.61804], [-72.170742, 42.596996999999995], [-72.167894, 42.600143999999986], [-72.163602, 42.598288999999994], [-72.161301, 42.60107599999999], [-72.15891, 42.599424], [-72.157707, 42.60013299999999], [-72.157075, 42.599422000000004], [-72.159573, 42.59702999999999], [-72.160523, 42.595066999999986], [-72.161532, 42.59414], [-72.162406, 42.59371899999999], [-72.165514, 42.590308], [-72.163141, 42.58885500000002], [-72.167589, 42.584872], [-72.175556, 42.58987000000001], [-72.185642, 42.550360000000005], [-72.100941, 42.48368200000001], [-72.20515, 42.417679], [-72.219029, 42.39549300000001], [-72.229633, 42.400247], [-72.230453, 42.399342000000004], [-72.23109, 42.39889999999999], [-72.233293, 42.39879], [-72.235001, 42.39810399999999], [-72.236519, 42.39725200000001], [-72.236774, 42.396067000000016], [-72.23814800000001, 42.395557000000004], [-72.238512, 42.39526900000001], [-72.238847, 42.394189], [-72.239287, 42.393643999999995], [-72.239081, 42.393145999999994], [-72.238144, 42.392308], [-72.237816, 42.391203], [-72.23798, 42.390690000000006], [-72.238976, 42.390114000000004], [-72.240565, 42.38950700000001], [-72.241021, 42.38908300000001], [-72.240945, 42.388778000000016], [-72.241601, 42.388288], [-72.24226300000001, 42.38810099999999], [-72.244323, 42.38828000000001], [-72.258159, 42.393507], [-72.264118, 42.38662000000001], [-72.264908, 42.387159], [-72.265786, 42.38714800000002], [-72.26596, 42.38727699999998], [-72.266764, 42.388366000000005], [-72.267573, 42.38904600000001], [-72.267927, 42.389995], [-72.26847400000001, 42.390297999999994], [-72.269276, 42.390028999999984], [-72.269784, 42.39035500000001], [-72.270378, 42.39042900000001], [-72.272599, 42.389657], [-72.272861, 42.389136000000015], [-72.272337, 42.388678], [-72.272963, 42.387933000000004], [-72.273247, 42.38711100000001], [-72.273957, 42.385995000000015], [-72.274019, 42.384542], [-72.276748, 42.38294499999999], [-72.278643, 42.38218], [-72.279555, 42.38069099999999], [-72.280026, 42.379285], [-72.280434, 42.378918000000006], [-72.281501, 42.37866499999999], [-72.281856, 42.37824299999999], [-72.281814, 42.377883999999995], [-72.28119, 42.377826999999996], [-72.281013, 42.37766599999999], [-72.28146, 42.37674599999999], [-72.280481, 42.37680399999999], [-72.280931, 42.376138999999995], [-72.280477, 42.37508199999999], [-72.27955, 42.37460100000001], [-72.280287, 42.37376999999999], [-72.28098, 42.37251400000001], [-72.28164600000001, 42.372006], [-72.28203500000001, 42.37191499999999], [-72.282634, 42.372398999999994], [-72.2835, 42.372559999999986], [-72.283617, 42.37238400000001], [-72.284057, 42.37255], [-72.284242, 42.37275600000002], [-72.28410900000002, 42.373176], [-72.284333, 42.37332], [-72.284859, 42.37332800000001], [-72.285038, 42.37307700000001], [-72.285152, 42.364604], [-72.284828, 42.36251500000001], [-72.284367, 42.36138800000001], [-72.284637, 42.36095199999998], [-72.285406, 42.360842], [-72.28550100000001, 42.36055600000001], [-72.284676, 42.35977299999998], [-72.28474, 42.359441], [-72.285318, 42.358319999999985], [-72.285981, 42.358016], [-72.285959, 42.357817999999995], [-72.284523, 42.357474], [-72.283984, 42.35703999999999], [-72.28414, 42.356584000000005], [-72.287394, 42.355372999999986], [-72.287209, 42.35474400000001], [-72.287287, 42.354152000000006], [-72.287039, 42.353852], [-72.286076, 42.353367], [-72.286168, 42.35286399999999], [-72.286438, 42.352698], [-72.288057, 42.352867999999994], [-72.288381, 42.35270199999999], [-72.288531, 42.352159], [-72.289166, 42.351913], [-72.290288, 42.35210900000001], [-72.290516, 42.352012000000016], [-72.290288, 42.351645], [-72.290384, 42.351319000000025], [-72.290716, 42.35104999999998], [-72.291264, 42.351119], [-72.291333, 42.35173600000001], [-72.291981, 42.35182699999999], [-72.292677, 42.351287], [-72.295389, 42.35056899999999], [-72.296709, 42.34936900000001], [-72.297904, 42.34914500000001], [-72.298744, 42.349322000000015], [-72.301127, 42.348434999999995], [-72.301397, 42.348229], [-72.301737, 42.347469], [-72.302925, 42.34667999999999], [-72.303753, 42.345757], [-72.304398, 42.34542199999999], [-72.305028, 42.34521299999999], [-72.3053, 42.34530600000001], [-72.305331, 42.34552299999999], [-72.30483, 42.34565400000002], [-72.30473, 42.345821000000015], [-72.305724, 42.346089], [-72.306382, 42.346053], [-72.30646500000002, 42.345950999999985], [-72.306241, 42.34557399999999], [-72.30711200000002, 42.345035], [-72.306537, 42.344812000000005], [-72.306411, 42.344619], [-72.306804, 42.344282], [-72.30802300000002, 42.344297000000005], [-72.308803, 42.34410199999999], [-72.308859, 42.34436100000001], [-72.308354, 42.344634000000006], [-72.308788, 42.344891], [-72.309331, 42.344549], [-72.30949900000002, 42.344226000000006], [-72.309409, 42.34376100000001], [-72.309763, 42.343638], [-72.310151, 42.343729], [-72.310797, 42.34311700000001], [-72.31149300000001, 42.34316799999999], [-72.312176, 42.342802000000006], [-72.312784, 42.343048999999986], [-72.313382, 42.34301199999999], [-72.31396, 42.343702], [-72.314778, 42.34349600000001], [-72.314893, 42.34216400000001], [-72.314606, 42.340934], [-72.314933, 42.33954299999998], [-72.315464, 42.33935999999999], [-72.316621, 42.33978700000002], [-72.317631, 42.33962600000001], [-72.320336, 42.33646], [-72.321878, 42.335249000000005], [-72.322861, 42.33416], [-72.32318, 42.333278], [-72.323075, 42.33297700000001], [-72.322563, 42.33263300000001], [-72.322386, 42.332283999999994], [-72.322584, 42.331168999999996], [-72.323064, 42.330943000000005], [-72.324559, 42.33095300000001], [-72.324865, 42.330819999999996], [-72.325334, 42.33006599999998], [-72.326085, 42.32824399999999], [-72.326007, 42.327946999999995], [-72.324673, 42.326765999999985], [-72.324535, 42.326297], [-72.3252, 42.32555800000001], [-72.326214, 42.325158], [-72.32643, 42.325449], [-72.326538, 42.326449], [-72.326762, 42.326814], [-72.32761, 42.32675699999999], [-72.32818, 42.326058999999994], [-72.328219, 42.325248], [-72.3274, 42.323477], [-72.327211, 42.320917000000016], [-72.327546, 42.31954], [-72.328117, 42.318745999999976], [-72.328333, 42.31855800000001], [-72.328863, 42.318645], [-72.328834, 42.31942000000001], [-72.329118, 42.319686999999995], [-72.329489, 42.319755], [-72.331377, 42.319604], [-72.333073, 42.319122], [-72.334715, 42.317618], [-72.334699, 42.31670299999998], [-72.335045, 42.31602199999998], [-72.334914, 42.31554200000001], [-72.335246, 42.315142], [-72.336364, 42.315009], [-72.338244, 42.31444599999999], [-72.341559, 42.31443600000001], [-72.342287, 42.314242], [-72.342584, 42.313942999999995], [-72.343597, 42.31188699999999], [-72.344895, 42.31105099999999], [-72.345889, 42.309969], [-72.346259, 42.30977399999999], [-72.348656, 42.30917600000003], [-72.34918, 42.309405000000005], [-72.350159, 42.310312], [-72.351169, 42.31034000000001], [-72.351459, 42.30999299999999], [-72.350937, 42.30907100000002], [-72.350391, 42.308772999999995], [-72.349794, 42.30879299999999], [-72.349557, 42.308643], [-72.349596, 42.30844300000001], [-72.349889, 42.308042999999984], [-72.352278, 42.30793800000001], [-72.352771, 42.30768], [-72.35277800000001, 42.307451000000015], [-72.351992, 42.307166], [-72.351206, 42.30749800000001], [-72.350659, 42.30739], [-72.349703, 42.306426], [-72.349526, 42.305798999999986], [-72.349555, 42.30514599999999], [-72.349894, 42.30451600000001], [-72.350675, 42.304002], [-72.351281, 42.30391], [-72.351558, 42.304041], [-72.351689, 42.30426200000001], [-72.3516, 42.30591499999999], [-72.351891, 42.306412000000016], [-72.3522, 42.30642300000001], [-72.35421, 42.305684000000014], [-72.355189, 42.30463200000001], [-72.356018, 42.30328300000001], [-72.356675, 42.303428999999994], [-72.357277, 42.30448000000001], [-72.357215, 42.304903], [-72.357678, 42.305188], [-72.357864, 42.30579299999999], [-72.358558, 42.305638999999985], [-72.358797, 42.305747], [-72.359098, 42.30666100000001], [-72.359923, 42.30733400000001], [-72.360632, 42.307654], [-72.36010100000001, 42.307837000000006], [-72.360594, 42.308414], [-72.360478, 42.30869999999999], [-72.358895, 42.308697999999985], [-72.358655, 42.30902300000002], [-72.358884, 42.309239], [-72.359013, 42.309849], [-72.358599, 42.30988500000001], [-72.358275, 42.31034900000001], [-72.357328, 42.310389999999984], [-72.356935, 42.310946000000015], [-72.35638, 42.311009000000006], [-72.356326, 42.31123800000001], [-72.35689, 42.311207], [-72.356946, 42.311347], [-72.35645, 42.31216400000001], [-72.35645, 42.312439000000005], [-72.35699, 42.312856], [-72.356928, 42.31303299999999], [-72.356096, 42.31351400000002], [-72.356157, 42.314373999999994], [-72.35494, 42.31489300000001], [-72.354527, 42.315837], [-72.354556, 42.316049000000014], [-72.35521, 42.316527999999984], [-72.354695, 42.317484], [-72.354917, 42.31801800000001], [-72.355227, 42.318197999999995], [-72.35455700000001, 42.31887799999998], [-72.35458, 42.319055999999996], [-72.354873, 42.31912400000001], [-72.355097, 42.31899800000001], [-72.355266, 42.31911199999999], [-72.355204, 42.31933100000001], [-72.355105, 42.31954700000001], [-72.354419, 42.31963899999999], [-72.353741, 42.32069000000001], [-72.353002, 42.321252], [-72.353317, 42.32157200000001], [-72.353342, 42.321828], [-72.353997, 42.322152], [-72.353527, 42.322347], [-72.353658, 42.32273499999998], [-72.353586, 42.32319499999999], [-72.354302, 42.32368299999998], [-72.354273, 42.323856000000006], [-72.353598, 42.32430599999999], [-72.352827, 42.32426], [-72.352101, 42.324743], [-72.351178, 42.324884000000004], [-72.351255, 42.32506099999999], [-72.35188, 42.325341], [-72.351842, 42.325694000000006], [-72.352435, 42.32575700000002], [-72.352945, 42.326298], [-72.352329, 42.32653999999999], [-72.352669, 42.327425], [-72.353594, 42.327692000000006], [-72.352233, 42.328725], [-72.352901, 42.329092999999986], [-72.352487, 42.32965500000001], [-72.352128, 42.329425], [-72.351899, 42.32978499999999], [-72.351128, 42.329563], [-72.351961, 42.33080300000001], [-72.352532, 42.331134999999996], [-72.352763, 42.331815], [-72.352524, 42.332438], [-72.35204, 42.33294800000001], [-72.352201, 42.333325], [-72.351946, 42.33337699999999], [-72.35169900000001, 42.3332], [-72.351491, 42.333628000000004], [-72.35099, 42.33364099999999], [-72.35156800000001, 42.33419399999999], [-72.350975, 42.33471500000001], [-72.351045, 42.335165999999994], [-72.351174, 42.335335999999984], [-72.351638, 42.335417], [-72.351778, 42.33567900000001], [-72.351555, 42.33574900000001], [-72.352087, 42.336284], [-72.352272, 42.336176000000016], [-72.352332, 42.33583400000001], [-72.352927, 42.336276999999995], [-72.353183, 42.33697300000001], [-72.352666, 42.337157000000005], [-72.3535, 42.337585], [-72.352948, 42.337877], [-72.352884, 42.33817400000001], [-72.353663, 42.33851600000001], [-72.353648, 42.338727], [-72.353401, 42.33891], [-72.353455, 42.33913900000001], [-72.353935, 42.339093], [-72.354157, 42.33922400000001], [-72.353988, 42.340068000000024], [-72.354767, 42.33980799999999], [-72.354972, 42.339911], [-72.355045, 42.340379], [-72.355396, 42.34067800000002], [-72.380368, 42.340613999999995], [-72.393708, 42.339296], [-72.39347, 42.338168999999986], [-72.405455, 42.336437], [-72.409417, 42.358762], [-72.472287, 42.35145800000001], [-72.464195, 42.308053], [-72.479694, 42.306902000000015], [-72.4831, 42.30531900000001], [-72.487764, 42.304708000000005], [-72.490609, 42.30363200000001], [-72.493586, 42.302268], [-72.498034, 42.30511899999998], [-72.499117, 42.306263], [-72.500745, 42.305166], [-72.504151, 42.30547100000002], [-72.506665, 42.306388000000005], [-72.510191, 42.305569], [-72.521421, 42.302182], [-72.524673, 42.303155], [-72.526843, 42.301903000000024], [-72.527961, 42.30145799999999], [-72.531212, 42.303624], [-72.535151, 42.30425199999999], [-72.539903, 42.304127], [-72.544658, 42.30568300000001], [-72.564951, 42.30383299999999], [-72.569306, 42.30448900000001], [-72.577285, 42.302981], [-72.587961, 42.300358], [-72.595326, 42.294431000000024], [-72.602124, 42.288045], [-72.609948, 42.285224], [-72.612007, 42.285573], [-72.612978, 42.286073999999985], [-72.613641, 42.286628000000015], [-72.614449, 42.287506999999984], [-72.614921, 42.288658000000005], [-72.614701, 42.29019900000001], [-72.619303, 42.290067], [-72.621085, 42.28962], [-72.622198, 42.289012], [-72.624521, 42.28814800000001], [-72.627382, 42.286492], [-72.627927, 42.28592299999999], [-72.629022, 42.28526699999998], [-72.630232, 42.28492899999999], [-72.633669, 42.285122], [-72.634849, 42.28538800000001], [-72.636196, 42.286113], [-72.637441, 42.287406], [-72.640677, 42.284137000000015], [-72.64208, 42.288174000000005], [-72.643832, 42.28851900000001], [-72.646138, 42.290468], [-72.648766, 42.291824000000005], [-72.660468, 42.288695999999995], [-72.660216, 42.28925399999998], [-72.672035, 42.290192999999995], [-72.672169, 42.290962000000015], [-72.672091, 42.29188700000002], [-72.736726, 42.284241], [-72.741217, 42.36272999999999]]]}}, {"type": "Feature", "properties": {"district_name": "Second Middlesex District", "chamber": "senate", "vintage": "2022-present", "lean_dem_share": 0.8186, "competitiveness": "Safe", "competitiveness_label": "Safe D", "party_favored": "Democratic", "url": "/district/senate-second-middlesex-district-2022-present/"}, "geometry": {"type": "Polygon", "coordinates": [[[-71.189635, 42.44983], [-71.163003, 42.46019600000001], [-71.156237, 42.456917], [-71.15233, 42.46370699999999], [-71.150544, 42.46429500000001], [-71.150404, 42.463884000000014], [-71.14970900000002, 42.463167], [-71.14971, 42.462213], [-71.149355, 42.461417999999995], [-71.1488, 42.460775], [-71.147958, 42.46052600000001], [-71.147179, 42.460573], [-71.144149, 42.457895], [-71.142429, 42.45720800000001], [-71.141873, 42.456874], [-71.141491, 42.45634900000001], [-71.142131, 42.456006], [-71.14342600000002, 42.45467500000001], [-71.145552, 42.453158], [-71.146474, 42.452178999999994], [-71.146372, 42.451499], [-71.146002, 42.451379], [-71.144865, 42.451463999999994], [-71.143845, 42.450312999999994], [-71.145169, 42.449777], [-71.144189, 42.44876800000001], [-71.143053, 42.447913000000014], [-71.144042, 42.446977999999994], [-71.13826, 42.444064000000004], [-71.137092, 42.443318999999995], [-71.136193, 42.442485000000005], [-71.135841, 42.44247400000001], [-71.134714, 42.44356], [-71.134112, 42.447432], [-71.130161, 42.44649500000003], [-71.128835, 42.445914], [-71.126065, 42.44515399999998], [-71.125513, 42.44467100000003], [-71.125577, 42.44434200000002], [-71.125906, 42.444065], [-71.126546, 42.44391099999999], [-71.12523000000002, 42.44334099999999], [-71.124042, 42.443369999999994], [-71.124005, 42.44382700000001], [-71.124153, 42.444115999999994], [-71.121346, 42.448670000000014], [-71.119402, 42.453445], [-71.104867, 42.448879], [-71.085639, 42.44468799999999], [-71.088031, 42.42902600000001], [-71.089062, 42.42911500000001], [-71.089446, 42.42662299999999], [-71.08588, 42.417913], [-71.08349, 42.41600700000001], [-71.081724, 42.41515700000001], [-71.07991, 42.415166000000006], [-71.07931, 42.414938], [-71.077132, 42.41328500000001], [-71.076296, 42.413063], [-71.07549, 42.41327699999999], [-71.075332, 42.41297299999998], [-71.074734, 42.412546999999996], [-71.073574, 42.41271600000001], [-71.073196, 42.41299599999999], [-71.072214, 42.412189999999995], [-71.071907, 42.41167200000001], [-71.071873, 42.411099000000014], [-71.072161, 42.41036299999999], [-71.073552, 42.40939300000001], [-71.073785, 42.40886799999999], [-71.073659, 42.40851899999999], [-71.072692, 42.408237], [-71.071297, 42.40692200000001], [-71.073448, 42.402665000000006], [-71.075988, 42.399706000000016], [-71.076419, 42.39777299999999], [-71.075586, 42.39524700000001], [-71.073496, 42.391795999999985], [-71.079713, 42.38292100000003], [-71.080971, 42.38232300000001], [-71.080701, 42.381039], [-71.075657, 42.380196000000005], [-71.072689, 42.37322199999999], [-71.074202, 42.372527], [-71.074903, 42.372878], [-71.075983, 42.37402999999999], [-71.076833, 42.37364300000001], [-71.077601, 42.373565000000006], [-71.078003, 42.373616000000005], [-71.078987, 42.37417299999999], [-71.079964, 42.373809], [-71.080364, 42.374117999999996], [-71.081197, 42.374055999999996], [-71.081656, 42.373960999999994], [-71.082001, 42.373554999999996], [-71.082414, 42.37341], [-71.084445, 42.373301], [-71.084952, 42.37346], [-71.085443, 42.37404499999999], [-71.086088, 42.373059], [-71.089783, 42.373948], [-71.093143, 42.374210000000005], [-71.097463, 42.374431], [-71.103204, 42.374327], [-71.108457, 42.379112000000006], [-71.107855, 42.379374], [-71.110699, 42.381687], [-71.111578, 42.381785999999984], [-71.11214200000002, 42.381513], [-71.112459, 42.38177399999999], [-71.114541, 42.38080099999999], [-71.116395, 42.380874], [-71.116506, 42.37982600000002], [-71.119983, 42.37998300000001], [-71.121525, 42.379784], [-71.121948, 42.38082300000001], [-71.122383, 42.38121199999999], [-71.125065, 42.380135], [-71.127188, 42.382490000000004], [-71.128258, 42.382038000000016], [-71.128634, 42.38224499999999], [-71.128804, 42.38210900000001], [-71.130224, 42.383065], [-71.13041, 42.38291799999998], [-71.132419, 42.383821000000005], [-71.132855, 42.38327600000001], [-71.135794, 42.3846], [-71.135211, 42.385301], [-71.13475800000002, 42.38557200000001], [-71.136535, 42.38618200000001], [-71.138372, 42.38743999999999], [-71.140809, 42.38714199999999], [-71.140993, 42.387097], [-71.141017, 42.386907], [-71.141637, 42.387190000000004], [-71.14164, 42.387051], [-71.143683, 42.38825], [-71.144134, 42.388679999999994], [-71.143436, 42.38871199999999], [-71.143097, 42.38903], [-71.141699, 42.390658], [-71.141121, 42.392092000000005], [-71.145248, 42.392878], [-71.150115, 42.39493300000001], [-71.153169, 42.39564300000001], [-71.156362, 42.395852], [-71.152057, 42.40104], [-71.143593, 42.39741199999999], [-71.142053, 42.39836100000001], [-71.1409, 42.399532], [-71.140372, 42.39983100000001], [-71.139334, 42.400148], [-71.137859, 42.40030600000001], [-71.136303, 42.400991], [-71.134742, 42.40291799999999], [-71.134515, 42.40415300000001], [-71.134635, 42.404258999999996], [-71.134466, 42.40600199999999], [-71.13412, 42.40673400000001], [-71.132317, 42.409170999999986], [-71.132247, 42.41017800000001], [-71.132887, 42.41197299999998], [-71.132435, 42.415215999999994], [-71.134207, 42.415467], [-71.13629, 42.41514600000001], [-71.138458, 42.415516], [-71.140084, 42.41643200000001], [-71.141544, 42.41838400000001], [-71.14276, 42.419351999999996], [-71.142965, 42.420061999999994], [-71.142599, 42.42169200000001], [-71.142675, 42.421865], [-71.144821, 42.42253000000001], [-71.145183, 42.42279599999999], [-71.145798, 42.42340599999999], [-71.146784, 42.425262000000004], [-71.14854, 42.430717], [-71.149886, 42.43583999999999], [-71.182277, 42.43627900000001], [-71.177885, 42.440200999999995], [-71.182562, 42.443637], [-71.182543, 42.443893], [-71.183529, 42.444001000000014], [-71.183486, 42.444117], [-71.183979, 42.44421499999999], [-71.183815, 42.444609], [-71.185713, 42.44500400000002], [-71.186454, 42.44562600000001], [-71.187452, 42.44725800000001], [-71.189635, 42.44983]]]}}, {"type": "Feature", "properties": {"district_name": "Hampden-Hampshire-Worcester District", "chamber": "senate", "vintage": "2022-present", "lean_dem_share": 0.5494, "competitiveness": "Lean", "competitiveness_label": "Lean D", "party_favored": "Democratic", "url": "/district/senate-hampden-hampshire-worcester-district-2022-present/"}, "geometry": {"type": "Polygon", "coordinates": [[[-72.62411, 42.23507299999999], [-72.623983, 42.235925], [-72.621342, 42.24182], [-72.618681, 42.247245], [-72.618009, 42.248368999999975], [-72.615071, 42.252013999999996], [-72.613621, 42.254248999999994], [-72.612579, 42.255310000000016], [-72.611248, 42.25725], [-72.607781, 42.26057999999999], [-72.600278, 42.265311], [-72.599917, 42.265741], [-72.599074, 42.267718000000016], [-72.59884, 42.27066800000001], [-72.599364, 42.275336], [-72.599959, 42.276845], [-72.600376, 42.27739299999998], [-72.600714, 42.27858700000001], [-72.600797, 42.279986000000015], [-72.601209, 42.281259], [-72.60432000000002, 42.284021], [-72.605056, 42.28440100000001], [-72.609948, 42.285224], [-72.602124, 42.288045], [-72.595326, 42.294431000000024], [-72.587961, 42.300358], [-72.577285, 42.302981], [-72.569306, 42.30448900000001], [-72.564951, 42.30383299999999], [-72.544658, 42.30568300000001], [-72.539903, 42.304127], [-72.535151, 42.30425199999999], [-72.531212, 42.303624], [-72.527961, 42.30145799999999], [-72.526843, 42.301903000000024], [-72.524673, 42.303155], [-72.521421, 42.302182], [-72.510191, 42.305569], [-72.506665, 42.306388000000005], [-72.504151, 42.30547100000002], [-72.500745, 42.305166], [-72.499117, 42.306263], [-72.498034, 42.30511899999998], [-72.493586, 42.302268], [-72.490609, 42.30363200000001], [-72.487764, 42.304708000000005], [-72.4831, 42.30531900000001], [-72.479694, 42.306902000000015], [-72.464195, 42.308053], [-72.472287, 42.35145800000001], [-72.409417, 42.358762], [-72.405455, 42.336437], [-72.39347, 42.338168999999986], [-72.393708, 42.339296], [-72.380368, 42.340613999999995], [-72.355396, 42.34067800000002], [-72.355045, 42.340379], [-72.354972, 42.339911], [-72.354767, 42.33980799999999], [-72.353988, 42.340068000000024], [-72.354157, 42.33922400000001], [-72.353935, 42.339093], [-72.353455, 42.33913900000001], [-72.353401, 42.33891], [-72.353648, 42.338727], [-72.353663, 42.33851600000001], [-72.352884, 42.33817400000001], [-72.352948, 42.337877], [-72.3535, 42.337585], [-72.352666, 42.337157000000005], [-72.353183, 42.33697300000001], [-72.352927, 42.336276999999995], [-72.352332, 42.33583400000001], [-72.352272, 42.336176000000016], [-72.352087, 42.336284], [-72.351555, 42.33574900000001], [-72.351778, 42.33567900000001], [-72.351638, 42.335417], [-72.351174, 42.335335999999984], [-72.351045, 42.335165999999994], [-72.350975, 42.33471500000001], [-72.35156800000001, 42.33419399999999], [-72.35099, 42.33364099999999], [-72.351491, 42.333628000000004], [-72.35169900000001, 42.3332], [-72.351946, 42.33337699999999], [-72.352201, 42.333325], [-72.35204, 42.33294800000001], [-72.352524, 42.332438], [-72.352763, 42.331815], [-72.352532, 42.331134999999996], [-72.351961, 42.33080300000001], [-72.351128, 42.329563], [-72.351899, 42.32978499999999], [-72.352128, 42.329425], [-72.352487, 42.32965500000001], [-72.352901, 42.329092999999986], [-72.352233, 42.328725], [-72.353594, 42.327692000000006], [-72.352669, 42.327425], [-72.352329, 42.32653999999999], [-72.352945, 42.326298], [-72.352435, 42.32575700000002], [-72.351842, 42.325694000000006], [-72.35188, 42.325341], [-72.351255, 42.32506099999999], [-72.351178, 42.324884000000004], [-72.352101, 42.324743], [-72.352827, 42.32426], [-72.353598, 42.32430599999999], [-72.354273, 42.323856000000006], [-72.354302, 42.32368299999998], [-72.353586, 42.32319499999999], [-72.353658, 42.32273499999998], [-72.353527, 42.322347], [-72.353997, 42.322152], [-72.353342, 42.321828], [-72.353317, 42.32157200000001], [-72.353002, 42.321252], [-72.353741, 42.32069000000001], [-72.354419, 42.31963899999999], [-72.355105, 42.31954700000001], [-72.355204, 42.31933100000001], [-72.355266, 42.31911199999999], [-72.355097, 42.31899800000001], [-72.354873, 42.31912400000001], [-72.35458, 42.319055999999996], [-72.35455700000001, 42.31887799999998], [-72.355227, 42.318197999999995], [-72.354917, 42.31801800000001], [-72.354695, 42.317484], [-72.35521, 42.316527999999984], [-72.354556, 42.316049000000014], [-72.354527, 42.315837], [-72.35494, 42.31489300000001], [-72.356157, 42.314373999999994], [-72.356096, 42.31351400000002], [-72.356928, 42.31303299999999], [-72.35699, 42.312856], [-72.35645, 42.312439000000005], [-72.35645, 42.31216400000001], [-72.356946, 42.311347], [-72.35689, 42.311207], [-72.356326, 42.31123800000001], [-72.35638, 42.311009000000006], [-72.356935, 42.310946000000015], [-72.357328, 42.310389999999984], [-72.358275, 42.31034900000001], [-72.358599, 42.30988500000001], [-72.359013, 42.309849], [-72.358884, 42.309239], [-72.358655, 42.30902300000002], [-72.358895, 42.308697999999985], [-72.360478, 42.30869999999999], [-72.360594, 42.308414], [-72.36010100000001, 42.307837000000006], [-72.360632, 42.307654], [-72.359923, 42.30733400000001], [-72.359098, 42.30666100000001], [-72.358797, 42.305747], [-72.358558, 42.305638999999985], [-72.357864, 42.30579299999999], [-72.357678, 42.305188], [-72.357215, 42.304903], [-72.357277, 42.30448000000001], [-72.356675, 42.303428999999994], [-72.353754, 42.302547], [-72.353646, 42.302353], [-72.354631, 42.30091199999999], [-72.354896, 42.29984600000001], [-72.35472300000002, 42.29919800000001], [-72.354317, 42.298913], [-72.350766, 42.298435], [-72.350807, 42.298244999999994], [-72.351963, 42.297895000000004], [-72.352442, 42.29682599999999], [-72.352635, 42.29573399999999], [-72.352199, 42.295433], [-72.350596, 42.29501199999999], [-72.350041, 42.29464800000001], [-72.348631, 42.29458599999999], [-72.348531, 42.29419299999998], [-72.348851, 42.291090999999994], [-72.350035, 42.28796000000001], [-72.350214, 42.287019], [-72.35075, 42.285954], [-72.350872, 42.285278], [-72.35068, 42.284679999999994], [-72.35012, 42.284265999999995], [-72.348445, 42.283792], [-72.34679, 42.28361000000002], [-72.346168, 42.283362], [-72.343261, 42.28165400000002], [-72.341136, 42.28148900000001], [-72.339443, 42.280877999999994], [-72.338484, 42.27981900000001], [-72.338292, 42.279411], [-72.338429, 42.278285], [-72.338799, 42.27711599999999], [-72.338851, 42.275294], [-72.338258, 42.27418900000001], [-72.336456, 42.27340399999999], [-72.333071, 42.27285300000001], [-72.331975, 42.27205499999999], [-72.331583, 42.27128399999999], [-72.33173000000001, 42.27015900000001], [-72.33289, 42.267761], [-72.334244, 42.26653400000001], [-72.334513, 42.266051999999995], [-72.334398, 42.26508500000001], [-72.333658, 42.26436900000001], [-72.333621, 42.263305], [-72.33378, 42.26265499999999], [-72.334114, 42.26236800000001], [-72.334492, 42.26230200000001], [-72.335852, 42.262563], [-72.337375, 42.26168299999999], [-72.337779, 42.26093199999998], [-72.337763, 42.26037], [-72.336712, 42.259395], [-72.337992, 42.25933499999999], [-72.338416, 42.259055], [-72.3385, 42.25867600000001], [-72.338339, 42.258432], [-72.336681, 42.258075], [-72.336407, 42.257684000000005], [-72.336738, 42.25717100000001], [-72.336313, 42.256247], [-72.336237, 42.255188], [-72.335606, 42.253858000000015], [-72.334759, 42.25123399999999], [-72.334673, 42.24963899999998], [-72.334951, 42.24852700000001], [-72.334868, 42.24746300000002], [-72.333542, 42.245591000000005], [-72.333642, 42.24536000000001], [-72.33487, 42.24505299999998], [-72.335206, 42.244447], [-72.335227, 42.24394100000001], [-72.334927, 42.24353599999999], [-72.334858, 42.243103999999995], [-72.334786, 42.241309], [-72.333776, 42.240372], [-72.332948, 42.237092], [-72.333319, 42.23604100000003], [-72.333157, 42.23465], [-72.334181, 42.23350200000001], [-72.334305, 42.233028], [-72.334196, 42.23254], [-72.334472, 42.232062], [-72.33401, 42.23051600000001], [-72.334016, 42.22932099999999], [-72.334373, 42.228750000000005], [-72.33576, 42.22772799999999], [-72.335432, 42.226828000000005], [-72.337075, 42.22341200000002], [-72.336982, 42.223105], [-72.335447, 42.222030000000004], [-72.33544, 42.22149499999999], [-72.335968, 42.22015900000001], [-72.281295, 42.235019999999984], [-72.27767, 42.233103], [-72.273772, 42.235847], [-72.271587, 42.236307], [-72.271133, 42.23652799999999], [-72.27054800000002, 42.237125999999996], [-72.268231, 42.22931099999999], [-72.257614, 42.229873999999995], [-72.247013, 42.242094], [-72.221218, 42.245252000000015], [-72.218068, 42.248605], [-72.214821, 42.24904099999999], [-72.214584, 42.24757100000001], [-72.21046, 42.24720499999999], [-72.211079, 42.251262], [-72.182506, 42.25138700000002], [-72.182161, 42.247971], [-72.18112600000002, 42.24607400000001], [-72.179567, 42.24625499999999], [-72.179403, 42.24606200000001], [-72.179736, 42.24573], [-72.17942, 42.24553000000001], [-72.179723, 42.24483], [-72.179258, 42.244617], [-72.17935700000001, 42.244410999999985], [-72.179166, 42.244202999999985], [-72.179321, 42.24404299999999], [-72.179121, 42.243655], [-72.179126, 42.24309400000002], [-72.178683, 42.24235500000001], [-72.178733, 42.24175000000001], [-72.178174, 42.239625999999994], [-72.17846, 42.23913299999999], [-72.178018, 42.23882699999999], [-72.177808, 42.238257999999995], [-72.177585, 42.23808100000001], [-72.177498, 42.237697], [-72.177655, 42.237266999999996], [-72.176754, 42.236854000000015], [-72.175809, 42.23700299999999], [-72.174507, 42.23670199999999], [-72.17409, 42.23576600000001], [-72.173159, 42.23505999999999], [-72.172222, 42.234770000000005], [-72.171966, 42.23454600000001], [-72.171661, 42.23457800000002], [-72.171304, 42.23429300000002], [-72.171433, 42.234159], [-72.171059, 42.23380700000003], [-72.171193, 42.233534], [-72.170607, 42.233288], [-72.170099, 42.232581999999965], [-72.153902, 42.207183], [-72.141886, 42.161], [-72.199348, 42.153707000000004], [-72.20062600000001, 42.16128699999999], [-72.263924, 42.183831], [-72.263247, 42.182079], [-72.263371, 42.181543999999995], [-72.263918, 42.180952999999995], [-72.263951, 42.180707], [-72.263481, 42.17985999999999], [-72.263352, 42.178940999999995], [-72.262078, 42.17785400000002], [-72.261654, 42.176926999999985], [-72.262124, 42.175802], [-72.263626, 42.17528400000004], [-72.263938, 42.174739], [-72.263472, 42.173295], [-72.262011, 42.172165000000035], [-72.261554, 42.17149400000002], [-72.262069, 42.16984500000002], [-72.262828, 42.16868100000001], [-72.264022, 42.16822000000001], [-72.264742, 42.16710600000001], [-72.265944, 42.166804000000006], [-72.266881, 42.166253999999995], [-72.268221, 42.16347299999999], [-72.268231, 42.162707000000005], [-72.267828, 42.16216199999999], [-72.26696, 42.16162499999998], [-72.266676, 42.16095], [-72.266821, 42.16052400000002], [-72.26786400000002, 42.159831000000004], [-72.26822, 42.15938800000001], [-72.268381, 42.15828900000001], [-72.267828, 42.15768099999998], [-72.267631, 42.157063], [-72.267156, 42.15646100000001], [-72.266434, 42.15614600000003], [-72.265897, 42.15612500000001], [-72.265554, 42.15575599999999], [-72.265273, 42.154624000000005], [-72.265537, 42.154317000000006], [-72.266269, 42.15410599999999], [-72.266775, 42.153531], [-72.266741, 42.152682], [-72.267298, 42.151597999999986], [-72.267337, 42.150399], [-72.267781, 42.14907200000002], [-72.268404, 42.148233000000005], [-72.269322, 42.14737000000001], [-72.268998, 42.146155], [-72.269188, 42.145452], [-72.270641, 42.14363199999999], [-72.271573, 42.143096], [-72.273395, 42.14290999999999], [-72.274927, 42.143975], [-72.277309, 42.143441], [-72.279724, 42.143635], [-72.280396, 42.14341500000002], [-72.280988, 42.14294999999999], [-72.281309, 42.142435], [-72.281347, 42.14169900000002], [-72.281641, 42.141469000000015], [-72.284928, 42.14115000000001], [-72.285887, 42.141282], [-72.286267, 42.141691], [-72.287017, 42.14189900000001], [-72.288329, 42.14174100000001], [-72.289561, 42.14203899999999], [-72.290954, 42.14213199999999], [-72.291684, 42.14246099999998], [-72.293115, 42.14382400000001], [-72.29382, 42.143895999999984], [-72.295102, 42.14332400000001], [-72.295909, 42.143261], [-72.297039, 42.14442900000001], [-72.298385, 42.144735], [-72.302322, 42.14415700000001], [-72.303985, 42.144522], [-72.30578, 42.14447100000001], [-72.307668, 42.144918], [-72.308739, 42.14473800000001], [-72.311136, 42.143314], [-72.31229, 42.143379999999986], [-72.313359, 42.14374], [-72.31439800000001, 42.144366000000005], [-72.314456, 42.14489600000001], [-72.314059, 42.14605], [-72.31569800000001, 42.147944], [-72.316166, 42.14822200000002], [-72.316527, 42.148245], [-72.317125, 42.147941], [-72.318232, 42.14654499999998], [-72.318625, 42.146317999999994], [-72.318883, 42.14635499999999], [-72.31962, 42.146874], [-72.320811, 42.147219], [-72.321344, 42.148588], [-72.321721, 42.149199], [-72.322094, 42.14948400000001], [-72.322707, 42.14969099999999], [-72.323673, 42.149313], [-72.324545, 42.149608], [-72.325892, 42.151376000000006], [-72.32894, 42.15157399999999], [-72.330296, 42.152004], [-72.330657, 42.152475], [-72.332479, 42.15628999999998], [-72.332872, 42.156761], [-72.33367700000001, 42.15722199999999], [-72.333838, 42.157732], [-72.334348, 42.15788800000001], [-72.33497500000001, 42.158628], [-72.335544, 42.15897699999998], [-72.33610100000001, 42.15918], [-72.338691, 42.159404000000016], [-72.34003800000002, 42.15926600000002], [-72.340491, 42.159015], [-72.341289, 42.15900100000001], [-72.341785, 42.15952600000001], [-72.342094, 42.160664], [-72.342737, 42.161222], [-72.343334, 42.16114400000001], [-72.34402400000002, 42.16042], [-72.344828, 42.160075], [-72.345227, 42.160347], [-72.345121, 42.160847000000004], [-72.345326, 42.161331], [-72.346305, 42.161713], [-72.3477, 42.16082099999999], [-72.348421, 42.16084700000001], [-72.348908, 42.16044800000001], [-72.350396, 42.160992], [-72.352328, 42.160726999999994], [-72.354257, 42.16094800000001], [-72.355077, 42.160845000000016], [-72.35744, 42.159223000000004], [-72.358946, 42.158778999999996], [-72.36069, 42.158643000000005], [-72.364949, 42.155529], [-72.365533, 42.154645999999985], [-72.366318, 42.154332999999994], [-72.367467, 42.154326000000005], [-72.369127, 42.15384000000002], [-72.370135, 42.15374099999999], [-72.37097, 42.154078999999996], [-72.372109, 42.154056999999995], [-72.37296, 42.15389900000002], [-72.373859, 42.153489000000015], [-72.378777, 42.152672999999986], [-72.382149, 42.15235099999998], [-72.383533, 42.152483000000004], [-72.386181, 42.15227899999999], [-72.389044, 42.152416], [-72.379439, 42.103134], [-72.366991, 42.03270499999999], [-72.391818, 42.03295200000002], [-72.460119, 42.034357], [-72.492236, 42.034214000000006], [-72.531549, 42.034577999999996], [-72.572778, 42.030218999999995], [-72.582163, 42.02474100000001], [-72.607169, 42.02514800000001], [-72.60813000000002, 42.03274600000001], [-72.607984, 42.03904200000001], [-72.607337, 42.044856999999986], [-72.60638, 42.04783599999999], [-72.60525, 42.050048], [-72.600451, 42.057759], [-72.591813, 42.069561], [-72.589383, 42.07219099999998], [-72.588765, 42.073164], [-72.587002, 42.07513099999996], [-72.583722, 42.07799100000002], [-72.583024, 42.078889000000025], [-72.582671, 42.079518], [-72.582581, 42.080787000000015], [-72.582693, 42.081557999999994], [-72.579985, 42.082026000000006], [-72.579892, 42.082494], [-72.579576, 42.082922], [-72.579722, 42.08351900000002], [-72.574119, 42.084394999999994], [-72.574053, 42.084188999999995], [-72.573704, 42.08423399999999], [-72.56908, 42.085075999999994], [-72.569433, 42.085747], [-72.568004, 42.086041], [-72.567418, 42.084322], [-72.563317, 42.085123], [-72.564135, 42.087324], [-72.558031, 42.086206000000004], [-72.557763, 42.086267], [-72.55592300000002, 42.085811], [-72.55549, 42.085388], [-72.556394, 42.084898], [-72.555272, 42.08377899999999], [-72.556053, 42.08341899999999], [-72.55788000000001, 42.08299000000001], [-72.558276, 42.082702], [-72.559167, 42.07811800000001], [-72.558893, 42.076963], [-72.558295, 42.076681], [-72.55736, 42.076867], [-72.556854, 42.07675499999999], [-72.556454, 42.076557], [-72.556065, 42.075830999999994], [-72.555782, 42.075613000000004], [-72.554803, 42.075601], [-72.551779, 42.074418000000016], [-72.551245, 42.073863], [-72.550675, 42.073950999999994], [-72.550221, 42.07379799999998], [-72.550066, 42.073938000000005], [-72.548007, 42.074088], [-72.548277, 42.07475600000001], [-72.548198, 42.07517700000001], [-72.547986, 42.07538300000001], [-72.54855, 42.07567099999999], [-72.546036, 42.07714199999999], [-72.547337, 42.078435], [-72.546799, 42.07884], [-72.546942, 42.079683999999986], [-72.547537, 42.08027899999998], [-72.545827, 42.08047700000001], [-72.546171, 42.082244], [-72.545017, 42.08240999999999], [-72.54444, 42.083704999999995], [-72.54357400000002, 42.08350500000001], [-72.54206100000002, 42.08241199999999], [-72.541913, 42.08035700000001], [-72.53985, 42.080522000000016], [-72.539973, 42.081404000000006], [-72.539409, 42.081222000000004], [-72.528275, 42.08258200000001], [-72.529224, 42.08668900000002], [-72.529409, 42.08846200000001], [-72.528273, 42.08844499999998], [-72.528548, 42.09011699999999], [-72.528978, 42.09072200000001], [-72.528996, 42.09111800000001], [-72.531126, 42.091146], [-72.531191, 42.091388999999985], [-72.542074, 42.08924800000001], [-72.542449, 42.09195600000001], [-72.545452, 42.092228000000006], [-72.544664, 42.09311300000002], [-72.54304, 42.094208000000016], [-72.54201600000002, 42.094842999999976], [-72.540824, 42.095326], [-72.541366, 42.099134], [-72.540019, 42.09961], [-72.538178, 42.099771999999994], [-72.538152, 42.10065599999998], [-72.537352, 42.102534999999996], [-72.537277, 42.103137], [-72.537572, 42.103831000000014], [-72.538149, 42.10444900000002], [-72.53939, 42.105028000000004], [-72.540206, 42.10513100000001], [-72.54236400000002, 42.10491700000001], [-72.544265, 42.105005], [-72.545434, 42.104890000000005], [-72.546119, 42.10514299999999], [-72.546415, 42.105727], [-72.543823, 42.10581199999999], [-72.542531, 42.10789400000001], [-72.533931, 42.107693999999995], [-72.532563, 42.105506000000005], [-72.531276, 42.10433], [-72.529375, 42.103582], [-72.528123, 42.103438000000004], [-72.526568, 42.10332400000001], [-72.525315, 42.10377], [-72.524446, 42.104318], [-72.523076, 42.10448199999997], [-72.522259, 42.10475699999999], [-72.521753, 42.104642999999996], [-72.521523, 42.103597000000015], [-72.510161, 42.10493199999999], [-72.509024, 42.105431999999986], [-72.508311, 42.10603900000002], [-72.50333300000001, 42.11340100000002], [-72.505674, 42.11394399999999], [-72.508658, 42.113907], [-72.50879, 42.11477900000002], [-72.508649, 42.117549000000004], [-72.504482, 42.117477], [-72.503447, 42.117296], [-72.498557, 42.115320999999994], [-72.498397, 42.11429], [-72.499261, 42.111774], [-72.499327, 42.111125000000015], [-72.49918, 42.110380000000006], [-72.497667, 42.11033800000002], [-72.492532, 42.110959000000015], [-72.490409, 42.11082399999999], [-72.490095, 42.11066199999999], [-72.48947, 42.10970100000001], [-72.488252, 42.106863], [-72.486343, 42.10520999999999], [-72.485517, 42.10540100000001], [-72.484858, 42.10530700000001], [-72.482796, 42.104312], [-72.481864, 42.10514], [-72.481505, 42.10528099999999], [-72.480512, 42.10627100000001], [-72.479277, 42.10688999999999], [-72.478342, 42.10539500000001], [-72.477358, 42.104475], [-72.473804, 42.10318000000001], [-72.484595, 42.156524000000005], [-72.487185, 42.157297], [-72.4881, 42.15796200000001], [-72.48812200000002, 42.158305], [-72.487822, 42.15875100000001], [-72.487004, 42.15905999999998], [-72.486662, 42.159351], [-72.486686, 42.15967900000001], [-72.486981, 42.159942], [-72.487629, 42.159946], [-72.488898, 42.15906400000001], [-72.489465, 42.159042], [-72.48972, 42.15921], [-72.489887, 42.159684], [-72.48903, 42.161255], [-72.488926, 42.16156500000002], [-72.489051, 42.161984], [-72.489766, 42.16205899999999], [-72.490864, 42.161561999999996], [-72.492532, 42.161276000000015], [-72.494151, 42.161233], [-72.500043, 42.16158600000001], [-72.504485, 42.162215], [-72.505275, 42.16220800000001], [-72.506221, 42.162046000000004], [-72.509242, 42.160819], [-72.510754, 42.16048299999998], [-72.511565, 42.160484], [-72.513414, 42.16090700000001], [-72.516782, 42.16082799999999], [-72.520146, 42.16128199999997], [-72.521499, 42.16121700000002], [-72.524004, 42.160562], [-72.528736, 42.158305], [-72.533377, 42.15736600000001], [-72.535801, 42.15747799999999], [-72.536463, 42.156963999999995], [-72.536971, 42.155732], [-72.537366, 42.155172], [-72.537975, 42.154807999999996], [-72.538789, 42.154747], [-72.539962, 42.15507799999999], [-72.540476, 42.15552900000002], [-72.540703, 42.156206], [-72.540815, 42.15754900000001], [-72.541228, 42.15836799999999], [-72.541931, 42.15919299999997], [-72.543963, 42.15938599999999], [-72.544773, 42.159216], [-72.547942, 42.158428], [-72.552483, 42.156667999999996], [-72.555632, 42.15709299999999], [-72.559332, 42.16059299999998], [-72.562332, 42.161193000000004], [-72.570232, 42.16109300000002], [-72.575746, 42.15869], [-72.581853, 42.15978699999999], [-72.581826, 42.160289000000006], [-72.588327, 42.160292999999996], [-72.588434, 42.15958899999999], [-72.589816, 42.16019000000001], [-72.59025, 42.160949], [-72.590161, 42.161271000000006], [-72.590334, 42.161593999999994], [-72.591946, 42.162287000000006], [-72.59270800000002, 42.162802000000006], [-72.592926, 42.163044], [-72.593076, 42.16383600000001], [-72.59327100000002, 42.16407799999999], [-72.595274, 42.165077000000004], [-72.595897, 42.16576000000002], [-72.594542, 42.16654200000001], [-72.593112, 42.168119999999995], [-72.593795, 42.168631], [-72.596621, 42.170595000000006], [-72.597956, 42.17022400000001], [-72.60293, 42.169695999999995], [-72.603251, 42.171596], [-72.60288, 42.171659], [-72.602873, 42.17199499999998], [-72.598856, 42.173184], [-72.598091, 42.173112000000025], [-72.587386, 42.17421700000001], [-72.587123, 42.17451499999998], [-72.589213, 42.177957999999975], [-72.590898, 42.18026], [-72.595795, 42.180355999999996], [-72.602655, 42.181795], [-72.603585, 42.182326999999994], [-72.604134, 42.18296499999999], [-72.604444, 42.18379800000001], [-72.604432, 42.18430400000001], [-72.603157, 42.186761000000004], [-72.601344, 42.18790699999999], [-72.600503, 42.188834999999976], [-72.601179, 42.18945500000001], [-72.599614, 42.190912000000004], [-72.598889, 42.19053799999999], [-72.598806, 42.19108000000002], [-72.59865, 42.191056999999994], [-72.598097, 42.19157899999998], [-72.597301, 42.19170100000001], [-72.595671, 42.191527], [-72.595059, 42.19212100000001], [-72.594974, 42.192871], [-72.592965, 42.19248900000001], [-72.591297, 42.19283], [-72.590981, 42.19331600000002], [-72.588219, 42.192664000000015], [-72.585454, 42.19351], [-72.584933, 42.19289199999998], [-72.584442, 42.193002], [-72.583769, 42.193639000000005], [-72.580562, 42.193148], [-72.576496, 42.191995000000006], [-72.576324, 42.192378000000005], [-72.576176, 42.192330000000005], [-72.575217, 42.19444599999999], [-72.577272, 42.194233999999994], [-72.577576, 42.194367], [-72.57844, 42.197575000000015], [-72.578933, 42.201615999999994], [-72.575742, 42.201927], [-72.57360700000001, 42.20146200000001], [-72.572399, 42.200712], [-72.571201, 42.203697], [-72.57087800000001, 42.205980000000004], [-72.570966, 42.207444999999986], [-72.572202, 42.21380399999999], [-72.593448, 42.211557000000006], [-72.596133, 42.211774999999996], [-72.599481, 42.212474], [-72.603803, 42.21386699999999], [-72.607038, 42.21559600000002], [-72.609887, 42.217901999999995], [-72.610749, 42.219419999999985], [-72.611654, 42.22294599999999], [-72.611959, 42.223611000000005], [-72.613564, 42.22558199999999], [-72.615127, 42.22681000000001], [-72.621612, 42.22973500000001], [-72.622861, 42.230539], [-72.623656, 42.23165599999999], [-72.62411, 42.23507299999999]]]}}, {"type": "Feature", "properties": {"district_name": "Middlesex and Suffolk District", "chamber": "senate", "vintage": "2022-present", "lean_dem_share": 0.7915, "competitiveness": "Safe", "competitiveness_label": "Safe D", "party_favored": "Democratic", "url": "/district/senate-middlesex-and-suffolk-district-2022-present/"}, "geometry": {"type": "Polygon", "coordinates": [[[-71.124186, 42.378966], [-71.122193, 42.37967], [-71.120434, 42.37995200000001], [-71.116506, 42.37982600000002], [-71.116395, 42.380874], [-71.114541, 42.38080099999999], [-71.112459, 42.38177399999999], [-71.11214200000002, 42.381513], [-71.111578, 42.381785999999984], [-71.110699, 42.381687], [-71.107855, 42.379374], [-71.108457, 42.379112000000006], [-71.103204, 42.374327], [-71.097463, 42.374431], [-71.093143, 42.374210000000005], [-71.089783, 42.373948], [-71.086088, 42.373059], [-71.085443, 42.37404499999999], [-71.084952, 42.37346], [-71.084445, 42.373301], [-71.082414, 42.37341], [-71.082001, 42.373554999999996], [-71.081656, 42.373960999999994], [-71.081197, 42.374055999999996], [-71.080364, 42.374117999999996], [-71.079964, 42.373809], [-71.078987, 42.37417299999999], [-71.078003, 42.373616000000005], [-71.077601, 42.373565000000006], [-71.076833, 42.37364300000001], [-71.075983, 42.37402999999999], [-71.074903, 42.372878], [-71.074202, 42.372527], [-71.072689, 42.37322199999999], [-71.075657, 42.380196000000005], [-71.080701, 42.381039], [-71.080971, 42.38232300000001], [-71.079713, 42.38292100000003], [-71.073496, 42.391795999999985], [-71.075586, 42.39524700000001], [-71.076419, 42.39777299999999], [-71.075988, 42.399706000000016], [-71.073448, 42.402665000000006], [-71.071297, 42.40692200000001], [-71.072692, 42.408237], [-71.073659, 42.40851899999999], [-71.073744, 42.40867900000001], [-71.073801, 42.409056], [-71.073624, 42.40930300000001], [-71.072161, 42.41036299999999], [-71.071873, 42.411099000000014], [-71.071907, 42.41167200000001], [-71.072111, 42.412081000000015], [-71.073196, 42.41299599999999], [-71.073296, 42.41479600000002], [-71.064507, 42.41524099999999], [-71.064559, 42.41533399999999], [-71.061584, 42.41561000000001], [-71.060441, 42.416007], [-71.05685, 42.41867100000002], [-71.054735, 42.42003799999999], [-71.054383, 42.420027], [-71.050472, 42.42288700000001], [-71.02822700000002, 42.424202], [-71.02962, 42.42129899999999], [-71.031275, 42.418433000000014], [-71.033181, 42.41420599999999], [-71.029036, 42.410354000000005], [-71.02797, 42.40872699999999], [-71.027115, 42.40778199999998], [-71.026898, 42.40733199999999], [-71.026826, 42.406432999999986], [-71.026004, 42.40579300000002], [-71.024901, 42.40590000000002], [-71.023847, 42.40532400000001], [-71.023367, 42.405552], [-71.022855, 42.40512499999999], [-71.022442, 42.405474], [-71.02148, 42.405164000000006], [-71.020431, 42.40510899999998], [-71.020305, 42.404829], [-71.021191, 42.40423299999999], [-71.021169, 42.40392400000001], [-71.020828, 42.403513000000004], [-71.019981, 42.40372300000001], [-71.018715, 42.403709000000006], [-71.018088, 42.40335699999999], [-71.017826, 42.402883], [-71.017035, 42.40271499999999], [-71.01563, 42.402704000000014], [-71.013772, 42.402964], [-71.013007, 42.402864], [-71.010861, 42.401689000000005], [-71.009396, 42.401183], [-71.009445, 42.400475], [-71.009629, 42.40016700000001], [-71.013395, 42.39739799999999], [-71.016094, 42.395897], [-71.017794, 42.390697], [-71.020512, 42.38764099999999], [-71.022428, 42.386373], [-71.027712, 42.384041], [-71.031995, 42.38459700000001], [-71.033234, 42.384910000000005], [-71.034975, 42.385876], [-71.038357, 42.386529], [-71.038813, 42.386810999999994], [-71.039512, 42.38685300000001], [-71.043264, 42.383594000000016], [-71.044298, 42.383209], [-71.045195, 42.37709699999999], [-71.046113, 42.37479799999999], [-71.046995, 42.372597000000006], [-71.049095, 42.371197], [-71.050895, 42.370697], [-71.054995, 42.370697], [-71.057141, 42.369982], [-71.059795, 42.368767], [-71.062994, 42.36839100000001], [-71.063921, 42.369016000000016], [-71.069478, 42.36904599999999], [-71.073721, 42.365056], [-71.074792, 42.363773000000016], [-71.076092, 42.36038], [-71.077334, 42.35908399999999], [-71.077952, 42.35873500000001], [-71.09100200000002, 42.354397], [-71.093002, 42.353893999999976], [-71.097244, 42.35319099999999], [-71.103407, 42.352448999999986], [-71.110083, 42.352549], [-71.11246, 42.352903], [-71.114087, 42.353450999999986], [-71.114916, 42.35386100000001], [-71.11653, 42.355028000000004], [-71.117066, 42.355866], [-71.117165, 42.356997], [-71.116578, 42.359567], [-71.116936, 42.363676999999996], [-71.11687300000001, 42.365885000000006], [-71.11723, 42.36736700000001], [-71.117934, 42.368385], [-71.11896, 42.36876], [-71.122044, 42.368703], [-71.123204, 42.368938], [-71.120965, 42.371634], [-71.119913, 42.37124399999999], [-71.119493, 42.371998999999995], [-71.11925400000001, 42.371913999999975], [-71.119122, 42.372166], [-71.118606, 42.37197299999998], [-71.117906, 42.37311], [-71.118462, 42.37328300000001], [-71.118841, 42.37365200000001], [-71.11882200000001, 42.374355], [-71.119141, 42.375151000000024], [-71.122151, 42.376534], [-71.124186, 42.378966]]]}}, {"type": "Feature", "properties": {"district_name": "Worcester and Hampden District", "chamber": "senate", "vintage": "2022-present", "lean_dem_share": 0.4756, "competitiveness": "Tossup", "competitiveness_label": "Tossup R", "party_favored": "Republican", "url": "/district/senate-worcester-and-hampden-district-2022-present/"}, "geometry": {"type": "Polygon", "coordinates": [[[-72.389044, 42.152416], [-72.386181, 42.15227899999999], [-72.383533, 42.152483000000004], [-72.382149, 42.15235099999998], [-72.378777, 42.152672999999986], [-72.373859, 42.153489000000015], [-72.37296, 42.15389900000002], [-72.372109, 42.154056999999995], [-72.37097, 42.154078999999996], [-72.370135, 42.15374099999999], [-72.369127, 42.15384000000002], [-72.367467, 42.154326000000005], [-72.366318, 42.154332999999994], [-72.365533, 42.154645999999985], [-72.364949, 42.155529], [-72.36069, 42.158643000000005], [-72.358946, 42.158778999999996], [-72.35744, 42.159223000000004], [-72.355077, 42.160845000000016], [-72.354257, 42.16094800000001], [-72.352328, 42.160726999999994], [-72.350396, 42.160992], [-72.348908, 42.16044800000001], [-72.348421, 42.16084700000001], [-72.3477, 42.16082099999999], [-72.346305, 42.161713], [-72.345326, 42.161331], [-72.345121, 42.160847000000004], [-72.345227, 42.160347], [-72.344828, 42.160075], [-72.34402400000002, 42.16042], [-72.343334, 42.16114400000001], [-72.342737, 42.161222], [-72.342094, 42.160664], [-72.341785, 42.15952600000001], [-72.341289, 42.15900100000001], [-72.340491, 42.159015], [-72.34003800000002, 42.15926600000002], [-72.338691, 42.159404000000016], [-72.33610100000001, 42.15918], [-72.335544, 42.15897699999998], [-72.33497500000001, 42.158628], [-72.334348, 42.15788800000001], [-72.333838, 42.157732], [-72.33367700000001, 42.15722199999999], [-72.332872, 42.156761], [-72.332479, 42.15628999999998], [-72.330657, 42.152475], [-72.330296, 42.152004], [-72.32894, 42.15157399999999], [-72.325892, 42.151376000000006], [-72.324545, 42.149608], [-72.323673, 42.149313], [-72.322707, 42.14969099999999], [-72.322094, 42.14948400000001], [-72.321721, 42.149199], [-72.321344, 42.148588], [-72.320811, 42.147219], [-72.31962, 42.146874], [-72.318883, 42.14635499999999], [-72.318625, 42.146317999999994], [-72.318232, 42.14654499999998], [-72.317125, 42.147941], [-72.316527, 42.148245], [-72.316166, 42.14822200000002], [-72.31569800000001, 42.147944], [-72.314059, 42.14605], [-72.314456, 42.14489600000001], [-72.31439800000001, 42.144366000000005], [-72.313359, 42.14374], [-72.31229, 42.143379999999986], [-72.311136, 42.143314], [-72.308739, 42.14473800000001], [-72.307668, 42.144918], [-72.30578, 42.14447100000001], [-72.303985, 42.144522], [-72.302322, 42.14415700000001], [-72.298385, 42.144735], [-72.297039, 42.14442900000001], [-72.295909, 42.143261], [-72.295102, 42.14332400000001], [-72.29382, 42.143895999999984], [-72.293115, 42.14382400000001], [-72.291684, 42.14246099999998], [-72.290954, 42.14213199999999], [-72.289561, 42.14203899999999], [-72.288329, 42.14174100000001], [-72.287017, 42.14189900000001], [-72.286267, 42.141691], [-72.285887, 42.141282], [-72.284928, 42.14115000000001], [-72.281641, 42.141469000000015], [-72.281347, 42.14169900000002], [-72.281309, 42.142435], [-72.280988, 42.14294999999999], [-72.280396, 42.14341500000002], [-72.279724, 42.143635], [-72.277309, 42.143441], [-72.274927, 42.143975], [-72.273395, 42.14290999999999], [-72.271573, 42.143096], [-72.270641, 42.14363199999999], [-72.269188, 42.145452], [-72.268998, 42.146155], [-72.269322, 42.14737000000001], [-72.268404, 42.148233000000005], [-72.267781, 42.14907200000002], [-72.267337, 42.150399], [-72.267298, 42.151597999999986], [-72.266741, 42.152682], [-72.266775, 42.153531], [-72.266269, 42.15410599999999], [-72.265537, 42.154317000000006], [-72.265273, 42.154624000000005], [-72.265554, 42.15575599999999], [-72.265897, 42.15612500000001], [-72.266434, 42.15614600000003], [-72.267156, 42.15646100000001], [-72.267631, 42.157063], [-72.267828, 42.15768099999998], [-72.268381, 42.15828900000001], [-72.26822, 42.15938800000001], [-72.26786400000002, 42.159831000000004], [-72.266821, 42.16052400000002], [-72.266676, 42.16095], [-72.26696, 42.16162499999998], [-72.267828, 42.16216199999999], [-72.268231, 42.162707000000005], [-72.268221, 42.16347299999999], [-72.266881, 42.166253999999995], [-72.265944, 42.166804000000006], [-72.264742, 42.16710600000001], [-72.264022, 42.16822000000001], [-72.262828, 42.16868100000001], [-72.262069, 42.16984500000002], [-72.261554, 42.17149400000002], [-72.262011, 42.172165000000035], [-72.263472, 42.173295], [-72.263938, 42.174739], [-72.263626, 42.17528400000004], [-72.262124, 42.175802], [-72.261654, 42.176926999999985], [-72.262078, 42.17785400000002], [-72.263352, 42.178940999999995], [-72.263481, 42.17985999999999], [-72.263951, 42.180707], [-72.263918, 42.180952999999995], [-72.263371, 42.181543999999995], [-72.263247, 42.182079], [-72.263924, 42.183831], [-72.20062600000001, 42.16128699999999], [-72.199348, 42.153707000000004], [-72.141977, 42.160989], [-72.111519, 42.164455], [-72.10868, 42.151588], [-72.086752, 42.154436000000004], [-72.089415, 42.167138999999985], [-72.0186, 42.175699], [-72.019886, 42.18376199999999], [-71.939356, 42.189237999999996], [-71.895135, 42.192425], [-71.875802, 42.170120000000004], [-71.858096, 42.160706000000005], [-71.834924, 42.159829000000016], [-71.831504, 42.16425300000001], [-71.825959, 42.165820000000004], [-71.825488, 42.15992000000001], [-71.834485, 42.157257], [-71.834105, 42.154989999999984], [-71.83048, 42.156082], [-71.824853, 42.15533200000002], [-71.829591, 42.14486], [-71.74415, 42.18243499999999], [-71.740533, 42.179206], [-71.733771, 42.183504000000006], [-71.733961, 42.18677499999999], [-71.723535, 42.191484], [-71.718614, 42.17296700000001], [-71.69520400000002, 42.17578899999999], [-71.691418, 42.163108], [-71.67901, 42.165789000000004], [-71.642168, 42.165662], [-71.646299, 42.172871000000015], [-71.640854, 42.17468], [-71.64129, 42.174875], [-71.649218, 42.18170099999999], [-71.637276, 42.18323899999999], [-71.644438, 42.226625999999996], [-71.62107, 42.230869999999996], [-71.599318, 42.225958999999996], [-71.602221, 42.218101], [-71.58291000000001, 42.195559], [-71.571548, 42.19465299999999], [-71.572085, 42.19362200000001], [-71.572271, 42.192733], [-71.556782, 42.192450000000015], [-71.556243, 42.191820999999976], [-71.55613, 42.19060600000002], [-71.555817, 42.189843], [-71.555953, 42.18908599999998], [-71.555848, 42.188854], [-71.556233, 42.188663], [-71.556092, 42.18832400000001], [-71.556673, 42.188097000000006], [-71.556608, 42.187918], [-71.556344, 42.18809099999999], [-71.556204, 42.187870000000004], [-71.556432, 42.187305], [-71.556447, 42.18661399999999], [-71.55669500000002, 42.186494999999994], [-71.557055, 42.18577399999999], [-71.556935, 42.18569000000001], [-71.556887, 42.185839], [-71.556262, 42.18594700000001], [-71.555485, 42.18540499999999], [-71.555421, 42.185244], [-71.555605, 42.184988], [-71.555508, 42.184779], [-71.55518, 42.184934], [-71.555067, 42.18447599999999], [-71.555203, 42.18410599999998], [-71.555468, 42.183951], [-71.555435, 42.183527999999995], [-71.555725, 42.182819], [-71.555995, 42.18268200000001], [-71.55551, 42.18238699999999], [-71.555527, 42.182229000000014], [-71.555732, 42.18230000000002], [-71.555929, 42.18217], [-71.55431800000001, 42.18177099999999], [-71.55382, 42.18182500000001], [-71.553646, 42.18140600000001], [-71.552866, 42.18109799999999], [-71.552548, 42.180443], [-71.55259, 42.179984], [-71.552368, 42.180015], [-71.552008, 42.17977499999998], [-71.551666, 42.17857100000001], [-71.552525, 42.177408], [-71.553781, 42.178242999999995], [-71.554898, 42.17811300000002], [-71.555079, 42.17761], [-71.555367, 42.17752500000001], [-71.555382, 42.17732899999999], [-71.555819, 42.177402000000015], [-71.555944, 42.177251999999996], [-71.556468, 42.17763799999998], [-71.556382, 42.17778099999999], [-71.556969, 42.178049], [-71.557187, 42.178342000000015], [-71.557472, 42.178469000000014], [-71.557946, 42.178312000000005], [-71.558352, 42.17873000000001], [-71.558832, 42.17884199999999], [-71.55981500000001, 42.17893599999999], [-71.560263, 42.178805999999994], [-71.560888, 42.178976999999996], [-71.56146, 42.17887], [-71.561498, 42.178672999999996], [-71.562017, 42.178614000000024], [-71.561626, 42.17673799999998], [-71.561972, 42.176491000000006], [-71.562029, 42.17593699999999], [-71.561861, 42.17579499999998], [-71.561985, 42.175444000000006], [-71.561736, 42.174715000000006], [-71.561874, 42.174305000000004], [-71.562516, 42.17409799999998], [-71.562689, 42.173175], [-71.562578, 42.17269600000003], [-71.563197, 42.172366999999994], [-71.563269, 42.171969999999995], [-71.562327, 42.171448999999996], [-71.561759, 42.17034899999999], [-71.56055200000002, 42.16873800000001], [-71.560504, 42.16852200000002], [-71.561227, 42.167786], [-71.561056, 42.167598000000005], [-71.560765, 42.16764599999999], [-71.560462, 42.16804200000001], [-71.560155, 42.168027], [-71.559783, 42.167623], [-71.559809, 42.167108], [-71.562839, 42.167838999999994], [-71.564288, 42.165958], [-71.564463, 42.165096], [-71.564259, 42.16448599999998], [-71.564441, 42.164204], [-71.564029, 42.164054], [-71.563466, 42.163285], [-71.563522, 42.162384], [-71.563847, 42.16220700000001], [-71.563532, 42.16152999999999], [-71.563714, 42.161172999999984], [-71.56350400000001, 42.16068399999999], [-71.563003, 42.16051300000001], [-71.562817, 42.160155], [-71.562372, 42.159995], [-71.562295, 42.159512], [-71.561999, 42.159344999999995], [-71.561914, 42.15896299999999], [-71.560954, 42.158315], [-71.560792, 42.157764000000014], [-71.561035, 42.15750499999999], [-71.561055, 42.157181999999985], [-71.560878, 42.15552799999999], [-71.561213, 42.155302], [-71.562083, 42.15544200000001], [-71.562251, 42.155230999999986], [-71.562156, 42.15491099999997], [-71.562305, 42.15466399999998], [-71.563266, 42.15380299999999], [-71.563222, 42.15339800000001], [-71.541478, 42.139692000000004], [-71.539302, 42.138359], [-71.538114, 42.13801600000001], [-71.528687, 42.131298000000015], [-71.519237, 42.124190999999996], [-71.509843, 42.12392299999999], [-71.509651, 42.12358499999998], [-71.509038, 42.12330799999999], [-71.508707, 42.12271599999998], [-71.507126, 42.12129300000001], [-71.507262, 42.120307000000004], [-71.506011, 42.118748], [-71.505632, 42.11875800000001], [-71.505288, 42.11827499999998], [-71.503661, 42.11814999999999], [-71.502796, 42.117412000000016], [-71.50214800000002, 42.11761400000002], [-71.501594, 42.11739500000001], [-71.501756, 42.117202], [-71.50135, 42.11685399999999], [-71.501498, 42.116589000000005], [-71.501319, 42.11635199999999], [-71.501628, 42.116102], [-71.501029, 42.11523099999999], [-71.501553, 42.11458300000002], [-71.501104, 42.11364300000001], [-71.501235, 42.113329], [-71.500355, 42.11284800000001], [-71.500552, 42.11246500000001], [-71.501132, 42.112124], [-71.501385, 42.11157400000001], [-71.501965, 42.111657000000015], [-71.502217, 42.11103], [-71.502984, 42.110640000000004], [-71.503078, 42.11028499999998], [-71.502807, 42.10977600000001], [-71.502909, 42.10942800000002], [-71.502292, 42.109337], [-71.502423, 42.108864000000004], [-71.5016, 42.108410999999975], [-71.501469, 42.108077], [-71.50071900000002, 42.107735000000005], [-71.500842, 42.10761699999998], [-71.500599, 42.10745699999998], [-71.500617, 42.10730300000001], [-71.501001, 42.106892], [-71.501384, 42.106767000000005], [-71.501363, 42.106286000000004], [-71.500926, 42.105722], [-71.50068, 42.10505899999999], [-71.500309, 42.104726], [-71.500281, 42.104196000000016], [-71.499878, 42.10385499999999], [-71.499512, 42.10304899999999], [-71.49786900000001, 42.102447000000005], [-71.496703, 42.10225000000001], [-71.496703, 42.10208500000001], [-71.497225, 42.101983], [-71.497294, 42.10178599999999], [-71.496629, 42.10155000000001], [-71.496338, 42.10162099999999], [-71.496623, 42.10120400000002], [-71.49628, 42.100854999999996], [-71.495837, 42.10071700000001], [-71.49609000000001, 42.10035900000002], [-71.49572, 42.100245], [-71.495652, 42.10002099999999], [-71.495282, 42.09995800000001], [-71.496111, 42.09818000000002], [-71.496511, 42.097989], [-71.496493, 42.097195], [-71.497095, 42.09691899999999], [-71.497058, 42.09672599999999], [-71.497457, 42.09644300000001], [-71.497494, 42.095841999999976], [-71.49703, 42.09569700000001], [-71.497744, 42.09483400000001], [-71.497791, 42.09419899999998], [-71.49812700000001, 42.093414999999986], [-71.498025, 42.09257100000001], [-71.49824, 42.091412], [-71.498262, 42.03133299999999], [-71.497901, 42.031513], [-71.497939, 42.029952], [-71.498178, 42.030001999999996], [-71.498178, 42.02929100000001], [-71.497957, 42.029244000000006], [-71.497967, 42.02879100000001], [-71.498195, 42.028758], [-71.497993, 42.02773599999999], [-71.498259, 42.02781300000001], [-71.498259, 42.02530199999999], [-71.498031, 42.025275], [-71.498261, 42.02428400000001], [-71.49825600000001, 42.022433], [-71.498073, 42.02241099999999], [-71.498076, 42.02226699999999], [-71.49825600000001, 42.02229099999999], [-71.498367, 42.02103799999999], [-71.49825600000001, 42.021010999999994], [-71.498259, 42.01727199999999], [-71.527702, 42.015094999999995], [-71.771427, 42.009481000000015], [-71.799188, 42.008053], [-71.799709, 42.015629000000004], [-71.800671, 42.02351400000001], [-71.903251, 42.02458400000001], [-71.98768, 42.026884], [-72.071826, 42.027637], [-72.143151, 42.030522000000005], [-72.338809, 42.03215999999999], [-72.353705, 42.03255800000001], [-72.366991, 42.03270499999999], [-72.379439, 42.103134], [-72.389044, 42.152416]]]}}, {"type": "Feature", "properties": {"district_name": "Second Suffolk District", "chamber": "senate", "vintage": "2022-present", "lean_dem_share": 0.7956, "competitiveness": "Safe", "competitiveness_label": "Safe D", "party_favored": "Democratic", "url": "/district/senate-second-suffolk-district-2022-present/"}, "geometry": {"type": "Polygon", "coordinates": [[[-71.133058, 42.239478999999996], [-71.12640300000001, 42.25339200000002], [-71.128591, 42.254552000000004], [-71.128181, 42.254951000000005], [-71.12757, 42.25520800000001], [-71.125307, 42.255653], [-71.124708, 42.25722699999999], [-71.120429, 42.276503999999996], [-71.119712, 42.28028799999999], [-71.119488, 42.28791599999999], [-71.119079, 42.29171499999999], [-71.117863, 42.294470999999994], [-71.114159, 42.30017899999999], [-71.114671, 42.30055999999999], [-71.114461, 42.301904], [-71.115553, 42.302457000000004], [-71.11704, 42.302885], [-71.1196, 42.304665], [-71.1197, 42.30522500000001], [-71.119203, 42.306414], [-71.1192, 42.306966999999986], [-71.115506, 42.307655], [-71.115555, 42.30847399999999], [-71.113076, 42.308648], [-71.111846, 42.30839399999999], [-71.111397, 42.309028000000005], [-71.113791, 42.310001], [-71.115133, 42.31011100000001], [-71.114654, 42.31075], [-71.11418100000002, 42.312307000000004], [-71.114113, 42.314136], [-71.11228100000001, 42.314013000000024], [-71.110808, 42.313199], [-71.110303, 42.313713], [-71.109622, 42.31513600000001], [-71.110739, 42.31548600000001], [-71.110737, 42.316014], [-71.110928, 42.316157999999994], [-71.111952, 42.31627799999999], [-71.113354, 42.317087000000015], [-71.109794, 42.32200199999999], [-71.115599, 42.321065999999995], [-71.117117, 42.32105500000001], [-71.119364, 42.321538000000004], [-71.119607, 42.322614], [-71.119539, 42.322745], [-71.11887, 42.322858], [-71.118509, 42.323116], [-71.118398, 42.323454999999996], [-71.116772, 42.323769999999996], [-71.116537, 42.32393900000002], [-71.115948, 42.325734999999995], [-71.115965, 42.32637900000001], [-71.115271, 42.326933999999994], [-71.11504, 42.32730800000001], [-71.113575, 42.330467000000006], [-71.113212, 42.332458], [-71.112192, 42.333801000000015], [-71.110591, 42.335249000000005], [-71.110553, 42.335464000000016], [-71.110808, 42.335586000000006], [-71.109333, 42.33700000000001], [-71.10491, 42.33419000000001], [-71.09066000000001, 42.339766000000004], [-71.090567, 42.33956799999999], [-71.086469, 42.341375000000006], [-71.084681, 42.340293], [-71.082648, 42.34206600000001], [-71.082477, 42.342073], [-71.080751, 42.340828], [-71.079637, 42.339749999999995], [-71.080349, 42.339363], [-71.080156, 42.33918000000001], [-71.07337, 42.33361000000001], [-71.074773, 42.33253100000001], [-71.077472, 42.33089799999999], [-71.075614, 42.329224], [-71.07499, 42.32907500000001], [-71.075289, 42.326125], [-71.075076, 42.3253], [-71.074903, 42.325206999999985], [-71.073511, 42.325539000000006], [-71.071479, 42.326687000000014], [-71.069136, 42.32505100000001], [-71.067507, 42.32329699999998], [-71.069165, 42.317066999999994], [-71.072822, 42.309471], [-71.073912, 42.307681], [-71.071518, 42.306648], [-71.072097, 42.30556299999999], [-71.073209, 42.30537799999999], [-71.074161, 42.30491], [-71.072692, 42.304500000000004], [-71.071426, 42.30340699999999], [-71.071591, 42.302353999999994], [-71.071994, 42.301565], [-71.072068, 42.30026899999999], [-71.072648, 42.29969900000001], [-71.07543, 42.29881], [-71.076289, 42.297312999999974], [-71.078852, 42.296708], [-71.078147, 42.29202200000001], [-71.078199, 42.290774000000006], [-71.078537, 42.289335000000015], [-71.079507, 42.28768500000002], [-71.082796, 42.28453300000002], [-71.085504, 42.28099100000003], [-71.08257, 42.280342000000005], [-71.078658, 42.27785700000001], [-71.077251, 42.27721700000001], [-71.078447, 42.275739999999985], [-71.077191, 42.272572999999994], [-71.077235, 42.27154300000001], [-71.07541, 42.27144899999998], [-71.075246, 42.27030000000002], [-71.076054, 42.270524000000016], [-71.076856, 42.270455], [-71.078876, 42.269582], [-71.080852, 42.269322], [-71.082761, 42.26863399999999], [-71.088672, 42.269733], [-71.089504, 42.269669], [-71.08982, 42.26953899999997], [-71.090191, 42.26907599999999], [-71.089859, 42.267776], [-71.090258, 42.266639000000005], [-71.090817, 42.26648], [-71.092626, 42.266729000000005], [-71.09341, 42.267082000000016], [-71.094131, 42.26713199999999], [-71.094633, 42.266771000000006], [-71.095449, 42.265575], [-71.096432, 42.264736999999975], [-71.097483, 42.263089], [-71.098864, 42.26259], [-71.101295, 42.260675], [-71.103004, 42.259785], [-71.103929, 42.25978100000001], [-71.105001, 42.26080399999999], [-71.105887, 42.260863], [-71.107461, 42.26065199999999], [-71.108954, 42.261296], [-71.110465, 42.261124], [-71.11146000000001, 42.26076900000001], [-71.113326, 42.25899], [-71.113009, 42.258689000000004], [-71.11698, 42.255825], [-71.11937, 42.253657], [-71.118233, 42.252494], [-71.119731, 42.251531], [-71.119296, 42.251099], [-71.118457, 42.25069999999999], [-71.118119, 42.249081], [-71.124208, 42.245663999999984], [-71.125722, 42.247220000000006], [-71.126896, 42.245780999999994], [-71.131015, 42.23962800000001], [-71.132657, 42.23820299999999], [-71.13276600000002, 42.238507], [-71.132151, 42.23920300000001], [-71.133058, 42.239478999999996]]]}}, {"type": "Feature", "properties": {"district_name": "Worcester and Hampshire District", "chamber": "senate", "vintage": "2022-present", "lean_dem_share": 0.5076, "competitiveness": "Tossup", "competitiveness_label": "Tossup D", "party_favored": "Democratic", "url": "/district/senate-worcester-and-hampshire-district-2022-present/"}, "geometry": {"type": "Polygon", "coordinates": [[[-72.356018, 42.30328300000001], [-72.355189, 42.30463200000001], [-72.35421, 42.305684000000014], [-72.3522, 42.30642300000001], [-72.351891, 42.306412000000016], [-72.3516, 42.30591499999999], [-72.351689, 42.30426200000001], [-72.351558, 42.304041], [-72.350996, 42.30391], [-72.349894, 42.30451600000001], [-72.349555, 42.30514599999999], [-72.349517, 42.305552000000006], [-72.349556, 42.306031], [-72.34996500000001, 42.30676799999999], [-72.350659, 42.30739], [-72.350959, 42.307475999999994], [-72.351992, 42.307166], [-72.35277800000001, 42.307451000000015], [-72.352771, 42.30768], [-72.352278, 42.30793800000001], [-72.349889, 42.308042999999984], [-72.349596, 42.30844300000001], [-72.349557, 42.308643], [-72.349794, 42.30879299999999], [-72.350391, 42.308772999999995], [-72.350937, 42.30907100000002], [-72.351459, 42.30999299999999], [-72.351169, 42.31034000000001], [-72.350159, 42.310312], [-72.34918, 42.309405000000005], [-72.348656, 42.30917600000003], [-72.346259, 42.30977399999999], [-72.345889, 42.309969], [-72.344895, 42.31105099999999], [-72.343597, 42.31188699999999], [-72.342584, 42.313942999999995], [-72.342287, 42.314242], [-72.341559, 42.31443600000001], [-72.338244, 42.31444599999999], [-72.336364, 42.315009], [-72.335246, 42.315142], [-72.334914, 42.31554200000001], [-72.335045, 42.31602199999998], [-72.334699, 42.31670299999998], [-72.334715, 42.317618], [-72.333073, 42.319122], [-72.331377, 42.319604], [-72.329489, 42.319755], [-72.329118, 42.319686999999995], [-72.328834, 42.31942000000001], [-72.328863, 42.318645], [-72.328333, 42.31855800000001], [-72.328117, 42.318745999999976], [-72.327546, 42.31954], [-72.327211, 42.320917000000016], [-72.3274, 42.323477], [-72.328219, 42.325248], [-72.32818, 42.326058999999994], [-72.32761, 42.32675699999999], [-72.326762, 42.326814], [-72.326538, 42.326449], [-72.32643, 42.325449], [-72.326214, 42.325158], [-72.3252, 42.32555800000001], [-72.324535, 42.326297], [-72.324673, 42.326765999999985], [-72.326007, 42.327946999999995], [-72.326085, 42.32824399999999], [-72.325334, 42.33006599999998], [-72.324865, 42.330819999999996], [-72.324559, 42.33095300000001], [-72.323064, 42.330943000000005], [-72.322584, 42.331168999999996], [-72.322386, 42.332283999999994], [-72.322563, 42.33263300000001], [-72.323075, 42.33297700000001], [-72.32318, 42.333278], [-72.322861, 42.33416], [-72.321878, 42.335249000000005], [-72.320336, 42.33646], [-72.317631, 42.33962600000001], [-72.316621, 42.33978700000002], [-72.315464, 42.33935999999999], [-72.314933, 42.33954299999998], [-72.314606, 42.340934], [-72.314893, 42.34216400000001], [-72.314778, 42.34349600000001], [-72.31396, 42.343702], [-72.313382, 42.34301199999999], [-72.312784, 42.343048999999986], [-72.312176, 42.342802000000006], [-72.31149300000001, 42.34316799999999], [-72.310797, 42.34311700000001], [-72.310151, 42.343729], [-72.309763, 42.343638], [-72.309409, 42.34376100000001], [-72.30949900000002, 42.344226000000006], [-72.309331, 42.344549], [-72.308788, 42.344891], [-72.308354, 42.344634000000006], [-72.308859, 42.34436100000001], [-72.308803, 42.34410199999999], [-72.30802300000002, 42.344297000000005], [-72.306804, 42.344282], [-72.306411, 42.344619], [-72.306537, 42.344812000000005], [-72.30711200000002, 42.345035], [-72.306241, 42.34557399999999], [-72.30646500000002, 42.345950999999985], [-72.306382, 42.346053], [-72.305724, 42.346089], [-72.30473, 42.345821000000015], [-72.30483, 42.34565400000002], [-72.305331, 42.34552299999999], [-72.3053, 42.34530600000001], [-72.305028, 42.34521299999999], [-72.304398, 42.34542199999999], [-72.303753, 42.345757], [-72.302925, 42.34667999999999], [-72.301737, 42.347469], [-72.301397, 42.348229], [-72.301127, 42.348434999999995], [-72.298744, 42.349322000000015], [-72.297904, 42.34914500000001], [-72.296709, 42.34936900000001], [-72.295389, 42.35056899999999], [-72.292677, 42.351287], [-72.291981, 42.35182699999999], [-72.291333, 42.35173600000001], [-72.291264, 42.351119], [-72.290716, 42.35104999999998], [-72.290384, 42.351319000000025], [-72.290288, 42.351645], [-72.290516, 42.352012000000016], [-72.290288, 42.35210900000001], [-72.289166, 42.351913], [-72.288531, 42.352159], [-72.288381, 42.35270199999999], [-72.288057, 42.352867999999994], [-72.286438, 42.352698], [-72.286168, 42.35286399999999], [-72.286076, 42.353367], [-72.287039, 42.353852], [-72.287287, 42.354152000000006], [-72.287209, 42.35474400000001], [-72.287394, 42.355372999999986], [-72.28414, 42.356584000000005], [-72.283984, 42.35703999999999], [-72.284523, 42.357474], [-72.285959, 42.357817999999995], [-72.285981, 42.358016], [-72.285318, 42.358319999999985], [-72.28474, 42.359441], [-72.284676, 42.35977299999998], [-72.28550100000001, 42.36055600000001], [-72.285406, 42.360842], [-72.284637, 42.36095199999998], [-72.284367, 42.36138800000001], [-72.284828, 42.36251500000001], [-72.285152, 42.364604], [-72.285038, 42.37307700000001], [-72.284859, 42.37332800000001], [-72.284333, 42.37332], [-72.28410900000002, 42.373176], [-72.284242, 42.37275600000002], [-72.284057, 42.37255], [-72.283617, 42.37238400000001], [-72.2835, 42.372559999999986], [-72.282634, 42.372398999999994], [-72.28203500000001, 42.37191499999999], [-72.28164600000001, 42.372006], [-72.28098, 42.37251400000001], [-72.280287, 42.37376999999999], [-72.27955, 42.37460100000001], [-72.280477, 42.37508199999999], [-72.280931, 42.376138999999995], [-72.280481, 42.37680399999999], [-72.28146, 42.37674599999999], [-72.281013, 42.37766599999999], [-72.28119, 42.377826999999996], [-72.281814, 42.377883999999995], [-72.281856, 42.37824299999999], [-72.281501, 42.37866499999999], [-72.280434, 42.378918000000006], [-72.280026, 42.379285], [-72.279555, 42.38069099999999], [-72.278643, 42.38218], [-72.276748, 42.38294499999999], [-72.274019, 42.384542], [-72.273957, 42.385995000000015], [-72.273247, 42.38711100000001], [-72.272963, 42.387933000000004], [-72.272337, 42.388678], [-72.272861, 42.389136000000015], [-72.272599, 42.389657], [-72.270378, 42.39042900000001], [-72.269784, 42.39035500000001], [-72.269276, 42.390028999999984], [-72.26847400000001, 42.390297999999994], [-72.267927, 42.389995], [-72.267573, 42.38904600000001], [-72.266764, 42.388366000000005], [-72.26596, 42.38727699999998], [-72.265786, 42.38714800000002], [-72.264908, 42.387159], [-72.264118, 42.38662000000001], [-72.258159, 42.393507], [-72.244323, 42.38828000000001], [-72.24226300000001, 42.38810099999999], [-72.241601, 42.388288], [-72.240945, 42.388778000000016], [-72.241021, 42.38908300000001], [-72.240565, 42.38950700000001], [-72.238976, 42.390114000000004], [-72.23798, 42.390690000000006], [-72.237816, 42.391203], [-72.238144, 42.392308], [-72.239081, 42.393145999999994], [-72.239287, 42.393643999999995], [-72.238847, 42.394189], [-72.238512, 42.39526900000001], [-72.23814800000001, 42.395557000000004], [-72.236774, 42.396067000000016], [-72.236519, 42.39725200000001], [-72.235001, 42.39810399999999], [-72.233293, 42.39879], [-72.23109, 42.39889999999999], [-72.230453, 42.399342000000004], [-72.229633, 42.400247], [-72.219029, 42.39549300000001], [-72.20515, 42.417679], [-72.100941, 42.48368200000001], [-72.185642, 42.550360000000005], [-72.175556, 42.58987000000001], [-72.167589, 42.584872], [-72.163141, 42.58885500000002], [-72.165514, 42.590308], [-72.162406, 42.59371899999999], [-72.161532, 42.59414], [-72.160523, 42.595066999999986], [-72.159573, 42.59702999999999], [-72.157075, 42.599422000000004], [-72.157707, 42.60013299999999], [-72.15891, 42.599424], [-72.161301, 42.60107599999999], [-72.163602, 42.598288999999994], [-72.167894, 42.600143999999986], [-72.170742, 42.596996999999995], [-72.157746, 42.61804], [-72.156322, 42.61873699999999], [-72.154728, 42.62009100000002], [-72.154497, 42.62147999999999], [-72.154631, 42.622518], [-72.154375, 42.623829], [-72.14214000000001, 42.623647000000005], [-72.116631, 42.62660699999999], [-72.075749, 42.625235], [-72.046073, 42.601834999999994], [-72.03504600000001, 42.608858999999995], [-71.986073, 42.63001599999999], [-71.986107, 42.627756], [-71.975902, 42.627514], [-71.956446, 42.610272], [-71.95211800000001, 42.61069700000001], [-71.950305, 42.60807799999999], [-71.951726, 42.60755799999999], [-71.948807, 42.602522], [-71.950569, 42.60170799999999], [-71.945815, 42.594910000000006], [-71.928022, 42.60200900000002], [-71.912929, 42.607772999999995], [-71.91303, 42.607381999999994], [-71.911409, 42.607868], [-71.910661, 42.6067], [-71.895295, 42.611602999999995], [-71.89597400000001, 42.612759999999994], [-71.89289500000001, 42.613778], [-71.892139, 42.612466000000005], [-71.883051, 42.61534200000001], [-71.883629, 42.616350000000004], [-71.880601, 42.617339000000015], [-71.882034, 42.619911], [-71.858659, 42.62902699999999], [-71.862343, 42.55805], [-71.860262, 42.558518000000014], [-71.856873, 42.558119000000005], [-71.855131, 42.558291], [-71.855591, 42.552055], [-71.862508, 42.55247399999999], [-71.862953, 42.544703000000005], [-71.837807, 42.543783], [-71.842326, 42.51263000000001], [-71.822289, 42.504306000000014], [-71.830019, 42.49218600000001], [-71.727547, 42.47499200000001], [-71.718699, 42.473373999999986], [-71.718362, 42.410219999999995], [-71.721578, 42.409239000000014], [-71.725979, 42.39028900000002], [-71.741919, 42.38685000000001], [-71.741916, 42.392773000000005], [-71.763304, 42.40036700000002], [-71.777735, 42.400408999999996], [-71.786552, 42.398979000000004], [-71.817316, 42.403890999999994], [-71.824162, 42.404854], [-71.80204200000001, 42.331345000000006], [-71.85906200000001, 42.29652299999999], [-71.859687, 42.292530000000006], [-71.860157, 42.290555999999995], [-71.857855, 42.289107], [-71.856889, 42.288707000000024], [-71.856456, 42.287771], [-71.855139, 42.28616199999998], [-71.854936, 42.286355999999984], [-71.854571, 42.286189], [-71.855055, 42.28604399999998], [-71.854315, 42.284287], [-71.854115, 42.28314], [-71.854205, 42.282436], [-71.854408, 42.281909], [-71.855052, 42.281413], [-71.855299, 42.280891], [-71.855021, 42.27926300000001], [-71.856381, 42.27993699999998], [-71.856446, 42.27866500000001], [-71.854723, 42.27845700000002], [-71.855279, 42.27820499999999], [-71.854958, 42.276793], [-71.854521, 42.27643700000001], [-71.853031, 42.27606599999999], [-71.852705, 42.27660299999999], [-71.848394, 42.27238100000001], [-71.84176700000002, 42.269535999999995], [-71.841444, 42.26919899999998], [-71.840724, 42.26768700000001], [-71.839265, 42.265319000000005], [-71.837567, 42.26396700000001], [-71.839614, 42.263095], [-71.839015, 42.26218399999999], [-71.840985, 42.261408], [-71.844931, 42.260189], [-71.845873, 42.260433], [-71.8482, 42.26222000000001], [-71.848267, 42.261321], [-71.84783500000002, 42.260675], [-71.847766, 42.260019000000014], [-71.847466, 42.25967500000001], [-71.847234, 42.258645], [-71.84665, 42.258466], [-71.846365, 42.258599000000004], [-71.846288, 42.258817], [-71.845867, 42.25868700000001], [-71.846608, 42.258194], [-71.848507, 42.25775399999998], [-71.847642, 42.256654999999995], [-71.84229300000001, 42.251129999999996], [-71.841418, 42.250009], [-71.84064300000001, 42.249497999999996], [-71.839447, 42.24924299999999], [-71.839663, 42.24890800000001], [-71.840647, 42.248429], [-71.840446, 42.245561], [-71.839714, 42.243542], [-71.836693, 42.24440499999999], [-71.833523, 42.244982], [-71.833183, 42.244113], [-71.832761, 42.24383700000002], [-71.833325, 42.242850000000004], [-71.83342, 42.24202600000001], [-71.832149, 42.239794000000025], [-71.832081, 42.23923400000002], [-71.83267100000002, 42.23830900000001], [-71.832965, 42.23746099999999], [-71.833771, 42.233392999999985], [-71.833866, 42.231901], [-71.83536, 42.23035300000001], [-71.835261, 42.22878200000001], [-71.856632, 42.22667600000002], [-71.86601, 42.225983000000014], [-71.87621800000001, 42.214982000000006], [-71.895135, 42.192425], [-71.939356, 42.189237999999996], [-72.019886, 42.18376199999999], [-72.0186, 42.175699], [-72.089415, 42.167138999999985], [-72.086752, 42.154436000000004], [-72.10868, 42.151588], [-72.111519, 42.164455], [-72.141886, 42.161], [-72.153902, 42.207183], [-72.170099, 42.232581999999965], [-72.170607, 42.233288], [-72.171193, 42.233534], [-72.171059, 42.23380700000003], [-72.171433, 42.234159], [-72.171304, 42.23429300000002], [-72.171661, 42.23457800000002], [-72.171966, 42.23454600000001], [-72.172222, 42.234770000000005], [-72.173159, 42.23505999999999], [-72.17409, 42.23576600000001], [-72.174507, 42.23670199999999], [-72.175809, 42.23700299999999], [-72.176754, 42.236854000000015], [-72.177655, 42.237266999999996], [-72.177498, 42.237697], [-72.177585, 42.23808100000001], [-72.177808, 42.238257999999995], [-72.178018, 42.23882699999999], [-72.17846, 42.23913299999999], [-72.178174, 42.239625999999994], [-72.178733, 42.24175000000001], [-72.178683, 42.24235500000001], [-72.179126, 42.24309400000002], [-72.179121, 42.243655], [-72.179321, 42.24404299999999], [-72.179166, 42.244202999999985], [-72.17935700000001, 42.244410999999985], [-72.179258, 42.244617], [-72.179723, 42.24483], [-72.17942, 42.24553000000001], [-72.179736, 42.24573], [-72.179403, 42.24606200000001], [-72.179567, 42.24625499999999], [-72.18112600000002, 42.24607400000001], [-72.182161, 42.247971], [-72.182506, 42.25138700000002], [-72.211079, 42.251262], [-72.21046, 42.24720499999999], [-72.214584, 42.24757100000001], [-72.214821, 42.24904099999999], [-72.218068, 42.248605], [-72.221218, 42.245252000000015], [-72.247013, 42.242094], [-72.257614, 42.229873999999995], [-72.268231, 42.22931099999999], [-72.27054800000002, 42.237125999999996], [-72.271133, 42.23652799999999], [-72.271587, 42.236307], [-72.273772, 42.235847], [-72.27767, 42.233103], [-72.281295, 42.235019999999984], [-72.335968, 42.22015900000001], [-72.33544, 42.22149499999999], [-72.335447, 42.222030000000004], [-72.336982, 42.223105], [-72.337075, 42.22341200000002], [-72.335432, 42.226828000000005], [-72.33576, 42.22772799999999], [-72.334373, 42.228750000000005], [-72.334016, 42.22932099999999], [-72.33401, 42.23051600000001], [-72.334472, 42.232062], [-72.334196, 42.23254], [-72.334305, 42.233028], [-72.334181, 42.23350200000001], [-72.333157, 42.23465], [-72.333319, 42.23604100000003], [-72.332948, 42.237092], [-72.333776, 42.240372], [-72.334786, 42.241309], [-72.334858, 42.243103999999995], [-72.334927, 42.24353599999999], [-72.335227, 42.24394100000001], [-72.335206, 42.244447], [-72.33487, 42.24505299999998], [-72.333642, 42.24536000000001], [-72.333542, 42.245591000000005], [-72.334868, 42.24746300000002], [-72.334951, 42.24852700000001], [-72.334673, 42.24963899999998], [-72.334759, 42.25123399999999], [-72.335606, 42.253858000000015], [-72.336237, 42.255188], [-72.336313, 42.256247], [-72.336738, 42.25717100000001], [-72.336407, 42.257684000000005], [-72.336681, 42.258075], [-72.338339, 42.258432], [-72.3385, 42.25867600000001], [-72.338416, 42.259055], [-72.337992, 42.25933499999999], [-72.336712, 42.259395], [-72.337763, 42.26037], [-72.337779, 42.26093199999998], [-72.337375, 42.26168299999999], [-72.335852, 42.262563], [-72.334492, 42.26230200000001], [-72.334114, 42.26236800000001], [-72.33378, 42.26265499999999], [-72.333621, 42.263305], [-72.333658, 42.26436900000001], [-72.334398, 42.26508500000001], [-72.334513, 42.266051999999995], [-72.334244, 42.26653400000001], [-72.33289, 42.267761], [-72.33173000000001, 42.27015900000001], [-72.331583, 42.27128399999999], [-72.331975, 42.27205499999999], [-72.333071, 42.27285300000001], [-72.336456, 42.27340399999999], [-72.338258, 42.27418900000001], [-72.338851, 42.275294], [-72.338799, 42.27711599999999], [-72.338429, 42.278285], [-72.338292, 42.279411], [-72.338484, 42.27981900000001], [-72.339443, 42.280877999999994], [-72.341136, 42.28148900000001], [-72.343261, 42.28165400000002], [-72.346168, 42.283362], [-72.34679, 42.28361000000002], [-72.348445, 42.283792], [-72.35012, 42.284265999999995], [-72.35068, 42.284679999999994], [-72.350872, 42.285278], [-72.35075, 42.285954], [-72.350214, 42.287019], [-72.350035, 42.28796000000001], [-72.348851, 42.291090999999994], [-72.348531, 42.29419299999998], [-72.348631, 42.29458599999999], [-72.350041, 42.29464800000001], [-72.350596, 42.29501199999999], [-72.352199, 42.295433], [-72.352635, 42.29573399999999], [-72.352442, 42.29682599999999], [-72.351963, 42.297895000000004], [-72.350807, 42.298244999999994], [-72.350766, 42.298435], [-72.354498, 42.29898899999999], [-72.354874, 42.299462000000005], [-72.35473300000001, 42.300558999999964], [-72.354539, 42.30114699999999], [-72.353646, 42.302353], [-72.354186, 42.302747], [-72.356018, 42.30328300000001]]]}}, {"type": "Feature", "properties": {"district_name": "Suffolk and Middlesex District", "chamber": "senate", "vintage": "2022-present", "lean_dem_share": 0.817, "competitiveness": "Safe", "competitiveness_label": "Safe D", "party_favored": "Democratic", "url": "/district/senate-suffolk-and-middlesex-district-2022-present/"}, "geometry": {"type": "Polygon", "coordinates": [[[-71.217038, 42.366589], [-71.194177, 42.386030999999996], [-71.195531, 42.38739999999999], [-71.195406, 42.387721000000006], [-71.194876, 42.38817], [-71.196817, 42.389736], [-71.196724, 42.390655], [-71.196973, 42.39083799999999], [-71.197028, 42.39197299999999], [-71.197964, 42.39267799999999], [-71.197654, 42.39316699999999], [-71.19633, 42.394031000000005], [-71.196284, 42.394361], [-71.196627, 42.39522899999998], [-71.197454, 42.395813000000004], [-71.19818800000002, 42.396066999999995], [-71.199429, 42.39732], [-71.199591, 42.39775699999999], [-71.199552, 42.39821400000001], [-71.20008, 42.398627000000005], [-71.200236, 42.39930400000001], [-71.200621, 42.399457999999996], [-71.201613, 42.400566000000005], [-71.201799, 42.401374000000004], [-71.20157400000001, 42.401695000000004], [-71.201849, 42.40207100000002], [-71.201702, 42.402425000000015], [-71.202543, 42.40322599999999], [-71.202628, 42.40370200000002], [-71.211261, 42.406074], [-71.202642, 42.41482900000001], [-71.194257, 42.41339], [-71.195355, 42.41526499999999], [-71.194492, 42.41499000000001], [-71.194291, 42.415321000000006], [-71.183899, 42.411424000000004], [-71.182147, 42.410978], [-71.177151, 42.41010699999999], [-71.171576, 42.40846499999999], [-71.166864, 42.40670199999999], [-71.163842, 42.405776], [-71.164178, 42.40553299999999], [-71.164055, 42.40530599999999], [-71.16267, 42.40453099999999], [-71.160625, 42.403976], [-71.159805, 42.403569], [-71.159922, 42.403462000000005], [-71.158083, 42.402561000000006], [-71.157358, 42.40242800000001], [-71.156321, 42.402533999999996], [-71.153193, 42.40110299999999], [-71.152245, 42.400816], [-71.156362, 42.395852], [-71.153169, 42.39564300000001], [-71.150115, 42.39493300000001], [-71.145248, 42.392878], [-71.141121, 42.392092000000005], [-71.141699, 42.390658], [-71.143097, 42.38903], [-71.143436, 42.38871199999999], [-71.144134, 42.388679999999994], [-71.143683, 42.38825], [-71.14164, 42.387051], [-71.141637, 42.387190000000004], [-71.141017, 42.386907], [-71.140993, 42.387097], [-71.140809, 42.38714199999999], [-71.138372, 42.38743999999999], [-71.136535, 42.38618200000001], [-71.13475800000002, 42.38557200000001], [-71.135211, 42.385301], [-71.135794, 42.3846], [-71.132855, 42.38327600000001], [-71.132419, 42.383821000000005], [-71.13041, 42.38291799999998], [-71.130224, 42.383065], [-71.128804, 42.38210900000001], [-71.128634, 42.38224499999999], [-71.128258, 42.382038000000016], [-71.127188, 42.382490000000004], [-71.125065, 42.380135], [-71.122383, 42.38121199999999], [-71.121948, 42.38082300000001], [-71.121525, 42.379784], [-71.124186, 42.378966], [-71.122151, 42.376534], [-71.119141, 42.375151000000024], [-71.11882200000001, 42.374355], [-71.118841, 42.37365200000001], [-71.118462, 42.37328300000001], [-71.117906, 42.37311], [-71.118606, 42.37197299999998], [-71.119122, 42.372166], [-71.11925400000001, 42.371913999999975], [-71.119493, 42.371998999999995], [-71.119913, 42.37124399999999], [-71.120965, 42.371634], [-71.123204, 42.368938], [-71.122044, 42.368703], [-71.11896, 42.36876], [-71.117934, 42.368385], [-71.11723, 42.36736700000001], [-71.11687300000001, 42.365885000000006], [-71.116936, 42.363676999999996], [-71.116578, 42.359567], [-71.117165, 42.356997], [-71.117066, 42.355866], [-71.11653, 42.355028000000004], [-71.114916, 42.35386100000001], [-71.114087, 42.353450999999986], [-71.11246, 42.352903], [-71.110083, 42.352549], [-71.103407, 42.352448999999986], [-71.097244, 42.35319099999999], [-71.093002, 42.353893999999976], [-71.091235, 42.354338], [-71.087758, 42.34729999999999], [-71.089264, 42.34688700000001], [-71.089222, 42.346633999999995], [-71.090407, 42.34229300000002], [-71.091188, 42.340949], [-71.09066000000001, 42.339766000000004], [-71.10491, 42.33419000000001], [-71.109333, 42.33700000000001], [-71.110808, 42.335586000000006], [-71.111, 42.335833], [-71.110708, 42.336307999999995], [-71.111551, 42.337299], [-71.110885, 42.338884], [-71.110663, 42.340270999999994], [-71.110177, 42.340959], [-71.109553, 42.34149399999999], [-71.108412, 42.341888], [-71.10802700000002, 42.34247799999999], [-71.10651400000002, 42.34310599999999], [-71.106072, 42.34358299999999], [-71.105516, 42.343812], [-71.107213, 42.347049000000005], [-71.10657, 42.349912], [-71.122855, 42.351860999999985], [-71.122942, 42.35141599999997], [-71.124067, 42.351552], [-71.126854, 42.35008799999999], [-71.128583, 42.349833000000004], [-71.129281, 42.34906699999999], [-71.133381, 42.347122000000006], [-71.13515500000001, 42.34602300000001], [-71.141326, 42.341048], [-71.141939, 42.340008], [-71.14421200000001, 42.34002199999999], [-71.146245, 42.338595], [-71.146606, 42.33853700000002], [-71.146156, 42.33744200000002], [-71.148742, 42.336866], [-71.148295, 42.335806999999996], [-71.15005900000001, 42.33539299999999], [-71.150461, 42.334968], [-71.149853, 42.334635], [-71.157036, 42.33039], [-71.159325, 42.332767999999994], [-71.161295, 42.33378299999999], [-71.162732, 42.333961], [-71.167565, 42.333441], [-71.168191, 42.33479100000001], [-71.16857, 42.335143], [-71.168886, 42.33582599999999], [-71.169217, 42.33806800000001], [-71.168633, 42.338629], [-71.166808, 42.33928999999997], [-71.166683, 42.340104000000004], [-71.17485, 42.350337], [-71.173916, 42.35346499999999], [-71.167625, 42.360073000000014], [-71.169381, 42.360136], [-71.172754, 42.35933100000001], [-71.175272, 42.359272], [-71.17824, 42.359565999999994], [-71.182126, 42.360681], [-71.18368, 42.358829], [-71.196298, 42.361802000000004], [-71.192215, 42.36542399999999], [-71.19476500000002, 42.366871], [-71.195206, 42.36773399999999], [-71.19542200000001, 42.367825], [-71.19585400000001, 42.367694], [-71.196485, 42.367024000000015], [-71.19708, 42.36693900000001], [-71.197744, 42.36733999999999], [-71.198323, 42.367402000000006], [-71.200515, 42.366271999999995], [-71.202029, 42.36582], [-71.202866, 42.365686999999994], [-71.205098, 42.365749], [-71.206321, 42.36461299999999], [-71.20745800000002, 42.36409999999999], [-71.208812, 42.364577999999995], [-71.209942, 42.364132], [-71.211259, 42.36428499999996], [-71.21373, 42.36512400000001], [-71.21451, 42.36568200000001], [-71.215534, 42.365608], [-71.21634100000001, 42.36584799999999], [-71.217038, 42.366589]]]}}, {"type": "Feature", "properties": {"district_name": "First Worcester District", "chamber": "senate", "vintage": "2022-present", "lean_dem_share": 0.6403, "competitiveness": "Safe", "competitiveness_label": "Safe D", "party_favored": "Democratic", "url": "/district/senate-first-worcester-district-2022-present/"}, "geometry": {"type": "Polygon", "coordinates": [[[-71.860157, 42.290555999999995], [-71.85906200000001, 42.29652299999999], [-71.80204200000001, 42.331345000000006], [-71.824162, 42.404854], [-71.817316, 42.403890999999994], [-71.786552, 42.398979000000004], [-71.777735, 42.400408999999996], [-71.763304, 42.40036700000002], [-71.741916, 42.392773000000005], [-71.741919, 42.38685000000001], [-71.701017, 42.39580800000002], [-71.678766, 42.389162999999996], [-71.676521, 42.396119], [-71.668069, 42.39456599999999], [-71.65674, 42.430957], [-71.642426, 42.479502999999994], [-71.633876, 42.47622500000001], [-71.54890300000001, 42.44730799999999], [-71.5591, 42.411943], [-71.58526, 42.407097], [-71.604251, 42.397703], [-71.580135, 42.386953000000005], [-71.607759, 42.370022], [-71.603065, 42.367267], [-71.610007, 42.357403000000005], [-71.624702, 42.35046500000001], [-71.625825, 42.34972399999999], [-71.620658, 42.345248999999995], [-71.619131, 42.343348999999996], [-71.61755, 42.341967999999994], [-71.616047, 42.341463999999995], [-71.611529, 42.338993], [-71.604663, 42.336746000000005], [-71.604099, 42.336769000000004], [-71.603591, 42.33167600000001], [-71.605266, 42.33016], [-71.60371, 42.328548000000005], [-71.601885, 42.32697099999999], [-71.597363, 42.321016000000014], [-71.59204900000002, 42.31752099999999], [-71.580033, 42.305892], [-71.633209, 42.30056099999998], [-71.634325, 42.298314], [-71.634181, 42.297025], [-71.634937, 42.296682000000004], [-71.637165, 42.296204], [-71.63697800000001, 42.29555700000001], [-71.636996, 42.29487199999999], [-71.637161, 42.294515999999994], [-71.637648, 42.294305], [-71.637691, 42.293192000000005], [-71.63797300000002, 42.292626000000006], [-71.64235, 42.290549], [-71.643012, 42.289262], [-71.642704, 42.28819599999999], [-71.670115, 42.27876299999999], [-71.676996, 42.286148000000004], [-71.680421, 42.30517100000001], [-71.684362, 42.311370999999994], [-71.689715, 42.318819999999995], [-71.687879, 42.32550200000001], [-71.689537, 42.325973000000005], [-71.691139, 42.326904999999975], [-71.690965, 42.328959], [-71.697589, 42.327552], [-71.697643, 42.329179], [-71.695477, 42.330268000000004], [-71.698673, 42.33240599999999], [-71.730213, 42.32113799999999], [-71.731824, 42.317927000000005], [-71.741745, 42.315726], [-71.741419, 42.31731799999999], [-71.756514, 42.31213500000001], [-71.767199, 42.313226], [-71.767239, 42.31144299999999], [-71.768267, 42.31126], [-71.758541, 42.296220999999996], [-71.75474, 42.274387000000004], [-71.766942, 42.27370699999998], [-71.778196, 42.273500000000006], [-71.777883, 42.270628999999985], [-71.77942400000002, 42.270672], [-71.782514, 42.26907599999999], [-71.78151000000001, 42.26798400000001], [-71.788175, 42.264544], [-71.790227, 42.264398], [-71.79034800000001, 42.26503100000001], [-71.791255, 42.26512699999999], [-71.791763, 42.265743], [-71.791594, 42.267144000000016], [-71.793346, 42.26734999999999], [-71.793699, 42.26363800000001], [-71.793482, 42.259557999999984], [-71.793669, 42.258370000000006], [-71.794034, 42.257481], [-71.794638, 42.25658100000001], [-71.797232, 42.254055999999984], [-71.795537, 42.251654], [-71.794825, 42.25019799999999], [-71.794709, 42.24843099999999], [-71.794834, 42.246461], [-71.795415, 42.245573], [-71.794152, 42.244999], [-71.795541, 42.24313200000002], [-71.794454, 42.242739], [-71.794757, 42.24201699999998], [-71.795339, 42.242142], [-71.795844, 42.240899], [-71.795021, 42.240717], [-71.795464, 42.239607000000014], [-71.796722, 42.239609], [-71.796279, 42.238778999999994], [-71.79611100000001, 42.237795], [-71.795855, 42.23739699999998], [-71.796522, 42.237591], [-71.796854, 42.23703], [-71.796691, 42.236658999999996], [-71.797002, 42.236437], [-71.80191, 42.240493000000015], [-71.802981, 42.242064], [-71.80384, 42.24396699999999], [-71.804783, 42.24329500000001], [-71.80567, 42.242931999999996], [-71.806755, 42.24271400000001], [-71.810188, 42.24248000000001], [-71.811313, 42.242066000000015], [-71.812283, 42.24140899999998], [-71.810968, 42.243829000000005], [-71.81201, 42.24361400000002], [-71.814661, 42.24357400000002], [-71.813665, 42.245036], [-71.813923, 42.24503000000001], [-71.814882, 42.24576499999999], [-71.816916, 42.247595999999994], [-71.818536, 42.246638], [-71.819264, 42.24716199999998], [-71.823603, 42.244437], [-71.823937, 42.243952], [-71.824925, 42.24358399999999], [-71.826158, 42.243603000000014], [-71.829185, 42.244125], [-71.831702, 42.24510699999999], [-71.832728, 42.24387899999999], [-71.833049, 42.24412000000001], [-71.83344700000002, 42.244994], [-71.836693, 42.24440499999999], [-71.839714, 42.243542], [-71.840446, 42.245561], [-71.840647, 42.248429], [-71.839663, 42.24890800000001], [-71.839447, 42.24924299999999], [-71.84064300000001, 42.249497999999996], [-71.841418, 42.250009], [-71.84229300000001, 42.251129999999996], [-71.847642, 42.256654999999995], [-71.848507, 42.25775399999998], [-71.846608, 42.258194], [-71.845867, 42.25868700000001], [-71.846288, 42.258817], [-71.846365, 42.258599000000004], [-71.84665, 42.258466], [-71.847234, 42.258645], [-71.847466, 42.25967500000001], [-71.847766, 42.260019000000014], [-71.84783500000002, 42.260675], [-71.848267, 42.261321], [-71.8482, 42.26222000000001], [-71.845873, 42.260433], [-71.844931, 42.260189], [-71.840985, 42.261408], [-71.839015, 42.26218399999999], [-71.839614, 42.263095], [-71.837567, 42.26396700000001], [-71.839265, 42.265319000000005], [-71.840724, 42.26768700000001], [-71.841444, 42.26919899999998], [-71.84176700000002, 42.269535999999995], [-71.848394, 42.27238100000001], [-71.852705, 42.27660299999999], [-71.853031, 42.27606599999999], [-71.854521, 42.27643700000001], [-71.854958, 42.276793], [-71.855279, 42.27820499999999], [-71.854723, 42.27845700000002], [-71.856446, 42.27866500000001], [-71.856381, 42.27993699999998], [-71.855021, 42.27926300000001], [-71.855299, 42.280891], [-71.855052, 42.281413], [-71.854408, 42.281909], [-71.854205, 42.282436], [-71.854115, 42.28314], [-71.854315, 42.284287], [-71.855055, 42.28604399999998], [-71.854571, 42.286189], [-71.854936, 42.286355999999984], [-71.855139, 42.28616199999998], [-71.856456, 42.287771], [-71.856889, 42.288707000000024], [-71.857855, 42.289107], [-71.860157, 42.290555999999995]]]}}, {"type": "Feature", "properties": {"district_name": "Second Worcester District", "chamber": "senate", "vintage": "2022-present", "lean_dem_share": 0.6109, "competitiveness": "Safe", "competitiveness_label": "Safe D", "party_favored": "Democratic", "url": "/district/senate-second-worcester-district-2022-present/"}, "geometry": {"type": "Polygon", "coordinates": [[[-71.895135, 42.192425], [-71.87621800000001, 42.214982000000006], [-71.86601, 42.225983000000014], [-71.856632, 42.22667600000002], [-71.835261, 42.22878200000001], [-71.83536, 42.23035300000001], [-71.833866, 42.231901], [-71.833771, 42.233392999999985], [-71.832965, 42.23746099999999], [-71.83267100000002, 42.23830900000001], [-71.832081, 42.23923400000002], [-71.832149, 42.239794000000025], [-71.83342, 42.24202600000001], [-71.833325, 42.242850000000004], [-71.832761, 42.24383700000002], [-71.833183, 42.244113], [-71.833523, 42.244982], [-71.833049, 42.24412000000001], [-71.832728, 42.24387899999999], [-71.831702, 42.24510699999999], [-71.829185, 42.244125], [-71.826158, 42.243603000000014], [-71.824925, 42.24358399999999], [-71.823937, 42.243952], [-71.823603, 42.244437], [-71.819264, 42.24716199999998], [-71.818536, 42.246638], [-71.816916, 42.247595999999994], [-71.814882, 42.24576499999999], [-71.813923, 42.24503000000001], [-71.813665, 42.245036], [-71.814661, 42.24357400000002], [-71.81201, 42.24361400000002], [-71.810968, 42.243829000000005], [-71.812283, 42.24140899999998], [-71.811313, 42.242066000000015], [-71.810188, 42.24248000000001], [-71.806755, 42.24271400000001], [-71.80567, 42.242931999999996], [-71.804783, 42.24329500000001], [-71.80384, 42.24396699999999], [-71.802981, 42.242064], [-71.80191, 42.240493000000015], [-71.797002, 42.236437], [-71.796691, 42.236658999999996], [-71.796854, 42.23703], [-71.796522, 42.237591], [-71.795855, 42.23739699999998], [-71.79611100000001, 42.237795], [-71.796279, 42.238778999999994], [-71.796722, 42.239609], [-71.795464, 42.239607000000014], [-71.795021, 42.240717], [-71.795844, 42.240899], [-71.795339, 42.242142], [-71.794757, 42.24201699999998], [-71.794454, 42.242739], [-71.795541, 42.24313200000002], [-71.794152, 42.244999], [-71.795415, 42.245573], [-71.794834, 42.246461], [-71.794709, 42.24843099999999], [-71.794825, 42.25019799999999], [-71.795537, 42.251654], [-71.797232, 42.254055999999984], [-71.794638, 42.25658100000001], [-71.794034, 42.257481], [-71.793669, 42.258370000000006], [-71.793482, 42.259557999999984], [-71.793699, 42.26363800000001], [-71.793346, 42.26734999999999], [-71.791594, 42.267144000000016], [-71.791763, 42.265743], [-71.791255, 42.26512699999999], [-71.79034800000001, 42.26503100000001], [-71.790227, 42.264398], [-71.788175, 42.264544], [-71.78151000000001, 42.26798400000001], [-71.782514, 42.26907599999999], [-71.77942400000002, 42.270672], [-71.777883, 42.270628999999985], [-71.778196, 42.273500000000006], [-71.766942, 42.27370699999998], [-71.75474, 42.274387000000004], [-71.758541, 42.296220999999996], [-71.768267, 42.31126], [-71.767239, 42.31144299999999], [-71.767199, 42.313226], [-71.756514, 42.31213500000001], [-71.741419, 42.31731799999999], [-71.741745, 42.315726], [-71.731824, 42.317927000000005], [-71.730213, 42.32113799999999], [-71.698673, 42.33240599999999], [-71.695477, 42.330268000000004], [-71.697643, 42.329179], [-71.697589, 42.327552], [-71.690965, 42.328959], [-71.691139, 42.326904999999975], [-71.689537, 42.325973000000005], [-71.687879, 42.32550200000001], [-71.689715, 42.318819999999995], [-71.684362, 42.311370999999994], [-71.680421, 42.30517100000001], [-71.676996, 42.286148000000004], [-71.670115, 42.27876299999999], [-71.642704, 42.28819599999999], [-71.643012, 42.289262], [-71.64235, 42.290549], [-71.63797300000002, 42.292626000000006], [-71.637691, 42.293192000000005], [-71.637648, 42.294305], [-71.637161, 42.294515999999994], [-71.636996, 42.29487199999999], [-71.63697800000001, 42.29555700000001], [-71.637165, 42.296204], [-71.634937, 42.296682000000004], [-71.634181, 42.297025], [-71.634325, 42.298314], [-71.633209, 42.30056099999998], [-71.580033, 42.305892], [-71.542738, 42.269743], [-71.542937, 42.26718], [-71.550115, 42.266023], [-71.550755, 42.26625500000001], [-71.551729, 42.26632599999999], [-71.552012, 42.266979], [-71.55251, 42.26749699999999], [-71.554498, 42.26788400000001], [-71.554861, 42.26754799999999], [-71.555284, 42.26746], [-71.555463, 42.26783399999999], [-71.555813, 42.26776999999999], [-71.556584, 42.268134], [-71.557291, 42.26779299999998], [-71.557285, 42.26759400000001], [-71.557729, 42.26767200000001], [-71.557879, 42.267400000000016], [-71.558335, 42.267390999999996], [-71.558581, 42.267867999999986], [-71.559781, 42.26758200000002], [-71.560584, 42.267864], [-71.562194, 42.267651], [-71.586759, 42.25954500000002], [-71.599318, 42.225958999999996], [-71.62107, 42.230869999999996], [-71.644438, 42.226625999999996], [-71.637276, 42.18323899999999], [-71.649218, 42.18170099999999], [-71.64129, 42.174875], [-71.640854, 42.17468], [-71.646299, 42.172871000000015], [-71.642168, 42.165662], [-71.67901, 42.165789000000004], [-71.691418, 42.163108], [-71.69520400000002, 42.17578899999999], [-71.718614, 42.17296700000001], [-71.723535, 42.191484], [-71.733961, 42.18677499999999], [-71.733771, 42.183504000000006], [-71.740533, 42.179206], [-71.74415, 42.18243499999999], [-71.829591, 42.14486], [-71.824853, 42.15533200000002], [-71.83048, 42.156082], [-71.834105, 42.154989999999984], [-71.834485, 42.157257], [-71.825488, 42.15992000000001], [-71.825959, 42.165820000000004], [-71.831504, 42.16425300000001], [-71.834924, 42.159829000000016], [-71.858096, 42.160706000000005], [-71.875802, 42.170120000000004], [-71.895135, 42.192425]]]}}, {"type": "Feature", "properties": {"district_name": "First Suffolk District", "chamber": "senate", "vintage": "2022-present", "lean_dem_share": 0.7956, "competitiveness": "Safe", "competitiveness_label": "Safe D", "party_favored": "Democratic", "url": "/district/senate-first-suffolk-district-2022-present/"}, "geometry": {"type": "Polygon", "coordinates": [[[-71.085504, 42.28099100000003], [-71.082796, 42.28453300000002], [-71.079507, 42.28768500000002], [-71.078537, 42.289335000000015], [-71.078199, 42.290774000000006], [-71.078147, 42.29202200000001], [-71.078852, 42.296708], [-71.076289, 42.297312999999974], [-71.07543, 42.29881], [-71.072648, 42.29969900000001], [-71.072068, 42.30026899999999], [-71.071994, 42.301565], [-71.071591, 42.302353999999994], [-71.071426, 42.30340699999999], [-71.072692, 42.304500000000004], [-71.074161, 42.30491], [-71.073209, 42.30537799999999], [-71.072097, 42.30556299999999], [-71.071518, 42.306648], [-71.073912, 42.307681], [-71.072822, 42.309471], [-71.069165, 42.317066999999994], [-71.067507, 42.32329699999998], [-71.069136, 42.32505100000001], [-71.071479, 42.326687000000014], [-71.073511, 42.325539000000006], [-71.074903, 42.325206999999985], [-71.075076, 42.3253], [-71.075289, 42.326125], [-71.07499, 42.32907500000001], [-71.075614, 42.329224], [-71.077472, 42.33089799999999], [-71.074773, 42.33253100000001], [-71.07337, 42.33361000000001], [-71.080349, 42.339363], [-71.079637, 42.339749999999995], [-71.080751, 42.340828], [-71.082477, 42.342073], [-71.083151, 42.34162199999999], [-71.0849, 42.34273300000001], [-71.078699, 42.347697], [-71.07891900000001, 42.34769299999999], [-71.078718, 42.347834000000006], [-71.079508, 42.349508], [-71.071057, 42.35180299999998], [-71.0684, 42.352356], [-71.067533, 42.352513], [-71.064562, 42.35238300000001], [-71.064235, 42.353394000000016], [-71.062516, 42.353280000000005], [-71.062575, 42.35239899999999], [-71.060119, 42.35255800000001], [-71.058009, 42.35235], [-71.055354, 42.35309999999998], [-71.053847, 42.35388], [-71.053612, 42.35365499999999], [-71.051529, 42.35467200000001], [-71.05106, 42.355130999999986], [-71.049396, 42.354498], [-71.042596, 42.363798], [-71.026895, 42.353097999999996], [-71.010994, 42.34269800000001], [-70.988173, 42.34344700000002], [-70.975094, 42.34349900000001], [-70.972893, 42.35359699999999], [-70.968935, 42.35592500000001], [-70.96882, 42.35586600000001], [-70.967257, 42.35706900000001], [-70.967048, 42.356954], [-70.917892, 42.38599700000002], [-70.901292, 42.384098000000016], [-70.851436, 42.393209000000006], [-70.749487, 42.400820000000024], [-70.648072, 42.40562799999999], [-70.652005, 42.39293899999999], [-70.658723, 42.375097999999994], [-70.67569, 42.375097999999994], [-70.74947, 42.37333999999999], [-70.851191, 42.372499], [-70.894292, 42.372398999999994], [-70.905692, 42.316999], [-70.917091, 42.314198000000005], [-70.927191, 42.310097999999996], [-70.937091, 42.311097999999994], [-70.948991, 42.301298], [-70.960192, 42.29949800000001], [-70.975992, 42.300097999999984], [-70.981781, 42.308382], [-70.988693, 42.31359800000001], [-70.998593, 42.31199800000001], [-71.002093, 42.308697999999985], [-71.009991, 42.30518], [-71.015393, 42.30669799999998], [-71.022093, 42.305598], [-71.028395, 42.30879899999999], [-71.041694, 42.305298], [-71.041294, 42.300097999999984], [-71.03529400000001, 42.288798], [-71.03789400000001, 42.284898], [-71.039293, 42.28379899999999], [-71.04049400000001, 42.281898000000005], [-71.041594, 42.27809799999999], [-71.042433, 42.277328999999995], [-71.043042, 42.276893], [-71.044421, 42.276313], [-71.04488, 42.276266], [-71.047116, 42.277083], [-71.048583, 42.27791399999999], [-71.04923800000002, 42.278064], [-71.049802, 42.2781], [-71.052597, 42.277669], [-71.054401, 42.27701900000001], [-71.055245, 42.27634299999998], [-71.055585, 42.275709], [-71.055575, 42.27505200000002], [-71.054996, 42.274167999999996], [-71.054102, 42.27344299999999], [-71.053494, 42.272458], [-71.053691, 42.271816], [-71.06097900000002, 42.26745399999999], [-71.061828, 42.26720800000001], [-71.063102, 42.26734400000001], [-71.064695, 42.26860700000002], [-71.065033, 42.26928600000001], [-71.064781, 42.270167000000015], [-71.065458, 42.271007], [-71.066036, 42.27126800000001], [-71.067704, 42.271490000000014], [-71.068375, 42.270827], [-71.069011, 42.27066199999998], [-71.070415, 42.27061300000001], [-71.07168, 42.270855000000005], [-71.072431, 42.270686999999995], [-71.073042, 42.270331], [-71.075246, 42.27030000000002], [-71.07541, 42.27144899999998], [-71.077235, 42.27154300000001], [-71.077191, 42.272572999999994], [-71.078447, 42.275739999999985], [-71.077251, 42.27721700000001], [-71.078658, 42.27785700000001], [-71.08257, 42.280342000000005], [-71.085504, 42.28099100000003]]]}}, {"type": "Feature", "properties": {"district_name": "Worcester and Middlesex District", "chamber": "senate", "vintage": "2022-present", "lean_dem_share": 0.5789, "competitiveness": "Likely", "competitiveness_label": "Likely D", "party_favored": "Democratic", "url": "/district/senate-worcester-and-middlesex-district-2022-present/"}, "geometry": {"type": "Polygon", "coordinates": [[[-71.89869500000002, 42.711310000000005], [-71.749224, 42.707471000000005], [-71.696505, 42.705721999999994], [-71.651836, 42.70476899999999], [-71.650721, 42.69091999999999], [-71.65793, 42.649944000000005], [-71.656412, 42.649723], [-71.652466, 42.645755], [-71.648988, 42.64423000000001], [-71.646949, 42.644152], [-71.64074, 42.63926599999999], [-71.630784, 42.635163000000006], [-71.621867, 42.631876], [-71.615525, 42.629273000000005], [-71.61418, 42.62849799999998], [-71.609874, 42.627845], [-71.609929, 42.62755400000001], [-71.608056, 42.62738000000001], [-71.607123, 42.630468], [-71.60603, 42.63096899999999], [-71.605621, 42.631025999999984], [-71.604828, 42.630818999999995], [-71.603215, 42.62946099999999], [-71.601268, 42.62656500000001], [-71.600654, 42.626113000000004], [-71.599644, 42.625821], [-71.597975, 42.625898], [-71.59598800000002, 42.62633699999999], [-71.593623, 42.626247000000006], [-71.593254, 42.62638299999998], [-71.593063, 42.626656999999994], [-71.593563, 42.62750599999999], [-71.593705, 42.628223], [-71.593463, 42.628780000000006], [-71.592952, 42.629272], [-71.591601, 42.629926000000005], [-71.58847, 42.630438000000005], [-71.587919, 42.630833], [-71.58792, 42.63144600000001], [-71.588483, 42.631965], [-71.588834, 42.632673], [-71.589216, 42.63291500000001], [-71.590261, 42.633002], [-71.592346, 42.632836000000005], [-71.592958, 42.63312199999999], [-71.593112, 42.63336699999999], [-71.593087, 42.63383000000001], [-71.592832, 42.634340000000016], [-71.591478, 42.635183000000005], [-71.591248, 42.635501999999995], [-71.591262, 42.63572800000001], [-71.591555, 42.635985], [-71.592298, 42.636397], [-71.592426, 42.636567], [-71.592363, 42.636964000000006], [-71.592134, 42.63721700000001], [-71.591431, 42.637454999999996], [-71.589663, 42.637101], [-71.588839, 42.63715100000002], [-71.588375, 42.637373], [-71.588055, 42.63783199999999], [-71.587117, 42.64014700000002], [-71.586914, 42.64226300000001], [-71.586199, 42.64369700000001], [-71.586245, 42.64432299999999], [-71.58715, 42.644963], [-71.587196, 42.645643000000014], [-71.586731, 42.646269000000004], [-71.585674, 42.646596], [-71.584473, 42.64641999999999], [-71.583568, 42.645757], [-71.58321300000001, 42.644525], [-71.582961, 42.64413799999999], [-71.58262, 42.644037000000004], [-71.582081, 42.64434399999999], [-71.58179, 42.645334000000005], [-71.580432, 42.646800000000006], [-71.57985, 42.64791099999999], [-71.579929, 42.649289000000024], [-71.57910000000001, 42.65138500000001], [-71.57941, 42.653442], [-71.579436, 42.65415000000001], [-71.579296, 42.654301000000004], [-71.555035, 42.659582], [-71.555511, 42.65875499999999], [-71.551362, 42.65984900000001], [-71.552421, 42.660123999999996], [-71.537136, 42.66349499999999], [-71.534413, 42.648414], [-71.534296, 42.64836199999999], [-71.514969, 42.64362299999999], [-71.496484, 42.649802], [-71.497478, 42.641667], [-71.498593, 42.63879200000001], [-71.493528, 42.61740400000001], [-71.417642, 42.653774], [-71.405401, 42.61039300000001], [-71.401978, 42.59980500000001], [-71.400228, 42.59107900000001], [-71.396876, 42.58013999999999], [-71.388373, 42.54994600000002], [-71.38474, 42.538699], [-71.423794, 42.52618899999999], [-71.48002, 42.558094], [-71.483765, 42.573788], [-71.498006, 42.57686199999999], [-71.503037, 42.575468], [-71.506411, 42.572172000000016], [-71.511459, 42.569386], [-71.600309, 42.582927000000005], [-71.601036, 42.58302400000001], [-71.602076, 42.582071000000006], [-71.60309, 42.582021000000005], [-71.60448400000001, 42.58223100000001], [-71.605194, 42.58244799999999], [-71.606354, 42.583172000000005], [-71.606917, 42.58315299999999], [-71.609565, 42.58080900000001], [-71.609943, 42.57977999999999], [-71.609489, 42.578384], [-71.609791, 42.57792200000001], [-71.610526, 42.57756400000001], [-71.612924, 42.57702200000001], [-71.613611, 42.576465], [-71.613918, 42.57522600000002], [-71.614414, 42.575092], [-71.615639, 42.57510999999999], [-71.616109, 42.574695000000006], [-71.616031, 42.57423800000001], [-71.61574, 42.57392399999999], [-71.614559, 42.573268], [-71.614125, 42.572115000000004], [-71.612733, 42.57194], [-71.611825, 42.57129499999999], [-71.611911, 42.57027900000001], [-71.611257, 42.568379], [-71.60771, 42.56713400000001], [-71.606607, 42.566511000000006], [-71.60678100000001, 42.566157999999994], [-71.60767, 42.565909999999995], [-71.608706, 42.56536099999999], [-71.608833, 42.564336999999995], [-71.609027, 42.56397499999999], [-71.610532, 42.56285299999998], [-71.611111, 42.562138], [-71.612491, 42.55918799999999], [-71.612522, 42.558655], [-71.611919, 42.556577999999995], [-71.610885, 42.55496900000001], [-71.611013, 42.55429300000003], [-71.611476, 42.55384], [-71.612003, 42.553689], [-71.615548, 42.553644999999996], [-71.619678, 42.55262299999999], [-71.625126, 42.550099], [-71.628434, 42.548064], [-71.629912, 42.546134000000016], [-71.631554, 42.545024999999995], [-71.632017, 42.544517999999975], [-71.633706, 42.54107900000002], [-71.634327, 42.540728000000016], [-71.635444, 42.540406999999995], [-71.635885, 42.54000099999999], [-71.636179, 42.539339], [-71.636467, 42.53629900000001], [-71.636367, 42.533500999999994], [-71.63665, 42.53312699999999], [-71.638891, 42.53140200000001], [-71.639206, 42.530956999999994], [-71.639055, 42.529211999999994], [-71.638758, 42.52833899999999], [-71.63674, 42.52583200000001], [-71.635947, 42.524532000000015], [-71.635913, 42.523697999999996], [-71.636144, 42.523098000000005], [-71.635153, 42.52286500000001], [-71.634087, 42.52211], [-71.632914, 42.520116999999985], [-71.6319, 42.51911299999999], [-71.630646, 42.51908299999999], [-71.630151, 42.518834], [-71.630022, 42.51782100000001], [-71.630306, 42.517361], [-71.630811, 42.51708], [-71.631824, 42.51699300000002], [-71.632274, 42.51662599999999], [-71.632312, 42.51636200000001], [-71.631798, 42.515979], [-71.631124, 42.515871999999995], [-71.630061, 42.515982], [-71.629615, 42.515845000000006], [-71.629132, 42.51509499999998], [-71.629751, 42.513956], [-71.62974, 42.51365999999999], [-71.62916, 42.513379999999984], [-71.628001, 42.513240999999994], [-71.627305, 42.512836], [-71.627441, 42.51234500000001], [-71.627994, 42.51151300000001], [-71.627813, 42.510923999999996], [-71.627964, 42.510707999999994], [-71.628427, 42.510512000000006], [-71.628683, 42.51056700000001], [-71.629201, 42.511100000000006], [-71.629711, 42.51127300000001], [-71.629873, 42.511142], [-71.62982900000002, 42.51041900000001], [-71.630577, 42.509716], [-71.631803, 42.50972599999999], [-71.631849, 42.50950099999998], [-71.631426, 42.50912899999999], [-71.631263, 42.508725999999996], [-71.631326, 42.508333], [-71.632815, 42.506583], [-71.634219, 42.504361], [-71.634183, 42.504167], [-71.633467, 42.50350800000001], [-71.633763, 42.502863999999995], [-71.633699, 42.50269599999999], [-71.633217, 42.50251300000001], [-71.631993, 42.50266700000002], [-71.631236, 42.502563], [-71.629674, 42.50152300000001], [-71.626405, 42.500094000000004], [-71.62588, 42.49949500000002], [-71.625885, 42.49851100000001], [-71.62663, 42.49591199999999], [-71.626834, 42.495567000000015], [-71.62776, 42.495047000000014], [-71.627978, 42.494513], [-71.627594, 42.493335], [-71.627769, 42.492611999999994], [-71.628629, 42.490778000000006], [-71.62895, 42.48877800000001], [-71.630808, 42.48743999999999], [-71.631231, 42.48673800000002], [-71.63161000000001, 42.485423], [-71.631908, 42.485413], [-71.633567, 42.48623500000001], [-71.634151, 42.48580799999999], [-71.634129, 42.485352], [-71.633492, 42.48515900000001], [-71.633103, 42.485265000000005], [-71.632602, 42.48513400000001], [-71.632203, 42.484553000000005], [-71.63206, 42.48397800000001], [-71.632108, 42.482988000000006], [-71.632277, 42.48272599999999], [-71.632539, 42.48267800000001], [-71.633664, 42.48308600000001], [-71.634102, 42.482875000000014], [-71.634158, 42.482445999999996], [-71.633915, 42.48129399999999], [-71.634288, 42.48055000000001], [-71.634847, 42.47996299999998], [-71.634709, 42.47952600000001], [-71.633782, 42.478435], [-71.633689, 42.477183999999994], [-71.635448, 42.477081999999996], [-71.635791, 42.476891], [-71.642426, 42.479502999999994], [-71.65674, 42.430957], [-71.668069, 42.39456599999999], [-71.676521, 42.396119], [-71.678766, 42.389162999999996], [-71.701017, 42.39580800000002], [-71.725979, 42.39028900000002], [-71.721578, 42.409239000000014], [-71.718362, 42.410219999999995], [-71.718699, 42.473373999999986], [-71.727547, 42.47499200000001], [-71.830019, 42.49218600000001], [-71.822289, 42.504306000000014], [-71.842326, 42.51263000000001], [-71.837807, 42.543783], [-71.862953, 42.544703000000005], [-71.862508, 42.55247399999999], [-71.855591, 42.552055], [-71.855131, 42.558291], [-71.856873, 42.558119000000005], [-71.860262, 42.558518000000014], [-71.862343, 42.55805], [-71.858482, 42.633841], [-71.856393, 42.667643000000005], [-71.857757, 42.674982], [-71.864076, 42.67955700000001], [-71.863754, 42.679550999999975], [-71.865751, 42.684111], [-71.869778, 42.68364700000001], [-71.897103, 42.70372799999999], [-71.89869500000002, 42.711310000000005]]]}}, {"type": "Feature", "properties": {"district_name": "Norfolk and Plymouth District", "chamber": "senate", "vintage": "2022-present", "lean_dem_share": 0.5703, "competitiveness": "Likely", "competitiveness_label": "Likely D", "party_favored": "Democratic", "url": "/district/senate-norfolk-and-plymouth-district-2022-present/"}, "geometry": {"type": "Polygon", "coordinates": [[[-71.093189, 42.21393600000002], [-71.053021, 42.229173], [-71.06109, 42.242383999999994], [-71.032078, 42.25834900000001], [-71.03138800000002, 42.25921200000001], [-71.041672, 42.26642699999999], [-71.04185, 42.267550000000014], [-71.041635, 42.26839], [-71.042782, 42.277102], [-71.041594, 42.27809799999999], [-71.04049400000001, 42.281898000000005], [-71.039293, 42.28379899999999], [-71.03789400000001, 42.284898], [-71.03529400000001, 42.288798], [-71.041294, 42.300097999999984], [-71.041694, 42.305298], [-71.028395, 42.30879899999999], [-71.022093, 42.305598], [-71.015393, 42.30669799999998], [-71.009991, 42.30518], [-71.002093, 42.308697999999985], [-70.998593, 42.31199800000001], [-70.988693, 42.31359800000001], [-70.981781, 42.308382], [-70.975992, 42.300097999999984], [-70.960192, 42.29949800000001], [-70.960255, 42.29579399999999], [-70.959975, 42.295584], [-70.960257, 42.29566100000001], [-70.960392, 42.28769900000001], [-70.937691, 42.277499], [-70.938091, 42.266399], [-70.959491, 42.24779899999999], [-70.960191, 42.24679900000001], [-70.960909, 42.24609100000001], [-70.962086, 42.24642399999998], [-70.961641, 42.245782], [-70.963479, 42.245967], [-70.962194, 42.24645499999999], [-70.96541, 42.24679099999998], [-70.967, 42.244582], [-70.968591, 42.2404], [-70.967991, 42.237998999999995], [-70.960491, 42.23509899999997], [-70.960191, 42.23129899999999], [-70.960384, 42.22871499999999], [-70.960596, 42.228539000000005], [-70.960891, 42.226899], [-70.962891, 42.225499], [-70.963728, 42.224694000000014], [-70.964283, 42.224585], [-70.965414, 42.22389899999999], [-70.967022, 42.223353], [-70.968066, 42.22169000000002], [-70.968016, 42.221201], [-70.967684, 42.22066199999997], [-70.9687, 42.219877999999994], [-70.98127, 42.135511], [-70.893516, 42.169814], [-70.890291, 42.17173600000001], [-70.884311, 42.153719], [-70.847246, 42.15830799999999], [-70.847174, 42.157083], [-70.84653, 42.15650699999998], [-70.846459, 42.156003000000005], [-70.846171, 42.155679], [-70.84583100000002, 42.155598], [-70.845349, 42.154666999999996], [-70.844949, 42.15455700000001], [-70.844922, 42.15432499999999], [-70.844614, 42.15415200000001], [-70.84457, 42.153902000000016], [-70.844989, 42.15359400000001], [-70.844275, 42.152867], [-70.843501, 42.152606999999996], [-70.842934, 42.152162000000004], [-70.842703, 42.15170899999999], [-70.84258600000001, 42.15085400000001], [-70.84213, 42.150823], [-70.841327, 42.15047], [-70.841281, 42.150085999999995], [-70.840275, 42.14942299999999], [-70.840351, 42.148133], [-70.839002, 42.14741999999998], [-70.839169, 42.147056], [-70.838726, 42.146125], [-70.838606, 42.145422999999994], [-70.837467, 42.145457], [-70.83749, 42.14504800000002], [-70.837225, 42.144716], [-70.837119, 42.144203999999995], [-70.837139, 42.1429], [-70.83685, 42.142315999999994], [-70.837163, 42.141957999999995], [-70.83699500000002, 42.14129400000001], [-70.836746, 42.14090100000001], [-70.836396, 42.140884000000014], [-70.836134, 42.140606000000005], [-70.835782, 42.140548], [-70.834987, 42.139663000000006], [-70.834758, 42.138797000000025], [-70.834833, 42.138215], [-70.835, 42.13804600000001], [-70.834622, 42.137823], [-70.834892, 42.137702000000004], [-70.834736, 42.137462], [-70.834865, 42.13712700000001], [-70.834454, 42.136956], [-70.834267, 42.137109], [-70.833894, 42.13689000000001], [-70.833985, 42.136364999999984], [-70.83421900000002, 42.136237000000015], [-70.834079, 42.13616999999999], [-70.83416, 42.13586600000001], [-70.83471, 42.13545100000001], [-70.834718, 42.135096999999995], [-70.834331, 42.13487599999999], [-70.834709, 42.13444], [-70.834441, 42.134275], [-70.833511, 42.134285999999996], [-70.833358, 42.13392600000001], [-70.8329, 42.13387999999999], [-70.832351, 42.133013000000005], [-70.830482, 42.13238700000001], [-70.829479, 42.132278], [-70.829088, 42.13261899999999], [-70.828756, 42.13221900000001], [-70.828266, 42.13236100000002], [-70.827529, 42.13192100000001], [-70.826111, 42.131878000000015], [-70.825418, 42.132131], [-70.824819, 42.132079999999995], [-70.824118, 42.132802], [-70.823272, 42.132475], [-70.822794, 42.13254199999999], [-70.822547, 42.132327], [-70.822262, 42.132615999999985], [-70.82238, 42.13280900000001], [-70.822163, 42.132955], [-70.82114, 42.13319899999998], [-70.820788, 42.132983], [-70.820139, 42.13307700000002], [-70.819001, 42.13289600000001], [-70.819064, 42.132695000000005], [-70.819716, 42.132302], [-70.819772, 42.132079000000004], [-70.819088, 42.132001], [-70.818153, 42.131465999999996], [-70.817053, 42.13166499999999], [-70.81664, 42.131572999999996], [-70.816503, 42.131451999999996], [-70.816407, 42.130688], [-70.816599, 42.130084000000004], [-70.81601, 42.128554], [-70.815297, 42.128142000000004], [-70.814975, 42.12767099999999], [-70.814371, 42.127433], [-70.813904, 42.12694799999999], [-70.81173200000002, 42.126642000000004], [-70.811371, 42.12631600000001], [-70.810923, 42.1254], [-70.80952900000001, 42.124799999999986], [-70.809036, 42.124415], [-70.80914000000001, 42.122729], [-70.808996, 42.122502], [-70.808545, 42.122342], [-70.808692, 42.12164199999999], [-70.808169, 42.12096999999999], [-70.808208, 42.120177999999996], [-70.808495, 42.119857999999994], [-70.808911, 42.119975], [-70.809356, 42.119727], [-70.809178, 42.119269], [-70.809804, 42.118646999999996], [-70.810148, 42.11795599999999], [-70.809667, 42.117552999999994], [-70.809465, 42.11715100000001], [-70.809009, 42.11588700000002], [-70.80907, 42.115713000000014], [-70.80875300000001, 42.11511200000001], [-70.80873, 42.11465399999999], [-70.808313, 42.114582000000006], [-70.807391, 42.114784999999976], [-70.80679, 42.114701], [-70.806691, 42.11446599999999], [-70.805895, 42.11463200000001], [-70.804983, 42.11440100000001], [-70.805172, 42.11384400000001], [-70.805025, 42.11364300000001], [-70.80416100000001, 42.113259], [-70.804208, 42.11258699999999], [-70.80375, 42.112116], [-70.80385, 42.111477000000015], [-70.804954, 42.111172999999994], [-70.807167, 42.10846500000001], [-70.809417, 42.106767999999974], [-70.810896, 42.105107], [-70.812157, 42.104149], [-70.812278, 42.103410000000004], [-70.811968, 42.10253100000001], [-70.809883, 42.100731], [-70.809885, 42.10046200000001], [-70.810536, 42.10023399999999], [-70.810623, 42.10000800000001], [-70.80961100000002, 42.099388999999995], [-70.809817, 42.098982], [-70.810316, 42.098834000000004], [-70.810717, 42.09831600000001], [-70.811166, 42.098043], [-70.813176, 42.098186999999996], [-70.814103, 42.098862999999994], [-70.814937, 42.098824], [-70.816277, 42.099433999999995], [-70.81702800000001, 42.099061000000006], [-70.818601, 42.099670999999994], [-70.819482, 42.099714999999996], [-70.819649, 42.09947099999999], [-70.819864, 42.09948700000001], [-70.820592, 42.09992499999998], [-70.821025, 42.10065300000002], [-70.82175, 42.100765], [-70.823542, 42.100413], [-70.826652, 42.100326], [-70.828893, 42.099622999999994], [-70.831448, 42.098516999999994], [-70.833717, 42.097935000000014], [-70.834162, 42.097589], [-70.835504, 42.09732199999997], [-70.835995, 42.097132], [-70.836247, 42.096774], [-70.837165, 42.09691], [-70.83791000000001, 42.096738000000016], [-70.838504, 42.09609900000002], [-70.839157, 42.09495800000001], [-70.84008, 42.094538000000014], [-70.84059200000002, 42.094535000000015], [-70.8419, 42.09493999999999], [-70.843157, 42.094743000000015], [-70.844731, 42.095003000000005], [-70.845142, 42.09516499999999], [-70.845405, 42.09548200000001], [-70.846571, 42.095859], [-70.847401, 42.096335999999994], [-70.84835, 42.09622000000002], [-70.850642, 42.094927999999996], [-70.851153, 42.094953], [-70.852084, 42.09531900000001], [-70.853039, 42.095264], [-70.853573, 42.09544700000002], [-70.854537, 42.09482299999999], [-70.855137, 42.094166], [-70.854976, 42.093339], [-70.855486, 42.09242300000001], [-70.857481, 42.09137200000001], [-70.858824, 42.09104199999999], [-70.859452, 42.090667], [-70.85965800000001, 42.09023100000001], [-70.861101, 42.089653], [-70.861281, 42.089225], [-70.862187, 42.089162], [-70.863102, 42.089544999999994], [-70.864303, 42.089794000000005], [-70.864512, 42.090412], [-70.865295, 42.090624000000005], [-70.8657, 42.09048599999999], [-70.86616, 42.08964999999999], [-70.867077, 42.08905399999999], [-70.867686, 42.08826900000002], [-70.870011, 42.087303], [-70.87433, 42.08847899999999], [-70.874653, 42.08873299999998], [-70.874945, 42.089667000000006], [-70.902412, 42.08589700000001], [-70.915908, 42.100123], [-70.946838, 42.094534], [-70.975411, 42.087467], [-70.974989, 42.08796500000001], [-70.975176, 42.088082], [-70.975373, 42.089085999999995], [-70.975788, 42.089346], [-70.975864, 42.08990000000001], [-70.975465, 42.09011900000001], [-70.975587, 42.090594], [-70.97525, 42.09069400000002], [-70.975356, 42.091229000000006], [-70.975226, 42.09170700000001], [-70.975703, 42.092348999999984], [-70.975458, 42.09283400000001], [-70.975437, 42.09418100000001], [-70.97518, 42.094816], [-70.975243, 42.09508500000002], [-70.975533, 42.09531500000001], [-70.975188, 42.09572699999999], [-70.97507200000001, 42.096228999999994], [-70.975954, 42.09830799999999], [-70.976674, 42.098707], [-70.976737, 42.09915099999999], [-70.977174, 42.09978000000001], [-70.977144, 42.100253000000016], [-70.976733, 42.100534999999994], [-70.977058, 42.10109900000001], [-70.976895, 42.101199], [-70.976969, 42.101314], [-70.976688, 42.10185799999999], [-70.976725, 42.10265900000001], [-70.976855, 42.103358000000014], [-70.97742, 42.10417000000002], [-70.977374, 42.10434299999999], [-70.977603, 42.104369999999996], [-70.977875, 42.104768000000014], [-70.977364, 42.10577299999999], [-70.977479, 42.10611999999999], [-70.977925, 42.10649799999999], [-70.97813, 42.107862], [-70.978747, 42.108461], [-70.980512, 42.10902000000001], [-70.980663, 42.109255], [-70.980539, 42.10992600000001], [-70.980925, 42.110632], [-70.980818, 42.11118199999998], [-70.979873, 42.11162399999999], [-70.979301, 42.11267600000001], [-70.978863, 42.11298599999999], [-70.978774, 42.11339699999999], [-70.979117, 42.114076999999995], [-70.998594, 42.111636], [-71.001974, 42.12652599999999], [-71.021859, 42.118745], [-71.026953, 42.123734], [-71.027521, 42.126414999999994], [-71.027576, 42.12759600000001], [-71.02721, 42.13293899999998], [-71.035093, 42.13563400000001], [-71.027565, 42.15632099999999], [-71.021994, 42.16900499999999], [-71.012054, 42.16849499999999], [-71.00645, 42.168319], [-71.00433, 42.16841], [-71.0044, 42.17035], [-71.00684, 42.17032999999999], [-71.00703, 42.17302000000001], [-71.00753, 42.17421], [-71.00706, 42.17636000000001], [-71.00803, 42.17827999999999], [-71.00705, 42.17851999999999], [-71.00632, 42.177740000000014], [-71.005582, 42.17729899999999], [-70.99962, 42.17634999999999], [-70.99947, 42.17587], [-70.998435, 42.17653599999999], [-70.997879, 42.177198999999995], [-70.99734, 42.17872], [-70.99667, 42.18259], [-70.99625, 42.1833], [-70.99509, 42.18447], [-70.99162000000001, 42.186600000000006], [-70.98695, 42.18845], [-70.98624, 42.18894000000001], [-70.98595, 42.189740000000015], [-70.98553, 42.19247000000001], [-70.984059, 42.195046], [-70.984188, 42.196235999999985], [-70.98497, 42.19771], [-70.98516, 42.19913], [-70.98693, 42.19892000000001], [-70.98722, 42.19906000000001], [-70.98724, 42.19950000000001], [-70.98694, 42.20039], [-70.98753, 42.20052000000001], [-70.98766, 42.20077], [-70.98707, 42.20286], [-70.98701, 42.20297999999999], [-70.985318, 42.20255300000002], [-70.98492, 42.202593000000014], [-70.98489, 42.204010000000004], [-70.984323, 42.20419499999999], [-70.982771, 42.205140000000014], [-70.98195, 42.205814], [-70.98117, 42.20770000000001], [-70.981139, 42.208137], [-70.981481, 42.20892], [-70.981, 42.20965999999999], [-70.98103, 42.21093], [-70.98089, 42.21144], [-70.9804, 42.21254000000001], [-70.97929, 42.214169999999996], [-70.978423, 42.217800999999994], [-70.97681, 42.21748], [-70.97665, 42.21804000000001], [-70.97616, 42.21791], [-70.97569, 42.220740000000006], [-70.97475, 42.220859999999995], [-70.97356, 42.22212999999999], [-70.97507000000002, 42.22458], [-70.97644, 42.22792], [-70.97738, 42.229119999999995], [-70.97827, 42.23063], [-70.97995, 42.23277], [-70.98039, 42.234460000000006], [-70.981151, 42.235742000000016], [-71.00217, 42.232208], [-71.01079, 42.228667999999985], [-71.033, 42.227884], [-71.044938, 42.215384], [-71.044883, 42.206483999999996], [-71.045454, 42.20627799999998], [-71.046978, 42.206561], [-71.047857, 42.20626], [-71.048928, 42.206665999999984], [-71.049741, 42.20669000000001], [-71.050275, 42.20642999999999], [-71.051896, 42.20618100000001], [-71.052152, 42.205922], [-71.05305600000001, 42.20569200000003], [-71.055194, 42.205981999999985], [-71.055591, 42.205868], [-71.055926, 42.205974], [-71.056191, 42.20583], [-71.056889, 42.205980000000004], [-71.057306, 42.205904000000004], [-71.058126, 42.206193999999996], [-71.059422, 42.20595600000001], [-71.060388, 42.20631400000001], [-71.070493, 42.204433], [-71.07411, 42.204187], [-71.074795, 42.204347], [-71.075143, 42.20473899999998], [-71.076997, 42.20452000000001], [-71.07776, 42.204789], [-71.079186, 42.20461399999999], [-71.080747, 42.204948], [-71.081612, 42.20466], [-71.082244, 42.20474900000001], [-71.082475, 42.20437400000001], [-71.08272700000002, 42.204289999999986], [-71.093189, 42.21393600000002]]]}}, {"type": "Feature", "properties": {"district_name": "First Plymouth and Norfolk District", "chamber": "senate", "vintage": "2022-present", "lean_dem_share": 0.5949, "competitiveness": "Likely", "competitiveness_label": "Likely D", "party_favored": "Democratic", "url": "/district/senate-first-plymouth-and-norfolk-district-2022-present/"}, "geometry": {"type": "Polygon", "coordinates": [[[-70.98127, 42.135511], [-70.9687, 42.219877999999994], [-70.967684, 42.22066199999997], [-70.968016, 42.221201], [-70.968066, 42.22169000000002], [-70.967022, 42.223353], [-70.965414, 42.22389899999999], [-70.964283, 42.224585], [-70.963728, 42.224694000000014], [-70.962891, 42.225499], [-70.960891, 42.226899], [-70.960596, 42.228539000000005], [-70.960384, 42.22871499999999], [-70.960191, 42.23129899999999], [-70.960491, 42.23509899999997], [-70.967991, 42.237998999999995], [-70.968591, 42.2404], [-70.967, 42.244582], [-70.96541, 42.24679099999998], [-70.962194, 42.24645499999999], [-70.963479, 42.245967], [-70.961641, 42.245782], [-70.962086, 42.24642399999998], [-70.960909, 42.24609100000001], [-70.960191, 42.24679900000001], [-70.959491, 42.24779899999999], [-70.938091, 42.266399], [-70.937691, 42.277499], [-70.960392, 42.28769900000001], [-70.960257, 42.29566100000001], [-70.959975, 42.295584], [-70.960255, 42.29579399999999], [-70.960192, 42.29949800000001], [-70.948991, 42.301298], [-70.937091, 42.311097999999994], [-70.927191, 42.310097999999996], [-70.917091, 42.314198000000005], [-70.905692, 42.316999], [-70.894292, 42.372398999999994], [-70.851191, 42.372499], [-70.74947, 42.37333999999999], [-70.67569, 42.375097999999994], [-70.658723, 42.375097999999994], [-70.690393, 42.27899900000001], [-70.689025, 42.27238999999998], [-70.688773, 42.268331], [-70.688704, 42.263468], [-70.68406100000001, 42.25383599999999], [-70.676029, 42.250102000000005], [-70.66281, 42.24485099999999], [-70.648622, 42.23736000000001], [-70.640113, 42.22837199999999], [-70.63633, 42.21638599999999], [-70.63633, 42.20290299999999], [-70.639165, 42.19091899999998], [-70.642946, 42.178185], [-70.624482, 42.15722500000002], [-70.62258, 42.154424], [-70.608381, 42.13847900000001], [-70.499477, 42.130739000000005], [-70.414803, 42.125097999999994], [-70.411454, 42.125099], [-70.374474, 42.12155], [-70.374474, 42.07333800000001], [-70.633127, 42.088227999999965], [-70.631049, 42.08310599999999], [-70.629803, 42.077186000000005], [-70.628724, 42.073549], [-70.626033, 42.06655999999999], [-70.622529, 42.06013200000001], [-70.614905, 42.049111], [-70.608105, 42.037786000000004], [-70.602953, 42.025846999999985], [-70.598554, 42.01367700000001], [-70.609301, 42.01358299999998], [-70.60889800000001, 42.01319999999998], [-70.612821, 42.01321499999998], [-70.612653, 42.01355099999999], [-70.6415, 42.013155000000005], [-70.64202, 42.012396999999986], [-70.643583, 42.007777], [-70.645899, 42.002459], [-70.64839, 41.997844], [-70.649808, 41.99604200000001], [-70.652348, 41.990216999999994], [-70.653511, 41.987113], [-70.662497, 41.988123000000016], [-70.66525300000002, 41.988588], [-70.667055, 41.989205], [-70.668339, 41.989996999999995], [-70.669137, 41.99087800000001], [-70.6701, 41.992642999999994], [-70.671066, 41.99651000000001], [-70.671738, 41.998325000000015], [-70.672635, 41.999658], [-70.673269, 42.00023000000001], [-70.682081, 42.001403999999994], [-70.698582, 42.00670300000001], [-70.705902, 42.004456], [-70.711225, 42.00314900000001], [-70.711264, 42.002403000000015], [-70.721793, 42.00281699999999], [-70.722223, 42.004259], [-70.722814, 42.004639999999995], [-70.724657, 42.007039], [-70.724022, 42.009288], [-70.730136, 42.01623100000001], [-70.73124000000001, 42.017707], [-70.769492, 42.022063], [-70.76987, 42.02257099999999], [-70.769636, 42.022926], [-70.769594, 42.02337200000001], [-70.76916, 42.023694], [-70.768766, 42.02489599999999], [-70.768833, 42.025467000000006], [-70.768063, 42.02669299999999], [-70.76737800000001, 42.027252000000004], [-70.766805, 42.028152], [-70.766065, 42.028499], [-70.765734, 42.030581999999995], [-70.765381, 42.031315], [-70.764308, 42.03132099999999], [-70.763126, 42.031065000000005], [-70.761169, 42.03160200000002], [-70.759635, 42.032988000000024], [-70.75926, 42.03374500000002], [-70.759229, 42.034437], [-70.759646, 42.035087999999995], [-70.760918, 42.03549400000001], [-70.760839, 42.035847000000004], [-70.761128, 42.036135000000016], [-70.761074, 42.036476], [-70.761258, 42.03683400000001], [-70.76252, 42.03740799999999], [-70.762745, 42.038064], [-70.763954, 42.038269], [-70.764588, 42.038086999999976], [-70.76499, 42.038352], [-70.765114, 42.03867900000001], [-70.764749, 42.03965800000001], [-70.765336, 42.040329], [-70.76607600000001, 42.041769], [-70.767394, 42.04259200000001], [-70.767661, 42.043157], [-70.767724, 42.04402600000001], [-70.768333, 42.04430200000001], [-70.768667, 42.045125000000006], [-70.781445, 42.04678], [-70.749716, 42.096977000000024], [-70.762328, 42.10331399999999], [-70.759468, 42.109598000000005], [-70.765907, 42.109849999999994], [-70.766549, 42.114028000000005], [-70.775978, 42.11285500000002], [-70.776169, 42.11343900000001], [-70.777281, 42.113406], [-70.775617, 42.11461399999999], [-70.775089, 42.115333], [-70.777121, 42.11675500000001], [-70.779003, 42.11558599999999], [-70.77978, 42.115862], [-70.78094, 42.116752999999996], [-70.78143, 42.116845], [-70.782603, 42.11665], [-70.782991, 42.11620300000002], [-70.782959, 42.115931999999994], [-70.78228200000001, 42.11497500000001], [-70.782077, 42.11432000000001], [-70.782142, 42.11409800000001], [-70.782928, 42.113381999999994], [-70.782892, 42.11222800000001], [-70.783007, 42.112005999999994], [-70.783777, 42.111738999999965], [-70.785199, 42.11202000000001], [-70.786326, 42.111307], [-70.786716, 42.111290999999994], [-70.787823, 42.11165100000001], [-70.788332, 42.11160400000001], [-70.788547, 42.11128299999999], [-70.787988, 42.11047800000001], [-70.788167, 42.11008299999999], [-70.788682, 42.110057000000005], [-70.789682, 42.11069000000001], [-70.790234, 42.11061799999999], [-70.7905, 42.11032899999999], [-70.790528, 42.110082999999996], [-70.78995, 42.10896299999999], [-70.790052, 42.108698], [-70.790507, 42.108691], [-70.791741, 42.10924399999999], [-70.79226, 42.10906499999999], [-70.792173, 42.108528], [-70.790935, 42.107648], [-70.789293, 42.106812], [-70.789398, 42.106516], [-70.789704, 42.10642299999999], [-70.791001, 42.10643700000001], [-70.792276, 42.10611699999998], [-70.792674, 42.10617], [-70.793718, 42.106833], [-70.795047, 42.10940699999999], [-70.798034, 42.11214999999999], [-70.798861, 42.112508], [-70.79947300000002, 42.11246], [-70.79992, 42.112061], [-70.80057, 42.109708], [-70.800978, 42.109631], [-70.802292, 42.110922], [-70.802809, 42.111227000000014], [-70.80385, 42.111477000000015], [-70.80375, 42.112116], [-70.804208, 42.11258699999999], [-70.80416100000001, 42.113259], [-70.805025, 42.11364300000001], [-70.805172, 42.11384400000001], [-70.804983, 42.11440100000001], [-70.805895, 42.11463200000001], [-70.806691, 42.11446599999999], [-70.80679, 42.114701], [-70.807391, 42.114784999999976], [-70.808313, 42.114582000000006], [-70.808782, 42.114708], [-70.80875300000001, 42.11511200000001], [-70.80907, 42.115713000000014], [-70.809009, 42.11588700000002], [-70.809465, 42.11715100000001], [-70.809667, 42.117552999999994], [-70.810148, 42.11795599999999], [-70.809804, 42.118646999999996], [-70.809178, 42.119269], [-70.809356, 42.119727], [-70.808911, 42.119975], [-70.808495, 42.119857999999994], [-70.808208, 42.120177999999996], [-70.808169, 42.12096999999999], [-70.808692, 42.12164199999999], [-70.808545, 42.122342], [-70.808996, 42.122502], [-70.80914000000001, 42.122729], [-70.809036, 42.124415], [-70.80952900000001, 42.124799999999986], [-70.810923, 42.1254], [-70.811371, 42.12631600000001], [-70.81173200000002, 42.126642000000004], [-70.813904, 42.12694799999999], [-70.814371, 42.127433], [-70.814975, 42.12767099999999], [-70.815297, 42.128142000000004], [-70.81601, 42.128554], [-70.816599, 42.130084000000004], [-70.816407, 42.130688], [-70.816503, 42.131451999999996], [-70.81664, 42.131572999999996], [-70.817053, 42.13166499999999], [-70.818153, 42.131465999999996], [-70.819088, 42.132001], [-70.819772, 42.132079000000004], [-70.819716, 42.132302], [-70.819064, 42.132695000000005], [-70.819001, 42.13289600000001], [-70.820139, 42.13307700000002], [-70.820788, 42.132983], [-70.82114, 42.13319899999998], [-70.822163, 42.132955], [-70.82238, 42.13280900000001], [-70.822262, 42.132615999999985], [-70.822547, 42.132327], [-70.822794, 42.13254199999999], [-70.823272, 42.132475], [-70.824118, 42.132802], [-70.824819, 42.132079999999995], [-70.825418, 42.132131], [-70.826111, 42.131878000000015], [-70.827529, 42.13192100000001], [-70.828266, 42.13236100000002], [-70.828756, 42.13221900000001], [-70.829088, 42.13261899999999], [-70.829479, 42.132278], [-70.830482, 42.13238700000001], [-70.832351, 42.133013000000005], [-70.8329, 42.13387999999999], [-70.833358, 42.13392600000001], [-70.833511, 42.134285999999996], [-70.834441, 42.134275], [-70.834709, 42.13444], [-70.834331, 42.13487599999999], [-70.834718, 42.135096999999995], [-70.83471, 42.13545100000001], [-70.83416, 42.13586600000001], [-70.834079, 42.13616999999999], [-70.83421900000002, 42.136237000000015], [-70.833985, 42.136364999999984], [-70.833894, 42.13689000000001], [-70.834267, 42.137109], [-70.834454, 42.136956], [-70.834865, 42.13712700000001], [-70.834736, 42.137462], [-70.834892, 42.137702000000004], [-70.834622, 42.137823], [-70.835, 42.13804600000001], [-70.834833, 42.138215], [-70.834758, 42.138797000000025], [-70.834987, 42.139663000000006], [-70.835782, 42.140548], [-70.836134, 42.140606000000005], [-70.836396, 42.140884000000014], [-70.836746, 42.14090100000001], [-70.83699500000002, 42.14129400000001], [-70.837163, 42.141957999999995], [-70.83685, 42.142315999999994], [-70.837139, 42.1429], [-70.837119, 42.144203999999995], [-70.837225, 42.144716], [-70.83749, 42.14504800000002], [-70.837467, 42.145457], [-70.838606, 42.145422999999994], [-70.838726, 42.146125], [-70.839169, 42.147056], [-70.839002, 42.14741999999998], [-70.840351, 42.148133], [-70.840275, 42.14942299999999], [-70.841281, 42.150085999999995], [-70.841327, 42.15047], [-70.84213, 42.150823], [-70.84258600000001, 42.15085400000001], [-70.842703, 42.15170899999999], [-70.842934, 42.152162000000004], [-70.843501, 42.152606999999996], [-70.844275, 42.152867], [-70.844989, 42.15359400000001], [-70.84457, 42.153902000000016], [-70.844614, 42.15415200000001], [-70.844922, 42.15432499999999], [-70.844949, 42.15455700000001], [-70.845349, 42.154666999999996], [-70.84583100000002, 42.155598], [-70.846171, 42.155679], [-70.846459, 42.156003000000005], [-70.84653, 42.15650699999998], [-70.847174, 42.157083], [-70.847246, 42.15830799999999], [-70.884311, 42.153719], [-70.890291, 42.17173600000001], [-70.893516, 42.169814], [-70.98127, 42.135511]]]}}, {"type": "Feature", "properties": {"district_name": "Middlesex and Worcester District", "chamber": "senate", "vintage": "2022-present", "lean_dem_share": 0.7107, "competitiveness": "Safe", "competitiveness_label": "Safe D", "party_favored": "Democratic", "url": "/district/senate-middlesex-and-worcester-district-2022-present/"}, "geometry": {"type": "Polygon", "coordinates": [[[-71.639206, 42.530956999999994], [-71.638891, 42.53140200000001], [-71.63665, 42.53312699999999], [-71.636367, 42.533500999999994], [-71.636467, 42.53629900000001], [-71.636179, 42.539339], [-71.635885, 42.54000099999999], [-71.635444, 42.540406999999995], [-71.634327, 42.540728000000016], [-71.633706, 42.54107900000002], [-71.632017, 42.544517999999975], [-71.631554, 42.545024999999995], [-71.629912, 42.546134000000016], [-71.628434, 42.548064], [-71.625126, 42.550099], [-71.619678, 42.55262299999999], [-71.615548, 42.553644999999996], [-71.612003, 42.553689], [-71.611476, 42.55384], [-71.611013, 42.55429300000003], [-71.610885, 42.55496900000001], [-71.611919, 42.556577999999995], [-71.612522, 42.558655], [-71.612491, 42.55918799999999], [-71.611111, 42.562138], [-71.610532, 42.56285299999998], [-71.609027, 42.56397499999999], [-71.608833, 42.564336999999995], [-71.608706, 42.56536099999999], [-71.60767, 42.565909999999995], [-71.60678100000001, 42.566157999999994], [-71.606607, 42.566511000000006], [-71.60771, 42.56713400000001], [-71.611257, 42.568379], [-71.611911, 42.57027900000001], [-71.611825, 42.57129499999999], [-71.612733, 42.57194], [-71.614125, 42.572115000000004], [-71.614559, 42.573268], [-71.61574, 42.57392399999999], [-71.616031, 42.57423800000001], [-71.616109, 42.574695000000006], [-71.615639, 42.57510999999999], [-71.614414, 42.575092], [-71.613918, 42.57522600000002], [-71.613611, 42.576465], [-71.612924, 42.57702200000001], [-71.610526, 42.57756400000001], [-71.609791, 42.57792200000001], [-71.609489, 42.578384], [-71.609943, 42.57977999999999], [-71.609565, 42.58080900000001], [-71.607257, 42.582938], [-71.606626, 42.583223], [-71.605194, 42.58244799999999], [-71.604108, 42.58212000000001], [-71.602076, 42.582071000000006], [-71.601036, 42.58302400000001], [-71.600309, 42.582927000000005], [-71.511459, 42.569386], [-71.506411, 42.572172000000016], [-71.503037, 42.575468], [-71.498006, 42.57686199999999], [-71.483765, 42.573788], [-71.48002, 42.558094], [-71.423794, 42.52618899999999], [-71.399515, 42.53401499999999], [-71.397941, 42.526277], [-71.391563, 42.50681999999998], [-71.384957, 42.504465999999994], [-71.430389, 42.436937], [-71.366326, 42.41271499999999], [-71.332599, 42.39944100000001], [-71.33587800000001, 42.393942], [-71.328779, 42.33168300000001], [-71.333751, 42.33239900000001], [-71.338523, 42.323216000000016], [-71.345998, 42.314803999999995], [-71.355199, 42.31717], [-71.35991, 42.317149], [-71.363171, 42.31581099999998], [-71.364093, 42.31590600000001], [-71.368493, 42.312810999999996], [-71.370025, 42.31081100000001], [-71.370613, 42.310262000000016], [-71.37177, 42.309880000000014], [-71.373395, 42.30985500000002], [-71.37768700000001, 42.314668999999995], [-71.381757, 42.32846899999999], [-71.388832, 42.336269], [-71.388345, 42.336948], [-71.388609, 42.33736999999999], [-71.389601, 42.337431], [-71.39094, 42.337093], [-71.392474, 42.33579400000001], [-71.39288800000001, 42.335609999999996], [-71.394544, 42.335559999999994], [-71.394876, 42.33574900000001], [-71.395078, 42.336057000000004], [-71.394886, 42.338542999999994], [-71.396083, 42.33991699999999], [-71.396717, 42.341045000000015], [-71.483298, 42.353129999999986], [-71.486804, 42.33021699999999], [-71.485109, 42.323164], [-71.485948, 42.31122800000001], [-71.505882, 42.272938000000025], [-71.505928, 42.266578], [-71.506091, 42.264392999999984], [-71.506422, 42.264265], [-71.506932, 42.264334000000005], [-71.507471, 42.26410099999999], [-71.508985, 42.26448600000001], [-71.510194, 42.265387], [-71.510085, 42.266044], [-71.510216, 42.266156], [-71.51054, 42.266227], [-71.511374, 42.266004], [-71.511704, 42.26636800000002], [-71.513388, 42.26742500000001], [-71.515566, 42.267782], [-71.516207, 42.267573000000006], [-71.517168, 42.267738], [-71.518953, 42.267712000000024], [-71.520642, 42.26659800000001], [-71.521143, 42.266497999999984], [-71.521672, 42.266645000000004], [-71.52251200000002, 42.266436000000006], [-71.523412, 42.26598599999998], [-71.524931, 42.265904999999975], [-71.527995, 42.266524999999994], [-71.532069, 42.266163], [-71.534854, 42.264977000000016], [-71.535444, 42.265038], [-71.535948, 42.264755999999984], [-71.536837, 42.264574999999994], [-71.538072, 42.26453800000001], [-71.538658, 42.26361], [-71.539632, 42.262793], [-71.54097000000002, 42.26320299999999], [-71.541752, 42.26399500000001], [-71.541977, 42.263897], [-71.54275100000001, 42.264051000000016], [-71.542963, 42.26380799999999], [-71.543289, 42.264017], [-71.543668, 42.26393000000001], [-71.544307, 42.264441000000005], [-71.543982, 42.26456099999999], [-71.544202, 42.264823000000014], [-71.54477, 42.26475299999999], [-71.544687, 42.264444], [-71.54583, 42.264701], [-71.546022, 42.26489600000001], [-71.545862, 42.26523000000001], [-71.546639, 42.26542500000001], [-71.546908, 42.265262], [-71.547171, 42.265372], [-71.547289, 42.265643], [-71.547586, 42.265450000000016], [-71.547958, 42.26553900000001], [-71.547955, 42.26576500000001], [-71.548181, 42.265767], [-71.547949, 42.265937000000015], [-71.548045, 42.26601299999999], [-71.548757, 42.265928000000024], [-71.549453, 42.266095], [-71.550041, 42.26592800000001], [-71.550115, 42.266023], [-71.542937, 42.26718], [-71.542738, 42.269743], [-71.59204900000002, 42.31752099999999], [-71.597363, 42.321016000000014], [-71.601885, 42.32697099999999], [-71.60371, 42.328548000000005], [-71.605266, 42.33016], [-71.603591, 42.33167600000001], [-71.604099, 42.336769000000004], [-71.604663, 42.336746000000005], [-71.611529, 42.338993], [-71.616047, 42.341463999999995], [-71.61755, 42.341967999999994], [-71.619131, 42.343348999999996], [-71.620658, 42.345248999999995], [-71.625825, 42.34972399999999], [-71.624702, 42.35046500000001], [-71.610007, 42.357403000000005], [-71.603065, 42.367267], [-71.607759, 42.370022], [-71.580135, 42.386953000000005], [-71.604251, 42.397703], [-71.58526, 42.407097], [-71.5591, 42.411943], [-71.54890300000001, 42.44730799999999], [-71.635791, 42.476891], [-71.635448, 42.477081999999996], [-71.634076, 42.47706299999999], [-71.633638, 42.477247000000006], [-71.633782, 42.478435], [-71.634832, 42.479775000000004], [-71.634791, 42.480112], [-71.634288, 42.48055000000001], [-71.633915, 42.48129399999999], [-71.634166, 42.48268699999999], [-71.634102, 42.482875000000014], [-71.633664, 42.48308600000001], [-71.632539, 42.48267800000001], [-71.632192, 42.48277799999998], [-71.632108, 42.482988000000006], [-71.63206, 42.48397800000001], [-71.632419, 42.484904000000014], [-71.632741, 42.48520400000001], [-71.633492, 42.48515900000001], [-71.634129, 42.485352], [-71.634151, 42.48580799999999], [-71.633567, 42.48623500000001], [-71.631908, 42.485413], [-71.63161000000001, 42.485423], [-71.631231, 42.48673800000002], [-71.630808, 42.48743999999999], [-71.62895, 42.48877800000001], [-71.628629, 42.490778000000006], [-71.627769, 42.492611999999994], [-71.627594, 42.493335], [-71.627978, 42.494513], [-71.62776, 42.495047000000014], [-71.626834, 42.495567000000015], [-71.62663, 42.49591199999999], [-71.625794, 42.499108], [-71.62588, 42.49949500000002], [-71.626405, 42.500094000000004], [-71.629674, 42.50152300000001], [-71.63095300000002, 42.50244300000001], [-71.631604, 42.502667000000024], [-71.633026, 42.50251000000001], [-71.633699, 42.50269599999999], [-71.633763, 42.502863999999995], [-71.633467, 42.50350800000001], [-71.634183, 42.504167], [-71.634219, 42.504361], [-71.632815, 42.506583], [-71.631326, 42.508333], [-71.631263, 42.508725999999996], [-71.631426, 42.50912899999999], [-71.631849, 42.50950099999998], [-71.631803, 42.50972599999999], [-71.630577, 42.509716], [-71.62982900000002, 42.51041900000001], [-71.629873, 42.511142], [-71.629711, 42.51127300000001], [-71.629201, 42.511100000000006], [-71.628683, 42.51056700000001], [-71.628427, 42.510512000000006], [-71.627964, 42.510707999999994], [-71.627813, 42.510923999999996], [-71.627994, 42.51151300000001], [-71.627441, 42.51234500000001], [-71.627305, 42.512836], [-71.628001, 42.513240999999994], [-71.62916, 42.513379999999984], [-71.62974, 42.51365999999999], [-71.629751, 42.513956], [-71.629132, 42.51509499999998], [-71.629615, 42.515845000000006], [-71.630061, 42.515982], [-71.631124, 42.515871999999995], [-71.631798, 42.515979], [-71.632312, 42.51636200000001], [-71.632274, 42.51662599999999], [-71.631824, 42.51699300000002], [-71.630811, 42.51708], [-71.630306, 42.517361], [-71.630022, 42.51782100000001], [-71.630151, 42.518834], [-71.630646, 42.51908299999999], [-71.6319, 42.51911299999999], [-71.632914, 42.520116999999985], [-71.634087, 42.52211], [-71.635153, 42.52286500000001], [-71.636144, 42.523098000000005], [-71.635913, 42.523697999999996], [-71.635947, 42.524532000000015], [-71.63674, 42.52583200000001], [-71.638758, 42.52833899999999], [-71.639055, 42.529211999999994], [-71.639206, 42.530956999999994]]]}}, {"type": "Feature", "properties": {"district_name": "Second Plymouth and Norfolk District", "chamber": "senate", "vintage": "2022-present", "lean_dem_share": 0.6108, "competitiveness": "Safe", "competitiveness_label": "Safe D", "party_favored": "Democratic", "url": "/district/senate-second-plymouth-and-norfolk-district-2022-present/"}, "geometry": {"type": "Polygon", "coordinates": [[[-71.080483, 42.095539], [-71.061256, 42.103194], [-71.060335, 42.106962], [-71.070973, 42.13214500000001], [-71.065038, 42.138722], [-71.063846, 42.14047299999999], [-71.056511, 42.153815], [-71.053927, 42.151195], [-71.05298, 42.151650000000004], [-71.0521, 42.151779999999995], [-71.05141, 42.15247000000001], [-71.05093, 42.15257999999999], [-71.05101, 42.15312000000001], [-71.05256, 42.15343000000001], [-71.05234, 42.15437], [-71.05186, 42.154989999999984], [-71.053987, 42.156174], [-71.053375, 42.156716], [-71.052416, 42.156862], [-71.05282, 42.15755], [-71.05244, 42.15775], [-71.052044, 42.158643000000005], [-71.052233, 42.159921000000004], [-71.05231, 42.16301], [-71.0531, 42.16331000000001], [-71.05325, 42.16383000000002], [-71.05373, 42.164460000000005], [-71.053849, 42.16547099999999], [-71.05235, 42.16514000000001], [-71.0508, 42.16505000000001], [-71.04659, 42.16526000000001], [-71.046523, 42.165559], [-71.044236, 42.167127], [-71.046595, 42.17095599999999], [-71.04816, 42.174180000000014], [-71.05016, 42.17777000000001], [-71.04997, 42.17779999999999], [-71.05014, 42.17940999999999], [-71.04838000000001, 42.179559999999995], [-71.04838000000001, 42.18079000000001], [-71.04599, 42.180509999999984], [-71.04507, 42.18056], [-71.04467, 42.182380000000016], [-71.04342, 42.18195999999998], [-71.041509, 42.18178300000001], [-71.03589, 42.181921999999986], [-71.03236, 42.18282], [-71.03187, 42.1834], [-71.0299, 42.183580000000006], [-71.02982, 42.18296000000001], [-71.02818000000002, 42.18309000000001], [-71.02818000000002, 42.18270999999999], [-71.019369, 42.18452000000001], [-71.019411, 42.18425999999999], [-71.018988, 42.184057], [-71.019459, 42.18378900000001], [-71.019229, 42.18351100000001], [-71.019456, 42.183246], [-71.019941, 42.181895999999995], [-71.019646, 42.18147999999999], [-71.019691, 42.18125899999999], [-71.020164, 42.180970999999985], [-71.019898, 42.18029399999999], [-71.020167, 42.179622], [-71.019746, 42.179326], [-71.019751, 42.179013999999995], [-71.019549, 42.17879400000002], [-71.019665, 42.178529], [-71.019994, 42.178514], [-71.019878, 42.177938000000005], [-71.020628, 42.17757], [-71.020574, 42.176565], [-71.021054, 42.176210999999995], [-71.021134, 42.17589799999999], [-71.020816, 42.175015000000016], [-71.021034, 42.17460299999999], [-71.021614, 42.17409899999999], [-71.021298, 42.17340999999999], [-71.022428, 42.170546], [-71.021606, 42.1703], [-71.021984, 42.16941700000001], [-71.021942, 42.16916200000001], [-71.027565, 42.15632099999999], [-71.035093, 42.13563400000001], [-71.02721, 42.13293899999998], [-71.027576, 42.12759600000001], [-71.027521, 42.126414999999994], [-71.026953, 42.123734], [-71.021859, 42.118745], [-71.001974, 42.12652599999999], [-70.998594, 42.111636], [-70.979117, 42.114076999999995], [-70.978774, 42.11339699999999], [-70.978863, 42.11298599999999], [-70.979301, 42.11267600000001], [-70.979873, 42.11162399999999], [-70.980818, 42.11118199999998], [-70.980925, 42.110632], [-70.980539, 42.10992600000001], [-70.980663, 42.109255], [-70.980512, 42.10902000000001], [-70.978747, 42.108461], [-70.97813, 42.107862], [-70.977925, 42.10649799999999], [-70.977479, 42.10611999999999], [-70.977364, 42.10577299999999], [-70.977875, 42.104768000000014], [-70.977603, 42.104369999999996], [-70.977374, 42.10434299999999], [-70.97742, 42.10417000000002], [-70.976855, 42.103358000000014], [-70.976725, 42.10265900000001], [-70.976688, 42.10185799999999], [-70.976969, 42.101314], [-70.976895, 42.101199], [-70.977058, 42.10109900000001], [-70.976733, 42.100534999999994], [-70.977144, 42.100253000000016], [-70.977174, 42.09978000000001], [-70.976737, 42.09915099999999], [-70.976674, 42.098707], [-70.975954, 42.09830799999999], [-70.97507200000001, 42.096228999999994], [-70.975188, 42.09572699999999], [-70.975533, 42.09531500000001], [-70.975243, 42.09508500000002], [-70.97518, 42.094816], [-70.975437, 42.09418100000001], [-70.975458, 42.09283400000001], [-70.975703, 42.092348999999984], [-70.975226, 42.09170700000001], [-70.975356, 42.091229000000006], [-70.97525, 42.09069400000002], [-70.975587, 42.090594], [-70.975465, 42.09011900000001], [-70.975864, 42.08990000000001], [-70.975788, 42.089346], [-70.975373, 42.089085999999995], [-70.975176, 42.088082], [-70.974989, 42.08796500000001], [-70.975411, 42.087467], [-70.946838, 42.094534], [-70.915908, 42.100123], [-70.902412, 42.08589700000001], [-70.874945, 42.089667000000006], [-70.874653, 42.08873299999998], [-70.87433, 42.08847899999999], [-70.870011, 42.087303], [-70.867686, 42.08826900000002], [-70.867077, 42.08905399999999], [-70.86616, 42.08964999999999], [-70.8657, 42.09048599999999], [-70.865295, 42.090624000000005], [-70.864512, 42.090412], [-70.864303, 42.089794000000005], [-70.863102, 42.089544999999994], [-70.862187, 42.089162], [-70.861281, 42.089225], [-70.861101, 42.089653], [-70.85965800000001, 42.09023100000001], [-70.859452, 42.090667], [-70.858824, 42.09104199999999], [-70.857481, 42.09137200000001], [-70.855486, 42.09242300000001], [-70.854976, 42.093339], [-70.855137, 42.094166], [-70.854537, 42.09482299999999], [-70.853573, 42.09544700000002], [-70.853039, 42.095264], [-70.852084, 42.09531900000001], [-70.851153, 42.094953], [-70.850642, 42.094927999999996], [-70.84835, 42.09622000000002], [-70.847401, 42.096335999999994], [-70.846571, 42.095859], [-70.845405, 42.09548200000001], [-70.844986, 42.09507299999999], [-70.843349, 42.094762], [-70.843786, 42.094128000000005], [-70.845513, 42.092856999999995], [-70.845639, 42.092217000000005], [-70.845546, 42.091884], [-70.844267, 42.09021499999998], [-70.84266, 42.088868999999995], [-70.843897, 42.077184999999986], [-70.841789, 42.071736], [-70.838219, 42.06388500000001], [-70.840011, 42.06126599999999], [-70.841008, 42.060406999999984], [-70.839007, 42.05938499999999], [-70.839059, 42.05928600000002], [-70.836825, 42.05929099999999], [-70.84583, 42.055073], [-70.845367, 42.05409099999999], [-70.845417, 42.053857], [-70.846832, 42.052223999999995], [-70.847145, 42.051444999999994], [-70.847251, 42.050672], [-70.847022, 42.050188], [-70.847246, 42.049684], [-70.847013, 42.048158999999984], [-70.846517, 42.04772200000001], [-70.846306, 42.04736299999999], [-70.846294, 42.04696299999999], [-70.845658, 42.046155], [-70.841071, 42.04489300000002], [-70.842246, 42.04343200000002], [-70.844766, 42.04269799999999], [-70.833463, 42.019548], [-70.814978, 42.02397500000001], [-70.812975, 42.022721999999995], [-70.813757, 42.021208999999985], [-70.813367, 42.020424000000006], [-70.813772, 42.019871], [-70.81363, 42.019416], [-70.812296, 42.01862700000001], [-70.812289, 42.01818800000001], [-70.811855, 42.017629], [-70.809389, 42.01666800000001], [-70.809765, 42.015848], [-70.809676, 42.01530799999999], [-70.808804, 42.014586], [-70.808193, 42.013679], [-70.807318, 42.01311], [-70.807251, 42.01287599999998], [-70.807494, 42.012489999999985], [-70.807668, 42.012491], [-70.807989, 42.01212600000001], [-70.807931, 42.01167099999999], [-70.807517, 42.011084000000025], [-70.806495, 42.01033300000002], [-70.818698, 41.996724], [-70.822885, 41.984503], [-70.863066, 41.956802], [-70.860882, 41.95498799999999], [-70.869128, 41.94827700000001], [-70.908533, 41.966387000000005], [-70.907629, 41.96700299999999], [-70.907273, 41.967536], [-70.90724, 41.96986399999998], [-70.907368, 41.97047], [-70.908448, 41.97153500000002], [-70.908841, 41.97220500000001], [-70.908345, 41.97388699999998], [-70.910139, 41.975954], [-70.911726, 41.97700699999998], [-70.912119, 41.977692000000005], [-70.912177, 41.97865799999998], [-70.91155, 41.979759], [-70.91148, 41.980227], [-70.901399, 41.98298100000001], [-70.899775, 41.988284], [-70.899187, 41.99637100000001], [-70.903366, 41.996627], [-70.908439, 41.996164], [-70.909652, 41.99641699999999], [-70.910681, 41.99692799999998], [-70.91112600000001, 41.99672799999999], [-70.912833, 41.997004999999994], [-70.913485, 41.997486], [-70.914077, 41.998452000000015], [-70.91409, 41.99882100000001], [-70.914498, 41.99933200000001], [-70.917343, 42.002263], [-70.917479, 42.00272999999999], [-70.917307, 42.00356], [-70.91739, 42.004636], [-70.918555, 42.005928], [-70.919516, 42.00666799999999], [-70.920672, 42.007259000000005], [-70.925364, 42.00890900000001], [-70.926923, 42.008873], [-70.930446, 42.007809], [-70.935392, 42.00782900000002], [-70.939364, 42.007281], [-70.942994, 42.006541000000006], [-70.95366400000002, 42.00585], [-70.979585, 42.010999], [-70.987159, 42.046568], [-71.022924, 42.04217799999999], [-71.025776, 42.055088999999995], [-71.069595, 42.049704], [-71.080483, 42.095539]]]}}, {"type": "Feature", "properties": {"district_name": "Norfolk-Plymouth-Bristol District", "chamber": "senate", "vintage": "2022-present", "lean_dem_share": 0.6074, "competitiveness": "Safe", "competitiveness_label": "Safe D", "party_favored": "Democratic", "url": "/district/senate-norfolk-plymouth-bristol-district-2022-present/"}, "geometry": {"type": "Polygon", "coordinates": [[[-71.16868100000002, 42.061161], [-71.138607, 42.072774999999986], [-71.13902, 42.074831], [-71.138462, 42.076560000000015], [-71.139001, 42.07715], [-71.139469, 42.07829399999999], [-71.13941, 42.07976000000002], [-71.139592, 42.08127799999998], [-71.139413, 42.08204400000002], [-71.1388, 42.08311], [-71.138728, 42.08368600000001], [-71.13934, 42.08452], [-71.139428, 42.08486999999999], [-71.13837, 42.086780000000005], [-71.13766, 42.08865000000001], [-71.13586, 42.09071999999999], [-71.13526, 42.09255999999999], [-71.13377, 42.09579], [-71.13312, 42.096810000000005], [-71.1324, 42.09893000000001], [-71.13129, 42.10074], [-71.13114, 42.10198], [-71.13168, 42.10419], [-71.131596, 42.105500000000006], [-71.132028, 42.10749999999999], [-71.133021, 42.10936], [-71.133698, 42.11137899999999], [-71.135822, 42.11357099999998], [-71.136462, 42.11530600000002], [-71.138604, 42.119546], [-71.139102, 42.120235], [-71.140611, 42.121551999999994], [-71.146017, 42.125368999999985], [-71.147209, 42.12655600000001], [-71.148205, 42.128117000000024], [-71.14845600000001, 42.12874900000001], [-71.148542, 42.131160999999985], [-71.149757, 42.133631], [-71.150165, 42.13585299999998], [-71.150078, 42.13656499999998], [-71.149166, 42.13861199999999], [-71.144549, 42.13769699999999], [-71.140779, 42.138061], [-71.139915, 42.139871], [-71.138685, 42.139956999999995], [-71.138667, 42.140925], [-71.138393, 42.14120500000001], [-71.13878900000002, 42.141499], [-71.138581, 42.14163200000003], [-71.138552, 42.141908], [-71.137743, 42.14212599999998], [-71.137831, 42.142314999999996], [-71.137609, 42.142497999999996], [-71.135339, 42.14191799999999], [-71.134702, 42.143699], [-71.131392, 42.14307900000001], [-71.1311, 42.1428], [-71.13107700000002, 42.14215999999999], [-71.131843, 42.13931099999999], [-71.095625, 42.147905999999985], [-71.066625, 42.16405699999999], [-71.114002, 42.211861], [-71.130743, 42.22783400000001], [-71.130101, 42.228667999999985], [-71.129202, 42.22896699999999], [-71.128803, 42.229803000000004], [-71.128252, 42.230184], [-71.12753, 42.231115], [-71.126609, 42.23126400000001], [-71.125952, 42.231817], [-71.12523000000002, 42.23205700000002], [-71.124524, 42.232904000000005], [-71.124719, 42.233745000000006], [-71.124462, 42.234161000000014], [-71.124053, 42.23432200000001], [-71.122938, 42.23424900000003], [-71.122604, 42.23443700000001], [-71.12246400000001, 42.234931], [-71.122638, 42.23537999999999], [-71.124084, 42.23638800000001], [-71.124763, 42.237429], [-71.125681, 42.237900999999994], [-71.126377, 42.23916200000001], [-71.109347, 42.24798999999999], [-71.109544, 42.255411999999986], [-71.113326, 42.25899], [-71.11146000000001, 42.26076900000001], [-71.110465, 42.261124], [-71.108954, 42.261296], [-71.107461, 42.26065199999999], [-71.105887, 42.260863], [-71.105001, 42.26080399999999], [-71.103929, 42.25978100000001], [-71.103285, 42.25972999999999], [-71.102691, 42.259884], [-71.100731, 42.26106999999999], [-71.098864, 42.26259], [-71.097483, 42.263089], [-71.096432, 42.264736999999975], [-71.095449, 42.265575], [-71.094633, 42.266771000000006], [-71.094131, 42.26713199999999], [-71.09341, 42.267082000000016], [-71.092626, 42.266729000000005], [-71.090817, 42.26648], [-71.090258, 42.266639000000005], [-71.089859, 42.267776], [-71.090191, 42.26907599999999], [-71.08982, 42.26953899999997], [-71.08915, 42.26974200000001], [-71.082614, 42.26864200000001], [-71.080852, 42.269322], [-71.078876, 42.269582], [-71.076856, 42.270455], [-71.076054, 42.270524000000016], [-71.075056, 42.270276999999986], [-71.073226, 42.27031400000002], [-71.07168, 42.270855000000005], [-71.070415, 42.27061300000001], [-71.069011, 42.27066199999998], [-71.068375, 42.270827], [-71.067704, 42.271490000000014], [-71.067522, 42.271505], [-71.066036, 42.27126800000001], [-71.065458, 42.271007], [-71.064781, 42.270167000000015], [-71.065033, 42.26928600000001], [-71.064695, 42.26860700000002], [-71.063102, 42.26734400000001], [-71.061828, 42.26720800000001], [-71.06097900000002, 42.26745399999999], [-71.053691, 42.271816], [-71.053494, 42.272458], [-71.054102, 42.27344299999999], [-71.054996, 42.274167999999996], [-71.055575, 42.27505200000002], [-71.055585, 42.275709], [-71.055245, 42.27634299999998], [-71.054401, 42.27701900000001], [-71.052597, 42.277669], [-71.049802, 42.2781], [-71.048583, 42.27791399999999], [-71.047116, 42.277083], [-71.04488, 42.276266], [-71.044421, 42.276313], [-71.042782, 42.277102], [-71.041635, 42.26839], [-71.04185, 42.267550000000014], [-71.041672, 42.26642699999999], [-71.03138800000002, 42.25921200000001], [-71.032078, 42.25834900000001], [-71.06109, 42.242383999999994], [-71.053021, 42.229173], [-71.093189, 42.21393600000002], [-71.08272700000002, 42.204289999999986], [-71.082475, 42.20437400000001], [-71.082244, 42.20474900000001], [-71.081612, 42.20466], [-71.080747, 42.204948], [-71.079186, 42.20461399999999], [-71.07776, 42.204789], [-71.076997, 42.20452000000001], [-71.075143, 42.20473899999998], [-71.074795, 42.204347], [-71.07411, 42.204187], [-71.070493, 42.204433], [-71.060388, 42.20631400000001], [-71.059422, 42.20595600000001], [-71.058126, 42.206193999999996], [-71.057306, 42.205904000000004], [-71.056889, 42.205980000000004], [-71.056191, 42.20583], [-71.055926, 42.205974], [-71.055591, 42.205868], [-71.055194, 42.205981999999985], [-71.05305600000001, 42.20569200000003], [-71.052152, 42.205922], [-71.051896, 42.20618100000001], [-71.050275, 42.20642999999999], [-71.049741, 42.20669000000001], [-71.048928, 42.206665999999984], [-71.047857, 42.20626], [-71.046978, 42.206561], [-71.045595, 42.206267], [-71.044883, 42.206483999999996], [-71.044938, 42.215384], [-71.033, 42.227884], [-71.01079, 42.228667999999985], [-71.00217, 42.232208], [-70.981151, 42.235742000000016], [-70.98039, 42.234460000000006], [-70.97995, 42.23277], [-70.97827, 42.23063], [-70.97738, 42.229119999999995], [-70.97644, 42.22792], [-70.97507000000002, 42.22458], [-70.97356, 42.22212999999999], [-70.97475, 42.220859999999995], [-70.97569, 42.220740000000006], [-70.97616, 42.21791], [-70.97665, 42.21804000000001], [-70.97681, 42.21748], [-70.978423, 42.217800999999994], [-70.97929, 42.214169999999996], [-70.9804, 42.21254000000001], [-70.98089, 42.21144], [-70.98103, 42.21093], [-70.981, 42.20965999999999], [-70.981481, 42.20892], [-70.981139, 42.208137], [-70.98117, 42.20770000000001], [-70.98195, 42.205814], [-70.982771, 42.205140000000014], [-70.984323, 42.20419499999999], [-70.98489, 42.204010000000004], [-70.98492, 42.202593000000014], [-70.985318, 42.20255300000002], [-70.98701, 42.20297999999999], [-70.98707, 42.20286], [-70.98766, 42.20077], [-70.98753, 42.20052000000001], [-70.98694, 42.20039], [-70.98724, 42.19950000000001], [-70.98722, 42.19906000000001], [-70.98693, 42.19892000000001], [-70.98516, 42.19913], [-70.98497, 42.19771], [-70.984188, 42.196235999999985], [-70.984059, 42.195046], [-70.98553, 42.19247000000001], [-70.98595, 42.189740000000015], [-70.98624, 42.18894000000001], [-70.98695, 42.18845], [-70.99162000000001, 42.186600000000006], [-70.99509, 42.18447], [-70.99625, 42.1833], [-70.99667, 42.18259], [-70.99734, 42.17872], [-70.997879, 42.177198999999995], [-70.998435, 42.17653599999999], [-70.99947, 42.17587], [-70.99962, 42.17634999999999], [-71.005582, 42.17729899999999], [-71.00632, 42.177740000000014], [-71.00705, 42.17851999999999], [-71.00803, 42.17827999999999], [-71.00706, 42.17636000000001], [-71.00753, 42.17421], [-71.00703, 42.17302000000001], [-71.00684, 42.17032999999999], [-71.0044, 42.17035], [-71.00433, 42.16841], [-71.00645, 42.168319], [-71.012054, 42.16849499999999], [-71.021994, 42.16900499999999], [-71.021984, 42.16941700000001], [-71.021606, 42.1703], [-71.022428, 42.170546], [-71.021298, 42.17340999999999], [-71.021614, 42.17409899999999], [-71.021034, 42.17460299999999], [-71.020816, 42.175015000000016], [-71.021134, 42.17589799999999], [-71.021054, 42.176210999999995], [-71.020574, 42.176565], [-71.020628, 42.17757], [-71.019878, 42.177938000000005], [-71.019994, 42.178514], [-71.019665, 42.178529], [-71.019549, 42.17879400000002], [-71.019751, 42.179013999999995], [-71.019746, 42.179326], [-71.020167, 42.179622], [-71.019898, 42.18029399999999], [-71.020164, 42.180970999999985], [-71.019691, 42.18125899999999], [-71.019646, 42.18147999999999], [-71.019941, 42.181895999999995], [-71.019456, 42.183246], [-71.019229, 42.18351100000001], [-71.019459, 42.18378900000001], [-71.018988, 42.184057], [-71.019411, 42.18425999999999], [-71.019369, 42.18452000000001], [-71.02818000000002, 42.18270999999999], [-71.02818000000002, 42.18309000000001], [-71.02982, 42.18296000000001], [-71.0299, 42.183580000000006], [-71.03187, 42.1834], [-71.03236, 42.18282], [-71.03589, 42.181921999999986], [-71.041509, 42.18178300000001], [-71.04342, 42.18195999999998], [-71.04467, 42.182380000000016], [-71.04507, 42.18056], [-71.04599, 42.180509999999984], [-71.04838000000001, 42.18079000000001], [-71.04838000000001, 42.179559999999995], [-71.05014, 42.17940999999999], [-71.04997, 42.17779999999999], [-71.05016, 42.17777000000001], [-71.04816, 42.174180000000014], [-71.046595, 42.17095599999999], [-71.044236, 42.167127], [-71.046523, 42.165559], [-71.04659, 42.16526000000001], [-71.0508, 42.16505000000001], [-71.05235, 42.16514000000001], [-71.053849, 42.16547099999999], [-71.05373, 42.164460000000005], [-71.05325, 42.16383000000002], [-71.0531, 42.16331000000001], [-71.05231, 42.16301], [-71.052233, 42.159921000000004], [-71.052044, 42.158643000000005], [-71.05244, 42.15775], [-71.05282, 42.15755], [-71.052416, 42.156862], [-71.053375, 42.156716], [-71.053987, 42.156174], [-71.05186, 42.154989999999984], [-71.05234, 42.15437], [-71.05256, 42.15343000000001], [-71.05101, 42.15312000000001], [-71.05093, 42.15257999999999], [-71.05141, 42.15247000000001], [-71.0521, 42.151779999999995], [-71.05298, 42.151650000000004], [-71.053927, 42.151195], [-71.056511, 42.153815], [-71.063846, 42.14047299999999], [-71.065038, 42.138722], [-71.070973, 42.13214500000001], [-71.060335, 42.106962], [-71.061256, 42.103194], [-71.080483, 42.095539], [-71.069595, 42.049704], [-71.025776, 42.055088999999995], [-71.022924, 42.04217799999999], [-70.987159, 42.046568], [-70.979585, 42.010999], [-70.95366400000002, 42.00585], [-70.942994, 42.006541000000006], [-70.939364, 42.007281], [-70.935392, 42.00782900000002], [-70.930446, 42.007809], [-70.926923, 42.008873], [-70.925272, 42.00888600000002], [-70.920672, 42.007259000000005], [-70.919516, 42.00666799999999], [-70.918555, 42.005928], [-70.91739, 42.004636], [-70.917307, 42.00356], [-70.917479, 42.00272999999999], [-70.917343, 42.002263], [-70.914498, 41.99933200000001], [-70.91409, 41.99882100000001], [-70.914077, 41.998452000000015], [-70.913485, 41.997486], [-70.912833, 41.997004999999994], [-70.91112600000001, 41.99672799999999], [-70.910681, 41.99692799999998], [-70.909652, 41.99641699999999], [-70.908439, 41.996164], [-70.903366, 41.996627], [-70.899187, 41.99637100000001], [-70.899775, 41.988284], [-70.901399, 41.98298100000001], [-70.91148, 41.980227], [-70.91155, 41.979759], [-70.912096, 41.97886800000001], [-70.91220500000001, 41.978086000000005], [-70.911726, 41.97700699999998], [-70.910139, 41.975954], [-70.908384, 41.97401699999998], [-70.908863, 41.972446000000005], [-70.9088, 41.97206], [-70.908448, 41.97153500000002], [-70.907585, 41.97082100000001], [-70.907255, 41.97009099999999], [-70.907273, 41.967536], [-70.907446, 41.96719999999999], [-70.908607, 41.96634499999999], [-70.909753, 41.966072999999994], [-70.910586, 41.96611500000001], [-70.910882, 41.96590699999999], [-70.910697, 41.965379000000006], [-70.909889, 41.96456200000001], [-70.909942, 41.96406000000001], [-70.912483, 41.963127], [-70.913025, 41.96307600000001], [-70.913435, 41.96335799999999], [-70.913896, 41.963165999999994], [-70.914404, 41.962721999999985], [-70.914832, 41.962005000000005], [-70.914439, 41.96166800000001], [-70.913434, 41.96155900000001], [-70.913548, 41.961305999999986], [-70.913994, 41.96107399999999], [-70.915205, 41.96107700000001], [-70.917567, 41.961936], [-70.919622, 41.96206], [-70.920133, 41.962301999999994], [-70.92001, 41.962975], [-70.92068, 41.96309300000001], [-70.921789, 41.962478], [-70.922683, 41.960859000000006], [-70.922778, 41.95966699999999], [-70.923596, 41.959071000000016], [-70.924274, 41.959053], [-70.925791, 41.959768], [-70.929175, 41.960219], [-70.93127, 41.959497], [-70.93253, 41.958732000000005], [-70.933443, 41.95782600000001], [-70.933914, 41.95708300000001], [-70.934193, 41.955763], [-70.934607, 41.95483600000002], [-70.93597, 41.953334999999996], [-70.936094, 41.95183500000001], [-70.93677600000001, 41.949980999999994], [-70.936913, 41.94903599999999], [-70.936373, 41.946306], [-70.936674, 41.945453000000015], [-70.938068, 41.943347], [-70.938793, 41.941163000000024], [-70.939757, 41.94013700000001], [-70.940745, 41.93870999999999], [-70.942561, 41.937495000000006], [-70.942806, 41.93651100000001], [-70.943384, 41.93533700000001], [-70.94595, 41.932833], [-70.946474, 41.932622], [-70.947019, 41.932747000000006], [-70.94798900000002, 41.93399700000001], [-70.949245, 41.934431], [-70.952348, 41.93429400000001], [-70.954297, 41.93461500000003], [-70.95496, 41.934514], [-70.956095, 41.93402299999999], [-70.956929, 41.93404399999999], [-70.95931, 41.934791000000004], [-70.960429, 41.935816999999986], [-70.960725, 41.935921], [-70.965905, 41.936823], [-70.968518, 41.93850799999998], [-70.970843, 41.938982999999986], [-70.973391, 41.940052000000016], [-70.97406, 41.94014799999999], [-70.974859, 41.939621], [-70.976063, 41.939395000000005], [-70.978749, 41.940325], [-70.979717, 41.940450000000006], [-70.980529, 41.940224000000015], [-70.984656, 41.938238], [-70.986658, 41.937873000000025], [-70.987123, 41.937616], [-70.987311, 41.93737], [-70.987436, 41.935585999999994], [-70.987902, 41.934198], [-70.989546, 41.932007000000006], [-70.990037, 41.931674999999984], [-70.991521, 41.93162199999999], [-70.992609, 41.932260999999976], [-70.99373900000002, 41.93245000000001], [-70.995957, 41.93318600000001], [-70.996707, 41.93356499999999], [-70.997524, 41.93424300000001], [-70.99790100000001, 41.93427400000001], [-70.998288, 41.93378700000001], [-70.99869, 41.932138000000016], [-70.998295, 41.930214000000014], [-70.998752, 41.92982599999999], [-70.9995, 41.929819999999985], [-70.999773, 41.929671], [-71.010567, 41.940079], [-71.016588, 41.943865], [-71.022269, 41.94710400000001], [-71.02605900000002, 41.949574000000005], [-71.043908, 41.96028499999999], [-71.049485, 41.963093999999984], [-71.054718, 41.985057000000005], [-71.10203, 41.993348], [-71.15645, 42.001042000000034], [-71.159263, 42.01543300000001], [-71.16868100000002, 42.061161]]]}}, {"type": "Feature", "properties": {"district_name": "First Middlesex District", "chamber": "senate", "vintage": "2022-present", "lean_dem_share": 0.5567, "competitiveness": "Likely", "competitiveness_label": "Likely D", "party_favored": "Democratic", "url": "/district/senate-first-middlesex-district-2022-present/"}, "geometry": {"type": "Polygon", "coordinates": [[[-71.657916, 42.65002299999999], [-71.650721, 42.69091999999999], [-71.651836, 42.70476899999999], [-71.601599, 42.703950999999996], [-71.518947, 42.702196], [-71.457786, 42.70052699999998], [-71.433239, 42.70008199999999], [-71.388184, 42.69897799999999], [-71.351635, 42.697901000000016], [-71.321814, 42.697306999999995], [-71.317065, 42.697389000000015], [-71.294637, 42.69704200000002], [-71.289324, 42.70217000000001], [-71.278949, 42.71135000000003], [-71.275441, 42.715787000000006], [-71.267873, 42.726026], [-71.255147, 42.73655399999999], [-71.238179, 42.669418999999984], [-71.240397, 42.66673], [-71.241409, 42.663685], [-71.24189, 42.66289600000002], [-71.24249, 42.662345999999985], [-71.244172, 42.661514000000004], [-71.245454, 42.661195000000006], [-71.24682, 42.66101400000001], [-71.249479, 42.66110100000001], [-71.250763, 42.66078200000001], [-71.25236, 42.659909999999996], [-71.254966, 42.657775], [-71.256188, 42.657145000000014], [-71.257135, 42.656932], [-71.258482, 42.65692299999999], [-71.261963, 42.657483], [-71.26434700000001, 42.657667], [-71.272607, 42.656664], [-71.275154, 42.656216], [-71.272018, 42.64921600000001], [-71.27170700000002, 42.64801799999999], [-71.271682, 42.646305], [-71.271446, 42.64609200000002], [-71.271188, 42.644241999999984], [-71.274709, 42.62885899999998], [-71.277791, 42.62084700000002], [-71.283427, 42.61529900000001], [-71.296319, 42.61266700000001], [-71.297028, 42.613010999999986], [-71.296778, 42.61377399999999], [-71.296205, 42.61468299999999], [-71.319309, 42.61357200000001], [-71.318882, 42.608544000000016], [-71.319897, 42.6069], [-71.323341, 42.60649], [-71.325408, 42.611250999999996], [-71.324975, 42.611601], [-71.325698, 42.613263999999994], [-71.327936, 42.613155000000006], [-71.329328, 42.61398499999998], [-71.359943, 42.625972], [-71.364738, 42.63759799999999], [-71.367024, 42.637391], [-71.369495, 42.637583], [-71.372065, 42.63835599999999], [-71.374521, 42.639548000000005], [-71.375935, 42.64090199999999], [-71.377115, 42.642697000000005], [-71.379107, 42.647395999999986], [-71.379751, 42.64823100000002], [-71.380687, 42.648913999999984], [-71.381743, 42.64927899999999], [-71.384937, 42.64961000000002], [-71.392488, 42.648476], [-71.394341, 42.648474], [-71.396968, 42.649637], [-71.398173, 42.65101899999998], [-71.398995, 42.652467], [-71.40211, 42.651603], [-71.401094, 42.649182999999994], [-71.398312, 42.64550199999999], [-71.39889, 42.64494900000002], [-71.402782, 42.646770999999994], [-71.404028, 42.648405999999994], [-71.405309, 42.648138000000024], [-71.409764, 42.648785], [-71.411978, 42.64797400000001], [-71.412309, 42.64941000000001], [-71.417642, 42.653774], [-71.493528, 42.61740400000001], [-71.498593, 42.63879200000001], [-71.497478, 42.641667], [-71.496484, 42.649802], [-71.514969, 42.64362299999999], [-71.534296, 42.64836199999999], [-71.534413, 42.648414], [-71.537136, 42.66349499999999], [-71.552421, 42.660123999999996], [-71.551362, 42.65984900000001], [-71.555511, 42.65875499999999], [-71.555035, 42.659582], [-71.579296, 42.654301000000004], [-71.579436, 42.65415000000001], [-71.57941, 42.653442], [-71.57910000000001, 42.65138500000001], [-71.579929, 42.649289000000024], [-71.57985, 42.64791099999999], [-71.580432, 42.646800000000006], [-71.58179, 42.645334000000005], [-71.582081, 42.64434399999999], [-71.58262, 42.644037000000004], [-71.582961, 42.64413799999999], [-71.58321300000001, 42.644525], [-71.583568, 42.645757], [-71.584473, 42.64641999999999], [-71.585674, 42.646596], [-71.586731, 42.646269000000004], [-71.587196, 42.645643000000014], [-71.58715, 42.644963], [-71.586245, 42.64432299999999], [-71.586199, 42.64369700000001], [-71.586914, 42.64226300000001], [-71.587117, 42.64014700000002], [-71.588055, 42.63783199999999], [-71.588375, 42.637373], [-71.588839, 42.63715100000002], [-71.589663, 42.637101], [-71.591431, 42.637454999999996], [-71.592134, 42.63721700000001], [-71.592363, 42.636964000000006], [-71.592426, 42.636567], [-71.592298, 42.636397], [-71.591555, 42.635985], [-71.591262, 42.63572800000001], [-71.591248, 42.635501999999995], [-71.591478, 42.635183000000005], [-71.592832, 42.634340000000016], [-71.593087, 42.63383000000001], [-71.593112, 42.63336699999999], [-71.592958, 42.63312199999999], [-71.592346, 42.632836000000005], [-71.590261, 42.633002], [-71.589216, 42.63291500000001], [-71.588653, 42.632451], [-71.588483, 42.631965], [-71.58792, 42.63144600000001], [-71.587874, 42.63115299999999], [-71.587919, 42.630833], [-71.58847, 42.630438000000005], [-71.591601, 42.629926000000005], [-71.593208, 42.62905399999999], [-71.593628, 42.628478], [-71.593704, 42.628034999999976], [-71.593063, 42.626656999999994], [-71.593254, 42.62638299999998], [-71.593623, 42.626247000000006], [-71.59598800000002, 42.62633699999999], [-71.597975, 42.625898], [-71.59915, 42.625813], [-71.600309, 42.625972], [-71.60091, 42.62625400000002], [-71.601616, 42.626981], [-71.603562, 42.629864], [-71.604828, 42.630818999999995], [-71.605621, 42.631025999999984], [-71.606576, 42.63079400000001], [-71.607123, 42.630468], [-71.608056, 42.62738000000001], [-71.609929, 42.62755400000001], [-71.609874, 42.627845], [-71.61418, 42.62849799999998], [-71.615525, 42.629273000000005], [-71.621867, 42.631876], [-71.630784, 42.635163000000006], [-71.64074, 42.63926599999999], [-71.646949, 42.644152], [-71.648988, 42.64423000000001], [-71.652466, 42.645755], [-71.656412, 42.649723], [-71.657916, 42.65002299999999]]]}}, {"type": "Feature", "properties": {"district_name": "Third Bristol and Plymouth District", "chamber": "senate", "vintage": "2022-present", "lean_dem_share": 0.4759, "competitiveness": "Tossup", "competitiveness_label": "Tossup R", "party_favored": "Republican", "url": "/district/senate-third-bristol-and-plymouth-district-2022-present/"}, "geometry": {"type": "Polygon", "coordinates": [[[-71.347545, 41.82324600000001], [-71.345198, 41.82767599999998], [-71.335417, 41.83564500000001], [-71.34255, 41.84465599999999], [-71.33404, 41.862604000000005], [-71.34089, 41.88180400000001], [-71.338787, 41.898592999999984], [-71.300719, 41.90366099999999], [-71.222494, 41.91224400000001], [-71.208162, 41.90885199999999], [-71.193893, 41.910765], [-71.15567, 41.937999], [-71.125751, 41.96699100000001], [-71.100854, 41.993151], [-71.054718, 41.985057000000005], [-71.049485, 41.963093999999984], [-71.043908, 41.96028499999999], [-71.02605900000002, 41.949574000000005], [-71.022269, 41.94710400000001], [-71.016588, 41.943865], [-71.010567, 41.940079], [-70.999773, 41.929671], [-70.9995, 41.929819999999985], [-70.998752, 41.92982599999999], [-70.998295, 41.930214000000014], [-70.99869, 41.932138000000016], [-70.998288, 41.93378700000001], [-70.99790100000001, 41.93427400000001], [-70.997524, 41.93424300000001], [-70.996707, 41.93356499999999], [-70.995957, 41.93318600000001], [-70.99373900000002, 41.93245000000001], [-70.992609, 41.932260999999976], [-70.991521, 41.93162199999999], [-70.990037, 41.931674999999984], [-70.989546, 41.932007000000006], [-70.987902, 41.934198], [-70.987436, 41.935585999999994], [-70.987311, 41.93737], [-70.987123, 41.937616], [-70.986658, 41.937873000000025], [-70.984656, 41.938238], [-70.980529, 41.940224000000015], [-70.979717, 41.940450000000006], [-70.978749, 41.940325], [-70.976063, 41.939395000000005], [-70.974859, 41.939621], [-70.97406, 41.94014799999999], [-70.973391, 41.940052000000016], [-70.970843, 41.938982999999986], [-70.968518, 41.93850799999998], [-70.965905, 41.936823], [-70.960725, 41.935921], [-70.960429, 41.935816999999986], [-70.95931, 41.934791000000004], [-70.956929, 41.93404399999999], [-70.956095, 41.93402299999999], [-70.95496, 41.934514], [-70.954297, 41.93461500000003], [-70.952348, 41.93429400000001], [-70.949245, 41.934431], [-70.94798900000002, 41.93399700000001], [-70.947019, 41.932747000000006], [-70.94622000000001, 41.932677], [-70.943689, 41.93492499999999], [-70.942806, 41.93651100000001], [-70.942561, 41.937495000000006], [-70.940745, 41.93870999999999], [-70.939757, 41.94013700000001], [-70.938793, 41.941163000000024], [-70.938068, 41.943347], [-70.936674, 41.945453000000015], [-70.936373, 41.946306], [-70.936913, 41.94903599999999], [-70.93677600000001, 41.949980999999994], [-70.936094, 41.95183500000001], [-70.93597, 41.953334999999996], [-70.934607, 41.95483600000002], [-70.934193, 41.955763], [-70.933914, 41.95708300000001], [-70.933443, 41.95782600000001], [-70.932602, 41.958669], [-70.93127, 41.959497], [-70.929175, 41.960219], [-70.925791, 41.959768], [-70.924274, 41.959053], [-70.923596, 41.959071000000016], [-70.922778, 41.95966699999999], [-70.922683, 41.960859000000006], [-70.921789, 41.962478], [-70.92068, 41.96309300000001], [-70.92001, 41.962975], [-70.920133, 41.962301999999994], [-70.919622, 41.96206], [-70.917567, 41.961936], [-70.915205, 41.96107700000001], [-70.913994, 41.96107399999999], [-70.913548, 41.961305999999986], [-70.913434, 41.96155900000001], [-70.914439, 41.96166800000001], [-70.914832, 41.962005000000005], [-70.914153, 41.96297599999999], [-70.913435, 41.96335799999999], [-70.913025, 41.96307600000001], [-70.912483, 41.963127], [-70.910999, 41.963749], [-70.910054, 41.96396700000001], [-70.909836, 41.964431], [-70.910697, 41.965379000000006], [-70.910827, 41.966009000000014], [-70.909753, 41.966072999999994], [-70.908533, 41.966387000000005], [-70.869128, 41.94827700000001], [-70.860882, 41.95498799999999], [-70.845645, 41.942721999999996], [-70.829827, 41.92769900000002], [-70.771717, 41.946146999999996], [-70.758692, 41.947506999999995], [-70.753527, 41.933241], [-70.750718, 41.92601900000002], [-70.680699, 41.845587], [-70.682197, 41.845550999999986], [-70.682837, 41.84537100000001], [-70.683788, 41.844801999999994], [-70.685402, 41.843579], [-70.687926, 41.841232999999995], [-70.689502, 41.840091], [-70.689703, 41.839690000000004], [-70.689827, 41.838232999999995], [-70.690928, 41.83806499999999], [-70.692503, 41.836706], [-70.693733, 41.836261000000015], [-70.694192, 41.835607], [-70.694542, 41.83469899999998], [-70.694818, 41.83450200000001], [-70.694834, 41.833869000000014], [-70.695261, 41.83262400000002], [-70.695643, 41.832349000000015], [-70.695682, 41.83201499999999], [-70.696093, 41.831888000000006], [-70.696503, 41.83130000000001], [-70.697274, 41.830908], [-70.697547, 41.830324999999995], [-70.697287, 41.829840999999995], [-70.697318, 41.829481], [-70.69757, 41.82940099999998], [-70.69840400000001, 41.829676], [-70.699068, 41.829544000000006], [-70.699726, 41.829722], [-70.699986, 41.829517], [-70.699869, 41.829003000000014], [-70.700711, 41.828714], [-70.701758, 41.828751], [-70.703912, 41.829288000000005], [-70.705433, 41.829412999999995], [-70.706359, 41.82906400000001], [-70.706869, 41.82850400000001], [-70.707499, 41.827357], [-70.708287, 41.82683200000001], [-70.707867, 41.825784], [-70.708284, 41.82524200000002], [-70.708229, 41.824752000000004], [-70.708555, 41.82392599999999], [-70.709319, 41.823183], [-70.709785, 41.822965], [-70.710205, 41.822376], [-70.711309, 41.82156899999999], [-70.711873, 41.82074000000002], [-70.712629, 41.82017000000001], [-70.71247, 41.819872999999994], [-70.712788, 41.819662000000015], [-70.712796, 41.819413000000004], [-70.713056, 41.819292999999995], [-70.71308500000002, 41.81907599999999], [-70.713677, 41.81896199999999], [-70.713733, 41.818697999999976], [-70.714155, 41.81832200000001], [-70.714455, 41.818296000000004], [-70.714664, 41.81767500000001], [-70.715094, 41.81739699999999], [-70.714855, 41.817139], [-70.71476, 41.816697], [-70.714509, 41.816525], [-70.71512600000001, 41.816095999999995], [-70.71538400000001, 41.81530799999999], [-70.715898, 41.81503199999999], [-70.71586, 41.81476299999999], [-70.715518, 41.814457], [-70.715834, 41.81388599999999], [-70.715252, 41.81286599999998], [-70.715912, 41.812231], [-70.71633, 41.811251000000006], [-70.717225, 41.80985799999999], [-70.717192, 41.809399000000006], [-70.71658, 41.808486000000016], [-70.71742100000002, 41.807846000000005], [-70.71777300000001, 41.80652500000001], [-70.71778, 41.80587899999999], [-70.717608, 41.805408], [-70.716849, 41.804317000000005], [-70.716925, 41.804083000000006], [-70.71777300000001, 41.80381400000001], [-70.717849, 41.80356799999999], [-70.717666, 41.80313900000001], [-70.717788, 41.80290499999998], [-70.717641, 41.80242499999999], [-70.717837, 41.802133], [-70.717536, 41.80150999999999], [-70.631892, 41.80633], [-70.616634, 41.805410000000016], [-70.627312, 41.787843], [-70.627395, 41.787342], [-70.628123, 41.787048], [-70.629093, 41.786998000000004], [-70.63018, 41.78717499999999], [-70.630636, 41.78688], [-70.630735, 41.786588], [-70.630515, 41.785867], [-70.630042, 41.785598], [-70.629828, 41.78503200000001], [-70.630578, 41.78429400000001], [-70.630718, 41.78389200000001], [-70.630534, 41.783111], [-70.630971, 41.78203599999999], [-70.63075, 41.781612999999986], [-70.630804, 41.781155000000005], [-70.630453, 41.780617], [-70.630424, 41.780273999999984], [-70.629408, 41.77996999999998], [-70.629058, 41.779397999999986], [-70.629457, 41.77779100000001], [-70.63075, 41.777143], [-70.630908, 41.77662699999998], [-70.630194, 41.775338], [-70.630279, 41.774686], [-70.63008, 41.774486], [-70.630433, 41.77378800000002], [-70.633054, 41.77244699999999], [-70.633016, 41.77174900000001], [-70.633483, 41.77104600000002], [-70.634439, 41.770424], [-70.635371, 41.77018499999999], [-70.636007, 41.769823], [-70.63631, 41.768958999999995], [-70.635886, 41.76853], [-70.635543, 41.76705299999998], [-70.634641, 41.766262], [-70.634572, 41.765375], [-70.633968, 41.76506899999997], [-70.633791, 41.76463899999999], [-70.632877, 41.763859], [-70.632629, 41.763504000000005], [-70.63246400000001, 41.76273900000001], [-70.632126, 41.76253400000002], [-70.631471, 41.76271], [-70.63155, 41.762419], [-70.631129, 41.762158], [-70.631157, 41.761855000000004], [-70.63, 41.76125600000001], [-70.630081, 41.76089899999998], [-70.629673, 41.760217000000004], [-70.62501200000001, 41.75404000000001], [-70.625156, 41.75114399999999], [-70.621622, 41.748972], [-70.621014, 41.74830300000001], [-70.620785, 41.747530000000005], [-70.62195, 41.746058999999995], [-70.623193, 41.745614999999994], [-70.625988, 41.74496899999999], [-70.632676, 41.73788100000002], [-70.633268, 41.73546499999999], [-70.63258, 41.733656999999994], [-70.639332, 41.72904900000002], [-70.639476, 41.726473000000006], [-70.640756, 41.72485700000001], [-70.640276, 41.723609], [-70.642244, 41.71922500000001], [-70.6437, 41.717465000000004], [-70.67440400000001, 41.68960899999999], [-70.676629, 41.691129], [-70.686196, 41.669800999999985], [-70.699574, 41.643719000000004], [-70.749206, 41.66850500000001], [-70.762947, 41.67759600000001], [-70.763038, 41.67733300000001], [-70.763402, 41.677281], [-70.765299, 41.677040999999996], [-70.76591, 41.67710200000001], [-70.766133, 41.677052], [-70.766074, 41.67694300000001], [-70.786075, 41.67443100000001], [-70.802937, 41.68708200000001], [-70.796188, 41.72835899999999], [-70.795003, 41.728605], [-70.793839, 41.730067999999996], [-70.793994, 41.73045599999998], [-70.793336, 41.731151], [-70.792084, 41.73202400000001], [-70.791736, 41.732585], [-70.793716, 41.734702000000006], [-70.793212, 41.743168000000004], [-70.785766, 41.747398000000004], [-70.787496, 41.74981199999999], [-70.786627, 41.756862999999996], [-70.780049, 41.762792999999995], [-70.778752, 41.761246], [-70.777963, 41.762916], [-70.776109, 41.76574999999999], [-70.77435, 41.769738000000004], [-70.774404, 41.77045700000001], [-70.775509, 41.773037], [-70.775501, 41.77627399999999], [-70.77649, 41.77997799999999], [-70.777008, 41.786436], [-70.777365, 41.787726], [-70.778259, 41.78957100000002], [-70.778491, 41.79204399999999], [-70.778359, 41.793033], [-70.777848, 41.79456599999999], [-70.777968, 41.79598], [-70.777771, 41.79676800000001], [-70.777538, 41.79708799999999], [-70.776319, 41.79792899999999], [-70.774399, 41.80051999999998], [-70.772857, 41.80209500000001], [-70.7719, 41.80559600000001], [-70.771806, 41.80891400000001], [-70.8964, 41.794320000000006], [-70.89864400000002, 41.81487700000002], [-70.893777, 41.82659100000002], [-70.893454, 41.82790100000001], [-70.893973, 41.828881], [-70.91870500000002, 41.851943], [-70.918897, 41.852728000000006], [-70.917131, 41.85577700000002], [-70.917189, 41.856527000000014], [-70.916815, 41.85720000000001], [-70.916899, 41.857502], [-70.917264, 41.85780599999998], [-70.917181, 41.85814499999999], [-70.917709, 41.85852100000001], [-70.917748, 41.858715999999994], [-70.916262, 41.85992999999999], [-70.914541, 41.859591], [-70.914116, 41.86029399999999], [-70.914382, 41.86048300000001], [-70.914321, 41.860587], [-70.913448, 41.860685], [-70.912876, 41.861726999999995], [-70.913065, 41.86192999999999], [-70.914098, 41.861943000000004], [-70.914447, 41.862132], [-70.914595, 41.86352], [-70.91361, 41.86364900000001], [-70.913508, 41.86385900000001], [-70.913827, 41.86409999999999], [-70.915349, 41.86441399999999], [-70.914689, 41.86527500000001], [-70.914928, 41.86545599999999], [-70.915936, 41.86566900000002], [-70.915988, 41.865806000000006], [-70.915093, 41.866055999999986], [-70.915041, 41.866310999999996], [-70.915509, 41.86667299999999], [-70.916738, 41.86716700000001], [-70.916472, 41.86768299999998], [-70.91492, 41.868431], [-70.914624, 41.86904500000001], [-70.913182, 41.86993699999999], [-70.912968, 41.87024399999999], [-70.913035, 41.870596000000006], [-70.914616, 41.872081], [-70.915066, 41.872316], [-70.91605800000002, 41.872350999999995], [-70.916327, 41.87257], [-70.916096, 41.874833], [-70.916611, 41.87652900000001], [-70.916411, 41.87691699999999], [-70.919205, 41.87902299999999], [-70.963344, 41.89638599999999], [-70.963492, 41.897118], [-70.964219, 41.898187000000014], [-70.964761, 41.899394], [-70.967133, 41.90125400000001], [-70.970408, 41.90132000000001], [-70.971963, 41.90172900000002], [-70.972261, 41.901644000000005], [-70.97221, 41.901456], [-70.972505, 41.90133399999999], [-70.974738, 41.90137], [-70.97513, 41.90117900000001], [-70.975369, 41.901379], [-70.975803, 41.90137300000001], [-70.976046, 41.90115], [-70.976282, 41.90115099999999], [-70.976379, 41.901339], [-70.976661, 41.901382000000005], [-70.9772, 41.902115], [-70.977862, 41.902534], [-70.977982, 41.90288400000001], [-70.978203, 41.903025], [-70.978316, 41.90352899999999], [-70.978737, 41.903892], [-70.980102, 41.903608000000006], [-70.981114, 41.90497], [-70.982452, 41.905790999999994], [-70.983494, 41.906015000000004], [-70.983802, 41.906487000000006], [-70.984095, 41.906569000000005], [-70.984874, 41.907451], [-70.985165, 41.907454], [-70.985761, 41.90689], [-70.986745, 41.90636400000001], [-70.987256, 41.905808], [-70.977163, 41.87514899999998], [-70.977169, 41.874696], [-70.973717, 41.86087899999999], [-70.978308, 41.857246], [-70.979808, 41.85647300000001], [-70.982407, 41.85558799999999], [-70.985779, 41.854057999999995], [-70.988846, 41.85113599999999], [-70.990902, 41.84979899999998], [-70.995597, 41.84722300000002], [-71.000964, 41.843459], [-71.03657, 41.816525], [-71.088462, 41.817786999999996], [-71.093149, 41.81285], [-71.093197, 41.81173499999999], [-71.092887, 41.811676999999996], [-71.093115, 41.81159099999999], [-71.093014, 41.81142599999998], [-71.093348, 41.811413], [-71.093231, 41.81119], [-71.092844, 41.811074], [-71.092973, 41.81092000000001], [-71.092617, 41.810857], [-71.092902, 41.81075300000001], [-71.093349, 41.810927000000014], [-71.093385, 41.81075300000001], [-71.093078, 41.810383], [-71.0934, 41.81026500000001], [-71.093317, 41.81003400000001], [-71.092932, 41.809901999999994], [-71.093056, 41.809554999999996], [-71.09269900000001, 41.80942100000001], [-71.093161, 41.809025999999996], [-71.092829, 41.808467000000014], [-71.091933, 41.80839699999999], [-71.091723, 41.80822400000001], [-71.091531, 41.808374], [-71.091251, 41.80830999999999], [-71.090664, 41.808848], [-71.090699, 41.80905700000001], [-71.090047, 41.809377000000005], [-71.088713, 41.80911600000001], [-71.08767300000001, 41.807959], [-71.086697, 41.80575199999999], [-71.086465, 41.80479000000001], [-71.087722, 41.802492000000036], [-71.089091, 41.801786], [-71.091044, 41.801504000000016], [-71.092814, 41.800748999999996], [-71.094111, 41.79981800000002], [-71.095443, 41.79916999999998], [-71.095943, 41.79704100000001], [-71.101604, 41.79356199999999], [-71.102031, 41.79289800000001], [-71.102611, 41.790700999999984], [-71.103084, 41.789587], [-71.104686, 41.78798499999999], [-71.10898900000001, 41.784506], [-71.111583, 41.781560999999996], [-71.114489, 41.778800999999966], [-71.11961, 41.790968000000014], [-71.124416, 41.79090199999998], [-71.124652, 41.791003999999994], [-71.125313, 41.790889], [-71.1255, 41.791064000000006], [-71.131216, 41.790713000000004], [-71.130989, 41.790534], [-71.130839, 41.790201], [-71.130947, 41.790189], [-71.153164, 41.78955299999999], [-71.171145, 41.789370000000005], [-71.176229, 41.81590400000001], [-71.193537, 41.816535999999985], [-71.187776, 41.783156000000005], [-71.283588, 41.77480200000003], [-71.292456, 41.77488000000002], [-71.316366, 41.77555899999999], [-71.328472, 41.780694000000004], [-71.328787, 41.781352], [-71.329096, 41.782719000000014], [-71.329315, 41.782593], [-71.329418, 41.781884000000005], [-71.329582, 41.781836000000006], [-71.329803, 41.782038], [-71.329896, 41.78262600000001], [-71.329663, 41.783077000000006], [-71.329854, 41.783406], [-71.329869, 41.784315], [-71.330232, 41.78471799999999], [-71.330391, 41.785381000000015], [-71.329627, 41.78701800000002], [-71.329652, 41.78773799999999], [-71.329457, 41.788327], [-71.330415, 41.78865399999999], [-71.330235, 41.78888299999999], [-71.330514, 41.789115], [-71.331059, 41.789100000000005], [-71.331035, 41.789565], [-71.331534, 41.789319], [-71.331603, 41.78962400000001], [-71.332743, 41.79016000000001], [-71.332811, 41.790580999999996], [-71.33248, 41.790655000000015], [-71.332497, 41.79084400000001], [-71.332196, 41.790977000000005], [-71.333155, 41.792572], [-71.333112, 41.793044], [-71.333572, 41.793192], [-71.333442, 41.793366000000006], [-71.333917, 41.793568999999984], [-71.333678, 41.79378299999999], [-71.334154, 41.793938], [-71.334229, 41.794244], [-71.334112, 41.79438799999999], [-71.334421, 41.794449], [-71.334645, 41.794835], [-71.335304, 41.795028], [-71.33561, 41.795457999999996], [-71.336191, 41.795505], [-71.336463, 41.795731], [-71.336875, 41.795744], [-71.337223, 41.79548399999998], [-71.337887, 41.795572000000014], [-71.337913, 41.795725000000004], [-71.338838, 41.79593500000001], [-71.339157, 41.796338000000006], [-71.340097, 41.796633], [-71.340224, 41.796745], [-71.340103, 41.79709499999999], [-71.340481, 41.797033], [-71.34036, 41.797558], [-71.339842, 41.79774799999999], [-71.340043, 41.79821599999998], [-71.340777, 41.79840100000002], [-71.341201, 41.799774], [-71.340801, 41.80002300000001], [-71.340635, 41.80052599999999], [-71.340596, 41.80089900000001], [-71.340808, 41.801051000000015], [-71.340643, 41.801258000000004], [-71.340745, 41.801674], [-71.340339, 41.80238400000001], [-71.340597, 41.802606], [-71.340511, 41.80322599999999], [-71.340185, 41.80379899999999], [-71.33990700000001, 41.80390400000002], [-71.339231, 41.80516], [-71.339088, 41.805782999999984], [-71.339675, 41.80634], [-71.33942, 41.806732999999994], [-71.33942800000001, 41.807328000000005], [-71.33922, 41.80766900000002], [-71.339195, 41.80799], [-71.339379, 41.808077999999995], [-71.339332, 41.80852700000002], [-71.347545, 41.82324600000001]]]}}, {"type": "Feature", "properties": {"district_name": "Norfolk-Worcester-Middlesex District", "chamber": "senate", "vintage": "2022-present", "lean_dem_share": 0.6201, "competitiveness": "Safe", "competitiveness_label": "Safe D", "party_favored": "Democratic", "url": "/district/senate-norfolk-worcester-middlesex-district-2022-present/"}, "geometry": {"type": "Polygon", "coordinates": [[[-71.56444, 42.165189999999996], [-71.564288, 42.165958], [-71.562839, 42.167838999999994], [-71.559809, 42.167108], [-71.559783, 42.167623], [-71.560155, 42.168027], [-71.560462, 42.16804200000001], [-71.560765, 42.16764599999999], [-71.561056, 42.167598000000005], [-71.561227, 42.167786], [-71.560504, 42.16852200000002], [-71.56055200000002, 42.16873800000001], [-71.561759, 42.17034899999999], [-71.562327, 42.171448999999996], [-71.563269, 42.171969999999995], [-71.563197, 42.172366999999994], [-71.562578, 42.17269600000003], [-71.562689, 42.173175], [-71.562516, 42.17409799999998], [-71.561874, 42.174305000000004], [-71.561736, 42.174715000000006], [-71.561985, 42.175444000000006], [-71.561861, 42.17579499999998], [-71.562029, 42.17593699999999], [-71.561972, 42.176491000000006], [-71.561626, 42.17673799999998], [-71.562017, 42.178614000000024], [-71.561498, 42.178672999999996], [-71.56146, 42.17887], [-71.560888, 42.178976999999996], [-71.560263, 42.178805999999994], [-71.55981500000001, 42.17893599999999], [-71.558832, 42.17884199999999], [-71.558352, 42.17873000000001], [-71.557946, 42.178312000000005], [-71.557472, 42.178469000000014], [-71.557187, 42.178342000000015], [-71.556969, 42.178049], [-71.556382, 42.17778099999999], [-71.556468, 42.17763799999998], [-71.555944, 42.177251999999996], [-71.555819, 42.177402000000015], [-71.555382, 42.17732899999999], [-71.555367, 42.17752500000001], [-71.555079, 42.17761], [-71.554898, 42.17811300000002], [-71.553711, 42.178242999999995], [-71.552525, 42.177408], [-71.551666, 42.17857100000001], [-71.552008, 42.17977499999998], [-71.552368, 42.180015], [-71.55259, 42.179984], [-71.552548, 42.180443], [-71.552866, 42.18109799999999], [-71.553646, 42.18140600000001], [-71.55382, 42.18182500000001], [-71.55431800000001, 42.18177099999999], [-71.555806, 42.182079], [-71.555915, 42.18222499999999], [-71.55557300000001, 42.182177999999986], [-71.555497, 42.18234200000001], [-71.555738, 42.182503000000004], [-71.539498, 42.189733999999994], [-71.506894, 42.188927], [-71.502626, 42.191416], [-71.497378, 42.166643000000015], [-71.49313600000002, 42.166209999999985], [-71.478027, 42.165871], [-71.478522, 42.13137799999999], [-71.461441, 42.13364099999999], [-71.442693, 42.13578400000001], [-71.442279, 42.13557200000001], [-71.442451, 42.13545600000001], [-71.442366, 42.135316], [-71.441841, 42.135248000000004], [-71.441769, 42.13503000000001], [-71.441426, 42.134829], [-71.440248, 42.13526700000001], [-71.439259, 42.135029000000024], [-71.438625, 42.13518500000001], [-71.437063, 42.134814000000006], [-71.436193, 42.134319], [-71.435529, 42.134208], [-71.434572, 42.134327], [-71.434451, 42.134508000000004], [-71.43482400000002, 42.13489700000001], [-71.434926, 42.135314000000015], [-71.434745, 42.13559000000001], [-71.434299, 42.135612999999985], [-71.434226, 42.135095], [-71.433797, 42.135161], [-71.433496, 42.135646], [-71.433865, 42.13597100000002], [-71.433089, 42.13649499999999], [-71.432788, 42.13714], [-71.431847, 42.138025999999996], [-71.43094, 42.138262], [-71.43083, 42.138628000000004], [-71.430229, 42.139012], [-71.429514, 42.13897200000002], [-71.42880100000002, 42.138288999999986], [-71.427852, 42.138108], [-71.427085, 42.138566], [-71.425821, 42.138670000000005], [-71.424382, 42.13904500000001], [-71.423191, 42.139115], [-71.421829, 42.13872800000001], [-71.419221, 42.138968000000006], [-71.418942, 42.138789], [-71.419036, 42.13832099999999], [-71.420237, 42.13782700000002], [-71.420535, 42.137541000000006], [-71.41999, 42.137201999999995], [-71.419674, 42.13760199999999], [-71.419323, 42.13744599999998], [-71.419044, 42.136478999999994], [-71.418845, 42.136402], [-71.417735, 42.136731000000005], [-71.416624, 42.137555000000006], [-71.415098, 42.13825900000001], [-71.414703, 42.137917], [-71.414707, 42.13733900000001], [-71.415053, 42.13651100000001], [-71.41571500000002, 42.136077], [-71.415833, 42.13563400000001], [-71.415409, 42.134981999999994], [-71.414368, 42.13414699999999], [-71.413643, 42.133766000000016], [-71.41269100000001, 42.133604], [-71.411328, 42.134415000000004], [-71.411062, 42.13445299999999], [-71.410049, 42.13398500000001], [-71.40924, 42.134044], [-71.408627, 42.13432099999999], [-71.406237, 42.136309000000004], [-71.405, 42.13679299999999], [-71.404177, 42.13756000000001], [-71.403259, 42.139134], [-71.402343, 42.139542999999996], [-71.40094, 42.13909900000001], [-71.39909, 42.138768999999996], [-71.398106, 42.138173], [-71.397519, 42.137614000000006], [-71.397083, 42.137447000000016], [-71.397103, 42.13732300000001], [-71.384991, 42.13527500000001], [-71.383494, 42.13519299999999], [-71.383092, 42.135515], [-71.382096, 42.13554700000001], [-71.381998, 42.135436999999996], [-71.382123, 42.13529499999999], [-71.382803, 42.135031], [-71.38292600000001, 42.134213], [-71.382527, 42.133942], [-71.38212, 42.13392199999999], [-71.382074, 42.13378199999999], [-71.382499, 42.133668], [-71.383132, 42.13381700000001], [-71.38332, 42.13365299999999], [-71.38328, 42.13349099999999], [-71.382716, 42.133145000000006], [-71.38249, 42.133451], [-71.38194, 42.13345799999999], [-71.381101, 42.13286600000002], [-71.380591, 42.13314299999998], [-71.380188, 42.132925], [-71.379911, 42.13297200000001], [-71.379326, 42.13324499999999], [-71.379218, 42.13344099999998], [-71.37939, 42.13385500000001], [-71.380044, 42.134592], [-71.379931, 42.135374000000006], [-71.379584, 42.13576], [-71.378944, 42.135834], [-71.378109, 42.13539200000001], [-71.37679, 42.13561], [-71.375618, 42.13545399999999], [-71.3793, 42.141639999999995], [-71.380366, 42.14316699999999], [-71.40229500000001, 42.17879400000002], [-71.404427, 42.18843300000001], [-71.384765, 42.19201399999999], [-71.380182, 42.201758999999996], [-71.388206, 42.20430300000001], [-71.388489, 42.20800499999999], [-71.391706, 42.20974200000001], [-71.393923, 42.207089], [-71.397341, 42.207889], [-71.397056, 42.20815100000001], [-71.397027, 42.20856799999999], [-71.397311, 42.20874299999999], [-71.39719, 42.20905900000001], [-71.397358, 42.209199000000005], [-71.397333, 42.209842], [-71.397529, 42.210302000000006], [-71.398603, 42.21120699999998], [-71.399672, 42.211725], [-71.400191, 42.211791000000005], [-71.40058, 42.212422999999994], [-71.40118, 42.212927000000015], [-71.402035, 42.213198999999996], [-71.402227, 42.213131], [-71.402468, 42.213577], [-71.403582, 42.21428699999999], [-71.403709, 42.214861000000006], [-71.401953, 42.21542], [-71.407331, 42.218164], [-71.407961, 42.217656], [-71.408256, 42.218444999999996], [-71.410022, 42.21874900000003], [-71.409893, 42.219198999999996], [-71.41009100000001, 42.219816], [-71.409118, 42.220425999999996], [-71.408829, 42.221092000000006], [-71.408615, 42.22111400000001], [-71.408758, 42.22219800000002], [-71.408966, 42.222387999999995], [-71.408953, 42.22295899999999], [-71.40968, 42.22401399999999], [-71.409088, 42.224340999999995], [-71.409049, 42.224575], [-71.409298, 42.224888000000014], [-71.409323, 42.225342], [-71.409586, 42.22560099999999], [-71.409605, 42.22593700000001], [-71.410074, 42.226558], [-71.410407, 42.226572000000004], [-71.411305, 42.22706500000001], [-71.411482, 42.227411999999994], [-71.412109, 42.227651000000016], [-71.412538, 42.228171], [-71.412801, 42.229355], [-71.413045, 42.229639000000006], [-71.412664, 42.23101400000001], [-71.413044, 42.23215], [-71.41339, 42.23256499999999], [-71.41321, 42.233583], [-71.413362, 42.234556999999995], [-71.413675, 42.23488900000001], [-71.414973, 42.235449000000024], [-71.416491, 42.23667799999999], [-71.417259, 42.23788799999998], [-71.4188, 42.238198000000004], [-71.420075, 42.23812300000001], [-71.418303, 42.246504], [-71.419298, 42.25728099999999], [-71.397769, 42.261527999999984], [-71.390365, 42.27191600000001], [-71.376833, 42.269489], [-71.356907, 42.263495], [-71.356656, 42.263314], [-71.35645, 42.26248900000001], [-71.356599, 42.262206], [-71.357141, 42.261882], [-71.357098, 42.261435000000006], [-71.35671, 42.26134499999999], [-71.356487, 42.261016], [-71.356686, 42.259983999999996], [-71.35623200000002, 42.25922500000001], [-71.355453, 42.259001999999995], [-71.355, 42.258662000000015], [-71.354443, 42.25862699999999], [-71.354267, 42.258361], [-71.354493, 42.258039000000004], [-71.354399, 42.257686], [-71.353681, 42.25679299999999], [-71.353372, 42.256874], [-71.351776, 42.255816], [-71.350829, 42.25589599999999], [-71.348409, 42.254704000000004], [-71.344932, 42.25384], [-71.341777, 42.253537], [-71.342459, 42.25045499999999], [-71.332908, 42.24783800000001], [-71.332434, 42.247729000000014], [-71.332676, 42.248449999999984], [-71.332496, 42.249075000000005], [-71.302922, 42.24827400000001], [-71.30846, 42.270709], [-71.308115, 42.271223], [-71.308029, 42.27181099999999], [-71.308476, 42.27229400000001], [-71.309013, 42.27334200000002], [-71.309025, 42.27480799999999], [-71.309496, 42.275704], [-71.309302, 42.276378999999984], [-71.308875, 42.27667399999999], [-71.307341, 42.27710499999999], [-71.304636, 42.27835799999999], [-71.302477, 42.28016], [-71.300997, 42.282361], [-71.300315, 42.282897000000006], [-71.299949, 42.282911000000006], [-71.29822, 42.28176199999998], [-71.297514, 42.280909], [-71.297788, 42.27920799999999], [-71.299775, 42.276139], [-71.299641, 42.27500199999999], [-71.299044, 42.274492], [-71.298352, 42.27426100000002], [-71.297199, 42.274497], [-71.296205, 42.274318], [-71.29562, 42.273998999999996], [-71.294843, 42.27305200000001], [-71.233635, 42.315837], [-71.233006, 42.31626599999999], [-71.232254, 42.316390000000006], [-71.230214, 42.316506000000004], [-71.228915, 42.31636], [-71.227543, 42.31539999999999], [-71.22639300000002, 42.314323], [-71.226343, 42.313419999999994], [-71.227068, 42.31239800000001], [-71.226944, 42.311554000000015], [-71.22631100000001, 42.31028400000001], [-71.227209, 42.30900600000001], [-71.22700300000001, 42.30849099999999], [-71.226688, 42.30825000000001], [-71.225456, 42.30795200000001], [-71.22411, 42.30729999999999], [-71.222776, 42.30715], [-71.220855, 42.30640799999999], [-71.218475, 42.306814], [-71.21636, 42.30640899999998], [-71.21369, 42.306288], [-71.212945, 42.305949], [-71.21148700000002, 42.30366300000001], [-71.211235, 42.30288199999999], [-71.211253, 42.302266], [-71.211768, 42.30093599999999], [-71.211779, 42.300062000000004], [-71.211343, 42.29949500000001], [-71.210477, 42.29883100000001], [-71.207538, 42.296858], [-71.206054, 42.293398], [-71.205584, 42.29171099999999], [-71.205515, 42.290186000000006], [-71.20524, 42.289567999999996], [-71.204566, 42.289046000000006], [-71.203375, 42.288621], [-71.201344, 42.28855799999999], [-71.200018, 42.287595], [-71.196355, 42.28595699999998], [-71.195793, 42.286196], [-71.195524, 42.287572000000004], [-71.195006, 42.28816400000001], [-71.19429, 42.28828299999999], [-71.193087, 42.28795100000001], [-71.192117, 42.28727700000001], [-71.190886, 42.285823], [-71.190889, 42.28512599999999], [-71.191243, 42.28346400000001], [-71.191131, 42.282363999999994], [-71.19051, 42.28164799999999], [-71.188212, 42.280438000000004], [-71.196694, 42.269223999999994], [-71.19749800000001, 42.268792], [-71.198791, 42.268431], [-71.199523, 42.267796999999995], [-71.205024, 42.267058999999996], [-71.205727, 42.26757], [-71.208049, 42.26785100000001], [-71.209262, 42.267514000000006], [-71.211174, 42.267298000000004], [-71.212318, 42.26754300000001], [-71.214565, 42.26770199999999], [-71.217005, 42.26852299999999], [-71.217973, 42.268678], [-71.218311, 42.268458], [-71.218123, 42.267665], [-71.218675, 42.265387000000004], [-71.219875, 42.263532000000005], [-71.221567, 42.26342700000001], [-71.222488, 42.262881], [-71.223188, 42.262696999999996], [-71.22429, 42.26318100000001], [-71.22565600000001, 42.26413300000001], [-71.227284, 42.263909000000005], [-71.228685, 42.264309], [-71.229455, 42.263906999999996], [-71.230347, 42.261361999999984], [-71.232285, 42.258424999999995], [-71.232237, 42.256898], [-71.251416, 42.202613], [-71.254124, 42.2028], [-71.256403, 42.203672000000005], [-71.258194, 42.204071], [-71.258263, 42.20391000000001], [-71.259791, 42.204115000000016], [-71.26105500000001, 42.204096], [-71.263711, 42.203328000000006], [-71.267523, 42.200938999999984], [-71.269569, 42.20049899999999], [-71.275671, 42.18166700000001], [-71.275025, 42.148622999999986], [-71.303751, 42.14949999999999], [-71.303566, 42.148693], [-71.303227, 42.148669000000005], [-71.303225, 42.14843800000001], [-71.302846, 42.14846300000001], [-71.302603, 42.14897799999999], [-71.30234000000002, 42.149026], [-71.302202, 42.14865099999999], [-71.301967, 42.148572], [-71.301965, 42.148165999999996], [-71.301282, 42.148253000000004], [-71.300817, 42.14809099999997], [-71.300873, 42.14750299999999], [-71.300562, 42.147506], [-71.300118, 42.147176], [-71.300441, 42.14692900000001], [-71.300302, 42.146582], [-71.300678, 42.14625100000001], [-71.300275, 42.146039], [-71.300118, 42.14573100000001], [-71.300696, 42.14506799999997], [-71.300351, 42.14472099999999], [-71.300386, 42.14433799999999], [-71.299878, 42.144072999999985], [-71.29985, 42.14376199999999], [-71.300443, 42.143138], [-71.300506, 42.142874], [-71.300228, 42.14269500000001], [-71.300263, 42.14234799999999], [-71.300005, 42.14198699999999], [-71.299406, 42.141771000000006], [-71.299416, 42.14141399999998], [-71.299724, 42.141226], [-71.299721, 42.140854], [-71.299193, 42.140677999999994], [-71.298947, 42.140420000000006], [-71.29921, 42.13986], [-71.29909300000001, 42.13886300000002], [-71.299597, 42.13881700000001], [-71.299748, 42.138501000000005], [-71.300323, 42.138658], [-71.300347, 42.13847399999999], [-71.300665, 42.13830399999998], [-71.300584, 42.138083], [-71.301348, 42.13777300000002], [-71.301379, 42.137194], [-71.301655, 42.137224999999994], [-71.302186, 42.136871], [-71.30212900000001, 42.13669900000001], [-71.30176, 42.136634], [-71.29991200000002, 42.129408999999995], [-71.29894, 42.1265], [-71.300223, 42.12591], [-71.297154, 42.12050899999999], [-71.295901, 42.116614], [-71.280268, 42.088491999999995], [-71.284482, 42.08357899999999], [-71.287701, 42.07693100000001], [-71.287099, 42.06370699999999], [-71.289441, 42.05910200000002], [-71.28826500000001, 42.014462], [-71.364344, 41.985293], [-71.381299, 41.98508399999999], [-71.381505, 42.000021000000004], [-71.381401, 42.018798000000004], [-71.396578, 42.018747999999995], [-71.441298, 42.018098], [-71.4468, 42.017899], [-71.498259, 42.01727199999999], [-71.49825600000001, 42.021010999999994], [-71.498367, 42.02103799999999], [-71.49825600000001, 42.02229099999999], [-71.498076, 42.02226699999999], [-71.498073, 42.02241099999999], [-71.49825600000001, 42.022433], [-71.498261, 42.02428400000001], [-71.498031, 42.025275], [-71.498259, 42.02530199999999], [-71.498259, 42.02781300000001], [-71.497993, 42.02773599999999], [-71.498195, 42.028758], [-71.497967, 42.02879100000001], [-71.497957, 42.029244000000006], [-71.498178, 42.02929100000001], [-71.498178, 42.030001999999996], [-71.497939, 42.029952], [-71.497901, 42.031513], [-71.498262, 42.03133299999999], [-71.49824, 42.091412], [-71.498025, 42.09257100000001], [-71.49812700000001, 42.093414999999986], [-71.497791, 42.09419899999998], [-71.497744, 42.09483400000001], [-71.49703, 42.09569700000001], [-71.497494, 42.095841999999976], [-71.497457, 42.09644300000001], [-71.497058, 42.09672599999999], [-71.497095, 42.09691899999999], [-71.496493, 42.097195], [-71.496511, 42.097989], [-71.496111, 42.09818000000002], [-71.495282, 42.09995800000001], [-71.495652, 42.10002099999999], [-71.49572, 42.100245], [-71.49609000000001, 42.10035900000002], [-71.495837, 42.10071700000001], [-71.49628, 42.100854999999996], [-71.496623, 42.10120400000002], [-71.496338, 42.10162099999999], [-71.496629, 42.10155000000001], [-71.497294, 42.10178599999999], [-71.497225, 42.101983], [-71.496703, 42.10208500000001], [-71.496703, 42.10225000000001], [-71.49786900000001, 42.102447000000005], [-71.499512, 42.10304899999999], [-71.499878, 42.10385499999999], [-71.500281, 42.104196000000016], [-71.500309, 42.104726], [-71.50068, 42.10505899999999], [-71.500926, 42.105722], [-71.501363, 42.106286000000004], [-71.501384, 42.106767000000005], [-71.501001, 42.106892], [-71.500617, 42.10730300000001], [-71.500599, 42.10745699999998], [-71.500842, 42.10761699999998], [-71.50071900000002, 42.107735000000005], [-71.501469, 42.108077], [-71.5016, 42.108410999999975], [-71.502423, 42.108864000000004], [-71.502292, 42.109337], [-71.502909, 42.10942800000002], [-71.502807, 42.10977600000001], [-71.503078, 42.11028499999998], [-71.502984, 42.110640000000004], [-71.502217, 42.11103], [-71.501965, 42.111657000000015], [-71.501385, 42.11157400000001], [-71.500992, 42.11229100000001], [-71.500384, 42.11269500000001], [-71.500355, 42.11284800000001], [-71.501207, 42.113279999999996], [-71.501104, 42.11364300000001], [-71.501553, 42.11458300000002], [-71.501029, 42.11523099999999], [-71.501628, 42.116102], [-71.501319, 42.11635199999999], [-71.501498, 42.116589000000005], [-71.50135, 42.11685399999999], [-71.501746, 42.117168000000014], [-71.50162, 42.117435999999984], [-71.50214800000002, 42.11761400000002], [-71.502796, 42.117412000000016], [-71.503661, 42.11814999999999], [-71.505288, 42.11827499999998], [-71.505632, 42.11875800000001], [-71.506011, 42.118748], [-71.507262, 42.120307000000004], [-71.507126, 42.12129300000001], [-71.508707, 42.12271599999998], [-71.509038, 42.12330799999999], [-71.509651, 42.12358499999998], [-71.509843, 42.12392299999999], [-71.519237, 42.124190999999996], [-71.528687, 42.131298000000015], [-71.538114, 42.13801600000001], [-71.539302, 42.138359], [-71.541478, 42.139692000000004], [-71.563222, 42.15339800000001], [-71.563266, 42.15380299999999], [-71.562305, 42.15466399999998], [-71.562156, 42.15491099999997], [-71.562251, 42.155230999999986], [-71.562083, 42.15544200000001], [-71.561213, 42.155302], [-71.560878, 42.15552799999999], [-71.561055, 42.157181999999985], [-71.561035, 42.15750499999999], [-71.560792, 42.157764000000014], [-71.560954, 42.158315], [-71.561914, 42.15896299999999], [-71.561999, 42.159344999999995], [-71.562295, 42.159512], [-71.562372, 42.159995], [-71.562817, 42.160155], [-71.563003, 42.16051300000001], [-71.56350400000001, 42.16068399999999], [-71.563714, 42.161172999999984], [-71.563532, 42.16152999999999], [-71.56385, 42.162174000000014], [-71.563522, 42.162384], [-71.563466, 42.163285], [-71.564029, 42.164054], [-71.564414, 42.164124], [-71.564259, 42.16448599999998], [-71.56444, 42.165189999999996]], [[-71.299901, 42.27029], [-71.299745, 42.26961300000001], [-71.295653, 42.272484000000006], [-71.296687, 42.272622000000005], [-71.2976, 42.27236400000001], [-71.298391, 42.271342], [-71.29977, 42.27051599999999], [-71.299901, 42.27029]]]}}, {"type": "Feature", "properties": {"district_name": "Bristol and Norfolk District", "chamber": "senate", "vintage": "2022-present", "lean_dem_share": 0.581, "competitiveness": "Likely", "competitiveness_label": "Likely D", "party_favored": "Democratic", "url": "/district/senate-bristol-and-norfolk-district-2022-present/"}, "geometry": {"type": "Polygon", "coordinates": [[[-71.381463, 41.893545999999986], [-71.381299, 41.98508399999999], [-71.364344, 41.985293], [-71.28826500000001, 42.014462], [-71.289441, 42.05910200000002], [-71.287099, 42.06370699999999], [-71.287701, 42.07693100000001], [-71.284482, 42.08357899999999], [-71.271736, 42.09844499999999], [-71.255347, 42.104131], [-71.253302, 42.105343999999995], [-71.238804, 42.106401], [-71.238695, 42.10952999999999], [-71.238917, 42.112220000000015], [-71.237993, 42.11289600000002], [-71.238432, 42.114277000000016], [-71.239142, 42.11494299999999], [-71.239417, 42.115505999999996], [-71.239362, 42.11593400000001], [-71.23908, 42.11604799999998], [-71.23903, 42.116797], [-71.238736, 42.117042999999995], [-71.23884, 42.11714099999998], [-71.238449, 42.11775099999999], [-71.238764, 42.11807199999999], [-71.23878100000002, 42.118478999999994], [-71.238979, 42.118551], [-71.238927, 42.11882200000001], [-71.23913, 42.118826000000006], [-71.238862, 42.119335], [-71.239148, 42.119688], [-71.239116, 42.120001], [-71.239616, 42.12029400000001], [-71.239898, 42.12083], [-71.239073, 42.12096100000002], [-71.238681, 42.121358999999984], [-71.238117, 42.12135800000001], [-71.237955, 42.121614999999984], [-71.233293, 42.12341200000001], [-71.233168, 42.12300099999999], [-71.231098, 42.123298000000005], [-71.233307, 42.125958999999995], [-71.233475, 42.128569], [-71.232201, 42.13059400000001], [-71.231873, 42.131633], [-71.230666, 42.13205900000001], [-71.230398, 42.13257400000001], [-71.229082, 42.132605000000005], [-71.227832, 42.13308000000001], [-71.227436, 42.13346000000001], [-71.22699, 42.134363000000015], [-71.22599, 42.13541000000001], [-71.186885, 42.153264000000014], [-71.188691, 42.161127000000015], [-71.188146, 42.16148900000001], [-71.188108, 42.16132499999998], [-71.187881, 42.161308000000005], [-71.186607, 42.161486], [-71.185833, 42.16216099999999], [-71.185032, 42.16245900000002], [-71.184323, 42.16249200000001], [-71.183467, 42.163041], [-71.183387, 42.16323800000002], [-71.18280300000002, 42.16328699999999], [-71.18253, 42.163722000000014], [-71.182179, 42.163883], [-71.182219, 42.164145999999995], [-71.182066, 42.164221999999995], [-71.182014, 42.16457199999999], [-71.181712, 42.16475], [-71.181753, 42.165141999999996], [-71.181313, 42.16552300000001], [-71.180182, 42.165496000000005], [-71.180005, 42.165084], [-71.179796, 42.164978000000005], [-71.17902, 42.16528299999999], [-71.179188, 42.16590299999999], [-71.178247, 42.16581299999998], [-71.177899, 42.165567], [-71.178135, 42.165045000000006], [-71.177972, 42.16438499999999], [-71.17777, 42.16401900000001], [-71.17748000000002, 42.163922], [-71.177092, 42.16421399999999], [-71.177159, 42.164948], [-71.177044, 42.16513300000001], [-71.175724, 42.16497400000001], [-71.17587, 42.165319], [-71.176345, 42.16571], [-71.176251, 42.16594300000001], [-71.173416, 42.166023], [-71.173343, 42.166280000000015], [-71.173924, 42.16705499999998], [-71.173778, 42.16751599999999], [-71.173486, 42.16777200000001], [-71.172995, 42.167703], [-71.17267700000001, 42.167231], [-71.172089, 42.16724500000001], [-71.171573, 42.167470000000016], [-71.171819, 42.168126], [-71.171758, 42.168411], [-71.170388, 42.168654], [-71.170115, 42.168815999999985], [-71.169711, 42.16945700000001], [-71.168516, 42.16912299999998], [-71.16726200000001, 42.16917699999999], [-71.16714, 42.169681000000004], [-71.167702, 42.170192], [-71.168812, 42.171933], [-71.168407, 42.17286299999999], [-71.167977, 42.172971], [-71.167091, 42.172693], [-71.163986, 42.17277399999999], [-71.163448, 42.173791000000016], [-71.163492, 42.174034000000006], [-71.163753, 42.17423299999999], [-71.165293, 42.17485200000001], [-71.165462, 42.175143], [-71.165191, 42.17549499999999], [-71.163642, 42.17580700000001], [-71.163404, 42.175987], [-71.163432, 42.176227999999995], [-71.166974, 42.17747700000002], [-71.167136, 42.177763], [-71.166139, 42.178293], [-71.166033, 42.178610000000006], [-71.167708, 42.178817], [-71.168001, 42.179097999999996], [-71.167852, 42.17940999999999], [-71.167368, 42.17973800000001], [-71.166474, 42.17966], [-71.165266, 42.18001600000001], [-71.164937, 42.18055800000001], [-71.164283, 42.180886], [-71.164023, 42.181302], [-71.164168, 42.18172499999999], [-71.165093, 42.181988], [-71.165379, 42.182230999999994], [-71.164547, 42.18362900000001], [-71.16374900000001, 42.184483], [-71.16284, 42.185065999999985], [-71.16289, 42.18634400000001], [-71.163872, 42.18677899999999], [-71.163871, 42.187377], [-71.163602, 42.18766200000001], [-71.163269, 42.18771300000002], [-71.162692, 42.18721600000001], [-71.162311, 42.187236000000006], [-71.160415, 42.18829100000003], [-71.16024, 42.188583], [-71.160149, 42.19003799999998], [-71.159298, 42.19203300000001], [-71.158316, 42.19373499999998], [-71.15828900000001, 42.194458], [-71.158045, 42.19497299999998], [-71.157626, 42.195292], [-71.156353, 42.19561], [-71.15546, 42.19686200000001], [-71.154462, 42.197102000000015], [-71.153758, 42.197852000000005], [-71.152778, 42.19786700000001], [-71.152349, 42.198032999999995], [-71.151901, 42.198841999999985], [-71.150463, 42.199941999999986], [-71.149959, 42.20106899999999], [-71.148474, 42.20219900000001], [-71.146308, 42.20424599999999], [-71.146174, 42.20447099999999], [-71.146255, 42.20525200000001], [-71.145667, 42.206072000000006], [-71.145712, 42.20634400000001], [-71.146326, 42.20640000000002], [-71.147695, 42.20597199999998], [-71.14842, 42.20638600000001], [-71.14841, 42.206786000000015], [-71.14710900000001, 42.208292], [-71.145922, 42.20922699999999], [-71.144893, 42.20947100000001], [-71.144413, 42.210407000000004], [-71.143943, 42.21092600000001], [-71.142595, 42.21139099999999], [-71.142328, 42.211660999999985], [-71.142415, 42.21216199999999], [-71.143526, 42.21312300000001], [-71.142422, 42.2143], [-71.142829, 42.21525], [-71.142819, 42.215672], [-71.142194, 42.217562], [-71.141358, 42.21806900000001], [-71.14117, 42.21836299999998], [-71.141386, 42.218671000000015], [-71.142148, 42.218978], [-71.142248, 42.21952100000001], [-71.140575, 42.22176300000001], [-71.140446, 42.22242800000001], [-71.139983, 42.22319], [-71.140206, 42.22363699999999], [-71.14008, 42.223931], [-71.137098, 42.226727999999994], [-71.136528, 42.22707900000001], [-71.134832, 42.22693999999999], [-71.13411300000001, 42.227465], [-71.132605, 42.22710699999999], [-71.131521, 42.227367], [-71.130771, 42.227926000000004], [-71.114002, 42.211861], [-71.066625, 42.16405699999999], [-71.095625, 42.147905999999985], [-71.131843, 42.13931099999999], [-71.13107700000002, 42.14215999999999], [-71.1311, 42.1428], [-71.131392, 42.14307900000001], [-71.134702, 42.143699], [-71.135339, 42.14191799999999], [-71.137609, 42.142497999999996], [-71.137831, 42.142314999999996], [-71.137743, 42.14212599999998], [-71.138552, 42.141908], [-71.138581, 42.14163200000003], [-71.13878900000002, 42.141499], [-71.138393, 42.14120500000001], [-71.138667, 42.140925], [-71.138685, 42.139956999999995], [-71.139915, 42.139871], [-71.140779, 42.138061], [-71.144549, 42.13769699999999], [-71.149166, 42.13861199999999], [-71.150078, 42.13656499999998], [-71.150165, 42.13585299999998], [-71.149757, 42.133631], [-71.148542, 42.131160999999985], [-71.14845600000001, 42.12874900000001], [-71.148205, 42.128117000000024], [-71.147209, 42.12655600000001], [-71.146017, 42.125368999999985], [-71.140611, 42.121551999999994], [-71.139102, 42.120235], [-71.138604, 42.119546], [-71.136462, 42.11530600000002], [-71.135822, 42.11357099999998], [-71.133698, 42.11137899999999], [-71.133021, 42.10936], [-71.132028, 42.10749999999999], [-71.131596, 42.105500000000006], [-71.13168, 42.10419], [-71.13114, 42.10198], [-71.13129, 42.10074], [-71.1324, 42.09893000000001], [-71.13312, 42.096810000000005], [-71.13377, 42.09579], [-71.13526, 42.09255999999999], [-71.13586, 42.09071999999999], [-71.13766, 42.08865000000001], [-71.13837, 42.086780000000005], [-71.139428, 42.08486999999999], [-71.13934, 42.08452], [-71.138728, 42.08368600000001], [-71.1388, 42.08311], [-71.139413, 42.08204400000002], [-71.139592, 42.08127799999998], [-71.13941, 42.07976000000002], [-71.139469, 42.07829399999999], [-71.139001, 42.07715], [-71.138462, 42.076560000000015], [-71.13902, 42.074831], [-71.138607, 42.072774999999986], [-71.16868100000002, 42.061161], [-71.159263, 42.01543300000001], [-71.15645, 42.001042000000034], [-71.100854, 41.993151], [-71.125751, 41.96699100000001], [-71.15567, 41.937999], [-71.193893, 41.910765], [-71.208162, 41.90885199999999], [-71.222494, 41.91224400000001], [-71.300719, 41.90366099999999], [-71.338787, 41.898592999999984], [-71.381463, 41.893545999999986]]]}}, {"type": "Feature", "properties": {"district_name": "Middlesex and Norfolk District", "chamber": "senate", "vintage": "2022-present", "lean_dem_share": 0.7055, "competitiveness": "Safe", "competitiveness_label": "Safe D", "party_favored": "Democratic", "url": "/district/senate-middlesex-and-norfolk-district-2022-present/"}, "geometry": {"type": "Polygon", "coordinates": [[[-71.602221, 42.218101], [-71.586759, 42.25954500000002], [-71.562194, 42.267651], [-71.560584, 42.267864], [-71.559781, 42.26758200000002], [-71.558581, 42.267867999999986], [-71.558335, 42.267390999999996], [-71.557879, 42.267400000000016], [-71.557729, 42.26767200000001], [-71.557285, 42.26759400000001], [-71.557291, 42.26779299999998], [-71.556658, 42.26813099999999], [-71.555813, 42.26776999999999], [-71.555463, 42.26783399999999], [-71.555284, 42.26746], [-71.554861, 42.26754799999999], [-71.554498, 42.26788400000001], [-71.553498, 42.26760500000001], [-71.552772, 42.26758], [-71.552412, 42.267431], [-71.551918, 42.266824], [-71.55176300000001, 42.26635799999999], [-71.551488, 42.266234000000004], [-71.550755, 42.26625500000001], [-71.549949, 42.265892999999984], [-71.549453, 42.266095], [-71.548757, 42.265928000000024], [-71.548045, 42.26601299999999], [-71.547949, 42.265937000000015], [-71.548181, 42.265767], [-71.547955, 42.26576500000001], [-71.547958, 42.26553900000001], [-71.547586, 42.265450000000016], [-71.547289, 42.265643], [-71.547171, 42.265372], [-71.546908, 42.265262], [-71.546639, 42.26542500000001], [-71.545862, 42.26523000000001], [-71.546022, 42.26489600000001], [-71.54583, 42.264701], [-71.544687, 42.264444], [-71.54477, 42.26475299999999], [-71.544202, 42.264823000000014], [-71.543982, 42.26456099999999], [-71.544307, 42.264441000000005], [-71.543668, 42.26393000000001], [-71.543289, 42.264017], [-71.542963, 42.26380799999999], [-71.54275100000001, 42.264051000000016], [-71.541977, 42.263897], [-71.541752, 42.26399500000001], [-71.54097000000002, 42.26320299999999], [-71.539632, 42.262793], [-71.538658, 42.26361], [-71.538072, 42.26453800000001], [-71.536837, 42.264574999999994], [-71.535948, 42.264755999999984], [-71.535444, 42.265038], [-71.534854, 42.264977000000016], [-71.532144, 42.26614699999998], [-71.527995, 42.266524999999994], [-71.524931, 42.265904999999975], [-71.523412, 42.26598599999998], [-71.52251200000002, 42.266436000000006], [-71.521672, 42.266645000000004], [-71.521143, 42.266497999999984], [-71.520642, 42.26659800000001], [-71.519664, 42.26714599999999], [-71.519187, 42.267496], [-71.519228, 42.267633999999994], [-71.518911, 42.267718000000016], [-71.518587, 42.26762000000001], [-71.517168, 42.267738], [-71.516207, 42.267573000000006], [-71.515566, 42.267782], [-71.513882, 42.26758499999999], [-71.51327, 42.26737099999999], [-71.511704, 42.26636800000002], [-71.511374, 42.266004], [-71.51054, 42.266227], [-71.510216, 42.266156], [-71.510085, 42.266044], [-71.510194, 42.265387], [-71.508985, 42.26448600000001], [-71.507471, 42.26410099999999], [-71.506932, 42.264334000000005], [-71.506422, 42.264265], [-71.506091, 42.264392999999984], [-71.505928, 42.266578], [-71.505882, 42.272938000000025], [-71.485948, 42.31122800000001], [-71.485109, 42.323164], [-71.486804, 42.33021699999999], [-71.483298, 42.353129999999986], [-71.396717, 42.341045000000015], [-71.396083, 42.33991699999999], [-71.394886, 42.338542999999994], [-71.395078, 42.336057000000004], [-71.394876, 42.33574900000001], [-71.394544, 42.335559999999994], [-71.39288800000001, 42.335609999999996], [-71.392474, 42.33579400000001], [-71.39094, 42.337093], [-71.389601, 42.337431], [-71.388609, 42.33736999999999], [-71.388345, 42.336948], [-71.388832, 42.336269], [-71.381757, 42.32846899999999], [-71.37768700000001, 42.314668999999995], [-71.373395, 42.30985500000002], [-71.37177, 42.309880000000014], [-71.370613, 42.310262000000016], [-71.370025, 42.31081100000001], [-71.368493, 42.312810999999996], [-71.364093, 42.31590600000001], [-71.363171, 42.31581099999998], [-71.35991, 42.317149], [-71.355199, 42.31717], [-71.345998, 42.314803999999995], [-71.338523, 42.323216000000016], [-71.333751, 42.33239900000001], [-71.328757, 42.33168100000001], [-71.327444, 42.321113999999994], [-71.327327, 42.313746], [-71.32975, 42.312991000000004], [-71.323662, 42.297415], [-71.308484, 42.270794], [-71.302922, 42.24827400000001], [-71.332496, 42.249075000000005], [-71.332676, 42.248449999999984], [-71.332434, 42.247729000000014], [-71.332908, 42.24783800000001], [-71.342459, 42.25045499999999], [-71.341777, 42.253537], [-71.344932, 42.25384], [-71.348409, 42.254704000000004], [-71.350829, 42.25589599999999], [-71.351776, 42.255816], [-71.353372, 42.256874], [-71.353681, 42.25679299999999], [-71.354399, 42.257686], [-71.354493, 42.258039000000004], [-71.354267, 42.258361], [-71.354443, 42.25862699999999], [-71.355, 42.258662000000015], [-71.355453, 42.259001999999995], [-71.35623200000002, 42.25922500000001], [-71.356686, 42.259983999999996], [-71.356487, 42.261016], [-71.35671, 42.26134499999999], [-71.357098, 42.261435000000006], [-71.357141, 42.261882], [-71.356599, 42.262206], [-71.35645, 42.26248900000001], [-71.356656, 42.263314], [-71.356907, 42.263495], [-71.376833, 42.269489], [-71.390365, 42.27191600000001], [-71.397769, 42.261527999999984], [-71.419298, 42.25728099999999], [-71.418303, 42.246504], [-71.420075, 42.23812300000001], [-71.4188, 42.238198000000004], [-71.417259, 42.23788799999998], [-71.416491, 42.23667799999999], [-71.414973, 42.235449000000024], [-71.413675, 42.23488900000001], [-71.413362, 42.234556999999995], [-71.41321, 42.233583], [-71.41339, 42.23256499999999], [-71.413044, 42.23215], [-71.412664, 42.23101400000001], [-71.413045, 42.229639000000006], [-71.412801, 42.229355], [-71.412538, 42.228171], [-71.412109, 42.227651000000016], [-71.411482, 42.227411999999994], [-71.411305, 42.22706500000001], [-71.410407, 42.226572000000004], [-71.410074, 42.226558], [-71.409605, 42.22593700000001], [-71.409586, 42.22560099999999], [-71.409323, 42.225342], [-71.409298, 42.224888000000014], [-71.409049, 42.224575], [-71.409088, 42.224340999999995], [-71.40968, 42.22401399999999], [-71.408953, 42.22295899999999], [-71.408966, 42.222387999999995], [-71.408758, 42.22219800000002], [-71.408615, 42.22111400000001], [-71.408829, 42.221092000000006], [-71.409118, 42.220425999999996], [-71.41009100000001, 42.219816], [-71.409893, 42.219198999999996], [-71.410022, 42.21874900000003], [-71.408256, 42.218444999999996], [-71.407961, 42.217656], [-71.407331, 42.218164], [-71.401953, 42.21542], [-71.403709, 42.214861000000006], [-71.403582, 42.21428699999999], [-71.402468, 42.213577], [-71.402227, 42.213131], [-71.402035, 42.213198999999996], [-71.40118, 42.212927000000015], [-71.40058, 42.212422999999994], [-71.400191, 42.211791000000005], [-71.399672, 42.211725], [-71.398603, 42.21120699999998], [-71.397529, 42.210302000000006], [-71.397333, 42.209842], [-71.397358, 42.209199000000005], [-71.39719, 42.20905900000001], [-71.397311, 42.20874299999999], [-71.397027, 42.20856799999999], [-71.397056, 42.20815100000001], [-71.397341, 42.207889], [-71.393923, 42.207089], [-71.391706, 42.20974200000001], [-71.388489, 42.20800499999999], [-71.388206, 42.20430300000001], [-71.380182, 42.201758999999996], [-71.384765, 42.19201399999999], [-71.404427, 42.18843300000001], [-71.40229500000001, 42.17879400000002], [-71.380366, 42.14316699999999], [-71.3793, 42.141639999999995], [-71.375618, 42.13545399999999], [-71.37679, 42.13561], [-71.378109, 42.13539200000001], [-71.378944, 42.135834], [-71.379584, 42.13576], [-71.379931, 42.135374000000006], [-71.380044, 42.134592], [-71.37939, 42.13385500000001], [-71.379218, 42.13344099999998], [-71.379326, 42.13324499999999], [-71.380188, 42.132925], [-71.380591, 42.13314299999998], [-71.381101, 42.13286600000002], [-71.382092, 42.13349099999999], [-71.38249, 42.133451], [-71.382627, 42.13317500000001], [-71.382821, 42.13315999999998], [-71.383335, 42.133556000000006], [-71.383132, 42.13381700000001], [-71.382499, 42.133668], [-71.382074, 42.13378199999999], [-71.38212, 42.13392199999999], [-71.382527, 42.133942], [-71.38292600000001, 42.134213], [-71.382803, 42.135031], [-71.382123, 42.13529499999999], [-71.381998, 42.135436999999996], [-71.382096, 42.13554700000001], [-71.383092, 42.135515], [-71.383494, 42.13519299999999], [-71.384991, 42.13527500000001], [-71.397103, 42.13732300000001], [-71.397083, 42.137447000000016], [-71.397519, 42.137614000000006], [-71.398106, 42.138173], [-71.39909, 42.138768999999996], [-71.40094, 42.13909900000001], [-71.402343, 42.139542999999996], [-71.403259, 42.139134], [-71.404177, 42.13756000000001], [-71.405, 42.13679299999999], [-71.406237, 42.136309000000004], [-71.408627, 42.13432099999999], [-71.40924, 42.134044], [-71.410049, 42.13398500000001], [-71.411062, 42.13445299999999], [-71.411328, 42.134415000000004], [-71.41269100000001, 42.133604], [-71.413643, 42.133766000000016], [-71.414368, 42.13414699999999], [-71.415409, 42.134981999999994], [-71.415833, 42.13563400000001], [-71.41571500000002, 42.136077], [-71.415053, 42.13651100000001], [-71.414707, 42.13733900000001], [-71.414703, 42.137917], [-71.415098, 42.13825900000001], [-71.416624, 42.137555000000006], [-71.417735, 42.136731000000005], [-71.418845, 42.136402], [-71.419044, 42.136478999999994], [-71.419323, 42.13744599999998], [-71.419674, 42.13760199999999], [-71.41999, 42.137201999999995], [-71.420535, 42.137541000000006], [-71.420237, 42.13782700000002], [-71.419036, 42.13832099999999], [-71.418942, 42.138789], [-71.419221, 42.138968000000006], [-71.421829, 42.13872800000001], [-71.423191, 42.139115], [-71.424382, 42.13904500000001], [-71.425821, 42.138670000000005], [-71.427085, 42.138566], [-71.427852, 42.138108], [-71.42880100000002, 42.138288999999986], [-71.429514, 42.13897200000002], [-71.430229, 42.139012], [-71.43083, 42.138628000000004], [-71.43094, 42.138262], [-71.431847, 42.138025999999996], [-71.432788, 42.13714], [-71.433089, 42.13649499999999], [-71.433865, 42.13597100000002], [-71.433496, 42.135646], [-71.433797, 42.135161], [-71.434226, 42.135095], [-71.434299, 42.135612999999985], [-71.434745, 42.13559000000001], [-71.434926, 42.135314000000015], [-71.43482400000002, 42.13489700000001], [-71.434451, 42.134508000000004], [-71.434572, 42.134327], [-71.435529, 42.134208], [-71.436193, 42.134319], [-71.437063, 42.134814000000006], [-71.438625, 42.13518500000001], [-71.439259, 42.135029000000024], [-71.440248, 42.13526700000001], [-71.441426, 42.134829], [-71.441769, 42.13503000000001], [-71.441841, 42.135248000000004], [-71.442366, 42.135316], [-71.442451, 42.13545600000001], [-71.442279, 42.13557200000001], [-71.442693, 42.13578400000001], [-71.461441, 42.13364099999999], [-71.478522, 42.13137799999999], [-71.478027, 42.165871], [-71.49313600000002, 42.166209999999985], [-71.497378, 42.166643000000015], [-71.502626, 42.191416], [-71.506894, 42.188927], [-71.539498, 42.189733999999994], [-71.555738, 42.182503000000004], [-71.555995, 42.18268200000001], [-71.555725, 42.182819], [-71.555435, 42.183527999999995], [-71.555468, 42.183951], [-71.555131, 42.184231999999994], [-71.55518, 42.184934], [-71.555508, 42.184779], [-71.555605, 42.184988], [-71.555421, 42.185244], [-71.555485, 42.18540499999999], [-71.556262, 42.18594700000001], [-71.556887, 42.185839], [-71.556935, 42.18569000000001], [-71.557055, 42.18577399999999], [-71.55669500000002, 42.186494999999994], [-71.556447, 42.18661399999999], [-71.556432, 42.187305], [-71.556204, 42.187870000000004], [-71.556344, 42.18809099999999], [-71.556608, 42.187918], [-71.556673, 42.188097000000006], [-71.556092, 42.18832400000001], [-71.556233, 42.188663], [-71.555848, 42.188854], [-71.555953, 42.18908599999998], [-71.555817, 42.189843], [-71.55613, 42.19060600000002], [-71.556243, 42.191820999999976], [-71.556782, 42.192450000000015], [-71.572271, 42.192733], [-71.572085, 42.19362200000001], [-71.571548, 42.19465299999999], [-71.58291000000001, 42.195559], [-71.602221, 42.218101]]]}}, {"type": "Feature", "properties": {"district_name": "Second Bristol and Plymouth District", "chamber": "senate", "vintage": "2022-present", "lean_dem_share": 0.5153, "competitiveness": "Tossup", "competitiveness_label": "Tossup D", "party_favored": "Democratic", "url": "/district/senate-second-bristol-and-plymouth-district-2022-present/"}, "geometry": {"type": "Polygon", "coordinates": [[[-71.076675, 41.68746900000001], [-71.06663, 41.68561900000002], [-70.943305, 41.74451499999999], [-70.922222, 41.754840999999985], [-70.922385, 41.755119000000015], [-70.922739, 41.75508300000001], [-70.922696, 41.755358], [-70.923055, 41.755314000000006], [-70.92322, 41.75565199999999], [-70.923444, 41.755719000000006], [-70.923552, 41.755548], [-70.924052, 41.75565499999999], [-70.92453, 41.75596299999999], [-70.924611, 41.75624799999999], [-70.92489, 41.75630300000002], [-70.924913, 41.756590000000024], [-70.925381, 41.756609999999995], [-70.92538, 41.75680200000001], [-70.926146, 41.757017000000005], [-70.926424, 41.75761700000002], [-70.92624, 41.757977], [-70.926426, 41.758382], [-70.926261, 41.758579999999995], [-70.926316, 41.75884500000001], [-70.907184, 41.76354299999999], [-70.905211, 41.759819], [-70.904438, 41.75800000000001], [-70.886439, 41.760232], [-70.865003, 41.700164], [-70.843078, 41.701625000000014], [-70.843654, 41.70191800000001], [-70.843635, 41.702411000000005], [-70.844171, 41.702582], [-70.844291, 41.703076], [-70.84389, 41.703648], [-70.843985, 41.704279], [-70.84383, 41.704907], [-70.843491, 41.70512000000001], [-70.843458, 41.705344000000004], [-70.799073, 41.71010900000002], [-70.802937, 41.68708200000001], [-70.786075, 41.67443100000001], [-70.766074, 41.67694300000001], [-70.766133, 41.677052], [-70.76591, 41.67710200000001], [-70.765299, 41.677040999999996], [-70.763402, 41.677281], [-70.763038, 41.67733300000001], [-70.762947, 41.67759600000001], [-70.749206, 41.66850500000001], [-70.699574, 41.643719000000004], [-70.709133, 41.625106], [-70.729833, 41.59156900000001], [-70.749476, 41.568405999999996], [-70.763776, 41.55660700000001], [-70.879213, 41.500105999999995], [-70.91481, 41.483092], [-70.956821, 41.46247200000001], [-70.97450900000001, 41.454138], [-71.00413, 41.48403099999999], [-71.016759, 41.49829100000001], [-71.021757, 41.503716999999995], [-71.028694, 41.514045], [-71.029945, 41.517869000000005], [-71.032708, 41.52777300000001], [-71.026287, 41.53050700000001], [-71.028839, 41.536526999999985], [-71.029649, 41.538849], [-71.031438, 41.546380000000006], [-71.031352, 41.546766999999996], [-71.030188, 41.54816000000002], [-71.030175, 41.548604], [-71.030875, 41.550736], [-71.031015, 41.552057000000005], [-71.029599, 41.555243000000004], [-71.02904, 41.557363999999986], [-71.029115, 41.55822200000001], [-71.029731, 41.56055500000001], [-71.031578, 41.566058], [-71.032171, 41.56905299999999], [-71.03283, 41.570458], [-71.034574, 41.57332199999998], [-71.040947, 41.582268], [-71.04446, 41.586428], [-71.044898, 41.58730699999998], [-71.045045, 41.58807400000002], [-71.044813, 41.58989699999999], [-71.04109, 41.59294599999999], [-71.039601, 41.593837], [-71.039016, 41.59565600000001], [-71.037307, 41.597921], [-71.036814, 41.598175], [-71.038321, 41.608091], [-71.038072, 41.610203999999996], [-71.036822, 41.615254999999976], [-71.036531, 41.617643], [-71.037405, 41.621514], [-71.037817, 41.622256000000014], [-71.038538, 41.62290100000002], [-71.036637, 41.62409499999999], [-71.038517, 41.628043999999996], [-71.040675, 41.63042399999999], [-71.04221800000002, 41.63251999999999], [-71.043067, 41.633277], [-71.044718, 41.63643600000001], [-71.04505, 41.63676500000001], [-71.04642300000002, 41.63738200000001], [-71.048874, 41.64014799999999], [-71.049462, 41.64135999999999], [-71.051732, 41.64844999999999], [-71.053091, 41.65087599999999], [-71.053848, 41.65263699999999], [-71.055968, 41.655882999999996], [-71.059527, 41.66077399999999], [-71.061362, 41.663666000000006], [-71.063763, 41.666849], [-71.075118, 41.678069], [-71.076675, 41.68746900000001]]]}}, {"type": "Feature", "properties": {"district_name": "Fourth Middlesex District", "chamber": "senate", "vintage": "2022-present", "lean_dem_share": 0.6644, "competitiveness": "Safe", "competitiveness_label": "Safe D", "party_favored": "Democratic", "url": "/district/senate-fourth-middlesex-district-2022-present/"}, "geometry": {"type": "Polygon", "coordinates": [[[-71.33309, 42.560115], [-71.294249, 42.605539000000014], [-71.295092, 42.606343999999986], [-71.295469, 42.606975000000006], [-71.295674, 42.60933399999998], [-71.295939, 42.61034999999999], [-71.297006, 42.612296], [-71.297028, 42.613010999999986], [-71.211127, 42.573312999999985], [-71.211389, 42.57304299999999], [-71.211705, 42.57318600000001], [-71.212004, 42.572595999999976], [-71.212668, 42.572717], [-71.21278900000001, 42.572508], [-71.212635, 42.57232], [-71.213681, 42.571178], [-71.214432, 42.57103000000001], [-71.214463, 42.57080799999999], [-71.214878, 42.570744999999974], [-71.215314, 42.57034500000001], [-71.214973, 42.567747], [-71.215063, 42.566944], [-71.21443, 42.56633599999999], [-71.214448, 42.566177999999994], [-71.214963, 42.566067999999994], [-71.214935, 42.56590600000001], [-71.214262, 42.56514], [-71.214425, 42.56495700000001], [-71.214835, 42.565055999999984], [-71.21528, 42.564949999999996], [-71.214635, 42.564603000000005], [-71.215248, 42.56441199999999], [-71.215376, 42.56425000000001], [-71.215314, 42.563938000000014], [-71.215811, 42.563773], [-71.215841, 42.56358099999999], [-71.215536, 42.56329800000001], [-71.215701, 42.562616000000006], [-71.216754, 42.562439], [-71.216437, 42.562079000000004], [-71.216906, 42.561901], [-71.217697, 42.562176], [-71.217755, 42.562005], [-71.21753, 42.561851], [-71.21781500000002, 42.561493000000006], [-71.218672, 42.56165099999999], [-71.218017, 42.56101799999999], [-71.208872, 42.554536], [-71.211391, 42.553071], [-71.210608, 42.552732], [-71.20983, 42.551444000000004], [-71.210599, 42.547665], [-71.212372, 42.547544], [-71.209808, 42.546016999999985], [-71.207057, 42.54581100000001], [-71.206629, 42.545909999999985], [-71.205192, 42.544932], [-71.20503200000002, 42.54447299999999], [-71.199747, 42.53949399999999], [-71.197738, 42.53841400000001], [-71.195119, 42.53566400000001], [-71.192952, 42.534519999999965], [-71.170033, 42.515537], [-71.135454, 42.53000099999998], [-71.123988, 42.50801400000002], [-71.123798, 42.50763399999999], [-71.124176, 42.507526], [-71.123463, 42.506174], [-71.122395, 42.504153], [-71.121959, 42.50427799999999], [-71.11976, 42.500291999999995], [-71.121765, 42.49872000000001], [-71.116795, 42.49463900000001], [-71.112056, 42.47381999999999], [-71.123862, 42.473392000000004], [-71.15233, 42.46370699999999], [-71.156237, 42.456917], [-71.163003, 42.46019600000001], [-71.189635, 42.44983], [-71.187452, 42.44725800000001], [-71.186454, 42.44562600000001], [-71.185713, 42.44500400000002], [-71.183815, 42.444609], [-71.183979, 42.44421499999999], [-71.183486, 42.444117], [-71.183529, 42.444001000000014], [-71.182543, 42.443893], [-71.182562, 42.443637], [-71.177885, 42.440200999999995], [-71.182277, 42.43627900000001], [-71.149886, 42.43583999999999], [-71.14854, 42.430717], [-71.146784, 42.425262000000004], [-71.145798, 42.42340599999999], [-71.145183, 42.42279599999999], [-71.144821, 42.42253000000001], [-71.142675, 42.421865], [-71.142599, 42.42169200000001], [-71.142965, 42.420061999999994], [-71.14276, 42.419351999999996], [-71.141544, 42.41838400000001], [-71.140084, 42.41643200000001], [-71.138458, 42.415516], [-71.13629, 42.41514600000001], [-71.134207, 42.415467], [-71.132435, 42.415215999999994], [-71.132887, 42.41197299999998], [-71.132247, 42.41017800000001], [-71.132223, 42.40952300000001], [-71.132569, 42.40869599999999], [-71.13412, 42.40673400000001], [-71.134466, 42.40600199999999], [-71.134598, 42.405397], [-71.134579, 42.40346199999998], [-71.134921, 42.402562], [-71.136303, 42.400991], [-71.137859, 42.40030600000001], [-71.139334, 42.400148], [-71.140372, 42.39983100000001], [-71.1409, 42.399532], [-71.142053, 42.39836100000001], [-71.143593, 42.39741199999999], [-71.152057, 42.40104], [-71.152245, 42.400816], [-71.153193, 42.40110299999999], [-71.156321, 42.402533999999996], [-71.157358, 42.40242800000001], [-71.158083, 42.402561000000006], [-71.159922, 42.403462000000005], [-71.159805, 42.403569], [-71.160625, 42.403976], [-71.16267, 42.40453099999999], [-71.164055, 42.40530599999999], [-71.164178, 42.40553299999999], [-71.163842, 42.405776], [-71.175388, 42.40966000000001], [-71.183899, 42.411424000000004], [-71.194291, 42.415321000000006], [-71.194492, 42.41499000000001], [-71.195355, 42.41526499999999], [-71.194257, 42.41339], [-71.202642, 42.41482900000001], [-71.207603, 42.409780000000005], [-71.215551, 42.414629000000005], [-71.218928, 42.41556400000001], [-71.218348, 42.41669099999999], [-71.217982, 42.41707300000001], [-71.214841, 42.41839900000001], [-71.217624, 42.41909900000002], [-71.222197, 42.420845000000014], [-71.223528, 42.421215], [-71.230337, 42.42199299999999], [-71.231311, 42.42223000000002], [-71.231544, 42.422722999999976], [-71.231526, 42.42328100000001], [-71.230953, 42.427363000000014], [-71.230975, 42.428142999999984], [-71.231469, 42.429264999999994], [-71.23356, 42.432417], [-71.23392, 42.43335400000001], [-71.234798, 42.43324100000001], [-71.23611, 42.433521], [-71.236264, 42.43155200000001], [-71.23907, 42.432500000000005], [-71.2407, 42.432826999999996], [-71.242204, 42.433609], [-71.241585, 42.43428699999999], [-71.237429, 42.43544], [-71.239275, 42.435982], [-71.241685, 42.43832499999999], [-71.243105, 42.438693999999984], [-71.243557, 42.43930700000001], [-71.242295, 42.439703], [-71.240967, 42.44149600000001], [-71.23956500000001, 42.443987], [-71.237539, 42.44538], [-71.237626, 42.446283], [-71.237152, 42.447862], [-71.23716, 42.44949100000001], [-71.237, 42.45008399999998], [-71.23376, 42.452461], [-71.232119, 42.45322], [-71.230873, 42.453500999999996], [-71.231606, 42.45809100000001], [-71.231911, 42.45890999999999], [-71.230436, 42.459835000000005], [-71.231175, 42.460186], [-71.231964, 42.461443], [-71.233352, 42.462215], [-71.232839, 42.46293100000001], [-71.236195, 42.46330300000001], [-71.238067, 42.46320199999998], [-71.238757, 42.46332799999999], [-71.239585, 42.463778], [-71.240809, 42.463899], [-71.239912, 42.462301], [-71.240276, 42.46241700000001], [-71.241578, 42.46296600000001], [-71.242495, 42.463601000000004], [-71.24403000000001, 42.464329], [-71.244367, 42.46463599999999], [-71.244452, 42.465103], [-71.24538, 42.46542600000001], [-71.246698, 42.466733999999995], [-71.248461, 42.46753800000001], [-71.249587, 42.467285000000004], [-71.257956, 42.471224999999976], [-71.260688, 42.468750000000014], [-71.261553, 42.469336999999996], [-71.262369, 42.470252999999985], [-71.262407, 42.47055999999999], [-71.263122, 42.470368000000015], [-71.263941, 42.47061999999999], [-71.264249, 42.47087700000001], [-71.264877, 42.47056400000001], [-71.265314, 42.470600999999995], [-71.261515, 42.47624600000001], [-71.256596, 42.47849899999999], [-71.251986, 42.48501499999999], [-71.240906, 42.490013], [-71.231897, 42.506367000000004], [-71.232694, 42.507713], [-71.233544, 42.508692999999994], [-71.236924, 42.511490999999985], [-71.240056, 42.519716], [-71.241593, 42.52079799999999], [-71.242576, 42.51993999999999], [-71.250142, 42.52573], [-71.254572, 42.522593], [-71.256396, 42.523992], [-71.264098, 42.524081000000024], [-71.278107, 42.526712999999994], [-71.281051, 42.526348000000006], [-71.303739, 42.519926], [-71.306699, 42.52059299999999], [-71.306836, 42.52207500000001], [-71.306745, 42.52268899999999], [-71.30516, 42.52593599999999], [-71.304865, 42.527283], [-71.304949, 42.52854000000001], [-71.30461, 42.529284999999994], [-71.307538, 42.52999899999999], [-71.307185, 42.533221000000005], [-71.308749, 42.53395999999999], [-71.318313, 42.542782], [-71.314385, 42.54955400000001], [-71.319618, 42.554069999999996], [-71.324801, 42.55605900000001], [-71.33309, 42.560115]]]}}, {"type": "Feature", "properties": {"district_name": "First Bristol and Plymouth District", "chamber": "senate", "vintage": "2022-present", "lean_dem_share": 0.4647, "competitiveness": "Lean", "competitiveness_label": "Lean R", "party_favored": "Republican", "url": "/district/senate-first-bristol-and-plymouth-district-2022-present/"}, "geometry": {"type": "Polygon", "coordinates": [[[-71.316366, 41.77555899999999], [-71.292456, 41.77488000000002], [-71.283588, 41.77480200000003], [-71.187776, 41.783156000000005], [-71.193537, 41.816535999999985], [-71.176229, 41.81590400000001], [-71.171145, 41.789370000000005], [-71.153164, 41.78955299999999], [-71.130947, 41.790189], [-71.130839, 41.790201], [-71.130989, 41.790534], [-71.131216, 41.790713000000004], [-71.1255, 41.791064000000006], [-71.125313, 41.790889], [-71.124652, 41.791003999999994], [-71.124416, 41.79090199999998], [-71.11961, 41.790968000000014], [-71.114489, 41.778800999999966], [-71.111583, 41.781560999999996], [-71.10898900000001, 41.784506], [-71.104686, 41.78798499999999], [-71.103084, 41.789587], [-71.102611, 41.790700999999984], [-71.102031, 41.79289800000001], [-71.101604, 41.79356199999999], [-71.095943, 41.79704100000001], [-71.095443, 41.79916999999998], [-71.094111, 41.79981800000002], [-71.092814, 41.800748999999996], [-71.091044, 41.801504000000016], [-71.089091, 41.801786], [-71.087722, 41.802492000000036], [-71.086465, 41.80479000000001], [-71.086697, 41.80575199999999], [-71.08767300000001, 41.807959], [-71.088713, 41.80911600000001], [-71.090047, 41.809377000000005], [-71.090699, 41.80905700000001], [-71.090664, 41.808848], [-71.091251, 41.80830999999999], [-71.091531, 41.808374], [-71.091723, 41.80822400000001], [-71.091933, 41.80839699999999], [-71.092829, 41.808467000000014], [-71.093161, 41.809025999999996], [-71.09269900000001, 41.80942100000001], [-71.093056, 41.809554999999996], [-71.092932, 41.809901999999994], [-71.093317, 41.81003400000001], [-71.0934, 41.81026500000001], [-71.093078, 41.810383], [-71.093385, 41.81075300000001], [-71.093349, 41.810927000000014], [-71.092902, 41.81075300000001], [-71.092617, 41.810857], [-71.092973, 41.81092000000001], [-71.092844, 41.811074], [-71.093231, 41.81119], [-71.093348, 41.811413], [-71.093014, 41.81142599999998], [-71.093115, 41.81159099999999], [-71.092887, 41.811676999999996], [-71.093197, 41.81173499999999], [-71.093149, 41.81285], [-71.088462, 41.817786999999996], [-71.03657, 41.816525], [-71.000964, 41.843459], [-70.995597, 41.84722300000002], [-70.990902, 41.84979899999998], [-70.988846, 41.85113599999999], [-70.985779, 41.854057999999995], [-70.982407, 41.85558799999999], [-70.979808, 41.85647300000001], [-70.978308, 41.857246], [-70.973717, 41.86087899999999], [-70.977169, 41.874696], [-70.977163, 41.87514899999998], [-70.987256, 41.905808], [-70.986745, 41.90636400000001], [-70.985761, 41.90689], [-70.985165, 41.907454], [-70.984874, 41.907451], [-70.984095, 41.906569000000005], [-70.983802, 41.906487000000006], [-70.983494, 41.906015000000004], [-70.982452, 41.905790999999994], [-70.981114, 41.90497], [-70.980102, 41.903608000000006], [-70.978737, 41.903892], [-70.978316, 41.90352899999999], [-70.978203, 41.903025], [-70.977982, 41.90288400000001], [-70.977862, 41.902534], [-70.9772, 41.902115], [-70.976661, 41.901382000000005], [-70.976379, 41.901339], [-70.976282, 41.90115099999999], [-70.976046, 41.90115], [-70.975803, 41.90137300000001], [-70.975369, 41.901379], [-70.97513, 41.90117900000001], [-70.974738, 41.90137], [-70.972505, 41.90133399999999], [-70.97221, 41.901456], [-70.972261, 41.901644000000005], [-70.971963, 41.90172900000002], [-70.970408, 41.90132000000001], [-70.967133, 41.90125400000001], [-70.964761, 41.899394], [-70.964219, 41.898187000000014], [-70.963492, 41.897118], [-70.963344, 41.89638599999999], [-70.919205, 41.87902299999999], [-70.916411, 41.87691699999999], [-70.916611, 41.87652900000001], [-70.916096, 41.874833], [-70.916327, 41.87257], [-70.91605800000002, 41.872350999999995], [-70.915066, 41.872316], [-70.914616, 41.872081], [-70.913035, 41.870596000000006], [-70.912968, 41.87024399999999], [-70.913182, 41.86993699999999], [-70.914624, 41.86904500000001], [-70.91492, 41.868431], [-70.916472, 41.86768299999998], [-70.916738, 41.86716700000001], [-70.915509, 41.86667299999999], [-70.915041, 41.866310999999996], [-70.915093, 41.866055999999986], [-70.915988, 41.865806000000006], [-70.915936, 41.86566900000002], [-70.914928, 41.86545599999999], [-70.914689, 41.86527500000001], [-70.915349, 41.86441399999999], [-70.913827, 41.86409999999999], [-70.913508, 41.86385900000001], [-70.91361, 41.86364900000001], [-70.914595, 41.86352], [-70.914447, 41.862132], [-70.914098, 41.861943000000004], [-70.913065, 41.86192999999999], [-70.912876, 41.861726999999995], [-70.913448, 41.860685], [-70.914321, 41.860587], [-70.914382, 41.86048300000001], [-70.914116, 41.86029399999999], [-70.914541, 41.859591], [-70.916262, 41.85992999999999], [-70.917748, 41.858715999999994], [-70.917709, 41.85852100000001], [-70.917181, 41.85814499999999], [-70.917264, 41.85780599999998], [-70.916899, 41.857502], [-70.916815, 41.85720000000001], [-70.917189, 41.856527000000014], [-70.917131, 41.85577700000002], [-70.918897, 41.852728000000006], [-70.91870500000002, 41.851943], [-70.893973, 41.828881], [-70.893454, 41.82790100000001], [-70.893777, 41.82659100000002], [-70.89864400000002, 41.81487700000002], [-70.8964, 41.794320000000006], [-70.771806, 41.80891400000001], [-70.7719, 41.80559600000001], [-70.772857, 41.80209500000001], [-70.774399, 41.80051999999998], [-70.776319, 41.79792899999999], [-70.777538, 41.79708799999999], [-70.777771, 41.79676800000001], [-70.777968, 41.79598], [-70.777848, 41.79456599999999], [-70.778359, 41.793033], [-70.778491, 41.79204399999999], [-70.778259, 41.78957100000002], [-70.777365, 41.787726], [-70.777008, 41.786436], [-70.77649, 41.77997799999999], [-70.775501, 41.77627399999999], [-70.775509, 41.773037], [-70.774404, 41.77045700000001], [-70.774389, 41.76959100000001], [-70.776109, 41.76574999999999], [-70.777963, 41.762916], [-70.778752, 41.761246], [-70.780049, 41.762792999999995], [-70.786627, 41.756862999999996], [-70.787496, 41.74981199999999], [-70.785766, 41.747398000000004], [-70.793212, 41.743168000000004], [-70.793716, 41.734702000000006], [-70.791736, 41.732585], [-70.792084, 41.73202400000001], [-70.793336, 41.731151], [-70.793994, 41.73045599999998], [-70.793839, 41.730067999999996], [-70.795003, 41.728605], [-70.796188, 41.72835899999999], [-70.799073, 41.71010900000002], [-70.843458, 41.705344000000004], [-70.843491, 41.70512000000001], [-70.84383, 41.704907], [-70.843985, 41.704279], [-70.84389, 41.703648], [-70.844291, 41.703076], [-70.844171, 41.702582], [-70.843635, 41.702411000000005], [-70.843654, 41.70191800000001], [-70.843078, 41.701625000000014], [-70.865003, 41.700164], [-70.886439, 41.760232], [-70.904438, 41.75800000000001], [-70.905211, 41.759819], [-70.907184, 41.76354299999999], [-70.926316, 41.75884500000001], [-70.926261, 41.758579999999995], [-70.926426, 41.758382], [-70.92624, 41.757977], [-70.926424, 41.75761700000002], [-70.926146, 41.757017000000005], [-70.92538, 41.75680200000001], [-70.925381, 41.756609999999995], [-70.924913, 41.756590000000024], [-70.92489, 41.75630300000002], [-70.924611, 41.75624799999999], [-70.92453, 41.75596299999999], [-70.924052, 41.75565499999999], [-70.923552, 41.755548], [-70.923444, 41.755719000000006], [-70.92322, 41.75565199999999], [-70.923055, 41.755314000000006], [-70.922696, 41.755358], [-70.922739, 41.75508300000001], [-70.922385, 41.755119000000015], [-70.922222, 41.754840999999985], [-70.943305, 41.74451499999999], [-71.06663, 41.68561900000002], [-71.076675, 41.68746900000001], [-71.075118, 41.678069], [-71.063763, 41.666849], [-71.061362, 41.663666000000006], [-71.059527, 41.66077399999999], [-71.055968, 41.655882999999996], [-71.053848, 41.65263699999999], [-71.053091, 41.65087599999999], [-71.051732, 41.64844999999999], [-71.049462, 41.64135999999999], [-71.048874, 41.64014799999999], [-71.04642300000002, 41.63738200000001], [-71.04505, 41.63676500000001], [-71.044718, 41.63643600000001], [-71.043067, 41.633277], [-71.04221800000002, 41.63251999999999], [-71.040675, 41.63042399999999], [-71.038517, 41.628043999999996], [-71.036637, 41.62409499999999], [-71.038538, 41.62290100000002], [-71.037817, 41.622256000000014], [-71.037405, 41.621514], [-71.036531, 41.617643], [-71.036822, 41.615254999999976], [-71.038072, 41.610203999999996], [-71.038321, 41.608091], [-71.036814, 41.598175], [-71.037307, 41.597921], [-71.039016, 41.59565600000001], [-71.039601, 41.593837], [-71.04109, 41.59294599999999], [-71.044813, 41.58989699999999], [-71.045045, 41.58807400000002], [-71.044898, 41.58730699999998], [-71.04446, 41.586428], [-71.040947, 41.582268], [-71.034574, 41.57332199999998], [-71.03283, 41.570458], [-71.032171, 41.56905299999999], [-71.031578, 41.566058], [-71.029731, 41.56055500000001], [-71.029115, 41.55822200000001], [-71.02904, 41.557363999999986], [-71.029599, 41.555243000000004], [-71.031015, 41.552057000000005], [-71.030875, 41.550736], [-71.030175, 41.548604], [-71.030188, 41.54816000000002], [-71.031352, 41.546766999999996], [-71.031438, 41.546380000000006], [-71.029649, 41.538849], [-71.028839, 41.536526999999985], [-71.026287, 41.53050700000001], [-71.032708, 41.52777300000001], [-71.029945, 41.517869000000005], [-71.028694, 41.514045], [-71.021757, 41.503716999999995], [-71.016759, 41.49829100000001], [-71.00413, 41.48403099999999], [-70.97450900000001, 41.454138], [-70.999482, 41.442372], [-71.051854, 41.416729], [-71.053451, 41.41695899999999], [-71.072404, 41.42557], [-71.085038, 41.433467], [-71.088571, 41.431315], [-71.116404, 41.484567999999996], [-71.121116, 41.492787000000014], [-71.119874, 41.49460400000001], [-71.120617, 41.497901000000006], [-71.122437, 41.522074999999994], [-71.126819, 41.554975], [-71.13162, 41.593716], [-71.138346, 41.603676], [-71.140308, 41.60484999999999], [-71.141958, 41.612533], [-71.140185, 41.623869000000006], [-71.135307, 41.62848799999999], [-71.134354, 41.64404700000001], [-71.132557, 41.660363], [-71.17612, 41.668248], [-71.175784, 41.67149299999999], [-71.195479, 41.67508999999999], [-71.222471, 41.707679], [-71.226254, 41.71255300000001], [-71.261067, 41.752082], [-71.316366, 41.77555899999999]]]}}, {"type": "Feature", "properties": {"district_name": "Third Middlesex District", "chamber": "senate", "vintage": "2022-present", "lean_dem_share": 0.721, "competitiveness": "Safe", "competitiveness_label": "Safe D", "party_favored": "Democratic", "url": "/district/senate-third-middlesex-district-2022-present/"}, "geometry": {"type": "Polygon", "coordinates": [[[-71.430374, 42.436969000000005], [-71.384957, 42.504465999999994], [-71.391563, 42.50681999999998], [-71.397941, 42.526277], [-71.399515, 42.53401499999999], [-71.38474, 42.538699], [-71.388373, 42.54994600000002], [-71.396876, 42.58013999999999], [-71.400228, 42.59107900000001], [-71.401978, 42.59980500000001], [-71.405401, 42.61039300000001], [-71.417642, 42.653774], [-71.412309, 42.64941000000001], [-71.411978, 42.64797400000001], [-71.409764, 42.648785], [-71.405309, 42.648138000000024], [-71.404028, 42.648405999999994], [-71.402782, 42.646770999999994], [-71.39889, 42.64494900000002], [-71.398312, 42.64550199999999], [-71.401094, 42.649182999999994], [-71.40211, 42.651603], [-71.398995, 42.652467], [-71.398173, 42.65101899999998], [-71.396968, 42.649637], [-71.394341, 42.648474], [-71.392488, 42.648476], [-71.38522, 42.649599], [-71.381743, 42.64927899999999], [-71.380687, 42.648913999999984], [-71.379463, 42.64790099999999], [-71.378599, 42.64630900000001], [-71.377115, 42.642697000000005], [-71.375935, 42.64090199999999], [-71.374521, 42.639548000000005], [-71.372065, 42.63835599999999], [-71.369495, 42.637583], [-71.367024, 42.637391], [-71.364738, 42.63759799999999], [-71.359943, 42.625972], [-71.329328, 42.61398499999998], [-71.327936, 42.613155000000006], [-71.325698, 42.613263999999994], [-71.324975, 42.611601], [-71.325408, 42.611250999999996], [-71.323341, 42.60649], [-71.319897, 42.6069], [-71.318882, 42.608544000000016], [-71.319309, 42.61357200000001], [-71.296205, 42.61468299999999], [-71.296872, 42.613577], [-71.297061, 42.61278499999999], [-71.297006, 42.612296], [-71.295939, 42.61034999999999], [-71.295674, 42.60933399999998], [-71.295469, 42.606975000000006], [-71.295092, 42.606343999999986], [-71.294249, 42.605539000000014], [-71.33309, 42.560115], [-71.324801, 42.55605900000001], [-71.319618, 42.554069999999996], [-71.314385, 42.54955400000001], [-71.318313, 42.542782], [-71.308749, 42.53395999999999], [-71.307185, 42.533221000000005], [-71.307538, 42.52999899999999], [-71.30461, 42.529284999999994], [-71.304949, 42.52854000000001], [-71.304865, 42.527283], [-71.30516, 42.52593599999999], [-71.306745, 42.52268899999999], [-71.306836, 42.52207500000001], [-71.306699, 42.52059299999999], [-71.303739, 42.519926], [-71.281051, 42.526348000000006], [-71.278107, 42.526712999999994], [-71.264098, 42.524081000000024], [-71.256396, 42.523992], [-71.254572, 42.522593], [-71.250142, 42.52573], [-71.242576, 42.51993999999999], [-71.241593, 42.52079799999999], [-71.240056, 42.519716], [-71.236924, 42.511490999999985], [-71.233544, 42.508692999999994], [-71.232694, 42.507713], [-71.231897, 42.506367000000004], [-71.240906, 42.490013], [-71.251986, 42.48501499999999], [-71.256596, 42.47849899999999], [-71.261515, 42.47624600000001], [-71.265314, 42.470600999999995], [-71.264877, 42.47056400000001], [-71.264249, 42.47087700000001], [-71.263941, 42.47061999999999], [-71.263122, 42.470368000000015], [-71.262407, 42.47055999999999], [-71.262369, 42.470252999999985], [-71.261553, 42.469336999999996], [-71.260688, 42.468750000000014], [-71.257956, 42.471224999999976], [-71.249587, 42.467285000000004], [-71.248461, 42.46753800000001], [-71.246698, 42.466733999999995], [-71.24538, 42.46542600000001], [-71.244452, 42.465103], [-71.244367, 42.46463599999999], [-71.24403000000001, 42.464329], [-71.242495, 42.463601000000004], [-71.241578, 42.46296600000001], [-71.240276, 42.46241700000001], [-71.239912, 42.462301], [-71.240809, 42.463899], [-71.239585, 42.463778], [-71.238757, 42.46332799999999], [-71.238067, 42.46320199999998], [-71.236195, 42.46330300000001], [-71.232839, 42.46293100000001], [-71.233352, 42.462215], [-71.231964, 42.461443], [-71.231175, 42.460186], [-71.230436, 42.459835000000005], [-71.231911, 42.45890999999999], [-71.231606, 42.45809100000001], [-71.230873, 42.453500999999996], [-71.232119, 42.45322], [-71.23376, 42.452461], [-71.237, 42.45008399999998], [-71.23716, 42.44949100000001], [-71.237152, 42.447862], [-71.237626, 42.446283], [-71.237539, 42.44538], [-71.23956500000001, 42.443987], [-71.240967, 42.44149600000001], [-71.242295, 42.439703], [-71.243557, 42.43930700000001], [-71.243105, 42.438693999999984], [-71.241685, 42.43832499999999], [-71.239275, 42.435982], [-71.237429, 42.43544], [-71.241585, 42.43428699999999], [-71.242204, 42.433609], [-71.2407, 42.432826999999996], [-71.23907, 42.432500000000005], [-71.236264, 42.43155200000001], [-71.23611, 42.433521], [-71.234798, 42.43324100000001], [-71.23392, 42.43335400000001], [-71.23356, 42.432417], [-71.231469, 42.429264999999994], [-71.230975, 42.428142999999984], [-71.230953, 42.427363000000014], [-71.231526, 42.42328100000001], [-71.231544, 42.422722999999976], [-71.231311, 42.42223000000002], [-71.230337, 42.42199299999999], [-71.223528, 42.421215], [-71.222197, 42.420845000000014], [-71.217624, 42.41909900000002], [-71.214841, 42.41839900000001], [-71.217982, 42.41707300000001], [-71.218348, 42.41669099999999], [-71.218928, 42.41556400000001], [-71.215551, 42.414629000000005], [-71.207603, 42.409780000000005], [-71.211261, 42.406074], [-71.202628, 42.40370200000002], [-71.202543, 42.40322599999999], [-71.201702, 42.402425000000015], [-71.201849, 42.40207100000002], [-71.20157400000001, 42.401695000000004], [-71.201799, 42.401374000000004], [-71.201613, 42.400566000000005], [-71.200621, 42.399457999999996], [-71.200236, 42.39930400000001], [-71.20008, 42.398627000000005], [-71.199552, 42.39821400000001], [-71.199591, 42.39775699999999], [-71.199429, 42.39732], [-71.19818800000002, 42.396066999999995], [-71.197454, 42.395813000000004], [-71.196627, 42.39522899999998], [-71.196284, 42.394361], [-71.19633, 42.394031000000005], [-71.197654, 42.39316699999999], [-71.197964, 42.39267799999999], [-71.197028, 42.39197299999999], [-71.196973, 42.39083799999999], [-71.196724, 42.390655], [-71.196817, 42.389736], [-71.194876, 42.38817], [-71.195406, 42.387721000000006], [-71.195531, 42.38739999999999], [-71.194177, 42.386030999999996], [-71.217061, 42.366569], [-71.253146, 42.355897000000006], [-71.254034, 42.35477], [-71.255217, 42.353928], [-71.255731, 42.353754], [-71.256356, 42.354012000000004], [-71.256465, 42.354905], [-71.260358, 42.35365800000002], [-71.260099, 42.353016], [-71.25914500000002, 42.35172399999999], [-71.25863100000001, 42.350052], [-71.258624, 42.349360999999995], [-71.258747, 42.349107999999994], [-71.259963, 42.34855700000001], [-71.260306, 42.348194], [-71.260432, 42.34761200000001], [-71.259793, 42.34661000000002], [-71.259759, 42.346111], [-71.261236, 42.34428200000001], [-71.261884, 42.34186900000001], [-71.261596, 42.341353999999995], [-71.261042, 42.341002], [-71.26037, 42.34089900000001], [-71.258248, 42.341190000000005], [-71.256864, 42.340648], [-71.255885, 42.340111], [-71.255689, 42.339290999999996], [-71.256746, 42.338040000000014], [-71.258964, 42.336579], [-71.25893400000001, 42.336019], [-71.259204, 42.33541899999999], [-71.259933, 42.334825000000016], [-71.26122, 42.334605], [-71.263138, 42.334903000000004], [-71.264415, 42.334472999999996], [-71.264726, 42.333944], [-71.26513, 42.33182999999999], [-71.265666, 42.33127300000001], [-71.26801, 42.33056], [-71.269767, 42.33118100000001], [-71.270246, 42.33098], [-71.270279, 42.33052200000001], [-71.269763, 42.32976399999999], [-71.27028000000001, 42.328731000000005], [-71.269958, 42.328086], [-71.327292, 42.31373799999998], [-71.327444, 42.321113999999994], [-71.328779, 42.33168300000001], [-71.33587800000001, 42.393942], [-71.332599, 42.39944100000001], [-71.366326, 42.41271499999999], [-71.430374, 42.436969000000005]]]}}, {"type": "Feature", "properties": {"district_name": "Norfolk and Suffolk District", "chamber": "senate", "vintage": "2022-present", "lean_dem_share": 0.6837, "competitiveness": "Safe", "competitiveness_label": "Safe D", "party_favored": "Democratic", "url": "/district/senate-norfolk-and-suffolk-district-2022-present/"}, "geometry": {"type": "Polygon", "coordinates": [[[-71.303566, 42.148693], [-71.303751, 42.14949999999999], [-71.275025, 42.148622999999986], [-71.275671, 42.18166700000001], [-71.269569, 42.20049899999999], [-71.267523, 42.200938999999984], [-71.263711, 42.203328000000006], [-71.26105500000001, 42.204096], [-71.259791, 42.204115000000016], [-71.258263, 42.20391000000001], [-71.258194, 42.204071], [-71.256403, 42.203672000000005], [-71.254124, 42.2028], [-71.251416, 42.202613], [-71.232237, 42.256898], [-71.232285, 42.258424999999995], [-71.230347, 42.261361999999984], [-71.229688, 42.263417], [-71.229333, 42.26403999999999], [-71.228685, 42.264309], [-71.227284, 42.263909000000005], [-71.22565600000001, 42.26413300000001], [-71.22429, 42.26318100000001], [-71.223188, 42.262696999999996], [-71.222488, 42.262881], [-71.221567, 42.26342700000001], [-71.219875, 42.263532000000005], [-71.218675, 42.265387000000004], [-71.218123, 42.267665], [-71.218311, 42.268458], [-71.217973, 42.268678], [-71.217005, 42.26852299999999], [-71.214565, 42.26770199999999], [-71.21093, 42.267302], [-71.209262, 42.267514000000006], [-71.208049, 42.26785100000001], [-71.205727, 42.26757], [-71.205024, 42.267058999999996], [-71.199786, 42.26770199999999], [-71.199208, 42.26796700000001], [-71.198791, 42.268431], [-71.197125, 42.26895300000001], [-71.196694, 42.269223999999994], [-71.188212, 42.280438000000004], [-71.190753, 42.28184000000002], [-71.191131, 42.282363999999994], [-71.191247, 42.28299200000001], [-71.178636, 42.29459500000001], [-71.164702, 42.30382999999999], [-71.152113, 42.29458799999998], [-71.146883, 42.29728], [-71.140096, 42.302173000000025], [-71.13650200000001, 42.306204], [-71.13186300000001, 42.31317800000001], [-71.124269, 42.321856], [-71.123711, 42.32271600000002], [-71.12336700000002, 42.322571], [-71.121528, 42.323882], [-71.120112, 42.32283499999998], [-71.119539, 42.322745], [-71.119364, 42.321538000000004], [-71.118506, 42.32125700000001], [-71.11657000000001, 42.321021], [-71.109794, 42.32200199999999], [-71.113354, 42.317087000000015], [-71.111952, 42.31627799999999], [-71.110928, 42.316157999999994], [-71.110737, 42.316014], [-71.110739, 42.31548600000001], [-71.109622, 42.31513600000001], [-71.110303, 42.313713], [-71.110808, 42.313199], [-71.11228100000001, 42.314013000000024], [-71.114113, 42.314136], [-71.11418100000002, 42.312307000000004], [-71.114654, 42.31075], [-71.115133, 42.31011100000001], [-71.113791, 42.310001], [-71.111397, 42.309028000000005], [-71.111846, 42.30839399999999], [-71.113076, 42.308648], [-71.115555, 42.30847399999999], [-71.115506, 42.307655], [-71.1192, 42.306966999999986], [-71.119203, 42.306414], [-71.119667, 42.30537100000001], [-71.1196, 42.304665], [-71.118932, 42.304100999999996], [-71.11704, 42.302885], [-71.115553, 42.302457000000004], [-71.114461, 42.301904], [-71.114671, 42.30055999999999], [-71.114159, 42.30017899999999], [-71.117863, 42.294470999999994], [-71.118942, 42.292214], [-71.119235, 42.29075099999999], [-71.119488, 42.28791599999999], [-71.119712, 42.28028799999999], [-71.120429, 42.276503999999996], [-71.124708, 42.25722699999999], [-71.125307, 42.255653], [-71.12757, 42.25520800000001], [-71.128181, 42.254951000000005], [-71.128591, 42.254552000000004], [-71.12640300000001, 42.25339200000002], [-71.133058, 42.239478999999996], [-71.132151, 42.23920300000001], [-71.132762, 42.23837400000001], [-71.132657, 42.23820299999999], [-71.132316, 42.238431999999996], [-71.130597, 42.240135], [-71.126896, 42.245780999999994], [-71.125722, 42.247220000000006], [-71.124208, 42.245663999999984], [-71.118119, 42.249081], [-71.118457, 42.25069999999999], [-71.119296, 42.251099], [-71.119731, 42.251531], [-71.118233, 42.252494], [-71.11937, 42.253657], [-71.11698, 42.255825], [-71.113009, 42.258689000000004], [-71.109544, 42.255411999999986], [-71.109347, 42.24798999999999], [-71.126377, 42.23916200000001], [-71.125681, 42.237900999999994], [-71.124763, 42.237429], [-71.124084, 42.23638800000001], [-71.122638, 42.23537999999999], [-71.12246400000001, 42.234931], [-71.12264, 42.23437600000001], [-71.123132, 42.234231000000015], [-71.124053, 42.23432200000001], [-71.124462, 42.234161000000014], [-71.124719, 42.233745000000006], [-71.124524, 42.232904000000005], [-71.125352, 42.23193700000001], [-71.125952, 42.231817], [-71.126609, 42.23126400000001], [-71.12753, 42.231115], [-71.128252, 42.230184], [-71.128803, 42.229803000000004], [-71.129202, 42.22896699999999], [-71.130101, 42.228667999999985], [-71.130525, 42.22809], [-71.131229, 42.227527], [-71.132605, 42.22710699999999], [-71.13411300000001, 42.227465], [-71.134832, 42.22693999999999], [-71.136528, 42.22707900000001], [-71.137098, 42.226727999999994], [-71.140182, 42.22379299999999], [-71.139983, 42.22319], [-71.140446, 42.22242800000001], [-71.140575, 42.22176300000001], [-71.142285, 42.219381000000006], [-71.142148, 42.218978], [-71.141386, 42.218671000000015], [-71.14117, 42.21836299999998], [-71.141358, 42.21806900000001], [-71.142194, 42.217562], [-71.142589, 42.216516], [-71.142829, 42.21525], [-71.142422, 42.2143], [-71.143526, 42.21312300000001], [-71.142415, 42.21216199999999], [-71.142328, 42.211660999999985], [-71.142595, 42.21139099999999], [-71.143943, 42.21092600000001], [-71.144413, 42.210407000000004], [-71.144893, 42.20947100000001], [-71.145922, 42.20922699999999], [-71.14710900000001, 42.208292], [-71.14841, 42.206786000000015], [-71.14842, 42.20638600000001], [-71.147695, 42.20597199999998], [-71.146326, 42.20640000000002], [-71.145712, 42.20634400000001], [-71.145667, 42.206072000000006], [-71.146255, 42.20525200000001], [-71.146174, 42.20447099999999], [-71.146308, 42.20424599999999], [-71.148474, 42.20219900000001], [-71.149959, 42.20106899999999], [-71.150463, 42.199941999999986], [-71.151901, 42.198841999999985], [-71.152349, 42.198032999999995], [-71.152778, 42.19786700000001], [-71.153758, 42.197852000000005], [-71.154462, 42.197102000000015], [-71.15546, 42.19686200000001], [-71.156353, 42.19561], [-71.157626, 42.195292], [-71.158045, 42.19497299999998], [-71.15828900000001, 42.194458], [-71.158316, 42.19373499999998], [-71.159298, 42.19203300000001], [-71.160149, 42.19003799999998], [-71.160258, 42.18847], [-71.160633, 42.188124], [-71.162311, 42.187236000000006], [-71.162692, 42.18721600000001], [-71.163269, 42.18771300000002], [-71.163648, 42.18763500000001], [-71.163888, 42.187338999999994], [-71.163864, 42.186771], [-71.16289, 42.18634400000001], [-71.16284, 42.185065999999985], [-71.16374900000001, 42.184483], [-71.164547, 42.18362900000001], [-71.165379, 42.182230999999994], [-71.165093, 42.181988], [-71.164168, 42.18172499999999], [-71.164023, 42.181302], [-71.164156, 42.181070999999996], [-71.164937, 42.18055800000001], [-71.165266, 42.18001600000001], [-71.166474, 42.17966], [-71.167368, 42.17973800000001], [-71.167852, 42.17940999999999], [-71.168001, 42.179097999999996], [-71.167708, 42.178817], [-71.166033, 42.178610000000006], [-71.166139, 42.178293], [-71.167136, 42.177763], [-71.166974, 42.17747700000002], [-71.163627, 42.17637899999999], [-71.163388, 42.176063000000006], [-71.163838, 42.175715], [-71.165274, 42.175459000000004], [-71.165462, 42.175143], [-71.165293, 42.17485200000001], [-71.163492, 42.174034000000006], [-71.163509, 42.17362600000001], [-71.163986, 42.17277399999999], [-71.167233, 42.172698], [-71.168176, 42.172984], [-71.168749, 42.172315000000005], [-71.16872800000002, 42.171769999999995], [-71.167702, 42.170192], [-71.16714, 42.169681000000004], [-71.16726200000001, 42.16917699999999], [-71.168516, 42.16912299999998], [-71.169711, 42.16945700000001], [-71.170115, 42.168815999999985], [-71.170388, 42.168654], [-71.171758, 42.168411], [-71.171819, 42.168126], [-71.171573, 42.167470000000016], [-71.172089, 42.16724500000001], [-71.17267700000001, 42.167231], [-71.172995, 42.167703], [-71.173486, 42.16777200000001], [-71.173778, 42.16751599999999], [-71.173924, 42.16705499999998], [-71.173343, 42.166280000000015], [-71.173416, 42.166023], [-71.176251, 42.16594300000001], [-71.176345, 42.16571], [-71.17587, 42.165319], [-71.175724, 42.16497400000001], [-71.177044, 42.16513300000001], [-71.177159, 42.164948], [-71.177092, 42.16421399999999], [-71.17748000000002, 42.163922], [-71.17777, 42.16401900000001], [-71.177972, 42.16438499999999], [-71.178135, 42.165045000000006], [-71.177899, 42.165567], [-71.178247, 42.16581299999998], [-71.179188, 42.16590299999999], [-71.17902, 42.16528299999999], [-71.179796, 42.164978000000005], [-71.180005, 42.165084], [-71.180182, 42.165496000000005], [-71.181313, 42.16552300000001], [-71.181753, 42.165141999999996], [-71.181712, 42.16475], [-71.182014, 42.16457199999999], [-71.182066, 42.164221999999995], [-71.182219, 42.164145999999995], [-71.182179, 42.163883], [-71.18253, 42.163722000000014], [-71.18280300000002, 42.16328699999999], [-71.183387, 42.16323800000002], [-71.183467, 42.163041], [-71.184323, 42.16249200000001], [-71.185032, 42.16245900000002], [-71.185833, 42.16216099999999], [-71.186607, 42.161486], [-71.187881, 42.161308000000005], [-71.188108, 42.16132499999998], [-71.188146, 42.16148900000001], [-71.188691, 42.161127000000015], [-71.186885, 42.153264000000014], [-71.22599, 42.13541000000001], [-71.22699, 42.134363000000015], [-71.227436, 42.13346000000001], [-71.227832, 42.13308000000001], [-71.229082, 42.132605000000005], [-71.230398, 42.13257400000001], [-71.230666, 42.13205900000001], [-71.231873, 42.131633], [-71.232201, 42.13059400000001], [-71.233475, 42.128569], [-71.233307, 42.125958999999995], [-71.231098, 42.123298000000005], [-71.233168, 42.12300099999999], [-71.233293, 42.12341200000001], [-71.237955, 42.121614999999984], [-71.238117, 42.12135800000001], [-71.238681, 42.121358999999984], [-71.239073, 42.12096100000002], [-71.239898, 42.12083], [-71.239616, 42.12029400000001], [-71.239116, 42.120001], [-71.239148, 42.119688], [-71.238862, 42.119335], [-71.23913, 42.118826000000006], [-71.238927, 42.11882200000001], [-71.238979, 42.118551], [-71.23878100000002, 42.118478999999994], [-71.238764, 42.11807199999999], [-71.238449, 42.11775099999999], [-71.23884, 42.11714099999998], [-71.238736, 42.117042999999995], [-71.23903, 42.116797], [-71.23908, 42.11604799999998], [-71.239362, 42.11593400000001], [-71.239417, 42.115505999999996], [-71.239142, 42.11494299999999], [-71.238432, 42.114277000000016], [-71.237993, 42.11289600000002], [-71.238917, 42.112220000000015], [-71.238695, 42.10952999999999], [-71.238804, 42.106401], [-71.253302, 42.105343999999995], [-71.255347, 42.104131], [-71.271736, 42.09844499999999], [-71.280268, 42.088491999999995], [-71.295901, 42.116614], [-71.297154, 42.12050899999999], [-71.300223, 42.12591], [-71.29894, 42.1265], [-71.29991200000002, 42.129408999999995], [-71.30176, 42.136634], [-71.30212900000001, 42.13669900000001], [-71.302186, 42.136871], [-71.301655, 42.137224999999994], [-71.301379, 42.137194], [-71.301348, 42.13777300000002], [-71.300584, 42.138083], [-71.300665, 42.13830399999998], [-71.300347, 42.13847399999999], [-71.300323, 42.138658], [-71.299748, 42.138501000000005], [-71.299597, 42.13881700000001], [-71.29909300000001, 42.13886300000002], [-71.29921, 42.13986], [-71.298947, 42.140420000000006], [-71.299193, 42.140677999999994], [-71.299721, 42.140854], [-71.299724, 42.141226], [-71.299416, 42.14141399999998], [-71.299406, 42.141771000000006], [-71.300005, 42.14198699999999], [-71.300263, 42.14234799999999], [-71.300228, 42.14269500000001], [-71.300506, 42.142874], [-71.300443, 42.143138], [-71.29985, 42.14376199999999], [-71.299878, 42.144072999999985], [-71.300386, 42.14433799999999], [-71.300351, 42.14472099999999], [-71.300696, 42.14506799999997], [-71.300118, 42.14573100000001], [-71.300275, 42.146039], [-71.300678, 42.14625100000001], [-71.300302, 42.146582], [-71.300441, 42.14692900000001], [-71.300118, 42.147176], [-71.300562, 42.147506], [-71.300873, 42.14750299999999], [-71.300817, 42.14809099999997], [-71.301282, 42.148253000000004], [-71.301965, 42.148165999999996], [-71.301967, 42.148572], [-71.302202, 42.14865099999999], [-71.30234000000002, 42.149026], [-71.302603, 42.14897799999999], [-71.302813, 42.14848700000002], [-71.303139, 42.14842399999999], [-71.303227, 42.148669000000005], [-71.303566, 42.148693]]]}}, {"type": "Feature", "properties": {"district_name": "Plymouth and Barnstable District", "chamber": "senate", "vintage": "2022-present", "lean_dem_share": 0.5536, "competitiveness": "Likely", "competitiveness_label": "Likely D", "party_favored": "Democratic", "url": "/district/senate-plymouth-and-barnstable-district-2022-present/"}, "geometry": {"type": "Polygon", "coordinates": [[[-70.862998, 41.95684799999999], [-70.822885, 41.984503], [-70.818698, 41.996724], [-70.806495, 42.01033300000002], [-70.807517, 42.011084000000025], [-70.807931, 42.01167099999999], [-70.807989, 42.01212600000001], [-70.807668, 42.012491], [-70.807494, 42.012489999999985], [-70.807251, 42.01287599999998], [-70.807318, 42.01311], [-70.808193, 42.013679], [-70.808804, 42.014586], [-70.809676, 42.01530799999999], [-70.809765, 42.015848], [-70.809389, 42.01666800000001], [-70.811855, 42.017629], [-70.812289, 42.01818800000001], [-70.812296, 42.01862700000001], [-70.81363, 42.019416], [-70.813772, 42.019871], [-70.813367, 42.020424000000006], [-70.813757, 42.021208999999985], [-70.812975, 42.022721999999995], [-70.814978, 42.02397500000001], [-70.833463, 42.019548], [-70.844766, 42.04269799999999], [-70.842246, 42.04343200000002], [-70.841071, 42.04489300000002], [-70.845658, 42.046155], [-70.846294, 42.04696299999999], [-70.846306, 42.04736299999999], [-70.846517, 42.04772200000001], [-70.847013, 42.048158999999984], [-70.847117, 42.048443999999996], [-70.84709600000001, 42.049262000000006], [-70.847246, 42.049684], [-70.847022, 42.050188], [-70.847251, 42.050672], [-70.846832, 42.052223999999995], [-70.845417, 42.053857], [-70.845367, 42.05409099999999], [-70.84583, 42.055073], [-70.836825, 42.05929099999999], [-70.839059, 42.05928600000002], [-70.839007, 42.05938499999999], [-70.841008, 42.060406999999984], [-70.840011, 42.06126599999999], [-70.838219, 42.06388500000001], [-70.841789, 42.071736], [-70.843897, 42.077184999999986], [-70.84266, 42.088868999999995], [-70.844267, 42.09021499999998], [-70.845546, 42.091884], [-70.845582, 42.092767], [-70.843786, 42.094128000000005], [-70.843349, 42.094762], [-70.842134, 42.094955000000006], [-70.840407, 42.0945], [-70.83984, 42.094605], [-70.839157, 42.09495800000001], [-70.838504, 42.09609900000002], [-70.83791000000001, 42.096738000000016], [-70.837165, 42.09691], [-70.836247, 42.096774], [-70.835995, 42.097132], [-70.835504, 42.09732199999997], [-70.834162, 42.097589], [-70.833717, 42.097935000000014], [-70.831448, 42.098516999999994], [-70.828893, 42.099622999999994], [-70.826319, 42.10039200000001], [-70.823542, 42.100413], [-70.822483, 42.10069700000001], [-70.821464, 42.100763], [-70.821025, 42.10065300000002], [-70.820592, 42.09992499999998], [-70.819864, 42.09948700000001], [-70.819649, 42.09947099999999], [-70.819482, 42.099714999999996], [-70.818601, 42.099670999999994], [-70.81702800000001, 42.099061000000006], [-70.816277, 42.099433999999995], [-70.814937, 42.098824], [-70.814103, 42.098862999999994], [-70.813176, 42.098186999999996], [-70.811461, 42.09802], [-70.810931, 42.09813500000002], [-70.810502, 42.09869100000001], [-70.809602, 42.099191], [-70.809761, 42.099564], [-70.810623, 42.10000800000001], [-70.810536, 42.10023399999999], [-70.809885, 42.10046200000001], [-70.809883, 42.100731], [-70.811968, 42.10253100000001], [-70.812293, 42.10388300000002], [-70.812157, 42.104149], [-70.810598, 42.105394], [-70.80991400000002, 42.106329999999986], [-70.807167, 42.10846500000001], [-70.804723, 42.11131], [-70.80385, 42.111477000000015], [-70.802809, 42.111227000000014], [-70.801944, 42.11062700000001], [-70.801109, 42.109716000000006], [-70.80066, 42.10963300000001], [-70.79992, 42.112061], [-70.79947300000002, 42.11246], [-70.798438, 42.112386], [-70.796765, 42.111075], [-70.795047, 42.10940699999999], [-70.793819, 42.106933999999974], [-70.792674, 42.10617], [-70.792276, 42.10611699999998], [-70.791001, 42.10643700000001], [-70.789704, 42.10642299999999], [-70.789302, 42.106691999999995], [-70.789435, 42.10695100000001], [-70.790935, 42.107648], [-70.79228, 42.10867499999999], [-70.79226, 42.10906499999999], [-70.791936, 42.109246], [-70.790507, 42.108691], [-70.789963, 42.108762999999996], [-70.790528, 42.110082999999996], [-70.790234, 42.11061799999999], [-70.789682, 42.11069000000001], [-70.788437, 42.110016], [-70.787956, 42.110331], [-70.788547, 42.11128299999999], [-70.788332, 42.11160400000001], [-70.787823, 42.11165100000001], [-70.786716, 42.111290999999994], [-70.786326, 42.111307], [-70.785199, 42.11202000000001], [-70.783777, 42.111738999999965], [-70.783007, 42.112005999999994], [-70.782892, 42.11222800000001], [-70.782928, 42.113381999999994], [-70.782142, 42.11409800000001], [-70.782077, 42.11432000000001], [-70.78228200000001, 42.11497500000001], [-70.782876, 42.11575500000001], [-70.782991, 42.11620300000002], [-70.782832, 42.116483999999986], [-70.782305, 42.11675500000001], [-70.78094, 42.116752999999996], [-70.77978, 42.115862], [-70.779003, 42.11558599999999], [-70.777121, 42.11675500000001], [-70.775089, 42.115333], [-70.775617, 42.11461399999999], [-70.777281, 42.113406], [-70.776169, 42.11343900000001], [-70.775978, 42.11285500000002], [-70.766549, 42.114028000000005], [-70.765907, 42.109849999999994], [-70.759468, 42.109598000000005], [-70.762328, 42.10331399999999], [-70.749716, 42.096977000000024], [-70.781445, 42.04678], [-70.768667, 42.045125000000006], [-70.768333, 42.04430200000001], [-70.767724, 42.04402600000001], [-70.767661, 42.043157], [-70.767394, 42.04259200000001], [-70.76607600000001, 42.041769], [-70.765336, 42.040329], [-70.764749, 42.03965800000001], [-70.765114, 42.03867900000001], [-70.76499, 42.038352], [-70.764588, 42.038086999999976], [-70.763954, 42.038269], [-70.762745, 42.038064], [-70.76252, 42.03740799999999], [-70.761258, 42.03683400000001], [-70.761074, 42.036476], [-70.761128, 42.036135000000016], [-70.760839, 42.035847000000004], [-70.760918, 42.03549400000001], [-70.759646, 42.035087999999995], [-70.759229, 42.034437], [-70.75926, 42.03374500000002], [-70.759635, 42.032988000000024], [-70.761169, 42.03160200000002], [-70.763126, 42.031065000000005], [-70.764308, 42.03132099999999], [-70.765381, 42.031315], [-70.765734, 42.030581999999995], [-70.766065, 42.028499], [-70.766805, 42.028152], [-70.76737800000001, 42.027252000000004], [-70.768063, 42.02669299999999], [-70.768833, 42.025467000000006], [-70.768766, 42.02489599999999], [-70.76916, 42.023694], [-70.769594, 42.02337200000001], [-70.769636, 42.022926], [-70.76987, 42.02257099999999], [-70.769492, 42.022063], [-70.73124000000001, 42.017707], [-70.730136, 42.01623100000001], [-70.724022, 42.009288], [-70.724657, 42.007039], [-70.722814, 42.004639999999995], [-70.722223, 42.004259], [-70.721793, 42.00281699999999], [-70.711264, 42.002403000000015], [-70.711225, 42.00314900000001], [-70.705902, 42.004456], [-70.698582, 42.00670300000001], [-70.682081, 42.001403999999994], [-70.673269, 42.00023000000001], [-70.672635, 41.999658], [-70.671738, 41.998325000000015], [-70.671066, 41.99651000000001], [-70.6701, 41.992642999999994], [-70.669137, 41.99087800000001], [-70.668339, 41.989996999999995], [-70.667055, 41.989205], [-70.66525300000002, 41.988588], [-70.662497, 41.988123000000016], [-70.653511, 41.987113], [-70.652348, 41.990216999999994], [-70.649808, 41.99604200000001], [-70.64839, 41.997844], [-70.645899, 42.002459], [-70.643583, 42.007777], [-70.64202, 42.012396999999986], [-70.6415, 42.013155000000005], [-70.612653, 42.01355099999999], [-70.612821, 42.01321499999998], [-70.60889800000001, 42.01319999999998], [-70.609301, 42.01358299999998], [-70.598554, 42.01367700000001], [-70.602953, 42.025846999999985], [-70.608105, 42.037786000000004], [-70.614905, 42.049111], [-70.622529, 42.06013200000001], [-70.626033, 42.06655999999999], [-70.628724, 42.073549], [-70.629803, 42.077186000000005], [-70.631049, 42.08310599999999], [-70.633127, 42.088227999999965], [-70.374474, 42.07333800000001], [-70.374474, 42.12155], [-70.322522, 42.11791500000001], [-70.337813, 42.044484], [-70.346384, 42.019446000000016], [-70.355004, 42.000104], [-70.499473, 41.84411699999999], [-70.537501, 41.810675], [-70.537005, 41.810277], [-70.53245, 41.804472999999994], [-70.531446, 41.80344600000001], [-70.525652, 41.79832300000002], [-70.522308, 41.795989], [-70.519442, 41.793254], [-70.518254, 41.79164], [-70.515336, 41.78936599999997], [-70.512484, 41.787614000000005], [-70.508331, 41.78574499999999], [-70.500849, 41.781447], [-70.49406, 41.77825], [-70.49441, 41.77812599999999], [-70.494834, 41.77665699999999], [-70.491927, 41.77761499999999], [-70.488597, 41.775082000000005], [-70.473641, 41.76556899999999], [-70.47450400000001, 41.764897000000005], [-70.474138, 41.764698], [-70.474311, 41.76454799999999], [-70.47376, 41.763232], [-70.47308, 41.762537], [-70.467395, 41.76093699999999], [-70.466857, 41.76054800000001], [-70.462933, 41.759255999999986], [-70.460055, 41.758613000000004], [-70.459242, 41.75812800000002], [-70.457417, 41.75755900000001], [-70.452861, 41.756429], [-70.450571, 41.755666999999995], [-70.448893, 41.75535699999999], [-70.44656, 41.75435700000001], [-70.446382, 41.7542], [-70.446558, 41.75408199999999], [-70.43716, 41.75139899999999], [-70.429928, 41.749765], [-70.42906, 41.749718000000016], [-70.427255, 41.750007], [-70.426955, 41.74984100000002], [-70.426921, 41.75010199999999], [-70.425768, 41.748909999999995], [-70.4255, 41.748019], [-70.424798, 41.74732000000001], [-70.418966, 41.746086999999996], [-70.415609, 41.745660999999984], [-70.413692, 41.744842999999996], [-70.410029, 41.74404400000001], [-70.409289, 41.744059000000014], [-70.408357, 41.74375499999999], [-70.406539, 41.743481], [-70.404287, 41.743434000000015], [-70.401834, 41.742883], [-70.397683, 41.74249499999999], [-70.395896, 41.74156500000001], [-70.393187, 41.741269], [-70.390056, 41.740639000000016], [-70.388911, 41.740659], [-70.383282, 41.740088], [-70.389188, 41.733911000000006], [-70.458737, 41.664041], [-70.451059, 41.65691200000001], [-70.446514, 41.65033999999999], [-70.45171200000001, 41.64248200000001], [-70.453238, 41.641690000000004], [-70.453063, 41.640488], [-70.453189, 41.639856], [-70.452557, 41.638748000000014], [-70.454361, 41.639193999999996], [-70.458476, 41.637471000000005], [-70.466304, 41.637082], [-70.467605, 41.63422], [-70.466495, 41.633706], [-70.465705, 41.633044000000005], [-70.464608, 41.632515], [-70.460589, 41.633529000000024], [-70.456488, 41.635029], [-70.455991, 41.63432999999998], [-70.453509, 41.63493499999999], [-70.452677, 41.63484900000001], [-70.452811, 41.634565], [-70.452459, 41.634111], [-70.452466, 41.633616999999994], [-70.452675, 41.63333], [-70.452516, 41.632561], [-70.451895, 41.63201899999999], [-70.451698, 41.63158500000001], [-70.452009, 41.631384000000004], [-70.451991, 41.631231000000014], [-70.45162, 41.630904], [-70.451419, 41.630436], [-70.451802, 41.63005600000001], [-70.451889, 41.62956499999999], [-70.45183900000002, 41.62924400000002], [-70.451394, 41.629018], [-70.45148, 41.62868799999998], [-70.450957, 41.62805599999999], [-70.451266, 41.62729099999999], [-70.450997, 41.62704000000001], [-70.451053, 41.62650000000001], [-70.450569, 41.62579], [-70.450622, 41.625273], [-70.450295, 41.62506500000001], [-70.4501, 41.624635999999995], [-70.449791, 41.624554], [-70.449705, 41.624086], [-70.448956, 41.623345999999984], [-70.449238, 41.62312399999999], [-70.448842, 41.62294999999999], [-70.448965, 41.62280200000001], [-70.448739, 41.62260100000001], [-70.449056, 41.622374], [-70.448607, 41.621491000000006], [-70.448946, 41.621365000000004], [-70.449009, 41.62092100000002], [-70.4496, 41.62094099999999], [-70.44981200000001, 41.620694], [-70.449563, 41.620157000000006], [-70.449717, 41.61949100000002], [-70.449431, 41.619358], [-70.449322, 41.619074], [-70.449461, 41.618886999999994], [-70.450477, 41.61890700000001], [-70.450607, 41.61859200000001], [-70.450316, 41.617539999999984], [-70.450396, 41.61683999999999], [-70.450828, 41.61608499999999], [-70.452641, 41.615958000000006], [-70.45734, 41.610761999999994], [-70.46105, 41.606363000000016], [-70.464982, 41.59673999999998], [-70.458592, 41.588668000000006], [-70.453008, 41.58633600000002], [-70.452153, 41.586725], [-70.452308, 41.58698800000003], [-70.452076, 41.58747000000002], [-70.451697, 41.58741300000001], [-70.451448, 41.58704799999999], [-70.450102, 41.587701000000024], [-70.450104, 41.586228], [-70.45098, 41.584406], [-70.453912, 41.58072099999998], [-70.455929, 41.57844299999999], [-70.457237, 41.577321999999995], [-70.457537, 41.576223999999996], [-70.457376, 41.57599900000001], [-70.458355, 41.57498899999999], [-70.459057, 41.57399500000002], [-70.461746, 41.571508], [-70.461994, 41.571239], [-70.461907, 41.57117299999999], [-70.463945, 41.56922899999999], [-70.465012, 41.56795499999999], [-70.466583, 41.566533], [-70.468782, 41.564615999999994], [-70.46982, 41.56410000000001], [-70.473086, 41.561365], [-70.47538, 41.55901999999999], [-70.478945, 41.556905000000015], [-70.483797, 41.555096], [-70.486157, 41.55385999999999], [-70.487958, 41.553726999999995], [-70.489991, 41.55335000000001], [-70.493033, 41.552047000000016], [-70.493948, 41.551813], [-70.494658, 41.55176600000001], [-70.496951, 41.552081], [-70.500801, 41.55190900000001], [-70.501549, 41.55171000000001], [-70.505107, 41.551467], [-70.515277, 41.55010800000001], [-70.521911, 41.54902299999998], [-70.525953, 41.548118], [-70.526852, 41.547394], [-70.526961, 41.547547999999985], [-70.528181, 41.547479], [-70.529308, 41.54646099999998], [-70.530301, 41.547691], [-70.531894, 41.549009000000005], [-70.532851, 41.549569000000005], [-70.535123, 41.550415], [-70.538821, 41.551256], [-70.545003, 41.55158099999998], [-70.546519, 41.55209599999999], [-70.547863, 41.550918], [-70.54782, 41.55076600000001], [-70.548007, 41.550776], [-70.54789, 41.550549], [-70.549469, 41.55029700000001], [-70.549425, 41.550039], [-70.550178, 41.55009900000001], [-70.550455, 41.549989000000004], [-70.550426, 41.549808000000006], [-70.551391, 41.54995599999999], [-70.551793, 41.549884999999996], [-70.551756, 41.54972], [-70.552355, 41.549797000000005], [-70.552889, 41.549665], [-70.55283800000001, 41.549501], [-70.553963, 41.549302999999995], [-70.553934, 41.549111], [-70.554745, 41.549155], [-70.555169, 41.54907300000002], [-70.55514, 41.54892400000001], [-70.556294, 41.548963], [-70.556331, 41.54873799999999], [-70.558472, 41.548698999999985], [-70.559568, 41.54831], [-70.56093500000001, 41.54825499999999], [-70.560942, 41.548013], [-70.561644, 41.54831], [-70.56358, 41.548364], [-70.563668, 41.54824399999999], [-70.564654, 41.548303999999995], [-70.564764, 41.54811200000001], [-70.56518, 41.54823300000001], [-70.566218, 41.548183], [-70.566277, 41.54803500000001], [-70.567351, 41.548106], [-70.567373, 41.54798499999999], [-70.567782, 41.54802400000001], [-70.567782, 41.54792], [-70.568206, 41.547990999999996], [-70.568323, 41.54775500000001], [-70.569309, 41.54794700000001], [-70.570222, 41.54773300000003], [-70.57085200000002, 41.547337], [-70.570837, 41.547173000000015], [-70.571816, 41.54720499999999], [-70.573854, 41.54689799999999], [-70.574351, 41.54668399999998], [-70.574366, 41.546162], [-70.57533, 41.546206], [-70.57631000000002, 41.54603600000001], [-70.576646, 41.54592000000002], [-70.576595, 41.545745000000004], [-70.57818, 41.545404], [-70.578114, 41.54525600000001], [-70.579035, 41.545036], [-70.578984, 41.544899], [-70.580014, 41.54474200000001], [-70.580495, 41.54452500000001], [-70.580555, 41.54424], [-70.581892, 41.544662], [-70.586415, 41.54543], [-70.588469, 41.545347], [-70.588776, 41.54515500000001], [-70.588827, 41.545753000000005], [-70.588958, 41.545177], [-70.591852, 41.545439], [-70.59183, 41.54523599999999], [-70.592743, 41.54536800000001], [-70.593825, 41.54529599999999], [-70.59381, 41.54509800000001], [-70.594512, 41.545027], [-70.59525, 41.545175], [-70.595206, 41.54487800000001], [-70.596601, 41.54470800000001], [-70.596601, 41.544433000000005], [-70.597514, 41.54412599999999], [-70.597346, 41.54386199999999], [-70.601437, 41.542186000000015], [-70.602263, 41.54199400000001], [-70.603249, 41.542015000000006], [-70.603307, 41.541889000000005], [-70.606596, 41.542837999999996], [-70.607239, 41.54282100000001], [-70.608225, 41.54247999999999], [-70.60946100000001, 41.542956999999994], [-70.610564, 41.54302800000002], [-70.611879, 41.542874], [-70.61399, 41.542208999999986], [-70.615101, 41.542378000000014], [-70.616285, 41.54226199999999], [-70.616723, 41.542031999999985], [-70.616701, 41.541745999999996], [-70.617176, 41.54152100000001], [-70.617227, 41.54178999999998], [-70.617585, 41.541828], [-70.61776, 41.541799999999995], [-70.617636, 41.54153199999998], [-70.617826, 41.54150400000001], [-70.618082, 41.54185000000002], [-70.620544, 41.54134299999999], [-70.622991, 41.54122100000001], [-70.62641, 41.540192000000005], [-70.62678300000002, 41.539911999999994], [-70.629676, 41.539485000000006], [-70.631796, 41.53884899999999], [-70.631803, 41.538734000000005], [-70.633535, 41.53838300000002], [-70.633711, 41.538163999999995], [-70.634741, 41.537851], [-70.634697, 41.537708999999985], [-70.63863, 41.53601899999999], [-70.642196, 41.533764999999995], [-70.645866, 41.53027399999999], [-70.646224, 41.52971999999999], [-70.646217, 41.52938000000001], [-70.647387, 41.528093000000005], [-70.647185, 41.52793500000002], [-70.648081, 41.52745899999999], [-70.648491, 41.526949], [-70.64841, 41.526855], [-70.6489, 41.526433000000004], [-70.649002, 41.52606500000001], [-70.64939, 41.52574099999999], [-70.649563, 41.52546600000002], [-70.649389, 41.525316999999994], [-70.650033, 41.52460499999999], [-70.650055, 41.52415499999999], [-70.650947, 41.52329300000001], [-70.651561, 41.522163], [-70.653493, 41.520243000000015], [-70.654028, 41.519209], [-70.654302, 41.518052000000004], [-70.654295, 41.51760100000001], [-70.653835, 41.51663500000001], [-70.653814, 41.516278], [-70.654494, 41.515417], [-70.655122, 41.51512600000001], [-70.668001, 41.51198800000001], [-70.672253, 41.515773999999986], [-70.674646, 41.519385], [-70.681397, 41.51755], [-70.688353, 41.51678900000001], [-70.691364, 41.517842], [-70.694657, 41.52556], [-70.749476, 41.55639], [-70.758464, 41.560930999999975], [-70.749476, 41.568405999999996], [-70.729833, 41.59156900000001], [-70.70842, 41.62637800000001], [-70.686196, 41.669800999999985], [-70.676629, 41.691129], [-70.67440400000001, 41.68960899999999], [-70.6437, 41.717465000000004], [-70.642244, 41.71922500000001], [-70.640276, 41.723609], [-70.640756, 41.72485700000001], [-70.639476, 41.726473000000006], [-70.639332, 41.72904900000002], [-70.63258, 41.733656999999994], [-70.633268, 41.73546499999999], [-70.632676, 41.73788100000002], [-70.625988, 41.74496899999999], [-70.623193, 41.745614999999994], [-70.62195, 41.746058999999995], [-70.620785, 41.747530000000005], [-70.621014, 41.74830300000001], [-70.621622, 41.748972], [-70.625156, 41.75114399999999], [-70.62501200000001, 41.75404000000001], [-70.629673, 41.760217000000004], [-70.630081, 41.76089899999998], [-70.63, 41.76125600000001], [-70.631157, 41.761855000000004], [-70.631129, 41.762158], [-70.63155, 41.762419], [-70.631471, 41.76271], [-70.632126, 41.76253400000002], [-70.63246400000001, 41.76273900000001], [-70.632629, 41.763504000000005], [-70.632877, 41.763859], [-70.633791, 41.76463899999999], [-70.633968, 41.76506899999997], [-70.634572, 41.765375], [-70.634641, 41.766262], [-70.635543, 41.76705299999998], [-70.635886, 41.76853], [-70.63631, 41.768958999999995], [-70.636007, 41.769823], [-70.635371, 41.77018499999999], [-70.634439, 41.770424], [-70.633483, 41.77104600000002], [-70.633016, 41.77174900000001], [-70.633054, 41.77244699999999], [-70.630433, 41.77378800000002], [-70.63008, 41.774486], [-70.630279, 41.774686], [-70.630194, 41.775338], [-70.630908, 41.77662699999998], [-70.63075, 41.777143], [-70.629457, 41.77779100000001], [-70.629058, 41.779397999999986], [-70.629408, 41.77996999999998], [-70.630424, 41.780273999999984], [-70.630453, 41.780617], [-70.630804, 41.781155000000005], [-70.63075, 41.781612999999986], [-70.630971, 41.78203599999999], [-70.630534, 41.783111], [-70.630718, 41.78389200000001], [-70.630578, 41.78429400000001], [-70.629828, 41.78503200000001], [-70.630042, 41.785598], [-70.630515, 41.785867], [-70.630735, 41.786588], [-70.630636, 41.78688], [-70.63018, 41.78717499999999], [-70.629093, 41.786998000000004], [-70.628123, 41.787048], [-70.627395, 41.787342], [-70.627312, 41.787843], [-70.616634, 41.805410000000016], [-70.631892, 41.80633], [-70.717536, 41.80150999999999], [-70.717837, 41.802133], [-70.717641, 41.80242499999999], [-70.717788, 41.80290499999998], [-70.717666, 41.80313900000001], [-70.717849, 41.80356799999999], [-70.71777300000001, 41.80381400000001], [-70.716925, 41.804083000000006], [-70.716849, 41.804317000000005], [-70.717608, 41.805408], [-70.71778, 41.80587899999999], [-70.71777300000001, 41.80652500000001], [-70.71742100000002, 41.807846000000005], [-70.71658, 41.808486000000016], [-70.717192, 41.809399000000006], [-70.717225, 41.80985799999999], [-70.71633, 41.811251000000006], [-70.715912, 41.812231], [-70.715252, 41.81286599999998], [-70.715834, 41.81388599999999], [-70.715518, 41.814457], [-70.71586, 41.81476299999999], [-70.715898, 41.81503199999999], [-70.71538400000001, 41.81530799999999], [-70.71512600000001, 41.816095999999995], [-70.714509, 41.816525], [-70.71476, 41.816697], [-70.714855, 41.817139], [-70.715094, 41.81739699999999], [-70.714664, 41.81767500000001], [-70.714455, 41.818296000000004], [-70.714155, 41.81832200000001], [-70.713733, 41.818697999999976], [-70.713677, 41.81896199999999], [-70.71308500000002, 41.81907599999999], [-70.713056, 41.819292999999995], [-70.712796, 41.819413000000004], [-70.712788, 41.819662000000015], [-70.71247, 41.819872999999994], [-70.712629, 41.82017000000001], [-70.711873, 41.82074000000002], [-70.711309, 41.82156899999999], [-70.710205, 41.822376], [-70.709785, 41.822965], [-70.709319, 41.823183], [-70.708555, 41.82392599999999], [-70.708229, 41.824752000000004], [-70.708284, 41.82524200000002], [-70.707867, 41.825784], [-70.708287, 41.82683200000001], [-70.707499, 41.827357], [-70.706869, 41.82850400000001], [-70.706359, 41.82906400000001], [-70.705433, 41.829412999999995], [-70.703912, 41.829288000000005], [-70.701758, 41.828751], [-70.700711, 41.828714], [-70.699869, 41.829003000000014], [-70.699986, 41.829517], [-70.699726, 41.829722], [-70.699068, 41.829544000000006], [-70.69840400000001, 41.829676], [-70.69757, 41.82940099999998], [-70.697318, 41.829481], [-70.697287, 41.829840999999995], [-70.697547, 41.830324999999995], [-70.697274, 41.830908], [-70.696503, 41.83130000000001], [-70.696093, 41.831888000000006], [-70.695682, 41.83201499999999], [-70.695643, 41.832349000000015], [-70.695261, 41.83262400000002], [-70.694834, 41.833869000000014], [-70.694818, 41.83450200000001], [-70.694542, 41.83469899999998], [-70.694192, 41.835607], [-70.693733, 41.836261000000015], [-70.692503, 41.836706], [-70.690928, 41.83806499999999], [-70.689827, 41.838232999999995], [-70.689703, 41.839690000000004], [-70.689502, 41.840091], [-70.687926, 41.841232999999995], [-70.685402, 41.843579], [-70.683788, 41.844801999999994], [-70.682837, 41.84537100000001], [-70.682197, 41.845550999999986], [-70.680699, 41.845587], [-70.750718, 41.92601900000002], [-70.753527, 41.933241], [-70.758692, 41.947506999999995], [-70.771717, 41.946146999999996], [-70.829827, 41.92769900000002], [-70.845645, 41.942721999999996], [-70.860882, 41.95498799999999], [-70.862998, 41.95684799999999]]]}}, {"type": "Feature", "properties": {"district_name": "Norfolk and Middlesex District", "chamber": "senate", "vintage": "2022-present", "lean_dem_share": 0.8208, "competitiveness": "Safe", "competitiveness_label": "Safe D", "party_favored": "Democratic", "url": "/district/senate-norfolk-and-middlesex-district-2022-present/"}, "geometry": {"type": "MultiPolygon", "coordinates": [[[[-71.299888, 42.270361], [-71.298391, 42.271342], [-71.2976, 42.27236400000001], [-71.296687, 42.272622000000005], [-71.295653, 42.272484000000006], [-71.299745, 42.26961300000001], [-71.299888, 42.270361]]], [[[-71.32975, 42.312991000000004], [-71.327327, 42.313746], [-71.269958, 42.328086], [-71.27028000000001, 42.328731000000005], [-71.269763, 42.32976399999999], [-71.270279, 42.33052200000001], [-71.270246, 42.33098], [-71.269767, 42.33118100000001], [-71.26801, 42.33056], [-71.265666, 42.33127300000001], [-71.26513, 42.33182999999999], [-71.264726, 42.333944], [-71.264415, 42.334472999999996], [-71.263138, 42.334903000000004], [-71.26122, 42.334605], [-71.259933, 42.334825000000016], [-71.259204, 42.33541899999999], [-71.25893400000001, 42.336019], [-71.258964, 42.336579], [-71.256746, 42.338040000000014], [-71.255689, 42.339290999999996], [-71.255885, 42.340111], [-71.256864, 42.340648], [-71.258248, 42.341190000000005], [-71.26037, 42.34089900000001], [-71.261042, 42.341002], [-71.261596, 42.341353999999995], [-71.261884, 42.34186900000001], [-71.261236, 42.34428200000001], [-71.259759, 42.346111], [-71.259793, 42.34661000000002], [-71.260432, 42.34761200000001], [-71.260306, 42.348194], [-71.259963, 42.34855700000001], [-71.258747, 42.349107999999994], [-71.258624, 42.349360999999995], [-71.25863100000001, 42.350052], [-71.25914500000002, 42.35172399999999], [-71.260099, 42.353016], [-71.260358, 42.35365800000002], [-71.256465, 42.354905], [-71.256356, 42.354012000000004], [-71.255731, 42.353754], [-71.255217, 42.353928], [-71.254034, 42.35477], [-71.253146, 42.355897000000006], [-71.217061, 42.366569], [-71.21634100000001, 42.36584799999999], [-71.215534, 42.365608], [-71.21451, 42.36568200000001], [-71.21373, 42.36512400000001], [-71.211259, 42.36428499999996], [-71.209942, 42.364132], [-71.208812, 42.364577999999995], [-71.20745800000002, 42.36409999999999], [-71.206321, 42.36461299999999], [-71.205098, 42.365749], [-71.202866, 42.365686999999994], [-71.202029, 42.36582], [-71.200515, 42.366271999999995], [-71.198323, 42.367402000000006], [-71.197744, 42.36733999999999], [-71.19708, 42.36693900000001], [-71.196485, 42.367024000000015], [-71.19585400000001, 42.367694], [-71.19542200000001, 42.367825], [-71.195206, 42.36773399999999], [-71.19476500000002, 42.366871], [-71.192215, 42.36542399999999], [-71.196298, 42.361802000000004], [-71.18368, 42.358829], [-71.182126, 42.360681], [-71.17824, 42.359565999999994], [-71.175272, 42.359272], [-71.172754, 42.35933100000001], [-71.169381, 42.360136], [-71.167625, 42.360073000000014], [-71.173916, 42.35346499999999], [-71.17485, 42.350337], [-71.166683, 42.340104000000004], [-71.166808, 42.33928999999997], [-71.168633, 42.338629], [-71.169217, 42.33806800000001], [-71.168886, 42.33582599999999], [-71.16857, 42.335143], [-71.168191, 42.33479100000001], [-71.167565, 42.333441], [-71.162732, 42.333961], [-71.161295, 42.33378299999999], [-71.159325, 42.332767999999994], [-71.157036, 42.33039], [-71.149853, 42.334635], [-71.150461, 42.334968], [-71.15005900000001, 42.33539299999999], [-71.148295, 42.335806999999996], [-71.148742, 42.336866], [-71.146156, 42.33744200000002], [-71.146606, 42.33853700000002], [-71.146245, 42.338595], [-71.14421200000001, 42.34002199999999], [-71.141939, 42.340008], [-71.141326, 42.341048], [-71.13515500000001, 42.34602300000001], [-71.133381, 42.347122000000006], [-71.129281, 42.34906699999999], [-71.128583, 42.349833000000004], [-71.126854, 42.35008799999999], [-71.124067, 42.351552], [-71.122942, 42.35141599999997], [-71.122855, 42.351860999999985], [-71.10657, 42.349912], [-71.107213, 42.347049000000005], [-71.105516, 42.343812], [-71.106072, 42.34358299999999], [-71.10651400000002, 42.34310599999999], [-71.10802700000002, 42.34247799999999], [-71.10849, 42.34183699999999], [-71.109553, 42.34149399999999], [-71.110579, 42.340443], [-71.110885, 42.338884], [-71.111559, 42.33738100000001], [-71.110708, 42.336307999999995], [-71.11099, 42.335757], [-71.110533, 42.33532999999999], [-71.112192, 42.333801000000015], [-71.113212, 42.332458], [-71.113575, 42.330467000000006], [-71.11504, 42.32730800000001], [-71.115271, 42.326933999999994], [-71.115965, 42.32637900000001], [-71.115948, 42.325734999999995], [-71.116537, 42.32393900000002], [-71.116772, 42.323769999999996], [-71.118398, 42.323454999999996], [-71.118509, 42.323116], [-71.11887, 42.322858], [-71.119436, 42.322735], [-71.120112, 42.32283499999998], [-71.121528, 42.323882], [-71.12336700000002, 42.322571], [-71.123711, 42.32271600000002], [-71.124269, 42.321856], [-71.13186300000001, 42.31317800000001], [-71.13650200000001, 42.306204], [-71.140096, 42.302173000000025], [-71.146883, 42.29728], [-71.152113, 42.29458799999998], [-71.164702, 42.30382999999999], [-71.178636, 42.29459500000001], [-71.191247, 42.28299200000001], [-71.190886, 42.285823], [-71.192117, 42.28727700000001], [-71.19322, 42.288014], [-71.19429, 42.28828299999999], [-71.195006, 42.28816400000001], [-71.195524, 42.287572000000004], [-71.195793, 42.286196], [-71.196355, 42.28595699999998], [-71.200018, 42.287595], [-71.201344, 42.28855799999999], [-71.203375, 42.288621], [-71.204566, 42.289046000000006], [-71.20524, 42.289567999999996], [-71.205515, 42.290186000000006], [-71.205584, 42.29171099999999], [-71.206054, 42.293398], [-71.207538, 42.296858], [-71.210477, 42.29883100000001], [-71.211343, 42.29949500000001], [-71.211779, 42.300062000000004], [-71.211768, 42.30093599999999], [-71.211253, 42.302266], [-71.211235, 42.30288199999999], [-71.21148700000002, 42.30366300000001], [-71.212945, 42.305949], [-71.21369, 42.306288], [-71.21636, 42.30640899999998], [-71.218475, 42.306814], [-71.220855, 42.30640799999999], [-71.222776, 42.30715], [-71.22411, 42.30729999999999], [-71.225456, 42.30795200000001], [-71.226688, 42.30825000000001], [-71.22700300000001, 42.30849099999999], [-71.227209, 42.30900600000001], [-71.22631100000001, 42.31028400000001], [-71.226944, 42.311554000000015], [-71.227068, 42.31239800000001], [-71.226343, 42.313419999999994], [-71.22639300000002, 42.314323], [-71.227543, 42.31539999999999], [-71.228915, 42.31636], [-71.230214, 42.316506000000004], [-71.232254, 42.316390000000006], [-71.233006, 42.31626599999999], [-71.233635, 42.315837], [-71.294843, 42.27305200000001], [-71.29562, 42.273998999999996], [-71.296205, 42.274318], [-71.297199, 42.274497], [-71.298352, 42.27426100000002], [-71.299044, 42.274492], [-71.299641, 42.27500199999999], [-71.299775, 42.276139], [-71.297788, 42.27920799999999], [-71.297514, 42.280909], [-71.297945, 42.281523], [-71.299258, 42.28252599999999], [-71.299949, 42.282911000000006], [-71.300611, 42.282725000000035], [-71.30149, 42.28169700000002], [-71.302477, 42.28016], [-71.304636, 42.27835799999999], [-71.307341, 42.27710499999999], [-71.308875, 42.27667399999999], [-71.309302, 42.276378999999984], [-71.309496, 42.275704], [-71.309025, 42.27480799999999], [-71.309013, 42.27334200000002], [-71.308476, 42.27229400000001], [-71.308029, 42.27181099999999], [-71.308115, 42.271223], [-71.30846, 42.270709], [-71.323662, 42.297415], [-71.32975, 42.312991000000004]]]]}}, {"type": "Feature", "properties": {"district_name": "First Essex District", "chamber": "senate", "vintage": "2022-present", "lean_dem_share": 0.5452, "competitiveness": "Lean", "competitiveness_label": "Lean D", "party_favored": "Democratic", "url": "/district/senate-first-essex-district-2022-present/"}, "geometry": {"type": "Polygon", "coordinates": [[[-71.2551, 42.736592], [-71.245426, 42.74254600000002], [-71.237432, 42.744895], [-71.22383, 42.746484], [-71.181786, 42.737340999999994], [-71.182693, 42.75026299999998], [-71.18614, 42.79093499999999], [-71.182398, 42.79433000000001], [-71.13065, 42.76079699999999], [-71.130426, 42.76218599999999], [-71.13006, 42.76270000000001], [-71.1298, 42.76445100000001], [-71.129769, 42.76629500000002], [-71.130139, 42.767247], [-71.130806, 42.768259], [-71.13143, 42.76985500000001], [-71.13160300000001, 42.770746], [-71.131519, 42.77218500000001], [-71.131282, 42.77302000000004], [-71.130376, 42.77386700000001], [-71.129399, 42.774222000000016], [-71.128306, 42.774145], [-71.128085, 42.77524699999999], [-71.128152, 42.77536800000001], [-71.128766, 42.775231], [-71.129146, 42.776622999999994], [-71.12895800000001, 42.776794000000024], [-71.128656, 42.781049], [-71.12832, 42.782078999999996], [-71.127075, 42.784305], [-71.121836, 42.78445800000001], [-71.118788, 42.78405], [-71.114635, 42.782955999999984], [-71.118613, 42.773661], [-71.117191, 42.773122999999984], [-71.11609, 42.772476000000005], [-71.115637, 42.77557], [-71.113089, 42.77500800000001], [-71.110354, 42.773907999999984], [-71.109126, 42.773680999999996], [-71.108485, 42.77373000000001], [-71.107119, 42.774369], [-71.10125, 42.77837599999999], [-71.098905, 42.779002000000006], [-71.095137, 42.778823999999986], [-71.095261, 42.780300000000025], [-71.094185, 42.780409000000006], [-71.094276, 42.780933000000005], [-71.094975, 42.782419999999995], [-71.092738, 42.78300599999999], [-71.091122, 42.780486999999994], [-71.090452, 42.778276999999996], [-71.089343, 42.777463], [-71.087162, 42.77758200000001], [-71.087857, 42.77916900000001], [-71.090349, 42.78353200000001], [-71.086788, 42.78448899999999], [-71.087425, 42.786061], [-71.087655, 42.78726600000001], [-71.087406, 42.79011], [-71.082847, 42.79207000000001], [-71.082555, 42.79145899999998], [-71.078809, 42.790833], [-71.077902, 42.79054399999999], [-71.076505, 42.789424999999994], [-71.071965, 42.784876], [-71.072959, 42.78405599999999], [-71.07126, 42.779484999999994], [-71.071191, 42.77905299999999], [-71.071544, 42.778256999999996], [-71.069492, 42.777836], [-71.070311, 42.776013000000006], [-71.070824, 42.775525000000016], [-71.071118, 42.775539], [-71.06906, 42.774366999999984], [-71.067803, 42.77336799999999], [-71.068271, 42.773036999999995], [-71.069759, 42.77375599999999], [-71.071489, 42.774157], [-71.074019, 42.774488999999996], [-71.076382, 42.774454], [-71.076184, 42.773669000000005], [-71.084101, 42.77179000000002], [-71.08618, 42.770813000000004], [-71.086961, 42.770597000000016], [-71.093587, 42.765892999999984], [-71.095898, 42.763391], [-71.099602, 42.76238999999999], [-71.103702, 42.76259], [-71.10738200000002, 42.764497999999996], [-71.109886, 42.766708000000015], [-71.114212, 42.76822000000001], [-71.120786, 42.768437000000006], [-71.122617, 42.76097], [-71.123274, 42.759197], [-71.124739, 42.757111000000016], [-71.127588, 42.754670000000004], [-71.125581, 42.752044], [-71.121389, 42.74954599999999], [-71.119345, 42.747575], [-71.11644100000001, 42.74423800000001], [-71.115624, 42.742224], [-71.115556, 42.74132900000001], [-71.115819, 42.740261], [-71.116448, 42.739085999999986], [-71.118606, 42.736622999999994], [-71.121623, 42.73384899999999], [-71.124461, 42.731654], [-71.12681, 42.72835700000001], [-71.130706, 42.724451], [-71.133696, 42.72199700000001], [-71.134458, 42.721162], [-71.134909, 42.719891], [-71.134966, 42.718222], [-71.13475800000002, 42.717271000000004], [-71.133843, 42.715086], [-71.133498, 42.713549000000015], [-71.133454, 42.71248], [-71.133956, 42.71041400000001], [-71.13455, 42.70941500000001], [-71.136292, 42.707214], [-71.137559, 42.706525], [-71.137525, 42.704806], [-71.137116, 42.70438700000002], [-71.139323, 42.70340400000001], [-71.14089, 42.703345000000006], [-71.142372, 42.69938399999999], [-71.142778, 42.698923000000015], [-71.144381, 42.699262999999995], [-71.144822, 42.69910999999999], [-71.144976, 42.698746], [-71.14547, 42.698757000000015], [-71.145857, 42.69848099999999], [-71.145718, 42.698169000000014], [-71.145446, 42.698194999999984], [-71.14546, 42.698062000000014], [-71.145005, 42.697947], [-71.144903, 42.697756999999996], [-71.143395, 42.69702800000001], [-71.143149, 42.69420000000001], [-71.141703, 42.694316999999984], [-71.141674, 42.69412], [-71.140597, 42.69385299999999], [-71.140418, 42.69358900000001], [-71.140264, 42.69366300000003], [-71.140169, 42.693419999999996], [-71.140009, 42.69351700000001], [-71.139219, 42.69320900000002], [-71.139296, 42.69274300000002], [-71.138637, 42.692756], [-71.137936, 42.69250700000001], [-71.138022, 42.692398000000004], [-71.137818, 42.692282], [-71.13798, 42.69226], [-71.137743, 42.69203900000001], [-71.137863, 42.691925], [-71.137712, 42.691880999999995], [-71.137922, 42.69182099999999], [-71.137897, 42.69153800000001], [-71.137599, 42.69164900000001], [-71.137522, 42.69140599999999], [-71.137637, 42.691286999999996], [-71.13732, 42.691136], [-71.137503, 42.691089999999996], [-71.137394, 42.690820000000016], [-71.137678, 42.69060900000001], [-71.137296, 42.69041299999999], [-71.13745200000001, 42.69007299999999], [-71.137392, 42.68995199999999], [-71.137222, 42.690036000000006], [-71.137173, 42.689817], [-71.137532, 42.689595000000004], [-71.137428, 42.689485], [-71.13729, 42.689582], [-71.137319, 42.689343000000015], [-71.137866, 42.68921999999999], [-71.137936, 42.689021], [-71.13828, 42.68907500000001], [-71.138508, 42.688837], [-71.138372, 42.68861299999999], [-71.138555, 42.68846000000001], [-71.138385, 42.688325], [-71.138523, 42.688285], [-71.138499, 42.687594], [-71.138868, 42.68745100000001], [-71.138968, 42.687705], [-71.139193, 42.68773800000001], [-71.139809, 42.68718599999999], [-71.139457, 42.68678], [-71.139202, 42.68673499999999], [-71.13844, 42.68664999999998], [-71.138333, 42.686848000000005], [-71.137981, 42.68690099999999], [-71.137908, 42.686571], [-71.137679, 42.686438], [-71.137949, 42.686403], [-71.138121, 42.686044], [-71.138291, 42.686036], [-71.138317, 42.68618099999999], [-71.138824, 42.685732], [-71.139297, 42.685694], [-71.139465, 42.685344], [-71.139177, 42.68515], [-71.137998, 42.685323], [-71.137787, 42.685046000000014], [-71.1383, 42.68470599999999], [-71.139402, 42.684477], [-71.133584, 42.679428], [-71.134452, 42.67677799999999], [-71.151213, 42.681707], [-71.185503, 42.675868], [-71.188862, 42.69626800000001], [-71.190985, 42.69742900000001], [-71.194549, 42.69838299999999], [-71.20249, 42.698910000000005], [-71.212079, 42.70108499999999], [-71.214948, 42.701261], [-71.218173, 42.700630000000004], [-71.219821, 42.699806], [-71.221174, 42.69849599999998], [-71.223834, 42.695079], [-71.224807, 42.69342999999999], [-71.225389, 42.68686699999999], [-71.225649, 42.685783], [-71.226074, 42.684431999999994], [-71.228171, 42.68003600000001], [-71.229367, 42.67819999999999], [-71.234094, 42.672518000000004], [-71.235607, 42.67116200000001], [-71.238179, 42.669418999999984], [-71.2551, 42.736592]]]}}]}