{"type": "Feature", "properties": {"district_name": "Plymouth and Barnstable", "chamber": "senate", "vintage": "2001-2010"}, "geometry": {"type": "MultiPolygon", "coordinates": [[[[-70.6814683122441, 41.52112574298533], [-70.68101133004365, 41.5216998228008], [-70.68037219675423, 41.52155621077957], [-70.67912452419114, 41.521628791452336], [-70.6787893511236, 41.52137256852702], [-70.67891151712627, 41.521217571968535], [-70.68119425052244, 41.52071577576216], [-70.68143785892707, 41.520783937004275], [-70.6814683122441, 41.52112574298533]]], [[[-70.68073677216616, 41.523965141932976], [-70.68018968976396, 41.523414203093374], [-70.68025003354337, 41.52311638393813], [-70.6805856482155, 41.52284137408451], [-70.68113298356059, 41.522815498949356], [-70.68134569316268, 41.52292901976133], [-70.6816811304114, 41.5239871488806], [-70.68073677216616, 41.523965141932976]]], [[[-70.63297177691163, 41.67410740261115], [-70.63318430815546, 41.67506794649754], [-70.63370134386683, 41.67624071441671], [-70.63437233925268, 41.67713158865859], [-70.63681201418174, 41.6795108562059], [-70.63766575999284, 41.6797142923948], [-70.6395883475024, 41.679534137338436], [-70.64230385025431, 41.680035228234985], [-70.64300588264894, 41.68061058247245], [-70.6430050411256, 41.68120540107546], [-70.64147891932612, 41.682101045940875], [-70.64047101525142, 41.68227745491219], [-70.6398303060981, 41.68227767760569], [-70.63772564964408, 41.68145195137273], [-70.63662732559648, 41.6814588163833], [-70.63546695198288, 41.6818630627116], [-70.63378756790478, 41.68392233084538], [-70.63265611119586, 41.68570437850633], [-70.63231939378028, 41.68661852932006], [-70.6320757735141, 41.68675735853984], [-70.63155723363585, 41.68657557337908], [-70.63131447866452, 41.68584946235006], [-70.63262737183435, 41.68353419950252], [-70.63281132306348, 41.68236958584715], [-70.63357602583919, 41.68083629343093], [-70.63348588251648, 41.6788468521954], [-70.63327263873295, 41.678048375335266], [-70.63199350330439, 41.675481491590475], [-70.63208824232619, 41.672372462965775], [-70.63269945723941, 41.67085939028965], [-70.63312689141915, 41.67022280265974], [-70.63337110194891, 41.67017401598962], [-70.63367579848664, 41.670314210373405], [-70.63297264787965, 41.67257616914428], [-70.63297177691163, 41.67410740261115]]], [[[-70.7109976249005, 42.000915692605474], [-70.71029257555281, 42.000097677682255], [-70.71038284911798, 41.99747428050453], [-70.7109043356204, 41.99624155751584], [-70.71093475450019, 41.99582647091779], [-70.71007535705395, 41.99429046723953], [-70.70998273554443, 41.99351775817239], [-70.71050355679073, 41.992762229334], [-70.71084083466266, 41.992694216198124], [-70.7125583255712, 41.993649760098165], [-70.71488899270132, 41.993885253338895], [-70.71593172258463, 41.99426550009263], [-70.71663790782864, 41.99477736223173], [-70.7175267088516, 41.99461068940671], [-70.7158087408576, 41.993655217658166], [-70.7147050223453, 41.99326667255803], [-70.71234383233673, 41.99287846460924], [-70.71080995563679, 41.99159554889552], [-70.71047252346693, 41.99164611612895], [-70.71022697645253, 41.99207265984041], [-70.70943032141349, 41.992534784996266], [-70.70891015069145, 41.993722492253156], [-70.70890987468164, 41.994199687646656], [-70.70961569283612, 41.99573857790966], [-70.7096162186653, 41.996242789861974], [-70.70842141947534, 41.999718401142275], [-70.70803694996566, 42.00011978080587], [-70.70663478570792, 42.00045782961843], [-70.70512512327382, 42.00009957677515], [-70.70311607532832, 41.999347851024034], [-70.70198078718852, 41.99852734743435], [-70.70136699598991, 41.997842718093914], [-70.70066172314284, 41.997655464496276], [-70.69995613251564, 41.99695386631757], [-70.69992564783844, 41.99637853983781], [-70.6996795706533, 41.99576062496609], [-70.69903564856611, 41.994896822469975], [-70.69903489261422, 41.99351868341746], [-70.69983193141381, 41.99027391629304], [-70.69961682443271, 41.988395131555905], [-70.6990956933309, 41.987160220776424], [-70.69869692454576, 41.98675169547819], [-70.69737878174071, 41.98606885653619], [-70.69477131442567, 41.984369633959076], [-70.69303819257868, 41.98355720518115], [-70.69121495639666, 41.982242715807914], [-70.69023344906117, 41.9818789937171], [-70.68934434552247, 41.982018440451135], [-70.68787300344135, 41.981535862685035], [-70.6872290417382, 41.981968530882845], [-70.68679979378584, 41.98206508222399], [-70.68655424305979, 41.981744827300375], [-70.68689169219279, 41.98110008299681], [-70.68492995009498, 41.9801924892375], [-70.6821705159675, 41.979476677123806], [-70.67925828777175, 41.977718640288096], [-70.67600919486961, 41.97298404055158], [-70.67505937831599, 41.97202560255806], [-70.67505895582553, 41.97147636903142], [-70.67441563087587, 41.97049481388419], [-70.67266852128377, 41.96912486039631], [-70.6726377958967, 41.968936121264626], [-70.67368029057305, 41.968732074280666], [-70.67352669830369, 41.96848167147669], [-70.67309814266062, 41.96818200953235], [-70.67220870738892, 41.968068650977465], [-70.67064585625435, 41.966425947053736], [-70.67058461334418, 41.96612049929195], [-70.66981842001206, 41.96534792590185], [-70.6695116843804, 41.964614139358154], [-70.66764305495151, 41.96324547406824], [-70.6663254474787, 41.962670318904046], [-70.66604901648257, 41.96233234785982], [-70.66611006467214, 41.96184490011424], [-70.66666200638497, 41.96175607463746], [-70.66690723937788, 41.96148212139399], [-70.66681646071204, 41.96130363459756], [-70.6652532197335, 41.96031756533841], [-70.66231065614772, 41.95964888475049], [-70.66191347355772, 41.95915076333638], [-70.66191323800173, 41.9583668679272], [-70.66087090312733, 41.957481910251175], [-70.66087142731503, 41.95718478849145], [-70.66127060677998, 41.956728524993395], [-70.66123959958766, 41.956449742131326], [-70.65817529747186, 41.95588191512006], [-70.65768469263719, 41.95558286217617], [-70.65627594307705, 41.95533330520501], [-70.65563140305512, 41.95484684019579], [-70.65416216459242, 41.9529952561015], [-70.65318150241127, 41.9523340901496], [-70.65017787649589, 41.95127860147311], [-70.64990357467784, 41.9507065064088], [-70.65017878902908, 41.950504279455], [-70.65014860297417, 41.950252510607896], [-70.64919843933073, 41.95002315739137], [-70.6441121178255, 41.949448316159085], [-70.6394848196032, 41.94946983355939], [-70.63890267380972, 41.949288747381466], [-70.63727926281594, 41.94812344677853], [-70.63433862584762, 41.946931830304564], [-70.63130535906379, 41.94654302629901], [-70.63041631411072, 41.94692511676699], [-70.63090549612008, 41.94814267004396], [-70.63344571191514, 41.95175337191108], [-70.63451709697897, 41.9529899535393], [-70.63543652486034, 41.95340039849516], [-70.63580401596263, 41.95379090618723], [-70.63653896119874, 41.95415886668342], [-70.63684575917495, 41.95455060047883], [-70.6367834071199, 41.95578534289013], [-70.63705855376607, 41.956510541407006], [-70.63809967749745, 41.9580721225413], [-70.63935509184361, 41.959485619039], [-70.64055002982936, 41.96046815094439], [-70.64143668162284, 41.96276066137047], [-70.6431515453735, 41.96469922370463], [-70.64388659968162, 41.96594050630108], [-70.64455973755388, 41.967947770037135], [-70.64844958925669, 41.97416918671898], [-70.64949071682983, 41.97518029964086], [-70.65071758917068, 41.97564017476002], [-70.65117653486882, 41.97597559892505], [-70.6527702254233, 41.97771783969986], [-70.6530763591952, 41.97888384878353], [-70.6527388339065, 41.979339415585066], [-70.65218678905376, 41.97933813621588], [-70.65172699146284, 41.97909274808032], [-70.64731404306573, 41.97508586207673], [-70.64504911587224, 41.970417913642045], [-70.63941386743755, 41.962276684899855], [-70.63800651152195, 41.9598024059081], [-70.63372018322792, 41.95360461665557], [-70.63075061167349, 41.94999065657089], [-70.62517936062845, 41.944477731960816], [-70.62126773275246, 41.94176850118696], [-70.62001041968975, 41.941201146400495], [-70.6166089472609, 41.94021373157024], [-70.6152910476011, 41.94021478773775], [-70.61271809300563, 41.94065628138587], [-70.60873486838427, 41.94042437594984], [-70.60781550297821, 41.940653551422855], [-70.60496735431246, 41.9418732454087], [-70.6033438528057, 41.9428323709762], [-70.6015677961533, 41.94431643852167], [-70.59951632586551, 41.946587273677835], [-70.59841388100041, 41.94738667776474], [-70.59685074784804, 41.948164985634484], [-70.59194850008315, 41.949260056460034], [-70.58906890738957, 41.949678325109424], [-70.58388959172012, 41.94984062768765], [-70.58300037376334, 41.94960952249974], [-70.58263317691083, 41.94935334020483], [-70.5814679503197, 41.94818979108134], [-70.57990516605273, 41.94705004036837], [-70.57448127370265, 41.946341067756464], [-70.57438967608968, 41.94610847500288], [-70.57534005845042, 41.94604132571634], [-70.57886354740945, 41.94638886407629], [-70.57907765464901, 41.94617843558659], [-70.57910807920895, 41.94540378218791], [-70.57806618891141, 41.94531040496782], [-70.57733075678776, 41.94503209975272], [-70.57714678426629, 41.94482746314419], [-70.5770859390257, 41.94418881957915], [-70.5760128967288, 41.94434784402104], [-70.57552315158777, 41.94425553119726], [-70.57460338077803, 41.94380014009704], [-70.57264214643715, 41.942449406646695], [-70.57068125428918, 41.941674892289605], [-70.56982290573916, 41.941173253807115], [-70.56875058867155, 41.940125127433774], [-70.56786153069002, 41.938840444833666], [-70.56770881156795, 41.9383833748802], [-70.56697326197224, 41.937375682773755], [-70.56645239061787, 41.93696906424672], [-70.56406262099443, 41.93595682590321], [-70.55481044239818, 41.93022053991416], [-70.55288138234378, 41.92962549391666], [-70.54905213456136, 41.92779569998062], [-70.54559051932372, 41.92671673973204], [-70.54356915593247, 41.9265101847358], [-70.54111803250846, 41.92702030389942], [-70.5390351967033, 41.92641810339625], [-70.53903512800261, 41.9261479837482], [-70.5398622255209, 41.92534401986031], [-70.53986222974785, 41.924893821447135], [-70.53952530519155, 41.92425001842292], [-70.53937280975681, 41.9229195246824], [-70.53827104706626, 41.92152926776748], [-70.53805693036895, 41.92083866043497], [-70.53891520763844, 41.920061978044465], [-70.54050742586934, 41.91958071073574], [-70.54136605268121, 41.91912815616888], [-70.54464290849545, 41.91855235017422], [-70.54498051651768, 41.91832275906288], [-70.54657390566362, 41.91574349314972], [-70.54721759478156, 41.913384198280845], [-70.54712663662526, 41.91007110342224], [-70.54660559266502, 41.908214186491385], [-70.54489128514531, 41.90485094239534], [-70.54219790518573, 41.90131232402808], [-70.53809721877575, 41.896414567139], [-70.53436312791305, 41.89266439105079], [-70.5322823689069, 41.89024270150036], [-70.53203780416456, 41.88953493895051], [-70.53203782213444, 41.88831883550321], [-70.5328966095085, 41.88582187554934], [-70.53289695022973, 41.88473239348207], [-70.53219391729509, 41.88285022393457], [-70.5315520697528, 41.881751354939254], [-70.53139965114391, 41.880978530211124], [-70.5314925247638, 41.87699729317034], [-70.53201452015735, 41.87512607288133], [-70.53201511968518, 41.87384694487463], [-70.53161804748542, 41.87220428210008], [-70.53097656327128, 41.87071767544143], [-70.53097581804721, 41.870419973688946], [-70.53161943766511, 41.870006187695694], [-70.53180242400855, 41.8697066684978], [-70.53174215968116, 41.86762679111754], [-70.53149820771901, 41.866711375324016], [-70.5308858313388, 41.86586429981089], [-70.5296632242429, 41.86470026863369], [-70.52843909424581, 41.86309557627811], [-70.52724722904836, 41.861057826169876], [-70.52590103520107, 41.85961695063987], [-70.52556567754672, 41.85873000332252], [-70.52587213828382, 41.85722163074135], [-70.52679094007179, 41.855984101530574], [-70.5284740142164, 41.85443061913743], [-70.52874972010558, 41.85392255052054], [-70.52899490572482, 41.85314466322078], [-70.52899558189661, 41.85253183189235], [-70.528690396158, 41.85092370182282], [-70.52948613807774, 41.84955285695404], [-70.53080274501595, 41.8479050572179], [-70.53123295459729, 41.84354006590728], [-70.53218136006143, 41.84246425602576], [-70.53257970886217, 41.841729304315706], [-70.5325492979828, 41.840658128713834], [-70.53270218561552, 41.84017883490773], [-70.53322234662069, 41.84024345955852], [-70.53496603879763, 41.84121096542727], [-70.53573012499675, 41.84134460956721], [-70.53594445378376, 41.84150399188101], [-70.53591401036364, 41.84209912623056], [-70.53612801466667, 41.84232997492914], [-70.53643471102875, 41.842353388046135], [-70.53692405592767, 41.8407970095988], [-70.53692376725, 41.840292781353554], [-70.53631198688524, 41.84026510394565], [-70.53536415414574, 41.84063807490968], [-70.53450735164891, 41.84031624695856], [-70.5342320722863, 41.839833888763856], [-70.53548709606238, 41.83937573603798], [-70.53600709984886, 41.83882807236881], [-70.5368037642599, 41.836727858964394], [-70.5369570818315, 41.834572687253655], [-70.53775290613372, 41.83376960414438], [-70.53824217436997, 41.83370901469176], [-70.5396799696012, 41.83277120505222], [-70.5401689967025, 41.83270103859432], [-70.54172982251721, 41.83173441303151], [-70.54206611655512, 41.831261712898495], [-70.54261704520817, 41.82949760983924], [-70.54319886257895, 41.82627398456681], [-70.54286405622084, 41.821334150072396], [-70.54213075233938, 41.81826324291933], [-70.5410314781674, 41.81574750287974], [-70.53705785782591, 41.81002739309039], [-70.53265680394348, 41.80479085516119], [-70.52584443024836, 41.79848008137132], [-70.52312243176974, 41.796460695249635], [-70.52092426475303, 41.79452227808605], [-70.5174090478154, 41.790952298259796], [-70.51447656627914, 41.788820584837815], [-70.50748351667067, 41.78506990678855], [-70.50427244073612, 41.78307449896857], [-70.5006403240013, 41.78053956261849], [-70.49478643309587, 41.778199339781004], [-70.49466406376779, 41.77802099167911], [-70.49735231541706, 41.777103748316634], [-70.49829911580782, 41.77648741542666], [-70.4994592946475, 41.77609411216591], [-70.50064267610684, 41.77582649548579], [-70.50348414913523, 41.775797919871955], [-70.5045237122311, 41.775639868215116], [-70.50950530953129, 41.77465568908769], [-70.51155339221158, 41.77379051061761], [-70.51219533937008, 41.77374599255355], [-70.5432123641617, 41.777113697792835], [-70.54837782323706, 41.776773156808865], [-70.55097504567087, 41.77635981009328], [-70.5552235486598, 41.775310691581886], [-70.56142698007822, 41.772542007912506], [-70.56488027718646, 41.769837678197554], [-70.56677455139855, 41.76793816479022], [-70.56989095319287, 41.76368898606403], [-70.5723955877997, 41.75995247643297], [-70.57395304752602, 41.758102439763164], [-70.57923733639117, 41.75430055795261], [-70.58586483185127, 41.750092225290445], [-70.58986574015704, 41.7482187916761], [-70.59536364611064, 41.7466109202476], [-70.60162505343717, 41.74537966305684], [-70.60703041974395, 41.744574109195966], [-70.61298526693716, 41.7431484917971], [-70.61390139067365, 41.74278420894192], [-70.61591752121937, 41.742665380864544], [-70.61649794211174, 41.742395826342076], [-70.61698589000098, 41.741803659433195], [-70.61927545729134, 41.74097839104736], [-70.6219919626661, 41.73950808288392], [-70.62449546226483, 41.73756280172689], [-70.62638269055896, 41.73850526796236], [-70.62720661655686, 41.7391868839759], [-70.62775567768102, 41.740052658653454], [-70.6277250785549, 41.74042271274581], [-70.62751070254288, 41.74063266393176], [-70.62524994932649, 41.740898946218685], [-70.62449882449809, 41.74129216295583], [-70.62434751855224, 41.742545929075476], [-70.62401117581948, 41.74307345166037], [-70.62379894853589, 41.7441933770509], [-70.62291411170149, 41.744908572592095], [-70.62163201874174, 41.74541304399324], [-70.62147884716775, 41.74556830671189], [-70.6214494724712, 41.74601040062694], [-70.62056351561282, 41.74713074873358], [-70.61989222177542, 41.747149198722546], [-70.6195560797784, 41.747766749895284], [-70.61989364838476, 41.74854538952315], [-70.62172873127031, 41.75007447440044], [-70.62182152480196, 41.75067676816811], [-70.6216992290205, 41.751290909415225], [-70.6219743628904, 41.751475923972286], [-70.6226466856503, 41.751358425551686], [-70.62295190625458, 41.75165115443782], [-70.62264864677421, 41.754033184322296], [-70.62237448259705, 41.75451503595031], [-70.62200784302995, 41.75483522810674], [-70.62127548141535, 41.75499840526318], [-70.62096876675847, 41.75481370818466], [-70.62084601791457, 41.75414928025829], [-70.62057139148092, 41.75400872411772], [-70.62023490258781, 41.7541310558803], [-70.6200524098876, 41.75442171277097], [-70.61999162353831, 41.755206277522625], [-70.61968633464832, 41.75538174712576], [-70.618679085998, 41.75550395327396], [-70.61797587483272, 41.75543266864], [-70.61809784912576, 41.754926576427444], [-70.61745590849497, 41.75490866127717], [-70.61709012720696, 41.755409486832214], [-70.61632629804426, 41.755618533808736], [-70.61492311099529, 41.75749341124616], [-70.61461691311851, 41.757515792663334], [-70.61443384346799, 41.75689703397476], [-70.61351763498197, 41.75690116242545], [-70.61214238565195, 41.75721797150508], [-70.61039983243771, 41.755414270707554], [-70.60966568514233, 41.75546030769237], [-70.60908624165026, 41.75575684802801], [-70.60890306943033, 41.75601146619356], [-70.60905563522068, 41.756577097209075], [-70.60988185828303, 41.7574749513988], [-70.61104312448319, 41.75808897516941], [-70.61156355773086, 41.75954999287385], [-70.6122992854606, 41.76279997665366], [-70.6122698436599, 41.76362023523883], [-70.61144512562838, 41.76449675889021], [-70.61104792933449, 41.76449309748809], [-70.61089494053196, 41.764333208374914], [-70.61116935081323, 41.76376190839391], [-70.611108461437, 41.76346542731516], [-70.6108029869951, 41.76332573262086], [-70.60997777833494, 41.76340032446295], [-70.60976462180324, 41.76413304658158], [-70.6090619322759, 41.76458394291654], [-70.60826754331433, 41.7643610691924], [-70.60774771614103, 41.763719966897206], [-70.60777768277578, 41.76335047531998], [-70.60854154493047, 41.762501639160064], [-70.60881511365312, 41.76142611478833], [-70.60948733916025, 41.760812910258636], [-70.60945564471947, 41.76047163645832], [-70.60890639208296, 41.759920911785414], [-70.60859971541623, 41.75933043938664], [-70.60838539732157, 41.75834282525145], [-70.60792699276669, 41.75806967935184], [-70.60545204015861, 41.75839298498521], [-70.60533036566197, 41.75857492302734], [-70.60539145301072, 41.75909650887611], [-70.60640119036634, 41.760198981958304], [-70.60637047373469, 41.760379946324804], [-70.60572821776933, 41.76051503088024], [-70.60481172591768, 41.760401472839305], [-70.60401770871457, 41.76071937421514], [-70.60297970610387, 41.76136399496343], [-70.60258281057976, 41.761982144657566], [-70.60258277272725, 41.76225226420161], [-70.60298088250653, 41.762805206066126], [-70.60301228592046, 41.76402099249394], [-70.60337921592547, 41.76454723807868], [-70.60463155303904, 41.76486266051218], [-70.60533490063877, 41.76573538301936], [-70.60606888014073, 41.76613957116828], [-70.60872825847622, 41.76708387843968], [-70.60936957142364, 41.76696677714025], [-70.6101942187323, 41.766369391110054], [-70.61138547408635, 41.76583957545795], [-70.61220933557239, 41.7651071092002], [-70.61260564751638, 41.76403872294032], [-70.6129416880201, 41.76357482116019], [-70.61376689451639, 41.76328354952773], [-70.61462192796645, 41.76344270283997], [-70.61532563086082, 41.764054250120914], [-70.61550937228219, 41.764925123606005], [-70.61578416037989, 41.76508370082214], [-70.61627333311952, 41.765067800238484], [-70.61682232862285, 41.76415027527996], [-70.61709639968488, 41.763164775806395], [-70.61749407021368, 41.762888733790724], [-70.61847160120057, 41.76261380242341], [-70.61926549282595, 41.76268297071694], [-70.62116093390944, 41.763322822309746], [-70.62274973583217, 41.76355285149411], [-70.62333033506604, 41.76404860007379], [-70.62314794382318, 41.76501512328226], [-70.6233012276795, 41.76523802575261], [-70.62394250000523, 41.76514785436207], [-70.62449212497984, 41.764779540290824], [-70.62547310792384, 41.76296264571183], [-70.62752175032843, 41.76163676278501], [-70.62828702817222, 41.760608290607905], [-70.6288980979267, 41.760193717797776], [-70.6295394278383, 41.76015022384633], [-70.62993982224447, 41.761048051717964], [-70.63115595703012, 41.7617360073828], [-70.63160407664343, 41.76236013495482], [-70.63153983292247, 41.762552104924126], [-70.63211589454167, 41.762584069652114], [-70.63253182588045, 41.76283991127834], [-70.63267581689807, 41.76383200613315], [-70.63435596890153, 41.76567202614888], [-70.63445207697434, 41.766456100752976], [-70.63531588902882, 41.767527940861854], [-70.63544410492824, 41.76844000176783], [-70.63611586289682, 41.76932016930565], [-70.63614799228858, 41.76964005333292], [-70.63586005093484, 41.76997608084466], [-70.63509208112175, 41.770343917697645], [-70.63427601952003, 41.770487973345084], [-70.63357212948823, 41.77095195399457], [-70.63285213586127, 41.7719920611111], [-70.63299596529055, 41.77247205366386], [-70.63166787823305, 41.77325597654121], [-70.63094799365739, 41.77340017885128], [-70.63064416126883, 41.77376814886164], [-70.63037190862077, 41.77383191272542], [-70.63019618835935, 41.77423181039981], [-70.63010011306751, 41.77455184300761], [-70.63029182541563, 41.77474407788564], [-70.6300679465512, 41.775064260377526], [-70.63009985731753, 41.77528791475058], [-70.63058004743192, 41.775992200299555], [-70.63064384114875, 41.7768559415502], [-70.63003602061316, 41.777352147733374], [-70.62976405157723, 41.77725609214987], [-70.6296199974635, 41.777400180724925], [-70.62936391861324, 41.77784785959978], [-70.62944400745789, 41.77823226525561], [-70.62902814119849, 41.77879183476341], [-70.62898004358776, 41.7796721668565], [-70.62931591936595, 41.78007203339705], [-70.63003611341368, 41.78010398312165], [-70.63051599715973, 41.780391833172374], [-70.63051600379356, 41.78088817633731], [-70.63077184340203, 41.781479887287695], [-70.63066003311849, 41.78176772370151], [-70.63094802349856, 41.78215202573503], [-70.63069205231697, 41.782232234444336], [-70.6307879076789, 41.78284016989194], [-70.6305801345368, 41.78308000345845], [-70.63051593386042, 41.78373623963582], [-70.63078797200087, 41.7839122038039], [-70.63061210481034, 41.78437625418014], [-70.63013204904955, 41.78456786414033], [-70.63016401764264, 41.784760004954464], [-70.62982797554112, 41.785032060156794], [-70.629907937576, 41.78559204142327], [-70.63051613342974, 41.78604012811194], [-70.63069187430283, 41.786855763893996], [-70.63006781730628, 41.78723986019962], [-70.62881993793431, 41.78708007433687], [-70.62728382095642, 41.78735194604586], [-70.62678803241894, 41.78866385161765], [-70.62447588067954, 41.792553267898256], [-70.61645996037358, 41.80547006013146], [-70.63267684556632, 41.80642408454744], [-70.6506128419351, 41.8052878920689], [-70.66149288161196, 41.80476011270357], [-70.68173409456689, 41.80333602196523], [-70.71765508761239, 41.80152688772354], [-70.7175910295187, 41.80215109070957], [-70.7178789239943, 41.80357511307537], [-70.71776714322769, 41.80376680352992], [-70.71690282374082, 41.80405518288613], [-70.71682282534512, 41.80423077126941], [-70.71770284371217, 41.805607088202265], [-70.71767114752494, 41.807302971996236], [-70.71743109919288, 41.80789501613013], [-70.71661509248023, 41.8084707231668], [-70.71739913276268, 41.80936692695616], [-70.71715903931008, 41.810023122671986], [-70.71639110356395, 41.81103078059878], [-70.71613486170432, 41.811959229813894], [-70.71531886419801, 41.8127431420837], [-70.71554305216216, 41.814086821853046], [-70.71538315478189, 41.81451903205082], [-70.71551101399702, 41.815254851412355], [-70.71512716835616, 41.815974768934005], [-70.71474287527631, 41.81611899823485], [-70.71469495056166, 41.81640679147034], [-70.71437516765015, 41.816535144368196], [-70.71483902668388, 41.81704705728853], [-70.71479106448804, 41.817399002744], [-70.71448700694854, 41.8179911627005], [-70.71368708746733, 41.81843921817611], [-70.71256703045583, 41.819590734749355], [-70.71208716125243, 41.82037525704043], [-70.71173491266974, 41.82066319674445], [-70.71151109280409, 41.82130317384371], [-70.71090281620246, 41.82167093773657], [-70.70976718096385, 41.822887034726875], [-70.70891913082858, 41.82344727191079], [-70.70795890008156, 41.82440683258227], [-70.70784692039828, 41.82479096957157], [-70.70802310653232, 41.82687095834758], [-70.70747901861097, 41.8273348160828], [-70.70720712751023, 41.82775104270539], [-70.70706314903325, 41.828438836546646], [-70.7066471021907, 41.828950850863514], [-70.70591107763893, 41.82920683990996], [-70.70487098848079, 41.82931889388072], [-70.70368706628959, 41.829078783705285], [-70.70335102304591, 41.82920699264118], [-70.70269503746249, 41.82880680122371], [-70.70064700464579, 41.828566804805455], [-70.7002468753335, 41.828615208871824], [-70.69997508796177, 41.82883896178368], [-70.6997988970371, 41.82971897851219], [-70.69906301554947, 41.82951122573928], [-70.69831105739681, 41.829655068541754], [-70.69749515879022, 41.82931900076529], [-70.69727100818143, 41.82946317323352], [-70.69743112208029, 41.830103011697894], [-70.69727103502878, 41.830567272141344], [-70.6949670682784, 41.83259884804541], [-70.69487098727255, 41.83407086423494], [-70.69442288001522, 41.83451901860071], [-70.69413508480824, 41.8353509682839], [-70.69365507664445, 41.83611909417821], [-70.69256712963163, 41.83658297466072], [-70.69087083947687, 41.83778309867058], [-70.68984684354596, 41.838007116487155], [-70.68955896078788, 41.839846924540424], [-70.68787912813848, 41.841191183612956], [-70.68488713734868, 41.844007185332075], [-70.68363897854717, 41.84491890478977], [-70.68221494262029, 41.84557499073428], [-70.68053500750705, 41.845526919119884], [-70.68370316644204, 41.848870936211725], [-70.68642305892185, 41.85221504267537], [-70.70645597087213, 41.87510320886917], [-70.70906404138046, 41.8776018671736], [-70.7157581699265, 41.88606325101466], [-70.72137393830049, 41.89231206926607], [-70.73108416713927, 41.903836893548274], [-70.73378483263095, 41.90639298922069], [-70.73632308387619, 41.90941275260948], [-70.74051717094166, 41.91524196476275], [-70.7426308583753, 41.91724020652377], [-70.75049007523766, 41.92587825864262], [-70.75085801326577, 41.92720591122979], [-70.75841004941768, 41.94782983960857], [-70.77004206770737, 41.94642194891766], [-70.77050604676006, 41.946502006613294], [-70.77156201271025, 41.946245948279376], [-70.78223505552808, 41.94318021040666], [-70.80549901570963, 41.93579804512732], [-70.82962697379875, 41.927734215685334], [-70.83247508888495, 41.930678214854964], [-70.84351593079393, 41.940789721616945], [-70.84854001918328, 41.945077768977306], [-70.8569560101756, 41.95184609781749], [-70.85908397136156, 41.95363795861643], [-70.86078393532092, 41.95540206269615], [-70.86288407695267, 41.957001805505385], [-70.84918395566726, 41.96740200947365], [-70.82268400905323, 41.984501817705976], [-70.81978401790677, 41.9930020305185], [-70.81868399621605, 41.9967021594653], [-70.80638399661981, 42.01060183127826], [-70.80748393739417, 42.01150210561277], [-70.80728405639422, 42.0130022476885], [-70.80798399870409, 42.01360184868719], [-70.80948398497466, 42.01540206999429], [-70.80948402219654, 42.01670196605365], [-70.8111839941449, 42.01750171988314], [-70.81218404221852, 42.01860223843186], [-70.8131840622407, 42.01920192242678], [-70.81288401137054, 42.02270195779865], [-70.81458405373691, 42.02430185420068], [-70.83347593591348, 42.019713057765706], [-70.8345849394636, 42.02160182584092], [-70.8449849960909, 42.04280108577256], [-70.8422850420578, 42.04340121627695], [-70.8407850175406, 42.044801077415954], [-70.84578605894433, 42.04600192728252], [-70.84668501488031, 42.052100771355555], [-70.8453850515969, 42.0534011066605], [-70.84618505475768, 42.054701063268716], [-70.83668500839467, 42.05910089837134], [-70.8386850244785, 42.05900105295623], [-70.83948496618866, 42.05990096098653], [-70.83898496140144, 42.06080124133656], [-70.83838502058892, 42.06390117958155], [-70.8419850716989, 42.07180113801471], [-70.84418602720194, 42.077901266522574], [-70.84258608160545, 42.08850102946385], [-70.8454860687929, 42.09230079601831], [-70.84248593974523, 42.0948012102116], [-70.83938596711118, 42.09460104935277], [-70.8359860009957, 42.09690091061391], [-70.83108601963964, 42.09860106639584], [-70.82358498239772, 42.10030087488819], [-70.82118604995823, 42.100502203013825], [-70.81958606127897, 42.09930199608199], [-70.81478505099656, 42.099001016818534], [-70.81118497590336, 42.098101016511215], [-70.80958497859251, 42.099201064829664], [-70.8107849690073, 42.10020092911987], [-70.80998492189416, 42.10050110566764], [-70.81178507097198, 42.104100958245056], [-70.80663505764363, 42.10850187196176], [-70.8035019092702, 42.11170611661939], [-70.80068504134081, 42.109700869166964], [-70.7988849337451, 42.112300881161], [-70.79218498692299, 42.10620087839849], [-70.7894850380808, 42.10680090302914], [-70.79208502959412, 42.10910108002527], [-70.79008498814055, 42.10880115234544], [-70.79018504655959, 42.1107009507252], [-70.78818495333478, 42.11030082579647], [-70.78838501373215, 42.11160082540481], [-70.78638492729317, 42.11150116150037], [-70.7832850858293, 42.111901034790826], [-70.7820850493473, 42.11460076450817], [-70.78258507205294, 42.116500824207115], [-70.77843308399083, 42.1158850176747], [-70.77688591493498, 42.11700182695517], [-70.77548604967859, 42.11590186880533], [-70.77568601522475, 42.11500221884612], [-70.77618900130281, 42.11433801221975], [-70.77768494256166, 42.113501123742275], [-70.77628507987804, 42.11350072928045], [-70.77618499405764, 42.112600870375026], [-70.77399401561144, 42.112902128798794], [-70.77351094175971, 42.113112899865015], [-70.76698409110661, 42.11330091132346], [-70.76658408739733, 42.10980104213637], [-70.7601850580076, 42.1096017676947], [-70.76051994108623, 42.10741888341643], [-70.76165499918972, 42.10488326762656], [-70.7623849602397, 42.102801962053086], [-70.76188493154848, 42.102703078059555], [-70.74998503904649, 42.09730297879317], [-70.76120896895497, 42.078393039315074], [-70.77178502445793, 42.06130278842681], [-70.77398394664148, 42.05810191315333], [-70.7811849963999, 42.04650290748855], [-70.768814995674, 42.04519104166515], [-70.76752908852274, 42.04455481582055], [-70.7669900236616, 42.044001018074404], [-70.76674594549304, 42.0430720819735], [-70.76422993668898, 42.03811575761104], [-70.76248393893273, 42.03720302856293], [-70.76008404712351, 42.035403127170895], [-70.75928409067909, 42.034302884331275], [-70.75939502693187, 42.03308980028486], [-70.76098395255171, 42.03180298909101], [-70.76359300803558, 42.03117492765016], [-70.7655840051167, 42.03120291966825], [-70.76692107907724, 42.0280140809164], [-70.76820305721398, 42.02681411392903], [-70.76978396685769, 42.022203101281804], [-70.74971492196305, 42.01989715629269], [-70.7336639692949, 42.01834509445566], [-70.7312500127574, 42.01792823233512], [-70.72819691102649, 42.01390497275529], [-70.72594103509111, 42.011365881673754], [-70.72488182812901, 42.00980219504455], [-70.72488218797702, 42.00726484447239], [-70.72472696269189, 42.006783782849915], [-70.72218205787398, 42.003202162973885], [-70.711487435762, 42.00315311722439], [-70.71143370662814, 42.002405438698275], [-70.7109976249005, 42.000915692605474]]], [[[-70.60912196856066, 42.013584742670936], [-70.60469823310535, 42.00926438409152], [-70.59864188999165, 42.005297896860704], [-70.5983975529728, 42.00489023578437], [-70.59885809526438, 42.00343074388082], [-70.60010712988954, 42.00268369562418], [-70.60109215573327, 42.00249167062906], [-70.60252980275368, 42.00257049147774], [-70.6028983701424, 42.00270337623471], [-70.6032113825768, 42.003191475165096], [-70.60298462938343, 42.00405012455847], [-70.6050665707355, 42.004428840450245], [-70.60558759464254, 42.00477393641056], [-70.6060765490461, 42.005549274317445], [-70.60685731440569, 42.00628468399938], [-70.61035707657989, 42.0077964670794], [-70.61154849001358, 42.00790308282981], [-70.61334956200277, 42.007495570039104], [-70.61479730240806, 42.00696655693131], [-70.61988201124349, 42.004809436946346], [-70.62190167069933, 42.003669099905615], [-70.62407660112508, 42.002150631920614], [-70.62511096861658, 42.00116250491212], [-70.62745836636908, 41.99943370354378], [-70.6292082417005, 41.99676109667068], [-70.62936229300585, 41.99630870325523], [-70.6301604820467, 41.995504998792605], [-70.63197011864513, 41.994407344674265], [-70.63331969906095, 41.99404561300195], [-70.63687688723245, 41.99418394335569], [-70.6377659000481, 41.994657160128604], [-70.6381954839395, 41.99529966823172], [-70.63804093671894, 41.99651739177079], [-70.63751921282795, 41.99724557847894], [-70.6363219286903, 41.99772218326293], [-70.63543310391523, 41.99781563339823], [-70.63469734602927, 41.997637307554875], [-70.63298082072649, 41.99674305805217], [-70.63184576942103, 41.99685881063039], [-70.63107749784632, 41.99884168889441], [-70.63120760640324, 42.00011446384009], [-70.63208759060973, 42.00056120688952], [-70.63266902511185, 42.00140859872594], [-70.63272992009776, 42.00186712856138], [-70.63242321945864, 42.00200661178574], [-70.63138066401184, 42.00136392970735], [-70.6306145462081, 42.00111387963899], [-70.63027726851753, 42.00119966461105], [-70.62987792751996, 42.00196194927409], [-70.6284972076899, 42.00273814149277], [-70.62545865567414, 42.00520449398946], [-70.6244697286973, 42.00557283549015], [-70.62432887275403, 42.00607653241157], [-70.6234132862968, 42.00624059004383], [-70.62190996503804, 42.007113117415685], [-70.62106085988214, 42.00781564381898], [-70.62024596829774, 42.00776154528453], [-70.61979040755806, 42.00821273178545], [-70.61848996611579, 42.00840417537326], [-70.61807294234158, 42.00885002478987], [-70.61754248501157, 42.008796974702385], [-70.61590217408623, 42.00933635157331], [-70.61567052175974, 42.00955402824899], [-70.61518589022161, 42.0095694128729], [-70.61519314677285, 42.009752921515165], [-70.61489154621157, 42.009981310200295], [-70.61495182308255, 42.01039426342846], [-70.61396390757278, 42.01111310838527], [-70.61317157907544, 42.0111970052998], [-70.61200384201592, 42.010930210544274], [-70.61298233843348, 42.01226811587868], [-70.61251053876697, 42.0135525623583], [-70.60912196856066, 42.013584742670936]]], [[[-70.6404266879722, 42.00374851014413], [-70.64005578923512, 42.00715871742295], [-70.63895017601092, 42.00946268143458], [-70.63643324747294, 42.01264229641075], [-70.63612498635274, 42.012782340672935], [-70.6353591478669, 42.012666819958255], [-70.63496029177641, 42.01236611645933], [-70.63459266012086, 42.01179497165785], [-70.63428741999448, 42.01049330334809], [-70.6346281121321, 42.00644361626413], [-70.63502776202084, 42.00521255832022], [-70.63558055885844, 42.00459210052645], [-70.63714501118068, 42.00420043342692], [-70.63763577330761, 42.00359018974642], [-70.6377592871733, 42.00299405756357], [-70.63815836711501, 42.002717948630746], [-70.63898584114085, 42.00250752848198], [-70.63959958351055, 42.00250820885007], [-70.64009070856382, 42.00278933218203], [-70.6404266879722, 42.00374851014413]]], [[[-70.5476023295146, 41.55237778870916], [-70.54781513227695, 41.5526271855769], [-70.54775438655096, 41.55280788320646], [-70.54738895843118, 41.5529477577214], [-70.54556115883668, 41.55255817641803], [-70.54446525617911, 41.55212239089839], [-70.54361303710607, 41.552125345469335], [-70.54312565452518, 41.552329458621415], [-70.5413892606504, 41.55482132445878], [-70.54114473676859, 41.5554911897514], [-70.54111470537373, 41.55644649474234], [-70.54084026422815, 41.556611878019986], [-70.54007831835966, 41.556586305769976], [-70.53974394959361, 41.5567258558166], [-70.53919531756233, 41.55736388180282], [-70.5384636595702, 41.5592384178774], [-70.53767238653472, 41.55949227096674], [-70.53724546203445, 41.55983137047657], [-70.53684871857195, 41.56095351761222], [-70.53620916187595, 41.56143037318226], [-70.53565976800346, 41.562437544141154], [-70.53450217257125, 41.56397528711902], [-70.5323698312622, 41.565526102674234], [-70.53145578038885, 41.56598877524122], [-70.53057179608247, 41.56676627796189], [-70.5305710462308, 41.566964361761954], [-70.53105906718979, 41.566876797133745], [-70.53285689578755, 41.56579868617248], [-70.53319112990599, 41.565821228445365], [-70.53480534939281, 41.56685410973118], [-70.53373933670821, 41.567679049532735], [-70.53184966917298, 41.56984813897421], [-70.53053905340455, 41.57081109055475], [-70.53002087225916, 41.571403750832964], [-70.52907626629579, 41.571749653632104], [-70.52858860508792, 41.572873247790106], [-70.52609081264853, 41.57282484553243], [-70.52612165877895, 41.572644465138374], [-70.52810282160351, 41.570834727383996], [-70.5288335147635, 41.56994225564459], [-70.52886451033676, 41.569257083374666], [-70.5282559476484, 41.567607503853196], [-70.52807454970598, 41.56504315883444], [-70.52798384559891, 41.56477394772651], [-70.52707026237444, 41.56402047239152], [-70.52716150874072, 41.563784896349425], [-70.52810558426984, 41.56376315358707], [-70.52895911455727, 41.56353578550358], [-70.530329348875, 41.563031445986454], [-70.53130482322469, 41.56236952832386], [-70.53185295903651, 41.5615244408882], [-70.53218936613123, 41.560384913537305], [-70.53237324100533, 41.558554146787415], [-70.5359681510209, 41.555488440405284], [-70.53599863374613, 41.55495633228022], [-70.5366390799555, 41.55409231014002], [-70.53843525273459, 41.55384303981203], [-70.53947096925434, 41.553270479523405], [-70.53977509113943, 41.55347339270608], [-70.53986650484784, 41.55424739166638], [-70.54001881469352, 41.554407376476505], [-70.54029222341626, 41.55438548915287], [-70.54157256564869, 41.55303499823772], [-70.54163314869075, 41.552791273801645], [-70.54132916728996, 41.55257879996671], [-70.54050605345242, 41.55246379837912], [-70.5391364948021, 41.55274372427142], [-70.5376438859557, 41.55283575606043], [-70.53740053573225, 41.552901786722344], [-70.5375522981515, 41.553521541588545], [-70.53548088992657, 41.553864691512096], [-70.5333195620587, 41.55276750875485], [-70.53024367609324, 41.55166416515736], [-70.52981725261787, 41.55122888840191], [-70.5292702609759, 41.550172984723794], [-70.52838897226528, 41.54747547195243], [-70.52921157982504, 41.546678892829945], [-70.53067013685029, 41.54823499470334], [-70.53216183198293, 41.5492882559557], [-70.53575625994537, 41.550725727911036], [-70.53995800682542, 41.55141581740562], [-70.54513578108035, 41.55161817566288], [-70.5476023295146, 41.55237778870916]]], [[[-70.33230555845411, 41.72877287696608], [-70.33126752215134, 41.72828949779207], [-70.32928184032282, 41.72657402738793], [-70.32873153554054, 41.72579680656265], [-70.32876174355432, 41.725337332335194], [-70.32918739502158, 41.725045692202414], [-70.33074610700284, 41.7248641780054], [-70.33230368498486, 41.72476479564425], [-70.33508199261121, 41.724932262030805], [-70.33651782306016, 41.7248146931288], [-70.34042520536043, 41.72403066020027], [-70.34326506877552, 41.72403366204192], [-70.34482249511792, 41.72369099024705], [-70.34631829378972, 41.7236194911113], [-70.3476310950091, 41.72380218085254], [-70.34882275208112, 41.724121509281645], [-70.34964763888797, 41.724535041856626], [-70.3500430667476, 41.72527007542759], [-70.35004423195848, 41.72645753277251], [-70.35099258184057, 41.72798658733712], [-70.35102214617042, 41.72847311921782], [-70.35306940291092, 41.72949324030448], [-70.35441317721796, 41.72982079427743], [-70.35603262007255, 41.72983707672319], [-70.3573140658424, 41.72940817028163], [-70.35932855441685, 41.72791564542869], [-70.36036683875558, 41.726796001730754], [-70.36097658950146, 41.72647288336604], [-70.36155623464016, 41.72644772853937], [-70.3636635355251, 41.72692743735351], [-70.36430579306398, 41.72722592287756], [-70.36479299165188, 41.727140175805246], [-70.36555591999216, 41.726545054556375], [-70.3667160823576, 41.72606418579921], [-70.3671747291204, 41.72608394499777], [-70.36787682949803, 41.72635486728059], [-70.36955791962103, 41.727658623148756], [-70.37016916786968, 41.727885858514256], [-70.37154246336513, 41.72784207555958], [-70.37285507221262, 41.72744819613056], [-70.37270146953253, 41.72582871621818], [-70.37233504512345, 41.72573391900878], [-70.37206052791637, 41.726007518994976], [-70.37172510603641, 41.726858478035815], [-70.37117582066152, 41.72727004485137], [-70.37068770073321, 41.72736593985489], [-70.36964883992594, 41.72706299106031], [-70.36876289090816, 41.72610086158821], [-70.36802909048114, 41.725668677718474], [-70.36729647379556, 41.725488058490676], [-70.36671620261097, 41.72548566052154], [-70.36464080962027, 41.7261498730127], [-70.36396842404028, 41.72619437785829], [-70.36326594393519, 41.72567130687678], [-70.36051788603014, 41.72548738620419], [-70.3583503766737, 41.72590069296595], [-70.35761679857613, 41.726342424901794], [-70.35603191982064, 41.72826075140178], [-70.35542064388956, 41.72833114467661], [-70.35496208929445, 41.728074975810706], [-70.35462611599277, 41.72760224630116], [-70.35395500129191, 41.72579462877668], [-70.3531587032201, 41.72460197919015], [-70.34909484211337, 41.72071387060195], [-70.34836227673699, 41.720578150575285], [-70.3472011929405, 41.72087873680501], [-70.34573671803133, 41.72098714459194], [-70.34454593779414, 41.72041567057722], [-70.34451551339781, 41.7201457944662], [-70.3458578532421, 41.71949984373978], [-70.34878771414293, 41.717393795075566], [-70.34997838717454, 41.71675976932986], [-70.35074160220589, 41.71671345117221], [-70.35177955807985, 41.71705258334257], [-70.35284808226054, 41.7177606285311], [-70.3541308863376, 41.7180605610627], [-70.35660284541783, 41.71778827391811], [-70.35922883171479, 41.71803803894078], [-70.36002310873985, 41.71757720849903], [-70.36011449917906, 41.71723314585156], [-70.35977786823865, 41.7170930215099], [-70.35925938951621, 41.717441246467985], [-70.35828315381573, 41.717533883686656], [-70.35602330465473, 41.71711950837225], [-70.35370313339749, 41.71732690436881], [-70.35284608266518, 41.7165540288321], [-70.35235918432922, 41.71574829891939], [-70.35211294888167, 41.71561581621113], [-70.35138222642817, 41.7160490945948], [-70.34979304679501, 41.71591486642681], [-70.34793181406664, 41.71620613153872], [-70.34716889558815, 41.716548451278356], [-70.34582607005382, 41.71732947685531], [-70.3453370180732, 41.718227202003], [-70.34418030438844, 41.71936745589564], [-70.3437209576611, 41.71959690398788], [-70.34277451946947, 41.71961711394102], [-70.34133916667822, 41.71936333626216], [-70.34109341975912, 41.71920438436266], [-70.34106488742715, 41.71893452642751], [-70.34341540673377, 41.71879916727309], [-70.34408517401148, 41.71831467087521], [-70.34411698009316, 41.71771901926108], [-70.34466570836109, 41.71659567092524], [-70.34451286629533, 41.715660482393595], [-70.34402413797818, 41.71531504388883], [-70.34188624425714, 41.71458365879323], [-70.34139699908108, 41.71424720785499], [-70.34081729194426, 41.71351533080271], [-70.3390770878659, 41.71305807152173], [-70.33803802263218, 41.712601191542696], [-70.3379777357279, 41.71211659243982], [-70.3394108412899, 41.708658912641404], [-70.3398671149619, 41.70814018658647], [-70.33980703318221, 41.70772649980894], [-70.34011080732795, 41.707499422280485], [-70.34057054323715, 41.7074928509329], [-70.34295203452342, 41.709419252443524], [-70.34359326849109, 41.70971784730917], [-70.34539283578114, 41.70989988254083], [-70.34627902077028, 41.70969388990538], [-70.3474989917847, 41.70905287210446], [-70.34783482795046, 41.70850419387683], [-70.34798600481265, 41.70697104787377], [-70.3475591581742, 41.70621599028935], [-70.34679500795353, 41.70553011130578], [-70.34673398954016, 41.70518676547722], [-70.3472518496086, 41.704683829480096], [-70.34780200906438, 41.704638188206], [-70.34841305363636, 41.705027056699656], [-70.34871810549937, 41.70587317357646], [-70.34932890428111, 41.70596376596017], [-70.34975600519999, 41.705620853550464], [-70.3499690998575, 41.70502590716866], [-70.349968884428, 41.70420313414789], [-70.34929685555582, 41.70367690413692], [-70.34923585587345, 41.70331104910795], [-70.34941896990195, 41.70315082245552], [-70.35005998388931, 41.70310496333658], [-70.35060900446712, 41.703309730112814], [-70.35124988906799, 41.703104036110766], [-70.35128003583948, 41.70230408050722], [-70.35179902100809, 41.70177693660256], [-70.35185885044204, 41.70101723707532], [-70.34349486091291, 41.70013172622092], [-70.34084793638446, 41.700314148171586], [-70.34064708962048, 41.6999401102443], [-70.34102486634559, 41.69941889216497], [-70.3398741852465, 41.69715889479721], [-70.34144906909526, 41.69697796881186], [-70.34309711189053, 41.69617702795199], [-70.34447008828121, 41.69528379021485], [-70.34535493886439, 41.695992859287706], [-70.34743090270621, 41.69704490055729], [-70.34776715729639, 41.69736514574673], [-70.34932414997542, 41.69759306426153], [-70.35142907291028, 41.69699809429588], [-70.35261911453394, 41.69683676565232], [-70.35363988393857, 41.69715376285181], [-70.35332098308604, 41.695990117082864], [-70.3528318634486, 41.6949609449372], [-70.35310586896763, 41.69475491892467], [-70.35332011746722, 41.69409188318573], [-70.353470856192, 41.692239072935685], [-70.35206699721525, 41.69187318774154], [-70.35206606979926, 41.691255818888976], [-70.35046783328961, 41.69103314745606], [-70.35346098242606, 41.690487068529144], [-70.35304200230274, 41.68963081130948], [-70.35301095970986, 41.68832712150288], [-70.35255084345403, 41.686292005615144], [-70.35236788420346, 41.686153969852924], [-70.35438006685042, 41.68331706122701], [-70.35648391504508, 41.68157787966047], [-70.35623999109704, 41.68128109879257], [-70.35675799528097, 41.67999924915144], [-70.35675818200234, 41.679610939420655], [-70.35535407454248, 41.67883314153212], [-70.35547510825877, 41.67846687003432], [-70.35627893395952, 41.67750923967754], [-70.35675002447095, 41.67729618255061], [-70.35809983704634, 41.67602718544188], [-70.3577309151382, 41.67533296249818], [-70.3555340632841, 41.67517300413633], [-70.35593013888258, 41.67357196639673], [-70.35638704875993, 41.672954136406304], [-70.3566919368173, 41.67286209284447], [-70.35656906073598, 41.67219903968221], [-70.35681284462619, 41.67128417390268], [-70.35702614240152, 41.67094077617317], [-70.357331083865, 41.6708031471295], [-70.35742192460683, 41.67052886484042], [-70.35845887888541, 41.66972776076801], [-70.3633439332901, 41.673569185781446], [-70.36468716081967, 41.67441381013042], [-70.36563297080572, 41.67466579901237], [-70.36947882852077, 41.676700225986124], [-70.37326217422898, 41.67633200320009], [-70.37398082814585, 41.67610219288271], [-70.37790110782737, 41.67596872070198], [-70.38108010752299, 41.671353253782286], [-70.38431397364488, 41.66851377389008], [-70.38568683020466, 41.66764593618485], [-70.3853528442064, 41.66618171798789], [-70.38492614241595, 41.66549489803084], [-70.38492695270831, 41.665061011763754], [-70.383616929876, 41.662955226525334], [-70.38136492342284, 41.660026964058794], [-70.38014312701293, 41.659088060733666], [-70.37727003469611, 41.657423765983616], [-70.37637282840507, 41.65710819627893], [-70.37377083376245, 41.656913065758644], [-70.37296816324945, 41.656109921413666], [-70.37287589452023, 41.65515004826051], [-70.37134803329049, 41.65217697980813], [-70.37911081339232, 41.652477177777975], [-70.39213395086156, 41.653259855308384], [-70.3970449566721, 41.65337624889976], [-70.40439600525886, 41.65216588676445], [-70.4132410723307, 41.6509327598123], [-70.41440013970626, 41.65061292434617], [-70.418151054051, 41.64910387919457], [-70.4273930288622, 41.6470230961529], [-70.43004596843099, 41.64606325174795], [-70.43035087288777, 41.64635988332862], [-70.43043301085194, 41.64591213274688], [-70.43334301900772, 41.644828008099864], [-70.43400113178991, 41.64596814932963], [-70.43399508492993, 41.64655618109951], [-70.43381289840256, 41.64706602557316], [-70.43352387507996, 41.64734582285388], [-70.43313907157696, 41.64752004672156], [-70.43209003389225, 41.647550156028295], [-70.43254681528111, 41.64807612726567], [-70.43336987696046, 41.648167139593085], [-70.43416284066831, 41.6485561287866], [-70.4369988934922, 41.65075212990143], [-70.4383719288416, 41.6510727879636], [-70.4382801760069, 41.652147935558304], [-70.4386770377193, 41.6525140598234], [-70.43922589435994, 41.65267394075478], [-70.44056791867875, 41.65251424527485], [-70.44126886934161, 41.65175879144192], [-70.44395312668084, 41.65269598917443], [-70.444990063073, 41.65322223018646], [-70.44550785442031, 41.652718857470376], [-70.44538601213189, 41.65155280797712], [-70.44587410615902, 41.65164399890198], [-70.44770411480023, 41.65297105941136], [-70.44785682901411, 41.65285598047454], [-70.44793583693348, 41.65229507403685], [-70.45105899623661, 41.65683502946406], [-70.45871218393015, 41.6636658176909], [-70.47119618395955, 41.6656387833111], [-70.47143905052268, 41.66465389704252], [-70.47360400484989, 41.66193112035633], [-70.47372507967691, 41.661564730098135], [-70.47514115525766, 41.65966974000311], [-70.48079510077582, 41.660905156976185], [-70.48110690864318, 41.662247882691574], [-70.48195817211194, 41.66404789618222], [-70.48236806582658, 41.665784865163744], [-70.47886482871617, 41.67123081563672], [-70.4758401927923, 41.676306736979235], [-70.47507207037742, 41.67632120431751], [-70.47517583007368, 41.67764518909342], [-70.47478795534452, 41.678638906139696], [-70.4752098973255, 41.679781734913284], [-70.47577792210444, 41.6822798787846], [-70.47778802142126, 41.68483206571102], [-70.48486514038035, 41.6842392493527], [-70.49700583975944, 41.68363503078165], [-70.49665090128985, 41.6779328427425], [-70.49359112252979, 41.67667900177551], [-70.49347290015706, 41.67605892085892], [-70.49347011206153, 41.673017183114204], [-70.49365317356616, 41.67230691238034], [-70.49530003408202, 41.67136928099243], [-70.49639794814364, 41.67111672685892], [-70.49691710002995, 41.670772958101374], [-70.51150999429856, 41.67605499887729], [-70.51245608974112, 41.67535414082716], [-70.51386087885122, 41.67386826606087], [-70.51386093579539, 41.67352385892646], [-70.51606094344761, 41.66805827477615], [-70.51639583225227, 41.666755011090565], [-70.51665002208009, 41.66325573218238], [-70.51921588588294, 41.656941802319025], [-70.52096384060742, 41.65486396894439], [-70.5231949796276, 41.65039798086528], [-70.53056313611579, 41.64420599367115], [-70.53458990101026, 41.64180576990251], [-70.53465084692077, 41.641644776326416], [-70.53602287757697, 41.64100474509826], [-70.53675500322205, 41.64011279112073], [-70.5378528473851, 41.63924418718224], [-70.53785289826513, 41.63901627145256], [-70.53946988614958, 41.63736925079916], [-70.53962281820918, 41.63702613613486], [-70.53347906430663, 41.6264201428128], [-70.53273983941965, 41.62342224246421], [-70.53015205518425, 41.61683394944163], [-70.52529807315332, 41.59967899000158], [-70.50343001194514, 41.594773949021814], [-70.49947213507812, 41.59398281742859], [-70.49817698920705, 41.5938701083727], [-70.49829583559439, 41.592981997159846], [-70.49947206846691, 41.59204411273538], [-70.50008311550658, 41.59086207116527], [-70.500337984717, 41.589325731632705], [-70.50140288323716, 41.587565783556116], [-70.50172393934244, 41.58670927276201], [-70.50183082049935, 41.58571919401732], [-70.5024471296726, 41.58445727524851], [-70.50301303846258, 41.583614728876746], [-70.50362900859756, 41.58319074843643], [-70.5039538752117, 41.58256780999642], [-70.50412984612127, 41.58168694764373], [-70.5059509512909, 41.578537945814666], [-70.50592689063433, 41.57837397261245], [-70.50530493981353, 41.57810121783775], [-70.50655916902504, 41.57706321277118], [-70.50804283888863, 41.5735960834728], [-70.51193911033118, 41.570775737010585], [-70.5124610593581, 41.57002224190472], [-70.51260412176244, 41.56941908402853], [-70.51254585637473, 41.56804601160002], [-70.51372407401232, 41.56805512392721], [-70.5139089169825, 41.56829027333955], [-70.5150886948652, 41.56858807958201], [-70.51607061361076, 41.56991288000985], [-70.51637477597382, 41.57067467428313], [-70.51786619347529, 41.57254693069815], [-70.51783532414325, 41.57272730884919], [-70.51707386158216, 41.573097769153335], [-70.5163413673282, 41.574143221418105], [-70.515701070175, 41.57467398235106], [-70.5155794779878, 41.57519798130242], [-70.51451188651016, 41.57639246210087], [-70.51390246031018, 41.57664379054255], [-70.51387037928747, 41.577851189851316], [-70.51451088635692, 41.57828388157093], [-70.51496688100177, 41.57821467827762], [-70.5161869875593, 41.577216790872455], [-70.51643169820454, 41.57572760296487], [-70.51755910736324, 41.57451448819687], [-70.51759029354113, 41.574289092258525], [-70.51719492014963, 41.57385291152744], [-70.517407808447, 41.57350753213439], [-70.51829227581771, 41.57325293525709], [-70.5193274489193, 41.57348247849868], [-70.51990577324106, 41.57406035702529], [-70.51996617051302, 41.57471705296716], [-70.51892860612989, 41.576892719384865], [-70.51883775020973, 41.57751546962785], [-70.51901935245365, 41.57867462972139], [-70.52020659706136, 41.5798210832398], [-70.5206639263495, 41.57995896316252], [-70.5220955308442, 41.57973325031107], [-70.52508135924113, 41.579963758895495], [-70.52599590731634, 41.57978026701609], [-70.52691012785006, 41.57927261719285], [-70.52715411112071, 41.57899951902099], [-70.52724558410517, 41.578133657224846], [-70.52809990285571, 41.57487923331137], [-70.52880075867354, 41.574104122117824], [-70.52916702793421, 41.57401833780054], [-70.52971552399418, 41.573578447094164], [-70.53133158134881, 41.571179142024015], [-70.53236750319732, 41.57051660418342], [-70.53337289805377, 41.56946718386003], [-70.53416528839433, 41.569024282974915], [-70.53443917432436, 41.56907444601469], [-70.53401204279743, 41.57198082536155], [-70.53343233675422, 41.57315092825153], [-70.53105492909316, 41.576488075975426], [-70.53019982225219, 41.57948139539296], [-70.53026019622303, 41.57984995349251], [-70.53074838273993, 41.57970836614482], [-70.53108377740324, 41.57946080087967], [-70.53154108752092, 41.5777426664597], [-70.53266915338672, 41.57609721269766], [-70.53346192375089, 41.574294137661134], [-70.53498591435769, 41.57200373552518], [-70.53523018872174, 41.57081164258205], [-70.53559589209651, 41.57023904910376], [-70.53593230221308, 41.56855026096817], [-70.5362069486399, 41.56795213147342], [-70.53581066669868, 41.56747098815715], [-70.53559728184375, 41.5667623550074], [-70.53596385788575, 41.56553246919668], [-70.53648175242226, 41.564777706634864], [-70.53736510658476, 41.56413521481591], [-70.53742617234776, 41.56361180685168], [-70.53974236869094, 41.560455223034765], [-70.5425454793265, 41.55736404097645], [-70.5429415319114, 41.55665605706856], [-70.54373371889392, 41.55631213462151], [-70.5442816633568, 41.55626891355223], [-70.54461699005945, 41.556516533815476], [-70.54482996186515, 41.55768435401219], [-70.54406801132072, 41.55823563264744], [-70.54388510872097, 41.5586432158078], [-70.54501196644424, 41.55836681845758], [-70.54528625660733, 41.55871409372021], [-70.54528573937021, 41.55932692965087], [-70.54501158866539, 41.55992508414955], [-70.5450109116619, 41.56105115143802], [-70.54473703862104, 41.561253128090726], [-70.54473635671285, 41.56202747343509], [-70.5437005591742, 41.564230383891314], [-70.54403505846022, 41.564937769632586], [-70.54056132183385, 41.57056022969047], [-70.54028677969275, 41.57120339081643], [-70.54028689744453, 41.571770649425154], [-70.54056142011045, 41.57170431254517], [-70.54159763480189, 41.570014665007726], [-70.54275570240962, 41.569143156398525], [-70.54351661801182, 41.56909723082163], [-70.54382087599059, 41.56937216631038], [-70.54385145233266, 41.570335860782386], [-70.54345529877996, 41.57177317872557], [-70.54345490949706, 41.57260211406367], [-70.54378978871324, 41.57275969152759], [-70.54479534061166, 41.57141303790421], [-70.54455179932167, 41.56910144193834], [-70.54418724522384, 41.56832233505234], [-70.54415673391735, 41.56740422445901], [-70.54513194662843, 41.565120888814654], [-70.54680738368911, 41.56386426250805], [-70.54680816619937, 41.562603135100524], [-70.54653390957992, 41.56207578237323], [-70.54653406651671, 41.561435931239735], [-70.54705271971737, 41.560266940576284], [-70.54772261405222, 41.55983473677483], [-70.54787495837446, 41.55949048269253], [-70.54729624648205, 41.55880469555759], [-70.54729617819645, 41.55850699762936], [-70.5482707836067, 41.557710430660286], [-70.54814979114362, 41.557432541145026], [-70.54747982324007, 41.55734251004723], [-70.54805815874582, 41.55626293119449], [-70.54885018951852, 41.55388348802123], [-70.54885088800535, 41.55343272731415], [-70.5483936400641, 41.55297025103092], [-70.5483635868889, 41.552673427389514], [-70.54872882143115, 41.55221840548919], [-70.54888119407632, 41.55169406903078], [-70.54808920757306, 41.55104701714787], [-70.54811969463245, 41.55065897194358], [-70.55049555744961, 41.54987919078358], [-70.55146702742097, 41.549839476553], [-70.55344964009906, 41.54940694418872], [-70.55393665050873, 41.5491481969268], [-70.55862673354484, 41.54865256355497], [-70.5596922254311, 41.548329930698806], [-70.56148935651369, 41.54810000214045], [-70.56301117878314, 41.54833091980306], [-70.5700456541291, 41.547848511585116], [-70.57016741089124, 41.54823386918482], [-70.5699542301929, 41.548444281062125], [-70.56812748654113, 41.549063525668195], [-70.567084601808, 41.55002233450886], [-70.5688580591293, 41.54956699332205], [-70.5692539365577, 41.55029168883541], [-70.56901055080664, 41.55178098957813], [-70.56931556781073, 41.55208287482691], [-70.57016776790044, 41.552468026910475], [-70.57013714230106, 41.55290053331823], [-70.56992462455912, 41.55303835555375], [-70.56913273932425, 41.553013295514546], [-70.56904156763666, 41.55320388415885], [-70.56925519574182, 41.55590347468757], [-70.56858560845441, 41.561326303382884], [-70.5679763400811, 41.56223521622786], [-70.56791603595453, 41.56310980292724], [-70.56767171769465, 41.563473587186486], [-70.56764198933202, 41.56402315328869], [-70.56730686625289, 41.5645505153177], [-70.56718440319375, 41.56516459911828], [-70.56654527214067, 41.56583071272807], [-70.56608812170646, 41.56701717831523], [-70.56621045430104, 41.56731250435286], [-70.56611882186766, 41.568277998921396], [-70.56517502810563, 41.56956062877416], [-70.56508339073348, 41.5706791916753], [-70.56520494553763, 41.571361686965275], [-70.56480924337814, 41.57264657291159], [-70.56499197779668, 41.57337346694722], [-70.56477825548352, 41.57435821479757], [-70.56517426998546, 41.57436203752553], [-70.56633300145758, 41.57378799265059], [-70.56611959106763, 41.572619649795165], [-70.56645417662354, 41.57220990186895], [-70.56636308361476, 41.57136445987184], [-70.56685025910006, 41.569970583487205], [-70.5676413379838, 41.56857244739566], [-70.56770266127022, 41.56749977981073], [-70.5679156445908, 41.56676713462666], [-70.56834231633665, 41.565716035539765], [-70.5704131460807, 41.562328347099744], [-70.57065651837334, 41.56166685289889], [-70.57041236256569, 41.55987811295596], [-70.57065638705143, 41.559145154540396], [-70.57065619756422, 41.558280201282415], [-70.57169149978918, 41.55443774984063], [-70.57169121568552, 41.55350076361068], [-70.57111277127777, 41.55324785893817], [-70.57108159428105, 41.55299549048387], [-70.5714172653039, 41.55263075831076], [-70.57287807516595, 41.55237651327148], [-70.57306108449525, 41.55207693458487], [-70.5729086732279, 41.550934989964674], [-70.57363905233488, 41.54935736453637], [-70.57345614267142, 41.548666499738296], [-70.5732736610275, 41.5483087878421], [-70.572755855139, 41.54800967767212], [-70.57211667748446, 41.54791891737251], [-70.57196376710365, 41.54820973642634], [-70.57098996933861, 41.547844424451924], [-70.57099034533239, 41.54725016028724], [-70.57303035483001, 41.5471587856964], [-70.57393968034435, 41.54693153830743], [-70.5744004930459, 41.546223413694264], [-70.57637451915917, 41.545951923273556], [-70.57927174893858, 41.54484826268962], [-70.5798795308039, 41.54480254234794], [-70.58015498163937, 41.54604339239983], [-70.58061244229728, 41.546451153971184], [-70.5792111686181, 41.547317691934836], [-70.57899859350748, 41.547644615200234], [-70.57899794409927, 41.548184852333314], [-70.579759573933, 41.54939982025415], [-70.58006507258418, 41.5508187438167], [-70.57994356847195, 41.552054689261176], [-70.58012580867812, 41.55274553758893], [-70.57985238271618, 41.55383956403586], [-70.57988317129681, 41.55446052955193], [-70.58024893067585, 41.55504988089107], [-70.58040114940077, 41.55584965953539], [-70.58052272675789, 41.55599189493701], [-70.5810412528154, 41.55603886164894], [-70.58104178818367, 41.556471622619966], [-70.58012806953242, 41.55900617764597], [-70.57875771277169, 41.56114197021425], [-70.57863637544618, 41.562467393909195], [-70.57818037115945, 41.56408610947835], [-70.5774497341248, 41.565573722484125], [-70.57604891370171, 41.567493702652875], [-70.57489260348036, 41.57136447192148], [-70.57343099606317, 41.574933918827654], [-70.57321733365828, 41.576026730661795], [-70.57330884618615, 41.57633192677318], [-70.5736138501747, 41.57625562924481], [-70.57513687218486, 41.57388365557648], [-70.57574523540103, 41.572388870834345], [-70.57656820223329, 41.571756277323196], [-70.57717689961453, 41.57070268636819], [-70.57711565978376, 41.56868584523884], [-70.57879030172967, 41.56671742555299], [-70.57863775240706, 41.5663048158297], [-70.57830263281282, 41.56603028703338], [-70.57915538301505, 41.56509065445519], [-70.5801902128777, 41.56441023124611], [-70.58326703718717, 41.56392638140265], [-70.58341912594021, 41.56432041015009], [-70.58317571206882, 41.56452216170104], [-70.5831754761997, 41.56477427286894], [-70.58393711930731, 41.56545741007138], [-70.5839979644073, 41.56570888838504], [-70.58390724741206, 41.56749376990328], [-70.58466904125008, 41.56793323136655], [-70.58524769921542, 41.56870886413937], [-70.5857659679103, 41.568728794250376], [-70.5853999010414, 41.56676127880495], [-70.58552112924785, 41.565093131859854], [-70.58427139156318, 41.564272698473786], [-70.58424095547043, 41.563885842215], [-70.58357078522218, 41.56314716989951], [-70.58405730239971, 41.56197831906679], [-70.58515372670017, 41.56101753491875], [-70.5859151474962, 41.56003434806178], [-70.58579342384424, 41.55898214717007], [-70.58481792081548, 41.557932635251554], [-70.58484855200619, 41.55757159520014], [-70.58533543536849, 41.55715964414737], [-70.58551830510041, 41.55678801231733], [-70.58542668943613, 41.55635676907876], [-70.58426871642143, 41.5548415117376], [-70.58417775542284, 41.55436525252099], [-70.58506018298908, 41.55413713583175], [-70.58530431222428, 41.55390837430828], [-70.58536387443925, 41.55333090767261], [-70.58472421913234, 41.55182658165686], [-70.58487611711905, 41.549951027669465], [-70.58387039881262, 41.548667720892134], [-70.58384027642619, 41.54844293972188], [-70.58454021033822, 41.54816270734493], [-70.58472314240434, 41.547890121907116], [-70.58475349259007, 41.54699784175975], [-70.58426607235288, 41.546220690091666], [-70.58396147014206, 41.54601789311045], [-70.58338312384896, 41.546152225114824], [-70.58085535694697, 41.545601113737696], [-70.58079365276188, 41.54439351041819], [-70.58125166082368, 41.54437076838525], [-70.58618441674592, 41.545464613639716], [-70.5902637826093, 41.54521037119233], [-70.59349277564274, 41.545257020824565], [-70.59625580581887, 41.54464257695249], [-70.59878130649805, 41.54317755240942], [-70.60219890554335, 41.54189173283684], [-70.60366019280164, 41.54187120283015], [-70.60716191912955, 41.542760367129915], [-70.60719249923994, 41.54314609168378], [-70.60563962642885, 41.543447321209065], [-70.60217017984381, 41.54605361072458], [-70.60226278984234, 41.54719616451409], [-70.60138052477797, 41.54886618277098], [-70.6011064988536, 41.54912231633167], [-70.60071131415084, 41.55024468897286], [-70.60065087297089, 41.55094821175812], [-70.60089454316697, 41.55152133381178], [-70.60153469274047, 41.55152133629007], [-70.60208159921395, 41.54962187625342], [-70.60475857237853, 41.545684063921605], [-70.60679762200382, 41.5437462541771], [-70.6073761436014, 41.543647820880906], [-70.60816753774593, 41.54383524601139], [-70.60838000898399, 41.54250826121617], [-70.60862300387139, 41.54245952183322], [-70.60993332487308, 41.54300835434588], [-70.61108982902724, 41.54298365038425], [-70.61336434825077, 41.54244037478075], [-70.61602309148381, 41.54211389124608], [-70.61714822254733, 41.54156496140143], [-70.6175441754332, 41.54172167054434], [-70.61897498144559, 41.54162923734688], [-70.62271930395295, 41.541171455102955], [-70.62447388900623, 41.540788824707825], [-70.62690281920857, 41.539893063710856], [-70.62976596738974, 41.53936580473244], [-70.6299485907699, 41.539210197588424], [-70.63074041126096, 41.539090770432914], [-70.63086271968227, 41.53890881354238], [-70.63259839753132, 41.53858669055232], [-70.63360288480625, 41.53824827083408], [-70.63369408660118, 41.538039624376594], [-70.63469973170552, 41.537836263546986], [-70.63476096696975, 41.537655525270004], [-70.6365576340389, 41.536971959795494], [-70.63911646713551, 41.53566555903753], [-70.64155326495079, 41.534180350248896], [-70.64554339110653, 41.53051995577127], [-70.64743243617319, 41.527934829393935], [-70.64895550153979, 41.52630979006177], [-70.6504487632718, 41.52382012807429], [-70.65379984306257, 41.519700530779424], [-70.6541027084332, 41.51902073932696], [-70.65407496948013, 41.517377874312935], [-70.65383172701974, 41.516547697445944], [-70.65419736016177, 41.515677602739466], [-70.65498975744983, 41.515062796148264], [-70.65550693514862, 41.51499180070951], [-70.65651045108889, 41.51540106533382], [-70.65721053458627, 41.51576923839571], [-70.65827540697843, 41.51675350719711], [-70.6587016628598, 41.516936184162674], [-70.66007150283285, 41.51742072633359], [-70.66156277959573, 41.51755274431694], [-70.66302290064131, 41.518035666593846], [-70.66387489545716, 41.51878871131684], [-70.6647271928854, 41.51929020416883], [-70.66490904816655, 41.52153915101137], [-70.66466494813473, 41.52251540768881], [-70.66533538836954, 41.52281184283467], [-70.66700934206997, 41.52284158627575], [-70.66725277119492, 41.522721256746536], [-70.66704050803581, 41.520760217045456], [-70.66740581633344, 41.52027781048665], [-70.66816655469019, 41.519933360895195], [-70.66822828505076, 41.51959053826194], [-70.66758841056534, 41.518239195437], [-70.66758899092122, 41.51776199105415], [-70.66789308267029, 41.51723523989872], [-70.66844133413387, 41.51716441332604], [-70.66929340949608, 41.51892642101955], [-70.67054070256275, 41.520529240434776], [-70.67044931759376, 41.52160229168975], [-70.67054000779247, 41.52208747876945], [-70.67108768571403, 41.5227009339286], [-70.67099641379325, 41.52362091958673], [-70.67142263834575, 41.52395717761106], [-70.67300451328079, 41.52439358809453], [-70.67440511246897, 41.52503968755287], [-70.67480140630839, 41.52537627772899], [-70.67480085986267, 41.52608758433019], [-70.67455712046282, 41.52640657703694], [-70.67458818345041, 41.52664034242015], [-70.67501393713842, 41.526958012671855], [-70.67586596144335, 41.52723375757333], [-70.68076674257601, 41.5280356952557], [-70.68137571605587, 41.528171208657945], [-70.68158933968738, 41.52841979436849], [-70.68219852217396, 41.52862733622226], [-70.68359825012011, 41.52832734002417], [-70.68448122126861, 41.527440611015415], [-70.68448116108125, 41.52650363996918], [-70.68408513017422, 41.5257889211645], [-70.68408498479123, 41.52532972010533], [-70.68499891217037, 41.5249198550785], [-70.68472421650443, 41.52464495087338], [-70.68286824442075, 41.52476216077908], [-70.68292877865441, 41.524301708285655], [-70.68359851200222, 41.52354457086081], [-70.6837516393297, 41.52295704086545], [-70.6823512653512, 41.52176125673289], [-70.68213825921926, 41.52114295324168], [-70.68219881847638, 41.52071007586751], [-70.68274694562812, 41.52062060859409], [-70.68460326086766, 41.52179152733657], [-70.68600335956286, 41.5216265641387], [-70.68694706399431, 41.522081273622305], [-70.68709967866197, 41.52235811182019], [-70.68715931860848, 41.52350091107805], [-70.68755570486631, 41.52418917249817], [-70.68712973976314, 41.52595145331605], [-70.687160218207, 41.528626398340194], [-70.68682567454576, 41.52949569408987], [-70.68548583475162, 41.529885073663955], [-70.68484634807336, 41.530821955601006], [-70.68432880907179, 41.531208220169724], [-70.68405436499314, 41.532058806699176], [-70.68378030552498, 41.532261112879176], [-70.68274632014362, 41.532357218275386], [-70.68204510845477, 41.532169275319866], [-70.6811928960399, 41.531461387608104], [-70.68082735406507, 41.530529657498974], [-70.67894048484295, 41.52933257072472], [-70.67842280645615, 41.528763828341205], [-70.67769249460122, 41.52851318274416], [-70.67598725656599, 41.52869158676069], [-70.67330861564884, 41.5296130200521], [-70.67324710603789, 41.53043361828061], [-70.67202958605138, 41.53169429865544], [-70.67044634579462, 41.53187069626237], [-70.66867985408291, 41.53306767703134], [-70.66867963205738, 41.53351787238064], [-70.66925785797517, 41.53455418209297], [-70.66925832224463, 41.53535609883557], [-70.66837397079823, 41.53701704072523], [-70.66733894626707, 41.53804997161244], [-70.66706454438544, 41.53939629896732], [-70.66666822307337, 41.539951072147325], [-70.66548139225992, 41.540067846443286], [-70.66496347533283, 41.53992222593385], [-70.66441560782171, 41.539488819094615], [-70.6644153632255, 41.53919168709858], [-70.6647199289347, 41.53878199795573], [-70.66478185287403, 41.53770873315983], [-70.66417279220525, 41.53708748017513], [-70.6619194336679, 41.53775066470678], [-70.65951395417527, 41.538073342333675], [-70.65704772658295, 41.53800159517485], [-70.65558604876374, 41.53857204985642], [-70.6553733247231, 41.53880006818911], [-70.6560119493425, 41.539673699431766], [-70.65601195532756, 41.54004286159747], [-70.65564652967365, 41.540291692271666], [-70.65528123411116, 41.540359880911616], [-70.65406235290709, 41.53981000479409], [-70.65354528942702, 41.539970472877016], [-70.65369722255157, 41.54051803323066], [-70.65363585870637, 41.540995910971226], [-70.65266140329881, 41.54232516703741], [-70.65253835549855, 41.54381327822539], [-70.65262978074101, 41.54403680861333], [-70.65308635178711, 41.544318775373775], [-70.65470032418305, 41.54456546922518], [-70.65515704975986, 41.54449571168069], [-70.65540052852177, 41.54429437149275], [-70.65543062537762, 41.54374422859613], [-70.65515743505274, 41.54321659005609], [-70.65521819742489, 41.54278372683855], [-70.65558376934426, 41.54255346915532], [-70.65884305634201, 41.541596233809635], [-70.66127819693317, 41.54182190390224], [-70.6615836487565, 41.54203406466614], [-70.66158332466205, 41.542259160994796], [-70.65981599415623, 41.54260006320218], [-70.65865931576307, 41.54338215674707], [-70.6578978402166, 41.54472654135453], [-70.65713530335083, 41.54566517256435], [-70.6564646045983, 41.547080002586036], [-70.65481988153167, 41.54893215292295], [-70.65430154406374, 41.54992154241968], [-70.65463375134055, 41.55463646294296], [-70.65536291476586, 41.557490516369214], [-70.65517945753696, 41.560096360475136], [-70.65457069280455, 41.560465494322735], [-70.65441799675955, 41.56073785272284], [-70.65441686287816, 41.562413143604566], [-70.65408042956895, 41.56476855030048], [-70.65389731558375, 41.56515885853195], [-70.65356279792242, 41.56552384002842], [-70.65295289702087, 41.565775905715995], [-70.65054612733594, 41.56599991122347], [-70.64996754257875, 41.566206049905446], [-70.64948016198228, 41.56668186220656], [-70.64893071348196, 41.568472912032504], [-70.64877811657739, 41.56986231863548], [-70.64838176203233, 41.57075974418753], [-70.64637064308411, 41.57116670805507], [-70.64527331414206, 41.571605840395414], [-70.64347500618253, 41.57201041536422], [-70.64274426614679, 41.57238081835816], [-70.64210388637454, 41.57313794466878], [-70.64170715130042, 41.57399932905567], [-70.64124890955226, 41.576149503971436], [-70.64088407346325, 41.576334703163795], [-70.64039585250248, 41.57608058640093], [-70.63884202036309, 41.576517327506075], [-70.63786755858598, 41.576225184739386], [-70.63677119136128, 41.57533109145483], [-70.63591817833374, 41.57501002898713], [-70.63564446891336, 41.574689430617525], [-70.63588881788488, 41.5743255030262], [-70.63488440908016, 41.57331335063365], [-70.63436612250163, 41.573041533391084], [-70.63397012222623, 41.57306496392037], [-70.63384790799356, 41.57331895730095], [-70.63387766554163, 41.574110972032535], [-70.63412158038605, 41.574639001988146], [-70.63527851941699, 41.57562249667445], [-70.6366791612394, 41.576404116743134], [-70.63844566395244, 41.5769279421946], [-70.63908540824772, 41.57686526287475], [-70.63951232928218, 41.57663383159615], [-70.64002992951885, 41.57665350841921], [-70.64094398806898, 41.57731546424917], [-70.64140025945889, 41.57816472500444], [-70.6419774164103, 41.58020117081831], [-70.64194477097878, 41.583588670224266], [-70.64093806710814, 41.58546739520493], [-70.64096760872143, 41.58667358883103], [-70.64084493782954, 41.587017626095005], [-70.64023584586114, 41.58713457193232], [-70.63965646972811, 41.587773407597744], [-70.63965605843677, 41.58827819006261], [-70.6407537880081, 41.58828030739248], [-70.64121093181461, 41.58786845544547], [-70.6421245909741, 41.58759398398866], [-70.64185070777276, 41.58708431634168], [-70.64212646835749, 41.585215822914726], [-70.64237066576202, 41.5845277370289], [-70.64291885419262, 41.58411487755602], [-70.64389392989851, 41.58535296061741], [-70.64453253919136, 41.58681191303067], [-70.64514128058035, 41.58773096127162], [-70.64751327801778, 41.59513654303499], [-70.6487921649765, 41.59767624670055], [-70.6519275945651, 41.603035105019586], [-70.65232341787635, 41.60323670839506], [-70.65274995077985, 41.60454546446624], [-70.65275001807011, 41.60505024983916], [-70.65244502372903, 41.60520779593412], [-70.64933660785968, 41.60525266263881], [-70.6473857072732, 41.60575802164875], [-70.64601369399317, 41.605498422048036], [-70.64488665946487, 41.60497390671435], [-70.64485622665457, 41.60461408146635], [-70.64510031236902, 41.60435874194852], [-70.6449180024015, 41.60346935328534], [-70.64513157965938, 41.60319633896476], [-70.64577154466652, 41.60305202319702], [-70.64787561675136, 41.60145442134274], [-70.64787559797942, 41.60120231000196], [-70.64568353061426, 41.598270251506946], [-70.64504335871783, 41.59792835025177], [-70.64428179210633, 41.59797551585148], [-70.64303176595264, 41.59838928200947], [-70.64260566976388, 41.59801746734419], [-70.6426368986547, 41.596945104255475], [-70.64239315073262, 41.59630904716359], [-70.64260686380368, 41.595297149893845], [-70.64214984843738, 41.595024706529536], [-70.64132771572822, 41.59509052824587], [-70.64044334560965, 41.59543668480685], [-70.64023016114676, 41.595736705166004], [-70.64019886433537, 41.596169222094105], [-70.64083880764647, 41.596943902957754], [-70.64123447179176, 41.597766818789204], [-70.64208714238869, 41.598249907928654], [-70.64226965474516, 41.59861650961278], [-70.64175070095234, 41.599299707127265], [-70.64172032061106, 41.59980426316647], [-70.64293864910225, 41.600696974181], [-70.64327325124451, 41.60126843615119], [-70.64257231675427, 41.60168352253192], [-70.64120031703365, 41.60204570138864], [-70.64110894362283, 41.6025694925476], [-70.64037638488651, 41.60332760328924], [-70.63869946424359, 41.60419842123392], [-70.63873040989033, 41.60437817265358], [-70.63933903259067, 41.604810472872394], [-70.63933878680147, 41.605107602373025], [-70.63906442988069, 41.60538183384204], [-70.63900279497399, 41.606229429348055], [-70.6385460155986, 41.606074025492596], [-70.63781485809061, 41.60613826150106], [-70.63720493727999, 41.60652530573153], [-70.63635060525513, 41.6067990652624], [-70.63625938659696, 41.60719679828708], [-70.63668585004523, 41.607487603522536], [-70.63723459974115, 41.607578996943076], [-70.63763045858374, 41.60822184705435], [-70.63784397349616, 41.60829099692668], [-70.63906319890135, 41.60778701295114], [-70.64073950123932, 41.60755546680285], [-70.64110614456894, 41.60655035550446], [-70.64189912160225, 41.60531435973491], [-70.64226551073529, 41.60488549758522], [-70.64293574934018, 41.604749867335336], [-70.64305744291808, 41.605180724968335], [-70.64150115549083, 41.608265221664944], [-70.64159211855367, 41.60900254676593], [-70.64235357480707, 41.6095052027365], [-70.6435125482991, 41.609776746624966], [-70.64384750390319, 41.60970892689634], [-70.64393878839056, 41.60952728402566], [-70.64375638298823, 41.60920570599264], [-70.64378721921386, 41.60863812507182], [-70.64561634616196, 41.60737782869425], [-70.6460430819636, 41.607398481324], [-70.64738368277938, 41.608865502381214], [-70.64838910959072, 41.609463363861565], [-70.64890690501049, 41.609573039402285], [-70.64954740369974, 41.60939269006931], [-70.6500656713979, 41.60881749942454], [-70.65049302519029, 41.60882069469459], [-70.65180324939561, 41.60987381581134], [-70.6520150986404, 41.610240057399764], [-70.65198484620184, 41.61062756502066], [-70.650735126189, 41.6110599903914], [-70.6486013004072, 41.610901649835164], [-70.64750368263991, 41.61156590602326], [-70.6469847691972, 41.61263629899027], [-70.64667885031683, 41.6148562956666], [-70.64652630618048, 41.61502059829705], [-70.64536750283078, 41.615037214414016], [-70.64506298034621, 41.61526677654479], [-70.6450632138011, 41.61547386972474], [-70.64570289526995, 41.61575330081885], [-70.64628176052473, 41.61634797331147], [-70.64670740957915, 41.61772033631698], [-70.64664592327857, 41.61867598412397], [-70.6460964398428, 41.619755710804164], [-70.6455477412185, 41.620213603878604], [-70.64197935497654, 41.62201228028182], [-70.64066838031418, 41.62226518067483], [-70.63993546015033, 41.623591101149714], [-70.639417077873, 41.62379652036755], [-70.6393866881563, 41.624076539202626], [-70.63999617841351, 41.62462589278573], [-70.64020918283421, 41.625100213028894], [-70.6407858434181, 41.62717436297434], [-70.64185161307587, 41.6290501760952], [-70.64520254706088, 41.63317279300099], [-70.64636109779927, 41.634155615259296], [-70.6467878080949, 41.63472606866177], [-70.64672659554579, 41.635069448493674], [-70.64636037250771, 41.63536270500577], [-70.64584145416633, 41.635406078518876], [-70.64398175485863, 41.634910941784234], [-70.64242710996913, 41.63474390727482], [-70.64224359360439, 41.63458439051775], [-70.64221421304747, 41.633810389502635], [-70.64248830273891, 41.63353614758851], [-70.64239661981857, 41.633213001079845], [-70.6414524817209, 41.63280350988268], [-70.64020251955768, 41.63268601588843], [-70.6397753994041, 41.63245824812899], [-70.63880010121053, 41.631607303817894], [-70.63843476662011, 41.631081179299606], [-70.63843475922253, 41.63046890846881], [-70.63718456777401, 41.630900622150826], [-70.63688028768844, 41.630742993696245], [-70.63654407784782, 41.63078377230598], [-70.63620869451242, 41.63104121457803], [-70.63623842831053, 41.63195028015946], [-70.63602487245925, 41.632322885535665], [-70.63399511344247, 41.634152133989915], [-70.63456020560646, 41.6342442258442], [-70.63504768436637, 41.63405716362909], [-70.63632990629583, 41.63311980484074], [-70.63660421333996, 41.632386375415415], [-70.63730608230716, 41.631790687657045], [-70.63767214995083, 41.63167753862465], [-70.63800700737605, 41.6316817663068], [-70.63849532495125, 41.63207095073392], [-70.63876842759383, 41.6327066751319], [-70.63953089495885, 41.63320935571182], [-70.64001856700001, 41.6337876121352], [-70.64038478657561, 41.633719475367585], [-70.64056770834523, 41.633392213035236], [-70.64123811516038, 41.63323858382354], [-70.64160415898633, 41.63360263280418], [-70.6416032727665, 41.634926773703654], [-70.64294459220376, 41.63587161830834], [-70.64321835279188, 41.63643474194978], [-70.64324866389943, 41.63756046744732], [-70.64349185316429, 41.638250541149866], [-70.64489314387951, 41.63985141568542], [-70.64489327719865, 41.6401220986807], [-70.64419155312564, 41.640537192243585], [-70.64406938416901, 41.64080920565906], [-70.64422162805627, 41.6416539115626], [-70.64492270458689, 41.64165299569272], [-70.64507532989728, 41.64151570724719], [-70.64507601659155, 41.640902879392215], [-70.64544241238958, 41.64062763598878], [-70.64992514696203, 41.63989590109355], [-70.65032251700475, 41.63960230304816], [-70.65087177051046, 41.63880167654862], [-70.65215201563767, 41.63831432397466], [-70.65273236797901, 41.63791009516958], [-70.65328031482477, 41.637856776809905], [-70.65349449282922, 41.63799793308061], [-70.6535862386519, 41.63832107063116], [-70.65306682067674, 41.63916582653954], [-70.65129775818586, 41.6403085197631], [-70.65038014509409, 41.642889182351595], [-70.65056418404967, 41.643832034815226], [-70.65117224594205, 41.64527383396386], [-70.65098950124545, 41.645843658896176], [-70.6506843252321, 41.64602821229388], [-70.6469024239842, 41.64582151130247], [-70.64403486866851, 41.647034069395836], [-70.64250931903321, 41.648172833899594], [-70.64022035930476, 41.64897153632987], [-70.63732412433627, 41.64856299354743], [-70.63524969773907, 41.64861026557646], [-70.63326624213045, 41.649197306892894], [-70.63164989664209, 41.649959318982454], [-70.63073322955161, 41.65082795366911], [-70.62740801804036, 41.6516679964188], [-70.62627884139391, 41.65235038318022], [-70.62487378936943, 41.65468568324448], [-70.62416983714465, 41.65529703793588], [-70.6239882017794, 41.655875834011965], [-70.62377407302621, 41.65600530516683], [-70.6223108378714, 41.65619717506162], [-70.62069382262628, 41.65605750311884], [-70.61959523924763, 41.6554603675444], [-70.61861895148024, 41.655600808955434], [-70.61688187354703, 41.65703922927747], [-70.61578345189606, 41.65683879697052], [-70.61538718056609, 41.6569251927351], [-70.6149906704993, 41.657408324275124], [-70.61502221782725, 41.65789422331493], [-70.61590715941611, 41.65880094346143], [-70.61612096211844, 41.65910423935328], [-70.61612123806844, 41.659464401672366], [-70.61764829723055, 41.661316451688535], [-70.6178630413246, 41.662123975593744], [-70.61816744748864, 41.66257934989998], [-70.61908302524837, 41.66344914044963], [-70.62094620325891, 41.664611564909826], [-70.62164740442688, 41.664592783566526], [-70.62179937910196, 41.664428508571426], [-70.62176866836947, 41.66404166230608], [-70.620760266649, 41.66356116193221], [-70.62219530083946, 41.66346813699996], [-70.62335359157937, 41.662622815979084], [-70.62733850256743, 41.660586480288174], [-70.62718606969958, 41.660318567369686], [-70.62569128172728, 41.66020466624712], [-70.6253865680538, 41.660290112427816], [-70.62480598278877, 41.66082082133829], [-70.62429775362226, 41.66086192946904], [-70.62402300399944, 41.66067692011283], [-70.62377897811062, 41.660193889410664], [-70.62267954866108, 41.65962378989798], [-70.6220085517686, 41.65889491576916], [-70.62017706423782, 41.65783967515396], [-70.61883418614629, 41.657543401887324], [-70.61862088757826, 41.65733915907693], [-70.61859006945318, 41.656907290905245], [-70.61895554481666, 41.65663212417111], [-70.61962688402915, 41.656514080609206], [-70.61999240984771, 41.656671103004165], [-70.62041965416748, 41.65719664004284], [-70.62219073865964, 41.65841460815154], [-70.62307516108775, 41.65857337318697], [-70.62596650417946, 41.65969636768098], [-70.62736985256215, 41.65985627196338], [-70.62794909358051, 41.660082437916905], [-70.63118001994702, 41.66290065148764], [-70.63172906098066, 41.663226173790925], [-70.63331499791208, 41.66368058994587], [-70.63441373902546, 41.66359272654658], [-70.63532945310837, 41.66283210185034], [-70.63709979680323, 41.66232950555702], [-70.6377102833083, 41.66171736269394], [-70.63938772924784, 41.66114368325329], [-70.64027385484196, 41.65931132214409], [-70.64082331268405, 41.65913201809558], [-70.64390400649582, 41.65944844028034], [-70.6456125200584, 41.65988278592182], [-70.64951651307544, 41.66208762933054], [-70.65207740755164, 41.66327557648763], [-70.65320695434777, 41.664259233182605], [-70.65351087933384, 41.66471394457328], [-70.6542432636816, 41.66588315477578], [-70.6541808957189, 41.66654166856364], [-70.65408974992056, 41.666822364623805], [-70.65268494897798, 41.66766222089106], [-70.65146500109635, 41.66887822919314], [-70.65018303227109, 41.669590102040424], [-70.64914544131665, 41.67040677165244], [-70.6471310274664, 41.67029151754729], [-70.64554515379044, 41.67093634377633], [-70.64441546123128, 41.671141697127915], [-70.6427068720381, 41.67113896322315], [-70.63837469197108, 41.67049902686805], [-70.63840597697043, 41.669903875711725], [-70.63715525867974, 41.66875989420179], [-70.63614935003089, 41.66741404289934], [-70.63608941357397, 41.666406267232], [-70.63572399412051, 41.665790095017755], [-70.6346263560589, 41.664850962847446], [-70.63108811278431, 41.6638656271002], [-70.6284036582645, 41.66384114915013], [-70.62773209511155, 41.664273820199725], [-70.62718181533604, 41.66500229880456], [-70.62687634199679, 41.66621380504999], [-70.62803529278425, 41.666034736858954], [-70.62864541678283, 41.66644965657947], [-70.62916425382375, 41.66651440679446], [-70.62995680372266, 41.66692621384919], [-70.63010893183247, 41.66779795045661], [-70.62992532925458, 41.66799857323207], [-70.62934557874756, 41.66805210047734], [-70.62885828167298, 41.66713108822164], [-70.62672239475866, 41.666990343070786], [-70.62653988281448, 41.66711049564077], [-70.62629414441768, 41.66864491459988], [-70.62571383510931, 41.66843674056842], [-70.62528696812963, 41.66850605361616], [-70.62513439870904, 41.668823396582795], [-70.62534799740244, 41.66898260903577], [-70.62699525465933, 41.66962554231479], [-70.62708623436582, 41.670245827646305], [-70.62592639435948, 41.67012718543119], [-70.62592694187921, 41.67033428146458], [-70.62644464460166, 41.67081378151791], [-70.62644444333489, 41.671020871783774], [-70.62604810406516, 41.67113431669582], [-70.62607881951273, 41.67141311367382], [-70.62635251344321, 41.671706720181746], [-70.62635122530102, 41.67262511744622], [-70.62570999738375, 41.67267027586245], [-70.62510140367466, 41.67203081543517], [-70.62482651538424, 41.67138604095139], [-70.62281130532106, 41.670098142282654], [-70.6200965033056, 41.67054200694806], [-70.61881492446675, 41.670353132200425], [-70.61796046203874, 41.669806832751675], [-70.61738158243008, 41.670012811258715], [-70.61735107121464, 41.67026581207012], [-70.61814409490236, 41.6706957133093], [-70.61835882484824, 41.67101701974747], [-70.61826828543563, 41.67273889586675], [-70.61714053673013, 41.673745913234846], [-70.61585894385189, 41.67417828171852], [-70.6149744431667, 41.67392942149467], [-70.61457755396947, 41.67397135317395], [-70.61436385869133, 41.67419929187464], [-70.61387731143566, 41.67591751902382], [-70.61357238312624, 41.6762826194781], [-70.61387808191324, 41.6766744241739], [-70.6139087509789, 41.6770612724977], [-70.6136346144924, 41.67772261963167], [-70.61430580424725, 41.67763217930895], [-70.61470182265022, 41.67738371229168], [-70.61470155779044, 41.67694195129838], [-70.61439597494541, 41.676487121739676], [-70.61445690634073, 41.67626080768453], [-70.61521965549863, 41.67584467962936], [-70.61573906143119, 41.67600853903598], [-70.61598232384591, 41.67630249689977], [-70.61601341649096, 41.67731118676126], [-70.61671682259463, 41.678066795978566], [-70.61751044779295, 41.67859574953992], [-70.61839502289199, 41.678844590027914], [-70.61906658858602, 41.67872711249923], [-70.62111021119314, 41.677716462449816], [-70.62150650572897, 41.67774653521446], [-70.6223315197037, 41.678752908988194], [-70.6221792045349, 41.67932236207136], [-70.62251610774847, 41.68037167538971], [-70.62227251208513, 41.68064554373015], [-70.62187544385928, 41.68053386909709], [-70.62166192298089, 41.68025759904119], [-70.62108230998533, 41.68034710212102], [-70.62062537362135, 41.68074087265392], [-70.62044255236894, 41.681698385120306], [-70.61964856797464, 41.68179072558408], [-70.61937404167067, 41.68201989127783], [-70.61843101445736, 41.684537084497705], [-70.6184621028929, 41.685113581262335], [-70.6186453482601, 41.685435205511524], [-70.61998839837977, 41.6863887694351], [-70.62099624017215, 41.68666274027266], [-70.62206417665207, 41.686278748732285], [-70.62267444342355, 41.68581918737776], [-70.62319228070729, 41.68506459256209], [-70.6232520529636, 41.68409993763041], [-70.62502913644175, 41.68320984166003], [-70.62505986214732, 41.68293939544539], [-70.62457191539687, 41.68280227051334], [-70.62454107168358, 41.68250546420065], [-70.62469407979683, 41.68232318508047], [-70.62431280897916, 41.68179689419656], [-70.6244815785372, 41.68161473667643], [-70.6261603476806, 41.68129336947644], [-70.62686199676335, 41.68131001125049], [-70.6277771959452, 41.68163048238627], [-70.62884448544904, 41.682552001376315], [-70.62945413586174, 41.68337209118356], [-70.62951432097177, 41.684244812856214], [-70.62975832863926, 41.684628786057814], [-70.62969615702583, 41.68561143326789], [-70.628626869305, 41.68686999790217], [-70.62798548220968, 41.68732935242876], [-70.6281073238521, 41.68811138202346], [-70.62798398016271, 41.68881556160418], [-70.62770956413216, 41.689476939629465], [-70.62728165431477, 41.68994242867389], [-70.62715853782929, 41.69060158923373], [-70.62743256461819, 41.690877186954054], [-70.62727856722596, 41.6922035314127], [-70.62804141460037, 41.69275130678131], [-70.62773585298713, 41.693052849563024], [-70.62773540895192, 41.69327794583018], [-70.62813233628476, 41.693434055403166], [-70.62874359550814, 41.693371769851495], [-70.62956787021393, 41.69280125994032], [-70.63045263887831, 41.6933021177814], [-70.63179543974825, 41.69358023899949], [-70.63228338023917, 41.69339318878407], [-70.63316832899064, 41.693578324574005], [-70.63466464636393, 41.693304961850274], [-70.63466453825048, 41.693007829708534], [-70.63265147572713, 41.69108197166858], [-70.63243952104114, 41.69049059507893], [-70.63243994519853, 41.68985075281882], [-70.63280625561435, 41.68944048737333], [-70.63369150807439, 41.689211438698294], [-70.63625522844248, 41.6891656492521], [-70.63695776296339, 41.68898414730203], [-70.63778182962093, 41.687612223300924], [-70.63796654753885, 41.68607844477316], [-70.63863872065343, 41.68552866516462], [-70.63964571052489, 41.68511759898514], [-70.64172021264834, 41.68509668761053], [-70.64431520513175, 41.68438409717182], [-70.6440406762939, 41.68394646515899], [-70.64312507190587, 41.68406788004851], [-70.64306486104574, 41.68351930978542], [-70.64349254486119, 41.68291870125148], [-70.64535461290437, 41.68145942883394], [-70.64584317062469, 41.68127232606568], [-70.65112288502957, 41.68079974001891], [-70.65286226510075, 41.68079244540366], [-70.65524146349622, 41.68116354088212], [-70.65814106952205, 41.68109443061849], [-70.65850789616658, 41.6809992262716], [-70.65893451073647, 41.680524608349934], [-70.66027720495569, 41.67985641584932], [-70.6614064689602, 41.68009209481815], [-70.66192540357923, 41.68073294823032], [-70.66189396852582, 41.68118403980656], [-70.66106991224252, 41.68308736743728], [-70.65783432410086, 41.68452154251528], [-70.65762020690809, 41.68470510135755], [-70.65713253927042, 41.68596429484777], [-70.65673465221995, 41.6864199858296], [-70.65511727076228, 41.68718232827253], [-70.65227839452346, 41.687745908408225], [-70.65157618824432, 41.688161609990104], [-70.6499889174137, 41.690265132659185], [-70.6490724749299, 41.69058467694358], [-70.64641781027892, 41.69010052752087], [-70.64602071342956, 41.69012399723599], [-70.64556258507297, 41.690472838412624], [-70.64501318238247, 41.691246429544286], [-70.64501310380187, 41.69158914251221], [-70.64601891584537, 41.69261920827675], [-70.6461409881583, 41.693401218460174], [-70.64562154697046, 41.69406642706468], [-70.64467496774746, 41.694584360270966], [-70.64345368842008, 41.69495334118459], [-70.63994358284025, 41.695454162400544], [-70.63859985492047, 41.69582441706806], [-70.63853847142151, 41.69600572015807], [-70.63759236934533, 41.69637053110812], [-70.63673829357859, 41.696508681976944], [-70.63106075630482, 41.696508804350245], [-70.62916760131483, 41.69694171887446], [-70.62580846365377, 41.69849335098913], [-70.6250133262084, 41.6994506671999], [-70.62448815267363, 41.69974713642963], [-70.62366410094717, 41.69952469835455], [-70.62296041127719, 41.69821932648163], [-70.62250209287792, 41.697802735420034], [-70.62256221850274, 41.697306291222375], [-70.62143301490629, 41.696890148667855], [-70.62106606525107, 41.696246343418046], [-70.61960024254499, 41.695195614184584], [-70.61917293963215, 41.69520131159801], [-70.61871487057267, 41.69547801453907], [-70.6178303293399, 41.69545484135227], [-70.61627407971052, 41.695953743737256], [-70.61603084977617, 41.69741669273431], [-70.61545095772942, 41.697514607447616], [-70.61523739890998, 41.6972388881095], [-70.61447399841221, 41.69703317424841], [-70.61291766699104, 41.69710040123147], [-70.61227693981971, 41.696847794956376], [-70.61062799423883, 41.696825916336614], [-70.6104761509028, 41.69724285305142], [-70.61078118199902, 41.69758063602901], [-70.61169716572746, 41.697423466405084], [-70.61236844405023, 41.69769319671074], [-70.61255206179904, 41.69801539630053], [-70.61383316036431, 41.697763137539816], [-70.61523808145542, 41.69822032936336], [-70.61594040247648, 41.69817457704401], [-70.61712970182444, 41.69741903249428], [-70.61758620065747, 41.69611530518172], [-70.61783012550096, 41.695932051618016], [-70.61838022092145, 41.6958428980831], [-70.61938681136554, 41.69597280840206], [-70.62030245300453, 41.69643740556546], [-70.6208232793982, 41.69743918543337], [-70.6226254346638, 41.69885490237744], [-70.62320692857956, 41.69998150615031], [-70.6209486572117, 41.70066189520353], [-70.62006239623969, 41.70048565875343], [-70.61975776862049, 41.700850215815805], [-70.61936085652587, 41.70096363445709], [-70.61902562595087, 41.70085130383394], [-70.61896438031108, 41.700527811415746], [-70.61875006495993, 41.70041416493961], [-70.6183537746607, 41.700482564899836], [-70.61771341982573, 41.700851831054955], [-70.61695080423564, 41.70183579339841], [-70.61689080210897, 41.702890483702156], [-70.61710487834873, 41.70315776246668], [-70.61844702823979, 41.70297683118241], [-70.61844756582018, 41.703318987151256], [-70.61796014776203, 41.70362303488691], [-70.61716663353917, 41.70366133979455], [-70.61679978536316, 41.704396258617344], [-70.61686155000706, 41.70503489612106], [-70.61783794304361, 41.704696939702416], [-70.61811297707067, 41.70476491279397], [-70.61814354207328, 41.70497167874766], [-70.61719808528966, 41.70554341889877], [-70.61689330023606, 41.7059980073014], [-70.61707758398218, 41.70768881164696], [-70.61705083128088, 41.71128344910753], [-70.61699030566623, 41.71223965401763], [-70.61653326740989, 41.71297556081099], [-70.61690014461993, 41.71354678475261], [-70.61686961563423, 41.713772210511536], [-70.61583212248803, 41.71441750918288], [-70.61534373462074, 41.7149201894991], [-70.61506945955962, 41.71574361152624], [-70.61559123144573, 41.718744871143976], [-70.61672210037543, 41.72007104766586], [-70.61672263923353, 41.720548263454866], [-70.61602034573886, 41.72100876913147], [-70.61608185034477, 41.72139529288279], [-70.61632717633518, 41.72185133623919], [-70.61776342311438, 41.723425230351125], [-70.61788579648432, 41.723838111131315], [-70.61779468256125, 41.72434387960748], [-70.61623733682237, 41.724599670293294], [-70.61602409191914, 41.72478315939907], [-70.61599421216624, 41.72555839622066], [-70.61544500138129, 41.7258090561538], [-70.61535309704166, 41.72601768492344], [-70.61532284202278, 41.72695499055327], [-70.61474472734537, 41.72809794340401], [-70.61477504391311, 41.72834972815471], [-70.61553815906707, 41.727870568569216], [-70.616239329738, 41.72638360162384], [-70.61660572530263, 41.72615290402329], [-70.61800989708253, 41.72652057332735], [-70.62008665694141, 41.726788753764026], [-70.62115531793883, 41.726674328353], [-70.62127747977743, 41.72628528610203], [-70.62051461368246, 41.72631428628271], [-70.6204830890249, 41.725575715832065], [-70.62084862247758, 41.724778309646425], [-70.62118434467202, 41.72475501508102], [-70.62265120503277, 41.72632851950948], [-70.62323141243284, 41.72658172405388], [-70.62448427945306, 41.726564353147154], [-70.6275849092083, 41.725598278813585], [-70.62886873090173, 41.72479662541474], [-70.63045624779019, 41.72422462806559], [-70.63186240088363, 41.723177391789676], [-70.63397177606552, 41.720841168753104], [-70.63415512078181, 41.72022635386568], [-70.63415542643644, 41.71967711378656], [-70.63339263716003, 41.71890372093996], [-70.63317933785112, 41.71796118161476], [-70.63269152228344, 41.71757198345655], [-70.63296704860163, 41.71702765348532], [-70.63305997278395, 41.71482857728916], [-70.6332126126758, 41.71451122399731], [-70.63409839909458, 41.714462253234274], [-70.63641815585699, 41.715176557629], [-70.63742574863261, 41.71570248809319], [-70.63931758482627, 41.717188956349055], [-70.63947060392661, 41.71751087953735], [-70.639470127056, 41.717853026745004], [-70.63895034814666, 41.71835613252028], [-70.63733177843571, 41.71899160195903], [-70.63610984270586, 41.7199547648567], [-70.6357724887316, 41.72054534105223], [-70.63555911058322, 41.72118806779832], [-70.63561991220493, 41.72171863829516], [-70.63592456448634, 41.72238049184774], [-70.6369013427502, 41.72324946849605], [-70.63687074796758, 41.723456890611054], [-70.63607588049771, 41.72418918734388], [-70.63503641289176, 41.72448292801483], [-70.63384539364233, 41.72509458469817], [-70.62782837440324, 41.72674815143618], [-70.6236906853056, 41.72765617108974], [-70.62369138946922, 41.72807035972459], [-70.6238747720193, 41.728365525908075], [-70.62712243343684, 41.730748386681974], [-70.6273969126859, 41.731113463375884], [-70.62715225830749, 41.731342315133155], [-70.62620591160461, 41.73102273128407], [-70.62448853523921, 41.730996033170875], [-70.62448976000661, 41.73148225756749], [-70.6250763123202, 41.731660092703734], [-70.62507514814241, 41.732074266851065], [-70.62473835085801, 41.73252975596874], [-70.62381804869305, 41.73310456042805], [-70.62369599871718, 41.73337599165535], [-70.62384913528014, 41.7339055911978], [-70.62415491350177, 41.73428892448916], [-70.62412440612705, 41.73454136403721], [-70.62226236265914, 41.73472961579845], [-70.62177415759355, 41.73463749998007], [-70.62155970876324, 41.73438823629839], [-70.62101065645231, 41.73443239576533], [-70.62052227280988, 41.73481748434256], [-70.62076698217007, 41.73562466790245], [-70.62110378961216, 41.7358270438566], [-70.62211075411209, 41.735893900045824], [-70.6225388939479, 41.73625735921365], [-70.62266120274327, 41.7366516630526], [-70.62009783699226, 41.73781422045941], [-70.61957889384192, 41.738506330020215], [-70.61915132569973, 41.73878270982338], [-70.61615761766491, 41.73864471315883], [-70.615425655235, 41.73843869103916], [-70.61499693242607, 41.7385259626389], [-70.61463134775096, 41.738801119067546], [-70.61466154947364, 41.739169954691775], [-70.61542583796059, 41.73951072985231], [-70.61573159552879, 41.739812487069145], [-70.61551830513507, 41.74010402304577], [-70.61145726338061, 41.741800613154425], [-70.60983895548544, 41.74232765209845], [-70.60260141414727, 41.74405082916071], [-70.59395829694203, 41.74574774447611], [-70.59130098950384, 41.74647840856583], [-70.58968165412134, 41.746978143008015], [-70.58305464024218, 41.749727483381434], [-70.57523513663033, 41.75476166875053], [-70.57199801033924, 41.75739096809872], [-70.56518587825613, 41.76714010115687], [-70.56341331203772, 41.76896574293917], [-70.55953174364797, 41.77157757922486], [-70.5561704325747, 41.77319921234758], [-70.55418418696176, 41.77386592358075], [-70.54957024551341, 41.77487481337091], [-70.5471247262792, 41.775150959114484], [-70.54177699707269, 41.77519671490209], [-70.5335254882328, 41.77429921137483], [-70.52665011853126, 41.773364475703445], [-70.51720853898834, 41.77240046373942], [-70.51644421194192, 41.77216764048586], [-70.51586430329854, 41.77155373123307], [-70.51546727263256, 41.77141467697551], [-70.51216621746077, 41.77120658495881], [-70.5108209146309, 41.77196307511775], [-70.50397572064962, 41.772647967271766], [-70.50342697521312, 41.771754576073896], [-70.50361004110101, 41.771320040735944], [-70.50403847527973, 41.77117915824066], [-70.50428384652405, 41.77065343715509], [-70.50425309468119, 41.77031157509976], [-70.50406953411552, 41.770151836046324], [-70.50379561486848, 41.77021866035502], [-70.50235739116948, 41.771336091410596], [-70.50211303205111, 41.77177177626994], [-70.50229538271253, 41.77234569685856], [-70.50299744299728, 41.77275984102135], [-70.50287489228104, 41.77312174666029], [-70.49527216565781, 41.77518611964378], [-70.49469194774775, 41.77484165920172], [-70.49404896095488, 41.773877045733705], [-70.49255127510553, 41.77307707807421], [-70.49053384390052, 41.77246382426458], [-70.48756925990394, 41.77111503865566], [-70.48704805113536, 41.77075192910734], [-70.48646779967441, 41.77001236951351], [-70.48490879088463, 41.76882570193373], [-70.48362398541099, 41.768078159471656], [-70.47980532836881, 41.76636081747696], [-70.47567884044179, 41.76500918528361], [-70.47665653001972, 41.76366341097505], [-70.47708384002587, 41.76364023624532], [-70.47879493828506, 41.76423016442665], [-70.48017041382829, 41.76498701575453], [-70.48099588143687, 41.765237513994954], [-70.48227867517289, 41.7652568595029], [-70.4826758190309, 41.76509889495803], [-70.48279825100778, 41.76484505860917], [-70.48102576406758, 41.76477800749405], [-70.47995544089942, 41.76411619168911], [-70.47995592370009, 41.763638976614544], [-70.48102448677541, 41.76283253944752], [-70.48154369911994, 41.76265484867569], [-70.48313194347713, 41.76253510027034], [-70.48502594217888, 41.76176300360905], [-70.48600331148747, 41.761534223514516], [-70.48600327062708, 41.76130011569548], [-70.4850556767547, 41.76105081642226], [-70.4846897699173, 41.76132612117563], [-70.48380356919323, 41.76132834889668], [-70.4833149454841, 41.76187549240992], [-70.48291743271517, 41.76191640194216], [-70.48172597704183, 41.761193305688415], [-70.48129762496615, 41.76111800558251], [-70.4811147020552, 41.76130039173037], [-70.48041225495261, 41.76132730954658], [-70.47989276678982, 41.76121686013383], [-70.4790982566459, 41.76086702247688], [-70.4776925398891, 41.75982231592594], [-70.47756956271073, 41.75949931405981], [-70.47692877022251, 41.759408584195256], [-70.47491111227141, 41.75823678898072], [-70.47485042602906, 41.75796724391931], [-70.47460575898914, 41.75789863615422], [-70.47320079533996, 41.758475189423066], [-70.47161204243658, 41.75846817317152], [-70.47084905607565, 41.75828907797166], [-70.47048112173489, 41.75810454461115], [-70.47020659551802, 41.75772051209372], [-70.46987047117629, 41.75675234004682], [-70.4694426684684, 41.75662241223155], [-70.4691677040583, 41.7566621312025], [-70.46910648677398, 41.7570324358633], [-70.46947270864862, 41.75753210370704], [-70.46950399451072, 41.75782896110287], [-70.46898465272582, 41.75789854594519], [-70.46675490656992, 41.75746752769174], [-70.46559379929349, 41.7578334761045], [-70.46486072285481, 41.757897161764205], [-70.4638827869178, 41.757441439191034], [-70.4632415765639, 41.757332619837214], [-70.46259935985594, 41.75680002920897], [-70.461438841367, 41.75664369913467], [-70.46119418090603, 41.75636796662027], [-70.4597277313989, 41.75584584804701], [-70.45896385324392, 41.75590977706325], [-70.4589949723914, 41.75609858626222], [-70.46440295788176, 41.758317322099174], [-70.4651662587002, 41.75840642188642], [-70.46739659294855, 41.75819818116402], [-70.4695356866005, 41.75844997173506], [-70.47149046356485, 41.758947109363845], [-70.47540105452013, 41.759202952414654], [-70.47906825604147, 41.76192080094135], [-70.47937440239855, 41.762376565061125], [-70.4793752346725, 41.762700721587265], [-70.47897740065274, 41.76294927256711], [-70.4778781693407, 41.76313412979755], [-70.47595317815829, 41.76315904887279], [-70.47463995161185, 41.763797223282076], [-70.47396683602072, 41.76281533835766], [-70.47292825129104, 41.76212616617509], [-70.47155288451148, 41.76155831414771], [-70.46663307131014, 41.760352255248826], [-70.44109363879664, 41.75216363441363], [-70.43043634504517, 41.749513614666775], [-70.4289399474634, 41.74878484322973], [-70.42869576729451, 41.74757204299063], [-70.42756533638011, 41.74818944800557], [-70.42478602848036, 41.74711650334474], [-70.42234226209715, 41.746470989355316], [-70.41247753608964, 41.74439516177736], [-70.40059725516386, 41.742262453584424], [-70.38957356445076, 41.74054092062264], [-70.38083939627197, 41.73951165785586], [-70.3740264740297, 41.738476536578084], [-70.36306226749214, 41.73781439428783], [-70.3563730165914, 41.737094035118496], [-70.35173102753446, 41.73691281845446], [-70.34739430177208, 41.73645030351491], [-70.33798834008466, 41.736317564263416], [-70.33523991871814, 41.73607000336972], [-70.32888738766843, 41.73604480367926], [-70.30039463351358, 41.73515503443645], [-70.2970657831137, 41.73533714723833], [-70.29474475370431, 41.73478697144049], [-70.29095809097522, 41.7343072997451], [-70.28863685472746, 41.73339625694253], [-70.28769146726843, 41.73259662067198], [-70.2878130394308, 41.73240600838623], [-70.28824069729629, 41.73233796235105], [-70.2893398203868, 41.73307338396422], [-70.29071426952228, 41.73325625946114], [-70.29077493421026, 41.73304811394794], [-70.29037828733611, 41.732728183711686], [-70.28882112878429, 41.73199859359908], [-70.28833216568968, 41.73193204874446], [-70.28769197260698, 41.73126340970165], [-70.28530906756414, 41.729850207017776], [-70.28375298371661, 41.729208913529206], [-70.27877631836046, 41.727787532123244], [-70.2756299116234, 41.72646272869261], [-70.27422814859976, 41.72499174032299], [-70.27416775391083, 41.72451779426099], [-70.27431867546328, 41.72412997720774], [-70.27465580430781, 41.723825204227424], [-70.27752671903247, 41.722775535793595], [-70.27972554405805, 41.72231907686453], [-70.28128198058413, 41.722300857159695], [-70.28271694248288, 41.72296115155922], [-70.2838774382777, 41.72399274237971], [-70.28482319752729, 41.72458587743188], [-70.2854340970271, 41.72540729643784], [-70.28537367806865, 41.72666895916635], [-70.28582809520778, 41.727286106756196], [-70.28613559565969, 41.727471162351804], [-70.28650200826449, 41.72742216734576], [-70.28711277530019, 41.727145036327215], [-70.28839489316293, 41.7261682017866], [-70.2891580133499, 41.726076146211646], [-70.28894544737521, 41.72534115096442], [-70.29028907538334, 41.724425167037], [-70.29074828385606, 41.7238976595289], [-70.29123736389901, 41.7217311013917], [-70.29151126361985, 41.72144811913877], [-70.29285484388504, 41.7212440168552], [-70.29361827479295, 41.72127124379377], [-70.29486952222612, 41.72168069022708], [-70.29642606138259, 41.72191495092866], [-70.29648694343044, 41.72221217717769], [-70.2975565026947, 41.72229889093055], [-70.29844103813694, 41.72257779938147], [-70.2994801966317, 41.72376327379384], [-70.30146443696468, 41.725388651395455], [-70.30243923784766, 41.72550414811363], [-70.30158676781014, 41.72433361077914], [-70.30051804443947, 41.72339996781501], [-70.30027217800881, 41.72305183327626], [-70.3002130515434, 41.7226201245301], [-70.29917385343533, 41.72177682356422], [-70.29917511348181, 41.721290036381184], [-70.29880916277395, 41.721176997334716], [-70.29764799236382, 41.7212891128674], [-70.29703608237443, 41.7208543765163], [-70.29700749279755, 41.72055749180935], [-70.29731288156395, 41.720355868306925], [-70.29838137548126, 41.72021801606875], [-70.29896182918827, 41.720328254816394], [-70.30131226476456, 41.720265797795776], [-70.30491519883753, 41.72090922323978], [-70.30656430998773, 41.721818520670745], [-70.30705118699247, 41.72223501166958], [-70.30793613655503, 41.72422524682797], [-70.3092191638611, 41.72644418548212], [-70.3099836112475, 41.7269851252715], [-70.31129511364539, 41.727518828873215], [-70.31456201352299, 41.727816831152175], [-70.31541919129087, 41.72714817341309], [-70.31657947201438, 41.726783744131815], [-70.31868607318125, 41.72710163996932], [-70.31871647423647, 41.72653411721633], [-70.31899103940026, 41.726351813267], [-70.32057813541883, 41.725918046971366], [-70.3216173437327, 41.725842703434665], [-70.32180016978565, 41.72531840285062], [-70.32302240426995, 41.72527758136088], [-70.3277548266041, 41.7258441570718], [-70.3281520684666, 41.72611894000241], [-70.32827284526302, 41.72678369167419], [-70.32906788148554, 41.72709914473128], [-70.32906684785554, 41.72758593211621], [-70.32967876941255, 41.72783027640137], [-70.33108405392592, 41.728975884576585], [-70.33141997904453, 41.729134095170856], [-70.33218339610514, 41.72904456842672], [-70.33230555845411, 41.72877287696608]]], [[[-70.62054457100626, 41.65962699770204], [-70.61938557653349, 41.659625345748395], [-70.618593065246, 41.660474587054196], [-70.61825768380727, 41.660470299288484], [-70.61679287813548, 41.659626063770894], [-70.61670117203882, 41.659419947766764], [-70.61679297296868, 41.659265904362755], [-70.61770751151771, 41.65903664739353], [-70.6181955804612, 41.658551965379765], [-70.6192931177235, 41.658437789968886], [-70.62020870980021, 41.65875776520446], [-70.6208800087548, 41.65919008323406], [-70.62081837826844, 41.65944284432339], [-70.62054457100626, 41.65962699770204]]], [[[-70.62424863791063, 41.7046237672818], [-70.62427953710002, 41.705191256280926], [-70.62336546497079, 41.70736599872636], [-70.62348867673337, 41.70821107152246], [-70.62397814478429, 41.70942925251226], [-70.62576563219093, 41.71164503246505], [-70.62588708054476, 41.71226498910295], [-70.62309813599008, 41.71491828539739], [-70.62209114777272, 41.714986494995685], [-70.6205643396636, 41.71432360883546], [-70.61912903378862, 41.714326017177854], [-70.61818248789704, 41.714096402607744], [-70.6180904229628, 41.71363817400264], [-70.61946360101561, 41.71356495462879], [-70.6187609090037, 41.71283582101166], [-70.6202563007928, 41.71113944342799], [-70.6216894808485, 41.709974927608656], [-70.62205602897652, 41.709888840995696], [-70.62233073718626, 41.710091861002674], [-70.62303419354748, 41.71153229349929], [-70.62337002237823, 41.71182469615749], [-70.62472683399933, 41.7120382896492], [-70.62472759944089, 41.71146147767779], [-70.62397924751534, 41.71063635804446], [-70.62318384823119, 41.708944799797656], [-70.6223601809432, 41.708713352182855], [-70.62190179997245, 41.70835078281729], [-70.6217178407514, 41.70793855645046], [-70.62199213300754, 41.7071871512088], [-70.62290621019761, 41.70624652878709], [-70.62287598185115, 41.70590470699575], [-70.62232555336718, 41.705191962422624], [-70.62232527722621, 41.70425498255277], [-70.62198945266367, 41.703664881996914], [-70.62284340881449, 41.703544847913236], [-70.62354559691292, 41.70384119882459], [-70.62424863791063, 41.7046237672818]]], [[[-70.35160003878075, 41.72522388635356], [-70.35215112031217, 41.72526208439838], [-70.3530073340405, 41.72635967381648], [-70.35328213321807, 41.72693309080566], [-70.35334624943447, 41.728446462557244], [-70.35239773584703, 41.72824049928806], [-70.35178645514647, 41.72785108977248], [-70.35135640016581, 41.72711796442137], [-70.35126704237123, 41.72632186845704], [-70.35160003878075, 41.72522388635356]]], [[[-70.35798412918152, 41.726868923106565], [-70.35893067218615, 41.72640681259228], [-70.35920583647922, 41.72652099842354], [-70.35932757041623, 41.72677152504182], [-70.35832087053812, 41.728035545186785], [-70.35783277904031, 41.72840151506275], [-70.357588082885, 41.72830564032297], [-70.35758789198118, 41.72787511958184], [-70.35798412918152, 41.726868923106565]]]]}}