{"type": "Feature", "properties": {"district_name": "Cape and Islands", "chamber": "senate", "vintage": "2001-2010"}, "geometry": {"type": "MultiPolygon", "coordinates": [[[[-70.80640751258787, 41.24935138778196], [-70.80938610687299, 41.24917436238411], [-70.81232257473445, 41.24953665711573], [-70.8138566208606, 41.25031241467812], [-70.8170939556555, 41.25020709733867], [-70.81939727590664, 41.25071112632758], [-70.82279206676911, 41.251161441831094], [-70.82421621446947, 41.251625211796544], [-70.82621716630652, 41.25267426266216], [-70.82915796221317, 41.25509572177747], [-70.8301886340239, 41.25569157137122], [-70.83146160727983, 41.25672495764265], [-70.83243218030438, 41.25781731827549], [-70.83249257437635, 41.258483379977505], [-70.8322506316284, 41.25898221451061], [-70.83170530432109, 41.259396534501384], [-70.8309169281634, 41.2596248392684], [-70.82937149478782, 41.259740043309634], [-70.82488536770458, 41.25948712202587], [-70.82245974156002, 41.25951650113765], [-70.81845883036819, 41.26045358590881], [-70.81724662969711, 41.26180581920273], [-70.81682200393028, 41.26193830816115], [-70.81651931451442, 41.26175415474351], [-70.81591281535468, 41.261754987731436], [-70.81427549383481, 41.262122657043896], [-70.81388191595802, 41.26250742521854], [-70.81306369540806, 41.264159688264016], [-70.81263906514059, 41.2644998081336], [-70.81179016490134, 41.26463926413813], [-70.81163834705595, 41.26445207691312], [-70.81179058994441, 41.26395442723274], [-70.81166909038143, 41.26290251238526], [-70.81094084964418, 41.261752362306765], [-70.81018326637181, 41.26111579864613], [-70.8074859184064, 41.26015842499535], [-70.8027269328899, 41.258990207437535], [-70.8018176196576, 41.25867115502714], [-70.8013626300505, 41.25816470231652], [-70.80136266064363, 41.25773252757526], [-70.80333319913063, 41.25294575009117], [-70.80318253008816, 41.25045306484145], [-70.80345419206952, 41.249878506839515], [-70.80415490638015, 41.24925650806494], [-70.80489663150742, 41.249047236221855], [-70.80640751258787, 41.24935138778196]]], [[[-70.76384868583003, 41.32801148398001], [-70.76169431182716, 41.328260806945174], [-70.761512339735, 41.32757871144584], [-70.76272733223377, 41.32638913711204], [-70.76330331805723, 41.32659659832037], [-70.76348462039537, 41.32714306758153], [-70.7641524088526, 41.32764655714321], [-70.76415227836114, 41.32785364230965], [-70.76384868583003, 41.32801148398001]]], [[[-70.58791078037574, 41.45981033782394], [-70.58499178262979, 41.45962530944693], [-70.58295416823056, 41.46118454861289], [-70.58179932267214, 41.46184881488533], [-70.58131328953881, 41.46272051792031], [-70.58070501081079, 41.46337738271567], [-70.5790635338759, 41.464660640536316], [-70.57790838178646, 41.46593770143244], [-70.57377340396144, 41.46911956213728], [-70.57018544534255, 41.47056517137932], [-70.5668698036458, 41.47120479784198], [-70.56620121961049, 41.47074571636991], [-70.56474123411085, 41.47017093276733], [-70.56328113434576, 41.469118915435374], [-70.56145677330579, 41.46727038409017], [-70.55984505739771, 41.46477923464191], [-70.55969281958497, 41.46411505015602], [-70.55890187629699, 41.46246862823914], [-70.55762481422308, 41.461044387755166], [-70.5576254157653, 41.46077427165324], [-70.55893242786576, 41.46036024926561], [-70.55935885503148, 41.46150730016908], [-70.55996612466338, 41.46157142541301], [-70.56020988029702, 41.46132470959703], [-70.56042207779247, 41.45983573793041], [-70.56109220540014, 41.45892625442061], [-70.5610911543136, 41.458052291898106], [-70.5608786355245, 41.457775908836474], [-70.55908473388222, 41.457575327465925], [-70.55871960866675, 41.457733243846924], [-70.55829470727038, 41.45928797626095], [-70.55780747550655, 41.460042518466494], [-70.55704720184701, 41.46013355430673], [-70.55604436682364, 41.45878754736455], [-70.55549681298069, 41.45764172552965], [-70.55519270255768, 41.45647485707275], [-70.55394577409746, 41.45461863117322], [-70.55418977925795, 41.45422786588957], [-70.55327768695975, 41.45295237190417], [-70.55330784798059, 41.45215013887974], [-70.55282197869963, 41.451418441718026], [-70.5528216565627, 41.4505534886411], [-70.5525785138515, 41.449340976597796], [-70.55270063335081, 41.44806061012531], [-70.55349068562106, 41.44675262023913], [-70.55330807500673, 41.44643088935546], [-70.5530648878364, 41.443777169924665], [-70.55294380642627, 41.44339179866196], [-70.55230568978341, 41.442769689082276], [-70.55230568978217, 41.44236450753284], [-70.55270125972895, 41.44183657608315], [-70.55267064334095, 41.44069337072491], [-70.55294410580159, 41.4400771914142], [-70.5537348685179, 41.440210414938996], [-70.55382539556244, 41.440461595281334], [-70.55358215443646, 41.441716752559195], [-70.55315666216175, 41.44199232414007], [-70.55297399237088, 41.442562554240546], [-70.55346114069215, 41.442772027702645], [-70.55346029244703, 41.44315919405019], [-70.5538252235575, 41.44410034848338], [-70.55394734940907, 41.44540470166644], [-70.55382478087108, 41.44610880709616], [-70.55434191706026, 41.44613788343428], [-70.55458570277642, 41.4449727690814], [-70.55434293067319, 41.44375970162102], [-70.55397719872957, 41.443278310655444], [-70.55403817571435, 41.442566375463784], [-70.55434247664424, 41.442039364929656], [-70.55422117369572, 41.44105972717097], [-70.5545246082352, 41.44023557601917], [-70.55504169023881, 41.43970639923854], [-70.55510226593918, 41.43930003464495], [-70.55492035817069, 41.43918540492014], [-70.55449392533151, 41.43927245156774], [-70.55415958312804, 41.43968215922755], [-70.55385562803954, 41.439704383502345], [-70.5533999745819, 41.439566644118585], [-70.55336934738028, 41.43938687045377], [-70.5542813760656, 41.439131115859674], [-70.55467664871428, 41.43874780265928], [-70.55501179365001, 41.4378513199358], [-70.55522391047384, 41.43494816371959], [-70.55555906859766, 41.433718530935884], [-70.5555892079299, 41.43288984894715], [-70.55735144926098, 41.43270361759947], [-70.55762564569537, 41.433483620396295], [-70.55823320682025, 41.43437612960196], [-70.55881087157887, 41.43480974476902], [-70.55954003391494, 41.43506059442489], [-70.56090813116573, 41.43490705221886], [-70.56224538372459, 41.434330612217956], [-70.56306593124937, 41.434238354269866], [-70.56400855192646, 41.434928197060785], [-70.56431221839891, 41.43492395143302], [-70.56425155482981, 41.433853098144766], [-70.5646770080105, 41.43316273810147], [-70.56567999949569, 41.432248099627586], [-70.56704760210742, 41.430374150918496], [-70.56710857897045, 41.42998579214959], [-70.56671284273439, 41.429252646245104], [-70.56762492882125, 41.42897934126478], [-70.56798959454488, 41.42868577131089], [-70.56801974347036, 41.42815421997326], [-70.56716893636673, 41.42742746185404], [-70.56574004686341, 41.42673532544376], [-70.5645551357371, 41.42685048133704], [-70.5640387746634, 41.42665038053723], [-70.56479775066971, 41.4255682866202], [-70.56455469748565, 41.424905048457916], [-70.56446329529882, 41.42294254508347], [-70.56610444362757, 41.421731537271626], [-70.56640799908533, 41.42108800113095], [-70.56668159748472, 41.420858964552764], [-70.5673809176007, 41.420633432011634], [-70.56905231192414, 41.42044796242021], [-70.57072320608586, 41.4196507548178], [-70.57169552976752, 41.41866490826824], [-70.57175600997073, 41.41841160351201], [-70.57041902859199, 41.417087747109576], [-70.5709053264946, 41.41626167951035], [-70.57175564237822, 41.41579987817657], [-70.57175631150038, 41.415184798070314], [-70.57220131481972, 41.4148603597593], [-70.57208991389936, 41.41452517410228], [-70.57166413785326, 41.41426957442235], [-70.5713911399045, 41.41440858750767], [-70.57111794739296, 41.41505182223757], [-70.57123916978819, 41.4153021141705], [-70.57109483144906, 41.41566784386132], [-70.57062450682986, 41.41601064099051], [-70.56972025976926, 41.4153954503758], [-70.56905122365518, 41.41516091603757], [-70.56859513578745, 41.41514028521747], [-70.56798819936968, 41.41539190836722], [-70.56780557375274, 41.415664465303735], [-70.5678054469304, 41.4160336283578], [-70.56844382864641, 41.41701581292572], [-70.56847391115296, 41.41731262957293], [-70.567410534689, 41.41836297829343], [-70.56625641284717, 41.41886501352139], [-70.56491901177488, 41.41893727171639], [-70.56303493404438, 41.419917776500704], [-70.56230579326619, 41.42049531744124], [-70.56203260878638, 41.42097645932289], [-70.56203229530834, 41.42186785393019], [-70.55996557269472, 41.4221394190286], [-70.55954069697155, 41.42200083336131], [-70.55744351760632, 41.42039926418358], [-70.55704845211095, 41.419810153398714], [-70.55713964796044, 41.41955654879338], [-70.55802097450615, 41.41885087337188], [-70.55805106634327, 41.418481396153204], [-70.55668393899852, 41.41747282806263], [-70.55628842409601, 41.41699232173191], [-70.55625903587148, 41.416397811886235], [-70.55641022402304, 41.416080553994384], [-70.55768686031779, 41.41500056725589], [-70.55808220350862, 41.41477931695065], [-70.55917617127072, 41.41468317172683], [-70.55950967120971, 41.41449854450894], [-70.55972318781721, 41.4141350914544], [-70.56020921233251, 41.41379528322746], [-70.56011761115165, 41.41349063805473], [-70.559236521814, 41.41342142300536], [-70.55692759187306, 41.41205669061645], [-70.55665435811419, 41.41200658212124], [-70.55565061454251, 41.41257841645915], [-70.55483059493572, 41.41237349027421], [-70.55382827887482, 41.411756227625276], [-70.55306864042058, 41.41067671491848], [-70.55385875857421, 41.40973845714684], [-70.55385891799595, 41.409144193492295], [-70.5530993056695, 41.408343805604545], [-70.55243087747519, 41.40800112900961], [-70.55139828550074, 41.407870933445714], [-70.55051613299524, 41.407955272039246], [-70.54990893137621, 41.40809818505162], [-70.54960531094133, 41.408436102877104], [-70.54817730185475, 41.40873419040643], [-70.54720457266109, 41.408297197305316], [-70.54671883837987, 41.40796108784558], [-70.54671887036929, 41.407681963420686], [-70.54732699379602, 41.407250383797304], [-70.54766158826956, 41.40633647511326], [-70.54808666329944, 41.40615040047534], [-70.54811728628651, 41.405924994540754], [-70.54772223564319, 41.40537186652021], [-70.54705379386357, 41.405714025966354], [-70.5468106160754, 41.40555497252792], [-70.54668862840873, 41.40518759495882], [-70.54678003759727, 41.40461885983478], [-70.54717517026316, 41.40420856176921], [-70.54513964864208, 41.40324487507689], [-70.54413727636408, 41.4028982080314], [-70.54371191174633, 41.40290362206812], [-70.54040016408362, 41.40349802036885], [-70.53848646493692, 41.40354144529347], [-70.5380614524148, 41.40377250464992], [-70.53778751337838, 41.40427159014585], [-70.5373619722846, 41.40463714018371], [-70.5367239577781, 41.40491590663713], [-70.53641996974775, 41.40594709695429], [-70.53736175346357, 41.40622241072269], [-70.53812071982914, 41.40717596894249], [-70.53851570174635, 41.40717988458425], [-70.5385163875326, 41.40603581566481], [-70.5387896481812, 41.40580684349263], [-70.54082533228514, 41.406383472702394], [-70.54109841289608, 41.406766767409856], [-70.54103703299704, 41.408299183787584], [-70.54310304476134, 41.40963124083513], [-70.54489508773429, 41.41051693928465], [-70.54747711907525, 41.41385947356164], [-70.54893586467989, 41.41500173279275], [-70.54905726271106, 41.41548671802287], [-70.54866172657135, 41.41587000796901], [-70.54832765464619, 41.415964558538015], [-70.54756822994315, 41.41583099555602], [-70.54562364840275, 41.41392941453973], [-70.54340662334606, 41.41228436527807], [-70.53830252403682, 41.40923605934833], [-70.52858188533145, 41.40509680614146], [-70.5262728292566, 41.40454180465446], [-70.52129012744669, 41.40396875324435], [-70.51758444579978, 41.4037656004667], [-70.51655129368206, 41.403265914992076], [-70.5160353353773, 41.40293953956246], [-70.51615738574014, 41.402388538443006], [-70.51652187732148, 41.40218517294402], [-70.51722110744602, 41.40225708351045], [-70.51722015814103, 41.40273429016788], [-70.5174940005414, 41.402740042094095], [-70.51813246972847, 41.40219126578838], [-70.51807158505392, 41.401822697372076], [-70.51779898573965, 41.40156484409187], [-70.51618827227726, 41.40122615803024], [-70.5154898899589, 41.400929146958994], [-70.5148520714717, 41.40021678340966], [-70.51539989621958, 41.39987657854142], [-70.5156426753057, 41.399323813646085], [-70.51625107158394, 41.398712321267375], [-70.51582600858843, 41.39811436138983], [-70.51467215411475, 41.397426775128686], [-70.51415600613262, 41.39660516610632], [-70.5133668435691, 41.39623756994913], [-70.51266801533903, 41.396192650685826], [-70.50953862977518, 41.39676522525592], [-70.50862686022003, 41.39712810369442], [-70.50762435098773, 41.397123264385414], [-70.5066837061283, 41.3961628396909], [-70.50610668144164, 41.396215741681274], [-70.5058929790497, 41.39662355128144], [-70.50589310773609, 41.39714635093798], [-70.50710639295613, 41.39930108545157], [-70.5078049791834, 41.39982325206397], [-70.50914089679533, 41.400237877410305], [-70.51041651632352, 41.400104400623], [-70.51196713498598, 41.39939029564104], [-70.51230109072814, 41.39934987600845], [-70.5125441681899, 41.39950844076424], [-70.51245213253081, 41.399807023377896], [-70.5114189218999, 41.40060443723039], [-70.50935365072019, 41.40081149621896], [-70.50838153248027, 41.4006983183607], [-70.50698426329652, 41.4002392514595], [-70.50655906995344, 41.39992038098641], [-70.50619533902473, 41.399348808769766], [-70.50568016100836, 41.397698231885784], [-70.50473895428387, 41.396413639504935], [-70.5032837616478, 41.39314531097887], [-70.50237369062472, 41.3920044746374], [-70.50237501997988, 41.390860407208976], [-70.5026182012668, 41.390190620586395], [-70.50301283298722, 41.38996955624379], [-70.50359060016216, 41.38996169735783], [-70.50453133354296, 41.390787088364284], [-70.50456126624184, 41.391363048729], [-70.50392275405615, 41.392299485361285], [-70.50392185668925, 41.39298378639872], [-70.50519634377666, 41.3952550075577], [-70.50549917969462, 41.39534095447658], [-70.50556086845053, 41.39495263305886], [-70.50486404348423, 41.39236797418016], [-70.50565563388025, 41.39090726425119], [-70.50671916544532, 41.39063240563379], [-70.50787243281286, 41.39078826701854], [-70.508146164073, 41.390604393034984], [-70.50851129862504, 41.389969427453366], [-70.50914913907762, 41.38962779049225], [-70.50978775271479, 41.388871970217906], [-70.5108811354316, 41.38859620848998], [-70.51109429913117, 41.388340891665706], [-70.51206640737578, 41.38841859419635], [-70.51273419887664, 41.388022048829896], [-70.51355556918779, 41.386723618653285], [-70.51364758888575, 41.386010849234424], [-70.51164463768197, 41.383704107273815], [-70.51128103194891, 41.3827633866836], [-70.51061294840488, 41.381799183302476], [-70.50791146969779, 41.380132872165596], [-70.50751725365417, 41.37960662004339], [-70.50663827505512, 41.37742893630678], [-70.50676129203421, 41.375923525104156], [-70.50606810605123, 41.374176284345204], [-70.50631165868592, 41.37246146230231], [-70.50567474611668, 41.37195670898884], [-70.50549280983206, 41.37149984389493], [-70.50594885433644, 41.371043516597936], [-70.50701321570038, 41.36914681197534], [-70.50704346704514, 41.36861527584952], [-70.50646784407613, 41.36683023893607], [-70.50646900107452, 41.36612737086727], [-70.50677330730826, 41.3654569886226], [-70.50744322667175, 41.36246733168288], [-70.50735331418629, 41.36079291742055], [-70.5063522193325, 41.35974304287255], [-70.50255974122385, 41.35690155533908], [-70.50034377654558, 41.35612904497765], [-70.49820605162569, 41.35585071758335], [-70.4978107460684, 41.35557653431841], [-70.4976898838794, 41.355137079655684], [-70.49850720573286, 41.35296477193323], [-70.49887022033988, 41.35248232752842], [-70.49946702483618, 41.352141511456324], [-70.50062098371016, 41.35184725651991], [-70.50122851410218, 41.35134389053658], [-70.50216970832052, 41.35118730503645], [-70.50381024674405, 41.35002222649562], [-70.50441776136597, 41.349951037383335], [-70.50496341142201, 41.35054728801278], [-70.50569135212093, 41.35022278666008], [-70.50787797237844, 41.35027461348203], [-70.50815060189828, 41.35019934302923], [-70.50890155337814, 41.34951936369039], [-70.50735394737856, 41.349388749528366], [-70.50685994867906, 41.34907377703586], [-70.50634432654508, 41.34846710699571], [-70.5036292632727, 41.34823220693756], [-70.49947051752949, 41.34836716068914], [-70.49391886117826, 41.34903433401151], [-70.49319080026014, 41.34960186827664], [-70.49228071395919, 41.34963203659256], [-70.49164247236072, 41.34942376135038], [-70.48675524181782, 41.349289513496636], [-70.48268760790788, 41.34993621042924], [-70.48132200302327, 41.35045798198944], [-70.48047257617486, 41.350523492185836], [-70.48007804763719, 41.35034829786866], [-70.47995587421497, 41.35007032190025], [-70.48035004247255, 41.349750289826076], [-70.48010751712155, 41.34945603542153], [-70.47855919789714, 41.349890588578184], [-70.47807359911842, 41.35023004821745], [-70.47749711546389, 41.350273238834696], [-70.47613955866437, 41.349724099372814], [-70.47432774183473, 41.34932952473907], [-70.47320959813602, 41.34959738768108], [-70.47079847673793, 41.34962332349741], [-70.46853282464814, 41.349449630178825], [-70.46789363405671, 41.349328438702905], [-70.4677270523895, 41.349145149713955], [-70.4667022923061, 41.34903787979388], [-70.46729636858396, 41.349503072541786], [-70.46723560283202, 41.34972930841362], [-70.46702349826825, 41.34993896882874], [-70.4659000665145, 41.35027761885265], [-70.46650822643416, 41.35170187931284], [-70.46711628330772, 41.352297759756276], [-70.46751095031854, 41.35306727026636], [-70.46808875296863, 41.35489755439198], [-70.47027616579402, 41.3570762026029], [-70.47124726875448, 41.35720771262875], [-70.47185465311455, 41.35764148743017], [-70.47261494519016, 41.358649531410144], [-70.473374356372, 41.360251831522966], [-70.47471140093668, 41.36139677461015], [-70.47771797993308, 41.36237558259947], [-70.47896243439084, 41.3623507968143], [-70.48230343900056, 41.36290199054483], [-70.48673591756837, 41.36337619514862], [-70.49402378209167, 41.36344400173883], [-70.49438845447331, 41.36360143602373], [-70.4952088030167, 41.364545704460944], [-70.49590788595393, 41.36584230062607], [-70.49679013206234, 41.36653330440461], [-70.5008494452973, 41.368665456668765], [-70.50254751229454, 41.37008055892258], [-70.50254329319122, 41.370352331570494], [-70.50206121433789, 41.37101663456454], [-70.5019461126607, 41.373064042287254], [-70.50245693278387, 41.37413439866551], [-70.50408918634471, 41.375372755191776], [-70.50408900038038, 41.37555339738028], [-70.50372463229813, 41.37582819227762], [-70.50284380113247, 41.375947621250724], [-70.50178002795288, 41.37656515598268], [-70.50011066717477, 41.37612779949], [-70.49974539471226, 41.37619548042035], [-70.49962381025117, 41.37699858143439], [-70.49871019854798, 41.37746997277457], [-70.49822537002925, 41.37823271823455], [-70.49819584083708, 41.37964722041756], [-70.49850058192028, 41.38008492476629], [-70.49847025781109, 41.38047239407009], [-70.49786427746706, 41.381479990370096], [-70.49792520652764, 41.38202865201328], [-70.49810740496282, 41.3823234589728], [-70.49904988071539, 41.38268970478389], [-70.49986178404633, 41.38237273177726], [-70.50077475774215, 41.38021700258297], [-70.50080544076272, 41.379829535960056], [-70.50062286409045, 41.37953473010362], [-70.49974347731568, 41.37900585581379], [-70.49965268977601, 41.3785745471642], [-70.50010789155284, 41.378226283620606], [-70.50062595826631, 41.37731863319545], [-70.50108152005176, 41.377042401539065], [-70.50150629721712, 41.37706415605173], [-70.50177897390913, 41.377546588953074], [-70.50217414054289, 41.37740656962279], [-70.50241746831975, 41.37706093183662], [-70.50326869020112, 41.37656363783035], [-70.50354140342978, 41.3765868598828], [-70.50360182070978, 41.37724356204802], [-70.50329731950184, 41.37782445762411], [-70.50302241125496, 41.37909779988678], [-70.50305147555581, 41.380835838925805], [-70.50353681165734, 41.38189245990179], [-70.50478077922392, 41.383055918332126], [-70.50508385410177, 41.384159890172526], [-70.50605411026783, 41.38577732244504], [-70.50711671367567, 41.386402858477574], [-70.5078452149196, 41.38751899284569], [-70.50866476116123, 41.388111995820275], [-70.50869504159415, 41.38857090497995], [-70.50839100966503, 41.38878208980782], [-70.50763112050676, 41.388728725572214], [-70.5060827214468, 41.388298709970336], [-70.50523242207697, 41.38793164501487], [-70.50186354422506, 41.385616097996156], [-70.49895992230478, 41.38433890457563], [-70.4967720119006, 41.383602032176164], [-70.49549675729136, 41.38349224586934], [-70.49075887986245, 41.38362626403743], [-70.48954368097507, 41.3839029956032], [-70.48659871486825, 41.38495885883417], [-70.48450387395094, 41.38628282816476], [-70.48304729220098, 41.38837333803501], [-70.4804064860454, 41.39063213214891], [-70.4791920791998, 41.391341520808865], [-70.47785632394195, 41.39246624116628], [-70.47096201496718, 41.39605835545683], [-70.46944338634506, 41.39717681560415], [-70.46646804404551, 41.39989877545825], [-70.46543552215131, 41.400524703062985], [-70.46358207956865, 41.40114255081197], [-70.46008909741376, 41.40160126334098], [-70.459814855128, 41.40134381612414], [-70.46024013291273, 41.40111305045236], [-70.46264027506413, 41.40061450473845], [-70.46497981220251, 41.39974674869822], [-70.46570811086278, 41.39921540496089], [-70.46652767073574, 41.398213861557316], [-70.46695271428936, 41.39718170283174], [-70.46713471656388, 41.39597230930649], [-70.46965450558159, 41.39247240088065], [-70.46995780233233, 41.391757082004005], [-70.46995740737336, 41.39064000644439], [-70.46956146919788, 41.38993352182208], [-70.46925710008433, 41.38883000023301], [-70.46898220799012, 41.38663556116194], [-70.46864827338526, 41.38567639722874], [-70.46782762368916, 41.384641890002094], [-70.46591360207933, 41.38345952273214], [-70.46299740764977, 41.38231634703195], [-70.46202565413574, 41.38204069757201], [-70.45831994515768, 41.3816735189317], [-70.45828962410752, 41.38133164639396], [-70.45756032217457, 41.380989531964815], [-70.45753039620935, 41.380692683416115], [-70.45862236971197, 41.380417412631736], [-70.45950338877147, 41.38059546375018], [-70.45932126840302, 41.37966130177555], [-70.45895631782734, 41.379566780643934], [-70.4581665697944, 41.37982007410158], [-70.4577114414086, 41.379573337580204], [-70.45713506181865, 41.37986910609563], [-70.4567705487679, 41.380368853605496], [-70.45667940079325, 41.38087449544366], [-70.45722672101026, 41.38121887930657], [-70.45731755104987, 41.38151516322972], [-70.45452318349467, 41.38203696285086], [-70.45297419555122, 41.38215546274381], [-70.4523969979794, 41.38181134453948], [-70.45257885146769, 41.3787921438013], [-70.4522750326518, 41.378111210301164], [-70.45218312622254, 41.37630221998633], [-70.45236505375293, 41.3751108575293], [-70.45267216439667, 41.37425999558798], [-70.45336996121367, 41.373801047428564], [-70.45327918750422, 41.373594801924725], [-70.45343050221578, 41.373088593565], [-70.45409870977075, 41.37316117316473], [-70.45479758304806, 41.37286430044528], [-70.4546754324099, 41.37153281500878], [-70.45589017408908, 41.372129853258585], [-70.45570713893548, 41.37088897436648], [-70.456102144343, 41.37032592065676], [-70.45610213114851, 41.37007380543982], [-70.45573722443183, 41.36993425330622], [-70.45534237735181, 41.36940780971995], [-70.45534305397202, 41.3687229407891], [-70.45452199038478, 41.367877979753224], [-70.45446189927137, 41.36734730782304], [-70.45391462770075, 41.36673278684453], [-70.45485551718126, 41.365973313287995], [-70.45558459185098, 41.36572061045298], [-70.45637375781355, 41.36579204201889], [-70.45664754221414, 41.36606750242691], [-70.45667753670051, 41.36679654876571], [-70.45698117119483, 41.366775147869944], [-70.45798319980129, 41.36595149487679], [-70.45795321015706, 41.365474564043396], [-70.45749720020937, 41.365219376521864], [-70.45695077770733, 41.36554130525311], [-70.45594833755769, 41.364941733592936], [-70.45470305609939, 41.364669123737556], [-70.45418725389669, 41.364279434532165], [-70.4532150461099, 41.36391309892428], [-70.45324593939073, 41.363048427288525], [-70.45272906055018, 41.36270317912408], [-70.45245596247094, 41.36156275810138], [-70.45282009481829, 41.36128812506031], [-70.45336613148807, 41.36121832796439], [-70.45591700007158, 41.36174442420175], [-70.45643360505399, 41.362107100627], [-70.4568585052874, 41.36193037173126], [-70.45700979558633, 41.36151420036348], [-70.45792113007111, 41.36155692096541], [-70.45840695199006, 41.36188385128055], [-70.45880097842337, 41.36169895250997], [-70.45858846590373, 41.36121527838253], [-70.45898354726299, 41.360849743969425], [-70.45901325458323, 41.35961532995464], [-70.45949913273722, 41.35954607578421], [-70.45952928061169, 41.35927566716461], [-70.45925523778637, 41.35906324003407], [-70.45855748728037, 41.35911703801618], [-70.45807161100667, 41.35856444247809], [-70.45782841410941, 41.357486776653296], [-70.45570213854637, 41.35552342104734], [-70.45506504807449, 41.35522490853328], [-70.45403214082668, 41.35503978896278], [-70.45178508584283, 41.35376236792942], [-70.45132985677616, 41.353786289296096], [-70.45108720907747, 41.35398719620714], [-70.4502076652515, 41.35639439444075], [-70.45020806659923, 41.357421429327815], [-70.45045114054902, 41.357904277579166], [-70.4504821102452, 41.35955231680192], [-70.45081560619903, 41.36042205374947], [-70.45160489065114, 41.36171807923948], [-70.45157489241389, 41.362114545055285], [-70.45130164823, 41.362586418343405], [-70.45136279168564, 41.36298204010933], [-70.45221294162862, 41.36375469825099], [-70.45215313346984, 41.36417002209921], [-70.45197093874768, 41.36428032428352], [-70.45160602296222, 41.36396067618478], [-70.45127205390821, 41.363964898848266], [-70.45133330991187, 41.36531495768397], [-70.4522137127438, 41.36570015629168], [-70.45233580286782, 41.36677952863711], [-70.45267018542617, 41.367117462809674], [-70.45263952728733, 41.36782962965415], [-70.45160756815085, 41.3693828553508], [-70.45160796382082, 41.3702742665094], [-70.45239801271293, 41.37196703714621], [-70.45242821627484, 41.372543017304714], [-70.45288404524057, 41.37283423988216], [-70.45264121282607, 41.373179777964474], [-70.45200353023345, 41.37350309071348], [-70.45178794293322, 41.375108893120924], [-70.45099929681753, 41.37662328617448], [-70.45136357065059, 41.378176494618536], [-70.45106061556811, 41.38188226213516], [-70.45151641516078, 41.382156044099474], [-70.45206333797688, 41.38300468037635], [-70.45294398761975, 41.38338987381594], [-70.45261004857478, 41.38409642332195], [-70.45154790092164, 41.38526275888594], [-70.4506675837386, 41.38771498369483], [-70.45045568782955, 41.390942126508214], [-70.45060778107101, 41.39293063516519], [-70.44939328434346, 41.395152964460785], [-70.44905957382622, 41.39666143804554], [-70.44905961834473, 41.39748081493401], [-70.45067017500804, 41.39954081069984], [-70.45063987465966, 41.40004588717882], [-70.44881658883558, 41.401393109192064], [-70.44842265179294, 41.402559991223704], [-70.4482708642812, 41.404480403644015], [-70.44869650176443, 41.40589800483735], [-70.44927385958002, 41.40640421669657], [-70.45036777126022, 41.406885386461994], [-70.45033746294267, 41.40709332641539], [-70.449760811588, 41.40738849528651], [-70.4490926259283, 41.408297907771235], [-70.44912277411503, 41.40869380699779], [-70.4496087250081, 41.409191853199694], [-70.44988228226684, 41.4091251698147], [-70.45058081049626, 41.407936905326075], [-70.45127972726091, 41.40713525572434], [-70.45155294747514, 41.40669939556274], [-70.45152263063919, 41.40601536314436], [-70.45173491574234, 41.40587776351127], [-70.45577667163616, 41.40772717275815], [-70.45614149476302, 41.408298920841155], [-70.45611082136136, 41.40866837049588], [-70.45571656162542, 41.40928602236921], [-70.45437970369495, 41.4108432256387], [-70.45419743221339, 41.41159282610689], [-70.45374175223246, 41.41148169479377], [-70.45316464603796, 41.41084044651118], [-70.4514326612811, 41.410357902775075], [-70.45039954872429, 41.41074902070792], [-70.44973129006233, 41.412072627388326], [-70.44979209583205, 41.41370237861661], [-70.45036967844943, 41.414153998865885], [-70.45225426809708, 41.41454455140899], [-70.45319613925759, 41.4144339524863], [-70.4544721756971, 41.41363423662686], [-70.45450211689499, 41.4130121017682], [-70.45471437486968, 41.41273943399989], [-70.45541405372443, 41.412649092563], [-70.45602183734906, 41.41324502833429], [-70.45672105277744, 41.41525376401564], [-70.45976072258621, 41.41841290004855], [-70.46173641202226, 41.41893694058625], [-70.46267879695714, 41.41884371258232], [-70.4637422682414, 41.41849721752441], [-70.46441086956543, 41.418065504408744], [-70.46516939531668, 41.41694748122819], [-70.4670227398522, 41.41557325546229], [-70.46744796820732, 41.415117358345576], [-70.46787320426783, 41.41426527835607], [-70.46951338037803, 41.41298305170071], [-70.47169900019533, 41.41017224032214], [-70.47227568561749, 41.40879590424241], [-70.47251799536319, 41.407270216591954], [-70.47251652733424, 41.40518969055329], [-70.47212139266098, 41.40377189771766], [-70.47199869156837, 41.40221532411229], [-70.47096450336987, 41.40054411293787], [-70.47093349131772, 41.39912118173552], [-70.47072073082434, 41.398709561648396], [-70.47065921947738, 41.39807083639719], [-70.47087190582326, 41.39732092580284], [-70.47123582433149, 41.39709068753437], [-70.4714794521536, 41.39711484749344], [-70.4719659105765, 41.39781989571778], [-70.47260455890444, 41.39912678370476], [-70.47266736257912, 41.402395844869524], [-70.47309333399903, 41.40447965659493], [-70.47327726491093, 41.40671997087454], [-70.47303513344976, 41.408749891860595], [-70.47257994029016, 41.409962445635664], [-70.47078904672546, 41.412868026659275], [-70.46902739115535, 41.4142684707952], [-70.4678735004695, 41.41568849530324], [-70.46632412680248, 41.41689668098068], [-70.46486666528935, 41.41859078325838], [-70.46383387678571, 41.419144101665076], [-70.46204049513591, 41.41952724621202], [-70.45839362641904, 41.41991584998107], [-70.45520339736362, 41.42079420914082], [-70.4517389039516, 41.42127038341081], [-70.45082756112657, 41.42099351272889], [-70.45043196767435, 41.42070171643471], [-70.44976288600647, 41.419647096344086], [-70.44924594123698, 41.41772610821932], [-70.44921531026955, 41.41658286004153], [-70.44885018978742, 41.414317743881064], [-70.44842492421651, 41.4127825298264], [-70.44805948011746, 41.41051740819728], [-70.44775539795864, 41.405558365132116], [-70.44760263917618, 41.40511911964138], [-70.44711597802372, 41.40457603721399], [-70.44705528110012, 41.40196427146969], [-70.44623445024459, 41.39848948108057], [-70.44623393052002, 41.39647142313891], [-70.44668952013764, 41.39448462036625], [-70.44687090766375, 41.39167195130076], [-70.44714450977794, 41.38995695610013], [-70.44893484978817, 41.3828192405674], [-70.44926888431539, 41.38041880117981], [-70.44957468153127, 41.37350647125941], [-70.44920879476656, 41.371439444360306], [-70.44905642840365, 41.36659606530267], [-70.44929819829491, 41.36430507346781], [-70.44929815143732, 41.36220655158669], [-70.44829554403289, 41.35785951020297], [-70.44826369112735, 41.35364472778071], [-70.44887050538559, 41.351727424598124], [-70.44890112516953, 41.35074569858325], [-70.45038778470783, 41.34872738063726], [-70.45108559953768, 41.348159838090275], [-70.45202692682334, 41.34767952252208], [-70.45530492787584, 41.34706153122663], [-70.45745984942613, 41.347079712653155], [-70.45958526729585, 41.3476288231326], [-70.4633835011699, 41.347601770544586], [-70.4659938596857, 41.34778997234904], [-70.46916800476967, 41.348400814031876], [-70.47833781997048, 41.34831344160504], [-70.47937170516111, 41.34845783016062], [-70.48227022664358, 41.34818567028538], [-70.48719061154442, 41.34815327151019], [-70.49162502075538, 41.34777530197194], [-70.4928571340925, 41.34782847876881], [-70.49345822263884, 41.34757102016292], [-70.49947462655776, 41.34707174081419], [-70.50974719114883, 41.3473944988573], [-70.51680101487328, 41.3478516071967], [-70.51874920412092, 41.3481076828334], [-70.52180026433992, 41.34820218539722], [-70.52561267525863, 41.34869146031872], [-70.52865636536929, 41.3488312970828], [-70.53085514970785, 41.34866837687304], [-70.53220223844815, 41.34885041636847], [-70.53401243716388, 41.3487285688916], [-70.53685859565671, 41.34906908882725], [-70.54054930018887, 41.34924224665864], [-70.5440032862376, 41.34896364829982], [-70.54976264032187, 41.34880786828731], [-70.55464847564664, 41.34929447747767], [-70.56032468521592, 41.349487494806986], [-70.5628963965314, 41.349301161653486], [-70.5681464477473, 41.349374331544816], [-70.57020147241134, 41.34961801858887], [-70.5732679061988, 41.34966511365761], [-70.57523825512078, 41.34964521290317], [-70.5771018658401, 41.34941337756523], [-70.57924790488124, 41.34958786155996], [-70.59168740923722, 41.349345656829996], [-70.59462475676207, 41.34957009043412], [-70.59723395235363, 41.34936583264166], [-70.60062779009361, 41.349497520815845], [-70.60429466098999, 41.34914224277399], [-70.60714732222296, 41.349148461512165], [-70.61063252992862, 41.34888383553916], [-70.61838130393284, 41.3479242012267], [-70.63798421661724, 41.346836033456526], [-70.63935470363265, 41.3466275560399], [-70.65449515531827, 41.34606750613763], [-70.6646338292654, 41.34529023805543], [-70.6689739784377, 41.34511059792892], [-70.67246493836478, 41.34444738222455], [-70.68330036402949, 41.3442435929389], [-70.69189030634831, 41.343505036567784], [-70.69613966752081, 41.34334340377577], [-70.69753588995026, 41.3431152735557], [-70.6991136495763, 41.3431191336711], [-70.70982718852191, 41.34171725249153], [-70.71732274875966, 41.3400743724771], [-70.71805119572888, 41.33979297472828], [-70.72427235359116, 41.338628154948495], [-70.72548549683528, 41.33824029740378], [-70.72861137875836, 41.337617314073185], [-70.73325386890495, 41.33622289020696], [-70.739533919247, 41.33400250602998], [-70.74469014272388, 41.33157338457834], [-70.7475413428346, 41.32994469218145], [-70.74823824361228, 41.329402908813904], [-70.74854175046585, 41.328920972954215], [-70.7490554080112, 41.326904728471796], [-70.75058967133826, 41.32567407104548], [-70.75374643563013, 41.32482438522759], [-70.75760121394637, 41.32325214189058], [-70.75963473869571, 41.322058965505676], [-70.761942321933, 41.32023165246642], [-70.7641888976871, 41.31870158265788], [-70.76488694424964, 41.31762848633554], [-70.76576894425058, 41.315543097751345], [-70.76604236709483, 41.31437720103841], [-70.76698266034954, 41.31366918955427], [-70.76771187047582, 41.31268519065937], [-70.76801531426612, 41.31195954109484], [-70.76798572063342, 41.31096950281275], [-70.76637909661977, 41.309345740323394], [-70.766167234104, 41.30896170791418], [-70.76665325851312, 41.30788272504513], [-70.7670788912983, 41.30637173320975], [-70.76798976200227, 41.30520489719753], [-70.76868785523656, 41.30369903934863], [-70.76981149629734, 41.30278116701557], [-70.77366447537918, 41.30129841619879], [-70.77566589631499, 41.30097923936512], [-70.7775158913883, 41.301184651384155], [-70.77815313878962, 41.301436322013934], [-70.77906309142544, 41.30212471905494], [-70.78042775110418, 41.30274284725907], [-70.78148886791853, 41.30356442806445], [-70.7836116137991, 41.3046662150699], [-70.78637117350816, 41.30655980523171], [-70.78788795943998, 41.30733805525813], [-70.79544058487384, 41.310066200276914], [-70.8004765441312, 41.31296906958147], [-70.80448013276433, 41.31635550912724], [-70.80708959571585, 41.318341079499035], [-70.81100337476023, 41.320837620926966], [-70.81564593279103, 41.32472725545984], [-70.8194700885719, 41.3272426545706], [-70.8209871950751, 41.32897541272286], [-70.82247414400888, 41.330212766745674], [-70.82648095695859, 41.33469745180889], [-70.82881881204217, 41.336642070511836], [-70.8295166901818, 41.337504371582156], [-70.83121682029427, 41.338972466379786], [-70.83498186723817, 41.34290281663774], [-70.83750167140809, 41.34478079530598], [-70.83856471104818, 41.34604302730709], [-70.83877737803324, 41.34720124405178], [-70.83850452119974, 41.347665027990956], [-70.83683594098066, 41.34860121455598], [-70.83647146956379, 41.34898567465209], [-70.83604715797885, 41.34955998565844], [-70.8354714533465, 41.35193752200478], [-70.83501620637907, 41.3526298213666], [-70.83380252708798, 41.353378432923215], [-70.83216326323605, 41.3531076662436], [-70.82979574421778, 41.352973811876524], [-70.82703267880692, 41.353243286481664], [-70.82299584895155, 41.35303689011083], [-70.82102267106507, 41.353203457783664], [-70.81798687458505, 41.354044499596554], [-70.81598310646378, 41.35494065901952], [-70.81416269033481, 41.35544679541252], [-70.81231019854981, 41.35573718135643], [-70.80869842512458, 41.35564990552406], [-70.80666396437819, 41.35516870678644], [-70.80496441574077, 41.354573605195505], [-70.80293060953697, 41.35441647716564], [-70.80028884463998, 41.353800305235175], [-70.79227577308066, 41.35026885927029], [-70.78754146235453, 41.34860441855301], [-70.78572043907828, 41.34811911998479], [-70.78329188629843, 41.34782408978033], [-70.7806506356951, 41.34781971458002], [-70.77886080715135, 41.348054802820194], [-70.77497421273692, 41.34916838505906], [-70.77224192638928, 41.35057062942719], [-70.77041952161227, 41.351823924948505], [-70.76890116471786, 41.353243474396315], [-70.76865834083873, 41.353219959167674], [-70.7679298857958, 41.35285284925455], [-70.76695967298994, 41.35189498599403], [-70.76686817934626, 41.35161752796118], [-70.76708052951156, 41.35131671456841], [-70.76890287104096, 41.351370141790866], [-70.76929673889903, 41.351228624977715], [-70.76932747584404, 41.3510211743372], [-70.76866051976192, 41.35033764645857], [-70.76723305207243, 41.35063004026416], [-70.7667481836253, 41.3505655622757], [-70.76854125953882, 41.346331331819385], [-70.76887602189217, 41.34514668801074], [-70.76966555092065, 41.34448550800987], [-70.76963557832082, 41.3441167236793], [-70.76884655460601, 41.34345379296181], [-70.76890748831153, 41.34302031850023], [-70.77003038922234, 41.34278671622767], [-70.77118392840892, 41.34281384604486], [-70.77248894830957, 41.3430642178488], [-70.7753112876243, 41.343083450028324], [-70.78119966400001, 41.343749010901064], [-70.7837794122763, 41.34327691271294], [-70.78411368841107, 41.343064626167866], [-70.78450814085612, 41.34229279944175], [-70.78499519410569, 41.338447907954915], [-70.78548133459589, 41.337215779292045], [-70.78542098488057, 41.33542421921471], [-70.78520881547323, 41.334445412219104], [-70.78551307008348, 41.332999984760626], [-70.78539144904494, 41.33213711017093], [-70.78578660363264, 41.33156336658135], [-70.78578686638139, 41.331086170909465], [-70.78551374087951, 41.33087398468137], [-70.78396558714371, 41.33098800014814], [-70.78305577180409, 41.330597330160316], [-70.77980856974196, 41.330349928476245], [-70.7783521074728, 41.329661430595436], [-70.77795784557169, 41.32968536396339], [-70.77792758168283, 41.330352572270805], [-70.7775932948092, 41.33073591082213], [-70.775924188982, 41.33103193240901], [-70.77395151737021, 41.33105305647206], [-70.77219138051635, 41.33183689171217], [-70.77034052044553, 41.33163139201836], [-70.76946076683669, 41.33103259463783], [-70.76936967114095, 41.330754578830806], [-70.76949185931811, 41.33046443444571], [-70.77100858735248, 41.33014389128315], [-70.77258679491042, 41.330326806767694], [-70.77319322896378, 41.33009210458541], [-70.77292147247036, 41.329663806881506], [-70.77122159863413, 41.32906875432389], [-70.77076663857969, 41.328652214149926], [-70.7708285471192, 41.327192320023045], [-70.7702217246147, 41.32604887289208], [-70.76958530851657, 41.32531096215492], [-70.76958569147789, 41.324833766793695], [-70.7704052568638, 41.32467698731038], [-70.7702536656803, 41.324237640534065], [-70.76976835918622, 41.323966085709074], [-70.76882764232342, 41.324142898810756], [-70.76740039034465, 41.325515739848946], [-70.76645918321796, 41.326043676009505], [-70.76573121977448, 41.3259556697477], [-70.7653370429325, 41.325565387662], [-70.76430538634729, 41.32540111908341], [-70.76360760650415, 41.32494357935069], [-70.76154420260174, 41.32530828843193], [-70.76133197100077, 41.32547403504253], [-70.76224135452152, 41.32606352303548], [-70.76221085685859, 41.326297984161165], [-70.76136155558218, 41.326635148028124], [-70.7609667723003, 41.32720880970434], [-70.76087467707404, 41.32801179219083], [-70.7599944582235, 41.328259832109275], [-70.75902390193724, 41.32777909583962], [-70.75878205511175, 41.32716131808672], [-70.75851000723085, 41.325084735482875], [-70.75805561381696, 41.32459611740105], [-70.75763094596637, 41.32462090586186], [-70.75672016440552, 41.3250133421265], [-70.75498974873707, 41.32611111057143], [-70.75504969104726, 41.326317465944996], [-70.75589925418879, 41.32686328086544], [-70.75611150080938, 41.3273913956221], [-70.75647534168112, 41.327592994919875], [-70.7577187713337, 41.32784425984103], [-70.75941786518845, 41.328736634672154], [-70.7606619943851, 41.32905990158686], [-70.76102507269763, 41.32937852981798], [-70.76132864058609, 41.32933774412257], [-70.76166312054784, 41.32894545060453], [-70.76211902178436, 41.32872220543382], [-70.7628767894314, 41.32871982879148], [-70.76363574108608, 41.329086608168296], [-70.76412135327536, 41.32908807909545], [-70.76512234963975, 41.328739499467034], [-70.76563841574128, 41.3290647335622], [-70.76578944673759, 41.32922440454521], [-70.76569854450933, 41.32974828252583], [-70.76503075353143, 41.33043385869865], [-70.76496940036199, 41.33098437661137], [-70.76539418158983, 41.33185149422391], [-70.76587881925998, 41.33164586509514], [-70.76642661532807, 41.32986330066354], [-70.76642756935279, 41.32922347863528], [-70.76615415787496, 41.32881372387953], [-70.76615481427528, 41.32828194482542], [-70.76788447928018, 41.32833647968973], [-70.76757998415401, 41.32901654226673], [-70.76785297897514, 41.329381834869324], [-70.76852103920851, 41.329587614067385], [-70.7688244142632, 41.330006560368915], [-70.76870173317968, 41.330782902695184], [-70.76806372103455, 41.331576171272516], [-70.76763913473056, 41.33265499843598], [-70.76596916738794, 41.33359013399681], [-70.76487568334105, 41.334642663939526], [-70.76438996990011, 41.33521743555871], [-70.76356956734288, 41.33711245304517], [-70.7634175128376, 41.33787171744808], [-70.7635980076391, 41.33935513422936], [-70.76411360247222, 41.34052728719398], [-70.76405204392357, 41.341257316140236], [-70.76341380332939, 41.342447286591764], [-70.76341295050797, 41.343564309065826], [-70.76395835761676, 41.34482556903377], [-70.76453502628439, 41.34551022655389], [-70.76450464787078, 41.34606038357984], [-70.76410986669748, 41.34638138993184], [-70.76240914244886, 41.34706529702204], [-70.76131724324061, 41.34654158568803], [-70.76107409569633, 41.346581078207755], [-70.7610433350376, 41.347113224539264], [-70.76201384171337, 41.34799911103303], [-70.76262055103477, 41.348962528042165], [-70.76471513763751, 41.34956083538648], [-70.76541181610243, 41.350171424171066], [-70.76553312502291, 41.35040405808844], [-70.76538114094318, 41.35127080883147], [-70.76541030770137, 41.35290067818816], [-70.7655319368602, 41.35310574019477], [-70.76638116630618, 41.353768521466165], [-70.7669578568213, 41.35390393739752], [-70.76789892323897, 41.353817176362824], [-70.76783809116388, 41.354043565033365], [-70.76638075539849, 41.35504761518905], [-70.76522628306554, 41.356307969434134], [-70.76480046890477, 41.357035072144946], [-70.76428368806354, 41.35854716050101], [-70.76334172205887, 41.35989497588957], [-70.76142806223457, 41.361446349143115], [-70.75963381115692, 41.36487857172904], [-70.75929941243882, 41.36591069283922], [-70.75878323647046, 41.36657584491684], [-70.75674766967543, 41.368129157434076], [-70.75392005312665, 41.37162203457169], [-70.7533429895462, 41.372198411980456], [-70.7506693194383, 41.374022586684], [-70.74630724645172, 41.37580002177725], [-70.74512395318817, 41.37680900553725], [-70.74382042437624, 41.37914354606702], [-70.74251521751458, 41.37996486054432], [-70.742242878996, 41.380725547717546], [-70.74114934996679, 41.38111157878563], [-70.74024043134234, 41.38326020675815], [-70.73945300695398, 41.3857129597917], [-70.73911997089182, 41.387492350797935], [-70.73787666062174, 41.38937535352117], [-70.73772567239442, 41.39019762317926], [-70.73720969080837, 41.39095272029566], [-70.73623841359796, 41.39172387904901], [-70.73563183079276, 41.39286833591439], [-70.73465999529739, 41.39324330998137], [-70.73432640679198, 41.39358151216428], [-70.73308245982115, 41.39552748721583], [-70.7328397433704, 41.39617074200239], [-70.73168686626863, 41.397836512834175], [-70.73068451899096, 41.39806774823976], [-70.72922574354584, 41.39772075090011], [-70.7282234745586, 41.397789333560254], [-70.72685707516412, 41.39836864060189], [-70.7257940739757, 41.39848349466764], [-70.72436637326126, 41.39893742485383], [-70.72081436239222, 41.4022782296498], [-70.71950881358927, 41.40454045945688], [-70.71911457404586, 41.404753271954995], [-70.7179291727789, 41.40484357425035], [-70.71665380861134, 41.40523149427427], [-70.71495292988588, 41.406950708810484], [-70.71422378198739, 41.40719551044197], [-70.71243246425041, 41.40884371833835], [-70.71179579985588, 41.41056408991921], [-70.71164425745272, 41.41343976467422], [-70.71182646332987, 41.41385127013289], [-70.71176619383212, 41.41468089311896], [-70.71149349581596, 41.41545951684188], [-70.71043067267503, 41.41735811819705], [-70.70970139771542, 41.41817913748813], [-70.70930678463432, 41.418473511662285], [-70.70781763676462, 41.41904498456932], [-70.70742304946975, 41.419366364042816], [-70.70681507551011, 41.42025799355283], [-70.70620795978519, 41.421743880584785], [-70.70602690654336, 41.42287259636332], [-70.7055406018074, 41.424077956121884], [-70.70447794714971, 41.4251830407477], [-70.7042347599845, 41.4258622503663], [-70.70359679953405, 41.42678179020475], [-70.7021990010535, 41.428225519874665], [-70.70165219783398, 41.4294765830319], [-70.70137887673022, 41.43092146619861], [-70.70150170504313, 41.43318961815895], [-70.70116683791682, 41.433599748148275], [-70.6991306829628, 41.43437771914076], [-70.69788495199217, 41.435359898527366], [-70.69751989305884, 41.435311169549585], [-70.69648608639896, 41.434623489945494], [-70.69590958663007, 41.43465035222264], [-70.69481543679805, 41.43528804980381], [-70.69405567868645, 41.43549705465465], [-70.69338659039292, 41.4360477216334], [-70.6908333350451, 41.43654443165224], [-70.68943510881907, 41.4371236324585], [-70.68688225791152, 41.441330983549996], [-70.6863963108751, 41.441554282008646], [-70.68554480997824, 41.441765385787136], [-70.68457228898872, 41.441671168663696], [-70.68259637529547, 41.44085390253515], [-70.68092498773476, 41.440643751644394], [-70.68004305056542, 41.44036838392544], [-70.67846231301048, 41.4406439371526], [-70.67761088521438, 41.441052504929914], [-70.67536192534003, 41.441355804166115], [-70.67405436151329, 41.44169912431069], [-70.67229121545397, 41.442544447709935], [-70.67037555998638, 41.44462553945783], [-70.669980316967, 41.445288935150025], [-70.66973696403153, 41.446409264913925], [-70.66900734584992, 41.4472485978545], [-70.66800355136989, 41.44924460501979], [-70.66669598462902, 41.45083994839096], [-70.66569215955634, 41.45340374553156], [-70.66547865660665, 41.454550173319355], [-70.66459627886512, 41.456625830618044], [-70.6594565881892, 41.460474161549406], [-70.65665913385658, 41.46055918501819], [-70.65535160867225, 41.4609473133442], [-70.65459114600432, 41.460949524258744], [-70.65355776381274, 41.46065819075432], [-70.65249342860727, 41.46070032461758], [-70.65097304952418, 41.46097482505325], [-70.64647236261628, 41.461381664821616], [-70.64285332273207, 41.462595220014286], [-70.64130301951802, 41.46277932580889], [-70.63847378912969, 41.46354964917094], [-70.63573656490856, 41.465065680741475], [-70.63360678840901, 41.46682545769804], [-70.633271445228, 41.46689323841768], [-70.63260333580853, 41.466506024457495], [-70.63196523699659, 41.46558780286383], [-70.63266485530097, 41.46508218192638], [-70.633851426174, 41.464831262632174], [-70.63458172854376, 41.463713032960904], [-70.63476508828548, 41.46309766157937], [-70.63576778672324, 41.46316439685741], [-70.63631567719334, 41.46261651680797], [-70.63692412025033, 41.46257162801489], [-70.63771405135525, 41.46293892141189], [-70.6377756761249, 41.46236144912294], [-70.63725917571813, 41.462161684481075], [-70.63680277904842, 41.461609532804076], [-70.6358306671617, 41.461245346544864], [-70.63455346262299, 41.461011069090596], [-70.63427993537272, 41.461240269971256], [-70.63421883034711, 41.461610653647675], [-70.63351800674216, 41.462818582785964], [-70.63297107733189, 41.462961278966965], [-70.6320593728371, 41.4619475493122], [-70.63041821275301, 41.46066485440829], [-70.6284124777924, 41.45981940174749], [-70.62674070933784, 41.459365907121715], [-70.62558584977207, 41.458283284449024], [-70.62570834032847, 41.45673273443011], [-70.62595239483251, 41.45625177890929], [-70.62577125247695, 41.45472308597064], [-70.62589265415382, 41.45448710541417], [-70.62698724249039, 41.45460696334043], [-70.62738312683855, 41.45451096757137], [-70.62738366125136, 41.45364659197525], [-70.62632113075233, 41.45186012749303], [-70.6250445716923, 41.451265588044286], [-70.62474137924772, 41.45090083838483], [-70.62468052253499, 41.450235201225766], [-70.62362766693137, 41.448817947732934], [-70.62350476588897, 41.448315026962824], [-70.62298801527434, 41.44792611120511], [-70.62241050363737, 41.448015620687414], [-70.62198489075608, 41.44829144772661], [-70.62186420283021, 41.44915826943968], [-70.62268610789796, 41.449821922019794], [-70.62329373430784, 41.450047782420995], [-70.62350751024346, 41.45041409573055], [-70.62347727392753, 41.45073856718652], [-70.62274834836528, 41.451396970952516], [-70.62284007033676, 41.45185519433983], [-70.62262778393442, 41.45222777870084], [-70.62150263655191, 41.45256796902638], [-70.62110766194387, 41.45284346776295], [-70.62123140660336, 41.454922653964594], [-70.62156692819686, 41.45552120385504], [-70.62123356989994, 41.456867526696826], [-70.62220803077074, 41.45885369614004], [-70.62242215066985, 41.459634196445464], [-70.62400511501923, 41.46143991415376], [-70.62421845209323, 41.461896262239456], [-70.624219802073, 41.46308535846185], [-70.62497300045347, 41.464029273747386], [-70.62478930348409, 41.46468964727468], [-70.62373506868651, 41.46519079198852], [-70.62497091548072, 41.466019696175735], [-70.62448368262679, 41.46622527744182], [-70.62373563541144, 41.46624482295022], [-70.6235537168712, 41.46647245536729], [-70.62346346814577, 41.467410421156494], [-70.62448258681691, 41.46759387152313], [-70.62460417502388, 41.468168812950566], [-70.62499871199155, 41.46839751982425], [-70.62591145632027, 41.46798812577486], [-70.6262157847287, 41.46802873803172], [-70.62621469242993, 41.46874060542695], [-70.62648900104769, 41.46892561175517], [-70.62800869546986, 41.469246256184945], [-70.62846523807617, 41.469015100147956], [-70.62855646611867, 41.46874343144364], [-70.62834452146883, 41.468098019317594], [-70.62986636897794, 41.466797380179855], [-70.62992732715966, 41.46624691824072], [-70.63010997893957, 41.466046293278154], [-70.6305357217013, 41.465904932461186], [-70.63093059909181, 41.46599856187562], [-70.63123525571885, 41.46631828587301], [-70.63205573903609, 41.46664027019116], [-70.63217720959173, 41.46700754833244], [-70.62882965540703, 41.46986539808931], [-70.62819029529594, 41.47025271963808], [-70.62761283507814, 41.47029667504741], [-70.62322549324136, 41.4722594684424], [-70.61991235015458, 41.47438687962398], [-70.61963819573747, 41.47440838719023], [-70.61942561274482, 41.47414168231824], [-70.61960749779402, 41.47329221907384], [-70.61945383563643, 41.472330977551536], [-70.61899759157913, 41.47240002859604], [-70.61860217717097, 41.472153286062415], [-70.61863293238017, 41.47288284688781], [-70.61842120732943, 41.47347996542894], [-70.61708416145393, 41.47437277514118], [-70.6170841848329, 41.474642894581514], [-70.6176008447793, 41.47480673628041], [-70.61845208323238, 41.474118924811464], [-70.6187564226367, 41.47405150931449], [-70.61896961307447, 41.4742737630654], [-70.6189391087541, 41.47480588600292], [-70.61371036413935, 41.477320023235556], [-70.60878509467412, 41.47942493831558], [-70.60449780990926, 41.481718700265326], [-70.60355538694594, 41.48238036481553], [-70.60306885747723, 41.48246824662777], [-70.59993576553066, 41.48133199636474], [-70.59893118097368, 41.48135497113907], [-70.59844433825198, 41.48114569865955], [-70.59762241944719, 41.47988704377249], [-70.59734774326944, 41.47874697768528], [-70.5969219134603, 41.47805928386906], [-70.59667760439483, 41.47675682316237], [-70.59652334584784, 41.47291313819399], [-70.59597527784324, 41.47092113807527], [-70.59588161740206, 41.46838238980907], [-70.59846514621444, 41.46451829880228], [-70.59907185809816, 41.46334810015845], [-70.59922338076885, 41.46270664417664], [-70.60001310937834, 41.46166001124465], [-70.59998242855333, 41.46099403530728], [-70.59958644640946, 41.45991829126441], [-70.6000124852488, 41.45962454219132], [-70.6001027538449, 41.45838889864783], [-70.60089277734248, 41.458117168232214], [-70.60119649376902, 41.45774309716043], [-70.60116549777548, 41.456644927960774], [-70.60086125571002, 41.45580233118751], [-70.59955365159527, 41.45532543447872], [-70.6002528868565, 41.454937624181184], [-70.6002522037836, 41.454612912537456], [-70.59976563888706, 41.453971455307425], [-70.59851776767599, 41.45310616095969], [-70.59754545370896, 41.45296674199201], [-70.59666379049281, 41.45340204127082], [-70.59599563107385, 41.454132228849886], [-70.59487071253945, 41.45484132175261], [-70.59155770312651, 41.45603092577663], [-70.58775780710933, 41.45770498462243], [-70.58730136724417, 41.4578189259686], [-70.58696714081073, 41.45757143866566], [-70.58693593874227, 41.45731963809969], [-70.58936862354665, 41.45610621801871], [-70.58933796242515, 41.4557103585781], [-70.59000637041997, 41.45560204998251], [-70.59018902497841, 41.45530244474527], [-70.59097967799524, 41.45543540553348], [-70.59146552725082, 41.45532956375555], [-70.59174015168236, 41.455190513968894], [-70.59189131427024, 41.45468412464776], [-70.59268198697849, 41.454709588574666], [-70.59420140424224, 41.45329235445017], [-70.59535615317952, 41.45288007535777], [-70.59602488162848, 41.45234798393406], [-70.59718008435112, 41.45200772203186], [-70.59769607507958, 41.45129826402872], [-70.5978780041235, 41.45070094678585], [-70.59863833922935, 41.450699678916315], [-70.59869899616984, 41.45042835337274], [-70.59827325174872, 41.4495605851555], [-70.59711749794639, 41.448694319197706], [-70.59656955470444, 41.448008464536436], [-70.59644774306834, 41.44749651747395], [-70.5958394735389, 41.447298081861554], [-70.59389392612985, 41.44789256779365], [-70.59371180353159, 41.44821019081019], [-70.5935001555322, 41.4497442416505], [-70.5935918532608, 41.45042758989846], [-70.59082594005649, 41.45271777985741], [-70.59046107543091, 41.452785759691984], [-70.58918403476851, 41.45232587004709], [-70.58915384005847, 41.45202905831814], [-70.59018706974052, 41.451483609243375], [-70.59109785346126, 41.45012906085048], [-70.59206993883355, 41.44798095702236], [-70.59213094103052, 41.44747553382643], [-70.59194768221306, 41.44700079373385], [-70.59380185483275, 41.446335267222764], [-70.59574694145901, 41.444894404932214], [-70.59653722324309, 41.443982862635906], [-70.60069882596335, 41.4403851006437], [-70.60060779229185, 41.43983682393712], [-70.60015105858362, 41.43894236782481], [-70.60024249569508, 41.43858124634826], [-70.60127396131544, 41.43704468498382], [-70.60212501113674, 41.43626695872365], [-70.60248975456756, 41.43542459955078], [-70.60312627374347, 41.43343413283449], [-70.60324647494632, 41.431306770285914], [-70.60306354322434, 41.43091308719983], [-70.60248549642522, 41.43043467693507], [-70.59996243303783, 41.42954184497155], [-70.59956770201082, 41.43006994387488], [-70.59956860155526, 41.430592181525334], [-70.6001155831221, 41.43112494676353], [-70.60008535056876, 41.43146798321916], [-70.59890134845715, 41.433754026665795], [-70.59577240767145, 41.436292427205096], [-70.59519502291155, 41.437120125018936], [-70.59470933019283, 41.43857714305027], [-70.59313011351526, 41.439382756014076], [-70.5918534856004, 41.44039111081148], [-70.59133655717143, 41.44098348225288], [-70.59121602099184, 41.44210182432331], [-70.58969607619615, 41.442357496852836], [-70.58887551797034, 41.442999191608216], [-70.58848083337921, 41.44430159750153], [-70.58723493382116, 41.44503046240272], [-70.58614129133241, 41.44656752467231], [-70.58471305158903, 41.44814577038319], [-70.58456088064798, 41.44887724215717], [-70.58501798743231, 41.45002387775206], [-70.58468358438516, 41.45031662203278], [-70.58307251190865, 41.4508883001926], [-70.5816134985654, 41.45233119961896], [-70.581157265315, 41.45308552757552], [-70.58073319748948, 41.45462233774471], [-70.58067261192849, 41.45587509179444], [-70.58109850961048, 41.45731918571155], [-70.58295350996003, 41.45848277840853], [-70.58435303245828, 41.45877884111342], [-70.58575079725524, 41.458227933200206], [-70.5861869200212, 41.45851676342238], [-70.58727141328164, 41.45853112645244], [-70.58787974288293, 41.45878363199634], [-70.58821402056107, 41.459238771726255], [-70.58821466117338, 41.45953590890926], [-70.58791078037574, 41.45981033782394]]], [[[-70.50722847631282, 41.398317335921064], [-70.50668235588776, 41.39774810589019], [-70.50689481728215, 41.3975653855046], [-70.50877844626618, 41.39776590492476], [-70.50844426259705, 41.398184482749265], [-70.50722847631282, 41.398317335921064]]], [[[-70.55194361758286, 41.41594309894656], [-70.55167030208274, 41.415442214037924], [-70.55184835356162, 41.41507904131411], [-70.5527646494736, 41.41440971570569], [-70.55370695628699, 41.414180671486854], [-70.55398015127953, 41.41441142981781], [-70.55306864450118, 41.41516240409846], [-70.55255141254288, 41.41591666884745], [-70.55194361758286, 41.41594309894656]]], [[[-70.95101590137017, 41.412370235345676], [-70.95007409318926, 41.41507070233449], [-70.94946673335589, 41.41554888557263], [-70.94895039246941, 41.41561165209935], [-70.94694477119137, 41.41508754667024], [-70.94448368651587, 41.4150029152844], [-70.9444835629393, 41.41460675385762], [-70.94755192240059, 41.41474386794127], [-70.94819055585103, 41.414976573078896], [-70.94882805694064, 41.41488457488281], [-70.94888858251048, 41.41408185609307], [-70.94822025380638, 41.41328234293046], [-70.94812917977538, 41.412572299088815], [-70.94925301638425, 41.4121844205111], [-70.94925274734422, 41.41140954257104], [-70.94864555061285, 41.41102337152565], [-70.94818995368115, 41.41106729722367], [-70.94749077361048, 41.41177292732127], [-70.94624556097719, 41.412388100223154], [-70.9442707711668, 41.41254781260436], [-70.944209986232, 41.413395546124406], [-70.94396725644069, 41.413651522083235], [-70.94250868988053, 41.414315689957796], [-70.94147584609061, 41.41456777033495], [-70.94044278389703, 41.41525145311508], [-70.94041223653812, 41.4157116142811], [-70.94062540985769, 41.41593325649857], [-70.94062499742647, 41.41630240445777], [-70.94092899405918, 41.41639619229963], [-70.94147571186166, 41.41621600171055], [-70.94211408263492, 41.415574822369464], [-70.94360263912908, 41.414882670208975], [-70.94360245820059, 41.41516234537721], [-70.94281266948869, 41.41600424532273], [-70.94235721037451, 41.4167594373848], [-70.94123371097646, 41.42156129415192], [-70.94071701287102, 41.42245235856907], [-70.93895435396603, 41.42358092056578], [-70.93783059326717, 41.42469855851966], [-70.93740506425797, 41.424904093809445], [-70.93667529574023, 41.42506028360029], [-70.93384976296336, 41.42503607374477], [-70.93269515297675, 41.42531672881294], [-70.93226931479505, 41.42563929108321], [-70.93126677027985, 41.42721440833123], [-70.93093245985058, 41.42817443476878], [-70.93026304063477, 41.42933873517944], [-70.92774089116315, 41.43151560908905], [-70.92719406021068, 41.43160569708986], [-70.9257658239626, 41.431467916357434], [-70.92369900089905, 41.43070955752486], [-70.92290919796345, 41.430047144639246], [-70.92138992692591, 41.42817226038158], [-70.920205166421, 41.42606665996808], [-70.91898957643113, 41.42489783424079], [-70.91898993163694, 41.42467274410091], [-70.91938479937836, 41.4244952570755], [-70.92172461600777, 41.424447008992864], [-70.9220584702117, 41.42463047383797], [-70.92205907436032, 41.4256844697924], [-70.9222405183794, 41.42643776472717], [-70.92214973666948, 41.427510990391475], [-70.92224053365014, 41.427806886493286], [-70.92300064746995, 41.42858676351278], [-70.92439800427343, 41.428491452460236], [-70.92588760085697, 41.42746639931839], [-70.92731584724211, 41.42773979682461], [-70.92804457310064, 41.42760166909686], [-70.92944312740748, 41.426758434508315], [-70.93050630851074, 41.426569640560885], [-70.93166130467611, 41.42510896605958], [-70.93220830461588, 41.42473918122372], [-70.93296845007787, 41.424699657126155], [-70.93132702014918, 41.42410563083531], [-70.9301724730754, 41.42330582007591], [-70.92913920302436, 41.422890389897745], [-70.92868366894089, 41.42297925635065], [-70.92837978643797, 41.42366875563316], [-70.92722483416482, 41.422751864865916], [-70.9268303151956, 41.422182076044024], [-70.92622272003022, 41.42188581912115], [-70.92537195771932, 41.422071148018084], [-70.92436826832149, 41.42311498191303], [-70.92321410706236, 41.42398978520347], [-70.91859480101257, 41.423805801711076], [-70.91710573609548, 41.42396584569776], [-70.91358119094821, 41.42318685057392], [-70.9110286258096, 41.42295921243125], [-70.9086586989516, 41.42311568925771], [-70.90835488360686, 41.42300380830303], [-70.90841558873488, 41.42158829579836], [-70.9085375025447, 41.4213795965352], [-70.90935810254858, 41.42110476251514], [-70.91251784665944, 41.4213310863192], [-70.91327790280548, 41.42154379705238], [-70.91513110681332, 41.422890986371854], [-70.91567782881575, 41.42305305938871], [-70.91701475728452, 41.422931642781656], [-70.91987165939766, 41.423072918551654], [-70.92224195022182, 41.422727132055556], [-70.92366976240275, 41.42197359228805], [-70.92558480080433, 41.41998675166936], [-70.92695182737971, 41.41799148211124], [-70.92704319295568, 41.41751249876958], [-70.92819797364469, 41.41577274602761], [-70.92980819458013, 41.414655965040424], [-70.93050696386995, 41.41433816104545], [-70.93226920737328, 41.41392101889907], [-70.93333315693604, 41.41298489959447], [-70.93542904783965, 41.412553057689614], [-70.93728288693325, 41.411611831294486], [-70.9403209822149, 41.411065276512076], [-70.94132356491802, 41.410634110119744], [-70.94445253650953, 41.41026571519797], [-70.94660915342446, 41.40959874474018], [-70.94891860037036, 41.40919076913425], [-70.94964726492606, 41.409574715216465], [-70.95104546626499, 41.41177557503228], [-70.95101590137017, 41.412370235345676]]], [[[-70.55264226056407, 41.41996867525649], [-70.5532192503008, 41.42150136776449], [-70.55467830591378, 41.42289510373762], [-70.55495185024537, 41.4237651479511], [-70.55498180386255, 41.42498094071664], [-70.55519415099634, 41.42586960754084], [-70.55571056719732, 41.42667358160792], [-70.55695683647276, 41.427701413885586], [-70.5572606008802, 41.42842651396984], [-70.5569568206419, 41.430349159009324], [-70.5571091204018, 41.43227447341692], [-70.55583286504024, 41.43236401807879], [-70.55561938760111, 41.43188052407623], [-70.55546763127384, 41.43009927625009], [-70.55492103971125, 41.427584847636425], [-70.55419187680769, 41.42607227862943], [-70.5530972475258, 41.42394381514206], [-70.5511535453878, 41.42106990416944], [-70.54847941226407, 41.41788143950724], [-70.54796283564852, 41.41714946242688], [-70.54796326354159, 41.41671727276839], [-70.54923936695705, 41.4159615202557], [-70.54986936768844, 41.416025893847426], [-70.55167010228561, 41.41884685813804], [-70.55264226056407, 41.41996867525649]]], [[[-70.56254943527233, 41.427490074922126], [-70.56303539539482, 41.4268531205897], [-70.56343033778315, 41.42673989586066], [-70.56391701858017, 41.427129401305514], [-70.56391751622093, 41.42763363015321], [-70.56352177361875, 41.428134585360944], [-70.56288405336359, 41.4283594788673], [-70.56254952734676, 41.42817494357367], [-70.56254943527233, 41.427490074922126]]], [[[-70.9041306224437, 41.423182006750025], [-70.9049203563582, 41.423438822620525], [-70.90540647865888, 41.42384541482615], [-70.90683436518296, 41.42444320210767], [-70.90668231590435, 41.42471589313452], [-70.90561864062975, 41.42549870459899], [-70.90519260686617, 41.42627134926437], [-70.90494915635497, 41.42767183317792], [-70.90424937903026, 41.428854393005025], [-70.90421855556637, 41.42998025515705], [-70.90406653184876, 41.430388561139104], [-70.9021205444685, 41.43143849692131], [-70.90172442734615, 41.43370590048663], [-70.90145138813756, 41.43399820446444], [-70.90078227255864, 41.43432499199493], [-70.90026601967814, 41.4342969385433], [-70.89722710698129, 41.43292463535738], [-70.89604213905214, 41.43276357596199], [-70.89418821155567, 41.43281220554568], [-70.89048066620595, 41.4324231754539], [-70.88838290973742, 41.43298923699719], [-70.88777498582567, 41.43298989387774], [-70.88722856764417, 41.432872706407494], [-70.88649925861144, 41.43225425799857], [-70.88534475228984, 41.43180513281649], [-70.88437155264579, 41.43186625300701], [-70.88324752719973, 41.432235483942506], [-70.88282073632891, 41.43291800527499], [-70.8802368197814, 41.43445591994043], [-70.87868498591021, 41.4358503147905], [-70.87725635992471, 41.4362155658836], [-70.87622349434638, 41.43621438814553], [-70.8744896444009, 41.436801329064835], [-70.87283181929365, 41.43819505999202], [-70.87289332405544, 41.43852065967528], [-70.87448875118686, 41.4381974632], [-70.87561422282229, 41.43779174851749], [-70.87686095957224, 41.437564512891434], [-70.87746869844253, 41.43722120935868], [-70.87844158683168, 41.43712413137415], [-70.87968744231863, 41.436734230378136], [-70.88035647289126, 41.43675927370801], [-70.8809034840878, 41.43714660885401], [-70.88084226393333, 41.43742707775706], [-70.88032559438967, 41.437885694568536], [-70.87956517149586, 41.43806948725628], [-70.87752824776538, 41.43817480484323], [-70.87582595936459, 41.43847269538186], [-70.87448836293778, 41.43890875484264], [-70.87298007145449, 41.439113696911065], [-70.87249403140713, 41.439319780967196], [-70.87149145909389, 41.440210096536916], [-70.870428687581, 41.44083052013655], [-70.86909131064375, 41.441311536282385], [-70.86808928989053, 41.44215680673532], [-70.86626591013969, 41.44254673042616], [-70.86486755665692, 41.44255128410161], [-70.86228433458092, 41.44348498605743], [-70.86179859048721, 41.44388010470161], [-70.86131270690355, 41.44483345190807], [-70.86119277153752, 41.44643881691603], [-70.8604328504603, 41.44708167546583], [-70.8592179442744, 41.44778554703735], [-70.85806331654105, 41.4492274907881], [-70.85754735063547, 41.44975803939048], [-70.85712121064861, 41.4499632723518], [-70.8565137642097, 41.44993731669556], [-70.85535813604979, 41.44923521246898], [-70.85526628954307, 41.44888523253777], [-70.85569177540324, 41.44842846090727], [-70.85572191918799, 41.44769820396621], [-70.8547473749856, 41.44589472714587], [-70.85471686478628, 41.444931153540885], [-70.85574739032207, 41.44177107640091], [-70.8557466855971, 41.440537560725765], [-70.85550337397338, 41.439874965794964], [-70.8518231318255, 41.43674544043777], [-70.84975603078871, 41.43619337628468], [-70.84926949724664, 41.435742085349005], [-70.84902590758199, 41.43472832886275], [-70.84832584398924, 41.433730518362026], [-70.84823496765476, 41.43329106362682], [-70.84832532638919, 41.43269508565731], [-70.85190920326593, 41.42933192057421], [-70.85752896409272, 41.425764115823725], [-70.85859244915262, 41.425377915289694], [-70.85986865979471, 41.4251949277233], [-70.86302762972885, 41.423675905216065], [-70.86694721343501, 41.42237826199767], [-70.87153484239322, 41.42172683116212], [-70.87736010192535, 41.4216858334414], [-70.87860671839577, 41.42134153172955], [-70.88289088348063, 41.421090893453936], [-70.88507856432498, 41.4212085796757], [-70.88781353092448, 41.422127134503505], [-70.88966674414684, 41.422357721673336], [-70.89376904400433, 41.421714031567774], [-70.8999379492795, 41.42137771490183], [-70.901336021408, 41.4210125819993], [-70.9027642491343, 41.421060635073594], [-70.90315945929076, 41.42135139808648], [-70.90388753796825, 41.42295169695972], [-70.9041306224437, 41.423182006750025]]], [[[-70.90849693530464, 41.446860392692805], [-70.9066733361355, 41.44621497661709], [-70.90652187810322, 41.445326194059014], [-70.90694728953422, 41.445138780063736], [-70.90877077097699, 41.44658552023517], [-70.90877098119176, 41.446765595270676], [-70.90849693530464, 41.446860392692805]]], [[[-70.92594564587579, 41.449424419166625], [-70.92624962237694, 41.45005846692989], [-70.9262191319037, 41.450770729281004], [-70.92442527570321, 41.452260187383715], [-70.92399980230103, 41.453330028209955], [-70.92345250404026, 41.45415839941594], [-70.92308741470137, 41.45429103485756], [-70.92117188638571, 41.454593024295285], [-70.92062471921037, 41.454448984054075], [-70.92016922985322, 41.453285741939354], [-70.91974310229111, 41.452806366102585], [-70.91922709726087, 41.45252686041006], [-70.91837558384397, 41.45225294710755], [-70.91582157132122, 41.45232253707884], [-70.91530500459406, 41.45202500315098], [-70.9147887576241, 41.45138532809459], [-70.91472808846096, 41.450881933464565], [-70.91494062561293, 41.450725465841515], [-70.9157616582063, 41.45058507811005], [-70.91728171662753, 41.44969534584886], [-70.91770745525483, 41.44975999649883], [-70.91795066751178, 41.44997226948393], [-70.91804131361671, 41.45028617586321], [-70.91843721801236, 41.45063091050295], [-70.91849763069155, 41.451413416131516], [-70.91880090198615, 41.451705340341036], [-70.9196524386116, 41.45193479486117], [-70.92041226037789, 41.45182275932412], [-70.92047377819911, 41.45070492797409], [-70.92065571127353, 41.450539852305624], [-70.92129429032626, 41.448754756028265], [-70.92117333306292, 41.44734281031147], [-70.92135601280096, 41.44690706404738], [-70.92132599669037, 41.44567396834769], [-70.92144695353262, 41.445509705713114], [-70.9221159359542, 41.44548948333625], [-70.92238965684906, 41.4457187841927], [-70.92430446130395, 41.44828106957267], [-70.92518610010546, 41.44871659479919], [-70.92594564587579, 41.449424419166625]]], [[[-70.84024771582166, 41.446290153764764], [-70.84049098395867, 41.44692577093324], [-70.84155543922566, 41.44845753144372], [-70.84155590070243, 41.44921441185497], [-70.84094886636689, 41.450223806466596], [-70.84040216892453, 41.45163759243192], [-70.84040243752112, 41.4524119167002], [-70.84085932691502, 41.453170326435], [-70.83952208007958, 41.454173215273585], [-70.83915749367249, 41.4545666932065], [-70.8389752923947, 41.45529887433338], [-70.83854953463639, 41.45563909666207], [-70.8358439100622, 41.45609653959547], [-70.83289526302954, 41.45774717507378], [-70.83052360446432, 41.45742481713422], [-70.82854761260991, 41.456447478545606], [-70.8269356577444, 41.4562657237235], [-70.82292222230691, 41.45632961385868], [-70.8215850678799, 41.456990150620676], [-70.82064252302618, 41.458158373592305], [-70.81994311976526, 41.45798029541283], [-70.81805797917596, 41.45703708217302], [-70.81711514593631, 41.45585416398909], [-70.81599058979441, 41.45521430720409], [-70.81501733699493, 41.45497770957143], [-70.81446963137986, 41.454292925943136], [-70.81334472683092, 41.45374307829105], [-70.81294983436841, 41.45310985886066], [-70.81167319197512, 41.452832564510885], [-70.81152090759062, 41.452420842514925], [-70.81121688348065, 41.45219165046986], [-70.81121684332847, 41.45125469472331], [-70.81094296719955, 41.45093508457922], [-70.8104866059691, 41.45077080464227], [-70.8105481470518, 41.45047292882019], [-70.81185494359289, 41.449398164657545], [-70.8120372197842, 41.44903518080825], [-70.81158135261789, 41.44880844453891], [-70.81045660631182, 41.44867274229705], [-70.81003122779775, 41.4479588558196], [-70.81152045369593, 41.447548108989096], [-70.81255464805758, 41.447756970089834], [-70.81304083094854, 41.44761416873097], [-70.81294915048329, 41.44718312022524], [-70.81246281260586, 41.446956765520284], [-70.81200704427106, 41.446477925847965], [-70.81188571093365, 41.44611028563576], [-70.81203681439922, 41.44582870937287], [-70.81297923600177, 41.44638140404691], [-70.81322307994448, 41.4467284013651], [-70.81380011640604, 41.446953613644645], [-70.81471228441231, 41.44684039426452], [-70.8152899026837, 41.44638075312611], [-70.81525984662949, 41.446201058904094], [-70.81355686707953, 41.445606639764605], [-70.81288849511179, 41.445653236712715], [-70.81176377963627, 41.445310460548], [-70.81036549637061, 41.445440958281615], [-70.81139852746031, 41.44646916647189], [-70.80942303616311, 41.44777957888758], [-70.80957451294064, 41.4487855480807], [-70.8100920205947, 41.449174172844266], [-70.81082160960275, 41.449333362945495], [-70.81033472898905, 41.45004395131604], [-70.80829873690895, 41.4496342554267], [-70.80790316096211, 41.44924467867348], [-70.80848010519163, 41.447361908093335], [-70.80914971483783, 41.44682013685745], [-70.80933154076217, 41.446447588103496], [-70.80911913975635, 41.44585654650535], [-70.80820653575304, 41.44519539342948], [-70.8080849977353, 41.44491834827438], [-70.80820697012817, 41.44409693543004], [-70.80878434002236, 41.44361031453415], [-70.80930144436842, 41.44347615897021], [-70.810821270593, 41.44349722684319], [-70.81373986979787, 41.44496397812676], [-70.81623215167131, 41.445654321467906], [-70.82100475195999, 41.445011102640635], [-70.82355857479968, 41.444943648717164], [-70.82437863864297, 41.444570381296174], [-70.82559427010831, 41.443632787893385], [-70.82775263605511, 41.44249031366545], [-70.82915104000227, 41.44187339991979], [-70.83133833393951, 41.44129826599315], [-70.8358680587167, 41.44187468783075], [-70.83647636230644, 41.442080834626815], [-70.8369022536865, 41.44235343933716], [-70.83784499172393, 41.443815306852336], [-70.84024771582166, 41.446290153764764]]], [[[-70.80428547817598, 41.44956242776716], [-70.8057747747989, 41.45022376895463], [-70.80571399918297, 41.450431609196045], [-70.8048022387502, 41.451139571430375], [-70.80455856810528, 41.451503855588015], [-70.80455852749928, 41.45200806714886], [-70.80522741426392, 41.4524387224536], [-70.80537961673092, 41.45399449574657], [-70.80553145982745, 41.454253721970026], [-70.80680878209508, 41.454710602541326], [-70.80705189236862, 41.45500414885362], [-70.8070821020277, 41.45567005060619], [-70.80680869701256, 41.45624180771333], [-70.80680847919437, 41.456971675509], [-70.80726480006808, 41.457333490323386], [-70.80741594780235, 41.45772776646147], [-70.80738592944094, 41.45841243331739], [-70.80668648291335, 41.459072187506244], [-70.80458856286705, 41.45934802362884], [-70.80288644978536, 41.459924505719755], [-70.80236922881238, 41.46038276868329], [-70.80212594991814, 41.461755474827214], [-70.80279499697586, 41.46221371925647], [-70.80285499338792, 41.46328441353187], [-70.80322044275938, 41.46419716793889], [-70.8029161714067, 41.465003950663345], [-70.80215537703107, 41.465979558834256], [-70.80209476586882, 41.4667371924599], [-70.8017296623586, 41.467012936882696], [-70.80023951443778, 41.46730650366515], [-70.79960115705637, 41.46763176385279], [-70.79850655120507, 41.46859459392598], [-70.79665098550714, 41.46891173874672], [-70.79622533239272, 41.46870201056292], [-70.79567804785441, 41.46870198914655], [-70.79318414390433, 41.468912129918586], [-70.79196838997673, 41.46943520720804], [-70.79084263012153, 41.47019124505839], [-70.7898689655714, 41.47158468081263], [-70.78977781989822, 41.47204555498207], [-70.78898724741028, 41.47279635800752], [-70.78880418555576, 41.47346543090096], [-70.78776980415229, 41.47460748754128], [-70.78716104850604, 41.475589579776276], [-70.78703880846386, 41.4773479304152], [-70.78579204926915, 41.47776382785572], [-70.78521436615722, 41.47815129158291], [-70.78469712939759, 41.47815028157043], [-70.78238604387077, 41.477483468611645], [-70.78110816856984, 41.477367892866866], [-70.78056109802569, 41.47702509264063], [-70.77973961034463, 41.476848806116614], [-70.7764852817581, 41.47702561337409], [-70.77526894663113, 41.477458471768514], [-70.77405154000019, 41.47821601064685], [-70.77231763198463, 41.479926880141875], [-70.77183009904017, 41.480636741412454], [-70.77091677747588, 41.48297468225487], [-70.77146360746913, 41.483750273878194], [-70.77143333790232, 41.48409278754294], [-70.77070281521466, 41.484301933737974], [-70.77042909594081, 41.48454946692451], [-70.7702465044651, 41.48507501618858], [-70.76988109358419, 41.485323646369324], [-70.76878580497167, 41.485394248952026], [-70.76820773438793, 41.48571859798368], [-70.7681466813771, 41.486314145000826], [-70.76884600105748, 41.48692472504131], [-70.76881535974827, 41.48724922809853], [-70.76829846098524, 41.48757284654023], [-70.7673848375668, 41.48782074497551], [-70.76586463129102, 41.48770906061679], [-70.76172666655192, 41.48804292053005], [-70.76078412517508, 41.48834572630023], [-70.75911015804827, 41.489947617734515], [-70.7578622462998, 41.49058773686244], [-70.7567362591712, 41.490262979428906], [-70.75667568306984, 41.48998458892399], [-70.75637188573603, 41.489737243145846], [-70.7552155129548, 41.48987202996302], [-70.75488114051603, 41.49014726499832], [-70.7550935335553, 41.49083745385216], [-70.7540578367774, 41.49172709328976], [-70.75390578776354, 41.49225169275962], [-70.75110467975452, 41.494627133321636], [-70.75086085903129, 41.495540539546695], [-70.74949068462948, 41.49720957588107], [-70.74783655145721, 41.4975233225584], [-70.74767111890047, 41.49800280622556], [-70.74765844340301, 41.4990831844137], [-70.74733640196206, 41.4993213387184], [-70.74637478652518, 41.49955524551789], [-70.74506711401575, 41.50095284128647], [-70.74430632106835, 41.50132481293015], [-70.74351588425303, 41.50148048932244], [-70.7423900067701, 41.50138969118748], [-70.74135630677813, 41.50208114575965], [-70.74026150793749, 41.502557214806906], [-70.73883181104284, 41.50381267493643], [-70.73816266993173, 41.50418296974262], [-70.73630700448959, 41.504364640588264], [-70.73560690805216, 41.504096000416034], [-70.73496683936689, 41.50356496032195], [-70.73484459989969, 41.50326982217259], [-70.73429699529136, 41.5029267947063], [-70.7315882917861, 41.502832512074356], [-70.72906367798387, 41.50336631025131], [-70.72808949039438, 41.50373222191387], [-70.72708587876038, 41.504395615418595], [-70.72632552749674, 41.505587385838076], [-70.72422649678226, 41.507005795742444], [-70.72349651043658, 41.50769241283588], [-70.72325378989386, 41.50841668923207], [-70.72255397612653, 41.509174975305946], [-70.72054547640165, 41.509934967316035], [-70.72011965591473, 41.510229169601025], [-70.71978554758306, 41.51089203463795], [-70.71987728129268, 41.511782361473124], [-70.71890425133519, 41.51302158030267], [-70.7183254141472, 41.5141655898279], [-70.7175344911423, 41.51461877442551], [-70.71485675127074, 41.51544214293625], [-70.71254364723448, 41.51491852140482], [-70.71147810301262, 41.5148981793728], [-70.71150814564982, 41.514555677496226], [-70.71172241894142, 41.51430055522261], [-70.71254342537452, 41.51414418527942], [-70.71351664578756, 41.512931470221616], [-70.71254378908152, 41.51286507264743], [-70.71254319145406, 41.512243237350745], [-70.71196499675524, 41.51210810439436], [-70.70959052923956, 41.512656584285715], [-70.70889061017368, 41.51249638975758], [-70.70831216239945, 41.5129279189718], [-70.70800851014106, 41.5129325530193], [-70.70746016761959, 41.51247233972284], [-70.7064558094981, 41.5121091040311], [-70.7067904778748, 41.511563894510594], [-70.70761213850692, 41.51144358056941], [-70.70782538268219, 41.511241919080156], [-70.7077943752268, 41.51020681753891], [-70.70752042138047, 41.50977834512248], [-70.70764221298342, 41.509434233959645], [-70.70831112547309, 41.508676948493736], [-70.70837211104003, 41.5083155300379], [-70.70806704321487, 41.50819409971084], [-70.70712482915354, 41.50828937635724], [-70.70578580224819, 41.50884050436928], [-70.70581619696766, 41.50922732186936], [-70.70459909815291, 41.510146198216546], [-70.70453796912768, 41.51093980088985], [-70.70417292655522, 41.51094511972801], [-70.70383826400112, 41.51055391629788], [-70.70371630217015, 41.51009611269074], [-70.70329037652007, 41.50994061945957], [-70.70204277878784, 41.51041862627937], [-70.70201176803353, 41.50993276037034], [-70.70131209155744, 41.50927618048807], [-70.70131163694431, 41.50886199789217], [-70.70210293668899, 41.50829187811217], [-70.70225485187945, 41.507875390454245], [-70.70277209176865, 41.50739900544614], [-70.70316799688146, 41.507348325762926], [-70.70398980224375, 41.50796635895394], [-70.70505457346503, 41.508220867994375], [-70.70721500218342, 41.507323776070095], [-70.70721516470498, 41.5070986798676], [-70.70621116965414, 41.50650134276344], [-70.70496240923569, 41.50611443615714], [-70.70450628344082, 41.50577021666603], [-70.70435341662271, 41.50490758454863], [-70.7048104227398, 41.50336943407145], [-70.70505335300341, 41.503005915929016], [-70.70535848681635, 41.50293827323684], [-70.70544955920235, 41.503260800256136], [-70.70581442137323, 41.503417546442776], [-70.707031666016, 41.502777779971154], [-70.71007468655174, 41.50249850205677], [-70.71047021641009, 41.50238420457827], [-70.71074343142655, 41.50202032251411], [-70.71059182233788, 41.50153587150064], [-70.70937416352791, 41.500878549996536], [-70.70894847001654, 41.50010124821292], [-70.70882170018871, 41.49884882361938], [-70.70763505663841, 41.49844324550457], [-70.70723925560964, 41.49752152090217], [-70.70696560085783, 41.497255119055424], [-70.70547439363533, 41.49708824280396], [-70.70520056494217, 41.49686685488228], [-70.70517052070642, 41.496543067022735], [-70.70729925056712, 41.495241705003316], [-70.70881949046378, 41.49384095804211], [-70.7090931743917, 41.493224411946564], [-70.70994461083454, 41.49258150231938], [-70.71052237190543, 41.49182525906743], [-70.71173925425862, 41.4912844844302], [-70.7123772891178, 41.49079764181735], [-70.71529799770603, 41.4901594745122], [-70.71611870800528, 41.48963391995115], [-70.71675777031912, 41.488966982615416], [-70.71858182817563, 41.48839937536891], [-70.7202243551245, 41.48814056219228], [-70.72189738192355, 41.48814248411329], [-70.72317564822089, 41.488420798637776], [-70.7261870119519, 41.48843856750279], [-70.72737289879134, 41.48818666438201], [-70.73074877421733, 41.4870458586841], [-70.73351705774827, 41.48660765239752], [-70.73430649458918, 41.486334427153416], [-70.73597894485903, 41.48484149732106], [-70.73719478771898, 41.48420140271448], [-70.7396870088012, 41.48216413154732], [-70.74239271737757, 41.48047488132612], [-70.74415544471204, 41.47900719716966], [-70.74600976356689, 41.477888994222404], [-70.74686100962934, 41.477723014331374], [-70.74807793369938, 41.47776766694374], [-70.74868670960053, 41.47843404661766], [-70.75008422137341, 41.478682460197305], [-70.75136198322275, 41.47864531963138], [-70.75367454488297, 41.47790761465453], [-70.7551039039202, 41.478281666877876], [-70.75537707842945, 41.478502929242886], [-70.7556203589893, 41.479075707146684], [-70.75586320019127, 41.479170715504985], [-70.75829731295616, 41.47814277750078], [-70.75936203588029, 41.47738834873677], [-70.76027533430074, 41.47659071715755], [-70.76085443543442, 41.4754915234199], [-70.76103727989472, 41.473795492821445], [-70.7609778693204, 41.472814813659156], [-70.76079545044468, 41.47233135711273], [-70.7599135029557, 41.47187653889843], [-70.75951865207476, 41.47116209601352], [-70.75894159080791, 41.47077453826346], [-70.75730039039851, 41.47011496291977], [-70.75696568483136, 41.469588859841295], [-70.75678398417394, 41.46846556652518], [-70.75626785418747, 41.467456004364635], [-70.75632920720876, 41.466455293168885], [-70.75648158838506, 41.46597571290292], [-70.75821672860596, 41.46349920617632], [-70.76086435067924, 41.46094534059791], [-70.76177721663716, 41.46055343118676], [-70.76563872346412, 41.46057513028088], [-70.76755486091581, 41.459662944664586], [-70.76791985259095, 41.459324282264284], [-70.7684676129757, 41.458225975509215], [-70.76874151682979, 41.457969445402654], [-70.76925825926514, 41.45783546879855], [-70.77123488651527, 41.457858883029814], [-70.77248139630784, 41.45758777003018], [-70.77540005270549, 41.45760533492573], [-70.77667700585377, 41.457153168842616], [-70.7773467845502, 41.456629591553806], [-70.77768154260326, 41.45603015782298], [-70.78181757096509, 41.452786363812216], [-70.7840685866197, 41.45017543063378], [-70.78543683488375, 41.44965002529976], [-70.78677450960915, 41.44845813032583], [-70.78872051732208, 41.447338129706246], [-70.78945080153176, 41.446651105579114], [-70.79027142382468, 41.446332109764725], [-70.79525737410148, 41.4467047974078], [-70.7984184751949, 41.44635806372589], [-70.80002948482925, 41.446476630857575], [-70.80164074035318, 41.4472260040894], [-70.80349521350051, 41.44901678559528], [-70.80428547817598, 41.44956242776716]]], [[[-70.70322809513458, 41.504771382252], [-70.70149260072996, 41.5045807920468], [-70.70134116724907, 41.50444804419721], [-70.70137167324592, 41.50422259872166], [-70.7020715392177, 41.50371655155197], [-70.70243685938979, 41.50314399620245], [-70.70368431669452, 41.50275602415653], [-70.70499253306731, 41.50202462805782], [-70.70499254614826, 41.5022953077155], [-70.70380646930597, 41.50343836376619], [-70.70374556047595, 41.504213959604286], [-70.70322809513458, 41.504771382252]]], [[[-70.69793295473619, 41.504976054378226], [-70.69787207240948, 41.504337472437264], [-70.69857233002166, 41.5040120901781], [-70.69857223139633, 41.504858456191094], [-70.69838956519773, 41.50524827278294], [-70.69750667348184, 41.505450809784065], [-70.69753756830494, 41.50522536798285], [-70.69793295473619, 41.504976054378226]]], [[[-70.7022850570208, 41.505929072550664], [-70.70280189630861, 41.50536320850526], [-70.70325851864165, 41.50536529033245], [-70.70389710452962, 41.50572486383461], [-70.70401909318042, 41.50611964014134], [-70.70246796551369, 41.506962430144824], [-70.7022850570208, 41.505929072550664]]], [[[-70.70021635175871, 41.50847330559791], [-70.70015521535588, 41.5090232381101], [-70.69966846472428, 41.50918356445112], [-70.69930276223022, 41.50897276925424], [-70.69927296818561, 41.50863097348364], [-70.6984818191742, 41.50712061060118], [-70.69851194507926, 41.50641739356211], [-70.69881609946205, 41.50607064042823], [-70.70003278127037, 41.50575564730773], [-70.70146337822699, 41.5058152459741], [-70.70170627453304, 41.50611802301744], [-70.70146339358213, 41.50716639366963], [-70.70021635175871, 41.50847330559791]]], [[[-70.69132916792604, 41.50646097020255], [-70.69139019797765, 41.507468717481245], [-70.6915727124281, 41.50771818824345], [-70.69224298629223, 41.50790641641496], [-70.69470740819824, 41.5067804373061], [-70.69507224547388, 41.50634239742502], [-70.6953473019392, 41.50625768576529], [-70.69674676745741, 41.50683090832725], [-70.69848177169776, 41.50847175835771], [-70.69839034471426, 41.509616859134965], [-70.69866487591521, 41.50996432297629], [-70.69933402835949, 41.51048564542622], [-70.70067273947271, 41.510988047074385], [-70.70061271962417, 41.511628589492055], [-70.69936526628692, 41.51343970867313], [-70.69744784966018, 41.5138285263146], [-70.69525608187938, 41.5136447438568], [-70.69516501187235, 41.51290746582297], [-70.69400775525017, 41.512294302007525], [-70.69312575534298, 41.512298163347886], [-70.69193908312478, 41.512684765840014], [-70.69029540576908, 41.512916155026254], [-70.68944349221425, 41.51252346757431], [-70.68725195647198, 41.51226750038993], [-70.68606501869874, 41.51332089235483], [-70.68554766876345, 41.51352708422523], [-70.68332541519915, 41.513829626603346], [-70.6824121554197, 41.51425748960279], [-70.68128621983377, 41.51515651706482], [-70.6800075912639, 41.515815263683834], [-70.67751139656052, 41.51624795840634], [-70.67738976784491, 41.51606981202007], [-70.67769445857725, 41.51499323741904], [-70.6776949401816, 41.513759140410876], [-70.67748213951596, 41.51339293921253], [-70.67681246214447, 41.513069569359544], [-70.67656908038329, 41.513190482047804], [-70.67659927406613, 41.51355029543488], [-70.67690291404395, 41.51389689841289], [-70.67617229517143, 41.51391692019281], [-70.67574738574426, 41.51348164616351], [-70.6753819561855, 41.512613488760856], [-70.67659955062167, 41.5102351645931], [-70.67705630353201, 41.509850746556914], [-70.67839551363717, 41.509569511906726], [-70.67912651820083, 41.50925234953576], [-70.68058630176428, 41.50785322427225], [-70.68186547795482, 41.50716802743461], [-70.6855173309172, 41.50678068241248], [-70.68658242348931, 41.50632405855007], [-70.68825580472397, 41.50485771267007], [-70.68938224764602, 41.504606903534544], [-70.69084242266379, 41.50510803921459], [-70.69084265645289, 41.50580134188993], [-70.69132916792604, 41.50646097020255]]], [[[-70.74011706298198, 41.51244023698865], [-70.74005684713129, 41.513035776970185], [-70.73953985411993, 41.51401598575056], [-70.73911413756332, 41.5140857257567], [-70.73911338369248, 41.51358150426916], [-70.73938728992489, 41.51299189916337], [-70.73938659109783, 41.51232504578218], [-70.73883780981602, 41.51106363874546], [-70.73886755124302, 41.5107025581893], [-70.7394141054247, 41.509785015140864], [-70.73977919723383, 41.50974300513696], [-70.74069235376078, 41.51017061258316], [-70.74090619579191, 41.51044666111082], [-70.74090691948322, 41.511175978796544], [-70.74069422377465, 41.51184590626982], [-70.74011706298198, 41.51244023698865]]], [[[-70.70280434129577, 41.513505563685726], [-70.7019825587579, 41.51321166278897], [-70.70164729740647, 41.51274841744031], [-70.7016468791616, 41.51245128577622], [-70.70234729313431, 41.51226938039405], [-70.70402133416808, 41.512451646639455], [-70.70499521362193, 41.51288728433845], [-70.70499485180278, 41.513157961471556], [-70.70478204603317, 41.513323042498996], [-70.70280434129577, 41.513505563685726]]], [[[-70.70980529163808, 41.5160671790315], [-70.71065752574185, 41.517937478655256], [-70.71047572871467, 41.51862444915628], [-70.7101101298202, 41.51894491982057], [-70.70810189535489, 41.51976772409547], [-70.70764557503117, 41.52036892567687], [-70.70737124658457, 41.52039120804358], [-70.70691478186811, 41.519974402580466], [-70.7058802107457, 41.51977414702911], [-70.70466234065701, 41.519864098834425], [-70.70140544713072, 41.52116480145149], [-70.70003633356451, 41.52140107845284], [-70.6995185248744, 41.52137266669216], [-70.69872736407122, 41.520988356928775], [-70.69863552253477, 41.52063824436984], [-70.69945744968017, 41.51942795514967], [-70.70149579823655, 41.51766854643782], [-70.70277447453964, 41.517352270299746], [-70.70292660297135, 41.51716088051242], [-70.70307767702211, 41.51578940943458], [-70.70335175514147, 41.51560506562182], [-70.70365612695734, 41.51479009804325], [-70.7038691698979, 41.51460645018684], [-70.7060303097456, 41.514124125983706], [-70.70578676639609, 41.51341617858181], [-70.7059081601374, 41.51304505465028], [-70.70624328524765, 41.51288701739062], [-70.70746068548358, 41.51315720210274], [-70.70831272954646, 41.513639793321595], [-70.70919591108351, 41.513662833735744], [-70.70980438402464, 41.51498670549179], [-70.70980529163808, 41.5160671790315]]], [[[-70.45957658939074, 41.58217903864229], [-70.4603077786564, 41.58222343819637], [-70.46070399265109, 41.582425718740986], [-70.46091759831907, 41.58265727960891], [-70.46070479295096, 41.58346177055659], [-70.46201528274904, 41.58471520467953], [-70.46305080144795, 41.58506175574874], [-70.46353821076339, 41.585605329323236], [-70.46317403133318, 41.58666337458836], [-70.46225977777249, 41.58745865064727], [-70.46219903650866, 41.58778393482673], [-70.46280890158098, 41.58817274499426], [-70.46353984999243, 41.58835218369271], [-70.462900122207, 41.58844145231552], [-70.46216876973439, 41.58817140116495], [-70.46174185575063, 41.58782590403384], [-70.46098032215598, 41.58636757910503], [-70.45994348598539, 41.58515546940196], [-70.45787076802992, 41.58341667350013], [-70.45695615756178, 41.58135644879978], [-70.4567731764846, 41.58055733459504], [-70.456773125962, 41.579341205218974], [-70.45695511072677, 41.57884370644302], [-70.45732098133335, 41.578767153220824], [-70.4589970255459, 41.58027665852829], [-70.45927167322621, 41.58078678637585], [-70.4599111553702, 41.58140042616169], [-70.45994223833017, 41.58167871511409], [-70.45957658939074, 41.58217903864229]]], [[[-70.46476244572732, 41.59519075395015], [-70.464457301235, 41.594960617580824], [-70.46436535525905, 41.594619871543145], [-70.4647006903805, 41.59400276437175], [-70.46524863241162, 41.59379784589453], [-70.46546266662845, 41.5940294016514], [-70.46576743139414, 41.59530401716386], [-70.46476244572732, 41.59519075395015]]], [[[-70.43261376609856, 41.60763876986283], [-70.43261360724964, 41.60809798397088], [-70.43230948085082, 41.60828196480132], [-70.4320651311334, 41.608231271123195], [-70.43121167895603, 41.60743143839743], [-70.43032799975767, 41.60711810575653], [-70.42907810987768, 41.60693525362799], [-70.42679217935917, 41.60830596849783], [-70.42438427648155, 41.60869627303534], [-70.42401852578838, 41.60857463006196], [-70.42401856729634, 41.60830450328867], [-70.42548197431121, 41.60702511595784], [-70.42801112190153, 41.60617390287874], [-70.4279812306233, 41.60583202279486], [-70.42721961008122, 41.60541851937766], [-70.42645780581572, 41.60546366227385], [-70.42426271744661, 41.60620263666877], [-70.42359242834061, 41.606958273345455], [-70.42362280641073, 41.60780495958232], [-70.42350090164076, 41.607986703498], [-70.42179375897176, 41.609286827099176], [-70.42136698669763, 41.60942684517965], [-70.4207574527907, 41.60944356893009], [-70.4204219540423, 41.60919557946657], [-70.42078762468375, 41.60901052625144], [-70.42081878374536, 41.60883017451714], [-70.42051371348981, 41.60868996240449], [-70.41792309146453, 41.60835299014118], [-70.40856614979963, 41.608161650241684], [-70.40241004109085, 41.60767859643421], [-70.40186090066733, 41.60754104114084], [-70.40170870442026, 41.60699368654237], [-70.40347680176845, 41.60692690848713], [-70.40649385176683, 41.60731333672061], [-70.41188924778747, 41.607156902021295], [-70.4220382779473, 41.60565368421212], [-70.42539071049792, 41.604801331993855], [-70.42654908504558, 41.60475994313564], [-70.42990114688824, 41.60544830438536], [-70.43102876399449, 41.60585735438126], [-70.43194301482363, 41.60658460077463], [-70.43261376609856, 41.60763876986283]]], [[[-70.23451535896194, 41.28279388076664], [-70.23481925393273, 41.283141698268345], [-70.23481893113103, 41.28336680358179], [-70.23445525873984, 41.283668319095526], [-70.23245411262121, 41.284302096154114], [-70.23190803980805, 41.283920603888916], [-70.23181623478145, 41.28352507063177], [-70.23130071236818, 41.2830893290512], [-70.22969328952428, 41.282863618175995], [-70.22681157299701, 41.28167808374208], [-70.22165491805731, 41.27998560506025], [-70.21935003006463, 41.27966800463308], [-70.21634778861095, 41.27900590290164], [-70.21561889674146, 41.27842809777092], [-70.21452802660858, 41.277971108578086], [-70.2144964399813, 41.27762914561788], [-70.21564983315379, 41.27738281531389], [-70.21910608419167, 41.27740064029553], [-70.22495988089533, 41.27815789439013], [-70.2279921101489, 41.279116685456934], [-70.23120849474329, 41.28114504048035], [-70.23181556115108, 41.28172362807477], [-70.23363581160804, 41.282316932159546], [-70.23451535896194, 41.28279388076664]]], [[[-70.24829011157624, 41.28928345223802], [-70.24792555574793, 41.288846082325016], [-70.24789445886967, 41.28829703593801], [-70.24831905240143, 41.28766186571084], [-70.24865224200902, 41.287640228691956], [-70.24945521190638, 41.288054869794834], [-70.25021251269362, 41.28878527772491], [-70.25021210308896, 41.289055966115704], [-70.24895730715825, 41.28898806470071], [-70.24829011157624, 41.28928345223802]]], [[[-70.2675562933611, 41.29610761708934], [-70.27055781076992, 41.29933513045129], [-70.27331565000242, 41.30308779727221], [-70.2738617268868, 41.30435150876348], [-70.27431581379382, 41.30494114813882], [-70.27743912250406, 41.307572694627964], [-70.27762156861716, 41.30839912384749], [-70.27768010758193, 41.311857413315394], [-70.27722418150042, 41.31253793950154], [-70.2768299478174, 41.31283926139899], [-70.27625333574399, 41.313134106993914], [-70.27594999488116, 41.31311056533396], [-70.27482751005456, 41.31277144431425], [-70.27458545036792, 41.31245029451894], [-70.27473708568776, 41.31226791124477], [-70.27546464356926, 41.312061936868346], [-70.27619388490753, 41.3114142017137], [-70.27661910933911, 41.30979746153569], [-70.27662000594509, 41.30922063224853], [-70.27592226704269, 41.30860698073292], [-70.27398120498952, 41.30798885967274], [-70.27370737530563, 41.307965068834555], [-70.27319175802997, 41.308330905867635], [-70.27197830200856, 41.30857886373646], [-70.26982252459378, 41.30999894492308], [-70.2664548390673, 41.31095443483756], [-70.26260078142909, 41.3111143756131], [-70.256109650781, 41.30934755145642], [-70.24684966186832, 41.30621481295361], [-70.24433082567316, 41.30468371273104], [-70.24293363850913, 41.30344697628435], [-70.24205251699107, 41.3022317207422], [-70.24156681491344, 41.30081375819229], [-70.24183903418972, 41.3002883433158], [-70.24232445686417, 41.300174997328945], [-70.2425672074561, 41.30031670130749], [-70.24262814174264, 41.30088352791698], [-70.24317507724926, 41.30134601557351], [-70.243175213049, 41.3017782263797], [-70.24381302172304, 41.303014407303706], [-70.2449366746542, 41.304290305782594], [-70.24824551167718, 41.306280918637135], [-70.24863985287062, 41.30628584480538], [-70.24870008391589, 41.30579858762052], [-70.2494817523217, 41.305650781732524], [-70.24891172954848, 41.305066511134406], [-70.24815227238444, 41.30365174045745], [-70.24793860433141, 41.30276244646078], [-70.24796769430306, 41.30124891158678], [-70.24460043014616, 41.300889116972485], [-70.24502424041229, 41.300127887360496], [-70.24478146284677, 41.29996817969779], [-70.24435687796013, 41.299928011996066], [-70.2435075562092, 41.300180268597245], [-70.24199014652767, 41.29944924207362], [-70.2397123833985, 41.296564435077464], [-70.2398015863718, 41.29473473008303], [-70.23955908835731, 41.29429587888788], [-70.23980102589212, 41.29390632278723], [-70.24131712162891, 41.29313307508524], [-70.24425929430576, 41.29271387817643], [-70.24683699614654, 41.29257814314939], [-70.25123949367585, 41.29301684449384], [-70.25579054322839, 41.292606661590334], [-70.25949012900756, 41.29297146108786], [-70.2605821806469, 41.2935901016569], [-70.26121890735176, 41.293519978747064], [-70.26140097655312, 41.29336496010767], [-70.26088529597462, 41.29288433269851], [-70.25591388445858, 41.29043459798972], [-70.25551907246341, 41.289880426743046], [-70.25549033029256, 41.28864707993236], [-70.2585818951406, 41.29077456832193], [-70.26303884759909, 41.29311275757047], [-70.2675562933611, 41.29610761708934]]], [[[-70.05677205656991, 41.296001957983215], [-70.04991678537102, 41.29545221111242], [-70.0478237296812, 41.29476857419219], [-70.04530645671994, 41.29474635136686], [-70.04403243741069, 41.29501923137565], [-70.03905701424114, 41.29721693216101], [-70.0311989343403, 41.30020601412881], [-70.02974167787966, 41.30135375300018], [-70.02925634612194, 41.3021961377049], [-70.02752639290358, 41.303499573963876], [-70.02509882830441, 41.30503420373233], [-70.02446115951379, 41.30519303694948], [-70.02233756950983, 41.30461771243382], [-70.02179186988671, 41.30429822986352], [-70.02079142937004, 41.303225967655614], [-70.02082223460688, 41.3029736750778], [-70.02106421361896, 41.30299878858018], [-70.02224794737741, 41.30356467573347], [-70.02258090534286, 41.30404796495783], [-70.02434015197304, 41.304140155649094], [-70.02613019742203, 41.30380049325994], [-70.02658600493483, 41.30333706067971], [-70.0265864844042, 41.30269716847145], [-70.02564628152452, 41.30119238230162], [-70.0254050747767, 41.298627392791516], [-70.02398024305361, 41.29709094626597], [-70.02352630888856, 41.29498691932634], [-70.02395163791176, 41.293362053734874], [-70.02358843523812, 41.29315808283738], [-70.02307303051224, 41.29318061790635], [-70.02298131734565, 41.29338877991685], [-70.02316342776054, 41.29405356850173], [-70.02210043212831, 41.294459526697715], [-70.02173635420849, 41.29521904441896], [-70.02167553613087, 41.29578723576755], [-70.02149375437001, 41.29596889348591], [-70.02043133576778, 41.29626678737053], [-70.02021907378261, 41.296475621324575], [-70.02012776748627, 41.29723307537488], [-70.01930803973485, 41.29739343562068], [-70.01891329922702, 41.29782949870921], [-70.01800353929933, 41.29802637786404], [-70.0178214521446, 41.298172006978895], [-70.01779095178264, 41.29860496033317], [-70.01955053837538, 41.29807590515098], [-70.02115913157932, 41.29828661350962], [-70.02206847470092, 41.298188755646066], [-70.02206807487408, 41.298530930228644], [-70.02179498160386, 41.299064831003484], [-70.02179475582767, 41.299659140441136], [-70.02267359442764, 41.30027281537032], [-70.02261359035674, 41.30048082877918], [-70.0218848591523, 41.30098288838561], [-70.02112614177143, 41.30121440928891], [-70.02103503500506, 41.30155764909251], [-70.0201546666074, 41.302421281222564], [-70.01954837355464, 41.30257937146275], [-70.0182439958502, 41.30214976012885], [-70.01672658778074, 41.302172079471006], [-70.01627185257244, 41.30231131630079], [-70.01524020857744, 41.302014128073125], [-70.01357136892761, 41.3023079362625], [-70.01332962013734, 41.30164347236758], [-70.01269209416164, 41.3016671697237], [-70.01250957218168, 41.30244368039374], [-70.01123540268411, 41.30258112166416], [-70.01047663864043, 41.303037690230745], [-70.01011247016949, 41.303905792314794], [-70.01020282844001, 41.30449960824638], [-70.01074747570705, 41.305458471459424], [-70.01126351385767, 41.30583220886982], [-70.01241621892136, 41.306173234986424], [-70.01441810977396, 41.30587650093622], [-70.01523781828335, 41.30530195564375], [-70.01733164245667, 41.30558042998209], [-70.01805923979732, 41.305439136086484], [-70.01994147663025, 41.30448564219462], [-70.02076043058905, 41.30462242236908], [-70.02160921608672, 41.30510120376741], [-70.02315599282609, 41.3054928565701], [-70.02364165290008, 41.30587627023316], [-70.02403581403136, 41.306539322959864], [-70.02643116816729, 41.309085126749245], [-70.02712850277122, 41.30956526925915], [-70.02928260821156, 41.31036545361536], [-70.03280049195185, 41.31581059712363], [-70.03273893355315, 41.315973009379626], [-70.02755066953803, 41.31556003934603], [-70.02172470407798, 41.31587351130967], [-70.01677778257839, 41.3176378486319], [-70.01374166219055, 41.318546877504005], [-70.01049344296929, 41.32019705294111], [-70.00773118491283, 41.32131101076188], [-70.00530356292192, 41.32204380687132], [-70.00390681070662, 41.322731657489626], [-70.00214529513336, 41.32406188190056], [-70.00001874603502, 41.32645881172165], [-69.99977557811745, 41.327217055760684], [-69.99947154686699, 41.32739987356663], [-69.99898328745141, 41.32862986857677], [-69.99855584904722, 41.33075552114673], [-69.99855100931283, 41.33142631470842], [-69.9988732543441, 41.33268676027239], [-69.9994654310667, 41.33401156719096], [-70.00161833632899, 41.336181550287264], [-70.0036203961375, 41.33781258521538], [-70.00853538533553, 41.340967240325064], [-70.00850431900768, 41.341147489520814], [-70.00792768792007, 41.34137795248999], [-70.00762383656607, 41.34169586728069], [-70.00671317035143, 41.34169454759472], [-70.00665225473763, 41.34185751849895], [-70.00731980286291, 41.34208581725636], [-70.00744157204522, 41.342453805895815], [-70.00689465045771, 41.34281916479843], [-70.00689420090049, 41.34299925479024], [-70.00753176604267, 41.34275046523258], [-70.00795694615682, 41.34275550885957], [-70.00795693479421, 41.34298119136336], [-70.0085641274786, 41.34270554402957], [-70.00871595727622, 41.34300132622075], [-70.00819896187505, 41.3435736332173], [-70.00786455175543, 41.34371161290892], [-70.00783442390953, 41.34396391273989], [-70.00804717039304, 41.34424136383914], [-70.00929117622864, 41.34508619771875], [-70.00992765070876, 41.34528761971365], [-70.01032298989911, 41.34566258339593], [-70.0111728359575, 41.34535803594802], [-70.01184177550816, 41.344883389392095], [-70.0118107392106, 41.344514347753965], [-70.01129480435065, 41.34412260745161], [-70.01135621115472, 41.343825131574796], [-70.01217555149208, 41.344079035353055], [-70.01363219480334, 41.345128660923876], [-70.01511873953388, 41.345710410799484], [-70.01709233735302, 41.34565693301717], [-70.01897439490095, 41.34529774900723], [-70.01997600266735, 41.34556805070626], [-70.01994657273195, 41.34593798717973], [-70.01942974882054, 41.34639272197251], [-70.01842804257387, 41.34648260536884], [-70.01824463440234, 41.347214093680705], [-70.01763739083246, 41.34783197403562], [-70.01508810247765, 41.34760213904123], [-70.0133255627204, 41.34886049451825], [-70.01317304253739, 41.3500780771727], [-70.01347686866471, 41.35016536228951], [-70.0134468818001, 41.35044467972012], [-70.01302089023194, 41.35098893895868], [-70.01299041159747, 41.35146691806396], [-70.01186654999067, 41.35160297762666], [-70.01174467673853, 41.35210845765464], [-70.0124113338087, 41.35368743224638], [-70.01320053631156, 41.3539420566136], [-70.0136560958288, 41.3538478613923], [-70.0148107880989, 41.352702526123295], [-70.01560033674343, 41.35218216380747], [-70.01578325188959, 41.350649246494754], [-70.01663423325513, 41.34995746658197], [-70.017515647872, 41.34854457109485], [-70.0184271393038, 41.347833873060445], [-70.01906470775529, 41.3475850184381], [-70.01927723840383, 41.34701543307995], [-70.02055317642268, 41.34648170244647], [-70.02082666446502, 41.3448852416294], [-70.02267932972526, 41.34429205126648], [-70.02447042947546, 41.34340255955029], [-70.02519919343551, 41.3427563995801], [-70.0276904320665, 41.339645051630015], [-70.02848000247273, 41.33813351811966], [-70.02927057280311, 41.3347490048675], [-70.02927185269624, 41.333289689488765], [-70.02981809893456, 41.33209578005708], [-70.030516651924, 41.33196302951371], [-70.03221644871775, 41.33219107530494], [-70.03349112441003, 41.331891311549136], [-70.03428085182021, 41.33162352289035], [-70.03525215250329, 41.33067765916382], [-70.03582928591385, 41.32928545564889], [-70.03601178579925, 41.32841886050679], [-70.0360121772179, 41.32668038971334], [-70.03573925992984, 41.325485419635285], [-70.0351329623989, 41.32411222905541], [-70.03831936075862, 41.3246689610725], [-70.040959998876, 41.32425787486698], [-70.04220462838228, 41.32366103538552], [-70.04335722422896, 41.32285814038902], [-70.0453004089799, 41.32075071485498], [-70.04615052121851, 41.31876147241073], [-70.04615065762022, 41.31819417773499], [-70.04521081718622, 41.31565346162172], [-70.04521041771572, 41.31517620715274], [-70.04763829667766, 41.315424080078635], [-70.04933704656823, 41.315102573238214], [-70.05115795938757, 41.31421193341458], [-70.05337339933783, 41.312156264542125], [-70.05370740555847, 41.31167597090655], [-70.05388949048645, 41.31119654821235], [-70.05495120056466, 41.30975473471475], [-70.05540641604684, 41.30867886202687], [-70.05546740345316, 41.30774146582389], [-70.05580125973802, 41.307648365965946], [-70.05665019035594, 41.30821692931517], [-70.05752972097773, 41.308470149897026], [-70.05828872524715, 41.3084899570076], [-70.06004817879533, 41.30833002478306], [-70.06083763025335, 41.30810651351565], [-70.06250661008373, 41.3072351489902], [-70.06396218162368, 41.30604194844795], [-70.06484146570375, 41.30434953950266], [-70.06569127181463, 41.30121600575111], [-70.06651030655337, 41.301217385137946], [-70.06660160168198, 41.30142396091804], [-70.06611637741707, 41.30156357303804], [-70.0659945463359, 41.3017893959273], [-70.06560039109463, 41.30403612477307], [-70.06666246393071, 41.30354870527136], [-70.06696563174596, 41.302888453584124], [-70.06751164978506, 41.30229824944681], [-70.06781517917744, 41.302358372532254], [-70.0678152446207, 41.30315978749818], [-70.0684520200288, 41.303135770020575], [-70.06869526793459, 41.30295369044642], [-70.06881637195973, 41.30247516248722], [-70.06942277336667, 41.30254136456816], [-70.06942264455691, 41.302748469895356], [-70.06972635649555, 41.30305227845468], [-70.07042447316545, 41.30282023030597], [-70.07124304352533, 41.3022722858281], [-70.07127338437226, 41.30194793904523], [-70.0706965212828, 41.30135872502588], [-70.07081829467818, 41.30116835236741], [-70.07297254777922, 41.30128334971485], [-70.07497477792198, 41.30096754462671], [-70.07621766591417, 41.30053240351267], [-70.07743150945245, 41.29963821011189], [-70.07915976423672, 41.297262453151745], [-70.07943301866064, 41.2965303203837], [-70.07924954014678, 41.29291096979055], [-70.07946164985691, 41.292801076679204], [-70.07997765476458, 41.29286833869105], [-70.08131270994998, 41.2939633988689], [-70.08131302237041, 41.29428756917405], [-70.0809784976259, 41.294263674386485], [-70.08040283153002, 41.29360248860326], [-70.07985618424522, 41.29355397862164], [-70.07976489200823, 41.29386968232911], [-70.0800384158157, 41.294425775980486], [-70.08015991123321, 41.295226461888475], [-70.0809483674419, 41.29515587955744], [-70.08216222625946, 41.29552284787961], [-70.08264774373518, 41.295383171692265], [-70.08282955782674, 41.294768633785104], [-70.08185857886701, 41.29403046402415], [-70.08194988063845, 41.293849265384495], [-70.08307224598127, 41.29382956656703], [-70.0853473241161, 41.294853059743275], [-70.08659090929683, 41.295039697075175], [-70.09156640497675, 41.29677606702998], [-70.09214346023045, 41.297329156432575], [-70.09214317235393, 41.29773436011424], [-70.09017167893674, 41.297780148799056], [-70.08553061079463, 41.29831031123862], [-70.0820723897976, 41.29909036629892], [-70.07803847922715, 41.30101117073409], [-70.06902912569288, 41.304653040694184], [-70.066085869324, 41.30634634766049], [-70.06256706642547, 41.30872112458248], [-70.05825858337944, 41.31183199619709], [-70.04608906461289, 41.32164443992943], [-70.03755854954554, 41.33061181740072], [-70.03418841879953, 41.3347767980199], [-70.03133259027753, 41.33932374682278], [-70.02887160772009, 41.34502049361547], [-70.02744254416216, 41.34961797443211], [-70.0259232693441, 41.35268514447226], [-70.02452313442741, 41.35737245793903], [-70.02431027815506, 41.35893257453757], [-70.0237320153992, 41.361261774486124], [-70.02351781303551, 41.36448832017648], [-70.02354707770466, 41.36659582084062], [-70.02403161922129, 41.36860907987735], [-70.02548782220425, 41.3717937983545], [-70.02685420926943, 41.37357427087559], [-70.02885471443338, 41.37512321471066], [-70.03143557136, 41.37782944795421], [-70.03435003234931, 41.380415560104105], [-70.03486645450498, 41.38069013509338], [-70.04239862254583, 41.38173903129644], [-70.04406830496684, 41.38249833825218], [-70.04558696564783, 41.38359279606032], [-70.04956531017568, 41.38789800255606], [-70.04992964452266, 41.390164548763835], [-70.04986815763652, 41.39230858069862], [-70.04965593057142, 41.392473013886715], [-70.04598003502966, 41.390821909073146], [-70.04327755122031, 41.38906276893411], [-70.04030105664144, 41.3866578787633], [-70.03000825505798, 41.37734718117919], [-70.02733636048283, 41.375128239828314], [-70.0239387576184, 41.37178937214768], [-70.021420804527, 41.369019624408146], [-70.01938689310221, 41.36640754296062], [-70.00767931502955, 41.34858583090936], [-70.00504055724542, 41.3448978712909], [-70.00446567713381, 41.34368700934758], [-69.99774320652729, 41.333755153555295], [-69.99651221565786, 41.331970484820694], [-69.99442572325145, 41.32946473021798], [-69.99363862434205, 41.32795720437102], [-69.99231105318897, 41.326432341432046], [-69.99205997831643, 41.32562981845406], [-69.99032220878937, 41.32289844653329], [-69.98793002151693, 41.318541937807105], [-69.98642056343982, 41.31640168120526], [-69.98373704089352, 41.311569553819155], [-69.98022441309827, 41.3075073900239], [-69.97882007745797, 41.305519833293715], [-69.97629138083356, 41.30274832976665], [-69.97416391715444, 41.30012344469368], [-69.97201370510719, 41.29709693310603], [-69.97088558367508, 41.295768668960804], [-69.9687052161449, 41.29214061181179], [-69.96673781884684, 41.2895115575767], [-69.96434785840975, 41.28514892802548], [-69.96271969541532, 41.28265554027163], [-69.96032926115315, 41.27845940456455], [-69.9597270988091, 41.27617298058412], [-69.95938802974315, 41.273026238559], [-69.95943204058612, 41.26874223068914], [-69.95973086993031, 41.266401672932375], [-69.96012127424486, 41.26486210310766], [-69.96221468863509, 41.25877296039168], [-69.96420787902571, 41.254273461551136], [-69.9647745961382, 41.253400942556354], [-69.96488255973715, 41.25264206669243], [-69.96514155003486, 41.2522578154737], [-69.96926648286527, 41.2495526706423], [-69.97252047377441, 41.24810472190395], [-69.97843551095546, 41.24598454451574], [-69.98957687697583, 41.24242969007814], [-69.9989356981737, 41.23985355102484], [-70.00158681025326, 41.23935127098302], [-70.01210552979084, 41.23809736258644], [-70.01522666071995, 41.23796170380673], [-70.02077258749924, 41.238255061917066], [-70.02474289748129, 41.23878703275256], [-70.0269550960801, 41.23928976568614], [-70.02998661927572, 41.23956899616463], [-70.03807826302867, 41.24071289086705], [-70.0419873347553, 41.24144268749767], [-70.052807833541, 41.24267754186488], [-70.05780908272014, 41.24302794399217], [-70.05947622438643, 41.24293158697327], [-70.0611429554719, 41.243186942714395], [-70.06620493566312, 41.243509043355324], [-70.07490407442657, 41.243852083309626], [-70.08323911488579, 41.24439530481301], [-70.08887680998563, 41.24368470286941], [-70.0916652765285, 41.243045837692435], [-70.09696806737674, 41.24084265932993], [-70.09899885208114, 41.24073278918966], [-70.10284833342581, 41.240957167362595], [-70.10584895045504, 41.240838338965], [-70.1125170704005, 41.241413975923024], [-70.11867065534175, 41.24234536055527], [-70.13464732130741, 41.24694498196082], [-70.13873804719539, 41.247913352935505], [-70.14195115864875, 41.248602022628575], [-70.14846777921554, 41.24951925076272], [-70.15579930017434, 41.25118416194509], [-70.16046749512824, 41.2525784392221], [-70.16289209139563, 41.25349971686466], [-70.17341052801434, 41.25665366248058], [-70.17441049877446, 41.257274319688506], [-70.17965494350422, 41.25917542339611], [-70.18159593839886, 41.26013735450256], [-70.18790111914186, 41.26276516374035], [-70.19399556527108, 41.265143685893655], [-70.19811937260366, 41.26704616253746], [-70.20194060123967, 41.26841150184399], [-70.20682316565045, 41.27049513821294], [-70.20885406107526, 41.27086108156463], [-70.21073481141732, 41.27148077533035], [-70.21206920951343, 41.27230469179195], [-70.21510219037361, 41.27365103012066], [-70.21764943948598, 41.275064937882554], [-70.21761992952322, 41.27525425783584], [-70.21731558844456, 41.2753656110929], [-70.21467765398702, 41.27468227074158], [-70.21025050898353, 41.27474665715872], [-70.20791560196712, 41.27405986130159], [-70.20627778036872, 41.27456338550441], [-70.20600543192705, 41.274845032547574], [-70.2047316888385, 41.275344822509346], [-70.2039737016415, 41.27584826088294], [-70.20257863562709, 41.27594425200084], [-70.20130568499565, 41.27662410115151], [-70.20091085737216, 41.276763072741986], [-70.20054743566412, 41.27667673104076], [-70.20054764078054, 41.27635257481287], [-70.20106258332483, 41.27582498137614], [-70.20269925585154, 41.27477168743872], [-70.20269992599543, 41.274294461937735], [-70.20306405513692, 41.27399361578212], [-70.2030631702012, 41.27372291089697], [-70.20166852100738, 41.27346772340719], [-70.20160774436118, 41.2731710057408], [-70.20330528376329, 41.27236940081148], [-70.2033963336314, 41.272071048946344], [-70.20318396007289, 41.27189358998971], [-70.20242636109607, 41.27200927004163], [-70.19951568112197, 41.27363375955212], [-70.19784791597742, 41.27406590808312], [-70.19654451031103, 41.275070074396204], [-70.19608957875307, 41.27513798919306], [-70.19520998425489, 41.275804297477634], [-70.19454335671541, 41.27593729582792], [-70.19430011339891, 41.27639933974625], [-70.19199568703496, 41.27808973245801], [-70.1914806657287, 41.2781580593815], [-70.1912684502283, 41.2783401937028], [-70.19114664883966, 41.278918443401544], [-70.19190486433465, 41.27914445004633], [-70.19223851440908, 41.278933892046524], [-70.19251137514723, 41.27830054792247], [-70.19433044919823, 41.277128484965665], [-70.19478514951709, 41.27694407976169], [-70.19618081223204, 41.276857195705276], [-70.19654423296026, 41.27653835295635], [-70.19681681700983, 41.275823956321375], [-70.19705980848875, 41.2756680542819], [-70.1982732251837, 41.27566458613684], [-70.20051643341237, 41.27440726482268], [-70.20100182773717, 41.27447418562017], [-70.20091080092742, 41.274844571287396], [-70.20036515615922, 41.2755260113918], [-70.19897042987883, 41.27628772522753], [-70.19715116739877, 41.27802713725331], [-70.19430048916671, 41.27957902869879], [-70.1931785714294, 41.28047326197106], [-70.19208715016532, 41.281682429380254], [-70.19160231001541, 41.28323683648749], [-70.19175378801117, 41.284721505702485], [-70.19184490149766, 41.285414212419965], [-70.19269362868725, 41.28745002441359], [-70.19384696042174, 41.28916744037226], [-70.1949082461718, 41.2901471071822], [-70.19645563049117, 41.29076149850508], [-70.19794191020176, 41.29113373370843], [-70.19873039412548, 41.29110735486338], [-70.19985320248615, 41.29065429107002], [-70.1997009452528, 41.28989954584532], [-70.19997376144644, 41.289599346270165], [-70.20470492666566, 41.28788371013043], [-70.20613019613721, 41.28794955188138], [-70.20716222228567, 41.28840707409729], [-70.20779888937484, 41.289139206034065], [-70.20807203186932, 41.29002813537611], [-70.20804233167405, 41.29085676417252], [-70.20789082874292, 41.2911555552255], [-70.20755722273236, 41.29147477597953], [-70.20658670652033, 41.29192628115609], [-70.19663814048867, 41.29375926217296], [-70.1963343202448, 41.294059659575495], [-70.19630414467035, 41.29460970738656], [-70.19654699936189, 41.2948139808683], [-70.19621348713311, 41.29506957644056], [-70.19430247915076, 41.29526982547794], [-70.1919064465655, 41.29581729454537], [-70.19123918497883, 41.295824206698754], [-70.18960057470962, 41.29545349571179], [-70.18793237736351, 41.29472336537292], [-70.18526381704258, 41.294291112190876], [-70.18323107572031, 41.294240448257355], [-70.18110776980366, 41.293766607851836], [-70.17370675210007, 41.294265902836486], [-70.15368663720051, 41.293738375294375], [-70.14437456826346, 41.29364232473909], [-70.13042089907132, 41.29397788399643], [-70.12778243154088, 41.29381477026876], [-70.1244463851212, 41.29383839785525], [-70.11571115913581, 41.29434693094879], [-70.11119189281666, 41.29502989521816], [-70.10846212622879, 41.295740904391295], [-70.10412554057737, 41.29736794088088], [-70.10403446695075, 41.29681922541808], [-70.10318397729176, 41.29567470897841], [-70.10336555247396, 41.29397958746973], [-70.10269708386745, 41.293526728413006], [-70.09975404732936, 41.29244691859116], [-70.09653848365994, 41.29173846522196], [-70.09423330243601, 41.2910311105583], [-70.09153336752756, 41.290804477786025], [-70.09098760022228, 41.29066542358514], [-70.09019893698489, 41.29018679168527], [-70.08995592067137, 41.28980162880254], [-70.09047054491333, 41.2889948167238], [-70.09247299923457, 41.28888581664564], [-70.09580920472366, 41.28833186633325], [-70.09690017026851, 41.287420750092316], [-70.09693092515218, 41.286934321159976], [-70.09744585396372, 41.28677581296945], [-70.09720319997477, 41.28585940004124], [-70.09526203240152, 41.28613920562323], [-70.09514066916407, 41.285888383219266], [-70.09517001281688, 41.28551843403163], [-70.09705031328339, 41.285086485460596], [-70.097110750789, 41.284419207632254], [-70.09514015143205, 41.284699208159964], [-70.09510958241651, 41.284510294758775], [-70.09432076508925, 41.2845359464813], [-70.09419928496305, 41.28423953583257], [-70.09556340455029, 41.28392050423312], [-70.09547301165874, 41.28366950410303], [-70.09462323358235, 41.28366851233884], [-70.0945629212312, 41.28338974598128], [-70.09507858074157, 41.283213811601], [-70.09507825339045, 41.28300670201399], [-70.09480529988743, 41.282864864525216], [-70.09368331795558, 41.283046764727615], [-70.0936833568501, 41.282686581611195], [-70.09489652741505, 41.28220641222901], [-70.09504731386396, 41.28199780378992], [-70.09507752515218, 41.28167345128875], [-70.09465268629702, 41.28090278160902], [-70.09346865910157, 41.27991443710893], [-70.09180124355814, 41.27916430959595], [-70.09201307297334, 41.278450520182], [-70.09155766538107, 41.27817583568408], [-70.09004167910759, 41.27797403405007], [-70.08876751681859, 41.277427428359985], [-70.08828223663816, 41.27749509491455], [-70.0879793459205, 41.277903272600874], [-70.08767628286043, 41.27799628652422], [-70.08700823816167, 41.27772342925453], [-70.08658473041551, 41.27776372122484], [-70.08309806644571, 41.27959810082327], [-70.08155114179245, 41.280900692905085], [-70.07948925292196, 41.28207298266766], [-70.07763984881413, 41.28360302878625], [-70.07448673348696, 41.28737959242058], [-70.07190820669982, 41.28996177616724], [-70.07160543598772, 41.290054751830475], [-70.0706649056339, 41.2899196162767], [-70.06829899208466, 41.2891400494829], [-70.06842007305454, 41.2886615225982], [-70.06911718782393, 41.288132319022125], [-70.06942084693554, 41.28769718513467], [-70.06939051655671, 41.28740021117147], [-70.06835929278023, 41.287788428643594], [-70.06735838911958, 41.28847304861994], [-70.06735917135389, 41.2894095412778], [-70.06653999825797, 41.289822940788405], [-70.0661455248126, 41.29033064143731], [-70.0656901799057, 41.291677252052956], [-70.06526602480896, 41.29229375484032], [-70.06511474783845, 41.29332174216818], [-70.06456885398678, 41.29467789327866], [-70.06390136018453, 41.29586422363734], [-70.06356743386142, 41.29593033151549], [-70.06250622636742, 41.295498693520635], [-70.06032195099536, 41.29550073537026], [-70.05677205656991, 41.296001957983215]]], [[[-70.30161648358761, 41.32912543935185], [-70.29961363535556, 41.328391744212446], [-70.29830853364814, 41.32841559644306], [-70.29745891488038, 41.3286952702788], [-70.29715538686987, 41.328896891841346], [-70.29736761092599, 41.329245813287855], [-70.29730702347844, 41.32947140237414], [-70.296973032291, 41.32956521085182], [-70.29521365332639, 41.3291080942426], [-70.29390822638484, 41.32896925215659], [-70.29436326517488, 41.32853176514009], [-70.29542531941827, 41.32805177939849], [-70.2967612324025, 41.327757596356335], [-70.29818705380569, 41.327705217677604], [-70.30019055789481, 41.327961717694336], [-70.30198163119952, 41.32858116969961], [-70.3030129701457, 41.32940697324587], [-70.30304309585878, 41.32979391375463], [-70.30267884762817, 41.32978893447011], [-70.30161648358761, 41.32912543935185]]], [[[-70.31327132760404, 41.33425296772277], [-70.31345293739383, 41.33489079953652], [-70.31399929225253, 41.33581214989077], [-70.31345366945452, 41.338754770192274], [-70.3128762062263, 41.33903178628755], [-70.31184461320237, 41.33921455236794], [-70.30868757545772, 41.33915153564541], [-70.30310314774478, 41.338278284296685], [-70.2966379931885, 41.33761262278491], [-70.29417908437179, 41.337595453020825], [-70.29202402371375, 41.33779982830567], [-70.29068877976505, 41.33729201825849], [-70.28856413256, 41.3367937529159], [-70.28853378593848, 41.33644282233823], [-70.28877705432011, 41.336034604330045], [-70.28938398928784, 41.33560438958041], [-70.29260120360539, 41.33416318041047], [-70.29360341420592, 41.333197464655875], [-70.29402870300655, 41.33299433609991], [-70.29691212124175, 41.33242117834666], [-70.30179816828198, 41.33075376421423], [-70.3034373667865, 41.33075310161842], [-70.3055013948313, 41.331234128175446], [-70.3058652427402, 41.33148220989148], [-70.30589538659211, 41.33186914971129], [-70.30553124189852, 41.331918206571984], [-70.30471229445432, 41.331531378490006], [-70.30425725950467, 41.33150968783003], [-70.30368061626517, 41.33180411104513], [-70.30304256549476, 41.33184744988663], [-70.30292160231137, 41.3313267350251], [-70.30240533784867, 41.33130551465669], [-70.3015864476045, 41.33173805526165], [-70.3016466206799, 41.332034708788335], [-70.30252684939975, 41.332538138036675], [-70.30301211582146, 41.33308184174791], [-70.30489407577743, 41.333339784703455], [-70.30534901197697, 41.333749218969814], [-70.30541045293239, 41.33427999534373], [-70.3061990335527, 41.33493718922947], [-70.30662399417264, 41.33503171453846], [-70.30780736649426, 41.33477462213221], [-70.30874904466569, 41.3348273096065], [-70.30999322613474, 41.334551700500654], [-70.31066077554408, 41.33366166670516], [-70.31075192529963, 41.33317414226279], [-70.31026562175897, 41.33244080878922], [-70.30902192407926, 41.33130218984316], [-70.30814166261928, 41.33079881118466], [-70.30656334307658, 41.33011416983969], [-70.3054712509237, 41.330063815025426], [-70.30443937777292, 41.32944512731883], [-70.3043484888031, 41.329193735106585], [-70.30471201431055, 41.32903662419733], [-70.30550166507633, 41.32900950874054], [-70.30622946140961, 41.3292175349939], [-70.30971928620484, 41.33081710585546], [-70.31059963564596, 41.33143752871421], [-70.31327132760404, 41.33425296772277]]], [[[-70.41033293832925, 41.61006724781072], [-70.41082134728809, 41.60985413928162], [-70.41085193510081, 41.609466686631826], [-70.41115602767296, 41.609354796307045], [-70.41313716421706, 41.60933042751874], [-70.41408263072326, 41.609534745427105], [-70.4170390154297, 41.60917408516961], [-70.41892860945998, 41.60928605787059], [-70.4216710484458, 41.61129642262573], [-70.42362122197025, 41.61425366834561], [-70.42413949472967, 41.615787607875], [-70.42453590565822, 41.618304667612705], [-70.42419981035327, 41.61862395127893], [-70.42221904898088, 41.61914375243558], [-70.42145593018492, 41.62003581248801], [-70.42078558888532, 41.62196254824878], [-70.42026647161245, 41.62234761463936], [-70.4199011573796, 41.62230700142636], [-70.41990163761595, 41.62152307394006], [-70.41941351528226, 41.621204974305954], [-70.41886466797193, 41.621085513901264], [-70.41795030113852, 41.621160102498244], [-70.41737157384951, 41.621410650106704], [-70.41709685234082, 41.62175638502179], [-70.41706599059115, 41.62273811684466], [-70.4163948905323, 41.623836430072224], [-70.41498921741872, 41.62510556436518], [-70.41477560492348, 41.62545075167952], [-70.41471415580155, 41.62624366468919], [-70.41434873097388, 41.626473723083414], [-70.4132508281359, 41.62664050356394], [-70.41096342438793, 41.62819041833454], [-70.41032320979582, 41.62832441205218], [-70.40965230274402, 41.62887286645974], [-70.40889046919018, 41.62899049095381], [-70.40821923507782, 41.628809588865316], [-70.40776183606823, 41.628581214085834], [-70.40724428628525, 41.627966201523904], [-70.4072438211216, 41.62764204363353], [-70.40843329070009, 41.62727585535755], [-70.40886077603345, 41.626288928116956], [-70.40904444150819, 41.62510663084], [-70.40871249792974, 41.623922198271615], [-70.40816338138598, 41.62353255583279], [-70.40764567193479, 41.62376394375241], [-70.40706637813045, 41.62362668803493], [-70.40712756558995, 41.62404034684341], [-70.40758475968038, 41.62447638331433], [-70.40742824138538, 41.62509954966205], [-70.40776295499107, 41.625329561103484], [-70.40779392664471, 41.62553639392689], [-70.40437927985894, 41.62569543724959], [-70.40221401030284, 41.62612701165969], [-70.39989655112882, 41.62685815271706], [-70.40004873801979, 41.62734247946315], [-70.39910422011606, 41.627201086012974], [-70.39846398791751, 41.62681220228457], [-70.39883058420816, 41.62564576133135], [-70.39834673012305, 41.62493142383623], [-70.39782443430444, 41.62509969310993], [-70.3980074230213, 41.625601767212274], [-70.39791642741129, 41.6258552557828], [-70.39700112659362, 41.62621780452526], [-70.39657451455409, 41.62592552742632], [-70.39630110782721, 41.62510010739691], [-70.3963653007506, 41.62474843833953], [-70.3972506735554, 41.6225307238511], [-70.39740383858386, 41.62099754354705], [-70.3976477978228, 41.62083276792665], [-70.3993239618619, 41.62085745289593], [-70.40151941616571, 41.62051514394533], [-70.40264738044544, 41.62053729456965], [-70.40487219124645, 41.62104160545276], [-70.40661024691809, 41.620560852187], [-70.40795142537402, 41.621976721994464], [-70.40843873314422, 41.62214179109269], [-70.40871369319281, 41.622048760966514], [-70.40871324790996, 41.6216790192783], [-70.40795182799253, 41.62063452825072], [-70.40581855378383, 41.6195351892535], [-70.40569618789584, 41.619257130117965], [-70.40587955970693, 41.61864266612712], [-70.40648929974074, 41.61765356290487], [-70.40645933685231, 41.617058993293], [-70.40594176167366, 41.616056790215715], [-70.40600373068023, 41.614317875600776], [-70.40518140436251, 41.61274265240534], [-70.40505980648805, 41.61196036102484], [-70.40658396462293, 41.611914819069796], [-70.40710195232803, 41.61223269951407], [-70.40804567655226, 41.6138152652806], [-70.40883804267516, 41.61473343114323], [-70.40935594568202, 41.614772168157245], [-70.40944747662913, 41.6145276804157], [-70.40838125331591, 41.613243904596004], [-70.40777233135208, 41.611684256556444], [-70.40746752605104, 41.61150743201541], [-70.40426749481959, 41.61093468008358], [-70.4025001352199, 41.609902395176604], [-70.40186096783168, 41.60873917229033], [-70.40222645885528, 41.608392662510916], [-70.40283653796054, 41.60832201785556], [-70.40740756442979, 41.60871609736058], [-70.40896180200025, 41.609606693641375], [-70.41033293832925, 41.61006724781072]]], [[[-70.31629542793682, 41.63157630889569], [-70.31470933986756, 41.632080349431625], [-70.31434437906235, 41.63153515460327], [-70.31434363448598, 41.63121098870556], [-70.3157163812221, 41.630844299229906], [-70.31714950497827, 41.63007133577473], [-70.31818525056556, 41.630140073750745], [-70.31849090800216, 41.63050624025431], [-70.31751515478308, 41.63082362952736], [-70.31629542793682, 41.63157630889569]]], [[[-70.24945915561457, 41.633277879391954], [-70.24870739576818, 41.63332194615737], [-70.24855481812104, 41.632819391840435], [-70.2474871571146, 41.632542564205785], [-70.24516996804005, 41.63265770628493], [-70.2442543480687, 41.63151471767268], [-70.24840027539045, 41.63090254762917], [-70.24946038376528, 41.63144941857799], [-70.25064986553986, 41.63165271682864], [-70.25138141863641, 41.63195114881453], [-70.25183834502451, 41.632369247287926], [-70.25183772911595, 41.63261236166611], [-70.24945915561457, 41.633277879391954]]], [[[-70.19108101278249, 41.655730986127665], [-70.19089783331827, 41.655624762192126], [-70.19105000039423, 41.654037767842375], [-70.19166062301105, 41.65314883875652], [-70.19236166084545, 41.65273650065638], [-70.19422239622462, 41.6521405053885], [-70.19538132718522, 41.65193938553189], [-70.19571667933894, 41.65205297558033], [-70.19580859045783, 41.65242152889318], [-70.19550353907957, 41.653379268321274], [-70.19440572326398, 41.654408386819426], [-70.19358240207558, 41.654984229208516], [-70.19108101278249, 41.655730986127665]]], [[[-70.33171923111456, 41.71120724537992], [-70.33248209560305, 41.711567930896074], [-70.3324520204844, 41.711775285360766], [-70.33068149527385, 41.71168788982833], [-70.33074189780505, 41.71136266510993], [-70.33171923111456, 41.71120724537992]]], [[[-70.3389860520473, 41.71405887648264], [-70.33907788491072, 41.714337259487074], [-70.33874228489113, 41.714908426142536], [-70.33755180833653, 41.71594021678288], [-70.33703278052722, 41.71598218822036], [-70.33645276967162, 41.71561946382919], [-70.3349265012883, 41.71568264091012], [-70.33486516725718, 41.71614236059265], [-70.33520134099777, 41.71692242617916], [-70.33501834364765, 41.71740172353034], [-70.33465254041366, 41.71736083643065], [-70.3343471633484, 41.7170132934206], [-70.33385804515218, 41.71541563907437], [-70.33343055473671, 41.71490757790526], [-70.33220817225258, 41.71408408941457], [-70.33062095315648, 41.71335476242197], [-70.33083485614128, 41.71305531369118], [-70.33184227293023, 41.71289907609622], [-70.33239066869963, 41.7128928844408], [-70.3330630865507, 41.71312826535912], [-70.3339181064291, 41.71280330370202], [-70.33690959266026, 41.71301118295139], [-70.33730629450518, 41.713168872413696], [-70.33736799465025, 41.713348464045026], [-70.33715354206534, 41.71378298435578], [-70.33822215784966, 41.71383385272005], [-70.3389860520473, 41.71405887648264]]], [[[-70.33223980843752, 41.716668663841425], [-70.33184334122332, 41.716970181355876], [-70.33138555267877, 41.716948599541524], [-70.33010322564024, 41.71648577308007], [-70.32753758565156, 41.71522803023843], [-70.32680532727264, 41.71456992047588], [-70.32677476977531, 41.71429103304904], [-70.32726251142644, 41.714132292190946], [-70.32881933831385, 41.71405996544481], [-70.3318728882452, 41.71465523967918], [-70.33248350964804, 41.71502618054096], [-70.33257510153497, 41.71543963190485], [-70.33223980843752, 41.716668663841425]]], [[[-70.34197834125558, 41.71536628510143], [-70.34353514100609, 41.71596007775603], [-70.34374968211434, 41.71618286341148], [-70.34320126629409, 41.7182426618605], [-70.34237714694888, 41.7182703017051], [-70.34216269194472, 41.71808409450588], [-70.34225416551799, 41.71753350902072], [-70.34213184450844, 41.717174905169976], [-70.34173496094161, 41.71717030486161], [-70.33984240124178, 41.71785899912636], [-70.33901809189378, 41.71781457792666], [-70.33813269397439, 41.7173294398622], [-70.33837656419824, 41.716371840289824], [-70.33895596654287, 41.71579753382642], [-70.33974895951783, 41.71433847384345], [-70.34017642321311, 41.71433326295452], [-70.34081806959388, 41.71463187724594], [-70.34164264514168, 41.71555027242685], [-70.34197834125558, 41.71536628510143]]], [[[-70.33050021273982, 41.71822881872405], [-70.32778292776376, 41.71726948200984], [-70.32692801775019, 41.716621928493645], [-70.32692764341138, 41.71639681557679], [-70.32738520162124, 41.71632836938395], [-70.328576799864, 41.716719946527036], [-70.33120206047087, 41.71790511683354], [-70.33129400945893, 41.718093464013315], [-70.33050021273982, 41.71822881872405]]], [[[-70.31972322608354, 41.71865954301824], [-70.3170664273672, 41.719005085175496], [-70.3156010463913, 41.71879681720227], [-70.31428848472666, 41.71838864908744], [-70.31337217445723, 41.7178585354894], [-70.31245626671493, 41.71708530019872], [-70.31248711868727, 41.7168599496875], [-70.31300613232922, 41.71671904156324], [-70.31410512834084, 41.71681434914008], [-70.31612034873322, 41.716674371901064], [-70.31636384564128, 41.71695097474707], [-70.31776895384465, 41.71694362791859], [-70.31868460100432, 41.717104519675885], [-70.31917344838914, 41.717315003846096], [-70.31993712228153, 41.718323533766394], [-70.31972322608354, 41.71865954301824]]], [[[-70.32436528464132, 41.72372188285211], [-70.32234990461508, 41.72349282741844], [-70.32112787718594, 41.72360567843803], [-70.31944857154787, 41.72346334144045], [-70.31896042276958, 41.72317182688432], [-70.31844121850902, 41.72252881732798], [-70.31841071784869, 41.72186273991867], [-70.31874609581901, 41.72166080805576], [-70.32115850586625, 41.72166048907764], [-70.32271587527491, 41.72211950712465], [-70.32299042523613, 41.72232381865548], [-70.32311270174525, 41.72278149158769], [-70.32433451281477, 41.72335294892309], [-70.32448706175654, 41.723513226068135], [-70.32436528464132, 41.72372188285211]]], [[[-70.3159382369305, 41.72415173876217], [-70.31489946662798, 41.724082964765024], [-70.3121820492265, 41.72298818890527], [-70.31178481869567, 41.72259629245628], [-70.31190747169957, 41.72234263594394], [-70.31236471244411, 41.72227424620996], [-70.3144114091344, 41.72235016809444], [-70.31496013670666, 41.7225331549487], [-70.31584555802124, 41.7232345795082], [-70.31618162825556, 41.723807038604534], [-70.3159382369305, 41.72415173876217]]], [[[-70.31227343200423, 41.72435612003976], [-70.31263973302464, 41.72410894376351], [-70.31462458375663, 41.724545516845055], [-70.31444195589498, 41.724772664085606], [-70.31273145223084, 41.72495406101357], [-70.31230401666376, 41.7245899902588], [-70.31227343200423, 41.72435612003976]]], [[[-70.11087788223684, 42.06588500276754], [-70.10691546755523, 42.064122058989334], [-70.10203411993007, 42.062772653017596], [-70.09933122885805, 42.061637122388994], [-70.09767343255406, 42.061247075984575], [-70.0959232382593, 42.060237376446516], [-70.08557719634919, 42.055777691782986], [-70.08262940661001, 42.05466180539551], [-70.07615258672705, 42.051254795422224], [-70.06801862915911, 42.04661106900821], [-70.06672953024314, 42.04565001424342], [-70.06448905261871, 42.04439168063321], [-70.05853521335418, 42.04036663771626], [-70.05558996206216, 42.03784479266271], [-70.05129357904103, 42.03459665511576], [-70.04718306661468, 42.03091398682005], [-70.04635436008176, 42.030363183121196], [-70.0390240310711, 42.0234583667455], [-70.03350423380564, 42.0177345062505], [-70.03108269928101, 42.014991344157934], [-70.02964232197294, 42.012905141734045], [-70.02498199622514, 42.007533502698664], [-70.02222427390379, 42.00345986434559], [-70.01937399400299, 42.00007156180814], [-70.01575952389226, 41.99491397245797], [-70.01352325870971, 41.99143048997282], [-70.0118999128528, 41.989715360336426], [-70.00859185899948, 41.98429587211441], [-70.00577420049397, 41.98079000404561], [-70.00396793771274, 41.97800473818453], [-70.00249830451968, 41.975279568764], [-70.00219259373205, 41.97521027852923], [-70.00164030939592, 41.97539495322814], [-70.00072274737262, 41.97269219002563], [-69.9997128984147, 41.97162031732229], [-69.99913040681179, 41.97054448066113], [-69.99860922072945, 41.9700356199697], [-69.99704309663345, 41.96772557508054], [-69.99671399229729, 41.966796570142975], [-69.9963686403261, 41.96658773118571], [-69.99406578553183, 41.962626827154594], [-69.99222428253522, 41.960274247252066], [-69.99228569631396, 41.96002123550778], [-69.99056695236449, 41.95771245607377], [-69.98955472430065, 41.95588405333439], [-69.98903238719355, 41.95451067097647], [-69.98863305514496, 41.95405458726196], [-69.98786558330792, 41.95244889657466], [-69.98679217936485, 41.95110760381636], [-69.98608636051098, 41.94959163855545], [-69.98535008368688, 41.94924645101624], [-69.98501204817745, 41.9479435895478], [-69.98381590657435, 41.94568383719659], [-69.98338528887561, 41.94447204025761], [-69.98234228471485, 41.94248163335144], [-69.98148352878326, 41.94131816820252], [-69.98016402129504, 41.9386633348908], [-69.98022533847436, 41.93806814440511], [-69.97948946352692, 41.936876468877514], [-69.97902921126938, 41.93566482091735], [-69.97866119440349, 41.93532561586735], [-69.97838471589338, 41.93424698231555], [-69.97700382205018, 41.93147591486186], [-69.97571530339562, 41.92798342339345], [-69.97516236403239, 41.926997329235505], [-69.97500958525636, 41.92610718730888], [-69.97372087582814, 41.92324500509567], [-69.97341427904801, 41.92287846214386], [-69.97289264475954, 41.92123429468607], [-69.97255566174621, 41.920642784476314], [-69.97212544221577, 41.91943037966218], [-69.97215569103386, 41.91878187251907], [-69.97108322213309, 41.917187729799906], [-69.97083725022169, 41.916180957906356], [-69.97050063400904, 41.91560745537269], [-69.97049960490264, 41.91514819402836], [-69.9701625220372, 41.9144846355269], [-69.96976462845878, 41.91423560996625], [-69.96859934287227, 41.91169693839352], [-69.96780131891403, 41.90952393962457], [-69.96777105245408, 41.9089027606339], [-69.96636122174733, 41.90595162172766], [-69.9659620277364, 41.904288799628546], [-69.96537996840061, 41.90321277404226], [-69.96501169325427, 41.901909995483976], [-69.962743199027, 41.89726390708854], [-69.96228457977938, 41.89561940400674], [-69.96219168694525, 41.89452124500287], [-69.96124199924951, 41.89307892087252], [-69.9612418297789, 41.892025346557304], [-69.96087349257024, 41.89113677558474], [-69.95955638354312, 41.88895952156889], [-69.95952545421405, 41.887995580328074], [-69.95900503089135, 41.887153350929005], [-69.958268655848, 41.88406147943419], [-69.95780032560351, 41.8832627206089], [-69.95780059865572, 41.882488865474144], [-69.95646162966523, 41.880401886892585], [-69.9558176349333, 41.87711088545563], [-69.95544999769282, 41.87606021480778], [-69.95536041734408, 41.87514218965766], [-69.9544411560841, 41.872276873075265], [-69.9535523317486, 41.87013122783954], [-69.95254157153674, 41.86641987822256], [-69.95165376852783, 41.86406767862836], [-69.95085665115839, 41.86097604668987], [-69.94929503946685, 41.85610736241265], [-69.94883575058972, 41.85512014283059], [-69.94862084660639, 41.85411373257412], [-69.94663224296661, 41.84850979608387], [-69.9453155111735, 41.84521518068003], [-69.9444887607276, 41.84235778050623], [-69.94436625384441, 41.84133235881309], [-69.94387615544505, 41.840597397145864], [-69.94298887654934, 41.837326617879796], [-69.94268300792201, 41.835428585592894], [-69.94213203882076, 41.83382999590667], [-69.94164251197725, 41.83114995828016], [-69.94093878179798, 41.82913842208548], [-69.94093838078645, 41.82787715806475], [-69.94047957642668, 41.8265297062305], [-69.93977591995204, 41.81978098231543], [-69.93980580582505, 41.81731290193621], [-69.93995846867846, 41.81676174767731], [-69.94023401959298, 41.81650775038228], [-69.94020306632008, 41.81585052634784], [-69.94038743489595, 41.815479342088345], [-69.94326112275384, 41.81333040971863], [-69.94350489627836, 41.81328308528838], [-69.94371958763568, 41.81353365304222], [-69.94362812625522, 41.81472331199862], [-69.94316894629986, 41.81504234707983], [-69.94182440628568, 41.8153864286913], [-69.9413039680052, 41.815733322539344], [-69.94142686282312, 41.8159843279424], [-69.94225284714912, 41.81594158699621], [-69.94286408455253, 41.816143543963925], [-69.94307798987853, 41.81667325617905], [-69.94246631676617, 41.81696656800199], [-69.94167150783075, 41.81765753212299], [-69.94219112213885, 41.81813064053881], [-69.94246647064519, 41.81884016715568], [-69.94182434569552, 41.81943979169839], [-69.94142677102438, 41.82014575040309], [-69.94127421946621, 41.821200623652565], [-69.94255929866081, 41.82191044186494], [-69.94301787140516, 41.82300574328617], [-69.94314011329558, 41.82371599090338], [-69.94350683115057, 41.8239202324266], [-69.94372128564613, 41.82376557279931], [-69.9442410632402, 41.82394150917934], [-69.944271671381, 41.82444507925002], [-69.94390473332115, 41.82483572782615], [-69.94378295498258, 41.82661986305806], [-69.94503736073223, 41.828609062820114], [-69.94619957557263, 41.82975221367135], [-69.94632229758699, 41.8308772543381], [-69.94696411719526, 41.83142122921688], [-69.9476986722275, 41.83268517061934], [-69.94803590721601, 41.834150251459825], [-69.94886178981994, 41.8356838873249], [-69.94926004709401, 41.83686951461169], [-69.94922948117406, 41.837554037882626], [-69.94867898051905, 41.83845042274981], [-69.94904641496393, 41.83896982780155], [-69.94926014051424, 41.838877619309855], [-69.94941273259452, 41.83860673156831], [-69.94941261622495, 41.83803885548125], [-69.94974944021345, 41.83760388047343], [-69.95042232317698, 41.8378955552901], [-69.95173759586153, 41.837596557157774], [-69.95189060826267, 41.83775734643689], [-69.9514625659241, 41.83801324140735], [-69.95143219438795, 41.83853567856023], [-69.9509733875223, 41.83853957841463], [-69.95008569733723, 41.83926704931006], [-69.9494442780694, 41.839290410816915], [-69.94953537747402, 41.839614138974625], [-69.94935207305983, 41.84000279924728], [-69.94828136961185, 41.8399758549607], [-69.94800573680628, 41.83951904297289], [-69.94773108537805, 41.83965600751076], [-69.94684409708043, 41.84103238267963], [-69.94678320463122, 41.84231194485109], [-69.94745662348018, 41.84256762408444], [-69.94803710435322, 41.842544569738784], [-69.94941419556788, 41.843019737846525], [-69.95024025223142, 41.8434992221048], [-69.950944460313, 41.84334050859611], [-69.95232058554313, 41.84339183300984], [-69.953421733919, 41.84238302082128], [-69.95403360123942, 41.84118915703264], [-69.9551642767807, 41.83999950467016], [-69.95528707576358, 41.83968374396606], [-69.95525561676615, 41.838170488627], [-69.9554389391734, 41.8377638097511], [-69.95635639245913, 41.83689149651436], [-69.9595986340628, 41.8347837200749], [-69.96023988436704, 41.83398587593434], [-69.96112697311051, 41.8336185173289], [-69.96167755175203, 41.83350550474751], [-69.96424723961903, 41.833844055554025], [-69.96580675364733, 41.83331799777225], [-69.96650993885461, 41.83332070205308], [-69.9682237612314, 41.833684796241904], [-69.96938622409237, 41.834305422026524], [-69.96984521498082, 41.83477871127061], [-69.9698147315246, 41.835265130231264], [-69.96929487156646, 41.83608941958248], [-69.96993818624317, 41.83702049280433], [-69.97051970364147, 41.8371870046071], [-69.97235445905227, 41.836450681505625], [-69.97266067308124, 41.83624992131023], [-69.97314934509733, 41.83551637429172], [-69.97284275378551, 41.83436583215794], [-69.97244453380208, 41.834072341771424], [-69.97143517467319, 41.83395469779886], [-69.97051784748949, 41.83443991972963], [-69.97024272976329, 41.83444242047413], [-69.96914107044961, 41.833388695579245], [-69.96764151861224, 41.83286090359268], [-69.96739715218531, 41.83253907079207], [-69.96745816591705, 41.832286064684], [-69.96803894350755, 41.83201133904862], [-69.96837477462326, 41.83148568571669], [-69.96812985790206, 41.83098318591828], [-69.96834430215017, 41.83063937717194], [-69.96819126415016, 41.83047860987958], [-69.96822206891925, 41.83007323963394], [-69.96831295604272, 41.82989211090856], [-69.9687715092018, 41.82970804043624], [-69.96880252600033, 41.82929366800018], [-69.96901626968314, 41.82899431044218], [-69.9688629309418, 41.82826623025556], [-69.96935188296511, 41.827739816192484], [-69.96834217937612, 41.82698278959549], [-69.96809677731945, 41.82700256810376], [-69.96803511520258, 41.82590426520936], [-69.96736293639604, 41.82588285054445], [-69.96696575585308, 41.82630074256067], [-69.96717974466151, 41.82675836782919], [-69.96766882441791, 41.82721349882615], [-69.96760852211315, 41.827781686774486], [-69.96812829872306, 41.82829069484056], [-69.96806777532976, 41.82863319423887], [-69.96770108084097, 41.82892486680959], [-69.96708942975742, 41.82879451683994], [-69.96696645023074, 41.828291402099985], [-69.96607972859292, 41.82714598289265], [-69.96571149203847, 41.826203391098474], [-69.96552776589225, 41.825223321746435], [-69.96601677912255, 41.824444221981736], [-69.96439540402176, 41.82325119426087], [-69.96338554610452, 41.82281829721331], [-69.96103092360401, 41.82197328214483], [-69.96020497412289, 41.82204317527013], [-69.95977645346709, 41.82179481689101], [-69.95953149963269, 41.82122025690965], [-69.95891960368091, 41.82090131761716], [-69.95861378292564, 41.82007492005721], [-69.95864430821037, 41.81971457231212], [-69.95916314224642, 41.81868376594959], [-69.95919404138719, 41.81740435641636], [-69.95830660397965, 41.816393936559365], [-69.9586730564544, 41.816048824254125], [-69.95949890657165, 41.81587088259507], [-69.95940700902491, 41.81682585294586], [-69.95998847376033, 41.816596203464435], [-69.96060002715085, 41.816023644069695], [-69.9617923599626, 41.81554502874109], [-69.96258766782336, 41.816259266990436], [-69.96292436326189, 41.81621146569256], [-69.96221964803811, 41.81510955116179], [-69.9623118471478, 41.814811380643974], [-69.96328965857788, 41.813695571376016], [-69.96478738225615, 41.81316926330044], [-69.96573568156562, 41.81262090987868], [-69.965705096353, 41.81318893448566], [-69.96542989972431, 41.81360508533657], [-69.9661631629369, 41.81330203195434], [-69.9664385624633, 41.81300238340713], [-69.96677390536043, 41.81063071831778], [-69.9663146233647, 41.809301378219395], [-69.96634499709981, 41.8089140120112], [-69.96778132688596, 41.80788425271609], [-69.96830122365932, 41.80722206090065], [-69.96937075132008, 41.80660101689131], [-69.97068560542756, 41.806508354383524], [-69.97157183366194, 41.80664518399279], [-69.9731309764926, 41.80582130478635], [-69.97352795459724, 41.80504319355547], [-69.97484209233484, 41.80398751066158], [-69.97557539264756, 41.80287339385441], [-69.97756202681093, 41.80206417724914], [-69.97869216387546, 41.800991360695704], [-69.9799757433898, 41.800422040711425], [-69.9808613957541, 41.799000379378676], [-69.98107431172235, 41.79744930745412], [-69.98049284964566, 41.796346897473086], [-69.98070596436298, 41.79543517734054], [-69.98098089789495, 41.79518051365522], [-69.9819889847552, 41.794883838611554], [-69.982814180958, 41.79403879773704], [-69.98302716509855, 41.79289350717333], [-69.98431019604045, 41.79211702069494], [-69.9852876862012, 41.79033410116724], [-69.98556081433706, 41.78852155444066], [-69.98473494445086, 41.78767311985132], [-69.98293067414257, 41.78692309366017], [-69.9820755884336, 41.786831225475275], [-69.98164703235815, 41.78697015758161], [-69.98118959687463, 41.78746946254714], [-69.97984484533846, 41.78834526971517], [-69.97911227000657, 41.78948643603543], [-69.97840937539384, 41.78987045554323], [-69.97532385135962, 41.792418694417826], [-69.974224442215, 41.7935628019467], [-69.97266680882224, 41.79633233948212], [-69.97251395433432, 41.79687396337724], [-69.97275935823507, 41.797493526591744], [-69.97275975122555, 41.79804283225844], [-69.97163019637148, 41.80007856286786], [-69.97144736472225, 41.80143135240549], [-69.97114131393256, 41.80163210975753], [-69.97065333322509, 41.80264480846411], [-69.96942986476789, 41.80319569682586], [-69.96878848825969, 41.803264187421085], [-69.96597549025076, 41.8041797618323], [-69.96582332221749, 41.80436118940254], [-69.96600700675897, 41.80557538792881], [-69.9652435184383, 41.806419454009074], [-69.96478529361785, 41.807675100135995], [-69.96435712231708, 41.808228201679114], [-69.96426559977691, 41.80873349633423], [-69.96448047895757, 41.809182135255384], [-69.9639905078644, 41.80941135103463], [-69.96374636942242, 41.80935009191184], [-69.96356326592162, 41.80884728740216], [-69.96325684229834, 41.808498718121115], [-69.96288991905588, 41.80836657632605], [-69.96200374261481, 41.808617455229374], [-69.96136119483377, 41.80838872600476], [-69.96084089674467, 41.80845599283816], [-69.96065765018263, 41.8088176558289], [-69.96071895989714, 41.80905148658991], [-69.96130037648817, 41.809803369219374], [-69.96133119776127, 41.81039698567086], [-69.96151508904917, 41.81064822903237], [-69.96203441804815, 41.81071545709496], [-69.9624323732043, 41.8105592992003], [-69.96264611164786, 41.80966562772776], [-69.9629514617783, 41.80952791750846], [-69.96365492372382, 41.809711308191915], [-69.96383869482067, 41.81012407212878], [-69.96362457406505, 41.81067499010062], [-69.96258549622641, 41.81172862937035], [-69.96166826288047, 41.8122047736976], [-69.96010963514388, 41.81399203555763], [-69.95946791754503, 41.814474697979605], [-69.95861208923333, 41.81444624580051], [-69.95833622923743, 41.81401590652083], [-69.9577853338153, 41.81375969388088], [-69.95677679733403, 41.81366894129454], [-69.95604288335485, 41.81318849562856], [-69.95503316414775, 41.812044132178485], [-69.95659182715558, 41.81044604264791], [-69.95747888480213, 41.810627454605445], [-69.95818189209531, 41.811063011426185], [-69.95903831466944, 41.811065023465645], [-69.95974149781495, 41.81076160471492], [-69.9598942006264, 41.81031004382966], [-69.95949646571081, 41.80998949670173], [-69.95873199964751, 41.810058519548996], [-69.95649971269458, 41.80912275631436], [-69.9560105484121, 41.809099810481435], [-69.95521604872803, 41.809601766200956], [-69.95518578192252, 41.810106196170466], [-69.95490979234036, 41.81028874575247], [-69.95365657583604, 41.8101462465157], [-69.95277003657631, 41.81037847680215], [-69.9520975420331, 41.81022189119662], [-69.95194455850839, 41.8100160766381], [-69.95313584832716, 41.80703416016301], [-69.95307456026941, 41.805962864108345], [-69.95267683631397, 41.80482227833212], [-69.95224786934862, 41.80447426601583], [-69.94986327602125, 41.803611716988385], [-69.94925172668121, 41.803148084979156], [-69.94891548404487, 41.80242142408682], [-69.94974099824985, 41.801802307073814], [-69.95013758822243, 41.80115934282684], [-69.94943467642031, 41.80063368555946], [-69.9487619025075, 41.80047763769602], [-69.9476312859472, 41.800730142518006], [-69.94793652990957, 41.80127684889256], [-69.94775378793707, 41.80147640939926], [-69.94738637914053, 41.801506299540186], [-69.9465308177663, 41.801180593744405], [-69.94646931034059, 41.800586552817485], [-69.94695833433828, 41.79976250838512], [-69.94793680590575, 41.799286191314074], [-69.95016808224479, 41.79905203249446], [-69.95059654186454, 41.7985980416878], [-69.94998408133247, 41.79708982422053], [-69.949556328274, 41.79678740489126], [-69.94763046932235, 41.79649666889007], [-69.94680437822629, 41.79582805089439], [-69.94686557694563, 41.79536850554558], [-69.94704900698244, 41.795186403112936], [-69.94781281230628, 41.79493678952464], [-69.94888308844018, 41.79491928070736], [-69.94961734257728, 41.79599410915654], [-69.95105417359638, 41.796585461041175], [-69.95169625507418, 41.79651708043129], [-69.95294882472889, 41.795371886508214], [-69.95539470765269, 41.79564875770433], [-69.95569986992358, 41.79543902528861], [-69.95585263464518, 41.794456177856695], [-69.95511882316514, 41.79418283811617], [-69.95456915952181, 41.79445791655209], [-69.95389654172544, 41.79449944670212], [-69.95343810667222, 41.79493559544231], [-69.95224561381629, 41.79489126662719], [-69.95126780124492, 41.793980863482595], [-69.94940226014243, 41.79278935324466], [-69.94879031735437, 41.79257841373315], [-69.94683471155025, 41.79374718932495], [-69.94600927031702, 41.79404210633165], [-69.9449396840717, 41.794186229911084], [-69.94448125036797, 41.794712393254535], [-69.94426746825128, 41.795398919028585], [-69.94457294138338, 41.79581056374434], [-69.94500078965964, 41.79596892384635], [-69.94585681585018, 41.795484763512505], [-69.94634640722359, 41.79562482491082], [-69.94607134743605, 41.797068062063445], [-69.94619347198986, 41.797319052320866], [-69.94594873611071, 41.79825786115626], [-69.94542968283484, 41.798847925199425], [-69.9447267560352, 41.80017726309625], [-69.94426844979485, 41.80086608017466], [-69.94368791371268, 41.80123073586134], [-69.94209763953943, 41.801207885281926], [-69.94010994407256, 41.800242492947355], [-69.9394072829138, 41.79935657648763], [-69.93867288512956, 41.79883098302504], [-69.93748049860147, 41.79857995006307], [-69.93726690475263, 41.7986715740782], [-69.93726723076041, 41.800562626783126], [-69.93711407967226, 41.800888646252275], [-69.93729707057112, 41.8034446328247], [-69.93781755067585, 41.80489031417833], [-69.9380931010092, 41.80509557682328], [-69.93821439704718, 41.80577936656755], [-69.93787868732495, 41.80655651189504], [-69.93778728251715, 41.80734038155135], [-69.93836794565105, 41.80806535981043], [-69.93833743264503, 41.80891253602508], [-69.93876604539373, 41.80935008340123], [-69.93879561316568, 41.80960206507991], [-69.93858705112119, 41.81037813968016], [-69.93888815088411, 41.81086234158757], [-69.9389187504134, 41.81145652666476], [-69.93873467236492, 41.811908194604655], [-69.93882715506355, 41.812186927167886], [-69.93846024081847, 41.81253197059864], [-69.93766517100045, 41.812097280193335], [-69.93595316244885, 41.80941845880098], [-69.9358306339318, 41.80669895899966], [-69.93598333878725, 41.80432035975411], [-69.93561612913693, 41.80351275066628], [-69.9354325677059, 41.8025320638112], [-69.93549464838713, 41.80118104121801], [-69.93451564960607, 41.800432003566996], [-69.93430175251527, 41.79967714826756], [-69.93469941453164, 41.798827698323514], [-69.93485179602176, 41.79788933160021], [-69.93454628629044, 41.79400116733962], [-69.93414868649437, 41.79304061237102], [-69.93411757710905, 41.7874114958196], [-69.93427140663671, 41.78642868727315], [-69.93381304088338, 41.78508120552487], [-69.93362962868034, 41.78382192340787], [-69.9336601682469, 41.781903151249075], [-69.93332351238965, 41.77798809817456], [-69.93295758452943, 41.77652312878205], [-69.93311005050633, 41.77565680497405], [-69.93271272580024, 41.77455272868024], [-69.93265180659488, 41.77389508759212], [-69.93188774070923, 41.77197438527186], [-69.93197917671952, 41.77007277164332], [-69.9317956844592, 41.76956990480994], [-69.93133786625312, 41.76522374639803], [-69.93164440067716, 41.76391492292559], [-69.93112468192926, 41.76066764770083], [-69.93118583161367, 41.75993795764851], [-69.93084925156995, 41.75769782494322], [-69.93057471840744, 41.753989038426894], [-69.9302393790692, 41.75289312073153], [-69.930056386682, 41.750354558158215], [-69.92966152020365, 41.74920491308796], [-69.92944783179357, 41.74790073993233], [-69.92944762978382, 41.74694620416391], [-69.92917277982266, 41.745318131284876], [-69.92926416390095, 41.74374126035434], [-69.9286530536438, 41.74124237558428], [-69.92889752009025, 41.7392314357373], [-69.92874616257083, 41.73719758684092], [-69.92892890010818, 41.73621405724492], [-69.92877617244278, 41.7349540592597], [-69.92892943157274, 41.73260248340215], [-69.92841102179858, 41.72374394119712], [-69.92801355847774, 41.722387134949734], [-69.92822923990802, 41.71019897772002], [-69.9278016588666, 41.70718482524056], [-69.92795539122804, 41.70620202225541], [-69.92786377087276, 41.70464457268404], [-69.92807694606239, 41.70318363497907], [-69.9279852801645, 41.70278839817073], [-69.9281993949189, 41.69947187150156], [-69.92838307824321, 41.698858125752594], [-69.92810844988259, 41.6955815618366], [-69.9282617481646, 41.691698565377955], [-69.92850544075527, 41.690597687695494], [-69.9285973098187, 41.688723655912014], [-69.92923866633082, 41.68650263784011], [-69.92926928855127, 41.68559242551091], [-69.9302461688443, 41.68121651235159], [-69.93100951437368, 41.678409027224696], [-69.9318336455942, 41.67630364328428], [-69.93287112492564, 41.67241313036327], [-69.9331147564752, 41.670006513046026], [-69.93424427622975, 41.6682047378426], [-69.93668476641822, 41.665644857389175], [-69.93894166372549, 41.66257306048455], [-69.93946084000908, 41.66170444637292], [-69.9416869455492, 41.65548041769056], [-69.9426625612913, 41.6538149085309], [-69.94305929374994, 41.65262267312643], [-69.94406598346953, 41.651434844479205], [-69.94613945924073, 41.64809419522391], [-69.94647480976984, 41.64715437643826], [-69.94726693031913, 41.64585102692744], [-69.95062148939033, 41.641274404173046], [-69.95117035269064, 41.6407927980197], [-69.9523591750556, 41.64040488721671], [-69.95223745640942, 41.640954786819556], [-69.95120087263348, 41.6415310615224], [-69.95074318388417, 41.642120281957475], [-69.95174961460276, 41.64203099657125], [-69.95330436072857, 41.640333890391304], [-69.95537836537481, 41.639235898650504], [-69.95614011775987, 41.63914831594307], [-69.95647629745318, 41.639487753864294], [-69.95672012958401, 41.64098082801282], [-69.95696484189216, 41.64141132392464], [-69.95708681190918, 41.64237369964315], [-69.95699617923627, 41.64317616554793], [-69.95641636561086, 41.643262285091915], [-69.95614124809626, 41.64221059319824], [-69.95583664868543, 41.64196107053787], [-69.95571412913091, 41.64145737783792], [-69.95540882390162, 41.641252869365765], [-69.95513494825707, 41.64130036427611], [-69.95473865297706, 41.64166362101619], [-69.95315248798047, 41.641821026582626], [-69.95196342116573, 41.64260572568465], [-69.95110950171035, 41.64291883911646], [-69.95117061755742, 41.64315267621835], [-69.95257361425907, 41.64296972970424], [-69.95406772245236, 41.643083481451946], [-69.95452573680839, 41.64317863241134], [-69.95452545285832, 41.64337673855806], [-69.95415970594412, 41.64351528370054], [-69.95098842824537, 41.6436584143358], [-69.9502552965933, 41.64386285576025], [-69.94976820516933, 41.6442090994074], [-69.94967676594322, 41.644452676354504], [-69.94979815641459, 41.644614170373224], [-69.95010328717028, 41.644593566335885], [-69.95101835107893, 41.64401845945799], [-69.9526960661212, 41.64415780544489], [-69.95135391154756, 41.64442994415014], [-69.95089591712986, 41.64532533153197], [-69.95043863526955, 41.64550933131984], [-69.95019539921934, 41.64580880961023], [-69.94864029957247, 41.646397692127294], [-69.94925037284555, 41.647293570513725], [-69.94921946062041, 41.64750082696947], [-69.94857950257314, 41.64792996580929], [-69.94842675999215, 41.64831847406974], [-69.9487930413009, 41.64863920967688], [-69.94879317433144, 41.649035994785514], [-69.94836595802799, 41.649309321314064], [-69.94839692767388, 41.64957933144458], [-69.9489156730638, 41.649647192490725], [-69.94922035099064, 41.64949150916438], [-69.94946392476825, 41.64882283192521], [-69.95022644086461, 41.64832163002502], [-69.94973766809996, 41.64816300775471], [-69.94992114393145, 41.647837389062204], [-69.95053168022768, 41.64733692744734], [-69.9510800520364, 41.64740461973909], [-69.95318464554182, 41.64649562335144], [-69.95556287526857, 41.64644859485332], [-69.95568478158822, 41.64612325664058], [-69.95528836099139, 41.645946776839786], [-69.95367205078126, 41.64616737936147], [-69.95333688327466, 41.6460800872737], [-69.95348863621815, 41.645808624458176], [-69.9556238361176, 41.64532210966925], [-69.95586807846436, 41.64493314663948], [-69.9558678082166, 41.644617968052096], [-69.9555627849408, 41.64404369629715], [-69.95565352101687, 41.64298909273492], [-69.95589728960427, 41.64319445317238], [-69.95644735686099, 41.644729957455645], [-69.95620383863015, 41.64648825384938], [-69.95657001228227, 41.64735883013947], [-69.95657054785295, 41.64781865502334], [-69.95641801039248, 41.64838727606491], [-69.95589995036201, 41.64885075335872], [-69.95547262125783, 41.64967397231887], [-69.955167679944, 41.64985668361794], [-69.95492292496401, 41.65104258089239], [-69.95544206595702, 41.65062864989249], [-69.95608242514804, 41.650632843622375], [-69.95614456810605, 41.65079408885019], [-69.95519871264386, 41.65175659708497], [-69.95461957841663, 41.65212187276596], [-69.95385731780618, 41.652146405490086], [-69.95349066657256, 41.651870143987516], [-69.95342996922017, 41.65161830406453], [-69.95431370589064, 41.65111590929082], [-69.95367399778075, 41.65063444944438], [-69.95361205073625, 41.650248080404495], [-69.95321591523741, 41.65015207974023], [-69.95165996619245, 41.650354340621234], [-69.95007413127306, 41.65062821306538], [-69.94912860342946, 41.65124848610786], [-69.94836641795533, 41.65136303305623], [-69.94708524461835, 41.65223816606532], [-69.94702443172736, 41.653058480292394], [-69.94793993798807, 41.652780567640164], [-69.94818402823222, 41.652895898697935], [-69.94800056677776, 41.65337460029467], [-69.94537806843925, 41.65484655593321], [-69.94495081549026, 41.655273517963366], [-69.9443412148356, 41.6563322751847], [-69.9433345367148, 41.65685373582133], [-69.94263251126193, 41.65760729979794], [-69.94196209199387, 41.65790991587719], [-69.94168713010563, 41.65861473136101], [-69.94080260348385, 41.65927967319512], [-69.94068097744291, 41.65971249812807], [-69.94101617092903, 41.66001651053248], [-69.94220605514288, 41.65955611176727], [-69.94345663769644, 41.65863614989524], [-69.94370099111313, 41.65809356470693], [-69.94412775614309, 41.657703183227376], [-69.94446273947733, 41.65753779593613], [-69.9451647899225, 41.657523195534786], [-69.94519534304321, 41.65818041668667], [-69.94443281103895, 41.65879921478843], [-69.94434159708605, 41.65912439903981], [-69.9445241567289, 41.65934808186455], [-69.94482964040759, 41.65930048077045], [-69.94568294523543, 41.658482559018495], [-69.94629288732675, 41.65737877424222], [-69.94629300843798, 41.65712663547572], [-69.9466595194327, 41.65679057729011], [-69.9469032321456, 41.65696837804207], [-69.94690340223694, 41.65751768621085], [-69.94644617303356, 41.65825154069947], [-69.94571412816848, 41.65895968823329], [-69.94547032114312, 41.65994353082448], [-69.94507393428405, 41.66033433276405], [-69.94342662420352, 41.66104120515307], [-69.94165746893106, 41.662758324241565], [-69.94141373024888, 41.66312025062577], [-69.94135232275701, 41.66360736882964], [-69.93936908283088, 41.665064876738924], [-69.93790491402551, 41.66813012544297], [-69.93540287844931, 41.67010498445907], [-69.9340911209725, 41.67216034327927], [-69.93409170212529, 41.67241249231239], [-69.93546450863948, 41.6744276857878], [-69.93637987123022, 41.674492613432975], [-69.93525067767594, 41.67557344931313], [-69.93399921055219, 41.67753789897266], [-69.93409164253453, 41.67813181527989], [-69.93512888797964, 41.68067256296662], [-69.93494574426026, 41.68137637598028], [-69.93512863082609, 41.68229346546416], [-69.93503729013437, 41.6830959082848], [-69.9347626798049, 41.68396280475437], [-69.93418286904785, 41.68496732998061], [-69.93409139635536, 41.68554464453035], [-69.93473209338025, 41.687512055628], [-69.93567798850081, 41.68935927694458], [-69.93552522341353, 41.690891971560404], [-69.93561616257217, 41.69144084034126], [-69.93470094856887, 41.69384385363787], [-69.93494535711335, 41.69416633131442], [-69.93488443154097, 41.69455383532284], [-69.93369412867189, 41.69586063433227], [-69.93256446607384, 41.69654522090522], [-69.9316191891814, 41.69757959479797], [-69.93161830270931, 41.69792177400075], [-69.93268667697303, 41.6986968564056], [-69.9329615161563, 41.69947845124587], [-69.93305246877398, 41.700072347462836], [-69.93271785272438, 41.701605912004936], [-69.93183188619905, 41.70242385883763], [-69.9302745950002, 41.70343628042959], [-69.92996984878911, 41.70443838978934], [-69.9302447064975, 41.705769298798124], [-69.93091620035658, 41.7060881067294], [-69.93097721492951, 41.70629493812642], [-69.93058017915922, 41.7075225911197], [-69.93027438495344, 41.71107423814153], [-69.93161719282237, 41.71281045965672], [-69.93100734228935, 41.71322078890588], [-69.93161731383947, 41.71399912579455], [-69.93155609179385, 41.71450425253854], [-69.93238085991888, 41.7146416847815], [-69.93216730332655, 41.71596754854295], [-69.93277775418551, 41.71642170409093], [-69.93228929574606, 41.71823624547583], [-69.93192264194715, 41.71885141686233], [-69.93143432754681, 41.719143543708036], [-69.93137255035062, 41.719441546963964], [-69.93164783451702, 41.71971830506271], [-69.93161725799548, 41.720061200645716], [-69.93122024663579, 41.72070352962831], [-69.93125064611976, 41.72111761724651], [-69.93158708155218, 41.721367077344084], [-69.93143441665805, 41.722215386599196], [-69.93067079664289, 41.72304064194614], [-69.93073170346317, 41.724139532752716], [-69.93045676311728, 41.72493381356564], [-69.93109784740817, 41.72600974650077], [-69.93122039039783, 41.726602953177874], [-69.93296098036427, 41.726670261374814], [-69.93299046376202, 41.72687722001434], [-69.93268524610023, 41.72722196340275], [-69.9326855806466, 41.72759117415967], [-69.93302192744177, 41.728182819236835], [-69.93268594888494, 41.7296893506895], [-69.9326855468514, 41.731022651999474], [-69.9332353912659, 41.73113546600256], [-69.93347952797849, 41.73136732783166], [-69.93351001554622, 41.73191649102717], [-69.93387708622546, 41.73228286735985], [-69.93314404101251, 41.73314458090642], [-69.93354031774352, 41.73374492797704], [-69.93326605526222, 41.7339904810349], [-69.93204423501345, 41.73431529028684], [-69.93170873886528, 41.73491231816578], [-69.93201369471223, 41.735207493041734], [-69.93195251307424, 41.735802107918445], [-69.93149438723431, 41.73678747669716], [-69.93164672965983, 41.73806547490585], [-69.93149437664046, 41.7383639191539], [-69.93234949466807, 41.73998703167949], [-69.93253304062999, 41.74060696538068], [-69.93244162695291, 41.74104019945322], [-69.93314402157802, 41.7424124388684], [-69.9337545426861, 41.742966204234754], [-69.93503714835695, 41.74369410869511], [-69.9351592654476, 41.74406217850152], [-69.93488537718167, 41.74465893676024], [-69.9350985840918, 41.74529672056171], [-69.93595352264354, 41.74598327897019], [-69.9360152052118, 41.74648728135607], [-69.9363204861651, 41.74666482000013], [-69.93656524550327, 41.7471043608137], [-69.93635168754368, 41.74749314696249], [-69.93635086195168, 41.74792593914355], [-69.9368699599496, 41.74842608968217], [-69.93686980146946, 41.74867822788097], [-69.93625921015605, 41.74936717148562], [-69.93640992050105, 41.74978065729119], [-69.9372957509405, 41.75046706578718], [-69.93778495305368, 41.75108442946718], [-69.93912909634372, 41.75142478786049], [-69.93989263054213, 41.7519046354067], [-69.94099241346419, 41.753697057648814], [-69.9418174777811, 41.75405954323982], [-69.94258128908685, 41.75479207861508], [-69.94264191972199, 41.75529549921146], [-69.94209278895529, 41.756777191491636], [-69.94126808761791, 41.75682950630844], [-69.94093148211623, 41.75714739103902], [-69.94151248730371, 41.75739453760036], [-69.94151241141468, 41.75762866659363], [-69.94102371012242, 41.758064912368724], [-69.94016852756842, 41.75833348516525], [-69.93974027275047, 41.7586793777025], [-69.93903718407326, 41.75856787552841], [-69.93864022826702, 41.758309731900354], [-69.9373875756005, 41.75835615190366], [-69.93692928605233, 41.75879223495218], [-69.93699080581055, 41.75950334926008], [-69.93769316355329, 41.75961429112941], [-69.93815124552243, 41.75923279502238], [-69.9386706216752, 41.759111031264474], [-69.93952684138294, 41.759185236685006], [-69.940351674837, 41.75968280383308], [-69.9409014667492, 41.760254831490926], [-69.94126818103607, 41.76284597376393], [-69.94233813769141, 41.76489967870347], [-69.94233783797506, 41.766637638931755], [-69.94249049161297, 41.767005554083845], [-69.94279671933447, 41.76721066437609], [-69.94404894452286, 41.767281241656306], [-69.94478280645157, 41.767491623632715], [-69.94563823920471, 41.76798900521926], [-69.94683010003253, 41.76932111461723], [-69.94704409916129, 41.76984181864809], [-69.94704451694017, 41.77135466191395], [-69.94667813831283, 41.77195187560694], [-69.94518023036744, 41.77233385341616], [-69.94426421123178, 41.77307101400197], [-69.94340822719082, 41.773411079679235], [-69.94267482003661, 41.773210263793516], [-69.9415444832624, 41.773300616226095], [-69.94044423657962, 41.77254377401388], [-69.93922224336964, 41.77224732203531], [-69.93790729495288, 41.77155617624783], [-69.93763262851493, 41.77172012807445], [-69.93812173809523, 41.77240952622927], [-69.93995465381089, 41.77308806449797], [-69.93952731786626, 41.77325386998918], [-69.93888621907684, 41.77384448257006], [-69.93821320024051, 41.77400297689583], [-69.93744949062243, 41.77444162985629], [-69.93717443226431, 41.77475922323047], [-69.93717412811453, 41.77567772933293], [-69.93766340476476, 41.775700761170334], [-69.93873313213851, 41.77517005952383], [-69.93995521041566, 41.77488062949902], [-69.94059748811011, 41.774857341829765], [-69.94310317889322, 41.77542234119914], [-69.94383602498722, 41.775307971638114], [-69.94551720203744, 41.77462796968044], [-69.94713654131593, 41.774371460436974], [-69.9481447979038, 41.77370532201257], [-69.94906194479579, 41.772517897049866], [-69.94936734540167, 41.77254231530755], [-69.94964213746879, 41.77277455638129], [-69.94955057197245, 41.77409929356456], [-69.94909295681018, 41.77455288197894], [-69.94768710863141, 41.77439359624169], [-69.94750334515649, 41.774530106777405], [-69.9483294503087, 41.77549645144093], [-69.9487256397139, 41.775420801606415], [-69.94927622376787, 41.775767671891614], [-69.94988737381155, 41.775447306650804], [-69.95086526703815, 41.774141940706436], [-69.95123168470133, 41.773913918527285], [-69.95220936188247, 41.773824773089956], [-69.95282034546028, 41.77343235049466], [-69.9530345691394, 41.77295349338468], [-69.95288071211685, 41.77219780046022], [-69.95361440674257, 41.7711924507884], [-69.95364517289173, 41.770372290240324], [-69.95300313353263, 41.769891375458435], [-69.95165802954372, 41.76958719419033], [-69.95013027004526, 41.769545596183534], [-69.94933551194771, 41.76931809883512], [-69.94915268460183, 41.76858114129131], [-69.94869403163541, 41.767918658480674], [-69.9479303485549, 41.767465323876635], [-69.94670739888818, 41.767025421237136], [-69.94652374067665, 41.7667567069533], [-69.94591357193066, 41.76643714971269], [-69.94429328246588, 41.76600024158754], [-69.94383540916715, 41.765724963580496], [-69.94346844473422, 41.76498941989924], [-69.94435459485508, 41.76437849172888], [-69.94493496538823, 41.7634819770081], [-69.94588188636233, 41.763275965948], [-69.9464623901582, 41.76357767208583], [-69.94615741946369, 41.7643096704453], [-69.946493324877, 41.76446902508283], [-69.94789919414745, 41.7644482291994], [-69.9481125822038, 41.76476180843956], [-69.94756253994481, 41.76482973057559], [-69.94707379170987, 41.76522097678321], [-69.9474101783575, 41.765515409977965], [-69.94893753596214, 41.7662504240804], [-69.94939629559522, 41.76627355377424], [-69.95138284702944, 41.76569836849616], [-69.95242086096862, 41.76478946457872], [-69.95254285149801, 41.7638968149685], [-69.95284869615321, 41.76377715084548], [-69.9535512490276, 41.76385197665654], [-69.95507901018232, 41.76334422729746], [-69.95608689591565, 41.76282265908127], [-69.95681961017371, 41.761446947813], [-69.95853064869867, 41.76142396460399], [-69.95929478618334, 41.76087712037462], [-69.95947764715788, 41.76105575320158], [-69.95950888945725, 41.76167695551552], [-69.95932621255237, 41.763687094600556], [-69.96088477756439, 41.76561046146827], [-69.96128271283415, 41.76636381170079], [-69.96103846700075, 41.76777991921742], [-69.96137511755707, 41.76819137812448], [-69.96241425851689, 41.76830840217343], [-69.96360538653335, 41.76792037502193], [-69.96381958290205, 41.76812587504174], [-69.96372779637564, 41.769378577205785], [-69.96455324028368, 41.77031721546086], [-69.9645847787298, 41.77080334511925], [-69.96437099925198, 41.77134582618377], [-69.96403528569923, 41.771690805336505], [-69.96278190141945, 41.77224177545318], [-69.96287447432721, 41.77262798628436], [-69.9632410634231, 41.77285918112247], [-69.96333294656023, 41.77322737231025], [-69.96330269062696, 41.773750377132544], [-69.96290562108325, 41.77434778991854], [-69.96260010561042, 41.77453052053366], [-69.96272213835992, 41.774755039770284], [-69.96330303877247, 41.77487600094577], [-69.96376050633862, 41.77420567315622], [-69.96452465332194, 41.77416307006714], [-69.96489149545141, 41.77455635188728], [-69.96583924434702, 41.77471094559419], [-69.96703123623148, 41.77629497609604], [-69.9676736044164, 41.77642462101419], [-69.96865092185506, 41.77633532946921], [-69.96932400347123, 41.77656386936586], [-69.96993556911893, 41.77747708013414], [-69.97070036460553, 41.778146396741406], [-69.97070086318091, 41.77853361573379], [-69.97011981837178, 41.77880890827078], [-69.96685013020152, 41.77876439660994], [-69.96587154472128, 41.779123804544014], [-69.96486326237398, 41.7788260057254], [-69.9637632222263, 41.77935766738851], [-69.96257114307546, 41.77944852259937], [-69.96214380862182, 41.77967744732965], [-69.96189995683434, 41.780202071240424], [-69.9621131030553, 41.780749185083515], [-69.96284778762306, 41.781121547894756], [-69.96281691673542, 41.78171658380968], [-69.96345862611169, 41.7821253963794], [-69.96394809427122, 41.78281468330556], [-69.96532359417337, 41.78324463055353], [-69.96559835514319, 41.78310706566012], [-69.96532338121933, 41.78272177804157], [-69.96535393018735, 41.782514512921395], [-69.96575104058552, 41.78215122057796], [-69.96590348451625, 41.78139291803944], [-69.96727888292425, 41.7816697565668], [-69.96755396172989, 41.78148716666199], [-69.96743084488895, 41.78033569223653], [-69.96853151084288, 41.77984002355169], [-69.96898943036544, 41.7792597306606], [-69.97030383604272, 41.77949181451624], [-69.97106735678163, 41.77930507938516], [-69.971434008843, 41.778986946661945], [-69.97164759828375, 41.778372410967], [-69.97146467011513, 41.778004694380684], [-69.97036369378937, 41.77697798919214], [-69.96987380486814, 41.77599156130125], [-69.97045502781339, 41.77583333690789], [-69.97085145856968, 41.776217428353405], [-69.97121806986642, 41.77615143419747], [-69.97115688712353, 41.775629452488275], [-69.97079020476737, 41.77535325780306], [-69.97030109164233, 41.775213306318456], [-69.96972138439514, 41.775308515635736], [-69.96856020058179, 41.77594858601873], [-69.96791792094015, 41.77597203128603], [-69.96764243460166, 41.77581242843004], [-69.96748966134793, 41.77548957248538], [-69.96913901293736, 41.77402536734152], [-69.97042283503397, 41.77396044018516], [-69.97121729625101, 41.77359345870391], [-69.97106418392143, 41.77331562783382], [-69.97082007316298, 41.77322736753944], [-69.96889487215556, 41.77364050222794], [-69.96715302433572, 41.77457329325906], [-69.96617516859187, 41.77418530216835], [-69.9660828214651, 41.77336629707418], [-69.96629680028542, 41.77311253677443], [-69.96727430242072, 41.77324838381248], [-69.96920013612493, 41.772808832998905], [-69.97075791107926, 41.77180487835663], [-69.97152113355614, 41.77088873734045], [-69.97317071311559, 41.77082080730529], [-69.97335430521834, 41.77065723913429], [-69.97262117421641, 41.770411033033966], [-69.97155130195291, 41.770429327398645], [-69.97087940523063, 41.770750117085235], [-69.96962569284985, 41.770157529378174], [-69.96818982817754, 41.76999809274189], [-69.96736505771956, 41.76960879232558], [-69.96684465130033, 41.768676531635194], [-69.96565238658656, 41.76793895840147], [-69.9652557557699, 41.76734773102129], [-69.96516302873925, 41.766592316999294], [-69.96473478044253, 41.76572207085317], [-69.96769812065101, 41.76349947587838], [-69.96858386768766, 41.76311404370233], [-69.97001972406856, 41.763047790951404], [-69.97090555699941, 41.76281486336708], [-69.97157749663604, 41.76226895156481], [-69.9722791862513, 41.761028928863425], [-69.97353205109691, 41.76054989060933], [-69.97405069463716, 41.75965409463323], [-69.97438665813412, 41.759498194407755], [-69.97594518468136, 41.75986293388323], [-69.97698355953209, 41.759566152200314], [-69.97734965292199, 41.75926544166176], [-69.97756417914356, 41.758606446657524], [-69.97805183380474, 41.758377146888044], [-69.97921310804597, 41.758394345869505], [-69.98046596552487, 41.75871667107115], [-69.98095514452758, 41.75899165517302], [-69.98095528850718, 41.75958598217172], [-69.98132295562245, 41.760024246725386], [-69.98101748390899, 41.76068428681776], [-69.98116991380724, 41.76100711981314], [-69.98205642384274, 41.76154910161095], [-69.98364523154868, 41.761481339030446], [-69.98410286931447, 41.76077491590569], [-69.98370543656925, 41.760022217843975], [-69.98321583824905, 41.75949510245347], [-69.98211571451317, 41.759450056253854], [-69.98168822832226, 41.75921979861019], [-69.98101497065048, 41.758261928410455], [-69.97945716423872, 41.75785168029788], [-69.97823527717938, 41.757870819236466], [-69.9773803609282, 41.75810365306315], [-69.97600571557389, 41.75904316908348], [-69.97233893668478, 41.758515663099324], [-69.97185033404352, 41.75892502483796], [-69.97182058428831, 41.75943002812238], [-69.97084323633872, 41.76089709943582], [-69.9705378079256, 41.761079851440456], [-69.96916290408281, 41.76114524085902], [-69.96861368908608, 41.76144740368278], [-69.96806325391742, 41.762379893926955], [-69.96662736643843, 41.76180620706638], [-69.96308278359582, 41.76100764916], [-69.9626246925125, 41.760786474042156], [-69.96241039228593, 41.76027423847229], [-69.96274590638158, 41.75938896435249], [-69.96268459283202, 41.75881350784717], [-69.96243979683916, 41.758491090412846], [-69.96017910461684, 41.75746550297597], [-69.96048439722652, 41.756867985514845], [-69.96216488089686, 41.75654793546988], [-69.96405828018999, 41.755406215682505], [-69.96766222170011, 41.75407868891541], [-69.9683342456848, 41.754028070365585], [-69.96918969694009, 41.754399206300036], [-69.96961799462659, 41.75482763169731], [-69.96967963263567, 41.75531360146113], [-69.96909913067778, 41.75590406680473], [-69.96916042050356, 41.75613789362122], [-69.96980194317403, 41.7562945327994], [-69.97096317785149, 41.755888020644086], [-69.97135960396604, 41.755560721574554], [-69.97145129815229, 41.75526253774758], [-69.97099329190496, 41.75483428345071], [-69.9697699379514, 41.75455614786596], [-69.96885313320902, 41.75348349389841], [-69.9693421432749, 41.75318164728825], [-69.97007456768546, 41.75206812080244], [-69.97004374779004, 41.751221241609954], [-69.97068455338066, 41.75000911476882], [-69.97089938854178, 41.74889932550719], [-69.97126651898952, 41.74849115219034], [-69.97086913147166, 41.74810704661814], [-69.97074574763829, 41.74698258533553], [-69.9699510993139, 41.745818152584775], [-69.96860690569926, 41.74469472683016], [-69.9680872728265, 41.744536904926534], [-69.96738432015131, 41.74387627571586], [-69.96549001540352, 41.74133444212348], [-69.96558086287713, 41.741009236475605], [-69.96631350499044, 41.740400015342175], [-69.9667718793061, 41.7403690425668], [-69.96713881307839, 41.74073530647806], [-69.9675661604382, 41.74071348058308], [-69.96820739949243, 41.739825552252015], [-69.96817614204487, 41.73954654093797], [-69.96780954666856, 41.73907222540881], [-69.96759590389938, 41.738956788543526], [-69.96698499551421, 41.73916018212654], [-69.9666793604419, 41.73854147852072], [-69.96710657506381, 41.737898310599114], [-69.96732079080147, 41.737833094178846], [-69.96796141928078, 41.73833248551147], [-69.96881748902805, 41.73849652166068], [-69.96903098536929, 41.7381791536041], [-69.96896976182975, 41.73799035199054], [-69.96838919339133, 41.73780638492841], [-69.96860273787858, 41.73753404309802], [-69.97098455670195, 41.736802881522415], [-69.9718086515637, 41.73612000065833], [-69.97358030354627, 41.73614151316319], [-69.97553483653607, 41.73552103043854], [-69.97709148296948, 41.73530998373058], [-69.9784964902593, 41.73542388150933], [-69.98051289329548, 41.73597421964688], [-69.98121622616416, 41.73677885134551], [-69.98112440219558, 41.73727514906142], [-69.9799635002648, 41.73675313024236], [-69.97938427871637, 41.737253612616676], [-69.97932309378731, 41.73748804946929], [-69.97959791275363, 41.73808041694059], [-69.9793844267066, 41.738352216751835], [-69.97831579430982, 41.738514663018], [-69.97819420313665, 41.7388400298761], [-69.9786828998367, 41.739223078901354], [-69.98005696475619, 41.73813044445811], [-69.98188873763351, 41.73791681278349], [-69.98301852207874, 41.73693457378426], [-69.98448410014143, 41.73638171382313], [-69.98762903543806, 41.73612918019708], [-69.98930872849992, 41.735447968516056], [-69.99019391723817, 41.734873264163745], [-69.99062043179457, 41.73418497757742], [-69.99058915491295, 41.73299647685283], [-69.99086345964469, 41.73224651403147], [-69.9909536192489, 41.73089472040085], [-69.9912884843241, 41.73004537965395], [-69.99110491733529, 41.72903777323751], [-69.99156281338293, 41.72825928757274], [-69.99162232606604, 41.72745695012945], [-69.99320800372075, 41.72519182515691], [-69.99372630899448, 41.7236650347438], [-69.99430486300895, 41.72256114438095], [-69.99439540229986, 41.720551995168115], [-69.99533945877636, 41.71874267120435], [-69.99546139064326, 41.718174159397776], [-69.99598043187335, 41.71787203742622], [-69.99637862783418, 41.71892243022204], [-69.99619533254243, 41.719608884539035], [-69.99534124181284, 41.72066074082827], [-69.99537280774624, 41.721074821134586], [-69.99586127942557, 41.72152983339323], [-69.99662532034225, 41.721559624220895], [-69.99702208998538, 41.721330735725836], [-69.99833367272466, 41.72022974792149], [-69.99845568771839, 41.71997640602653], [-69.99701944513265, 41.71922355238526], [-69.9968654951346, 41.71821578394041], [-69.99594822226354, 41.7160171630644], [-69.9962212946966, 41.71483493675011], [-69.99603769914309, 41.713890935088045], [-69.99429648051928, 41.71263593036552], [-69.99399059816915, 41.71261162254823], [-69.99396087877625, 41.71304402806838], [-69.99310245864017, 41.7137401155905], [-69.99014580899055, 41.71446410211728], [-69.98813136738795, 41.71536430819825], [-69.98575066714764, 41.71670872856981], [-69.98349269289469, 41.71838510399026], [-69.98105123341752, 41.719685283060365], [-69.98034932124652, 41.71987120964712], [-69.97931090756943, 41.7204657389431], [-69.97717419562187, 41.72131234371647], [-69.9763196710259, 41.72151759098174], [-69.97555664564466, 41.72152425995139], [-69.9741204667515, 41.72101424885818], [-69.97289911607729, 41.72028591725848], [-69.97057752160751, 41.7192338126467], [-69.96611954517196, 41.718388709762216], [-69.96459248218183, 41.717149637677494], [-69.96446932980577, 41.71441271678271], [-69.9637663204335, 41.713472904729855], [-69.96355170632457, 41.71280814249496], [-69.96376537247689, 41.71241874737703], [-69.96404081904595, 41.71244328868168], [-69.96443867836886, 41.71365644856103], [-69.96511013658522, 41.71465942844437], [-69.96511102977561, 41.71562297218257], [-69.96547729997314, 41.71585416030824], [-69.96605697393288, 41.71589461642597], [-69.96620984162959, 41.71548751317134], [-69.96578218113076, 41.71488798472754], [-69.96572119278724, 41.71445604983191], [-69.96755262615068, 41.71444976670658], [-69.96828501038279, 41.71424519379946], [-69.96947522899593, 41.713631982300136], [-69.97036108451678, 41.71280474069585], [-69.97124567056927, 41.71152722752194], [-69.97228356496412, 41.71120291431076], [-69.97344413395773, 41.71209421754829], [-69.97374939562937, 41.712505785388025], [-69.97356718019898, 41.71387659732969], [-69.97228535558733, 41.71491410584397], [-69.97213282812415, 41.715779911221844], [-69.97243890088714, 41.71623651807261], [-69.97378284940335, 41.71701771530119], [-69.9737527563393, 41.71758574942251], [-69.97402709905528, 41.71767328607024], [-69.97475922301098, 41.717307141528295], [-69.97680589190897, 41.71783882372041], [-69.9781183029442, 41.717629565560685], [-69.9786370306711, 41.717265045642776], [-69.98187241654529, 41.71588602357235], [-69.98214714521188, 41.715388224861904], [-69.98174935681905, 41.71422072002896], [-69.97991654011071, 41.713101595286815], [-69.97896929720918, 41.71129020370538], [-69.97673989448381, 41.71044487882445], [-69.97564044879135, 41.710265256282135], [-69.97475575862441, 41.71024552496294], [-69.97264940723511, 41.71065064247977], [-69.97115258854286, 41.71022194669708], [-69.96980960552376, 41.71052132427465], [-69.96910785109418, 41.71031152726011], [-69.96907650807566, 41.7099424650189], [-69.96953483314877, 41.70937118566414], [-69.96953424545973, 41.70889391476673], [-69.96980853269305, 41.70862126296527], [-69.97078565903558, 41.70807271133799], [-69.97331879612307, 41.707609757394664], [-69.97460067353514, 41.70656323498634], [-69.97557734538118, 41.70632981037888], [-69.9764006222911, 41.70564689062956], [-69.9767366719099, 41.705554022869805], [-69.97743902951896, 41.70580036391293], [-69.97789726401122, 41.70623760509582], [-69.9787825464918, 41.7064194096632], [-69.98046221124962, 41.707242724814044], [-69.9815623856787, 41.70934993092701], [-69.98153249235644, 41.71000745550029], [-69.98135005534158, 41.710288677032345], [-69.98177699448773, 41.71046490377879], [-69.98421845677423, 41.70922831109161], [-69.98467654598616, 41.70875602376871], [-69.98507244073342, 41.70783378583024], [-69.98501083423446, 41.70731180528226], [-69.98461351716732, 41.70696376553398], [-69.98366700493594, 41.706512731233154], [-69.9825982415363, 41.70632401626792], [-69.98107122722499, 41.70550839814989], [-69.98070494537465, 41.70502512156669], [-69.98015517615123, 41.70467840731906], [-69.97936106078846, 41.70434305881866], [-69.97878100092005, 41.70433868377057], [-69.97795718283801, 41.70458881267932], [-69.9775295977806, 41.704520621650865], [-69.97701069851581, 41.70415573217517], [-69.97337803414513, 41.704249452298924], [-69.97279792999608, 41.7047498865531], [-69.97249415580589, 41.70589619310988], [-69.97017321839348, 41.70552902146453], [-69.96934953684813, 41.70523822994675], [-69.96977613523775, 41.70404574370805], [-69.96950075230919, 41.70376907769893], [-69.96974475898537, 41.70301931885102], [-69.96956110579899, 41.702534520902525], [-69.96879818652558, 41.70221696422584], [-69.968553742046, 41.70226376515666], [-69.96843173024733, 41.702670160709026], [-69.96861527155707, 41.703127944186996], [-69.96837191544739, 41.70372462513581], [-69.96873816828781, 41.70406386294527], [-69.96879929246826, 41.70445921535952], [-69.96818925888826, 41.70568975178517], [-69.96846516482223, 41.70718266101362], [-69.96803760092094, 41.70777123437745], [-69.96819035193622, 41.70816669474416], [-69.96791530272704, 41.708204640547685], [-69.96687800858594, 41.70930334886782], [-69.9665739214828, 41.710269537645146], [-69.96608513752855, 41.71054379388104], [-69.96538332812699, 41.71047748970853], [-69.96461972266027, 41.7099978073512], [-69.9642836318731, 41.70955934597628], [-69.96150490892632, 41.70873613493], [-69.96049802434739, 41.70864541485494], [-69.96013159676733, 41.708828436819815], [-69.95997848731108, 41.709307006052875], [-69.95952160609087, 41.70958110324392], [-69.9594300622554, 41.709951319666956], [-69.95750618848668, 41.709607274474536], [-69.9560100323823, 41.70901629705871], [-69.95436080150743, 41.70804782532588], [-69.95280427975044, 41.707889913215396], [-69.94938535049562, 41.70674758863604], [-69.94868276539968, 41.70626694000333], [-69.94767536537738, 41.70590594855647], [-69.94596592151419, 41.70459602912252], [-69.94535509647892, 41.703664110465006], [-69.94578219827895, 41.702885945475856], [-69.94785766349281, 41.7015539522668], [-69.9491393734195, 41.700093480040074], [-69.950695110091, 41.69649578631988], [-69.95130463230423, 41.69382453306043], [-69.95096871702329, 41.692332447079046], [-69.95093713030606, 41.68830621856613], [-69.95023410842178, 41.68535819978798], [-69.949899238234, 41.68463098626612], [-69.94889190504291, 41.684513136949676], [-69.94858675653106, 41.68426358987393], [-69.94828128037435, 41.68296045156133], [-69.9473344708206, 41.68103171809967], [-69.94562517424019, 41.67852355606844], [-69.94525900203733, 41.67726572966262], [-69.94522875250348, 41.6759781619422], [-69.94614390447768, 41.67449301980993], [-69.94620458471204, 41.67398844230234], [-69.9473942669594, 41.671087625512136], [-69.9489495847454, 41.66913787290211], [-69.95001738799951, 41.66735480421701], [-69.95087133871029, 41.666465374633724], [-69.9518782311098, 41.66579920617491], [-69.95331133330893, 41.66529191079696], [-69.95447066074684, 41.66465199374483], [-69.95514165208617, 41.66474553145739], [-69.9552944341417, 41.66502338457942], [-69.95602732860937, 41.665413234120294], [-69.95620938132316, 41.665069575794384], [-69.95581323372404, 41.664721445439206], [-69.95605693526042, 41.66440451370878], [-69.95666673109635, 41.66421918249955], [-69.95797821829036, 41.66346085327576], [-69.95797825255953, 41.66316368900326], [-69.95776494069726, 41.66303022431204], [-69.95657541479031, 41.663400177278476], [-69.95501878885217, 41.663260289220695], [-69.95453165509862, 41.66307525937219], [-69.95440884446162, 41.6627066367988], [-69.9539207108499, 41.66248557066415], [-69.95389077695825, 41.66223358655541], [-69.95443838768279, 41.660769837871726], [-69.9566345314513, 41.658680110953114], [-69.95757929924699, 41.657330360277754], [-69.95782419794826, 41.65669770390544], [-69.95873876886692, 41.65596043702531], [-69.95904395264506, 41.655363489614786], [-69.96187886355237, 41.65309715486955], [-69.96282471703199, 41.65299006561771], [-69.96380102227054, 41.653630230607654], [-69.96404528438944, 41.65358343984673], [-69.9641364793147, 41.65334829079962], [-69.96453344656999, 41.65348928906545], [-69.96477735092948, 41.65397322292565], [-69.96544842708911, 41.65424680187813], [-69.96584486625328, 41.654081619074816], [-69.96581461726927, 41.653856649347745], [-69.96505126729991, 41.653097246594506], [-69.96560007953236, 41.65316487393518], [-69.96614998546617, 41.653421617890174], [-69.96630241379678, 41.65369945120789], [-69.96633289868677, 41.65444671263216], [-69.96709626210425, 41.6549719771696], [-69.96904778382078, 41.654721363314856], [-69.97023764460081, 41.654170625330394], [-69.97231078167403, 41.65390076792575], [-69.97545287442838, 41.65369417331275], [-69.97716145347435, 41.653968079518386], [-69.97752764136513, 41.654126629722846], [-69.97884011079753, 41.655358736636984], [-69.98002966892903, 41.65590705997086], [-69.9806106293886, 41.65686597124281], [-69.98064058139043, 41.65727947347726], [-69.97963440697461, 41.65836012813107], [-69.97902510335126, 41.658356483413996], [-69.97887249887827, 41.6579886161659], [-69.97826175578741, 41.657462097908144], [-69.97701057109269, 41.656806559939284], [-69.97554578483125, 41.65568382649636], [-69.97356236968987, 41.65481807118281], [-69.96929239161767, 41.65547544557203], [-69.96849938632919, 41.65584241483886], [-69.96846933052124, 41.65639243903252], [-69.96907962957245, 41.65685540750926], [-69.96965939810353, 41.65796744524774], [-69.96993448733245, 41.65815406008957], [-69.97033162210761, 41.659529283355106], [-69.9708501455796, 41.66019136783916], [-69.97100295534878, 41.660784373339105], [-69.97085156712498, 41.66156014206168], [-69.97060764180976, 41.661607515118966], [-69.96999733402615, 41.66131508711478], [-69.96969111043417, 41.65948070697856], [-69.9688980867933, 41.659297813318716], [-69.96868411103401, 41.65955213690513], [-69.96901972215085, 41.65982849288555], [-69.96935577053273, 41.660510077403025], [-69.96960079221071, 41.661498856208276], [-69.96944824143992, 41.66197744364333], [-69.96749697396726, 41.66399360843942], [-69.96664276865731, 41.66445091703117], [-69.96523928577163, 41.66405771774888], [-69.96450749025374, 41.66366738012967], [-69.96383487771197, 41.662844472347544], [-69.96230954459698, 41.66213666714556], [-69.96188282587569, 41.66154557300855], [-69.96108945266775, 41.6614082079699], [-69.96072315556977, 41.66151919018625], [-69.96069292437014, 41.66227632555644], [-69.95993078489806, 41.66280518158173], [-69.95974873612163, 41.66442755394997], [-69.96078663067618, 41.66591391992368], [-69.96078644758481, 41.66637373456179], [-69.95886451034677, 41.6662993074762], [-69.95877280232087, 41.6665074308511], [-69.95883382902252, 41.66666922196698], [-69.96026744775932, 41.66691826537468], [-69.96139671227213, 41.666917788073654], [-69.9612752360174, 41.66763035266771], [-69.96036013012193, 41.66907002343771], [-69.9603603366057, 41.669872032866145], [-69.96109265190992, 41.67035189058837], [-69.9612758204407, 41.67064759338006], [-69.96121493645951, 41.67090059776943], [-69.95956771096141, 41.6711484518404], [-69.95898836204393, 41.671360664003366], [-69.95834720027221, 41.67187933082527], [-69.95676096007209, 41.67183812303606], [-69.95590711575188, 41.6720707962556], [-69.95480778147333, 41.67213353622889], [-69.95346607169316, 41.672937571464935], [-69.95319228426713, 41.673534369741986], [-69.9532838087776, 41.67389356299119], [-69.95377163558041, 41.674565439247495], [-69.95422945423084, 41.67478665561792], [-69.95456574473639, 41.675315203098855], [-69.9545656804629, 41.67595455701223], [-69.95432162146733, 41.6766412490401], [-69.95453486788405, 41.67691879870449], [-69.95563372008424, 41.67714365072764], [-69.95670164333008, 41.67650415595554], [-69.95688386205683, 41.67589034870311], [-69.9556328904693, 41.67501789785913], [-69.95566379400952, 41.6748106397102], [-69.95633505678532, 41.67439989293417], [-69.9585922605641, 41.673966744160204], [-69.95944698572292, 41.67346447568571], [-69.95972079732428, 41.672957713354194], [-69.96002631040885, 41.67280201128177], [-69.96008664289283, 41.67243193515201], [-69.96152028604037, 41.672248722026836], [-69.9625886317887, 41.6714296427306], [-69.9626793778696, 41.67046508486335], [-69.96219078086605, 41.67007239167477], [-69.96176415031242, 41.66995912601296], [-69.96148971569636, 41.66961941591891], [-69.96170262759333, 41.66936509067003], [-69.96325868321158, 41.66867641905811], [-69.96234281497976, 41.66819803367161], [-69.96249500072503, 41.66797158947319], [-69.96578938583627, 41.66648466423197], [-69.9662775929941, 41.66604831620692], [-69.96713202530775, 41.66636544089398], [-69.9678337018522, 41.66632311656476], [-69.96850483719682, 41.666020358133636], [-69.96966372773322, 41.666568938212855], [-69.97231873029865, 41.66733009165475], [-69.97375267167173, 41.66755251645981], [-69.97549199680118, 41.66696125377477], [-69.977046290226, 41.66547093165997], [-69.9778092243062, 41.66444670060161], [-69.97921159075901, 41.66416435733502], [-69.97994396771053, 41.66432892027644], [-69.98159203109812, 41.66531502630333], [-69.9837888554044, 41.666061914001816], [-69.98497986744727, 41.66730358207602], [-69.98620113203764, 41.667824119007435], [-69.98900878437514, 41.6697907579843], [-69.9888875021713, 41.67020618778076], [-69.98751575652167, 41.67104680184904], [-69.98626449055045, 41.671489409091755], [-69.98470986815938, 41.67324999994078], [-69.9841309142804, 41.67354338900613], [-69.98275875655843, 41.67487020892644], [-69.98040991022535, 41.67619635233058], [-69.97934255840003, 41.677043187866936], [-69.97861010923229, 41.67704915330659], [-69.97845724974295, 41.67675332236003], [-69.97854878576675, 41.675950854721094], [-69.97818237033027, 41.67544955551824], [-69.97723567304574, 41.67516955224832], [-69.97659483891236, 41.675175042341856], [-69.97583245914728, 41.67590211093409], [-69.97586307402008, 41.6762711615256], [-69.97561985345305, 41.67657013144893], [-69.97555880308461, 41.67695821492776], [-69.97604759668668, 41.677647452218636], [-69.97601700734317, 41.67814344062995], [-69.97427703008161, 41.677302355189404], [-69.9736063088083, 41.67719092621813], [-69.97211113936737, 41.67727553734973], [-69.97082964183357, 41.67782675701696], [-69.96744282623003, 41.67817064610837], [-69.96530738341527, 41.67865683011104], [-69.96457501397452, 41.678627249437696], [-69.96387303437021, 41.67902018277839], [-69.96359922901213, 41.68022990622736], [-69.96381297540495, 41.68119182290121], [-69.96424057569249, 41.68167429697276], [-69.96524765263841, 41.68222424600927], [-69.9661020600372, 41.68172192253518], [-69.9705268457239, 41.681603646537106], [-69.9720215633832, 41.681762182774186], [-69.97257146476771, 41.68155907600763], [-69.97363856515918, 41.680478169513954], [-69.97409666739384, 41.68045617432651], [-69.97589686814442, 41.681026231075364], [-69.97797174760854, 41.68063978101992], [-69.97858174366976, 41.67997650863778], [-69.97906979871102, 41.6797207653675], [-69.97916124429855, 41.679521627747754], [-69.97879411032184, 41.67912838068267], [-69.9787332857549, 41.67881351968637], [-69.97906950389586, 41.67848652047007], [-69.98062424472468, 41.67761749444016], [-69.98123401738319, 41.6770718326834], [-69.98211897975177, 41.676839384950654], [-69.9819967341182, 41.67647080226809], [-69.98275879004169, 41.67583373833744], [-69.98440575888846, 41.674964203768596], [-69.9867842109795, 41.672746321878705], [-69.98852263209604, 41.67208280823524], [-69.98910190338525, 41.67166333242279], [-69.98946857243578, 41.671759377084534], [-69.98998681336364, 41.67134921696637], [-69.99001655306148, 41.67097984679234], [-69.99041342879497, 41.67033675955684], [-69.99065596088074, 41.66869545276131], [-69.99038095322578, 41.66837381659967], [-69.98836684797296, 41.66773360633061], [-69.98754241150428, 41.6673174245674], [-69.98616885547712, 41.66596923495494], [-69.98323847516328, 41.664282853095955], [-69.98226232776202, 41.664048084495995], [-69.98134652798399, 41.66313705371815], [-69.98052267965613, 41.66274784235632], [-69.97963722196047, 41.66199872890275], [-69.979392962883, 41.661586863741654], [-69.97975928935769, 41.661331180200364], [-69.97978951140536, 41.66094380847271], [-69.97945324135958, 41.6602352384882], [-69.97951382412151, 41.65986515701163], [-69.98027552973595, 41.65915663040894], [-69.9826541997729, 41.65762265633966], [-69.98353833826182, 41.657255116007526], [-69.98411856368793, 41.65764612445601], [-69.9848818848381, 41.65851345435287], [-69.98604095132787, 41.659133909423254], [-69.98784189909706, 41.66046077128317], [-69.98863677631618, 41.661552492135215], [-69.98933853251204, 41.66205990082073], [-69.99068140864698, 41.66343522292046], [-69.99635941352489, 41.66717824692739], [-69.9984347774809, 41.6680251110105], [-70.00188773875749, 41.67012938939414], [-70.00231504902898, 41.670152463489266], [-70.00256027417237, 41.66974540594724], [-70.00283442564007, 41.66976983857586], [-70.00701285695695, 41.67157958904044], [-70.01033749029924, 41.6721719123416], [-70.0115273262217, 41.67215259399392], [-70.015250607548, 41.67175945125547], [-70.01662377296914, 41.670486291575905], [-70.01714255357273, 41.67048179963138], [-70.01735630357751, 41.669777140047195], [-70.01934010793731, 41.669957752055545], [-70.02272630391717, 41.66981943136133], [-70.02458836469752, 41.66938885352248], [-70.02507532947133, 41.669087315060466], [-70.0271513641662, 41.668636395163134], [-70.02934825782026, 41.667742948375604], [-70.03218498769856, 41.66760005626873], [-70.03673109820356, 41.66818091212772], [-70.03697439722943, 41.668061350782736], [-70.03753966917877, 41.667155191305845], [-70.04115485563496, 41.66728491120641], [-70.04329052245936, 41.667058459020396], [-70.04664651424856, 41.66591106424791], [-70.04899561890856, 41.66561969667687], [-70.04933153101838, 41.66543600579846], [-70.05201635629383, 41.6649344303865], [-70.05552394052795, 41.66483889306249], [-70.05601220983098, 41.664654303568916], [-70.06067966090868, 41.6647286597494], [-70.06067981048723, 41.665088853736165], [-70.06025263553236, 41.66577737986945], [-70.05817844692147, 41.66742656238308], [-70.05808643332894, 41.668112012481544], [-70.05778122167317, 41.668682199436574], [-70.05778152770446, 41.66905140040564], [-70.05973379233068, 41.669069383258446], [-70.05982571264977, 41.66753747933189], [-70.06019208727464, 41.6668498733883], [-70.06052736579952, 41.66669315616487], [-70.06156484926039, 41.66488224642434], [-70.06254103895711, 41.664359927954955], [-70.06455416889744, 41.663900219329584], [-70.06516431172203, 41.664470717773256], [-70.06556085393571, 41.665178656254824], [-70.0643710177941, 41.6656397728743], [-70.0640967117979, 41.66593965933379], [-70.06406643424323, 41.666552728835164], [-70.0648285057211, 41.66731087058546], [-70.06540904511759, 41.6675129227861], [-70.06598841345341, 41.6675162889767], [-70.06684258290584, 41.66701321870628], [-70.0668727648703, 41.66643672956221], [-70.0667209474758, 41.66607743893017], [-70.066232481387, 41.665568702641245], [-70.06556107560864, 41.66433220844421], [-70.0652867001004, 41.66351493947408], [-70.0651339989292, 41.661957997669326], [-70.06562207666444, 41.661980475390166], [-70.06751314434054, 41.66271062246445], [-70.07025910520137, 41.66342391014249], [-70.07233383455133, 41.66376457641459], [-70.07468245680829, 41.66367077989622], [-70.07608558471539, 41.663855505920296], [-70.07931954406673, 41.663689962729826], [-70.08850193373713, 41.662819956044025], [-70.0884104948966, 41.66346040991768], [-70.08767874737133, 41.664241493083274], [-70.08767839157865, 41.66481835576593], [-70.08780163163614, 41.66532133825598], [-70.08807595683345, 41.6656612966216], [-70.08822849219115, 41.666758393173176], [-70.08929689588676, 41.6675590020998], [-70.09045550707819, 41.66673704964314], [-70.09039508102315, 41.6664138182039], [-70.08999788721215, 41.666165204039075], [-70.08999730929506, 41.66586804010777], [-70.09143092261873, 41.665268977719066], [-70.09204128891027, 41.665227008798766], [-70.09298595438133, 41.6636870684203], [-70.09246769332653, 41.66361987394037], [-70.09201049091199, 41.664290696647335], [-70.09002791101041, 41.66524596608038], [-70.08831906953857, 41.66469517764289], [-70.08831874265483, 41.66435299294806], [-70.0889288372764, 41.66376174753007], [-70.08914206133352, 41.66328207562351], [-70.08950772604132, 41.661522242406484], [-70.09469336066982, 41.661724882853896], [-70.10210524345543, 41.660303428405726], [-70.10332497540169, 41.659985238862156], [-70.10353908313184, 41.659803271095], [-70.10463662322768, 41.659684485208054], [-70.10579650304737, 41.659322199877465], [-70.10732040935092, 41.65918103727612], [-70.1086628967399, 41.65856488730722], [-70.10872311059015, 41.65778052500935], [-70.1101871661818, 41.6579914646504], [-70.11467037627196, 41.6572818888461], [-70.11467114624479, 41.65771412424457], [-70.11433625701702, 41.65853678928005], [-70.11302497698571, 41.65892770554787], [-70.11253658506041, 41.65926617860459], [-70.11217234102075, 41.660143070642505], [-70.11217243267568, 41.66112458544673], [-70.11095427776878, 41.662857191845], [-70.11095468364427, 41.663460512676004], [-70.11113737694102, 41.6635668607238], [-70.11153345588417, 41.663247526914425], [-70.11168577442497, 41.66267871256539], [-70.11284428829009, 41.66151491921222], [-70.11323902386656, 41.659889317456894], [-70.11461099500865, 41.658966734416886], [-70.1150380062352, 41.65839507112504], [-70.11531137366957, 41.65776187954411], [-70.11540247698547, 41.656500078509], [-70.11573680724642, 41.655424709217236], [-70.11884861580423, 41.65553852142461], [-70.12049526862238, 41.655441446736894], [-70.12275173217162, 41.65485197446348], [-70.12445997741992, 41.654646406673095], [-70.12568564962359, 41.654373075283644], [-70.12797390857996, 41.653504176603], [-70.13291577692053, 41.65242854041018], [-70.13572331032474, 41.6514278452105], [-70.13816318526182, 41.65082732662132], [-70.14087837715971, 41.65042195909495], [-70.141914992295, 41.65051088367374], [-70.14310444503805, 41.65032810601601], [-70.14822899812822, 41.65025913446606], [-70.15304731935275, 41.651066509199346], [-70.15441939704965, 41.65145757125941], [-70.15612760984901, 41.65140460859089], [-70.15704264725191, 41.65172832974107], [-70.15701164416757, 41.65193619584934], [-70.15652335870587, 41.65230130676399], [-70.1563095382059, 41.652853128546184], [-70.1558518244198, 41.65328050482634], [-70.15530257680679, 41.65440296828397], [-70.15533251625166, 41.65483498224126], [-70.15563838159778, 41.65479582637259], [-70.15634002371858, 41.653420218205746], [-70.15701135030248, 41.652593530930616], [-70.15768239677037, 41.652190617295176], [-70.15792754147496, 41.651593576812104], [-70.16289829607877, 41.651867680625216], [-70.16628377989113, 41.65184215356852], [-70.17503754350885, 41.65088813048483], [-70.18052779730081, 41.649859034461386], [-70.18309034079878, 41.64956288605108], [-70.18772545336594, 41.6494425693652], [-70.1907755298865, 41.64898810271354], [-70.19419113112191, 41.6477723637878], [-70.19531943063198, 41.647634488509844], [-70.19556357049068, 41.647749283838955], [-70.19553308164505, 41.64795660208936], [-70.19467883605246, 41.64841616270035], [-70.19403869267478, 41.64983660083455], [-70.19388679005739, 41.65095536329256], [-70.19345982275453, 41.6515987880801], [-70.19278841584223, 41.651957445871744], [-70.1888237927418, 41.65333115037096], [-70.18818276962935, 41.6531757447922], [-70.18748137490763, 41.65195822302662], [-70.18732888563959, 41.65154562858873], [-70.1874204932033, 41.651067191704676], [-70.18775643902076, 41.65074859210534], [-70.18748130269006, 41.650498916198856], [-70.18583458905984, 41.65024577831955], [-70.18546835528076, 41.65034003300142], [-70.18528531159781, 41.65063000332335], [-70.18498097055647, 41.65198392650592], [-70.18455370163426, 41.652600864484796], [-70.18348650109743, 41.65291830788136], [-70.18275388353864, 41.65333078895358], [-70.18266261354144, 41.65380922642045], [-70.18214365647806, 41.65408517009513], [-70.18098520962552, 41.65429516619347], [-70.17976515340543, 41.65419940453059], [-70.17839266278773, 41.65367301414992], [-70.17802653243395, 41.6533794857069], [-70.17695924868079, 41.6534447384795], [-70.17476339868884, 41.65251251892441], [-70.17393911687046, 41.652529923888714], [-70.17393914155505, 41.65276404402882], [-70.17491586180758, 41.65337536121837], [-70.17622676242422, 41.653794147348705], [-70.17805666702661, 41.65406362304094], [-70.17909333509513, 41.65486357153931], [-70.18031379937665, 41.655067400197254], [-70.18202207526365, 41.654960020873276], [-70.18360769292487, 41.654340185508396], [-70.18333341970937, 41.65379335794792], [-70.18430955179308, 41.65319797100751], [-70.18549952907253, 41.65313181653579], [-70.18757294583413, 41.65440740208819], [-70.18857971750451, 41.65520748043687], [-70.18897620973851, 41.655779903583756], [-70.18912895325626, 41.65632756725728], [-70.18851894458143, 41.657567669391824], [-70.18641437629262, 41.6592829545799], [-70.18626197618858, 41.66047317672366], [-70.18595702496356, 41.66110672849818], [-70.18559021974899, 41.66139007406378], [-70.18351653094281, 41.6620510018066], [-70.18293730080187, 41.66238984708666], [-70.18232613796211, 41.663513407667516], [-70.18186887655, 41.663905437102116], [-70.18171603356747, 41.664384285995276], [-70.18055688195837, 41.66572885102073], [-70.17985572653666, 41.66575448250573], [-70.17720137861839, 41.66532237636871], [-70.1770488827988, 41.665873260291], [-70.1766823667038, 41.66593990797098], [-70.17649934445423, 41.66566257527012], [-70.17613376076332, 41.66568420900056], [-70.17473045834403, 41.666833400876044], [-70.17463833963278, 41.667149739935866], [-70.17604161400547, 41.66719872400926], [-70.17695670961791, 41.666991010148365], [-70.17775041764892, 41.66708184376207], [-70.178177062927, 41.66742897743819], [-70.17826835466249, 41.66786000799525], [-70.17768946294063, 41.668541569054355], [-70.17619424402449, 41.66898059821493], [-70.17332579083167, 41.67023483791651], [-70.17015284653587, 41.67282488357708], [-70.1685354703862, 41.672688341392956], [-70.16810921310038, 41.67190895429861], [-70.16652266768821, 41.67083513810588], [-70.16618727815172, 41.67021720335832], [-70.16621788393338, 41.66941558820756], [-70.16640070214501, 41.6692331370121], [-70.16753056546916, 41.66900550449876], [-70.16893367371512, 41.668018480232035], [-70.16914724188219, 41.66767430150253], [-70.16908623968217, 41.66728751482633], [-70.16884149557045, 41.66705615870022], [-70.16832350622823, 41.66716940664604], [-70.16719405164037, 41.668063393243244], [-70.1655161795261, 41.66815233889634], [-70.16444787136048, 41.668541631724096], [-70.16304533409168, 41.66838445802408], [-70.16133721918713, 41.66850112619944], [-70.16035992342108, 41.668790149971024], [-70.15944451207191, 41.66938492669899], [-70.15886463641668, 41.67021045698492], [-70.15874171349003, 41.671490479447804], [-70.15919934070494, 41.67261188600029], [-70.15999207387621, 41.673414197306464], [-70.16069460173638, 41.67359637260142], [-70.16130406745131, 41.673508997905344], [-70.16197589872766, 41.672754885548564], [-70.16255572483453, 41.67236156111861], [-70.16575987325463, 41.671653493072746], [-70.16618630118028, 41.671703517078235], [-70.16633870006955, 41.672206185931856], [-70.16551508078904, 41.67291689645673], [-70.16252422708965, 41.6742622925048], [-70.16185255995897, 41.675043986793895], [-70.16176164672808, 41.67572952016905], [-70.16197448991828, 41.67597908824331], [-70.16240206366345, 41.676119185863655], [-70.1635311371857, 41.67568447585572], [-70.16407996660008, 41.67593123315203], [-70.16441578362388, 41.675864264847995], [-70.16459920530042, 41.67504305796152], [-70.16517902008957, 41.67508194182796], [-70.16548363990992, 41.67544851455053], [-70.16548380463793, 41.67624992775338], [-70.16432391369516, 41.677261716709076], [-70.16148563213018, 41.678587493247484], [-70.16105799420723, 41.67895165076725], [-70.16087454665684, 41.679359202150806], [-70.16087500272829, 41.68041274899965], [-70.16105703198276, 41.68098724809729], [-70.16142341867935, 41.68139789327795], [-70.16136199948697, 41.68169601168304], [-70.1600504546911, 41.681123973682844], [-70.16014231828656, 41.68055551280214], [-70.15971525701777, 41.68064052877461], [-70.15928773588668, 41.68128438761832], [-70.15886046498669, 41.68139697466454], [-70.15886062509853, 41.68160408306787], [-70.159501288025, 41.681858698017045], [-70.15962229187001, 41.68242516419187], [-70.15989708549085, 41.682746377250716], [-70.1598968253504, 41.68336769359833], [-70.15870625566167, 41.684757823650784], [-70.15870636936216, 41.685217623951935], [-70.15974336215208, 41.685602973458806], [-70.16014036288104, 41.686040434235316], [-70.15998722482846, 41.68709611181862], [-70.16023073456786, 41.68860669178873], [-70.16172585390069, 41.68922196867504], [-70.16236644513789, 41.68910737599596], [-70.16352656420588, 41.68840176416024], [-70.16401505478304, 41.68839737065421], [-70.16499166845954, 41.68883767845293], [-70.16621159545369, 41.689906088243966], [-70.16715802266084, 41.68997739667862], [-70.16895723808032, 41.69230982936683], [-70.1694640623684, 41.692490221119776], [-70.169629383186, 41.69208694656783], [-70.16923226844276, 41.69123530665465], [-70.16792064468456, 41.689339120524814], [-70.16483910672308, 41.687280903021716], [-70.16389273020192, 41.68704749219994], [-70.16233673761943, 41.687459180520406], [-70.16209286873615, 41.68734488098458], [-70.16218414339916, 41.68698351807253], [-70.16309975243688, 41.68682094104964], [-70.16310051982964, 41.68656882061584], [-70.16224561771963, 41.68601905765789], [-70.16148302061723, 41.686207065015026], [-70.16023248963059, 41.68485065700879], [-70.16023233570273, 41.68455350246143], [-70.16053723932176, 41.68428020014646], [-70.162215976429, 41.68359646501428], [-70.16285710060853, 41.68309467765892], [-70.16304019871444, 41.682111385871295], [-70.16294903518029, 41.681193531231244], [-70.16453662134101, 41.68039388287127], [-70.16529876665486, 41.680187841406635], [-70.16673349110857, 41.680092106515296], [-70.16722136765435, 41.6802582177387], [-70.1674655824876, 41.68053515645488], [-70.16789302123743, 41.680557608548426], [-70.16795383150271, 41.67996289030312], [-70.1681366752398, 41.67970839942317], [-70.16859431628784, 41.679686179439855], [-70.16865551405826, 41.68002794541553], [-70.16905198494894, 41.680275708941025], [-70.16941877734611, 41.68016406496937], [-70.16954073612595, 41.67803702568534], [-70.16999928011032, 41.6771948281557], [-70.17015183829463, 41.6760496490064], [-70.17112879412144, 41.67503960466417], [-70.17186130459922, 41.67367214203564], [-70.17393604531529, 41.67099383845419], [-70.17482022211357, 41.67075989239306], [-70.17558415685883, 41.67104005324541], [-70.17662109326264, 41.67200210725356], [-70.17738353036006, 41.67222877350584], [-70.17890908386066, 41.67206866004284], [-70.17967217807985, 41.67170045221344], [-70.18070944083512, 41.6702852583903], [-70.18156365388512, 41.66786223328478], [-70.18235660802688, 41.667061570970226], [-70.18360779992953, 41.66454464206608], [-70.18446174664761, 41.66331132575102], [-70.18488916698016, 41.662982536006844], [-70.18699381526119, 41.66225834557199], [-70.18763454780482, 41.66177386504246], [-70.18870263437908, 41.6603578321489], [-70.18955577831426, 41.65884476517349], [-70.18998329696693, 41.65845348875484], [-70.19297262527624, 41.656585102690094], [-70.19465021900902, 41.65573880563876], [-70.19647983172428, 41.65422451181333], [-70.19684531950494, 41.653743579232994], [-70.19733318225057, 41.65211709009673], [-70.19852248554793, 41.64955596338667], [-70.19852219704747, 41.64855589002906], [-70.19818670203612, 41.64811814192042], [-70.19794224483061, 41.64617542073229], [-70.19760613921753, 41.64560259514731], [-70.19772834407186, 41.64413287293437], [-70.20510781642847, 41.643128162671495], [-70.20821836965911, 41.64223945196489], [-70.21620601775116, 41.63848047891666], [-70.21858432872232, 41.637518498130156], [-70.22041336425382, 41.63708493196493], [-70.22102382693745, 41.63713232140125], [-70.2210235891545, 41.63751951371903], [-70.22020120221268, 41.638915529771005], [-70.22020178486216, 41.639167663335975], [-70.21968364265427, 41.639623312272846], [-70.21983614908503, 41.640081446962455], [-70.21943964114608, 41.64040058237875], [-70.21986671027486, 41.64074756397017], [-70.21983676657534, 41.64106294838826], [-70.21941013901728, 41.64127481576455], [-70.21956243118528, 41.64191247633463], [-70.21931823465032, 41.6422305126928], [-70.21934971573246, 41.6424193997745], [-70.21974553623595, 41.64260394804979], [-70.220112789029, 41.644797873196545], [-70.22051003951584, 41.64511806552411], [-70.22093581631879, 41.64431188493203], [-70.22060106022313, 41.64401828529955], [-70.22035617137882, 41.643264213622], [-70.22032509702942, 41.64221089602062], [-70.22050777346182, 41.6419112999148], [-70.22056760643932, 41.64008236419929], [-70.22099438410956, 41.639168140596084], [-70.22303767028241, 41.638939543830475], [-70.22456237784942, 41.639490739399896], [-70.22495888095152, 41.63939613684192], [-70.22535520843374, 41.639122003172666], [-70.22596358845801, 41.637881132355204], [-70.22657379749795, 41.63745181192824], [-70.22712282130244, 41.637382547099726], [-70.2268485487961, 41.63817806492879], [-70.22681885757261, 41.63914234223579], [-70.22779489402005, 41.64010437068366], [-70.22870966572958, 41.64014893248385], [-70.22931961375662, 41.640016180798774], [-70.23114836980021, 41.63891554168246], [-70.2314833843, 41.63794848036821], [-70.23145193033449, 41.63669706416429], [-70.23105528397961, 41.63623284451672], [-70.23007908733177, 41.636054235421106], [-70.22943923543639, 41.63625925550734], [-70.22690880146375, 41.63639415524376], [-70.226298490162, 41.636508880545435], [-70.22565837846358, 41.63685794906865], [-70.22498782175497, 41.63756741656241], [-70.22456187384851, 41.638913881104344], [-70.22425721914405, 41.638917216464215], [-70.22285415843568, 41.638455177346714], [-70.22166419068868, 41.638386651269734], [-70.22200028684387, 41.63741006116525], [-70.22151116561942, 41.636883987361024], [-70.22108392889544, 41.635870674299696], [-70.22806597913659, 41.63454429640585], [-70.22901118831419, 41.6341288409994], [-70.22901106012185, 41.633606577276964], [-70.22931558467309, 41.63349517374922], [-70.23413185323591, 41.63255165399631], [-70.2349859792349, 41.63228145876668], [-70.23574756874876, 41.63177779919565], [-70.23605263394535, 41.63131520792384], [-70.24233185489159, 41.629869278428615], [-70.245867517716, 41.62847099680488], [-70.2471473907603, 41.62780864708251], [-70.25086850879497, 41.6253902467596], [-70.25303851854746, 41.62369140164422], [-70.25471592460674, 41.62199781344896], [-70.25511249117015, 41.6217956171133], [-70.25621093166514, 41.62069333776477], [-70.2570352885497, 41.61943272399637], [-70.25703596346688, 41.618567738634965], [-70.25657832756362, 41.618266710812016], [-70.25548162114045, 41.61799020099261], [-70.2554209848061, 41.61754100130908], [-70.25658152196658, 41.61570891081623], [-70.25709982887443, 41.61421702273887], [-70.25899215955114, 41.61147614144579], [-70.26039530614095, 41.61028992050475], [-70.26603491734907, 41.609309028927186], [-70.26758867494611, 41.61090392140678], [-70.26758683149833, 41.61296648609985], [-70.26798304075055, 41.613790750698236], [-70.2680429993146, 41.61496141791308], [-70.26853063111885, 41.61559532654538], [-70.2687432122513, 41.61625945757642], [-70.26920028269139, 41.616767532413355], [-70.26935265552595, 41.61742369405308], [-70.26968720757216, 41.617771173771345], [-70.26956516121497, 41.61873614366429], [-70.26916809473094, 41.61953324145565], [-70.26883222245806, 41.6213203659469], [-70.26980586714352, 41.62396640055751], [-70.26922269135294, 41.62509858902706], [-70.26913086543034, 41.62573916253771], [-70.26845986454313, 41.62615229060371], [-70.26809357280992, 41.626633436973954], [-70.26705671237535, 41.62686137665365], [-70.26702655221948, 41.62640238466672], [-70.26678288054009, 41.626377793012395], [-70.26641632971835, 41.626579792921966], [-70.26617316774629, 41.627014995978996], [-70.26538011102235, 41.627474054811415], [-70.26437322928732, 41.62756610328857], [-70.2609897209879, 41.627270396402395], [-70.25952549424322, 41.627448586503974], [-70.25931254539412, 41.627270675247026], [-70.2593123323883, 41.6269915341889], [-70.26022707039154, 41.626990258717626], [-70.26065468800608, 41.6267152202058], [-70.26083836139384, 41.625596728477795], [-70.26459244711478, 41.624195187401845], [-70.26581179294344, 41.62436207189251], [-70.26669536856438, 41.62424391117678], [-70.26748924826114, 41.62362277229783], [-70.26755031287661, 41.62321710802719], [-70.2674285408247, 41.62293890040981], [-70.26709307434457, 41.6227354756978], [-70.26642246853037, 41.6227788500051], [-70.26544680396316, 41.6231228082198], [-70.2651417409963, 41.623054212119214], [-70.26416675580116, 41.62211953241308], [-70.2602343748356, 41.62140587624251], [-70.2598084738957, 41.62076191235562], [-70.2594727931471, 41.62078413708543], [-70.25944211802684, 41.62136065147749], [-70.26014207990457, 41.62229856356983], [-70.25995749468174, 41.624489702257826], [-70.25836856438406, 41.62529964359329], [-70.25791091773802, 41.62569196637467], [-70.25705663902254, 41.62692580936031], [-70.25702634838173, 41.627133706722915], [-70.25778856160932, 41.626972079052116], [-70.25690197602982, 41.62981005363784], [-70.25494861072028, 41.6317229518567], [-70.25415528751127, 41.63222695339422], [-70.25314887658034, 41.63259804763746], [-70.25281377272903, 41.63252965210387], [-70.25223482811813, 41.63204043368696], [-70.25208316654111, 41.63168196621004], [-70.25211312129086, 41.631357570738444], [-70.25287594517962, 41.6307637667366], [-70.2529987134028, 41.629852846602525], [-70.25217630520896, 41.62948308003712], [-70.2517494244938, 41.629505969716654], [-70.2512914296481, 41.630258442301866], [-70.25046772480674, 41.63062757994915], [-70.24751532183582, 41.63001148629969], [-70.24687516438053, 41.63002750547711], [-70.24141921046733, 41.631725923920534], [-70.24145051276702, 41.63316642812958], [-70.24099472225322, 41.63433309241401], [-70.24050645292135, 41.634176295907494], [-70.24004864064712, 41.63424438466834], [-70.23992691440588, 41.63442593956804], [-70.24017137195426, 41.634792768448406], [-70.24072029292181, 41.634993572354624], [-70.24078312913878, 41.63696569188193], [-70.24130280630004, 41.6383108662733], [-70.24337777956003, 41.64053147978166], [-70.24414081801035, 41.640739135031595], [-70.2457264731169, 41.640622696440715], [-70.24721918081512, 41.63954398201545], [-70.24764614755068, 41.639386042145375], [-70.2482864267195, 41.639541104284824], [-70.249451772026, 41.64041104277149], [-70.25207238890583, 41.643138930954684], [-70.25374795705598, 41.644417373366885], [-70.25408314426106, 41.645062616035375], [-70.25444855234943, 41.645292856945865], [-70.25551642121293, 41.64512783648318], [-70.25701026368586, 41.64557076344579], [-70.25737621171099, 41.64590905443367], [-70.2570087532472, 41.64757930832363], [-70.2570690992751, 41.64847028570848], [-70.2569159792663, 41.64885918117093], [-70.25594036569876, 41.64942817520932], [-70.25542070083463, 41.650433804468015], [-70.2535898591673, 41.6508954917139], [-70.25322384032049, 41.651349582427294], [-70.2532229628192, 41.65224157945612], [-70.2524294046458, 41.65262851095285], [-70.25242934087628, 41.652862626854926], [-70.25349715959865, 41.65284169510009], [-70.25502210790175, 41.652176873377535], [-70.25590651079438, 41.65250002065855], [-70.25621094321778, 41.6528393303548], [-70.25645532344998, 41.6528904020119], [-70.25676138334634, 41.651833471105306], [-70.25700528239912, 41.651677433370644], [-70.25743204993326, 41.65174512867607], [-70.25785908699743, 41.65212741920751], [-70.25749203127924, 41.65263610171391], [-70.25874174805013, 41.654126483158066], [-70.25919855710023, 41.65510282585095], [-70.25959477442329, 41.65556693904946], [-70.26005197364269, 41.65576946043369], [-70.26023550649546, 41.65551483387499], [-70.25987000363993, 41.65501447721992], [-70.25975068320342, 41.65098986474034], [-70.25901952820377, 41.65023226557555], [-70.25782990020942, 41.650461835032644], [-70.25639678656849, 41.650324048254895], [-70.25642720425469, 41.649936625535304], [-70.25694583067872, 41.64954328504179], [-70.25749526075752, 41.6493213639002], [-70.25862407770127, 41.64922788979254], [-70.25847215943884, 41.648743366246215], [-70.25850334687442, 41.64758100382811], [-70.25780240832863, 41.64666108277116], [-70.25780327554017, 41.64634593555505], [-70.25819953271272, 41.64581899961909], [-70.25990800103985, 41.64544876418922], [-70.26054808986679, 41.645153530578575], [-70.26234838176907, 41.64486361159981], [-70.26359904311428, 41.64438140918418], [-70.26573354598197, 41.64428585273454], [-70.26695381623809, 41.644677842385754], [-70.26805072526487, 41.64547649694598], [-70.26899574154763, 41.645709029275594], [-70.27045900218737, 41.64644071551867], [-70.27088595944961, 41.64639974635388], [-70.27289902343612, 41.646809805364356], [-70.27369121147515, 41.64752126157884], [-70.2737211827993, 41.6477191199739], [-70.2744838772476, 41.64795414201847], [-70.27448373019631, 41.648314318484395], [-70.27402622844477, 41.64928299328897], [-70.27417753646401, 41.65023628244628], [-70.2751530424941, 41.65170270091973], [-70.27576314658799, 41.651542688315956], [-70.2761596752459, 41.65113275182831], [-70.27707470382799, 41.6509968362826], [-70.27734960524799, 41.65023666539758], [-70.27756307492594, 41.65009939145625], [-70.2791796726982, 41.650198361042136], [-70.27930172414702, 41.6500347774056], [-70.27924136934305, 41.64845947735982], [-70.27905826828174, 41.648362402098584], [-70.2764653163767, 41.64913874160741], [-70.27606902846246, 41.64890936574055], [-70.27594818710003, 41.64779376446057], [-70.27664992364424, 41.64648891784617], [-70.27661963050075, 41.64577780330445], [-70.2764674662866, 41.645554431532844], [-70.27601054024001, 41.645279943245], [-70.27332655199906, 41.64484131743355], [-70.27326617314807, 41.644292519948664], [-70.27390722488872, 41.64349297298523], [-70.2764079805411, 41.64289804187249], [-70.277659001099, 41.642055512367655], [-70.27726190325362, 41.64187059097292], [-70.27759885537672, 41.641001908244505], [-70.2775991393052, 41.63953418643521], [-70.27656436896766, 41.63601469819336], [-70.2761683715275, 41.63546060195459], [-70.27564983373755, 41.63509709199671], [-70.27244881178974, 41.63390775285927], [-70.273182006565, 41.632053433629814], [-70.27638262729823, 41.634044144636285], [-70.27863810962394, 41.6348028231328], [-70.28132131782459, 41.635124261624085], [-70.28244968691484, 41.63494050487418], [-70.28714523313975, 41.63530191047168], [-70.28766384488463, 41.635170124311436], [-70.28821270588026, 41.63466891377472], [-70.28860908489325, 41.634574089284285], [-70.28870041380664, 41.634960564571244], [-70.2889140495572, 41.63514743136997], [-70.29062097680549, 41.635190926690505], [-70.29373197845936, 41.63457059413905], [-70.29733009473694, 41.63359346617274], [-70.29845834515548, 41.6331124043383], [-70.29934253581862, 41.632444726444525], [-70.30034904779464, 41.630893086360366], [-70.30050170347934, 41.629612131107145], [-70.30071556114255, 41.6292677175483], [-70.30925274951264, 41.62775636705751], [-70.31156979546496, 41.627207709458844], [-70.31440430936986, 41.62593223360856], [-70.31605147807042, 41.62538212480956], [-70.31644759311324, 41.62537724544387], [-70.31800212605948, 41.62604398752762], [-70.31873352395911, 41.62656709148761], [-70.31967961397322, 41.62824047908496], [-70.32117373428726, 41.629952746150835], [-70.32181408305827, 41.63080073144151], [-70.32178299832167, 41.63098162246072], [-70.32129552400625, 41.63091522682284], [-70.32010666264765, 41.63011838703506], [-70.31922205208366, 41.6298672093625], [-70.31830729359002, 41.62915705040117], [-70.31803313169758, 41.628304411119416], [-70.31778908114813, 41.62805537822358], [-70.31733211260205, 41.628105214062636], [-70.31714893153068, 41.628540020990386], [-70.31717952977702, 41.628791899471935], [-70.31778950072665, 41.62927097490815], [-70.3177890108063, 41.62954110143977], [-70.31522821686089, 41.630390118712384], [-70.31339905087286, 41.630735718613096], [-70.31221014518006, 41.63037100572345], [-70.31184322757969, 41.629609676583605], [-70.31089849995932, 41.62837745158799], [-70.31038051231228, 41.628239217228085], [-70.30980119823943, 41.6283535871442], [-70.30980113624939, 41.628578696477526], [-70.3111726557305, 41.62977037283482], [-70.31114281764451, 41.63034690499607], [-70.31056351797812, 41.63098409699882], [-70.3107158230304, 41.63199136912539], [-70.31111169135555, 41.63194148335299], [-70.31144753345608, 41.631145292046035], [-70.31178283354888, 41.63094338432597], [-70.31336797899543, 41.63142029100205], [-70.3140690503764, 41.63228583787491], [-70.31416098958783, 41.632627275528414], [-70.31394790240157, 41.632953712986605], [-70.31260625175582, 41.633662873482976], [-70.31263657871786, 41.63404981643635], [-70.3135818245963, 41.63471419158403], [-70.3137036506293, 41.63508239188384], [-70.31547219752493, 41.634188574716475], [-70.31470998054768, 41.63350361281985], [-70.31458822433684, 41.633253034226044], [-70.31483178786107, 41.63288076580195], [-70.31574673206424, 41.632446834139685], [-70.31763711327984, 41.63220031826125], [-70.31794213870336, 41.63197162726163], [-70.31818571033791, 41.631374242316106], [-70.31852140789553, 41.63119032783633], [-70.3201369408178, 41.630937537467005], [-70.32089912406632, 41.631279733022666], [-70.32105248075071, 41.6314856104433], [-70.32025924913444, 41.63164733924838], [-70.32031987065767, 41.631898965524904], [-70.32214960959968, 41.63327422259581], [-70.32227156265061, 41.63274141368306], [-70.32202797665883, 41.63238377969929], [-70.32202717861215, 41.63151034644337], [-70.32251504223379, 41.63118899178142], [-70.32266740672328, 41.630592904066276], [-70.32303344662175, 41.630552797977586], [-70.32407014382545, 41.63146846638458], [-70.32629630423745, 41.63299182578252], [-70.32803490466819, 41.63386348900349], [-70.3299250802179, 41.634571229946424], [-70.33184660271505, 41.635125624112895], [-70.33806714743965, 41.636331797331], [-70.34175725641619, 41.63655910449955], [-70.3437388148503, 41.63637386261767], [-70.34614788647536, 41.63592223276124], [-70.35163539753125, 41.63468679585979], [-70.35364781532633, 41.634113944652505], [-70.35745770678194, 41.63269078164116], [-70.35904304890941, 41.63191544792271], [-70.36035332013414, 41.63106248683118], [-70.36458802201494, 41.62717503677015], [-70.36489272387081, 41.626721110520684], [-70.36473849511144, 41.62511961520544], [-70.36492444385598, 41.62472134267605], [-70.36559280685344, 41.62511857702238], [-70.36571512797804, 41.625918930975295], [-70.3661427455554, 41.62669700571565], [-70.36611224322839, 41.62708501269312], [-70.3654723989257, 41.62742585767693], [-70.3656252601423, 41.62809032616222], [-70.36507675393217, 41.62879956925337], [-70.36303574700857, 41.63042696541987], [-70.36126785542756, 41.63122247360669], [-70.360536465616, 41.631708694761784], [-70.36001879867997, 41.63228203297226], [-70.35846362553288, 41.632732964587866], [-70.35684867260613, 41.63365262483015], [-70.35556827255517, 41.63410909379986], [-70.35495879035827, 41.634548671407174], [-70.35099591760574, 41.636126656769555], [-70.34989798298533, 41.63692313224871], [-70.34809947090189, 41.63662916655801], [-70.34715446367362, 41.636721449755555], [-70.34499002249756, 41.63725099804035], [-70.34465455657646, 41.63757005779293], [-70.34486783829443, 41.63770278797774], [-70.34538596332928, 41.63763376505675], [-70.34700217157805, 41.63720051233342], [-70.34764250827178, 41.63736401760109], [-70.34761195014475, 41.63776946613377], [-70.34727681776825, 41.638070528208615], [-70.34566058940351, 41.63850378483406], [-70.34529478408717, 41.638778642278574], [-70.34529537343622, 41.63905778303584], [-70.3460571188153, 41.63895859013851], [-70.34819195686184, 41.638159153624805], [-70.34831327119892, 41.63800449486024], [-70.3482522339242, 41.63724863726549], [-70.34935005520728, 41.637523692939666], [-70.3502650422476, 41.63749524375615], [-70.35108817595585, 41.63690027399004], [-70.35386183145047, 41.63552528093248], [-70.35630044605794, 41.63456892946944], [-70.35706238852354, 41.634496678527036], [-70.35761150207443, 41.634958604525096], [-70.35776471842637, 41.63589378043868], [-70.35797851523283, 41.63618800614929], [-70.35886288527391, 41.63652892069008], [-70.35932064211437, 41.6369201376052], [-70.35956533058821, 41.63762830643727], [-70.36090784018748, 41.638594534965684], [-70.36170082578329, 41.63890918669084], [-70.36279924349165, 41.639661909480346], [-70.36289098331625, 41.640029753158096], [-70.36273922625286, 41.64126576692227], [-70.36209928995413, 41.64181369302311], [-70.35935517396939, 41.642620786111884], [-70.3593558856416, 41.64323308750818], [-70.35834909542147, 41.64320947679864], [-70.35792260059681, 41.64337627603418], [-70.35789252303418, 41.64367424233389], [-70.35895989077225, 41.643877425944126], [-70.35963207309933, 41.6446799267064], [-70.36140007729364, 41.644785436406245], [-70.36188874806994, 41.645319895402956], [-70.36240709500674, 41.64549391342787], [-70.36292533774268, 41.64501961682569], [-70.36301642848186, 41.644559056188726], [-70.36283293981155, 41.64375977599699], [-70.36319850104695, 41.6430526527207], [-70.36420329377698, 41.641878625920796], [-70.3645085939937, 41.64183890470003], [-70.3650884223014, 41.64224651144573], [-70.36591264434307, 41.64329979899292], [-70.36637015073515, 41.643456309078445], [-70.3663383741936, 41.64270919668436], [-70.36588072314873, 41.64213792356836], [-70.36395854765279, 41.64062064083836], [-70.36420183820826, 41.63957294253843], [-70.36231007978465, 41.638334505865124], [-70.36093745273757, 41.637900373052595], [-70.36063239791724, 41.63708467603146], [-70.35980792486207, 41.63639151906737], [-70.35944201696844, 41.63572940743591], [-70.35852699301049, 41.63555139301224], [-70.35825226784087, 41.63469885083254], [-70.35934855504088, 41.63365015840007], [-70.36385924747222, 41.63081337999145], [-70.36590084484543, 41.62925800956735], [-70.36754667179589, 41.62857208016434], [-70.37025966494312, 41.62840435603441], [-70.37080847575741, 41.628226908729644], [-70.37211830938638, 41.62689601881446], [-70.37278743840213, 41.62593356713367], [-70.37327499463845, 41.62561255737665], [-70.37327493332478, 41.625360436136056], [-70.37245389296966, 41.6243882711514], [-70.36992257028358, 41.623112659900094], [-70.36912961324005, 41.62233828145407], [-70.36818438438087, 41.622223635577654], [-70.36711744241587, 41.622587248676375], [-70.36666049156734, 41.623043039253076], [-70.36608226652862, 41.62437441384827], [-70.36431332548604, 41.623296495372436], [-70.36644522661148, 41.62130756155027], [-70.36766343881007, 41.619662909712964], [-70.36805887925014, 41.618379231366525], [-70.36863702791217, 41.617534642678045], [-70.3686978871265, 41.617146374614215], [-70.36985489665106, 41.61588096090607], [-70.3726573538287, 41.61407303918239], [-70.37567579624928, 41.61293800757088], [-70.37915150985012, 41.6113560670197], [-70.38433422816739, 41.60985269699557], [-70.38704782032849, 41.60884718745401], [-70.39223003296453, 41.60752354187479], [-70.40058182182975, 41.60637669014833], [-70.40039885498997, 41.607315866148724], [-70.39988035157765, 41.608232097404255], [-70.3999097947447, 41.60885311438059], [-70.40018410670261, 41.609624509063906], [-70.39987906532507, 41.60979038667255], [-70.39786738332285, 41.6100849193035], [-70.39719684473604, 41.61039919179112], [-70.39707403257273, 41.61097708743696], [-70.39725653482358, 41.61120002593932], [-70.39722611288131, 41.61166007431178], [-70.39646346718243, 41.61296617033456], [-70.39615849099881, 41.613996449395934], [-70.39618810895014, 41.61451842232803], [-70.39655334733476, 41.615343046376154], [-70.39786248546679, 41.617794781671904], [-70.39734480985523, 41.617719977562786], [-70.39682696950256, 41.6172849984538], [-70.39658383018882, 41.61657636537823], [-70.39621778038988, 41.61621151449143], [-70.3943899225768, 41.61557639263655], [-70.39250006108061, 41.61414938561183], [-70.39246992324044, 41.61389753480891], [-70.3914036522343, 41.61287472007538], [-70.39055116088514, 41.612326144292524], [-70.39048999313847, 41.611615334230876], [-70.38988111738904, 41.610100607849596], [-70.38948564251064, 41.60966397560216], [-70.38911997325968, 41.60971386473329], [-70.38881370581606, 41.61083415531999], [-70.38896585232247, 41.61172425334426], [-70.3897881791733, 41.612821807968814], [-70.39219474381518, 41.61467541159615], [-70.39268239244839, 41.614858561058746], [-70.39262140334127, 41.61511121225295], [-70.39161436298711, 41.61623143336859], [-70.39118714680824, 41.6171912874469], [-70.39121757510445, 41.61790235991617], [-70.39200875231604, 41.620676078297514], [-70.39231252197621, 41.621194534143335], [-70.3929831729105, 41.62172725541358], [-70.39441637988513, 41.62140354410874], [-70.39511720912579, 41.62144918956647], [-70.39545275508472, 41.62156219034763], [-70.39618355235116, 41.62243595110448], [-70.39612269461657, 41.62298574652516], [-70.3958478095191, 41.623529523764965], [-70.39520737437577, 41.62417667391648], [-70.39395747152314, 41.624588282907595], [-70.39368239117864, 41.62492495481409], [-70.3935866042747, 41.62573665882007], [-70.3942261609286, 41.62642270505728], [-70.39632975416889, 41.62802733815767], [-70.39681712667024, 41.62862466278481], [-70.39706063695134, 41.629423341245406], [-70.39773080933641, 41.63036122099155], [-70.39727257256988, 41.63072707779295], [-70.39721148214221, 41.63115981594192], [-70.39968020239166, 41.63283208147139], [-70.39998552609731, 41.63276525304375], [-70.40001642319457, 41.63208066460579], [-70.39974198220028, 41.63109316664641], [-70.39998673897098, 41.63077475803118], [-70.40059548783236, 41.63120891236526], [-70.40196690507628, 41.63296618098771], [-70.40196651658056, 41.63342595770484], [-70.4014788039911, 41.63363003266395], [-70.40120443002525, 41.633335867937795], [-70.40071643334798, 41.63335985149039], [-70.4004114349129, 41.6335167277547], [-70.40038145742034, 41.63388617567904], [-70.40077700520828, 41.634178700225625], [-70.40205759849454, 41.63447864848548], [-70.40236294973054, 41.634366792547084], [-70.40242377552539, 41.63381643113562], [-70.40294209384669, 41.63377416152457], [-70.40336842253019, 41.634065848436684], [-70.4037343548372, 41.63512456504418], [-70.40342949270966, 41.63562361285947], [-70.40205752500626, 41.63553214719016], [-70.40166101454288, 41.63518559232301], [-70.40108130448523, 41.63537301944336], [-70.40092863708541, 41.63677114490222], [-70.40108016769437, 41.637426544731696], [-70.40223923501327, 41.63781760937738], [-70.40254345534889, 41.63775076322446], [-70.40272753434093, 41.63633436778311], [-70.40321577083259, 41.63601323689333], [-70.40443550100066, 41.636124606710055], [-70.4051971123328, 41.636376183867455], [-70.40580707430478, 41.63681032111546], [-70.40580701118152, 41.63729655072832], [-70.40540969270302, 41.63800406309971], [-70.40467774816884, 41.63766160518985], [-70.40428209381939, 41.63765779282964], [-70.40480033526887, 41.63834485915696], [-70.40476898786865, 41.638642260694965], [-70.40455577869147, 41.638870378197176], [-70.40364077837391, 41.639097357951464], [-70.40336590673817, 41.63944305966375], [-70.40364019471733, 41.64031349102228], [-70.40473840889102, 41.64036290621459], [-70.40516473966085, 41.640745191307985], [-70.40607926468331, 41.64234605988764], [-70.40601775248165, 41.64280637377588], [-70.40479699266268, 41.64498265819163], [-70.40415569896491, 41.64573846557953], [-70.4022954687344, 41.64527481166585], [-70.40196007102355, 41.645341919204306], [-70.4013803047901, 41.64605159577356], [-70.40095394646274, 41.646281586684694], [-70.40113621324565, 41.64687425336632], [-70.40186814830932, 41.64667591427215], [-70.40238639402206, 41.64699381618564], [-70.40266136979164, 41.64697227111349], [-70.40284405474334, 41.64614170198975], [-70.40391156013695, 41.646281433324916], [-70.40494883805538, 41.646214890963535], [-70.40513170888238, 41.646401802067494], [-70.40507008590244, 41.64658298228841], [-70.40403333818253, 41.64694667167491], [-70.40415516176145, 41.64752186765542], [-70.40458156698739, 41.64785857112056], [-70.4048863195621, 41.64868370829497], [-70.40485560941363, 41.64905315013117], [-70.40546576984919, 41.64930720468444], [-70.40592285021857, 41.64921143081581], [-70.40632011113804, 41.647567472277686], [-70.40592335781666, 41.647383007630296], [-70.40589325858014, 41.64705912733846], [-70.40598520382137, 41.64685966713167], [-70.40668698233048, 41.64658109420589], [-70.40665641682675, 41.64628422244978], [-70.40622981967577, 41.64589293657849], [-70.4062300223926, 41.64559579787157], [-70.4068091627512, 41.644633971790505], [-70.4072676290659, 41.64436712521938], [-70.40790727686802, 41.64493547396069], [-70.4095238648816, 41.64541133141548], [-70.40967603221213, 41.644869158547145], [-70.41110949304539, 41.64484237551997], [-70.41187148825608, 41.644571663611586], [-70.41306208792594, 41.642080431217614], [-70.41397755025311, 41.64069971017371], [-70.41400771716287, 41.64020420167868], [-70.4137951308306, 41.63999957530473], [-70.41291048883191, 41.63967709727264], [-70.41147728189068, 41.63973992134226], [-70.41123295548725, 41.63996831602434], [-70.411171738969, 41.64118499265828], [-70.41074478373379, 41.64198284484291], [-70.41050060907368, 41.64299460984567], [-70.40979847812031, 41.64356133864171], [-70.40870107116295, 41.64379111266619], [-70.40806055057242, 41.64353790906181], [-70.4074201587692, 41.642464752531076], [-70.40674986305935, 41.641869656067925], [-70.40659746541185, 41.64099759107582], [-70.40550049084172, 41.639669037690624], [-70.40553103756146, 41.639308598427554], [-70.40647651917709, 41.63905375834513], [-70.40641640861054, 41.63802781981031], [-70.40714836955745, 41.636766945241135], [-70.40748377254411, 41.636564759015684], [-70.4112046172996, 41.63592457094455], [-70.41187553858805, 41.63551117077085], [-70.41224193470737, 41.63502900991366], [-70.4126075769049, 41.633862517393354], [-70.41248629768684, 41.63285513190036], [-70.41032162148726, 41.63136896137571], [-70.4101698939329, 41.631028721751626], [-70.4102311069007, 41.63025325410708], [-70.41300585842308, 41.6305972192351], [-70.41337098190539, 41.63043075454662], [-70.41358456296858, 41.630022539571236], [-70.41373781306895, 41.628462328918566], [-70.41614653818178, 41.62720784209609], [-70.41709212702065, 41.62684486588277], [-70.4179153509351, 41.62675365841865], [-70.41940897323953, 41.62691531094347], [-70.42187810230021, 41.62627244140181], [-70.423555522558, 41.62549540219714], [-70.42450422360831, 41.62447452226529], [-70.42462589862379, 41.62399563495831], [-70.42419960699105, 41.62283005445327], [-70.42441305095525, 41.622647487461634], [-70.42572387169717, 41.6220999325131], [-70.42968732659925, 41.621734945449084], [-70.43194348990943, 41.62109435671446], [-70.43288755397442, 41.620407084299984], [-70.4329181659906, 41.61983053837431], [-70.43243016045685, 41.619097738970595], [-70.43215686894831, 41.61740800448291], [-70.43230877352603, 41.617000864689174], [-70.43297980977691, 41.616605352663115], [-70.43313140726947, 41.616306259678865], [-70.4341985527073, 41.61592346228432], [-70.4344730819189, 41.615649719147726], [-70.43468632342156, 41.61471021381126], [-70.43465562977119, 41.613332842454305], [-70.43432088064205, 41.61287780455947], [-70.43352764588832, 41.61232898473693], [-70.4326440383708, 41.61191662500941], [-70.42987008520431, 41.61127600045929], [-70.42950461845129, 41.61100130611236], [-70.42950463375064, 41.61077620046467], [-70.43093711941397, 41.610289949854796], [-70.43273549991375, 41.610321484636444], [-70.43368089400698, 41.609949367625426], [-70.43505219619975, 41.60887834248], [-70.43645365971093, 41.60741083494939], [-70.43697162860049, 41.606404394665326], [-70.43733739168484, 41.604967702932264], [-70.4389531753358, 41.60313693629093], [-70.43962319838514, 41.60272336891009], [-70.44029370100465, 41.60194062923332], [-70.44102475008565, 41.59874306909651], [-70.44145121018394, 41.59741329342192], [-70.44178671161418, 41.59691387079517], [-70.44230403231055, 41.596889423907534], [-70.44260880898631, 41.597137625425844], [-70.4426091371351, 41.597344725395224], [-70.44187730513032, 41.59823664575896], [-70.44154236441973, 41.599790129887644], [-70.44184737012948, 41.600660189079015], [-70.44264010492513, 41.60075817337312], [-70.44291391930095, 41.60038535780922], [-70.44315772148158, 41.59887829438811], [-70.44398033721217, 41.597390680598465], [-70.44398035043619, 41.596526276378], [-70.4446804068461, 41.594625576189884], [-70.44489353900853, 41.592587539171845], [-70.4452894525357, 41.5918078489271], [-70.4468435668938, 41.5903652721728], [-70.44818454936973, 41.589709132586435], [-70.4490065205557, 41.58902285295318], [-70.45019469639651, 41.588836871533175], [-70.45299739475952, 41.587603272898676], [-70.45354652615175, 41.58766854794974], [-70.45415558810555, 41.5880573976612], [-70.45503977331492, 41.58943304620423], [-70.4554360553474, 41.5906438155116], [-70.45476637376491, 41.5928414337482], [-70.45458390330725, 41.594329386915845], [-70.45437066466408, 41.59485473304902], [-70.4539138776146, 41.59537389743336], [-70.45303064257058, 41.59535788353474], [-70.45275665389264, 41.595631674907196], [-70.45266516927181, 41.59588520032375], [-70.45306147073858, 41.59642966740167], [-70.4524219229992, 41.59746432066508], [-70.4523912456072, 41.59823952463897], [-70.45275678859494, 41.59919846507854], [-70.4526965340173, 41.600613257535656], [-70.4538549572978, 41.60177871713323], [-70.45437292567831, 41.60176266237859], [-70.45418991852256, 41.60096354385765], [-70.45470834205804, 41.60009265575883], [-70.45434206122135, 41.59901609777323], [-70.45461608661807, 41.59837313071199], [-70.4533966117638, 41.598010178186136], [-70.45327478194656, 41.59784979416115], [-70.45431121258034, 41.597278566324825], [-70.45427971283684, 41.59652192375175], [-70.45504138331073, 41.59597179646713], [-70.45641337721936, 41.59686456628576], [-70.45830273522103, 41.59752514065059], [-70.45866857489004, 41.597457023256645], [-70.4592165682759, 41.59688296200818], [-70.45997894197377, 41.5964948838562], [-70.46089234917069, 41.5963389143882], [-70.46189811868372, 41.59633516443952], [-70.4630264968393, 41.59718567138042], [-70.46281263961977, 41.5976834518509], [-70.46104569601812, 41.59850807538024], [-70.46064956329575, 41.598918082606694], [-70.46071102159934, 41.59956582093386], [-70.46147322708052, 41.600321825818945], [-70.46211345580195, 41.60145770111454], [-70.46208349381295, 41.60187218288862], [-70.46153523513064, 41.6027619651084], [-70.46150563428382, 41.60350060089877], [-70.46117018019847, 41.60402765643044], [-70.4610178862955, 41.60495707226984], [-70.46053070769894, 41.60621545476845], [-70.46016510605553, 41.606589160526966], [-70.45867224693718, 41.60647306806253], [-70.45717862929642, 41.606726120985684], [-70.45690459349441, 41.60695490125296], [-70.45675252414291, 41.60786630569061], [-70.45623435623021, 41.608305567147774], [-70.45605200969918, 41.609992179145905], [-70.45577829083362, 41.610292430593134], [-70.45538168666707, 41.61054090333162], [-70.45385761147017, 41.61063212081067], [-70.45282127229892, 41.611023826163695], [-70.4525175363648, 41.61162205752905], [-70.45270097980624, 41.614411673976726], [-70.45257842156872, 41.61468348442478], [-70.45169432140543, 41.61470403419112], [-70.45126795919386, 41.615141306765544], [-70.45057720559835, 41.616312793355235], [-70.45145164387316, 41.61651726801044], [-70.45309815832604, 41.617270790393306], [-70.45373790636566, 41.617244603755594], [-70.45407348697636, 41.61697025045483], [-70.45425568343387, 41.616031550863276], [-70.4544689190014, 41.615740313377486], [-70.45669348382454, 41.61464029573435], [-70.45672418861533, 41.61388366234787], [-70.45724230220127, 41.613588464894164], [-70.45864422497354, 41.613219766064574], [-70.45849187437021, 41.61237478961877], [-70.45876487882764, 41.61195690784679], [-70.45885656766649, 41.61088399778503], [-70.45964828691389, 41.6099463706177], [-70.4596484369043, 41.60899136485032], [-70.46120193357947, 41.607638626936364], [-70.46144553605122, 41.60695090737936], [-70.46272534855731, 41.606241135643565], [-70.46309114232669, 41.605831406806416], [-70.4630598393184, 41.604940269356156], [-70.4626933739518, 41.60349456640183], [-70.46281588699107, 41.6032677661761], [-70.46333273164946, 41.60292807225746], [-70.465252724257, 41.60221904666772], [-70.46577041373168, 41.60166324913567], [-70.46558713504632, 41.600431384194906], [-70.46613588807294, 41.59994733864936], [-70.46665321465305, 41.59871565757245], [-70.46631722986876, 41.59802603259405], [-70.46631705566088, 41.59738673401083], [-70.46653013505829, 41.59688894012856], [-70.46713971955157, 41.596790934912605], [-70.46954714073522, 41.597363736559394], [-70.47116312594225, 41.598576498623835], [-70.47149842847615, 41.599031994011014], [-70.47207874178252, 41.601645079693746], [-70.47186589570944, 41.60187332333353], [-70.47101239496901, 41.60221732342339], [-70.47101268542089, 41.60299224806961], [-70.47140945884252, 41.603473061632585], [-70.47311743131975, 41.60459545955527], [-70.47366604585433, 41.605732127918905], [-70.4739107498043, 41.607539674566354], [-70.47385019710403, 41.608206562213844], [-70.47357667087596, 41.6086875036831], [-70.47357769822122, 41.60925477595014], [-70.47430832747952, 41.60993893654351], [-70.47507251418858, 41.61229817104567], [-70.47565165525275, 41.61282225778607], [-70.47595710682765, 41.61355659935692], [-70.47693299107895, 41.614102261772054], [-70.4774507518879, 41.61422228717941], [-70.47772546309248, 41.61394844297901], [-70.47778586868458, 41.61375821045289], [-70.47677997816852, 41.61309579377985], [-70.47598697838806, 41.61232217148785], [-70.4755599989221, 41.61166158174094], [-70.47555918666313, 41.61040042758237], [-70.47537600904755, 41.6100155361594], [-70.47433896796092, 41.60893918706205], [-70.47470387735643, 41.60804262529469], [-70.47479486090788, 41.606996711026405], [-70.47461104741917, 41.60557576985641], [-70.47427522039759, 41.60486872531732], [-70.47415279323428, 41.6040865081413], [-70.47290275627718, 41.602787619587374], [-70.4730545902442, 41.60164208509741], [-70.4725661054699, 41.600522277166895], [-70.47229075072025, 41.598526487729906], [-70.47180237693942, 41.59765879413877], [-70.4659195984376, 41.59400542318903], [-70.46588870478601, 41.5932493533734], [-70.46613263522623, 41.59297582019523], [-70.46866145230373, 41.59256491439626], [-70.46936116309996, 41.59215088120801], [-70.46993968889264, 41.591440858333165], [-70.47015315354066, 41.59091604907751], [-70.47115863774958, 41.59055148553567], [-70.47204215951791, 41.590522340799126], [-70.47332227982469, 41.590793911553625], [-70.4735957149945, 41.590664696124776], [-70.47374810086943, 41.59023049584362], [-70.4736869202676, 41.58974484336041], [-70.47329004104006, 41.5888307103824], [-70.47329016912369, 41.58830846947995], [-70.47435537395664, 41.587276983637764], [-70.47447747047501, 41.58686108015767], [-70.47508657051254, 41.58617775780415], [-70.47511595510913, 41.58441207990065], [-70.47499400965854, 41.584233710060424], [-70.47444534830375, 41.58406949696516], [-70.47325764778311, 41.584282747358735], [-70.4728309116968, 41.58453156928593], [-70.47243514381064, 41.585419403368675], [-70.4720090229011, 41.5858393071949], [-70.4716733463672, 41.585924622666425], [-70.47100330878183, 41.58526687837471], [-70.47042425329037, 41.58517496671066], [-70.47011970619769, 41.58542207212633], [-70.4699976178129, 41.585765937802535], [-70.47030367745424, 41.58766240330502], [-70.47115704699634, 41.58780463462299], [-70.47121846199131, 41.58885755386501], [-70.46923764178472, 41.58881089859656], [-70.46817170138624, 41.58895091694572], [-70.4672875614699, 41.588763925437135], [-70.46664802732917, 41.58833041160106], [-70.46661711215384, 41.58769139624676], [-70.46640340043608, 41.58732478272633], [-70.46606830557529, 41.58725701596583], [-70.46576400015637, 41.587441082872566], [-70.46579452077663, 41.587755944358015], [-70.46677006529472, 41.58917566360239], [-70.46673982552129, 41.589563131163324], [-70.46613083607504, 41.5898142101279], [-70.46597829237142, 41.59018536993331], [-70.46597892554739, 41.591167394400344], [-70.46524763931413, 41.59112246866454], [-70.46448582393386, 41.59043908835891], [-70.46448536440813, 41.589772211732026], [-70.46485029634161, 41.589038319754316], [-70.46494200652745, 41.58844262813347], [-70.4635695959129, 41.58716277701711], [-70.46353921136573, 41.586793890960756], [-70.46384372712494, 41.58641173982568], [-70.46557968423363, 41.585695969825046], [-70.46561063882567, 41.585380542513676], [-70.46603665327088, 41.584969665548805], [-70.46594550779828, 41.58471896987999], [-70.46533580616408, 41.584483249041114], [-70.46509257801029, 41.58506292885959], [-70.4642701070194, 41.58546962575117], [-70.46350771166347, 41.58480367854126], [-70.46219769270047, 41.58402805089784], [-70.46195362177004, 41.583409596840376], [-70.46110001762018, 41.58217778673225], [-70.4610395575384, 41.58190823365148], [-70.46128237232263, 41.58135557109122], [-70.46045977045006, 41.58103289964991], [-70.4595762887678, 41.57972933339144], [-70.4590879689757, 41.57933880503871], [-70.45863128114195, 41.578155632947], [-70.45826482984894, 41.5778995926913], [-70.45774727656348, 41.57787908768033], [-70.45744267467435, 41.57799053306431], [-70.45528055247102, 41.57998198015121], [-70.45244823240182, 41.583232861825145], [-70.45208284913161, 41.583850218915266], [-70.45199109260409, 41.58441888813342], [-70.45229608551743, 41.58497320863409], [-70.45223469385819, 41.585289477721695], [-70.4510476641927, 41.58643950274149], [-70.45089529272806, 41.58729855980055], [-70.45062124264183, 41.58741758547171], [-70.45004179931823, 41.58693838550966], [-70.4500417876193, 41.58629908697867], [-70.45040693023068, 41.58549264564775], [-70.4520520430763, 41.58307613628237], [-70.45400072314139, 41.58042153773536], [-70.45750326151594, 41.57680084743928], [-70.4588733196629, 41.57442392637262], [-70.46526758918166, 41.56783051809168], [-70.46898120808056, 41.56451361235128], [-70.47068632909048, 41.563437886313736], [-70.47625722288359, 41.55850274837801], [-70.47787075133843, 41.55749137153795], [-70.4800018469883, 41.556391767146316], [-70.48362444803854, 41.555156352230235], [-70.48633335717012, 41.55398639145628], [-70.48782642657592, 41.55396707056328], [-70.4892875979206, 41.55371390102011], [-70.49324525016907, 41.55204108663543], [-70.49421909307203, 41.551974307463404], [-70.49708231677712, 41.55231534153605], [-70.4994873297679, 41.55189648190329], [-70.50661217361507, 41.551202130620425], [-70.52232774258806, 41.54895920297324], [-70.52470332525851, 41.548387051377], [-70.52674402842517, 41.547567181311415], [-70.52695728679548, 41.54768156045834], [-70.52720039690493, 41.54807475934164], [-70.52735249236302, 41.54997311388392], [-70.52604163034341, 41.55136876788144], [-70.52479212691617, 41.5516827534757], [-70.52205214905065, 41.551088551953654], [-70.51915899405432, 41.55118121249097], [-70.51745338964976, 41.551752858707204], [-70.51638738754805, 41.552505602324565], [-70.51574673056076, 41.55317142004982], [-70.5155032916842, 41.55319294539804], [-70.5157770449622, 41.55385599560872], [-70.51574574868302, 41.55482029024052], [-70.51531865488545, 41.55621278818931], [-70.51525520877033, 41.55861014689799], [-70.51498188864346, 41.55889253159081], [-70.51318489134108, 41.559277050361956], [-70.51184432513469, 41.55994295305776], [-70.51093039490615, 41.56012633421557], [-70.51001596447945, 41.56007503372517], [-70.509589133933, 41.56081021285717], [-70.50806480013127, 41.56199220598179], [-70.50751614677135, 41.5627291273024], [-70.50690682973253, 41.56305245123961], [-70.50654090196099, 41.56401212970242], [-70.5058709028849, 41.5642369974764], [-70.50587019340514, 41.564813818323785], [-70.50461932456662, 41.566253089643915], [-70.50337050024352, 41.56652182834541], [-70.50321832281698, 41.56691104709882], [-70.50349171390187, 41.567304000522114], [-70.50343091708088, 41.567575279326654], [-70.50306433063521, 41.5678500646459], [-70.50135906314648, 41.56816992435495], [-70.50099269914496, 41.56866980846227], [-70.50090153807606, 41.56908544787595], [-70.50157077616261, 41.56970699086743], [-70.50153991003171, 41.570437180044905], [-70.50105173223874, 41.57093880732841], [-70.50099054873029, 41.57135414775006], [-70.50022853799145, 41.571418350321764], [-70.49946775519741, 41.57121187169513], [-70.49866424844966, 41.570910467806655], [-70.49799524819232, 41.57037050965939], [-70.49805133942995, 41.569659114664766], [-70.49869710292323, 41.5688088536776], [-70.49872028964124, 41.56802063316542], [-70.49978335536022, 41.56717404454973], [-70.50006134815314, 41.566718969756074], [-70.50010233649756, 41.56625336653805], [-70.49949325194376, 41.56550178444147], [-70.49765644098578, 41.56462963171041], [-70.49639357886241, 41.564550947564086], [-70.49586021816155, 41.56473250610428], [-70.49488709403613, 41.566317068357606], [-70.49417286586159, 41.56794668557361], [-70.49400546446537, 41.569301452241284], [-70.49502621620924, 41.56970048098218], [-70.49522128399133, 41.56877815663677], [-70.49556289199019, 41.56856958093439], [-70.4959001239468, 41.568640093957775], [-70.49646017601069, 41.56893317650987], [-70.49659325033973, 41.569790308511344], [-70.49627222534443, 41.57014369828558], [-70.49619742267397, 41.57054147050158], [-70.49707256500778, 41.57165108351616], [-70.49744180683766, 41.57183217518601], [-70.49778234639513, 41.57171643848854], [-70.49802456339778, 41.57137079061694], [-70.49905645903428, 41.571803646469576], [-70.49891829074971, 41.57198926463914], [-70.49807911798526, 41.57221878659091], [-70.49628491881462, 41.57220294530712], [-70.49594125360433, 41.57177671307037], [-70.49560135918247, 41.571875004457375], [-70.4954367127977, 41.57231475139023], [-70.49636444327489, 41.572890776675884], [-70.4963279380853, 41.573068285918986], [-70.49565848368006, 41.57327396563976], [-70.4956528984388, 41.57363014268463], [-70.4961794070724, 41.573914488274966], [-70.49750856257069, 41.5740787348986], [-70.4970932966258, 41.57463445130681], [-70.49643544353958, 41.574840238168676], [-70.49670061436251, 41.5752072485161], [-70.4970145781022, 41.5753540875963], [-70.49749197823543, 41.5751382634256], [-70.49886811284328, 41.575870732091495], [-70.49968406824127, 41.57569108495912], [-70.49954141367118, 41.57544390301095], [-70.49816152746467, 41.57485547565474], [-70.49816695803807, 41.57450830137873], [-70.49886128938913, 41.57414975572198], [-70.49946389866692, 41.57412130006878], [-70.50001381033577, 41.57333996898445], [-70.50153693329317, 41.57274333822924], [-70.50178179605886, 41.57201052790048], [-70.50333613795537, 41.570873337039394], [-70.50403702012244, 41.570161405636604], [-70.50400733787721, 41.56961245600469], [-70.50498286362097, 41.56906781528375], [-70.5054093054539, 41.56855775228105], [-70.50510579161416, 41.56771489594632], [-70.50507540792012, 41.56728299424511], [-70.50525905172343, 41.56689348594515], [-70.50720995708298, 41.564742250091484], [-70.50785076863583, 41.56357168607108], [-70.50824681681905, 41.56320597622722], [-70.51144638472259, 41.561380711902785], [-70.51214695518492, 41.561308022170294], [-70.51263379644419, 41.561563245968635], [-70.5126647560266, 41.56181506777164], [-70.51245090670822, 41.56190775158361], [-70.51232905999285, 41.562593818938815], [-70.51089636511223, 41.564441263840564], [-70.51019482009212, 41.56510820989127], [-70.50961532854407, 41.56607053853029], [-70.50988974052417, 41.566157344887], [-70.51043817435163, 41.56579858334265], [-70.51281584292306, 41.56346132158877], [-70.5161086037632, 41.55946336838961], [-70.51671770490984, 41.558977919856126], [-70.51726602639874, 41.5589618443987], [-70.5172967267267, 41.55923167076568], [-70.51467397914712, 41.56303119196198], [-70.51403288656259, 41.56447191448726], [-70.51403262917995, 41.56529184990648], [-70.51439672022224, 41.566782378249194], [-70.51503535399588, 41.56813403450122], [-70.5150886948652, 41.56858807958201], [-70.5139089169825, 41.56829027333955], [-70.51372407401232, 41.56805512392721], [-70.51254585637473, 41.56804601160002], [-70.51260412176244, 41.56941908402853], [-70.5124610593581, 41.57002224190472], [-70.51193911033118, 41.570775737010585], [-70.50804283888863, 41.5735960834728], [-70.50655916902504, 41.57706321277118], [-70.50530493981353, 41.57810121783775], [-70.50592689063433, 41.57837397261245], [-70.5059509512909, 41.578537945814666], [-70.50412984612127, 41.58168694764373], [-70.5039538752117, 41.58256780999642], [-70.50362900859756, 41.58319074843643], [-70.50301303846258, 41.583614728876746], [-70.5024471296726, 41.58445727524851], [-70.50183082049935, 41.58571919401732], [-70.50172393934244, 41.58670927276201], [-70.50140288323716, 41.587565783556116], [-70.500337984717, 41.589325731632705], [-70.50008311550658, 41.59086207116527], [-70.49947206846691, 41.59204411273538], [-70.49829583559439, 41.592981997159846], [-70.49817698920705, 41.5938701083727], [-70.49947213507812, 41.59398281742859], [-70.50343001194514, 41.594773949021814], [-70.52529807315332, 41.59967899000158], [-70.53015205518425, 41.61683394944163], [-70.53273983941965, 41.62342224246421], [-70.53347906430663, 41.6264201428128], [-70.53962281820918, 41.63702613613486], [-70.53946988614958, 41.63736925079916], [-70.53785289826513, 41.63901627145256], [-70.5378528473851, 41.63924418718224], [-70.53675500322205, 41.64011279112073], [-70.53602287757697, 41.64100474509826], [-70.53465084692077, 41.641644776326416], [-70.53458990101026, 41.64180576990251], [-70.53056313611579, 41.64420599367115], [-70.5231949796276, 41.65039798086528], [-70.52096384060742, 41.65486396894439], [-70.51921588588294, 41.656941802319025], [-70.51665002208009, 41.66325573218238], [-70.51639583225227, 41.666755011090565], [-70.51606094344761, 41.66805827477615], [-70.51386093579539, 41.67352385892646], [-70.51386087885122, 41.67386826606087], [-70.51163188528767, 41.6760847585535], [-70.49691710002995, 41.670772958101374], [-70.49639794814364, 41.67111672685892], [-70.49530003408202, 41.67136928099243], [-70.49365317356616, 41.67230691238034], [-70.49347011206153, 41.673017183114204], [-70.49359112252979, 41.67667900177551], [-70.49665090128985, 41.6779328427425], [-70.49700583975944, 41.68363503078165], [-70.48486514038035, 41.6842392493527], [-70.47778802142126, 41.68483206571102], [-70.47577792210444, 41.6822798787846], [-70.4752098973255, 41.679781734913284], [-70.47478795534452, 41.678638906139696], [-70.47517583007368, 41.67764518909342], [-70.47507207037742, 41.67632120431751], [-70.4758401927923, 41.676306736979235], [-70.47886482871617, 41.67123081563672], [-70.48236806582658, 41.665784865163744], [-70.48195817211194, 41.66404789618222], [-70.48110690864318, 41.662247882691574], [-70.48079510077582, 41.660905156976185], [-70.47514115525766, 41.65966974000311], [-70.47372507967691, 41.661564730098135], [-70.47360400484989, 41.66193112035633], [-70.47143905052268, 41.66465389704252], [-70.47119618395955, 41.6656387833111], [-70.45871218393015, 41.6636658176909], [-70.45105899623661, 41.65683502946406], [-70.44793583693348, 41.65229507403685], [-70.44785682901411, 41.65285598047454], [-70.44770411480023, 41.65297105941136], [-70.44587410615902, 41.65164399890198], [-70.44538601213189, 41.65155280797712], [-70.44550785442031, 41.652718857470376], [-70.444990063073, 41.65322223018646], [-70.44395312668084, 41.65269598917443], [-70.44126886934161, 41.65175879144192], [-70.44056791867875, 41.65251424527485], [-70.43922589435994, 41.65267394075478], [-70.4386770377193, 41.6525140598234], [-70.4382801760069, 41.652147935558304], [-70.4383719288416, 41.6510727879636], [-70.4369988934922, 41.65075212990143], [-70.43416284066831, 41.6485561287866], [-70.43336987696046, 41.648167139593085], [-70.43254681528111, 41.64807612726567], [-70.43209003389225, 41.647550156028295], [-70.43313907157696, 41.64752004672156], [-70.43352387507996, 41.64734582285388], [-70.43381289840256, 41.64706602557316], [-70.43399508492993, 41.64655618109951], [-70.43400113178991, 41.64596814932963], [-70.43334301900772, 41.644828008099864], [-70.43043301085194, 41.64591213274688], [-70.43035087288777, 41.64635988332862], [-70.43004596843099, 41.64606325174795], [-70.4273930288622, 41.6470230961529], [-70.418151054051, 41.64910387919457], [-70.41440013970626, 41.65061292434617], [-70.4132410723307, 41.6509327598123], [-70.40439600525886, 41.65216588676445], [-70.3970449566721, 41.65337624889976], [-70.39213395086156, 41.653259855308384], [-70.37911081339232, 41.652477177777975], [-70.37134803329049, 41.65217697980813], [-70.37287589452023, 41.65515004826051], [-70.37296816324945, 41.656109921413666], [-70.37377083376245, 41.656913065758644], [-70.37637282840507, 41.65710819627893], [-70.37727003469611, 41.657423765983616], [-70.38014312701293, 41.659088060733666], [-70.38136492342284, 41.660026964058794], [-70.383616929876, 41.662955226525334], [-70.38492695270831, 41.665061011763754], [-70.38492614241595, 41.66549489803084], [-70.3853528442064, 41.66618171798789], [-70.38568683020466, 41.66764593618485], [-70.38431397364488, 41.66851377389008], [-70.38108010752299, 41.671353253782286], [-70.37790110782737, 41.67596872070198], [-70.37398082814585, 41.67610219288271], [-70.37326217422898, 41.67633200320009], [-70.36947882852077, 41.676700225986124], [-70.36563297080572, 41.67466579901237], [-70.36468716081967, 41.67441381013042], [-70.3633439332901, 41.673569185781446], [-70.35845887888541, 41.66972776076801], [-70.35702614240152, 41.67094077617317], [-70.35656906073598, 41.67219903968221], [-70.3566919368173, 41.67286209284447], [-70.35638704875993, 41.672954136406304], [-70.35593013888258, 41.67357196639673], [-70.3555340632841, 41.67517300413633], [-70.3577309151382, 41.67533296249818], [-70.35809983704634, 41.67602718544188], [-70.35675002447095, 41.67729618255061], [-70.35627893395952, 41.67750923967754], [-70.35547510825877, 41.67846687003432], [-70.35535407454248, 41.67883314153212], [-70.35675818200234, 41.679610939420655], [-70.35675799528097, 41.67999924915144], [-70.35623999109704, 41.68128109879257], [-70.35648391504508, 41.68157787966047], [-70.35438006685042, 41.68331706122701], [-70.35236788420346, 41.686153969852924], [-70.35255084345403, 41.686292005615144], [-70.35301095970986, 41.68832712150288], [-70.35304200230274, 41.68963081130948], [-70.35346098242606, 41.690487068529144], [-70.35046783328961, 41.69103314745606], [-70.35206606979926, 41.691255818888976], [-70.35206699721525, 41.69187318774154], [-70.353470856192, 41.692239072935685], [-70.35332011746722, 41.69409188318573], [-70.35310586896763, 41.69475491892467], [-70.3528318634486, 41.6949609449372], [-70.35332098308604, 41.695990117082864], [-70.35363988393857, 41.69715376285181], [-70.35261911453394, 41.69683676565232], [-70.35142907291028, 41.69699809429588], [-70.34932414997542, 41.69759306426153], [-70.34776715729639, 41.69736514574673], [-70.34743090270621, 41.69704490055729], [-70.34535493886439, 41.695992859287706], [-70.34447008828121, 41.69528379021485], [-70.34309711189053, 41.69617702795199], [-70.34144906909526, 41.69697796881186], [-70.3398741852465, 41.69715889479721], [-70.34102486634559, 41.69941889216497], [-70.34064708962048, 41.6999401102443], [-70.34084793638446, 41.700314148171586], [-70.34349486091291, 41.70013172622092], [-70.35185885044204, 41.70101723707532], [-70.35179902100809, 41.70177693660256], [-70.35128003583948, 41.70230408050722], [-70.35124988906799, 41.703104036110766], [-70.35112804951909, 41.70321873701938], [-70.35060900446712, 41.703309730112814], [-70.35005998388931, 41.70310496333658], [-70.34941896990195, 41.70315082245552], [-70.34923585587345, 41.70331104910795], [-70.34929685555582, 41.70367690413692], [-70.349968884428, 41.70420313414789], [-70.3499690998575, 41.70502590716866], [-70.34975600519999, 41.705620853550464], [-70.34932890428111, 41.70596376596017], [-70.34871810549937, 41.70587317357646], [-70.34841305363636, 41.705027056699656], [-70.34780200906438, 41.704638188206], [-70.3472518496086, 41.704683829480096], [-70.34673398954016, 41.70518676547722], [-70.34679500795353, 41.70553011130578], [-70.3475591581742, 41.70621599028935], [-70.34798600481265, 41.70697104787377], [-70.34792613665519, 41.7080008754111], [-70.34783482795046, 41.70850419387683], [-70.3474989917847, 41.70905287210446], [-70.34627902077028, 41.70969388990538], [-70.34539283578114, 41.70989988254083], [-70.3444170070244, 41.70980894063202], [-70.34395945879866, 41.70902935850148], [-70.34298251288685, 41.708752115484565], [-70.34099748823976, 41.707037414927925], [-70.34035648826253, 41.70681084216835], [-70.3398373559865, 41.70692485933259], [-70.33843358135391, 41.70804902902373], [-70.33794523055178, 41.7081627890504], [-70.33812897753253, 41.708755012457374], [-70.33779368940907, 41.71042527263707], [-70.33690877426795, 41.711570478750474], [-70.33483292577658, 41.711504789508325], [-70.33113826817994, 41.71044885437145], [-70.33086374438567, 41.71024456243372], [-70.33071097374288, 41.708003721699285], [-70.33095461023233, 41.70765843100618], [-70.33196174586928, 41.707430718234455], [-70.33290852072425, 41.70760869926147], [-70.33290875909388, 41.707410605876085], [-70.33275503257457, 41.70715127977168], [-70.33196146043099, 41.706809414648134], [-70.33025218929875, 41.706603894608165], [-70.32991661425024, 41.70690490519946], [-70.33031334525073, 41.70724270711708], [-70.32915398100937, 41.70772433822167], [-70.32909253071139, 41.707266171957485], [-70.32872626055875, 41.70709019493471], [-70.32774928301872, 41.70729061389265], [-70.32707816184717, 41.70709123153644], [-70.32692553414789, 41.7081645545841], [-70.32833038409969, 41.708508809642986], [-70.32906255411855, 41.70900483084713], [-70.32903205497827, 41.709419280466555], [-70.32799476112035, 41.711043458913984], [-70.3275974726909, 41.71139053766533], [-70.32698732858562, 41.711406199689826], [-70.32100363184949, 41.70933190104729], [-70.31935492906277, 41.70926078516449], [-70.31859229867345, 41.70903507867811], [-70.31563085714446, 41.70985296474798], [-70.31041039402312, 41.70999380674894], [-70.30964739681147, 41.71027284483831], [-70.3088233348756, 41.71020119317424], [-70.3081516258468, 41.71065901336586], [-70.30580121194642, 41.71047848939878], [-70.30519085359609, 41.71022446321322], [-70.30418297598783, 41.71008275246849], [-70.30357252988206, 41.7095129998584], [-70.30323663972446, 41.70876041525467], [-70.30348147432669, 41.7074967457163], [-70.30268765269508, 41.70749683950399], [-70.30256562825758, 41.7073357276971], [-70.30280954953508, 41.70688300865703], [-70.30277897053317, 41.70663112657768], [-70.30213821794858, 41.705737451279276], [-70.30177194044101, 41.70578649662036], [-70.30192456297306, 41.708000934941545], [-70.30256555840297, 41.70846183976252], [-70.30256528589534, 41.70877699089693], [-70.30235163651356, 41.70889630243143], [-70.30143622785094, 41.70851073284688], [-70.30033686357112, 41.707343210570144], [-70.299848624914, 41.707087628401936], [-70.29954354297152, 41.706217174298466], [-70.29978808293312, 41.70505255730378], [-70.2994216599136, 41.705029558281645], [-70.29862743777652, 41.706470887027024], [-70.29899391693681, 41.707610435420044], [-70.29987873370524, 41.70802384114915], [-70.29997030450392, 41.7091666776118], [-70.29963495158097, 41.70928751479181], [-70.29716214599718, 41.709468511029], [-70.29407826410073, 41.71062952703098], [-70.29120890491387, 41.71031038694949], [-70.288491955764, 41.71033215066305], [-70.28330276460984, 41.70984965223111], [-70.28073788449329, 41.71014861685994], [-70.27988401705579, 41.709554741677046], [-70.2795785438736, 41.70960324223447], [-70.27960886565995, 41.71008023957703], [-70.27893727238894, 41.709970611416864], [-70.27786890787517, 41.7101082812044], [-70.27536500702699, 41.711063978462505], [-70.27380737997903, 41.71199999188622], [-70.27047923392095, 41.71284765211198], [-70.26941071379218, 41.71328238834841], [-70.266265725564, 41.713992900393364], [-70.26357920945985, 41.714121329043394], [-70.26251083664742, 41.71343944991058], [-70.2617784026967, 41.71245731481066], [-70.26181008767526, 41.71215938672251], [-70.26232918736356, 41.71190165180226], [-70.26211572274741, 41.711696730163894], [-70.26214550289627, 41.711516402044246], [-70.2627872349579, 41.71113112235156], [-70.26269575214108, 41.71073562005859], [-70.26306267436361, 41.71032652848293], [-70.26306376650832, 41.709668652049444], [-70.26324621176667, 41.70947760150145], [-70.26422370070051, 41.70908864563523], [-70.26526125550045, 41.70930250612194], [-70.26553605970936, 41.709209251763816], [-70.2655974952942, 41.70898368111098], [-70.26547533113329, 41.7087955136975], [-70.26462099118696, 41.708525677611554], [-70.26459055317936, 41.70802166040909], [-70.2652620714154, 41.707744181270726], [-70.26498765788202, 41.70735119847656], [-70.26376645797293, 41.70762552082992], [-70.26236325098394, 41.70738909919871], [-70.26236221737521, 41.70783030654131], [-70.26315553764027, 41.70824469362913], [-70.26184164791097, 41.70961934650077], [-70.26132284588512, 41.71057943029566], [-70.26086437020824, 41.71080968161378], [-70.26019283606249, 41.710853019122496], [-70.26022275702802, 41.71142062621597], [-70.25997848269495, 41.71172017763295], [-70.25994705029231, 41.71219819732695], [-70.25952049809294, 41.71204047366482], [-70.25927635964305, 41.71165568580677], [-70.25912479442023, 41.71073895485376], [-70.25878914506315, 41.710580530944554], [-70.25869755849003, 41.71009497936435], [-70.25814779559269, 41.710191408350035], [-70.25753753877635, 41.70986452717534], [-70.25723204716692, 41.709912967761625], [-70.25698775363593, 41.71021307543242], [-70.25570550990444, 41.710416298179275], [-70.25591832416605, 41.710711269708135], [-70.25839127099312, 41.7113055533054], [-70.25839106746936, 41.7119538726374], [-70.25802370182133, 41.71261563256333], [-70.25805423113643, 41.71282250561208], [-70.25945798206462, 41.713365136905466], [-70.2594271714523, 41.7136174888859], [-70.2588461863045, 41.71448852801446], [-70.25802118737614, 41.71521845858383], [-70.25716622958633, 41.71574995800607], [-70.25530350288346, 41.71636498323349], [-70.25408111994473, 41.71759422774528], [-70.25368471841198, 41.71752629440613], [-70.25328819059494, 41.71723380926294], [-70.2545410661634, 41.716039799112984], [-70.25451070527399, 41.715535779333685], [-70.25393104935077, 41.71425417722006], [-70.25298578439396, 41.71385044274876], [-70.25118402146741, 41.71396012925939], [-70.25017737884266, 41.71356582787213], [-70.24962736173947, 41.71363463715846], [-70.24962731022639, 41.713886762004485], [-70.25026823506458, 41.71425848188921], [-70.2517024801788, 41.714737949852946], [-70.25313782650426, 41.71462311632999], [-70.25307557959923, 41.71484923465484], [-70.251976678522, 41.715581749309756], [-70.25185366388358, 41.71601542924653], [-70.25185320595361, 41.71723102832829], [-70.25243115864261, 41.71894539991149], [-70.25215663107349, 41.719425255895885], [-70.25120916276647, 41.71997652043393], [-70.25072084793159, 41.720017873435765], [-70.25053818282844, 41.719659629141916], [-70.25011048862862, 41.71965493411573], [-70.24992689447896, 41.71988196959591], [-70.24995757470846, 41.720367985461394], [-70.2506279842892, 41.72111765146844], [-70.25059712265208, 41.72150506799829], [-70.25029135727611, 41.72196769349723], [-70.24946647224974, 41.72248989954241], [-70.24754393754634, 41.72326791265545], [-70.24681199167436, 41.72393294285939], [-70.24461359380413, 41.72437132779904], [-70.24268984315795, 41.724365293629226], [-70.23924122148658, 41.72542007577258], [-70.23884372947249, 41.72542467778372], [-70.23844693492971, 41.72503252564742], [-70.23847678859262, 41.72416729951337], [-70.23734669705861, 41.72416152491666], [-70.23594190197319, 41.723915758526175], [-70.23505633600486, 41.723321755631375], [-70.23453731696718, 41.723849504232525], [-70.23264528117596, 41.7250857112681], [-70.23124276257671, 41.72769490293376], [-70.23075426816455, 41.728195398821484], [-70.23035793686228, 41.7284431059855], [-70.2298082890885, 41.72846680273613], [-70.22879963808774, 41.728036273132155], [-70.22818841073085, 41.72751168778085], [-70.22748568630502, 41.72654598097861], [-70.22605029009442, 41.72551692087298], [-70.22430892198409, 41.72467069496247], [-70.22342380103612, 41.724698479969035], [-70.2226298464578, 41.72499460265966], [-70.22150036797531, 41.72572704844174], [-70.2212561582447, 41.72572993360336], [-70.22079768298015, 41.725365727881815], [-70.22037643584002, 41.72477457451285], [-70.21991172625809, 41.72483463313868], [-70.21997422285382, 41.726139865996764], [-70.2212871805376, 41.72643207182229], [-70.22217273706093, 41.72645889793007], [-70.22250831030912, 41.726320279853965], [-70.22253889420892, 41.72604936191618], [-70.22287424545861, 41.72565861380697], [-70.22354605033392, 41.72529133488211], [-70.22412624639732, 41.725429529491265], [-70.2262032964984, 41.72664082022599], [-70.22715061163086, 41.72762165106796], [-70.2271812909435, 41.72828776502813], [-70.22699856075286, 41.72874889158126], [-70.22791444678495, 41.72863137682639], [-70.22959483713099, 41.729586045014344], [-70.23048038710817, 41.729747873474835], [-70.23127498529229, 41.729685257310884], [-70.23243485515383, 41.729312107986516], [-70.2327402295695, 41.729407803451195], [-70.2328318977329, 41.729956409919986], [-70.23335081703726, 41.72981586087987], [-70.23341154590227, 41.72931059612061], [-70.23313632398448, 41.72894454017016], [-70.2334109296439, 41.7278068377145], [-70.23418051661343, 41.72762123702218], [-70.2333795501675, 41.72688859233291], [-70.23344039800499, 41.72632029736218], [-70.23395884709058, 41.72574696185715], [-70.23466043933321, 41.725541467501124], [-70.23685979756532, 41.725725157202895], [-70.2377755964586, 41.72608423824638], [-70.2382650519762, 41.72686292448359], [-70.23890620129464, 41.72686496301262], [-70.24046408584846, 41.727370701969775], [-70.24061693396443, 41.72763915079507], [-70.2405258984857, 41.728027025161445], [-70.23936631146321, 41.72958885206205], [-70.23567495755377, 41.73324933184784], [-70.2348503126892, 41.73372697771109], [-70.2326212811575, 41.734551988733], [-70.22966097726533, 41.73617808058136], [-70.2283171795291, 41.736706165265616], [-70.22621047334833, 41.73796238414858], [-70.22611924225264, 41.73826076350608], [-70.22480650423532, 41.73871599334821], [-70.22474571197199, 41.73901358697876], [-70.22230290248218, 41.73984163297931], [-70.21827251272074, 41.74208179983367], [-70.21607420762605, 41.74297887440072], [-70.18925466607365, 41.75197843536664], [-70.1882776947205, 41.75161038207767], [-70.18726960360004, 41.7508373188772], [-70.18675011773416, 41.75062647624913], [-70.18207594643144, 41.75088145440146], [-70.17975458156016, 41.751292979575396], [-70.17602775670014, 41.75223178058757], [-70.17388883330192, 41.75302800281197], [-70.17159763873353, 41.754150514438365], [-70.17043696023619, 41.754216324639025], [-70.16936761543305, 41.754497611994516], [-70.16509089501648, 41.75589224507824], [-70.16344117775742, 41.75563877922291], [-70.16252441445617, 41.75570174322637], [-70.16038561430811, 41.75620956907023], [-70.15827805739703, 41.75614086518632], [-70.15616988880384, 41.75636926737056], [-70.15616973722992, 41.75616215941229], [-70.15467316879344, 41.75522264523314], [-70.15357399145599, 41.75488267691686], [-70.15287183067943, 41.75419621388736], [-70.15290224330873, 41.75355611981563], [-70.15271966422472, 41.75316169639277], [-70.15394136792209, 41.752429320416546], [-70.15482813562853, 41.75096979279627], [-70.15501523121316, 41.74947273312308], [-70.15516842983958, 41.74924604996099], [-70.15516831306238, 41.74887685914998], [-70.15495428756945, 41.74876233673746], [-70.15434371912414, 41.74890313773771], [-70.15345661200907, 41.74947063703075], [-70.15247605192833, 41.75099376526253], [-70.15140549713844, 41.7537156862717], [-70.15351295584072, 41.75556743216245], [-70.15400096081899, 41.75675167963912], [-70.15247266298722, 41.75656871246449], [-70.1511901168046, 41.7566897271805], [-70.14899008548038, 41.75726133617376], [-70.1467286616801, 41.7581034382859], [-70.14336702506215, 41.75967696895889], [-70.14153415038511, 41.76006483621568], [-70.13936516950292, 41.759681014236506], [-70.13826581257734, 41.75933189142446], [-70.13710464639355, 41.75936133908496], [-70.13447676854278, 41.76038678767013], [-70.13184965803548, 41.75988139442092], [-70.13050530896695, 41.759444271968235], [-70.12754198742543, 41.7590050847442], [-70.12447024446911, 41.75887292060179], [-70.12404132851874, 41.758616172333596], [-70.12446983165437, 41.75836865417648], [-70.12482471106817, 41.757473597880086], [-70.12506915351123, 41.75729139027934], [-70.1269028107854, 41.75688578775292], [-70.12794236474737, 41.756217899782825], [-70.1286748171729, 41.7561299203097], [-70.12933054457874, 41.75518669564087], [-70.12852342349456, 41.755077365927775], [-70.12638428710719, 41.756287479058805], [-70.12558893182893, 41.75655646658943], [-70.12410146424598, 41.75669721574417], [-70.12260547410716, 41.7579994452079], [-70.1218731411794, 41.7589163801671], [-70.11710877984297, 41.76088131469379], [-70.11655934187709, 41.76093204799148], [-70.11500088811427, 41.76063171369958], [-70.11478724903496, 41.7612284902361], [-70.11445118361442, 41.76145683647524], [-70.11203821519122, 41.76230879514259], [-70.11020621491092, 41.76269560938849], [-70.10852547244, 41.762694226335235], [-70.10635616682963, 41.76315621226578], [-70.09606130523788, 41.76654276348077], [-70.09147905257353, 41.768351303640245], [-70.0904403262502, 41.76863167274592], [-70.08646829001688, 41.768398987156914], [-70.08509271501913, 41.76851135423346], [-70.08234331234308, 41.76911369666222], [-70.07870782858944, 41.77071514213865], [-70.07720991694009, 41.771557524149216], [-70.07421612480505, 41.77240537692746], [-70.07314700936769, 41.77292890088897], [-70.07097697449441, 41.77297599256392], [-70.06941860972785, 41.77219778479532], [-70.06874623187126, 41.77204188709388], [-70.06727944872364, 41.772109559202455], [-70.06431520079555, 41.77283990053644], [-70.04686558977063, 41.77871942701864], [-70.03488386593452, 41.78334079488078], [-70.03411950596717, 41.783816099085946], [-70.03231609672704, 41.78448062868625], [-70.03023697342925, 41.78550795816615], [-70.02901422809533, 41.78637465371662], [-70.02727118720802, 41.78697572485296], [-70.02516226121638, 41.7873818079703], [-70.02397109074289, 41.78704108594863], [-70.02348124676682, 41.787379175114], [-70.02122012129033, 41.7867414663112], [-70.02094470456244, 41.78655498114957], [-70.02097544432357, 41.786104575313196], [-70.0207622578499, 41.78600725733304], [-70.01993700565346, 41.78600554665179], [-70.01960030327376, 41.78614356208455], [-70.01958239820016, 41.78642923323313], [-70.0203485220576, 41.786289478031456], [-70.02093749469249, 41.78715821184997], [-70.0222592123016, 41.78749503067622], [-70.02286925989112, 41.788348268798764], [-70.02283831513468, 41.78864559007287], [-70.02173875796343, 41.78811524235887], [-70.02097441005463, 41.78811264116588], [-70.02097449957007, 41.78831975363173], [-70.0221357387658, 41.7894176505914], [-70.02188993515543, 41.79001384716291], [-70.02014760702762, 41.79177700773727], [-70.01916816012081, 41.79255108323951], [-70.01849532917267, 41.79351204765793], [-70.01663070747843, 41.79459088711231], [-70.01620228728726, 41.795000095909124], [-70.01537552591708, 41.79636763347959], [-70.0135104091074, 41.79712280529824], [-70.01393809077213, 41.79742497962733], [-70.01402913093999, 41.79764959940086], [-70.01387618877774, 41.79790311785397], [-70.01253084519074, 41.79865323155357], [-70.01152196307679, 41.79884266975905], [-70.00867762576398, 41.7999119607113], [-70.0070884780313, 41.79929571067262], [-70.00556055469552, 41.79939049937367], [-70.00497828037099, 41.800872605399135], [-70.00450138545399, 41.800922066852955], [-70.00296160592005, 41.79940423173121], [-70.00247272077972, 41.799227842583576], [-70.00024036909306, 41.799724712688835], [-70.00098764398268, 41.80009192384298], [-70.00088108190404, 41.800289755099705], [-70.00110263359309, 41.800415922998006], [-70.00121666931238, 41.80020411970741], [-70.00192934211027, 41.80005928042033], [-70.00296598854759, 41.80024343034512], [-70.00275911257155, 41.799860257364585], [-70.0032361313229, 41.800158055073936], [-70.0034192799485, 41.80046268581862], [-70.0041833017958, 41.800870617432395], [-70.00427410060448, 41.80169800525004], [-70.00473251639983, 41.801811515395656], [-70.0052221859494, 41.80169862358288], [-70.006476750146, 41.79986851000939], [-70.00748536405037, 41.800093898850776], [-70.00846256463207, 41.80077867809166], [-70.0097773859414, 41.801307464306504], [-70.00892043372086, 41.801945732305825], [-70.00870632171596, 41.8024336957957], [-70.00693148608043, 41.80398068328858], [-70.00641174977744, 41.805200786230955], [-70.005523638317, 41.80592923280526], [-70.00448450679473, 41.806569019697875], [-70.00316929740895, 41.806823591459185], [-70.0016095036077, 41.80738672694519], [-70.00056936883493, 41.808098504679386], [-70.00050774607024, 41.80872015556158], [-70.00148554235332, 41.809269928393], [-70.00127093677963, 41.80983947889204], [-70.00206554488314, 41.81039077751572], [-70.00206545381948, 41.81057087358847], [-70.00130103769973, 41.810703778862], [-70.00197316977841, 41.81112120882953], [-70.00279843827826, 41.81102399206193], [-70.00319683043375, 41.81073262600522], [-70.00322709285919, 41.810452747040046], [-70.0021876168036, 41.80988529510297], [-70.00212696519458, 41.80969708445825], [-70.00347228756817, 41.8091716478016], [-70.00347293506485, 41.80891952017747], [-70.00292291934556, 41.808491883743464], [-70.00289228786583, 41.80825848063033], [-70.0038405778399, 41.808511247976355], [-70.00527542746642, 41.810408146762896], [-70.00524468732414, 41.81125476309848], [-70.0056718805384, 41.81169259672077], [-70.00564110525482, 41.81233210089547], [-70.00518154698096, 41.81263336671312], [-70.00377599281576, 41.81256483862643], [-70.00313352890502, 41.81274156721827], [-70.00151077658732, 41.81546673181282], [-70.00001006752767, 41.81715510709127], [-69.99943244307256, 41.8184430809268], [-69.99876194798327, 41.81945630648235], [-69.9978241319223, 41.81955144990473], [-69.99725544274146, 41.819275498213955], [-69.9961730855068, 41.81942218927463], [-69.99662180035284, 41.818675074677756], [-69.99641899088918, 41.81813435927286], [-69.99570757560365, 41.81780192520036], [-69.99534134445788, 41.81806611302591], [-69.99447649970794, 41.81816219172719], [-69.9943286578527, 41.81832176430949], [-69.99490148538345, 41.81843738622997], [-69.99540847963189, 41.818281990330256], [-69.99590657115175, 41.81850411652958], [-69.9961173655906, 41.818721888484966], [-69.99538221128718, 41.8194117550462], [-69.99530328759353, 41.81967973401223], [-69.99544224022553, 41.81989712183709], [-69.99615913365798, 41.820014075428304], [-69.99643630946969, 41.82044827627885], [-69.99679838285671, 41.82034499205456], [-69.9966703045719, 41.81969776687059], [-69.99696015455285, 41.81959409267483], [-69.99845994809324, 41.82004439951503], [-69.99948149835731, 41.81941231222191], [-70.000283692727, 41.81919718255426], [-70.00092748595443, 41.81731800496606], [-70.00239681505806, 41.81640474926105], [-70.00355831491407, 41.81631306793214], [-70.00383337386911, 41.81651816161064], [-70.00416824634769, 41.81768587057271], [-70.00376161295952, 41.82907392569618], [-70.00428084015327, 41.829987975974674], [-70.00427540707663, 41.835851748669604], [-70.00448759310177, 41.838822190362144], [-70.00552176625007, 41.84596420262892], [-70.00652669874066, 41.85135944171682], [-70.0067392090583, 41.853969122325694], [-70.00768428178279, 41.858104011770074], [-70.00798527115388, 41.86359526280567], [-70.00877850265665, 41.86710119136505], [-70.0092952423264, 41.87174429795144], [-70.0090179528825, 41.8738449874855], [-70.00901368521609, 41.87661897658077], [-70.00870766506969, 41.87693689990275], [-70.00830762660318, 41.87885870111959], [-70.00778745588494, 41.87941301303139], [-70.0068382451779, 41.87925032979644], [-70.00579727255605, 41.879709457825825], [-70.00527662365991, 41.87970489101269], [-70.00490987359031, 41.87938379273121], [-70.00426716066978, 41.87954252280081], [-70.0035930417837, 41.88041334375964], [-70.00356157840011, 41.881079850545824], [-70.00420420698487, 41.881470979751626], [-70.0042346156372, 41.881876032229066], [-70.00405039332585, 41.88226476433418], [-70.00466209400531, 41.882979658660076], [-70.00463168418794, 41.883232520627104], [-70.00322260856309, 41.883712691333926], [-70.00270147778664, 41.88409587683503], [-70.00123077439184, 41.88594619857572], [-70.00018957686216, 41.88693655862092], [-69.99861812463863, 41.8875265375147], [-69.99870294132387, 41.886787569326664], [-69.99931844798205, 41.88647655545624], [-69.99969615493889, 41.88574087447806], [-69.99963588178439, 41.88543785782373], [-69.99943849989272, 41.88521633317011], [-69.99846827567049, 41.88528743041305], [-69.99840840525752, 41.88496753426946], [-69.99868704580187, 41.88460087649575], [-69.99842583669164, 41.884227679557796], [-69.99780200851178, 41.88394988839221], [-69.99768665515947, 41.883124428360965], [-69.99718965360232, 41.8832017425493], [-69.99690309792696, 41.8838879639057], [-69.99660819919106, 41.884001705274784], [-69.99660303648722, 41.88422056716546], [-69.99715554494534, 41.8846482566754], [-69.99775959554175, 41.88479071859917], [-69.99784560389934, 41.8849601283202], [-69.99758122827505, 41.88663829961015], [-69.99696443986659, 41.88705115445536], [-69.99656772329861, 41.887617173146374], [-69.99618163555907, 41.8877803645721], [-69.99523189304597, 41.88891202322494], [-69.99454933886065, 41.88920581001252], [-69.99518468667556, 41.889954272447035], [-69.99552319166361, 41.88992496663768], [-69.99594612516103, 41.890132023458534], [-69.99662873404213, 41.88978813967913], [-69.99766008010816, 41.88998688075672], [-69.99834342377184, 41.88965931777229], [-69.99878780319828, 41.88988353015442], [-70.0003383020577, 41.89125857436646], [-70.00134794365229, 41.89185320830768], [-70.00211374885185, 41.8919910161036], [-70.00330621898574, 41.89283622642845], [-70.00269279434868, 41.894579617140664], [-70.00177393262362, 41.89468687440919], [-70.00125342172163, 41.894943432218206], [-69.99993514441285, 41.89645018090611], [-69.99971922540675, 41.89811829900482], [-69.99912525484376, 41.89853371749838], [-69.99896039824017, 41.898800568731616], [-69.99906581023174, 41.89913850962991], [-69.99888032584178, 41.89933755344531], [-69.99865590733691, 41.899334602233715], [-69.99814807016332, 41.89890751000843], [-69.99742576131503, 41.89898242517682], [-69.99739959231101, 41.899149795431775], [-69.99780953079711, 41.8998789525331], [-69.99947256314942, 41.9000837341088], [-69.99974805784484, 41.90004514486906], [-69.99996256389672, 41.89970127843334], [-70.00170822770609, 41.89988403833614], [-70.00317776414506, 41.90050157267396], [-70.0032377969312, 41.90096047919595], [-70.00237892971793, 41.901940869542244], [-70.00244101481438, 41.90226416854128], [-70.00265534072832, 41.9024245638724], [-70.003481876656, 41.90214724786558], [-70.00464577747496, 41.9011370773434], [-70.00568662728325, 41.90116421348331], [-70.00590087731314, 41.90150469765923], [-70.00559351713054, 41.90333540235454], [-70.0056834620969, 41.905667696446955], [-70.0053157393351, 41.9060399587332], [-70.00476500058473, 41.90615262364442], [-70.00467273350438, 41.90539726342488], [-70.00375580058842, 41.90491868902455], [-70.00298893565807, 41.90497954901243], [-70.00213203471496, 41.905329064737714], [-70.00124238677789, 41.90638164456193], [-70.00066087254652, 41.906585059449164], [-69.99946644727389, 41.90646918905671], [-69.99869525973995, 41.90626488464332], [-69.99827617542987, 41.905889613066535], [-69.9978717507281, 41.90586740875774], [-69.99627115845264, 41.906889208452995], [-69.99562206729561, 41.90768827675569], [-69.99456497724815, 41.90859902521231], [-69.99396698825315, 41.91007130536294], [-69.99345071830221, 41.91001440514814], [-69.9931415423126, 41.90879917741118], [-69.99271611131877, 41.90869282046435], [-69.99269424070275, 41.90961721391216], [-69.99243925193807, 41.90993351839224], [-69.9919444176579, 41.90991009962953], [-69.99132672166877, 41.90936390142524], [-69.99101348342258, 41.90929222584128], [-69.99098371773951, 41.90959461952515], [-69.99179050368615, 41.91069880220825], [-69.99115088410325, 41.9110938799648], [-69.99089389591587, 41.91149401208664], [-69.98935900172157, 41.9116251087281], [-69.98924000277059, 41.91189311611764], [-69.98968844640477, 41.91198290614072], [-69.98997269118404, 41.912356426026655], [-69.98900158196496, 41.912478651468], [-69.98865737595719, 41.912743115025854], [-69.98875403490212, 41.9134169420003], [-69.98936631907104, 41.91322299845661], [-69.9893702948951, 41.9130553362769], [-69.99013873002072, 41.912964758641266], [-69.99109363983176, 41.912556406437325], [-69.99154287676761, 41.91261299429819], [-69.9918465817033, 41.913088070581736], [-69.99249059730691, 41.9125078853212], [-69.9925905445512, 41.912105113780754], [-69.99187524535805, 41.9118773013939], [-69.99219881172219, 41.91154501967792], [-69.99310291883096, 41.911371793776354], [-69.99409101415125, 41.91148613414255], [-69.99563694376523, 41.91280151699378], [-69.99563177539115, 41.91302037831551], [-69.9949303418527, 41.91314564404147], [-69.99435495544449, 41.91367609573671], [-69.99372402724147, 41.914643108109374], [-69.9940261305138, 41.91521889835366], [-69.99500120238052, 41.91587109550678], [-69.9984396106551, 41.91521004797262], [-70.00053161264398, 41.91406184977363], [-70.00099111375448, 41.91328277715507], [-70.00108354101855, 41.91273300939514], [-70.00083880671009, 41.91237466962315], [-69.99860294350135, 41.91210047354013], [-69.99787335840949, 41.911519072534674], [-69.99666911946254, 41.91104904344796], [-69.99620486629988, 41.91063940191969], [-69.99589117399036, 41.910618385956276], [-69.99567395130536, 41.91024520135852], [-69.99585868044267, 41.91007992047758], [-69.99651171253281, 41.910088521484205], [-69.99780040851124, 41.91079435149757], [-69.99946245613695, 41.91033332366808], [-70.00117817238215, 41.91026412250993], [-70.0011174163915, 41.91001231611977], [-70.00068838080901, 41.90967406819871], [-70.00068824063449, 41.90943994150323], [-70.00188316391267, 41.90916859845762], [-70.00286338001888, 41.90916851141634], [-70.00448524687997, 41.90953307454653], [-70.00558901854014, 41.90946929758299], [-70.00730271549466, 41.90974216037351], [-70.00883383905574, 41.91025123981258], [-70.01030324974623, 41.911273891463374], [-70.01183415491353, 41.911665864824634], [-70.01299740892614, 41.911556641636544], [-70.01379375295062, 41.91125240550807], [-70.01452990515337, 41.91075040137262], [-70.01505028697109, 41.91105207674063], [-70.01556979656766, 41.91203810106992], [-70.01602866228062, 41.91215099737286], [-70.01627404794782, 41.91203205908304], [-70.01627439406569, 41.91180694429365], [-70.01502009163192, 41.90997167384512], [-70.01364257088885, 41.909497319938176], [-70.01333614369695, 41.90914889764216], [-70.01373495484198, 41.90876688432232], [-70.01379656886454, 41.90837035050266], [-70.0109795259239, 41.90732285936368], [-70.01098014471202, 41.907070733456464], [-70.01174496479172, 41.90700135094019], [-70.01266352409814, 41.90731723224164], [-70.01300067171792, 41.907188240477396], [-70.01257201636353, 41.90691251332983], [-70.0125116620741, 41.90670630542121], [-70.01468523301764, 41.90686742368413], [-70.01471624260438, 41.90658755337099], [-70.015083935717, 41.90652142356956], [-70.0171350590992, 41.90684523970125], [-70.01719689815869, 41.90650273584743], [-70.01768616208497, 41.906570434154226], [-70.01989114358508, 41.90748769878011], [-70.02234001164689, 41.90913183440881], [-70.0255535341334, 41.91169696120014], [-70.02637970728344, 41.91260866489295], [-70.02708406324389, 41.91375516561086], [-70.02956356784401, 41.91606532337109], [-70.03231740292107, 41.92040895594004], [-70.03265413214218, 41.92173866749838], [-70.03265412840436, 41.922720183381216], [-70.03213298550504, 41.9243731709919], [-70.03112117817984, 41.92485091968387], [-70.0307536808181, 41.924872081012374], [-70.03053896286892, 41.924738749794415], [-70.03017264120605, 41.92281490128089], [-70.0294383723648, 41.92148850535632], [-70.02943867186646, 41.9204799783141], [-70.02848980979515, 41.91942545646201], [-70.02751032696649, 41.918767865779124], [-70.0274487748309, 41.918399003084254], [-70.02659181775404, 41.91866765909972], [-70.0241721161406, 41.918671306018375], [-70.02340603628836, 41.918903405398005], [-70.02273190867963, 41.91937812924282], [-70.02254802301154, 41.919703860991284], [-70.02276192480096, 41.92084572949157], [-70.02340447440774, 41.921506321271124], [-70.0245678743552, 41.922243426480904], [-70.02355517594242, 41.92560317927677], [-70.0233711492266, 41.92590189627972], [-70.02251286607292, 41.92628756761834], [-70.02223718948504, 41.927271709233025], [-70.0224816082297, 41.928918237874164], [-70.02370601629869, 41.930816625221844], [-70.02379622550923, 41.93209477613974], [-70.02410297899016, 41.93287539922518], [-70.0270735253527, 41.93347035013064], [-70.02832990556035, 41.93352200104089], [-70.02863661015319, 41.93296991020181], [-70.0286675651736, 41.932168325015446], [-70.02854505059847, 41.932006912732625], [-70.02716641397512, 41.932028539225385], [-70.02689133654405, 41.93191355816224], [-70.02689128774107, 41.93150834441495], [-70.02713608322526, 41.931254303643406], [-70.0285150722659, 41.930890502396906], [-70.02891330451024, 41.93061704837195], [-70.02891380135728, 41.9302202837081], [-70.02477856344687, 41.9297893102831], [-70.02483971743507, 41.929329169949526], [-70.02848494218574, 41.92958499053887], [-70.0292814112619, 41.92937969863197], [-70.02977167906874, 41.92880801948024], [-70.03013974495852, 41.92871426768338], [-70.03053699305964, 41.92915216935005], [-70.03102756655765, 41.92939991938986], [-70.03369246831798, 41.93002453584307], [-70.03638779589163, 41.9301801082946], [-70.04499550731438, 41.93004808703164], [-70.04879406341149, 41.92940080179819], [-70.05118376949126, 41.92881150522651], [-70.05773888636888, 41.926040548919474], [-70.05982238283688, 41.92576912403327], [-70.06346758527256, 41.9280768944706], [-70.06601022365392, 41.92872003909733], [-70.06607102048183, 41.928881760855376], [-70.0651832097503, 41.92901581127475], [-70.06457000629642, 41.92947184665129], [-70.06408016050872, 41.93008869987645], [-70.06484606858471, 41.93123460302434], [-70.06548950100498, 41.931327667619904], [-70.0673884451692, 41.93094066395321], [-70.06839914311769, 41.93057120132242], [-70.07057414824232, 41.9288127061485], [-70.07097234477466, 41.92794423711785], [-70.0707571274738, 41.92485688468663], [-70.06965488121128, 41.92343498052129], [-70.06904154240358, 41.92317966867566], [-70.06726502701511, 41.92327726966893], [-70.06603963037107, 41.92316283834913], [-70.0653972166657, 41.9227270481514], [-70.06490676389716, 41.92270456502033], [-70.06306891255814, 41.92355040651664], [-70.06233385675014, 41.923530462399484], [-70.05780115048199, 41.92107750152884], [-70.05691280127213, 41.92092332970795], [-70.0545236999714, 41.92189995165969], [-70.05424802897718, 41.9215784837447], [-70.05418640352305, 41.92105655681641], [-70.05492164215246, 41.91988793639438], [-70.05580999305644, 41.91917711059294], [-70.05822971616877, 41.917741047642835], [-70.0625780248902, 41.9155660809993], [-70.06499757438608, 41.91394077733866], [-70.06585566642214, 41.91282484734459], [-70.06689650473297, 41.91252669131564], [-70.06726379185352, 41.91222626702813], [-70.06717188987791, 41.91184016377356], [-70.06600828357811, 41.911634769413496], [-70.0647226554732, 41.91186286812627], [-70.06606859228668, 41.90477114328467], [-70.0665281684405, 41.90351456999416], [-70.06655891486135, 41.90241582135777], [-70.06542591039047, 41.90074191276021], [-70.06594574364014, 41.90030496288516], [-70.0674762828825, 41.90014633622823], [-70.06775242664006, 41.90026123404803], [-70.06781393593924, 41.900675095750366], [-70.06873208171426, 41.90064834053313], [-70.06885508910605, 41.900403942169206], [-70.07023276486271, 41.899688448573585], [-70.07084504137188, 41.899007257019484], [-70.07078339914102, 41.897674917707754], [-70.06925167495342, 41.89230356853373], [-70.06928201663686, 41.89095211956613], [-70.06958799593039, 41.889165709100766], [-70.06955685201898, 41.88761707437551], [-70.06906721869275, 41.884316343898625], [-70.06922009236861, 41.8834948934777], [-70.0690667061431, 41.88294706067305], [-70.06609692689314, 41.87825548070466], [-70.06612741520698, 41.877552933867086], [-70.06664763722956, 41.87782679628348], [-70.06729090938043, 41.87899197847076], [-70.07023018489667, 41.883269490242085], [-70.07004738277291, 41.89257523820859], [-70.07053804686846, 41.894777402026044], [-70.07121219775877, 41.89649110433976], [-70.07173262509211, 41.898612029012405], [-70.07207116554923, 41.90774137936628], [-70.07201098921719, 41.91494717789889], [-70.07237887884999, 41.91688890705399], [-70.07293047308235, 41.918720934779984], [-70.07305419394802, 41.92091793021119], [-70.0729941294903, 41.92608810567639], [-70.07336162651583, 41.92860668436538], [-70.07357786647175, 41.9363319995132], [-70.07400701449811, 41.93864254730396], [-70.07495756950638, 41.9401559338811], [-70.07621365197764, 41.941323627592986], [-70.0774091424169, 41.94377146167362], [-70.07750187297012, 41.94550882240816], [-70.07692126919494, 41.95042262302516], [-70.0772587561182, 41.950788699701], [-70.07689160902876, 41.95443100155777], [-70.07686145001031, 41.95667390326262], [-70.0775671942503, 41.95836036485405], [-70.07772086829551, 41.9592779351648], [-70.0772305139385, 41.961380600272925], [-70.07689403955877, 41.96396861508439], [-70.07674232415475, 41.96893277121465], [-70.0769583583688, 41.97202010367088], [-70.07708259680004, 41.97867436650801], [-70.07748217603815, 41.982174250863125], [-70.07742203169074, 41.98548888276138], [-70.07757564151127, 41.986496494999166], [-70.07950831889244, 41.990801646187236], [-70.07947766609385, 41.991144002418196], [-70.07871136917892, 41.9913224491519], [-70.07742352486281, 41.99068567746471], [-70.07674940270473, 41.99077352370316], [-70.07595170732283, 41.991141220344026], [-70.07368295982427, 41.99091877631381], [-70.0736519809967, 41.99068539585294], [-70.07454076892081, 41.99020854467438], [-70.07447977835014, 41.98986673507757], [-70.07371324367661, 41.99020722812353], [-70.07325368562087, 41.99011257337225], [-70.07322248876922, 41.98965351225595], [-70.07260917171793, 41.98945225729611], [-70.07217957059088, 41.98901467171722], [-70.07168934415802, 41.989127296143096], [-70.07086147283978, 41.98899088538695], [-70.07083039087784, 41.98970298611933], [-70.07205745295552, 41.99032162761895], [-70.07248728104095, 41.99137152908713], [-70.07245646939663, 41.991668858910394], [-70.07221111151607, 41.991878528609014], [-70.06981963641586, 41.99245025711995], [-70.06761204971487, 41.9934975447449], [-70.06687588271565, 41.99402690722797], [-70.06610979593478, 41.99521378894393], [-70.06543498657503, 41.99558014065015], [-70.0635640484986, 41.996110996472325], [-70.06362565774161, 41.99627272788885], [-70.06402444509853, 41.99640380167545], [-70.06561908520929, 41.99606475968989], [-70.06632431149751, 41.99567121167773], [-70.06776529528416, 41.994297497713], [-70.07165932595863, 41.992766468258125], [-70.07248714011993, 41.99272277987814], [-70.07408202798786, 41.994049474507264], [-70.07549336370454, 41.995675512824654], [-70.07579996194355, 41.99564556519636], [-70.07610635258202, 41.99510235260867], [-70.07659638132323, 41.99528685778758], [-70.07757883833092, 41.997961628030296], [-70.07785571240682, 41.99828304649896], [-70.07819280548762, 41.9983069363207], [-70.07831538810511, 41.99793645879374], [-70.07828397696132, 41.99679304898756], [-70.07797632090532, 41.99516558378935], [-70.07791486453863, 41.99379724784115], [-70.07751637004088, 41.99345011614564], [-70.07628974563914, 41.9932451886977], [-70.07628962567959, 41.99306509539194], [-70.07785326930492, 41.992789656212125], [-70.0786812410759, 41.99196196312413], [-70.07950891502833, 41.99200826821069], [-70.07917231495502, 41.99274077322123], [-70.07941816728983, 41.99514355004195], [-70.08043404415078, 42.00085662874063], [-70.08166153583166, 42.0044478019341], [-70.08209240159752, 42.00646116402067], [-70.08316659148291, 42.00927039524082], [-70.08378146447687, 42.012038471774815], [-70.08451816294472, 42.01403140849628], [-70.08565410888667, 42.016551541288784], [-70.08605305934057, 42.017124323492446], [-70.08623710059402, 42.0178250138297], [-70.08691262721798, 42.01906191967265], [-70.08691283945164, 42.01934106318237], [-70.08807979053006, 42.02196904267656], [-70.08958392216768, 42.024900004271515], [-70.09250040261189, 42.02907857313048], [-70.09560178603545, 42.032832179156195], [-70.10180399286493, 42.038663714318986], [-70.10806690511839, 42.04360193892752], [-70.11095286045354, 42.04538444130664], [-70.12305117160174, 42.051671140773585], [-70.12638389175441, 42.05306523595285], [-70.13626456558784, 42.05649872339853], [-70.1374620504224, 42.057053814257934], [-70.13973161807547, 42.058698229494524], [-70.14055986207859, 42.05911326889432], [-70.14365975036218, 42.06025308696882], [-70.14488733528522, 42.06094352093646], [-70.14599191985955, 42.06132915073431], [-70.1482942939634, 42.061945590084306], [-70.15056599778887, 42.062319065278466], [-70.15541573276344, 42.062405405526455], [-70.16978308129063, 42.05973691434859], [-70.17681278918735, 42.05719701130787], [-70.17847040601933, 42.05641421444016], [-70.1812331637402, 42.05468348316537], [-70.18411836219929, 42.05241102007192], [-70.18500783866416, 42.05157314794838], [-70.18506933375518, 42.05133805334937], [-70.18442535133086, 42.05085848649896], [-70.18494653647436, 42.05037542857971], [-70.1852848722046, 42.0503359827728], [-70.18638972020291, 42.05076624725353], [-70.18681992760474, 42.050446465813536], [-70.19053294727969, 42.045850091852074], [-70.19298757374924, 42.041275813029436], [-70.1944614114605, 42.03946757224626], [-70.19467546435331, 42.03898828226803], [-70.19485948354395, 42.03800440613853], [-70.19406184200783, 42.03738244615026], [-70.19399998578919, 42.03706771355464], [-70.19424586604576, 42.03639857080941], [-70.19485923942375, 42.036103924110996], [-70.19679223860373, 42.036948167878734], [-70.19798896091447, 42.03717902281707], [-70.19829523566952, 42.03696865485676], [-70.19734410226482, 42.036744539005966], [-70.19685387413932, 42.03635345790678], [-70.19614738155067, 42.03480228927536], [-70.19587138196265, 42.03475130786418], [-70.1953501485552, 42.034161770897626], [-70.19501213562103, 42.03253488213831], [-70.19307823118169, 42.02757391730376], [-70.19163584628747, 42.02553538743888], [-70.18755535948529, 42.023109800690655], [-70.18445695040975, 42.02441192007249], [-70.18448686052334, 42.02475386750414], [-70.18595962845426, 42.024323953667526], [-70.18681950541965, 42.024369283170806], [-70.18691092934156, 42.02463877548785], [-70.18663523824556, 42.024776303691105], [-70.18482555684278, 42.02514663855359], [-70.18114312706605, 42.02510367779178], [-70.17976321120479, 42.02567585809099], [-70.1789651923342, 42.02546798566906], [-70.18062186555136, 42.024252943187236], [-70.18178818215802, 42.0231509724983], [-70.18175696473486, 42.02285459372868], [-70.18129723236537, 42.02285886166497], [-70.17899666512335, 42.02413457492216], [-70.17859727244422, 42.02510299799851], [-70.17859681947111, 42.025742303947105], [-70.17755409468624, 42.02608648974496], [-70.1763265599336, 42.02617077722611], [-70.17577460514303, 42.02550988250725], [-70.1789660528951, 42.02288317474138], [-70.17893487743586, 42.02267627660269], [-70.17859669763926, 42.022787739006226], [-70.1772777858129, 42.02356713201902], [-70.17565201957986, 42.02479993054561], [-70.17534538516638, 42.02528036588079], [-70.1734424814115, 42.026678193603644], [-70.17374881935295, 42.026792049482616], [-70.17512975141848, 42.026084324083186], [-70.17549835678679, 42.02610772703298], [-70.17601916633424, 42.02663319674817], [-70.17970099177502, 42.02603700350251], [-70.1816652581933, 42.02551264252439], [-70.18197180009825, 42.02565349177671], [-70.18194051776008, 42.02585179039429], [-70.17807492512632, 42.026702556746876], [-70.17617288463087, 42.02731649521047], [-70.17457714667047, 42.02809884466872], [-70.17227628013778, 42.02969858023953], [-70.17126294111186, 42.030708812775025], [-70.16923788114096, 42.03333256460128], [-70.16794846064018, 42.034345747341526], [-70.16742672234376, 42.03429690050755], [-70.16739652218587, 42.03404498854573], [-70.16880824032631, 42.0319859118513], [-70.16890016011307, 42.031597541476614], [-70.1683786318939, 42.03148567040708], [-70.16840977750259, 42.030953648195975], [-70.17015923740206, 42.02862103829095], [-70.17359604248475, 42.02581161343476], [-70.17387212149221, 42.02534939996094], [-70.17516125196782, 42.02422809651501], [-70.17641848541598, 42.023476715314416], [-70.17678662677302, 42.02301387195984], [-70.17795268842713, 42.02238016490505], [-70.18019291600147, 42.02155512141895], [-70.18626728116386, 42.0198624435464], [-70.18755565394041, 42.01976749352333], [-70.19083795442815, 42.02002177710403], [-70.1942130438358, 42.02097767750562], [-70.19669749023792, 42.022419697479734], [-70.19869151300507, 42.02384032609989], [-70.20025669504425, 42.02464375110699], [-70.21059920833692, 42.03289396047413], [-70.21176575712735, 42.03429601879807], [-70.21311661436062, 42.036515590998135], [-70.21388470154653, 42.03856989516165], [-70.21492873118201, 42.04049560467319], [-70.21563596092425, 42.04156886768401], [-70.2164948625007, 42.04247893609502], [-70.21769285499892, 42.044583054105104], [-70.2187056120263, 42.045842057008144], [-70.22417224007744, 42.05096298403195], [-70.22668958359975, 42.052908932631425], [-70.22972928115811, 42.05475876201318], [-70.23332307984653, 42.057800953463754], [-70.23292465205732, 42.05780498457591], [-70.23237068263899, 42.05750508614836], [-70.23224851326816, 42.057686069192485], [-70.23353868514658, 42.05867225035869], [-70.23360022835872, 42.05920305695966], [-70.2332323995804, 42.05922487356234], [-70.23255643729387, 42.058925876987], [-70.23120504988452, 42.057715587798874], [-70.2308672598867, 42.0575570817197], [-70.23019180953422, 42.05755521717092], [-70.22831998446571, 42.05880910008309], [-70.22767648587079, 42.05947389150763], [-70.22764566923425, 42.05984384931909], [-70.22896502303914, 42.05899184860171], [-70.22924093935292, 42.059015734842205], [-70.22991740160477, 42.05983700387178], [-70.22994836599014, 42.06002587419839], [-70.22838326930398, 42.06142103958758], [-70.22807658972653, 42.06142438508662], [-70.22795331996305, 42.0612631894731], [-70.2271861322062, 42.06135258171812], [-70.22691003779366, 42.06114860336992], [-70.22583595873786, 42.06121431295758], [-70.22847586475882, 42.06247387853915], [-70.22899848986987, 42.06256747485031], [-70.22912110911481, 42.062818141852844], [-70.23710477415706, 42.06571358362195], [-70.23747313473183, 42.06562873036332], [-70.23771880793781, 42.06525663831186], [-70.23906874732488, 42.06425122442718], [-70.23940579168107, 42.06420259978848], [-70.23983689413645, 42.06466656314678], [-70.23962216688591, 42.065326010511285], [-70.23977579542182, 42.06624332058155], [-70.23953006969872, 42.066561390901256], [-70.239654424452, 42.06764101762855], [-70.23922476450309, 42.06797900974979], [-70.23864145262691, 42.06804799394329], [-70.23842746310743, 42.068554937890184], [-70.23741485391038, 42.069493720359475], [-70.23750746146985, 42.06971759665448], [-70.23787584592284, 42.069632742159015], [-70.24020673861365, 42.06770675070631], [-70.24057413557658, 42.06660383539764], [-70.24085020790358, 42.066240512778236], [-70.24084996345216, 42.06537610334499], [-70.24048105628664, 42.06514581305901], [-70.24041996070527, 42.0648941476047], [-70.24075736676451, 42.06450336188448], [-70.2404192282632, 42.06409276225812], [-70.24038810216025, 42.06345311867702], [-70.24063335482009, 42.06273885476646], [-70.24057099569544, 42.062055534558525], [-70.2399262025441, 42.06164774885287], [-70.239955434026, 42.060954181136616], [-70.23888115189916, 42.06047919318788], [-70.23878889765687, 42.06004766108149], [-70.23759095934581, 42.05958311606487], [-70.23719201525961, 42.05930858746442], [-70.23719181740785, 42.05912850027098], [-70.24161300011251, 42.06038657913317], [-70.2429021002053, 42.06029156888528], [-70.24354731418815, 42.06056371611266], [-70.2451750966525, 42.06209541125163], [-70.24539068144355, 42.06265153498038], [-70.24539226306487, 42.06379565266784], [-70.24434980201228, 42.06598688168499], [-70.24376695216912, 42.066587709259075], [-70.24263280067113, 42.068464456856766], [-70.24189667148549, 42.06932809064243], [-70.24073164983835, 42.070565742941355], [-70.2380930451363, 42.07288228886496], [-70.2343789186391, 42.074822781264125], [-70.23333599754075, 42.07564470119563], [-70.22563158489835, 42.07860094377834], [-70.22332898362606, 42.07926467752741], [-70.2154697973124, 42.080825672877], [-70.2137494444523, 42.081303280860844], [-70.20690323010086, 42.08189810548349], [-70.19741408537902, 42.08206066761869], [-70.19563298536634, 42.08226887374972], [-70.18930695304375, 42.08233450686593], [-70.18771060820814, 42.08204496633314], [-70.17677893176344, 42.0809866364147], [-70.17097547356506, 42.080253094726565], [-70.16750576482337, 42.07955038267112], [-70.16016759942103, 42.078634088058344], [-70.15282990346104, 42.0766362394857], [-70.14862372913714, 42.0760210782865], [-70.14647438556253, 42.07546611624033], [-70.14441767305753, 42.075333165121215], [-70.14104112842196, 42.074096674358344], [-70.13873819577591, 42.073453637472454], [-70.13738780228927, 42.07326873909094], [-70.13391951427094, 42.07205964444783], [-70.13143260249328, 42.071373180350626], [-70.12716583918781, 42.07040588988825], [-70.12446472037803, 42.06997332942065], [-70.1159746208177, 42.06764633243469], [-70.11087788223684, 42.06588500276754]]], [[[-70.00710264895407, 41.89217231165464], [-70.01215506085823, 41.89165071713129], [-70.01310439897037, 41.8913805622133], [-70.01634954422079, 41.89135243907404], [-70.01714595374074, 41.891470845512664], [-70.01745189075986, 41.89167573881322], [-70.01763452416571, 41.89234052520471], [-70.01867587667995, 41.892339974125605], [-70.02066498580506, 41.89330451853251], [-70.02351098517164, 41.8953415516994], [-70.02473466475725, 41.89737500364016], [-70.02476509189009, 41.89833834409873], [-70.02433548763189, 41.89881961176628], [-70.02360065893569, 41.89899752231519], [-70.02164136783692, 41.89881627091187], [-70.02056943921208, 41.89888005037751], [-70.01857915026206, 41.89954648198052], [-70.01557819932115, 41.90023069614345], [-70.01325008702044, 41.901052477762185], [-70.01156637147679, 41.900778966617395], [-70.00850505985274, 41.90068892283964], [-70.00798489753973, 41.90027015639199], [-70.00798469994709, 41.89997299554685], [-70.0082293450115, 41.89983605556678], [-70.01172008730143, 41.90039038796342], [-70.01273065080505, 41.90016549393287], [-70.01270030829771, 41.899319211408205], [-70.01196641038509, 41.8981007545209], [-70.01058903684459, 41.897068064402504], [-70.00838568652318, 41.896520393718575], [-70.00657889070457, 41.896410099165756], [-70.00511034375425, 41.895945702223514], [-70.00455956595941, 41.895518076265425], [-70.0031510381419, 41.89524185247284], [-70.00431685053542, 41.892700894085905], [-70.004316596396, 41.89235870804164], [-70.00229736064121, 41.89142161983543], [-70.00208363653358, 41.89118919257956], [-70.00232895781758, 41.8906380528878], [-70.00284979278447, 41.89031789836484], [-70.0033695846949, 41.890250425379826], [-70.00410456325066, 41.89043340268171], [-70.00557308211393, 41.89137506893215], [-70.0067971385792, 41.89180587213067], [-70.00710264895407, 41.89217231165464]]], [[[-70.23151306275766, 42.0590634507204], [-70.2304086829004, 42.059570638509626], [-70.23010095364819, 42.05945692229262], [-70.22991730585436, 42.058972593685965], [-70.22942580613605, 42.0586266646204], [-70.22991621026736, 42.05842275874639], [-70.23049918771012, 42.05789403594605], [-70.23080604725946, 42.05789969040285], [-70.23099072930708, 42.05810545974228], [-70.23083763217085, 42.058719428467036], [-70.2315129703828, 42.05878431764383], [-70.23151306275766, 42.0590634507204]]], [[[-70.23771489060003, 42.06066274174601], [-70.23488950654156, 42.059288224124586], [-70.23356885670596, 42.057897092563756], [-70.23473556874161, 42.05835289375482], [-70.23562608878078, 42.05921701378467], [-70.23802192060536, 42.060299204423934], [-70.23805265135745, 42.06059612067279], [-70.23771489060003, 42.06066274174601]]], [[[-70.23529108590624, 42.06313016165825], [-70.23587469170816, 42.06283552922735], [-70.2364883601163, 42.062927845614745], [-70.23648909861485, 42.06327057791802], [-70.2358756561258, 42.06356544671802], [-70.23519971213052, 42.06333850076491], [-70.23529108590624, 42.06313016165825]]], [[[-70.00935348365921, 41.34215820975947], [-70.00835175344848, 41.34220297898427], [-70.00826170408648, 41.34177125036877], [-70.00926335812188, 41.34137529418793], [-70.01138690369137, 41.343031988331155], [-70.01135686676999, 41.34332931403615], [-70.01102352832085, 41.34326020690505], [-70.00935348365921, 41.34215820975947]]], [[[-70.01445758948475, 41.54553323356336], [-70.01637333649485, 41.54855128174844], [-70.0166467127454, 41.54955777205401], [-70.01658541504075, 41.55076531314404], [-70.01569992835859, 41.5525564045486], [-70.01506108286617, 41.553030375024896], [-70.01460460714118, 41.55315159801342], [-70.01256312226465, 41.553142881579234], [-70.01210621845158, 41.55305641380151], [-70.01210670758869, 41.55277726874174], [-70.01314199651092, 41.552687274937846], [-70.01314193384167, 41.552480161781695], [-70.01131534411296, 41.552478176244364], [-70.01064544620648, 41.55269113617188], [-70.00991345474333, 41.553238146665976], [-70.0067430752805, 41.55723800483379], [-70.00564623992895, 41.55792314316397], [-70.0015305675933, 41.561949252704665], [-69.9997613561974, 41.564828850658444], [-69.99772937468003, 41.566891128413886], [-69.99721315028293, 41.56814780072648], [-69.99657335935758, 41.56858563900473], [-69.99626945890017, 41.56912866427482], [-69.99590538783055, 41.57030292467862], [-69.9949317015152, 41.57238254376272], [-69.99474964334341, 41.57317706655579], [-69.9938371093012, 41.574166766496944], [-69.993289461706, 41.57508081907023], [-69.99243823132163, 41.5772053795808], [-69.99207349551618, 41.57872124498717], [-69.99213497113394, 41.57919819662934], [-69.9918920698086, 41.57947074773863], [-69.99180040541219, 41.58002108248939], [-69.99140530417918, 41.58070865239633], [-69.99134827869904, 41.58514957628717], [-69.99171634721736, 41.58865006473757], [-69.99168716081448, 41.58965034997475], [-69.9908379075785, 41.59463849644994], [-69.99120786190964, 41.59855323836671], [-69.99163588170344, 41.600864746230364], [-69.99157648245576, 41.602351459598864], [-69.99121221951472, 41.60384031626783], [-69.99072607768174, 41.604979737767266], [-69.9905435299124, 41.60610686919233], [-69.99008675799729, 41.60685834073553], [-69.98917304169207, 41.607064565815904], [-69.9890810478231, 41.606768431057006], [-69.98955958589539, 41.60657274461046], [-69.98935532593597, 41.606378674521814], [-69.98844028447786, 41.606260135518134], [-69.98737351437246, 41.60548614864235], [-69.98749485681225, 41.60514276214728], [-69.9879513588196, 41.60489557367565], [-69.98862271947424, 41.60518703508817], [-69.98895789820472, 41.6050761169508], [-69.98947526715116, 41.6043147621366], [-69.98935316898167, 41.60345147931242], [-69.98898650534112, 41.60329239457141], [-69.98849964723, 41.60353974600758], [-69.98828650819475, 41.60392862535569], [-69.98804261240011, 41.60404807260472], [-69.98782965293674, 41.60457202760651], [-69.98685408790722, 41.604842133621666], [-69.98661122902004, 41.60539326598531], [-69.98609289857453, 41.60562274121499], [-69.98697763124215, 41.60624573513533], [-69.98825817346508, 41.606541368432616], [-69.98856322944437, 41.60688086022474], [-69.98868534361739, 41.607266882577264], [-69.9879544395286, 41.60827302894186], [-69.98719323956078, 41.60857694519558], [-69.9848766097745, 41.60902897147454], [-69.98259153773523, 41.60990404207788], [-69.98106800184975, 41.61099805107986], [-69.98030650340166, 41.61195927957054], [-69.97939466707022, 41.61550685314865], [-69.97951669154826, 41.61628966543964], [-69.98015770727345, 41.61672541185944], [-69.9800051787243, 41.61713197175092], [-69.97948714755373, 41.61709127384793], [-69.97902975037353, 41.61651896710852], [-69.97866358464363, 41.61681010412466], [-69.97842081755326, 41.617730987770265], [-69.97823794490058, 41.61786755336343], [-69.97872567078929, 41.618457716309486], [-69.97894050609862, 41.61931155987222], [-69.9798541787778, 41.61976333805413], [-69.97982478958221, 41.620384849532215], [-69.98019068261104, 41.6207690763364], [-69.98028200400907, 41.62115582192021], [-69.97918634635099, 41.62301138330156], [-69.97949147160594, 41.62333345287905], [-69.97921734040636, 41.62369561169104], [-69.97735656360636, 41.62498148420935], [-69.97705174957802, 41.625371367530384], [-69.97723463677931, 41.626054817681485], [-69.97659508987806, 41.62717693333918], [-69.97583345120279, 41.62747176641068], [-69.97534502499828, 41.62747590966879], [-69.97528430285955, 41.62777338454199], [-69.97619946433909, 41.628135161198244], [-69.97604795133864, 41.62868580945322], [-69.97623042661142, 41.629008494518295], [-69.97693242395637, 41.62902972144034], [-69.97735923858544, 41.62944009960919], [-69.97726871904935, 41.63042267870836], [-69.97739133563744, 41.6313856003245], [-69.97726892530798, 41.63180100278991], [-69.9763547634132, 41.632717953143676], [-69.97717861503725, 41.63315278794353], [-69.97733142008414, 41.63374578507245], [-69.97666109153464, 41.63440879972088], [-69.9753809202737, 41.635005101431936], [-69.97471001181205, 41.63559662035683], [-69.97452749962466, 41.63596731463285], [-69.97471015232867, 41.636172939826935], [-69.97574684679098, 41.635894182804755], [-69.97635679187457, 41.63605094085645], [-69.97660120132626, 41.63662490545962], [-69.97660166600151, 41.63715676705686], [-69.97602282781034, 41.63832359372585], [-69.97462117866041, 41.639920624454746], [-69.97303611731766, 41.64104185223204], [-69.97233458860455, 41.64143540057207], [-69.97135958979241, 41.64168681686392], [-69.96913252923912, 41.64157017952646], [-69.96888868606554, 41.64197774792325], [-69.97010937034912, 41.64218328421462], [-69.97026172622527, 41.642416649361884], [-69.9701700480565, 41.64264222854363], [-69.96907300838836, 41.643399075966926], [-69.96904243410717, 41.64357932655352], [-69.96919473423736, 41.64383070233014], [-69.96998776731932, 41.64376989961942], [-69.97062826347909, 41.64401658556774], [-69.97093385962796, 41.64463528482395], [-69.97069039068975, 41.645042862112106], [-69.96971428119527, 41.64557340428709], [-69.96892085903137, 41.64557116534579], [-69.96818913047628, 41.64527990441541], [-69.9680667441912, 41.64385772083941], [-69.96745566778864, 41.64230513257333], [-69.96769890901692, 41.64095203659228], [-69.96772902450309, 41.639240371534086], [-69.96888611299606, 41.63598771769321], [-69.96943440760742, 41.635145819291196], [-69.970743785363, 41.632027459460794], [-69.97123168321032, 41.63129336309812], [-69.97147438896133, 41.63038149687573], [-69.97351528764558, 41.625581697158815], [-69.97357635327688, 41.62498706392733], [-69.97577121150839, 41.62195989603415], [-69.97638060903756, 41.62074789457939], [-69.97735205903066, 41.616217911795154], [-69.97765741346058, 41.615440822373195], [-69.97826651023918, 41.61480512526498], [-69.97951361860491, 41.61095756634308], [-69.98039377539891, 41.60635655267865], [-69.98045308877317, 41.60434755329199], [-69.98072659732165, 41.60263351618034], [-69.98167061567463, 41.600500142564584], [-69.9822774576668, 41.59857612600749], [-69.98288460761393, 41.5945809732339], [-69.983432172443, 41.5927659080137], [-69.98473987886301, 41.58995355383352], [-69.9848001486722, 41.589133219546525], [-69.9852873404296, 41.588471662420844], [-69.98647286164734, 41.58439922123679], [-69.98680458112435, 41.5803699913398], [-69.98732073932528, 41.5789068104797], [-69.98753406530457, 41.577760959150794], [-69.98741021305746, 41.576086643060314], [-69.98762304234454, 41.575246952934855], [-69.98707351129755, 41.57433294973288], [-69.98701220219247, 41.5732796811304], [-69.98719406062185, 41.57238667531529], [-69.98688964674331, 41.57188453457731], [-69.98716209072252, 41.57023406989173], [-69.98716017628517, 41.56785617869997], [-69.98749429963888, 41.567051873493625], [-69.98767600145405, 41.5656090014699], [-69.98749214852734, 41.56428676728932], [-69.98767241955854, 41.56128546015058], [-69.98748921867188, 41.56060258484085], [-69.98800299309036, 41.55545522924812], [-69.9882153322212, 41.55469657717906], [-69.98940088259529, 41.55227258346309], [-69.9922001939613, 41.54890705799848], [-69.99338600407124, 41.54767167925206], [-69.99582070418165, 41.545794921097674], [-69.9980723874376, 41.54365004666989], [-69.99944699758535, 41.542980474828106], [-70.00413713834568, 41.542119933700306], [-70.00641999559761, 41.54209089740006], [-70.01019620077591, 41.54248101511697], [-70.0115052073549, 41.542919727596626], [-70.01348284171192, 41.544568770939335], [-70.01445758948475, 41.54553323356336]]], [[[-69.9808907323226, 41.61905173564321], [-69.98101245222882, 41.6188530023112], [-69.98076814123108, 41.61832351006058], [-69.98025007765571, 41.61784157268774], [-69.98043309759775, 41.617524906851614], [-69.98082821558842, 41.61740411963713], [-69.98131664595466, 41.617823186559285], [-69.98214132700078, 41.619212523134465], [-69.98168416882031, 41.61951371087217], [-69.98101344714169, 41.61934828789087], [-69.9808907323226, 41.61905173564321]]], [[[-69.98104487806846, 41.62072590257459], [-69.98107423440311, 41.619789217230796], [-69.98137886242642, 41.61976852426878], [-69.98189777543128, 41.619836239870146], [-69.9821721626816, 41.62022092634794], [-69.98134908212046, 41.620723213866576], [-69.98104487806846, 41.62072590257459]]], [[[-69.98128932918917, 41.622372009762806], [-69.98138082587721, 41.622056370592595], [-69.98162517703629, 41.62193694263513], [-69.98156308895975, 41.62136092204539], [-69.98171544770649, 41.62081928355132], [-69.98202023627505, 41.62074456125999], [-69.98241667635709, 41.62165991778172], [-69.98226468671953, 41.62207549281633], [-69.9818683272146, 41.622421392516515], [-69.98128932918917, 41.622372009762806]]], [[[-69.9495337027396, 41.68903845780026], [-69.94910680349895, 41.69089723858903], [-69.94922906598154, 41.69110376884039], [-69.94898443983207, 41.69208760823062], [-69.94852761111817, 41.69313609157554], [-69.94794734702594, 41.69354634831096], [-69.9475510465295, 41.6934773442915], [-69.94715380073148, 41.69313817573218], [-69.94730664733768, 41.69242548899342], [-69.94709293714406, 41.69194980962085], [-69.94660467276181, 41.69192682332522], [-69.94639090648396, 41.692226135442105], [-69.94675724138173, 41.693141768254456], [-69.94675687839772, 41.693682063839105], [-69.94596367069889, 41.693553605642954], [-69.94483429835381, 41.69285998589758], [-69.9446510805898, 41.69247420578005], [-69.94483365230897, 41.691374149933154], [-69.94535308875332, 41.69053196301147], [-69.94642020684589, 41.68956836907652], [-69.94684774626472, 41.688628679922715], [-69.94751881627887, 41.68817239202827], [-69.94730518809443, 41.68789482415716], [-69.94815972686283, 41.68758173947224], [-69.94867911057267, 41.68799179630732], [-69.94898397743032, 41.687944173842666], [-69.94928930874119, 41.68831078713243], [-69.94925931204816, 41.688680709134026], [-69.9495337027396, 41.68903845780026]]], [[[-69.96230415960358, 41.71967278424649], [-69.96236498538094, 41.72026680847158], [-69.96175470560014, 41.72143371263757], [-69.96062476592218, 41.72198350091643], [-69.95775473484684, 41.72187261531099], [-69.95677807651421, 41.72212390113645], [-69.95161793214419, 41.724337161083525], [-69.9499688514426, 41.7241076051178], [-69.94963260670973, 41.723335913342844], [-69.95094590971982, 41.721208351274505], [-69.95179971985736, 41.71923774221127], [-69.95167764526143, 41.71745534432605], [-69.95137151110337, 41.71617021937573], [-69.95076131780324, 41.715328391153754], [-69.95073011398794, 41.71500434938872], [-69.95109666544049, 41.714803348565326], [-69.95344804644364, 41.71511728969785], [-69.95674538455022, 41.7161525907438], [-69.95912762696696, 41.71768194139377], [-69.96187639173317, 41.71917173154068], [-69.96230415960358, 41.71967278424649]]], [[[-69.95842945772776, 41.730305911945536], [-69.9585211806863, 41.72994526628853], [-69.95928478433395, 41.72996573286078], [-69.96020126120499, 41.73115609452068], [-69.96002716809527, 41.73166139535927], [-69.95842945772776, 41.730305911945536]]], [[[-69.95760576201448, 41.73227641442261], [-69.9566897711874, 41.73248237287114], [-69.95617075635691, 41.73280176717623], [-69.95498000090538, 41.73399172024037], [-69.95409435771283, 41.73438604909914], [-69.95268999810287, 41.733875638692545], [-69.95220068579643, 41.7335104770074], [-69.9521095060598, 41.733195751306326], [-69.95226177661134, 41.73227593556133], [-69.9527502732033, 41.73109222808321], [-69.95348202377146, 41.730194354664306], [-69.9551930127944, 41.73010783453203], [-69.95653602259682, 41.7297185736144], [-69.95727006097646, 41.72987429044641], [-69.95827794422354, 41.73147844716704], [-69.95830792785885, 41.73173042973063], [-69.9580027001537, 41.73176906999079], [-69.95760576201448, 41.73227641442261]]], [[[-69.96478496165514, 41.73774659189072], [-69.96536577601434, 41.73879561995737], [-69.96518284750923, 41.73895017848694], [-69.96411395913462, 41.73888680173588], [-69.96322805823772, 41.73911967166659], [-69.96255627390767, 41.739026181818375], [-69.96194525203167, 41.73850014461758], [-69.96182310448707, 41.73815855710255], [-69.96231054592577, 41.73609230947765], [-69.96160709785246, 41.73394525274358], [-69.96136227412318, 41.73348775639219], [-69.96099661353308, 41.7332121025081], [-69.9612710835497, 41.73298449690139], [-69.96261520369929, 41.733720800119755], [-69.96389854830107, 41.73520480492679], [-69.96460143409692, 41.736847560626416], [-69.96478496165514, 41.73774659189072]]], [[[-69.94951747503384, 41.748358095367], [-69.95382405600104, 41.74957434781782], [-69.95434137233227, 41.74992130781368], [-69.95421981078114, 41.75126421393063], [-69.95443364381208, 41.75149674290835], [-69.95449465060864, 41.75191067416437], [-69.95409783090669, 41.75211184040059], [-69.95284516311267, 41.75159055173808], [-69.9521421119909, 41.75014639266772], [-69.95113408168811, 41.7499835431231], [-69.95079810158747, 41.75003131485982], [-69.95000373107185, 41.750695880561075], [-69.94982020554195, 41.75094946205146], [-69.949912548559, 41.751588384565636], [-69.94942400501793, 41.751681914861365], [-69.94734662609721, 41.75092477204862], [-69.94630758000436, 41.750167690132926], [-69.94557638228518, 41.74929998682191], [-69.94475149471225, 41.74760479051661], [-69.94368240071816, 41.74708196587927], [-69.94343779187577, 41.74685012092874], [-69.94337660777028, 41.74650822021735], [-69.94362107297688, 41.74619075829735], [-69.94472026922962, 41.74589341431179], [-69.94557553650158, 41.746030598605444], [-69.94609474500328, 41.74586433813672], [-69.94722513797791, 41.74632325258699], [-69.94789794282688, 41.74629978110803], [-69.94826352048968, 41.745729006275596], [-69.9489660066555, 41.74570537019561], [-69.94960816883865, 41.74651049322099], [-69.94963861977985, 41.74733036179986], [-69.94927189786068, 41.74785553762821], [-69.94951747503384, 41.748358095367]]], [[[-69.94658252830156, 41.75108432193276], [-69.9477130507714, 41.75158825686548], [-69.9489963719833, 41.75192879458414], [-69.95031021253834, 41.75186394572639], [-69.95037073205415, 41.751197274564056], [-69.95140893248335, 41.751449465072064], [-69.95156228167572, 41.75250231911887], [-69.95122632877215, 41.75298233190326], [-69.9515486144971, 41.75349999804515], [-69.95199010669253, 41.75325498554938], [-69.95232640482723, 41.753396319026635], [-69.95247891465753, 41.75364715392954], [-69.9524486761153, 41.75391801813825], [-69.9515622754149, 41.754672520010715], [-69.95153222441543, 41.75499741647142], [-69.95055530800954, 41.756662434886536], [-69.95021865574202, 41.75755722760623], [-69.95024980747337, 41.75817843256177], [-69.95058603167595, 41.758679969179134], [-69.94957812279543, 41.76014757445131], [-69.9490286890041, 41.76005285884312], [-69.94866095624025, 41.75893010718606], [-69.94829484216837, 41.758653845027986], [-69.9471034915613, 41.75831230394695], [-69.94569738071753, 41.75822502496706], [-69.94453652034701, 41.75712632755865], [-69.94331438380696, 41.75678545136644], [-69.94362029464257, 41.75589138332289], [-69.94368129846893, 41.75435967881179], [-69.94248954373339, 41.75277539235225], [-69.94288622402378, 41.75193434625656], [-69.94288620665286, 41.7515651409932], [-69.94209177205849, 41.75014837081315], [-69.94200248885315, 41.74877107241982], [-69.94215456362188, 41.74854465078019], [-69.94337747043159, 41.748615965085406], [-69.94386562048679, 41.74927831270075], [-69.94523864811823, 41.749851998051305], [-69.94658252830156, 41.75108432193276]]], [[[-69.96967589169658, 41.80488686125251], [-69.97065318939268, 41.80341979298205], [-69.9711119699107, 41.80328074313213], [-69.97129499110835, 41.80339632222802], [-69.97154022409589, 41.80444755891426], [-69.9710210676453, 41.805253853566846], [-69.96979810462024, 41.80520142313829], [-69.96967589169658, 41.80488686125251]]], [[[-69.94873324667907, 41.80866501400531], [-69.94815307400972, 41.80836333034476], [-69.94806026100488, 41.80811217898019], [-69.94876407541145, 41.807520677318145], [-69.94925334745365, 41.80800290909991], [-69.94962022223974, 41.80880146183223], [-69.94940675635137, 41.809397951277894], [-69.94910018095939, 41.809445559299924], [-69.94873324667907, 41.80866501400531]]], [[[-69.9455842444645, 41.807340035131645], [-69.94527845856443, 41.808297145733384], [-69.9447588601512, 41.80907574177427], [-69.94384174842347, 41.80965080041574], [-69.94378072323202, 41.80999384478812], [-69.94485101403022, 41.810263966870274], [-69.94506497885051, 41.81045148749076], [-69.94497297020894, 41.810677045161526], [-69.94417804103672, 41.811284727931], [-69.94389478740148, 41.811239213817935], [-69.94133425036028, 41.812184087354865], [-69.94090641751698, 41.81172855091466], [-69.94096734669914, 41.81120540699479], [-69.94066860936977, 41.81071617783987], [-69.94072243163873, 41.809514186436886], [-69.94050839462513, 41.808822377534476], [-69.94053872088557, 41.808227900856956], [-69.94157861818032, 41.80644506599092], [-69.9418842592437, 41.806127316153486], [-69.94329032226217, 41.806259651880346], [-69.94365741790824, 41.80616673544137], [-69.94494113482597, 41.804976463146524], [-69.94604162221385, 41.80486821551913], [-69.94668401501319, 41.80500698053868], [-69.94689825281728, 41.805275546392885], [-69.9468981987395, 41.805617734522684], [-69.9455842444645, 41.807340035131645]]], [[[-69.95032482222598, 41.813055755962814], [-69.95014161672682, 41.814264432521696], [-69.95118063383252, 41.813967319105636], [-69.9515171898306, 41.81412666365025], [-69.95151790145141, 41.814360802193654], [-69.95206758472348, 41.81502281472585], [-69.9531694311638, 41.81573396535069], [-69.95405607157565, 41.81616809879641], [-69.95766415869555, 41.81702966347496], [-69.95800102522165, 41.8173330717006], [-69.95827654608792, 41.81804256016032], [-69.95790936010195, 41.81877543674231], [-69.95766546458356, 41.82011893932821], [-69.95826324126195, 41.82131736474667], [-69.95677866881135, 41.820216687513934], [-69.95647355122206, 41.82026433569434], [-69.95644299223808, 41.82085881110286], [-69.95583147830226, 41.82122423597289], [-69.95577042904438, 41.8214772360311], [-69.95598386512636, 41.821565110733545], [-69.95677959543094, 41.82136032785516], [-69.95717656309026, 41.821699445785], [-69.95840009068384, 41.82178803481818], [-69.95885901413502, 41.822225913100056], [-69.95895109380675, 41.82300833604958], [-69.95858406318202, 41.82368718733832], [-69.95638327648217, 41.82542575987838], [-69.95549661988254, 41.82540587390114], [-69.9555266388888, 41.82469432718037], [-69.9559851399439, 41.8240150355021], [-69.95561786849174, 41.82373878760969], [-69.95537321232791, 41.82375911153811], [-69.95543462541812, 41.824190492365155], [-69.95482329701011, 41.824375815878234], [-69.95460829929075, 41.823855117757375], [-69.95427232498058, 41.823669339084546], [-69.95405785946507, 41.82377899331909], [-69.95430313494472, 41.82469575781227], [-69.9546092271144, 41.82515240528384], [-69.95445645754744, 41.8254328648203], [-69.95366103923651, 41.82535848310981], [-69.95274349327654, 41.825014541450436], [-69.95167234922374, 41.824969609693845], [-69.94947091377296, 41.82396997396616], [-69.94885939853228, 41.82332680714375], [-69.94748296994837, 41.82234735715822], [-69.94656500633624, 41.82078768904959], [-69.94668707245549, 41.82047136435461], [-69.94748219833816, 41.82044673711565], [-69.94873620092308, 41.82090504863122], [-69.94888883021507, 41.82121892182938], [-69.94940885495228, 41.821430857959726], [-69.95044922653119, 41.821268842449534], [-69.95158008177896, 41.82049402113182], [-69.95203909881842, 41.82044509868592], [-69.95237530343886, 41.820217222440434], [-69.95313968751861, 41.819598374594825], [-69.9531094411131, 41.81941842801815], [-69.95274201546823, 41.8193672919635], [-69.95209943751614, 41.81957074903664], [-69.95154936999324, 41.820007899352724], [-69.95060172162118, 41.82024097309398], [-69.95011188609456, 41.820722271524104], [-69.94974539255409, 41.82083379058954], [-69.94815460802457, 41.82005404481953], [-69.94760485046702, 41.82001335498571], [-69.94641163358855, 41.82025768331115], [-69.94595321981629, 41.820080904447636], [-69.94512715773749, 41.81813357422216], [-69.94497386766659, 41.8171533189562], [-69.9451264551464, 41.816232953672895], [-69.94479013175608, 41.815092051763486], [-69.9456154794242, 41.8129595625042], [-69.94757181421608, 41.810719219703195], [-69.94787739841829, 41.80888805609895], [-69.94803010002434, 41.80873367385464], [-69.94864212366095, 41.80934983971398], [-69.94922309779271, 41.81129043491714], [-69.95032482222598, 41.813055755962814]]], [[[-69.96415084241625, 41.82442416896458], [-69.96433511757182, 41.824692859092316], [-69.964059230988, 41.82524463456107], [-69.96418273710273, 41.82592785853968], [-69.96390702176572, 41.82665973452583], [-69.96344839825753, 41.82645657254172], [-69.96335598646337, 41.825997764323986], [-69.9629281247034, 41.82600156525789], [-69.96274486508973, 41.82576890625725], [-69.96182692996267, 41.825470057843496], [-69.96170456065578, 41.8250840090236], [-69.96139858585737, 41.82504160974667], [-69.96121514721014, 41.82556536007137], [-69.96081779240984, 41.82567706113033], [-69.96060347616029, 41.82521941880914], [-69.96026716600244, 41.8252492092274], [-69.9598696182567, 41.82547796852858], [-69.96014509138969, 41.825817685621736], [-69.9595947320804, 41.82600216963539], [-69.95720931670712, 41.8259142012974], [-69.95687252656829, 41.82574586659175], [-69.95687262609232, 41.82543069502084], [-69.95843190927626, 41.82487715901989], [-69.95956361145525, 41.82481366053922], [-69.9590130663663, 41.82453888737229], [-69.95882949440619, 41.82428877052171], [-69.95885968095936, 41.8240359146636], [-69.95944096166019, 41.823598588319626], [-69.95950147111844, 41.822868880360524], [-69.95983778606096, 41.822776057870804], [-69.96106174485357, 41.823549561613824], [-69.96213226325955, 41.82366643642569], [-69.9634777348153, 41.824051526440726], [-69.96415084241625, 41.82442416896458]]], [[[-69.96219546141192, 41.82852038329931], [-69.96219563449151, 41.82870048420703], [-69.96161437064622, 41.82894872153473], [-69.96075772518121, 41.828883694561576], [-69.9604826976156, 41.82903925650223], [-69.96026884753869, 41.82959073526245], [-69.95956619703244, 41.830190766866465], [-69.95883130797428, 41.8304583016586], [-69.95867877990668, 41.83066673047006], [-69.9588011193386, 41.83094472289641], [-69.96020857948743, 41.83140160110627], [-69.96017826559103, 41.831581853206664], [-69.95968895940278, 41.831838076497874], [-69.95895415472533, 41.83178987798063], [-69.95779261481105, 41.831448309266385], [-69.95760860600888, 41.83121563191719], [-69.95791396970777, 41.829619134398406], [-69.9578219826874, 41.828584011095245], [-69.95772987349697, 41.82826984377398], [-69.95693412012784, 41.82760115492368], [-69.95696540452151, 41.82730328965504], [-69.95968699313181, 41.82730744306509], [-69.96054380223485, 41.82748954471955], [-69.9613997589599, 41.82787874177256], [-69.96155298708628, 41.82826464433812], [-69.96219546141192, 41.82852038329931]]], [[[-69.95124493914194, 41.82755835656122], [-69.95574187656771, 41.82803413633802], [-69.95681232813855, 41.82835873567682], [-69.95711855584446, 41.82986895540327], [-69.95693506843891, 41.830050511052875], [-69.956568489662, 41.83000840462995], [-69.95650674602305, 41.82973010423561], [-69.95613923929768, 41.829570919627415], [-69.95604800159411, 41.82973402448837], [-69.95623198833194, 41.830993267259664], [-69.95650724740273, 41.831513088824686], [-69.95519281261802, 41.832109877257565], [-69.95510132260493, 41.83302883014474], [-69.95479464095597, 41.833185075545344], [-69.95494817986174, 41.83352596673661], [-69.95488737951628, 41.83398552051196], [-69.95464251949113, 41.834167929553075], [-69.95430600197211, 41.83418869530086], [-69.9532045796521, 41.833756719939025], [-69.94947259128492, 41.83156286097679], [-69.9487993867302, 41.83094699679333], [-69.94794305821264, 41.829801283473515], [-69.94705613838033, 41.82918700191281], [-69.94592402882128, 41.8273947873592], [-69.94589291616639, 41.82671054911622], [-69.94638214026702, 41.8262112496733], [-69.94739135282296, 41.826049962010686], [-69.94794207603634, 41.826207729741725], [-69.94840138282409, 41.82669011772293], [-69.94910478036547, 41.826990659524725], [-69.95124493914194, 41.82755835656122]]], [[[-69.95907862469458, 41.83458083765807], [-69.95816094084941, 41.83520103074022], [-69.95764046453176, 41.83507974265452], [-69.957762383244, 41.83462833076012], [-69.95819138471667, 41.83423735171251], [-69.95819061946244, 41.833552966434134], [-69.9573339316906, 41.832911598116155], [-69.9564166695832, 41.832954904057694], [-69.9558045140684, 41.832798034973656], [-69.95580418301292, 41.832500867517325], [-69.95659943925871, 41.83185483582785], [-69.95714925842067, 41.83174183491252], [-69.95922997922816, 41.8334088647462], [-69.95935307741841, 41.833686866680274], [-69.95907862469458, 41.83458083765807]]], [[[-69.95381734956294, 41.83474206587195], [-69.95421500868825, 41.83528831591358], [-69.95430700506405, 41.83574656353792], [-69.95400074243757, 41.83622642769327], [-69.95335834172748, 41.836664024766044], [-69.95274743953256, 41.83819164360046], [-69.95244103103565, 41.83814921521295], [-69.95231863587331, 41.83739339039263], [-69.95189068773976, 41.83700993721784], [-69.95097289349675, 41.83741339080048], [-69.95030068164203, 41.837419454349664], [-69.95011671709163, 41.837231790200605], [-69.95008588691812, 41.83678168667078], [-69.95036119073156, 41.8366171478894], [-69.95133963328375, 41.83675313117196], [-69.95146273752088, 41.83640980084849], [-69.95023854177397, 41.83627554451384], [-69.94971817277901, 41.83579402372386], [-69.94880041488325, 41.833937217694206], [-69.94828039369757, 41.83325702282948], [-69.94806594788746, 41.8319258740291], [-69.94867712013217, 41.83181262307465], [-69.95042056819246, 41.833274867907996], [-69.95057395740994, 41.83376040524369], [-69.95381734956294, 41.83474206587195]]], [[[-70.00112631462082, 41.89940252140245], [-70.00020842267223, 41.898825414075965], [-70.00020873371783, 41.898348163158715], [-70.000790926268, 41.89756845241449], [-70.0010972516544, 41.8975477117841], [-70.00158746737294, 41.8977955889371], [-70.00186241899641, 41.89832429055638], [-70.00186206569533, 41.89910826703602], [-70.00173905176679, 41.89926198554586], [-70.00112631462082, 41.89940252140245]]]]}}