{"type": "Feature", "properties": {"district_name": "First Essex and Middlesex", "chamber": "senate", "vintage": "2001-2010"}, "geometry": {"type": "MultiPolygon", "coordinates": [[[[-70.89784054770583, 42.434045294645834], [-70.89713002998572, 42.43367864927472], [-70.89716140690885, 42.43343517387335], [-70.89879829867645, 42.433137072670014], [-70.8991069264868, 42.433411582642755], [-70.89907585061947, 42.4336640629579], [-70.8983347617809, 42.43377554191411], [-70.89784054770583, 42.434045294645834]]], [[[-70.8096981133426, 42.81327220717703], [-70.80923227232618, 42.81251439747915], [-70.80926370007474, 42.810108829872924], [-70.80895350030086, 42.8089243558351], [-70.80870439182341, 42.80361399523057], [-70.80858013168432, 42.80334544659213], [-70.80805229882876, 42.8030210387954], [-70.80814565551219, 42.80110081164686], [-70.80755600911924, 42.798606004533724], [-70.80727584043709, 42.79574565161099], [-70.80665464703499, 42.79329621830441], [-70.80637645274668, 42.79064347690742], [-70.80575458651218, 42.789230381058346], [-70.80491712100786, 42.78574834660124], [-70.80479357549798, 42.783642267106686], [-70.80454400880228, 42.78250258010457], [-70.80308570903522, 42.77812953297598], [-70.8023097609596, 42.776304204451506], [-70.80023181107799, 42.76912211728461], [-70.79970454370793, 42.76680653092504], [-70.79598130606836, 42.757776264433566], [-70.79390302637417, 42.75111612888486], [-70.7904609954357, 42.74397328536172], [-70.78872433342353, 42.74046979932483], [-70.78692648321022, 42.73749928174022], [-70.78320601343557, 42.729810957585556], [-70.77840129823309, 42.72219393653728], [-70.7761396946685, 42.7181850789617], [-70.77393947525195, 42.71382434333178], [-70.7711511574481, 42.709084572107464], [-70.77056352640454, 42.70737325419467], [-70.77047086811189, 42.70666318007078], [-70.77047156049937, 42.704465509569346], [-70.77087583095683, 42.70400894403882], [-70.77217833192695, 42.70334029152775], [-70.77441152469292, 42.70268365664911], [-70.77776172947067, 42.70075789031987], [-70.77984064694883, 42.69833855704266], [-70.78021299367013, 42.69817939722229], [-70.7812977061399, 42.69836056293259], [-70.78415007487473, 42.7005134789952], [-70.7844904683602, 42.70096738627556], [-70.7847385231456, 42.7021797236326], [-70.78452003894247, 42.70410203974309], [-70.78386886249774, 42.705381954111424], [-70.78380678896089, 42.70691420086504], [-70.78414628120498, 42.708304897341016], [-70.78659507986376, 42.710302206312974], [-70.78792917397988, 42.71007411924498], [-70.78870434712671, 42.71020604555348], [-70.78885940158052, 42.71039266986072], [-70.78882804455503, 42.710753691178205], [-70.78842500940839, 42.710940258902006], [-70.78780499170351, 42.71110298376903], [-70.78662656151643, 42.7110580245701], [-70.78408338144861, 42.71027880938547], [-70.78333881322156, 42.709821836221295], [-70.78265698746085, 42.7096341889123], [-70.78191360009426, 42.70984394138094], [-70.7813543104872, 42.71060059324007], [-70.78141528565789, 42.71125700936196], [-70.78116756933198, 42.71148615208792], [-70.78116735324973, 42.71173877567991], [-70.78163277421535, 42.712037615438085], [-70.78163231755012, 42.712244663727645], [-70.78107360387378, 42.712631663644856], [-70.7806387827824, 42.713476294153644], [-70.78163241456181, 42.71338850901706], [-70.78215969124054, 42.7131824810428], [-70.78265621156855, 42.712679186668275], [-70.78253219642801, 42.71176244138424], [-70.78324489170971, 42.71155305738725], [-70.78628485844551, 42.71210861363409], [-70.78668802902914, 42.712399171761454], [-70.7874016117043, 42.71226234808813], [-70.78799061392954, 42.71187494163902], [-70.78836336059194, 42.71190480495623], [-70.7889824528759, 42.712651295246665], [-70.78904515431357, 42.713803401311395], [-70.78882730623286, 42.71510400662664], [-70.78907553313509, 42.71560459240123], [-70.78904383076637, 42.716316697009646], [-70.78789543866968, 42.71718172125019], [-70.78770925411781, 42.71805828950346], [-70.78677834246663, 42.71851391612814], [-70.78538228893244, 42.71967952419935], [-70.78497845723531, 42.719812624311956], [-70.78435854888244, 42.71972270733219], [-70.78401808293424, 42.71946741366934], [-70.78367669303378, 42.71954463198451], [-70.78370727007407, 42.71984133124037], [-70.78451363068848, 42.72061207090563], [-70.78398627714951, 42.72132279446706], [-70.78404706052189, 42.721664128729394], [-70.78535023616013, 42.72226520615875], [-70.78615568305128, 42.72367564558246], [-70.78826493431104, 42.72486792752139], [-70.78894741169808, 42.72560467649356], [-70.78919612698868, 42.72628530647657], [-70.7903124374231, 42.72704215327246], [-70.78978406884157, 42.72757341468896], [-70.78975309591767, 42.727798841405395], [-70.79006332124936, 42.72800104375499], [-70.79046680894639, 42.72800351904], [-70.79071510560644, 42.72738726778293], [-70.79118054974589, 42.72690287801643], [-70.79118116888918, 42.72656023668963], [-70.78990816311884, 42.72612989055346], [-70.7895055010586, 42.72578533568579], [-70.78925873533692, 42.724645044528735], [-70.7890102035664, 42.72425248517348], [-70.78643594094977, 42.722833982388075], [-70.78615692641924, 42.722540815182484], [-70.78631263948213, 42.72025071833646], [-70.78665348031129, 42.71976782745876], [-70.78789566015816, 42.71844259330344], [-70.7883915512152, 42.71814632192496], [-70.78888774705364, 42.718075667907534], [-70.78941551773163, 42.7182831486018], [-70.78950854254391, 42.71811999254685], [-70.7894466934677, 42.71709392451845], [-70.79000542903728, 42.716382805654646], [-70.78997409805177, 42.71549139512522], [-70.78969475514536, 42.715009187276095], [-70.7897270434531, 42.714666739023244], [-70.78997494598151, 42.7145546081757], [-70.79037797666885, 42.714809705955], [-70.79205187904019, 42.71708908094613], [-70.79360329462712, 42.71732587124316], [-70.79347815991542, 42.71832772650325], [-70.7938821315204, 42.71867227655502], [-70.79422266356845, 42.719468798150885], [-70.79592842765268, 42.72045930614476], [-70.79794421984573, 42.721896152941355], [-70.79862637166906, 42.72217316940151], [-70.79899919127082, 42.722698680738716], [-70.79918417517642, 42.72441640345619], [-70.79893654261483, 42.724690594508914], [-70.79834640381708, 42.724798981202774], [-70.79816059415656, 42.725071857632855], [-70.79812932328798, 42.72553190380079], [-70.7989979273518, 42.727364609778135], [-70.79878071317138, 42.72781846519564], [-70.7983151930747, 42.727681735530794], [-70.79778797668855, 42.72715866177148], [-70.79744594209474, 42.72715489728638], [-70.79716726898255, 42.727456465032276], [-70.79626854604885, 42.72756971773336], [-70.79533705810378, 42.72820601464883], [-70.79428218346932, 42.72839369388994], [-70.79418910342964, 42.7287824695919], [-70.79536796394129, 42.7289893909247], [-70.79673295863199, 42.728436186674806], [-70.79722970601954, 42.72852753891735], [-70.79701253969614, 42.729197443032454], [-70.7971673530936, 42.72958266321124], [-70.79756993893423, 42.729513090928165], [-70.79775677087775, 42.72882556006304], [-70.79819094461428, 42.72889964926154], [-70.79843872140447, 42.7300849355494], [-70.79918329160252, 42.73031618985819], [-70.79918359591915, 42.73063126703362], [-70.79794255442741, 42.73161510485732], [-70.79775639102284, 42.73212259650608], [-70.79837652808502, 42.732580967244175], [-70.79839612802454, 42.7335431903647], [-70.79887237682463, 42.73417622726837], [-70.79890293291146, 42.73482400389749], [-70.79927532824492, 42.73539451975721], [-70.79933720450633, 42.7363485582321], [-70.8000513143841, 42.73711187260909], [-70.79989633408633, 42.73749240029271], [-70.79868524064261, 42.738277816283535], [-70.79713410768142, 42.73827515618099], [-70.79713488011072, 42.73875227374502], [-70.7973507092584, 42.73895613243975], [-70.79834434854249, 42.73885019798173], [-70.79865484775429, 42.739052377700965], [-70.79912020901264, 42.74030649265954], [-70.799615667104, 42.740676329021596], [-70.8001131835263, 42.740587630140695], [-70.80095043006725, 42.73994397573459], [-70.8005780060547, 42.73916641736667], [-70.79980171603441, 42.73863791127612], [-70.79983356389091, 42.73815986595845], [-70.80033030131308, 42.7378821167778], [-70.80113695742246, 42.738184624456856], [-70.80191213296172, 42.73886558840002], [-70.80318444712685, 42.74061122917146], [-70.80411503654915, 42.741082688792424], [-70.8045809357353, 42.74166106233808], [-70.80408382314772, 42.74209242577155], [-70.80343254659047, 42.74221059838809], [-70.80247112562672, 42.741541463776656], [-70.80200519608452, 42.74143175413638], [-70.80141648939556, 42.74088244820866], [-70.80122947286978, 42.74138093658147], [-70.80150826765535, 42.74184510351446], [-70.80110606605982, 42.74231978716609], [-70.8011983629876, 42.742480132094386], [-70.80185004637872, 42.74232596601956], [-70.80188097053265, 42.74213598292437], [-70.80302910401907, 42.7427122874562], [-70.80383630220034, 42.74264512946594], [-70.8049530079856, 42.74230357299716], [-70.80532488172055, 42.74298208951788], [-70.80526365897117, 42.74372158271335], [-70.80501479012145, 42.7438787504815], [-70.80377320211215, 42.74367324087302], [-70.80333923138878, 42.74374320860558], [-70.80361845997037, 42.744153359895584], [-70.80464249355053, 42.74430805245059], [-70.80544887382976, 42.744178426117635], [-70.80588342321948, 42.743675790249085], [-70.80641120927906, 42.74357768111355], [-70.80681427761566, 42.744336835677714], [-70.8065655861202, 42.74584488560216], [-70.8064113962843, 42.745982368852914], [-70.8068141226478, 42.74646245566089], [-70.80669074460873, 42.746851619878534], [-70.80727980965025, 42.747031250895475], [-70.80737346808999, 42.74739920944507], [-70.80833535240012, 42.74774422862732], [-70.80842840886278, 42.74820220349576], [-70.808117467079, 42.74843214878628], [-70.80817961925018, 42.74861143686886], [-70.80895499909093, 42.74856318211779], [-70.80904920602042, 42.74879554837629], [-70.80855209111066, 42.748929861209376], [-70.80867656164506, 42.74913483966476], [-70.80923465509392, 42.74925238607395], [-70.80935886781022, 42.749637403922186], [-70.80895461903168, 42.750976301237195], [-70.80904842000172, 42.7515062961266], [-70.8084277921193, 42.75207478392071], [-70.80811782935153, 42.753358540413984], [-70.80821041965223, 42.75450123184986], [-70.80721767171758, 42.754661269603716], [-70.80724769700957, 42.75498496123679], [-70.80814770068004, 42.75567337646909], [-70.80799264626123, 42.75600890178703], [-70.80690626711261, 42.75631466068049], [-70.80681352040557, 42.75667643841923], [-70.80852054188341, 42.756603942523924], [-70.80873803211652, 42.75671776743488], [-70.8087694866999, 42.75706847311475], [-70.80786885933792, 42.758254176363195], [-70.8073098605968, 42.75850626585945], [-70.8063476377287, 42.758575333137955], [-70.8063470247526, 42.758872960054205], [-70.80653394267384, 42.759059184874786], [-70.80870654636526, 42.75928541690356], [-70.80892361553427, 42.7599939369932], [-70.80917132444448, 42.7602424094527], [-70.81019657668949, 42.76017200635204], [-70.81069344802997, 42.76065938913862], [-70.81069269837597, 42.761406554701374], [-70.80976147209097, 42.76266466781937], [-70.80963777768143, 42.76308139995961], [-70.80976219402159, 42.763746042483724], [-70.8105684902246, 42.764498579259566], [-70.81063061240613, 42.76532657395017], [-70.81028994500272, 42.76596200131669], [-70.81035136969845, 42.76634889204952], [-70.81091025382756, 42.7670875735585], [-70.81112709274886, 42.767264403649826], [-70.81376574713379, 42.76763621777782], [-70.81587692275352, 42.767449543297126], [-70.81690093412323, 42.76776672261593], [-70.81699439241486, 42.76816111248519], [-70.81677759338486, 42.76845296150292], [-70.81615607192755, 42.76879643222415], [-70.81488365799834, 42.76932115350388], [-70.81420094427443, 42.76989942931516], [-70.81376622375518, 42.77058213185968], [-70.8137662199248, 42.772365655705926], [-70.81438628128997, 42.77408533695407], [-70.8143563018937, 42.77499548697847], [-70.81407668110887, 42.775756750296324], [-70.81109644319045, 42.779551401449595], [-70.81035127503422, 42.78025699747217], [-70.81025753165669, 42.78069078500638], [-70.81059932526013, 42.7816132735008], [-70.81125121393787, 42.78220678270159], [-70.81168582327918, 42.78295596868115], [-70.81212137214894, 42.784562033807035], [-70.81277321405436, 42.784605287759334], [-70.81302083672946, 42.784313067698264], [-70.81302177439979, 42.783511334905064], [-70.81286589765229, 42.783027679036266], [-70.81150022044574, 42.7812478645078], [-70.81134453349095, 42.78083566049321], [-70.81137595126923, 42.78030360488919], [-70.81267991577407, 42.779553497641174], [-70.81367372795854, 42.77845664891942], [-70.81457428261423, 42.77776657961684], [-70.81581527432542, 42.77458496207701], [-70.81569144716842, 42.77356025238035], [-70.81531836886309, 42.772755180214055], [-70.81534871446094, 42.77184503148147], [-70.81621846364378, 42.77097528865876], [-70.81808089936291, 42.7698283897829], [-70.8190428647409, 42.76831777490881], [-70.81916644273664, 42.76776600280002], [-70.81901200861975, 42.76720134287064], [-70.81839044743936, 42.76665306245138], [-70.81460416600967, 42.764542236070994], [-70.81447969566631, 42.763877598928325], [-70.81466562589911, 42.763352643307826], [-70.81615512681209, 42.76074298357827], [-70.81627967253604, 42.760155773197994], [-70.81615581260704, 42.75866238928167], [-70.81509965155472, 42.756877676209335], [-70.81510058465484, 42.75537321244872], [-70.8155038004496, 42.75527657505603], [-70.81829651389315, 42.75637611742007], [-70.81907329967133, 42.75761565912739], [-70.82037738724544, 42.75853196793224], [-70.82115255935169, 42.758690114202615], [-70.82453562175415, 42.760563763612176], [-70.82562207382247, 42.76099713250904], [-70.82844726139717, 42.76145578235639], [-70.83245154127121, 42.7614541884176], [-70.83595925457104, 42.762253601755084], [-70.83918723562051, 42.762777875208734], [-70.84421617852493, 42.762660191488024], [-70.84617170769718, 42.763097161138035], [-70.84691696722241, 42.76300403388857], [-70.847289039175, 42.762799648793425], [-70.84790909279518, 42.76288809986516], [-70.84809664760677, 42.763209852905355], [-70.84949285331201, 42.76304273079325], [-70.85147925658474, 42.763433648657845], [-70.85619729719042, 42.76329344758942], [-70.85743920256023, 42.763111305855645], [-70.86150377806983, 42.76126137988774], [-70.8644511347018, 42.760519180928114], [-70.86544428353967, 42.75974651867145], [-70.8661265174077, 42.75841964721143], [-70.86674487784859, 42.756400954490736], [-70.86717913555704, 42.75594366403087], [-70.86845121130978, 42.75574244032522], [-70.87065534131435, 42.75599412466295], [-70.87335529023133, 42.755373569128444], [-70.87416193528556, 42.754756794495755], [-70.87381920884889, 42.75450063382809], [-70.87288906067955, 42.75452541703425], [-70.87186462912933, 42.7548934457012], [-70.87040606281269, 42.755079626891856], [-70.86845093977742, 42.754895686424234], [-70.86680570765428, 42.754985719761365], [-70.86609220931233, 42.75534864659504], [-70.86513043011895, 42.755517789253666], [-70.86429272579882, 42.756062877203064], [-70.86252559495627, 42.75811855862277], [-70.86193721185911, 42.75942567224962], [-70.86088249445162, 42.76029867476571], [-70.85812156668067, 42.76160500518716], [-70.85632159568226, 42.762247093061625], [-70.85461318801062, 42.762445752063954], [-70.85182026710257, 42.76213082993539], [-70.84868468281157, 42.76148871489618], [-70.84828192380283, 42.76185553062871], [-70.84781597809705, 42.76185403161008], [-70.8450533844996, 42.76101587431255], [-70.84424626016255, 42.76096629460891], [-70.8426636785402, 42.76128926789676], [-70.84067679039869, 42.76144731841953], [-70.83940468038485, 42.7613596100771], [-70.8335993717346, 42.759525928143844], [-70.82770145089977, 42.758458838263124], [-70.82450407842589, 42.757087102778726], [-70.82341713726389, 42.75601457378598], [-70.82323141337795, 42.75420688781044], [-70.82108895514395, 42.75141326491046], [-70.82127570434496, 42.75113979710979], [-70.82170948456363, 42.75123179825164], [-70.8223311613206, 42.75200567947766], [-70.82323081607689, 42.752666969171095], [-70.82428615158936, 42.752856552378105], [-70.82524801846397, 42.752508270465206], [-70.82673779134369, 42.75134048912156], [-70.82850677412617, 42.75136539455956], [-70.82987186653325, 42.750749351201534], [-70.83036806004193, 42.751092613726904], [-70.83049356215876, 42.75294607624281], [-70.83067897846625, 42.75358291885455], [-70.83130021091964, 42.754518784863286], [-70.8317047228909, 42.754728168401634], [-70.83238670958977, 42.754798494306385], [-70.8329761175823, 42.7546359172888], [-70.83393844825089, 42.75337723371534], [-70.83452784068227, 42.7529620286085], [-70.83524187521547, 42.75259929826534], [-70.83632852890406, 42.75239286100198], [-70.83728950036313, 42.75156117643113], [-70.83745425410558, 42.751249298255814], [-70.83800316249705, 42.75117648441638], [-70.83915229610125, 42.75214008250866], [-70.83989642941121, 42.752415515838415], [-70.84098278511368, 42.75227204762423], [-70.84135480694205, 42.752068243440945], [-70.84145433088159, 42.75136777499505], [-70.84234750732723, 42.750331428704555], [-70.84194309246986, 42.750148526180055], [-70.84138543615614, 42.75031076680634], [-70.84020653795105, 42.75147375652573], [-70.83961650076631, 42.751591919033636], [-70.83912793639438, 42.751497984484665], [-70.83893438709576, 42.75104621373467], [-70.83843701846898, 42.75062871450519], [-70.8378477341027, 42.75042223558254], [-70.83716474350463, 42.75054154163516], [-70.83604751054158, 42.751496107330745], [-70.83381370454613, 42.7521449221453], [-70.83244906999903, 42.753653342950805], [-70.83192018593637, 42.75367110855823], [-70.83167193256881, 42.75355771226654], [-70.8316716694532, 42.753008022766195], [-70.8322302835591, 42.7511613241503], [-70.83229167439477, 42.75037681104735], [-70.83198148792319, 42.75021973545601], [-70.83086509909799, 42.749994423513535], [-70.82872287428754, 42.750038280888866], [-70.82825814012938, 42.7502887675444], [-70.82760616029297, 42.75038006581943], [-70.82527838001597, 42.750408715594965], [-70.82406939178591, 42.75102280372378], [-70.8234174002649, 42.7510960742537], [-70.82292122781126, 42.75084280253132], [-70.82290808939827, 42.750042666604216], [-70.82279583682518, 42.74956715046484], [-70.82245537242046, 42.74915837649255], [-70.82242419748769, 42.74847403616547], [-70.82146182258734, 42.747742042374924], [-70.82087116235685, 42.74493217760065], [-70.82031350782508, 42.744175541115304], [-70.81966085668572, 42.74239379204981], [-70.81724053811887, 42.740216218983846], [-70.81692940364997, 42.7396449994019], [-70.81438612878374, 42.73703734896546], [-70.81432273460815, 42.7365339798511], [-70.81534711844914, 42.73582381449553], [-70.81562688008052, 42.73618893020456], [-70.81565746590555, 42.7366746629604], [-70.81544134502202, 42.736948511800364], [-70.81540994301064, 42.73730897337476], [-70.815906700814, 42.7380219532734], [-70.817860375971, 42.7393506085436], [-70.81854340611716, 42.739484038369234], [-70.81956765532432, 42.73935053315895], [-70.82164655679236, 42.738705022688734], [-70.82316651838609, 42.73859070704856], [-70.82310398135195, 42.738266827985534], [-70.82167714170895, 42.737974905876534], [-70.81879168497746, 42.73877770942478], [-70.81798502440199, 42.73850233174164], [-70.81696076583, 42.737654029829926], [-70.81658818822618, 42.73678593876837], [-70.81633999834935, 42.73539420761084], [-70.81547146827292, 42.73383114213696], [-70.81447827805516, 42.73100084255008], [-70.81450928050334, 42.72978461214719], [-70.8142617218024, 42.72905903525611], [-70.81441649810155, 42.728389855404636], [-70.81506815243482, 42.72774893651249], [-70.81615306903689, 42.72868651384312], [-70.81578131828962, 42.72878277681541], [-70.81522295748458, 42.728530226410555], [-70.81503706657999, 42.728641090157026], [-70.81512990633163, 42.72926109976515], [-70.81497485058452, 42.729623643263096], [-70.81537832139738, 42.72969861126071], [-70.81677396647103, 42.729171796821205], [-70.81730140339857, 42.72914565342187], [-70.81751841633434, 42.729348919316415], [-70.81773539591553, 42.73001241891915], [-70.81761170516779, 42.73017597845292], [-70.81736408733317, 42.73022571736383], [-70.81692908956452, 42.7299260793785], [-70.81633955422471, 42.729854518549274], [-70.8162158287922, 42.73010866043774], [-70.81705344644828, 42.730860785264746], [-70.81714643986098, 42.73134576154982], [-70.81773581661214, 42.73134530013878], [-70.81785940689299, 42.73085710044979], [-70.81863577684146, 42.73090781120042], [-70.81919350077646, 42.73120478901182], [-70.81922464853399, 42.73142946297526], [-70.81882118637019, 42.732003787341036], [-70.81826431589133, 42.732120348298025], [-70.81776714553673, 42.731939625650675], [-70.8170849103013, 42.73200424202008], [-70.8167117537659, 42.732298546590286], [-70.81665014552131, 42.73287600701567], [-70.81677442019019, 42.73308097675464], [-70.81724061562389, 42.73312761411828], [-70.8173950945294, 42.73239597728998], [-70.81786018829442, 42.73228000471097], [-70.81817039642836, 42.73259972093401], [-70.81860431962532, 42.73273674656177], [-70.81959773481692, 42.73260362246562], [-70.81978366721656, 42.73234815506742], [-70.81981486702877, 42.73191567363349], [-70.82024956932243, 42.731521572017925], [-70.82161364044873, 42.73241797573669], [-70.82527537582237, 42.73349432396305], [-70.8266714998712, 42.73376014280344], [-70.83405534580365, 42.73284921583447], [-70.834333965846, 42.73298866405376], [-70.83449007623273, 42.73358032583086], [-70.83495552963977, 42.733788925464836], [-70.83548251739384, 42.73362766478341], [-70.835234610048, 42.73305516914753], [-70.83523384004397, 42.73255048366147], [-70.83594735552424, 42.7324313645743], [-70.83703348866142, 42.73262101133698], [-70.83861625170462, 42.73241458170339], [-70.83991948695882, 42.732843998105146], [-70.84029110634384, 42.73259518377685], [-70.8410672158051, 42.73252871482659], [-70.84268036104787, 42.73275450396576], [-70.84345570679217, 42.732688014661875], [-70.84323855795066, 42.732178163064106], [-70.84370335687697, 42.731720004999765], [-70.84426178735998, 42.731540315945466], [-70.84516220430434, 42.73142613772003], [-70.84578205801131, 42.731632191830464], [-70.84652647038615, 42.7315846365859], [-70.84649589031281, 42.731314400571264], [-70.84612343274215, 42.731059674462685], [-70.84513031523264, 42.730787369915504], [-70.8433925967309, 42.73114885820539], [-70.84147009595345, 42.73195431083277], [-70.8408174337844, 42.73176661352236], [-70.84072511347753, 42.731309230206364], [-70.84230609817249, 42.72955381345225], [-70.84463287305648, 42.72936334424709], [-70.84627776645513, 42.72884096274518], [-70.8475480929825, 42.72808182842279], [-70.84897422733056, 42.7266624637356], [-70.84965684154224, 42.7265706554938], [-70.8512081533664, 42.72721176465393], [-70.85182926837015, 42.72723775149529], [-70.85375282091798, 42.72671119856944], [-70.8555813262018, 42.72508695096671], [-70.85688388685412, 42.724533817342376], [-70.8571359044601, 42.72419763848063], [-70.85710097054083, 42.72373327233458], [-70.85626218323561, 42.72359863965057], [-70.85585945618202, 42.724325570032974], [-70.85554956898862, 42.72455564883346], [-70.85424794967587, 42.72510877275272], [-70.85279001247679, 42.72620394808831], [-70.85185941923943, 42.72657063833095], [-70.85145593942957, 42.726549810286585], [-70.84956406923193, 42.725635038366576], [-70.84844689950614, 42.725797541699535], [-70.84593505276514, 42.7278375399363], [-70.84525254429997, 42.72815550517814], [-70.8440427022057, 42.72845416136825], [-70.84125082672112, 42.72858908379149], [-70.84025860879763, 42.72916406681038], [-70.83954542043851, 42.730310018583], [-70.83886343017896, 42.73062738653218], [-70.83709542805651, 42.73085413823486], [-70.83433347948093, 42.730493386455464], [-70.83402309890623, 42.73023729026494], [-70.83399227901009, 42.729760562895635], [-70.83430256069113, 42.72941295365054], [-70.83427068682627, 42.728549128667886], [-70.83365052560956, 42.7281624052798], [-70.83355713069498, 42.72669564498866], [-70.83290522458178, 42.72568871214866], [-70.83290466531321, 42.72500398370229], [-70.8320361038324, 42.724748037254066], [-70.8309809766878, 42.72388167279522], [-70.82974006181888, 42.72385704807229], [-70.82806473048153, 42.72335277371885], [-70.82744455824664, 42.72301102656305], [-70.82728946902786, 42.72267141884864], [-70.8270714894199, 42.72257562845178], [-70.82545893347132, 42.722466650518214], [-70.82393967154866, 42.72125711895442], [-70.82359751472312, 42.72045167595742], [-70.82254267148761, 42.71900965785791], [-70.82238692888653, 42.71779570337008], [-70.82185986777425, 42.71684063487232], [-70.82182853722976, 42.716561946413194], [-70.82210795399547, 42.71649438007042], [-70.82282136419343, 42.717185537204266], [-70.82393801762389, 42.71729390613452], [-70.82431007358345, 42.717161610152424], [-70.82412382792319, 42.71679537146312], [-70.82300673508428, 42.7165159603843], [-70.82269676606748, 42.71619681912204], [-70.82251067041312, 42.71562296582084], [-70.82241806084825, 42.715029967505785], [-70.82297612020348, 42.713777993752686], [-70.82393693826506, 42.71331268708019], [-70.82365779120978, 42.71301960942116], [-70.82378246157278, 42.710666828999265], [-70.82303705679665, 42.710048068848536], [-70.82285114484263, 42.709564800500935], [-70.82226103219475, 42.708997581461844], [-70.82235473386118, 42.708762385467054], [-70.82365756519802, 42.70862372593606], [-70.82461877695921, 42.70814941340055], [-70.82502133733551, 42.70778211076061], [-70.8252693670958, 42.707418406359345], [-70.82564103555066, 42.7054485292543], [-70.82774989195673, 42.70436985222704], [-70.82864927374577, 42.70428336680381], [-70.82930102373962, 42.70474119717352], [-70.8293317958268, 42.70521792976091], [-70.82905267006838, 42.70592523410418], [-70.82787462732396, 42.707457207108696], [-70.82784333106214, 42.70851197000676], [-70.8280613344833, 42.709886633647585], [-70.82852627956001, 42.71041033557051], [-70.82948867379004, 42.71066516692748], [-70.83032506394903, 42.7110931153959], [-70.83137971898441, 42.71122918609057], [-70.83162849214034, 42.71093692773124], [-70.83200020168016, 42.71088618733287], [-70.83413994791538, 42.71102230577895], [-70.83454342144938, 42.71090759953963], [-70.83441970272324, 42.71043258518173], [-70.83469869304105, 42.7101309293088], [-70.83466683173756, 42.70978922567453], [-70.83435712475251, 42.70969517124081], [-70.83330296179216, 42.71025229861562], [-70.831101242715, 42.710224957599806], [-70.83063568908305, 42.71004334571706], [-70.82902193928132, 42.708555947801855], [-70.82883616639285, 42.70821672499247], [-70.82883554025254, 42.70775704679482], [-70.82930047577547, 42.70697486501296], [-70.831067583184, 42.70592902918287], [-70.83100623011052, 42.7044888847587], [-70.83013667783719, 42.703475604327494], [-70.82833865602554, 42.703063451951685], [-70.82554803742762, 42.70405433277142], [-70.82554742347182, 42.70368467595974], [-70.82632205117608, 42.70281653922018], [-70.82759398671055, 42.702201663892644], [-70.83115960839834, 42.70208111899766], [-70.83277221834568, 42.70226260178116], [-70.8339203856401, 42.70212687325266], [-70.83373355598363, 42.701850667010675], [-70.83215232667658, 42.70178584489152], [-70.83060210488522, 42.70151356710835], [-70.8288036299226, 42.701488513988544], [-70.82725299587545, 42.701738317247944], [-70.82725339553892, 42.701558275278416], [-70.82861683960778, 42.701032255207025], [-70.83035319905511, 42.69972518632505], [-70.8323371218161, 42.699270230555655], [-70.833732230232, 42.69956297221313], [-70.83460063846915, 42.69922420031938], [-70.83450784685749, 42.69885626338614], [-70.8333916855768, 42.69892860388776], [-70.83308156027077, 42.69869950969602], [-70.83258512074944, 42.69723040871422], [-70.83187220547238, 42.69675536284563], [-70.83156191882381, 42.69629164285942], [-70.83125141331455, 42.696369179621705], [-70.83112781581764, 42.69656932692615], [-70.83153058915194, 42.69748144339101], [-70.83159264043773, 42.6983538923534], [-70.83140790618418, 42.69858238101953], [-70.82839994955732, 42.69917991465163], [-70.82802799256162, 42.69947426445384], [-70.82799581645146, 42.69984429377092], [-70.82818193583142, 42.70025553879186], [-70.82629131095051, 42.700736285803146], [-70.82542317279723, 42.70147053201147], [-70.82362539103644, 42.70186006703977], [-70.8229114546824, 42.701835634149674], [-70.8224463946495, 42.70204108657136], [-70.82198090715944, 42.70196746586949], [-70.8222294878347, 42.70119810803043], [-70.82182593003877, 42.70098812836665], [-70.82170154903602, 42.700620558329206], [-70.82145396989704, 42.70062473225555], [-70.82123630750117, 42.70080800042786], [-70.82123673833578, 42.701492734408774], [-70.8203682772862, 42.70203845703765], [-70.82030712950589, 42.70254390981678], [-70.82002778375823, 42.70299856753192], [-70.82117455311756, 42.702907968203085], [-70.82129895091009, 42.703203520901646], [-70.81977926637674, 42.7037589185413], [-70.81857080402825, 42.70373323708476], [-70.81823018468589, 42.703892144138194], [-70.81813599269236, 42.70411889474898], [-70.81826005212778, 42.704602932525226], [-70.81928327578866, 42.70519916738114], [-70.81925347176524, 42.705380161438384], [-70.81782622774034, 42.706321484612765], [-70.81621343569647, 42.70588773103421], [-70.81553176911468, 42.705925896509235], [-70.81317479945417, 42.70690891794712], [-70.81274040718144, 42.70730355994725], [-70.81280292532531, 42.70915782352582], [-70.81215127469504, 42.709726715015584], [-70.81103518572371, 42.710050902909394], [-70.80663066405398, 42.71082352744598], [-70.80576300296028, 42.710737865410074], [-70.80278496022329, 42.71107385084918], [-70.80117221222788, 42.710891950456706], [-70.79881593552477, 42.71023571927138], [-70.79627216961002, 42.708970086606314], [-70.79611764579049, 42.70851284623732], [-70.79617933166776, 42.708079427095846], [-70.7967688129722, 42.70721429840985], [-70.79686159590612, 42.7064384206144], [-70.79602570391272, 42.706298302102205], [-70.79524972922621, 42.70581533267162], [-70.79447425444049, 42.70455760626322], [-70.79394814204885, 42.702953685182585], [-70.79376220969176, 42.70169561190562], [-70.79190200826935, 42.700580898676094], [-70.7914997500113, 42.70001073048466], [-70.79149886138403, 42.69934455845931], [-70.79177913178718, 42.6986553524046], [-70.79118982251275, 42.697745889666365], [-70.78911212261725, 42.69668887303031], [-70.78870888137644, 42.695839055215366], [-70.78874144065786, 42.69525298294397], [-70.78957851732109, 42.69442935770233], [-70.79022939284306, 42.694220676271826], [-70.79196606900581, 42.69405859263573], [-70.79326853988758, 42.69350673236755], [-70.79364031320992, 42.693851652897216], [-70.79416725033201, 42.69401466093405], [-70.7951908667927, 42.69486374182063], [-70.79550068302049, 42.69534500026608], [-70.79546913973338, 42.6959310802283], [-70.7950657615164, 42.696396739210435], [-70.79239985873042, 42.697078131267325], [-70.79230585365475, 42.69733186975916], [-70.79246157911786, 42.69776211782177], [-70.79311165471023, 42.69808511104223], [-70.79370168068418, 42.698084215287984], [-70.79398071042509, 42.69779165808076], [-70.79481769499151, 42.697670733786914], [-70.79646123150627, 42.696806963728804], [-70.79928305337889, 42.69636610830014], [-70.80024461369727, 42.69666619237985], [-70.80092641129504, 42.69710580018842], [-70.80222800808328, 42.698453871361735], [-70.80349967447034, 42.69849698420324], [-70.80424346509056, 42.6988182282406], [-70.80653830486087, 42.69888996484741], [-70.80712833219529, 42.69911461917832], [-70.80815080134661, 42.69920682495367], [-70.81038310590864, 42.70002698439178], [-70.81091021896677, 42.70075705689377], [-70.81134519984086, 42.700741080981636], [-70.8109420069301, 42.6998919067236], [-70.81029044200821, 42.69943397218086], [-70.80802630232716, 42.69863218728319], [-70.8079032647254, 42.698202156607], [-70.80678669621273, 42.69808462827584], [-70.80660061539679, 42.69792541071409], [-70.80644519887299, 42.69721611456245], [-70.80594967834563, 42.69703478443947], [-70.80495725178396, 42.697212806899444], [-70.80365486758579, 42.69703561649963], [-70.80226003923165, 42.69714761350687], [-70.80136056609642, 42.69625208494015], [-70.8039958387223, 42.69634505879292], [-70.8050810509422, 42.696138907585215], [-70.80660115925916, 42.695592144189206], [-70.80731398321126, 42.695797279241404], [-70.80905005720003, 42.69572439533639], [-70.80923569896166, 42.69554152104865], [-70.80926730476743, 42.69519849913444], [-70.80858439431655, 42.695065010313904], [-70.80750004555073, 42.695316773354804], [-70.80660069615263, 42.69490740769431], [-70.80660091110673, 42.694628339158065], [-70.80867789852567, 42.69373998782485], [-70.80963932576742, 42.69316621200929], [-70.81128309239098, 42.69289638213782], [-70.81165439332136, 42.692665659850626], [-70.81168581926177, 42.69225061792778], [-70.81128270301649, 42.692113183628756], [-70.81087881466311, 42.69227281777082], [-70.8105385411008, 42.69163838066754], [-70.81010472853634, 42.6915013217907], [-70.80998041819166, 42.69216112068467], [-70.80976354042919, 42.69227235441926], [-70.80712807009836, 42.6923679945372], [-70.80728291864081, 42.693284339414], [-70.806973450258, 42.69335281510462], [-70.80672493834335, 42.69316734171856], [-70.80656907517321, 42.692413030596875], [-70.8071592034675, 42.691133746087154], [-70.80808925586673, 42.689804167234385], [-70.80827544401662, 42.68918862605148], [-70.8080586987699, 42.68852566237101], [-70.80833722976922, 42.6882685137226], [-70.81134505502685, 42.688454698356914], [-70.81208871847454, 42.68834434657153], [-70.81441477896598, 42.68740617339143], [-70.81556149854956, 42.68685651497374], [-70.81773193207948, 42.68520955034099], [-70.81853692554932, 42.68483620275114], [-70.81990183004675, 42.6845893632937], [-70.820861545758, 42.683745415664255], [-70.8215438901308, 42.683374139823904], [-70.82207052191083, 42.68255520909316], [-70.82231861509129, 42.682479019054036], [-70.82259776282378, 42.68307761835789], [-70.82495313984671, 42.68330126114235], [-70.82603895293362, 42.68358104014669], [-70.82665881639669, 42.68403926660294], [-70.82731103967558, 42.68412858502588], [-70.82858143229103, 42.682621338558846], [-70.8303477469091, 42.6820706295834], [-70.83164903262693, 42.679779767555374], [-70.83344680247052, 42.67866092453372], [-70.8339426363437, 42.67859007634569], [-70.83456307936014, 42.6789582416987], [-70.83484155020092, 42.678728598408966], [-70.83462388616421, 42.67724590844122], [-70.83350801973377, 42.67721866233019], [-70.83335262051145, 42.677725832434746], [-70.8309674789057, 42.67969142879578], [-70.82969718289542, 42.68152278458191], [-70.82926346079952, 42.681862917899146], [-70.8279916791205, 42.68234278000997], [-70.82743393345035, 42.68327971107696], [-70.8270625576096, 42.683492479101254], [-70.82662818157127, 42.68346350568583], [-70.82585360719128, 42.682872156026114], [-70.82458235714313, 42.68264080439496], [-70.82430304844243, 42.68241073954908], [-70.82358942286793, 42.68241331803997], [-70.82340378309368, 42.68191204281289], [-70.82427087854673, 42.68141186164116], [-70.82405487741482, 42.68118104081039], [-70.82318715028566, 42.68147416432571], [-70.82222650455779, 42.68154336761013], [-70.82024147424501, 42.68271044834155], [-70.81893997063383, 42.683127583194775], [-70.81782417016532, 42.68394696326068], [-70.8167389156979, 42.683829151227584], [-70.81565405663319, 42.683990964535], [-70.81500249588815, 42.68363207848667], [-70.81404196260381, 42.68230529852413], [-70.81357687353092, 42.68236667920445], [-70.81332910073861, 42.682622335454234], [-70.81339046277294, 42.68300923537312], [-70.81453793159947, 42.68444965742624], [-70.81444489987294, 42.68467641325185], [-70.81314282591002, 42.685138491039254], [-70.81146875755421, 42.685165104863955], [-70.8113440226739, 42.68548281744051], [-70.81218244541155, 42.685892348263465], [-70.81149993890234, 42.686741251152085], [-70.81010457924877, 42.68662828172686], [-70.80895801941551, 42.68689881681281], [-70.80833747721816, 42.686719561742365], [-70.80734569307756, 42.68600582015173], [-70.80731434307606, 42.68573612663298], [-70.80781105777842, 42.685367757629685], [-70.80781020892366, 42.685115688729674], [-70.80750005671072, 42.6846609041245], [-70.80719101075957, 42.68452176774584], [-70.80684936083026, 42.68459061282692], [-70.80672564602803, 42.685159827946286], [-70.80560955207535, 42.68514131429154], [-70.80480275350915, 42.68532551355287], [-70.80418313289388, 42.68527227342523], [-70.80378031732138, 42.685044228628016], [-70.8036563061046, 42.68477622645602], [-70.80306827429078, 42.684866644477246], [-70.80387293011688, 42.685961893774824], [-70.80548517846147, 42.68566551269964], [-70.80595101424952, 42.68571219628148], [-70.80619834423476, 42.685915669433946], [-70.80619857800896, 42.6862403154929], [-70.80598118591159, 42.68646856878335], [-70.8042450298228, 42.6872441451096], [-70.80337695234475, 42.6892751197881], [-70.80359342963867, 42.689803056710524], [-70.80368689871729, 42.69152249000543], [-70.80486404386279, 42.69339472897871], [-70.80489581315375, 42.69397106442101], [-70.8041818530138, 42.69461268205496], [-70.80356247791184, 42.694839073339644], [-70.80089502559356, 42.69495350917796], [-70.80027583998253, 42.69481866849989], [-70.7991593279482, 42.69403489904194], [-70.79934570142889, 42.6937884663521], [-70.80030634590493, 42.6939445086968], [-70.8022600005763, 42.69383253322187], [-70.80238378432503, 42.69362341494873], [-70.8022291942761, 42.693463817323604], [-70.8001523141544, 42.693460830254686], [-70.79953235354644, 42.692848860777715], [-70.79894271298387, 42.692597162260185], [-70.79782640377233, 42.692552128838194], [-70.79640017116681, 42.692871478852254], [-70.79540779922277, 42.69270733352254], [-70.79528349482243, 42.69248433246923], [-70.79543929980444, 42.69188663104156], [-70.79503658785525, 42.690695313760685], [-70.79637040380057, 42.689872416111086], [-70.79630852308738, 42.688756319766085], [-70.79643299662006, 42.68804308396989], [-70.7961228398649, 42.6880209410085], [-70.79556436541452, 42.68882268111241], [-70.79509878801252, 42.689874797991685], [-70.79472678624518, 42.6900790191286], [-70.79382726416875, 42.69019168351381], [-70.79326991924022, 42.69005661977814], [-70.79351707516305, 42.68945835345762], [-70.79116111281161, 42.688936992489595], [-70.78945592327756, 42.68818046122148], [-70.78883599114361, 42.68774847833895], [-70.7889295165572, 42.686828569468645], [-70.78858953637025, 42.6862576456301], [-70.78859032914461, 42.68450107759967], [-70.78896159387374, 42.68410782311498], [-70.78859011486911, 42.683744320509], [-70.78759696070824, 42.683579539189374], [-70.78756653728065, 42.685660570618055], [-70.7873492826638, 42.68612341247107], [-70.78775196935142, 42.68632450708276], [-70.78765830917047, 42.68765908241786], [-70.7877828436191, 42.68790910052577], [-70.79060377520186, 42.689783727205324], [-70.79202921036702, 42.690175623817986], [-70.79261825019726, 42.690832456870346], [-70.79376459809593, 42.69156189711165], [-70.79351709223472, 42.69195310920159], [-70.79063338455066, 42.6917914168527], [-70.789548018338, 42.692385092101894], [-70.78867994002998, 42.6924619007191], [-70.78709847096201, 42.69207237720005], [-70.78536233141844, 42.69195588288976], [-70.78238631386179, 42.69136299250039], [-70.775534647463, 42.69146992755073], [-70.77293001982508, 42.69110530203934], [-70.77178270241225, 42.69064571633664], [-70.77060626744948, 42.6895743417415], [-70.76893231815988, 42.688429479250594], [-70.76558597040435, 42.68646377226586], [-70.76313703316778, 42.68541179815512], [-70.76161834034541, 42.68511122113684], [-70.75870337268414, 42.68511113438593], [-70.75386823621916, 42.68415053986819], [-70.75151269185163, 42.68415050478292], [-70.74949800149837, 42.68357817342244], [-70.74747409477459, 42.683301135872135], [-70.74306894461009, 42.680648193263586], [-70.74111451194686, 42.679299655331555], [-70.7357786177061, 42.67445273734396], [-70.73323653683956, 42.6728790534511], [-70.73153121992195, 42.671319318043444], [-70.73112781866409, 42.67073091734001], [-70.72904952964818, 42.66894247657839], [-70.72724996563495, 42.66653750783356], [-70.72669250511059, 42.66617649622005], [-70.72641340755061, 42.66701860408451], [-70.7261357121845, 42.667094953456775], [-70.72415105417271, 42.666638279183445], [-70.72318950761708, 42.665877868512524], [-70.72303535845177, 42.665241036912555], [-70.7234372395173, 42.66402784924058], [-70.72334319597915, 42.663092091084536], [-70.72346687643139, 42.66267599760214], [-70.723870158335, 42.662336614659125], [-70.72461304248962, 42.662153675795764], [-70.72938576683441, 42.662216545102716], [-70.7301302113728, 42.66240324298297], [-70.73183522089852, 42.66374694544497], [-70.73316913875863, 42.66539367918012], [-70.73620717929381, 42.666815920261634], [-70.7362381015546, 42.66722066978794], [-70.73679667329091, 42.667338014855666], [-70.73723035471069, 42.66722328403767], [-70.73908996099627, 42.66806882573354], [-70.74135322710703, 42.6686379132289], [-70.74578775781534, 42.67083088264728], [-70.74851620309573, 42.67172638551029], [-70.75146119018895, 42.67238803891032], [-70.75208160540565, 42.67287368158929], [-70.75338283234953, 42.67307845798735], [-70.7566042082507, 42.6751551341307], [-70.7588348896085, 42.67582269164891], [-70.76004378655816, 42.676623768456984], [-70.76329838176379, 42.67732985956762], [-70.76490962787362, 42.67747627729789], [-70.76729834990066, 42.67499779430949], [-70.76776290594225, 42.674981608074674], [-70.76841422334341, 42.67541278077085], [-70.76959202452922, 42.675782010642564], [-70.77011845330111, 42.67633222791851], [-70.77095504190787, 42.67637295395041], [-70.77080074966385, 42.67585265835511], [-70.76971661899177, 42.67550935176698], [-70.76872426254295, 42.674930304023654], [-70.76869349053597, 42.67454357119738], [-70.76909719930718, 42.674366077736344], [-70.77219574382269, 42.67427309963959], [-70.77380859363151, 42.67368064929473], [-70.77473757679486, 42.67397174359192], [-70.77836433901774, 42.67415873524768], [-70.77944985728298, 42.673700198810906], [-70.78037987001142, 42.673586711527406], [-70.78075162932576, 42.673382534277536], [-70.78087531188623, 42.67321844852158], [-70.78013220512128, 42.67292406018447], [-70.78013231175672, 42.67258140930237], [-70.78191329789207, 42.67120894021671], [-70.78301711201767, 42.670760611625866], [-70.78357294090802, 42.67097842643353], [-70.78394568525783, 42.67093684980048], [-70.7845341237914, 42.67056689656221], [-70.7854573676977, 42.66871081057789], [-70.7854659738676, 42.668120647396485], [-70.78512465975778, 42.66821587470723], [-70.78394553374616, 42.66992802382824], [-70.78295469592769, 42.670132310968974], [-70.78084623976301, 42.67095811747481], [-70.77762135584904, 42.672989979374336], [-70.77461567539012, 42.67232580043209], [-70.77452266465633, 42.67189479200651], [-70.77523586523903, 42.67150541354216], [-70.77570124102891, 42.67088548074317], [-70.77597925276365, 42.67072799350247], [-70.77749899006203, 42.670614283551124], [-70.7776540111072, 42.67047684136589], [-70.77765384424205, 42.67024221661401], [-70.77740601006346, 42.67012926341453], [-70.77591817542076, 42.670287621055564], [-70.7759812066853, 42.66974618690152], [-70.77554665197624, 42.66921288780824], [-70.77517459468547, 42.66944349108518], [-70.77514245384565, 42.67038065943214], [-70.77387198674106, 42.67168871600784], [-70.77040078104473, 42.67100405901641], [-70.76984260931847, 42.670679825472526], [-70.76866587101196, 42.670473208748746], [-70.76782876711229, 42.66982817901914], [-70.76770544221431, 42.66953313311011], [-70.76786072309808, 42.66908006027293], [-70.76714756092471, 42.669055285276116], [-70.76634091054048, 42.66980692880934], [-70.76627873067035, 42.67010473727851], [-70.76593858913542, 42.670308506526716], [-70.76525537050242, 42.67026478009915], [-70.76482254647179, 42.670063975951926], [-70.76457447402599, 42.67010403371006], [-70.76451256839462, 42.67031238204425], [-70.76519308987541, 42.6717790308875], [-70.76550286242777, 42.67207132572073], [-70.7664022331154, 42.671643236349716], [-70.76689809479268, 42.67157211299254], [-70.76798232293133, 42.67173596317663], [-70.7678579318134, 42.67200749650566], [-70.76689661135089, 42.67277954418363], [-70.76674148415029, 42.67316903716993], [-70.7661530188886, 42.6734483140153], [-70.76249547381687, 42.67348692642377], [-70.76206182992816, 42.673403700249274], [-70.76150314627185, 42.672962392655215], [-70.76125551235259, 42.67302889056135], [-70.76100617151523, 42.67414977776603], [-70.75998385526015, 42.67440880677168], [-70.75852751200095, 42.67401743659537], [-70.75694864061293, 42.671960948944935], [-70.75524420112933, 42.67069865040231], [-70.75403651124302, 42.67035721210182], [-70.75301396945727, 42.669850976548084], [-70.74949933187959, 42.669015181476], [-70.74801797540515, 42.668914403972295], [-70.74668356247632, 42.66790757523464], [-70.74680744638046, 42.66744644776943], [-70.74711701054642, 42.66733312165755], [-70.74776823499009, 42.66794502286088], [-70.74820235720729, 42.66787188988795], [-70.74781701308402, 42.667531793336686], [-70.74826260980534, 42.66616239130951], [-70.74857253284058, 42.665634953798026], [-70.74950067644284, 42.66480995155038], [-70.74995161651722, 42.66389913628083], [-70.75035367832093, 42.66358666120783], [-70.75103547258438, 42.6634228494442], [-70.75193471895494, 42.66358058896921], [-70.75332966368836, 42.6632435803833], [-70.75354748604862, 42.66239369878785], [-70.75416720538558, 42.66170845412311], [-70.75485003491242, 42.66145460269056], [-70.75937531392313, 42.661438680265015], [-70.76114022417889, 42.66219492507597], [-70.76296887823993, 42.66232869658754], [-70.76343295144996, 42.66249257288079], [-70.76457890457418, 42.66315029294014], [-70.76513663566448, 42.66370017260017], [-70.76634541923299, 42.66402349825864], [-70.76668584993716, 42.664315422816365], [-70.76690266097174, 42.66514107819848], [-70.76687033322061, 42.66587119057437], [-70.76575494298658, 42.6671131887793], [-70.76572328472272, 42.66747420767342], [-70.76668443471534, 42.66715284885245], [-70.76705532762313, 42.667318369406644], [-70.76733530832543, 42.667106901025434], [-70.76770799766275, 42.664939129178485], [-70.76925698526286, 42.66610405006033], [-70.76938063509897, 42.6663546474969], [-70.76993869004379, 42.66647182881194], [-70.76981433747254, 42.66569008783433], [-70.76953658129797, 42.665234838288335], [-70.76730658808358, 42.66345006782391], [-70.76734896572978, 42.66305141860163], [-70.76756020370223, 42.662898591813246], [-70.76786426006018, 42.66281105728419], [-70.76866995184093, 42.66314980919818], [-70.76898004288257, 42.66365871736283], [-70.7693832650556, 42.66379630278855], [-70.77015765447338, 42.66297353986433], [-70.77130450676427, 42.6624243173902], [-70.77217342771152, 42.66118577685751], [-70.77294784535952, 42.66104773872159], [-70.77378442870469, 42.66148455033505], [-70.7741562414079, 42.66196570008305], [-70.77384552199334, 42.662879739750316], [-70.77421711654925, 42.66290120403096], [-70.77508626569697, 42.66228380739679], [-70.776263128902, 42.66210325887171], [-70.77626381106552, 42.66187820380175], [-70.77601573529913, 42.661756243212444], [-70.77508657462971, 42.661644640722976], [-70.77493192146537, 42.6605932056233], [-70.77601737135777, 42.6596750163082], [-70.77611014566163, 42.65931381430262], [-70.77542853715619, 42.65857697373722], [-70.77536693608907, 42.657388835196706], [-70.77648424100919, 42.65647928044761], [-70.77651496472176, 42.65622684325434], [-70.77583366713522, 42.65611173380076], [-70.77536834637847, 42.6562894272726], [-70.77397322790995, 42.657392465577274], [-70.77378583337973, 42.65901678151296], [-70.7744986479486, 42.65959122214815], [-70.77449773766638, 42.65995131169606], [-70.77397189810499, 42.660184884464776], [-70.77279398317066, 42.65951861635044], [-70.77177130687711, 42.65947110301866], [-70.77171065011237, 42.65912975542166], [-70.77189585923009, 42.65890192429273], [-70.77167918918886, 42.658554529693355], [-70.77127632377953, 42.658668458333395], [-70.77118388331823, 42.658949199973904], [-70.77084251609769, 42.659215992867736], [-70.7709657142204, 42.659817679368636], [-70.77087196848444, 42.660358918916565], [-70.76944651503851, 42.66141726157412], [-70.76895079331987, 42.6615328457134], [-70.76851646749624, 42.66135061245156], [-70.7683929027141, 42.66074948382924], [-70.76795923578872, 42.66031462311023], [-70.76774272852798, 42.65974159987489], [-70.76653523854137, 42.65864296521604], [-70.76538823894799, 42.658210879089516], [-70.76511053298839, 42.657593574610566], [-70.76449134535453, 42.656909391597914], [-70.7622603723936, 42.65578224826469], [-70.76145594377395, 42.65511937151376], [-70.7609925278214, 42.65386563658883], [-70.7621389326538, 42.65313589030889], [-70.76257323756657, 42.65267897713776], [-70.7629455872773, 42.65206074898879], [-70.76307023170868, 42.650707805748766], [-70.76328781772966, 42.65025400850404], [-70.76369096280715, 42.649949933348836], [-70.76480666907015, 42.649653768819256], [-70.76545710528035, 42.65002194089535], [-70.76601372559736, 42.650706848444955], [-70.76607506991957, 42.65178696504594], [-70.76582665540735, 42.65256522077329], [-70.76632181905904, 42.65317884167536], [-70.76802501584449, 42.65411632841636], [-70.76845947612287, 42.654118517061065], [-70.76861514151575, 42.65389106646094], [-70.76886399830308, 42.65238305046914], [-70.76833768621424, 42.65064394178094], [-70.76781180836178, 42.650066144063295], [-70.76697450373634, 42.64995336884536], [-70.76626291592977, 42.6492888625448], [-70.76626291956637, 42.64892876580437], [-70.76663560928652, 42.64865261955088], [-70.76632562245203, 42.648306309009755], [-70.7648999741784, 42.648076125536235], [-70.76477652409542, 42.64890637615038], [-70.7644349100072, 42.64890307658245], [-70.76400115227457, 42.648648246578176], [-70.76359859551673, 42.64895176397467], [-70.76285434452812, 42.64890031810427], [-70.76257753434723, 42.64746379027601], [-70.76245459119619, 42.645222525697015], [-70.76183547451357, 42.64469136670867], [-70.76140374164058, 42.64254546441152], [-70.76171462411517, 42.64139682671124], [-70.76196156367277, 42.64116771685998], [-70.76292254342947, 42.64099098980032], [-70.76379082734849, 42.641148442487015], [-70.76471984822967, 42.640918044839815], [-70.76518455579014, 42.6411449373055], [-70.76524615751111, 42.641972428383575], [-70.76505993564722, 42.642272825620545], [-70.76509032098033, 42.6425425294255], [-70.76713483437403, 42.642907174437816], [-70.76710442854782, 42.642654913348345], [-70.76605095555875, 42.64190608711543], [-70.76592850481107, 42.6406916675254], [-70.76611371054892, 42.64034681277701], [-70.76614498617577, 42.639706712581166], [-70.7666418831014, 42.639230487721605], [-70.76877964197149, 42.638611616769126], [-70.76915061913256, 42.63826343156311], [-70.770113342464, 42.636960787326274], [-70.77029933702875, 42.636183250373634], [-70.77091933814022, 42.63515582162647], [-70.77098168035994, 42.634740414221376], [-70.77076590197825, 42.63407680908635], [-70.77085931827877, 42.63392266904437], [-70.77284137751863, 42.6336031974081], [-70.77321280417333, 42.633327021432706], [-70.7736163887424, 42.63269038552333], [-70.77380212108113, 42.63193084553379], [-70.77432868008687, 42.63179630454588], [-70.7756607102099, 42.632253099981845], [-70.77643447833356, 42.63273676758699], [-70.77689949649218, 42.633233689182624], [-70.7784782565345, 42.633326271247235], [-70.77866496790544, 42.633124882157084], [-70.77860300562553, 42.632846544478674], [-70.77813846900868, 42.63243965730637], [-70.7769608852583, 42.63225055524091], [-70.77420510170471, 42.63131220851466], [-70.77243888396619, 42.631357362573375], [-70.77228385332468, 42.63158538612745], [-70.77243856306006, 42.63275386731063], [-70.7720669270836, 42.63304804444327], [-70.77079592189922, 42.63321163731302], [-70.77023914972014, 42.633436558639225], [-70.76971192891118, 42.63503904005542], [-70.76971188273072, 42.63545371532911], [-70.76902878726156, 42.636022738653345], [-70.76909102919359, 42.63691381255979], [-70.76893559761974, 42.63742034214405], [-70.76862519815747, 42.637785789852714], [-70.76760203788778, 42.63817091418942], [-70.76651896015343, 42.63826869603345], [-70.76592923396721, 42.63904366203156], [-70.76456603814087, 42.63956894961038], [-70.76400835657988, 42.64002789879265], [-70.76366688056584, 42.6401146219845], [-70.7633570925824, 42.63998436219811], [-70.76326501836074, 42.63967937979422], [-70.76298580974385, 42.63963877581757], [-70.76162194548644, 42.64029906125663], [-70.76149968437612, 42.63915721928075], [-70.76193284128715, 42.6387903242986], [-70.76224337330429, 42.63801078240748], [-70.76289437902454, 42.63716308082301], [-70.76292755852892, 42.63579323104773], [-70.76264782470996, 42.63547354648282], [-70.76224643727582, 42.63557001078972], [-70.76212075454241, 42.63709399945953], [-70.76125341354363, 42.63773832095257], [-70.76115909055889, 42.63864921622155], [-70.75991910420407, 42.639452062560515], [-70.7599494875322, 42.639703763187065], [-70.76059975239968, 42.64018899532666], [-70.7606611783695, 42.640945031437276], [-70.76001078417993, 42.641378048645414], [-70.75960695712959, 42.641970185419], [-70.75960659731368, 42.64251933221914], [-70.76010199706856, 42.643295590694024], [-70.75988394747019, 42.6439834433744], [-70.75991547677029, 42.644397194874145], [-70.76031783456052, 42.64498549262428], [-70.76006882278372, 42.64542164156721], [-70.75951164923515, 42.64553847948418], [-70.75947954332213, 42.646016528047745], [-70.75882886878476, 42.64654912592937], [-70.7578064597651, 42.64693416858087], [-70.75706237923994, 42.64754886630996], [-70.75634864169814, 42.648577866311456], [-70.7560693446324, 42.64873529884161], [-70.75467545975057, 42.64857665037208], [-70.75374508619765, 42.649374674709726], [-70.75204041168625, 42.64953638641111], [-70.75114323498859, 42.64933364696779], [-70.75108178157116, 42.64903729368382], [-70.75024494882925, 42.64903242918831], [-70.74990326055496, 42.6495152175925], [-70.74809230556986, 42.64962385447304], [-70.74713135800232, 42.649512381113475], [-70.746666437346, 42.64971753214414], [-70.7467604856783, 42.65068028041865], [-70.74632648670269, 42.6511827118997], [-70.74453005575137, 42.65115635148306], [-70.74304222838212, 42.65031388885893], [-70.74288664264913, 42.64976709667967], [-70.74325766743443, 42.649004319892256], [-70.74393790732782, 42.64822837397524], [-70.74396863958964, 42.64779533251636], [-70.743224591417, 42.64742811310862], [-70.74180020137327, 42.64738670350243], [-70.74155227488929, 42.64724666366393], [-70.74161399796564, 42.64667822664764], [-70.74127204054693, 42.646467237268425], [-70.74009531811281, 42.64674645695942], [-70.73987805867768, 42.64656047759527], [-70.73981482416794, 42.645327288234746], [-70.73928824170528, 42.64491195998833], [-70.73699448321763, 42.644415203027386], [-70.73696394745511, 42.64407347054046], [-70.7379554045884, 42.643544930587446], [-70.73826407754186, 42.64344962705079], [-70.73953570645396, 42.643637490763126], [-70.73990627352491, 42.64349701529088], [-70.7387281872687, 42.64269535404459], [-70.73795450149927, 42.64251751862129], [-70.7375509524079, 42.64198314801077], [-70.73668227733157, 42.64143782647005], [-70.73662109109814, 42.64114146603726], [-70.73717820534243, 42.640384999947386], [-70.73702228815301, 42.63979318313934], [-70.73680545679773, 42.639354568299574], [-70.736122689227, 42.638941568403034], [-70.73556559961831, 42.638283515892226], [-70.7350076579393, 42.638355218304795], [-70.73500823637644, 42.63871532123907], [-70.73596854037275, 42.6392415692879], [-70.73596858072062, 42.63958366357624], [-70.73525740097604, 42.63991036154383], [-70.73507123704651, 42.64027316656166], [-70.73590788125922, 42.640503764940284], [-70.7358763955288, 42.64077475612694], [-70.73556669708002, 42.64104953326706], [-70.73556788180302, 42.64132861766643], [-70.73615680790337, 42.641626218514354], [-70.73646648082695, 42.642170664190004], [-70.7370554722744, 42.64249526812518], [-70.73714796380628, 42.64294431411999], [-70.73631187456616, 42.64269628653327], [-70.73560025226799, 42.642742781871036], [-70.73519688147124, 42.643199238026085], [-70.73522913151142, 42.64377560918167], [-70.73501219386557, 42.64400429841282], [-70.73352508254901, 42.64361240008034], [-70.73296742028377, 42.64365708730803], [-70.73278144458497, 42.64400244735105], [-70.73361792252484, 42.64418748569983], [-70.73352594661101, 42.64491888826088], [-70.73371209173656, 42.64512324103954], [-70.73519875770846, 42.64455074513573], [-70.73612806452634, 42.64393291005327], [-70.73584930878658, 42.64457699323606], [-70.736655335887, 42.64542067542246], [-70.73665532152927, 42.64592481287145], [-70.73696523570764, 42.64626276412339], [-70.73675004151666, 42.647887973306034], [-70.73690571287891, 42.64809268196688], [-70.73764887734947, 42.64771217047522], [-70.73767802820021, 42.64722454254521], [-70.73798856492775, 42.646787721533364], [-70.73798831348897, 42.64589535172032], [-70.73835857064806, 42.64578188651905], [-70.73870013292338, 42.645992882051026], [-70.73867050460512, 42.647434766991765], [-70.73916688389764, 42.64773342956354], [-70.73925945033065, 42.64795741230625], [-70.73913611864278, 42.648166469752944], [-70.73857814760031, 42.64839123114414], [-70.73857869240497, 42.64859829100208], [-70.7387956830561, 42.648712251335574], [-70.74084036503162, 42.648482637813544], [-70.74149075133558, 42.64871590894911], [-70.74111995861657, 42.6496317232828], [-70.74065531612823, 42.65001746354157], [-70.73938524791619, 42.65022573108807], [-70.7390143587771, 42.650799445174364], [-70.73861156496483, 42.65079622902774], [-70.73662766493611, 42.65006069311245], [-70.73539566378561, 42.64926708363476], [-70.73325021438191, 42.649130207904676], [-70.73287757127206, 42.64881152335296], [-70.7323514126893, 42.64867524266472], [-70.73235024208444, 42.64839615886921], [-70.73337327933012, 42.64844402499868], [-70.73380730972627, 42.6479146340363], [-70.73380712072247, 42.64761698918142], [-70.73269011558861, 42.646931579060194], [-70.73210256512593, 42.6476433708128], [-70.73179271992255, 42.6478011046988], [-70.73021259740757, 42.64812255352397], [-70.73024403861984, 42.64835626417251], [-70.73064770776473, 42.6486295890433], [-70.73036881367011, 42.6489670116154], [-70.72866320323801, 42.64892075343385], [-70.72853974971103, 42.64832801776595], [-70.7280436785199, 42.64775923760726], [-70.72776403622804, 42.64706924339143], [-70.72674247921184, 42.646778833482294], [-70.72658724018467, 42.647069249134844], [-70.72655703795895, 42.64834908424593], [-70.72618525026, 42.64883216495151], [-70.72531759773757, 42.648854483506724], [-70.7251940396861, 42.64938761327016], [-70.72491521521181, 42.64949996187694], [-70.72349038678696, 42.649521903731426], [-70.72314912573609, 42.64931986774144], [-70.72287047991892, 42.64938663769242], [-70.7227469571865, 42.64988431795776], [-70.72249815833754, 42.6500953271106], [-70.7220035507264, 42.65012069316875], [-70.72138379202752, 42.6500039877657], [-70.72057761237127, 42.64906117116467], [-70.71992649382229, 42.64895437403911], [-70.71977123644683, 42.64828995666581], [-70.71927547522156, 42.64785617741687], [-70.71911969999096, 42.64680408654753], [-70.71825301811704, 42.646934388100014], [-70.71831447893297, 42.647140735431094], [-70.71868741309444, 42.6473064276797], [-70.71859334932115, 42.64757755357099], [-70.71667253498748, 42.64737268184017], [-70.71676533743728, 42.6477857366272], [-70.71822213287582, 42.648286237336855], [-70.71816077623765, 42.648746635889516], [-70.71967973140642, 42.649984614960935], [-70.71949391604616, 42.65055557876523], [-70.71949364124016, 42.651807481096654], [-70.7198656481606, 42.652081192282125], [-70.71983492243734, 42.65231561128563], [-70.71915414292607, 42.65309197559321], [-70.71878290763483, 42.65327795517141], [-70.71757410953668, 42.65320619656553], [-70.71698485355459, 42.65363826137164], [-70.7180702436861, 42.65407266500484], [-70.71754354348606, 42.6545310379053], [-70.71683177357993, 42.65457741746862], [-70.71683152227759, 42.65481204211223], [-70.71757436412655, 42.65533246450487], [-70.71754454724183, 42.655584893775895], [-70.71686235817958, 42.65570349346498], [-70.71748230851871, 42.65620732903775], [-70.71720400051534, 42.65673433767853], [-70.716460406964, 42.65645697415642], [-70.71525118999311, 42.6553133349099], [-70.7154363619243, 42.653391443468315], [-70.7152193892874, 42.65272772690714], [-70.71475426226004, 42.65261822543225], [-70.71490980639854, 42.653714768722836], [-70.71425925380366, 42.65444517215911], [-70.71422824836458, 42.65531088465241], [-70.71407374158423, 42.65547525392913], [-70.71323685847652, 42.655406541824895], [-70.71317490830772, 42.654813083481216], [-70.71345378452679, 42.65415105110708], [-70.71202772634427, 42.65298339424788], [-70.71016790579127, 42.65319125687744], [-70.71246180559062, 42.653868594395455], [-70.71255460679839, 42.65437167639002], [-70.71205938007327, 42.65499172052866], [-70.71227673389251, 42.65559242816343], [-70.71255510758712, 42.655885779813985], [-70.71373258826506, 42.65636305030599], [-70.7148179036758, 42.65649984006386], [-70.71596393880958, 42.657392674227125], [-70.71754526901708, 42.65730549079567], [-70.71810330270101, 42.65702681633665], [-70.7183193547483, 42.65666311644069], [-70.7181946831546, 42.65522356981083], [-70.71859732960559, 42.65444251769143], [-70.71986746737831, 42.65396440489522], [-70.72039410591465, 42.654217214495645], [-70.72079731871382, 42.6547426387255], [-70.72182191150976, 42.65840340841521], [-70.72182271769793, 42.65944825872042], [-70.72132750312542, 42.66041043365056], [-70.72008892176676, 42.661285444802566], [-70.72018203459213, 42.66281536021167], [-70.71981010556277, 42.663298980814], [-70.71940730626488, 42.66341272972785], [-70.71863311067732, 42.66350539933773], [-70.71751653044959, 42.66329754081359], [-70.71398315357743, 42.66169307425485], [-70.71199928419357, 42.661011133239846], [-70.71113240716133, 42.660258016646225], [-70.71057407169411, 42.65997850421767], [-70.70576986889964, 42.65810458559969], [-70.70192643192134, 42.65689203248438], [-70.694365689707, 42.655634925702266], [-70.69290946115248, 42.655269728932275], [-70.69232085524602, 42.65545804414568], [-70.6922590530164, 42.65602701844689], [-70.69194925129655, 42.65622965869699], [-70.69095778528722, 42.65620865504248], [-70.69021304234374, 42.65511132593579], [-70.68953211990149, 42.65495013409876], [-70.68978002688755, 42.654018990916974], [-70.68909799375497, 42.6531460299756], [-70.68798322643369, 42.65293733354861], [-70.68689859964674, 42.653169397471856], [-70.68637195177585, 42.65278083414825], [-70.68600003098491, 42.65127311129498], [-70.68572118811568, 42.65099769592527], [-70.68472882032718, 42.65111166921981], [-70.68345887308074, 42.65026546981104], [-70.68268445120108, 42.65006081423998], [-70.68054714464758, 42.64865985354893], [-70.67998861432626, 42.64809154648007], [-70.67998867950571, 42.647676869034896], [-70.68026807852337, 42.646969904244095], [-70.68088722287668, 42.646510666185875], [-70.68150762808622, 42.646393529066415], [-70.68379942692152, 42.646602733126], [-70.68457440150827, 42.646879405650196], [-70.68510083476814, 42.64680884915914], [-70.68485347929467, 42.646605110601435], [-70.68485293174338, 42.64635303661299], [-70.6850701857773, 42.6462324727209], [-70.68646451363766, 42.64594184047687], [-70.68664994665752, 42.64610125250331], [-70.68661882830669, 42.6465337162419], [-70.68634069845166, 42.647177687399314], [-70.68714562629955, 42.64720192078379], [-70.68730134385522, 42.64662291755605], [-70.6877659985968, 42.64779594729674], [-70.68832373164663, 42.64754442087558], [-70.68965564399163, 42.647426047064656], [-70.68844762890235, 42.64724539547294], [-70.68770339555739, 42.646031579768064], [-70.68717720369504, 42.645759491970104], [-70.68615484073183, 42.64557674605472], [-70.6860307724958, 42.64541664021625], [-70.68640229434365, 42.64488810916245], [-70.68683644815643, 42.64490917067762], [-70.68751758102344, 42.64534045635692], [-70.68881821236053, 42.645753582801625], [-70.6890974516034, 42.64614546385811], [-70.68962442217915, 42.646209928099715], [-70.69083267930493, 42.6459848941328], [-70.69210301510986, 42.64552452872498], [-70.69290867606854, 42.645638752220705], [-70.69327997839754, 42.64547986307889], [-70.69368311263221, 42.64587034729002], [-70.69408619900469, 42.645729119724656], [-70.69442735142162, 42.645156464352944], [-70.69420970928573, 42.644475257902975], [-70.6938071557452, 42.64403976686136], [-70.69377585214868, 42.64350840073797], [-70.69290888545066, 42.64282772222448], [-70.69287725075225, 42.64253098114683], [-70.69321803473588, 42.642462466696486], [-70.69343453695824, 42.64198178157001], [-70.69393061449144, 42.64165890292737], [-70.6940851495443, 42.64140453485436], [-70.69383719287723, 42.64133641135674], [-70.6938688597899, 42.64106543170707], [-70.69420863515685, 42.641015475006284], [-70.69771038044453, 42.64216122074003], [-70.69783423403477, 42.64159210971112], [-70.69665675033686, 42.64090705191794], [-70.69643978390113, 42.64035132602163], [-70.6963460190672, 42.63996525380361], [-70.69681114321638, 42.63913913209959], [-70.69749287446722, 42.63925471329782], [-70.69749235815449, 42.639713837789635], [-70.69836044883763, 42.64000738245218], [-70.69879484889417, 42.63994681574304], [-70.69888701429748, 42.639621113945175], [-70.69993977067334, 42.63932626282126], [-70.70028083491155, 42.63893363923689], [-70.70018736382787, 42.6378628185637], [-70.70031210016728, 42.63749176576405], [-70.69966132560825, 42.63742986795047], [-70.69966106880862, 42.63724025069576], [-70.70086854815513, 42.637150144927126], [-70.70136420907208, 42.63694426422141], [-70.70161211026367, 42.63662526320578], [-70.70127148127499, 42.63623411235663], [-70.70077616721052, 42.63623293718565], [-70.69975360820231, 42.63664447508577], [-70.69913420450501, 42.63582432932502], [-70.69938162991967, 42.634704105215455], [-70.698886151421, 42.634387269731086], [-70.69888608790919, 42.63415264099791], [-70.69919554367773, 42.63360732064561], [-70.69860644301637, 42.633283082811914], [-70.69860718426561, 42.63289541659411], [-70.69888629305656, 42.632549067305455], [-70.6988859298764, 42.6320983756386], [-70.69969097774211, 42.631888458096014], [-70.6997208621124, 42.63163546897339], [-70.69894642028542, 42.631655983155255], [-70.69894676926954, 42.631358902019706], [-70.70086809894289, 42.63096990975582], [-70.70136344435684, 42.6312057134954], [-70.70204486108396, 42.63124980889691], [-70.7019523147739, 42.631908604773365], [-70.70306619434267, 42.63234222706739], [-70.70312878121693, 42.63275564968172], [-70.70337651318466, 42.63277930206882], [-70.70371736242281, 42.632278636157686], [-70.70371823154352, 42.631999001199574], [-70.70260211260546, 42.631772427819904], [-70.70260248780428, 42.631592379852144], [-70.70300503071773, 42.631154034124904], [-70.70374897163742, 42.63095379461796], [-70.70374812810284, 42.6307191603885], [-70.70337654168421, 42.63051797995844], [-70.70195138494628, 42.630719139132026], [-70.70139400276508, 42.63062863746041], [-70.7013318461098, 42.630062173450256], [-70.70058889906922, 42.630424449907764], [-70.70037185009811, 42.63026540320224], [-70.70034094779508, 42.63005869363873], [-70.70108382025354, 42.62946178966607], [-70.70108339847098, 42.629164703063246], [-70.7008362443116, 42.62909659960072], [-70.70027803900467, 42.629672274405806], [-70.6996903750777, 42.62971715544466], [-70.69938132224142, 42.63035250575225], [-70.69823521091797, 42.63045033581995], [-70.69795579040418, 42.63177908303102], [-70.69761542392855, 42.63173001856325], [-70.69736787125639, 42.631274233402564], [-70.69690289931378, 42.63122711419271], [-70.69594266409493, 42.631565906304736], [-70.69544799071984, 42.63124906108072], [-70.69510688040096, 42.631497067694966], [-70.69423909270205, 42.63172620879885], [-70.69358859181199, 42.63221343282232], [-70.6921330931137, 42.6321903213153], [-70.69083158328169, 42.632696044036265], [-70.69064596107987, 42.632464616233186], [-70.69117170686593, 42.63184431036293], [-70.69250482475853, 42.63163532589807], [-70.692690813231, 42.63145207390477], [-70.69340279731708, 42.63145929847322], [-70.69368094856185, 42.63065382528152], [-70.69330977275068, 42.630542077849405], [-70.69179235040255, 42.63083474355138], [-70.6913580714983, 42.63044515746249], [-70.69132670154916, 42.63024744456263], [-70.69256602467964, 42.62962537382808], [-70.69272110827255, 42.629415460701324], [-70.69265885919933, 42.62901103643384], [-70.69207041852329, 42.628641193497536], [-70.69213230900122, 42.62797431255193], [-70.69163675600053, 42.62752184326482], [-70.69067659836143, 42.627589953151286], [-70.69039745111297, 42.6273151069877], [-70.69033591035681, 42.62644199059407], [-70.69008807900623, 42.625806135503495], [-70.69005738010016, 42.62446060041227], [-70.69049065677197, 42.62388691149953], [-70.69052120994074, 42.623021191661], [-70.69067703867442, 42.62281184880517], [-70.69107884090634, 42.62267062271902], [-70.69145060143254, 42.62308903183632], [-70.69188366339382, 42.62315395541245], [-70.69253450415302, 42.62260428730243], [-70.69312271895085, 42.62254144172442], [-70.6938039986271, 42.622945688037724], [-70.69488797672852, 42.62301964345257], [-70.69513698926708, 42.62317836117821], [-70.69417575169643, 42.62363416492066], [-70.69420722622696, 42.624687683675006], [-70.69476550983097, 42.624643188589836], [-70.69516771098428, 42.624321900016405], [-70.69569374944179, 42.62429630619272], [-70.69649921211219, 42.624554546720276], [-70.69711917459335, 42.62457236190555], [-70.69755164724845, 42.62438575117842], [-70.69770788467554, 42.6239333329526], [-70.69845025702719, 42.62421025202884], [-70.69944212732878, 42.62433979116119], [-70.70033981064195, 42.62495705796124], [-70.70148612904995, 42.62480463104714], [-70.70207454973466, 42.62514741853539], [-70.70464544652476, 42.62510044533712], [-70.70449023277213, 42.62466106498614], [-70.70300381231247, 42.62438580491717], [-70.70297195010981, 42.62413407636152], [-70.70331299189378, 42.62379545783453], [-70.70331251967482, 42.623471362801936], [-70.7031261601886, 42.623356982602374], [-70.70204301082222, 42.62351717667719], [-70.70173305045668, 42.62338674838222], [-70.70173293051486, 42.62276500877833], [-70.70266244539489, 42.62246252955613], [-70.70284760415876, 42.622189792484306], [-70.70297190266012, 42.62136804191311], [-70.70359034480222, 42.621142180433665], [-70.70318801536632, 42.619400786180655], [-70.70467464247683, 42.61928837381371], [-70.70572674994683, 42.61871382415946], [-70.70832829351642, 42.618783452081274], [-70.70879348463157, 42.618533443155314], [-70.70869989796982, 42.6183724438767], [-70.70767850006948, 42.61823434102039], [-70.70668612821268, 42.617636735181385], [-70.70585051036512, 42.61747794832998], [-70.7058196034508, 42.61727067681742], [-70.7062224868295, 42.61688689914279], [-70.70554087089602, 42.616176073189386], [-70.70538490501204, 42.61461980619011], [-70.70668541570745, 42.61351918077051], [-70.70693299100542, 42.61297453761913], [-70.70758285159587, 42.61251424101271], [-70.70761310311936, 42.61144145398089], [-70.707148855666, 42.611529418430166], [-70.7063143964395, 42.612947781110016], [-70.70464123574708, 42.613999698257516], [-70.7043948011423, 42.614301274870435], [-70.70374406652344, 42.61654518185708], [-70.70272336699664, 42.61828126156493], [-70.70055471030992, 42.619701053172136], [-70.7002454407288, 42.621048170758186], [-70.69972005537042, 42.62189414782752], [-70.69925499308152, 42.62218913405119], [-70.69866670992698, 42.62228802055797], [-70.69745854140638, 42.62212546266812], [-70.69724148054091, 42.62202998992048], [-70.69705588822416, 42.62152793233123], [-70.69680823736093, 42.62144181127627], [-70.69631326496513, 42.62160210198727], [-70.69584839737935, 42.62205968473281], [-70.69550789174312, 42.62205562537062], [-70.69529066231603, 42.62182454666768], [-70.69532193948673, 42.62146353676564], [-70.69652941128838, 42.62102237798121], [-70.69736596255593, 42.619973769592534], [-70.69693228746684, 42.61915152119879], [-70.69609491410309, 42.61910068242275], [-70.69491854310772, 42.619793562755326], [-70.69494999475596, 42.62034293861224], [-70.69457883713044, 42.620591859957386], [-70.69433038932226, 42.6213429665605], [-70.6940526345216, 42.621347217859224], [-70.69361880479667, 42.62086705359526], [-70.69265891020333, 42.62056607593257], [-70.69176021955835, 42.620750531970096], [-70.69182193904187, 42.62024513202743], [-70.69117100517107, 42.618786096887625], [-70.69067623849959, 42.618189585944315], [-70.69064517215517, 42.61761320326304], [-70.68553476497976, 42.61821139391192], [-70.6854726780076, 42.61800502195537], [-70.6860311267373, 42.61750143882293], [-70.68606147196353, 42.61727546279122], [-70.68572086541029, 42.61683924960088], [-70.6856588274223, 42.61612817048288], [-70.68541156256155, 42.61601501954914], [-70.68500824177742, 42.61612864485103], [-70.68488414504691, 42.61677032865573], [-70.68333713579294, 42.617252290591054], [-70.68333618290912, 42.61697320365427], [-70.6828108034685, 42.61674667304846], [-70.6829030531867, 42.616565023378875], [-70.68463682279635, 42.61571978118758], [-70.6846681131013, 42.6155388249943], [-70.68373877099467, 42.61553507305786], [-70.68367747773493, 42.61512108324562], [-70.68333691865001, 42.61503596401057], [-70.68308923735871, 42.61521989062603], [-70.68299670551144, 42.61571719187241], [-70.6826552747309, 42.6158751344601], [-70.68206685158393, 42.615811326066336], [-70.68150898996623, 42.61618041835867], [-70.68141654785845, 42.617343910534494], [-70.68020871560722, 42.61713672306552], [-70.68017736577865, 42.616911435752705], [-70.68085966462694, 42.616288909395564], [-70.68095194766316, 42.61601723553758], [-70.68058049787835, 42.61578841027855], [-70.67992994552797, 42.61569883030754], [-70.67993021548779, 42.615239137219696], [-70.68033356776225, 42.61503550386507], [-70.68150920806916, 42.61499095229932], [-70.6820668477307, 42.61466743401341], [-70.68215982859411, 42.61445878222251], [-70.68194290810312, 42.61420967434955], [-70.68110715785498, 42.61418630822917], [-70.6808589760789, 42.61391053144082], [-70.68163420197423, 42.61363751007312], [-70.68200558767076, 42.61290249099759], [-70.6813863336406, 42.61272198932821], [-70.67977588974267, 42.61331317312153], [-70.67943463610897, 42.61293151409082], [-70.68002351307426, 42.61249006833288], [-70.68014724267523, 42.612289513620425], [-70.68005411106802, 42.61201202229006], [-70.6790331467333, 42.611531568701366], [-70.6782587676971, 42.61162396390364], [-70.67797954689492, 42.61139353536811], [-70.6773907480987, 42.61142028880569], [-70.67522468129872, 42.610434243585686], [-70.67392400170054, 42.6096512835396], [-70.67389305090794, 42.60942655934507], [-70.67602983328533, 42.608512306808656], [-70.67677288289488, 42.6079875777006], [-70.67742285708535, 42.606860693234154], [-70.67745367497255, 42.606454669495015], [-70.67717529935854, 42.60604475469936], [-70.67593627908958, 42.60564824280626], [-70.67562821448138, 42.60523811218659], [-70.67593726484048, 42.60499049544839], [-70.67711331767671, 42.60466691133401], [-70.67733015604071, 42.60439331375789], [-70.67726887114402, 42.60418694196224], [-70.67680394626515, 42.60397769294602], [-70.67652521920725, 42.60345017680298], [-70.6766190525685, 42.60320552431472], [-70.67742335637482, 42.60268010216371], [-70.6780111374999, 42.60260832866877], [-70.6788166024034, 42.60283968880443], [-70.67946722709776, 42.6027672295313], [-70.68132521434235, 42.60192010535509], [-70.68197405368205, 42.601162856780036], [-70.68250187233505, 42.60004633028793], [-70.68262541704385, 42.599035533910374], [-70.68482399453235, 42.59707500002024], [-70.68522554284222, 42.59641163935297], [-70.68519523532485, 42.59457376088201], [-70.68547443277346, 42.59318200884016], [-70.68497844996844, 42.59340582504379], [-70.6840803820127, 42.59448204948479], [-70.68389494932387, 42.59574617309678], [-70.68339890000091, 42.59626706929076], [-70.6828111841582, 42.59633887034882], [-70.68265672451042, 42.596152097349034], [-70.68259534166666, 42.59574710639435], [-70.68185175657855, 42.59503738185125], [-70.68148061206593, 42.59370967335796], [-70.68144885279243, 42.5932233049314], [-70.68228452126242, 42.59205775714904], [-70.6831524818937, 42.59130655387363], [-70.68398850340908, 42.591167861604774], [-70.6845761332961, 42.5913931418085], [-70.68522555360117, 42.591374658140396], [-70.68544304445642, 42.59119163864115], [-70.68544199249004, 42.59006517389108], [-70.68519530436494, 42.58959135595658], [-70.68445154665886, 42.589016122602736], [-70.6844214624689, 42.588692939557845], [-70.68460666206924, 42.58835664811321], [-70.68528803629334, 42.58789613420902], [-70.68575215644132, 42.58727653731787], [-70.68668111598957, 42.58677612412803], [-70.68717608939666, 42.58618318419133], [-70.68770254816711, 42.58613006098701], [-70.68921903762887, 42.586774848320644], [-70.68974477236473, 42.58674871868851], [-70.69051887055267, 42.58638616622201], [-70.69132358344174, 42.58553599128825], [-70.69420263144987, 42.58317773517112], [-70.69516146055196, 42.58146097693943], [-70.6960895094, 42.58078042853367], [-70.69664695184116, 42.58011417362349], [-70.69698672825027, 42.57899232932135], [-70.69788401158401, 42.57812249612226], [-70.69791477047755, 42.577410373056], [-70.69834851992624, 42.577097730370625], [-70.6995239026485, 42.57656685349822], [-70.70032942560721, 42.57647340840988], [-70.70094765543965, 42.57668081345335], [-70.70184496505053, 42.57643325976103], [-70.70240206263473, 42.576839418375094], [-70.70289808397514, 42.57686816539603], [-70.70391879357732, 42.57595187389798], [-70.70441392416407, 42.575718968043056], [-70.70527998839012, 42.57547173502538], [-70.70630116581934, 42.57542080795751], [-70.70732250079126, 42.574963627246916], [-70.70908672607338, 42.57457680068723], [-70.70945744563998, 42.57409375902401], [-70.70942650273155, 42.57304023385659], [-70.70970437740932, 42.57267527800373], [-70.71038604073965, 42.57246725594889], [-70.7115311635351, 42.57242332028231], [-70.71276828666575, 42.572053091193276], [-70.71478022899387, 42.57251862051568], [-70.71524474460205, 42.573088386044816], [-70.71558469422244, 42.574461916511574], [-70.71549151971854, 42.57546451789482], [-70.71626666332013, 42.57612754176848], [-70.71735094444632, 42.576543395876804], [-70.71911415776168, 42.57669769439632], [-70.72001244333157, 42.576611491738355], [-70.72189966433677, 42.576033431772274], [-70.72202300494975, 42.57507660539757], [-70.72295036910798, 42.57429680847775], [-70.72285785626106, 42.57386574571847], [-70.7233211238256, 42.57324599274317], [-70.72322800373658, 42.572400803434014], [-70.72431090663292, 42.57212281554964], [-70.72483777149861, 42.57224113980524], [-70.72743682939858, 42.57198567571436], [-70.72830366587125, 42.572098944962775], [-70.72947909834329, 42.571846847457344], [-70.7297262190049, 42.57193289717705], [-70.73006761770985, 42.57296372935502], [-70.72991378774735, 42.57384046203788], [-70.73099765819285, 42.57488693353423], [-70.73087389169173, 42.575140996341474], [-70.7300693106495, 42.575162639295506], [-70.72898574528988, 42.57605285708083], [-70.72877063784675, 42.57702033003596], [-70.72898740705622, 42.577566438637064], [-70.7288646365196, 42.57829820875982], [-70.7293285971967, 42.578615837759635], [-70.73100021425631, 42.579077120160115], [-70.73322834781368, 42.57897997452227], [-70.7337855046899, 42.57877323809986], [-70.7342497695752, 42.57831605943416], [-70.73393919463906, 42.5776539921795], [-70.73387715110074, 42.57680789448178], [-70.73350555294299, 42.57628158561243], [-70.73347371266297, 42.5758948229735], [-70.73402961611008, 42.5753189684747], [-70.73403040627402, 42.57500331833714], [-70.7342151201532, 42.574838557831015], [-70.73467982085253, 42.574750488668315], [-70.73573232575976, 42.57509506301072], [-70.73573247785527, 42.5753651434355], [-70.73514510600108, 42.575806320449765], [-70.73536289720593, 42.57639799959013], [-70.73622876306278, 42.57688031059947], [-70.73687910521427, 42.57689755402675], [-70.73722003115135, 42.57678389883673], [-70.7374351586739, 42.576213090050295], [-70.73780653943126, 42.57584699768714], [-70.73842554460244, 42.575621516799835], [-70.73935276892081, 42.57493161502426], [-70.73981724602191, 42.57486152903542], [-70.7404372335858, 42.57524822363864], [-70.74136505142762, 42.57536067023489], [-70.74201385446885, 42.575314856224374], [-70.74281922086199, 42.574879013681766], [-70.7431600218068, 42.57483736133167], [-70.74377835045948, 42.57506254212284], [-70.74433574657638, 42.574972790877744], [-70.74492310288136, 42.57455857527532], [-70.74650026451012, 42.5738942483964], [-70.74742930869255, 42.57366399136849], [-70.74948777587025, 42.573587933125644], [-70.75071914181164, 42.57330053562596], [-70.75102772332944, 42.573070158174176], [-70.75102848500642, 42.572493431537694], [-70.75158656484308, 42.57192650991802], [-70.7528550765009, 42.57160050677622], [-70.75301122285379, 42.57103097524634], [-70.75449683317778, 42.57089991604674], [-70.75523887686089, 42.57030265588098], [-70.75601364767799, 42.570236757814875], [-70.75644644929477, 42.57057264507835], [-70.75703411539598, 42.57067095789801], [-70.76152341623451, 42.56813345968675], [-70.76313368298638, 42.56625207341523], [-70.76322658361028, 42.56589087282296], [-70.76257696961139, 42.56549510794336], [-70.76251571130705, 42.56513573584338], [-70.76322839138511, 42.56462882571441], [-70.76378478969298, 42.564467516135224], [-70.76499201733066, 42.564466772544705], [-70.76520878238072, 42.56422001765302], [-70.76387859398953, 42.56321337018785], [-70.76369393440264, 42.56206322824846], [-70.76462263768794, 42.56184183402423], [-70.76585964084555, 42.562155801654065], [-70.76635491784332, 42.56261696183829], [-70.76885986799172, 42.56255071296407], [-70.7692624367939, 42.56268886561917], [-70.76960312295584, 42.56360254077756], [-70.77084035413341, 42.56355635013789], [-70.77108840521207, 42.56339924579608], [-70.77099514333355, 42.56312126257614], [-70.77037665669249, 42.56259913835295], [-70.7704697103844, 42.56213834101467], [-70.77155442595513, 42.56069801838266], [-70.77189454789645, 42.559800462664604], [-70.77217268696252, 42.55950794332937], [-70.77353445510126, 42.559297648727615], [-70.77477157007198, 42.55948548465447], [-70.77563862942631, 42.55937277173906], [-70.77604081165303, 42.55951089847664], [-70.7770923992327, 42.559368385766426], [-70.77795897589738, 42.55989540315498], [-70.77777229593485, 42.56019582344214], [-70.77634869441299, 42.5604879294006], [-70.77619445411553, 42.56099504881609], [-70.77523438391823, 42.561334498609085], [-70.7751105130201, 42.56161561580721], [-70.77520371502203, 42.56218167998359], [-70.77619256479879, 42.56387813341097], [-70.77668725252023, 42.56456431069555], [-70.77761515635117, 42.56522562807142], [-70.77764608901587, 42.56543231964794], [-70.77712039847864, 42.565755935643054], [-70.7761601696535, 42.565887768861394], [-70.7755117090316, 42.565798736818806], [-70.77514014925116, 42.56593988279882], [-70.77464361839193, 42.56650617920659], [-70.77328267936076, 42.56707716067768], [-70.77294201534562, 42.56744243468673], [-70.77291024017369, 42.568019528274824], [-70.77396241236072, 42.56861582551777], [-70.7731883315189, 42.569186558110786], [-70.77287892265649, 42.56929939239386], [-70.77241449099706, 42.569207564029945], [-70.77238430225268, 42.56864077066745], [-70.77080606216131, 42.568611114965655], [-70.77055895813005, 42.56875021932296], [-70.77077435993593, 42.56975593670281], [-70.77200015301803, 42.56996904888174], [-70.77160957148618, 42.570238350962754], [-70.77083583577772, 42.57033136805672], [-70.7702794200329, 42.570096595828865], [-70.76984581565218, 42.570103418354016], [-70.76935032117645, 42.57050765106496], [-70.76832879853788, 42.570829774586386], [-70.76786526167197, 42.57115205457397], [-70.7670910548962, 42.571038545854115], [-70.76718310482364, 42.571469568614276], [-70.76873080571887, 42.57174271344747], [-70.76993780243251, 42.57154385802036], [-70.77027823956026, 42.57172775175916], [-70.77111364831764, 42.571750474003025], [-70.77117475985051, 42.571929787119835], [-70.77018504680237, 42.57259366492012], [-70.77027741933917, 42.57291665545637], [-70.77055564344556, 42.57298424609782], [-70.77287656290883, 42.57240809624305], [-70.77327957130566, 42.57206853527482], [-70.77337371337185, 42.57126508143091], [-70.77510572619684, 42.57149935191994], [-70.77553936890392, 42.57135747051053], [-70.77566325654378, 42.570877733296165], [-70.77504489229311, 42.57040121252802], [-70.77495129080923, 42.57015023897806], [-70.77532334132088, 42.56879317953831], [-70.77575689680573, 42.5685246973223], [-70.77798521572319, 42.568571295964475], [-70.77863559513082, 42.569327082670554], [-70.77891367874616, 42.56943966550941], [-70.77931556959338, 42.56934314732686], [-70.78070841379642, 42.567609830140746], [-70.78008992487436, 42.5676104744457], [-70.7794393905467, 42.56801715884591], [-70.77891366591878, 42.568043133318795], [-70.77817074415324, 42.56755909848677], [-70.77826390572814, 42.56691824391455], [-70.78024573306637, 42.56524769358059], [-70.7812978992175, 42.56486151211796], [-70.78194756984307, 42.564292764381904], [-70.78225775778247, 42.56422492388789], [-70.78256652598135, 42.56449917377169], [-70.78337105083753, 42.56458575961342], [-70.78457803007963, 42.56453979640197], [-70.78584636996342, 42.564889190704335], [-70.78649641895726, 42.56477111404531], [-70.78649692250166, 42.564104359965405], [-70.78779602669918, 42.56390363744625], [-70.79042680574965, 42.562600960735175], [-70.79076706436896, 42.562784793329264], [-70.79160221883046, 42.56287094749343], [-70.79212903119699, 42.56257428063259], [-70.79379956763871, 42.5620978127512], [-70.79413996664535, 42.56237166251585], [-70.79413942819228, 42.56262373277924], [-70.79386057441138, 42.563123922946666], [-70.7936106230407, 42.56422015050834], [-70.79383847762348, 42.56424742775363], [-70.79359193082817, 42.564495741394424], [-70.794591998227, 42.56899585285381], [-70.79819195304346, 42.57209613083178], [-70.80779297831535, 42.581196085203764], [-70.81009294599636, 42.58409517701742], [-70.81329208849522, 42.58029491891348], [-70.81689303120146, 42.579495929459284], [-70.81899302766912, 42.57919606337244], [-70.82049306272593, 42.57769585008452], [-70.82359300284064, 42.57989493017062], [-70.82979291688582, 42.584995030798176], [-70.83559306234046, 42.590695090836086], [-70.84379394593073, 42.59059514779519], [-70.88109404371997, 42.590893997211595], [-70.89292305870292, 42.59078013871132], [-70.91988798680823, 42.59136273168026], [-70.92209596466388, 42.59129503504235], [-70.92739492549616, 42.59209396370481], [-70.9337960807237, 42.599294848202646], [-70.92939608353268, 42.60839487926764], [-70.929895935581, 42.609995273732764], [-70.93099792074842, 42.61238015359392], [-70.93081496865098, 42.612626817612686], [-70.93072906608735, 42.61239683328689], [-70.92744804674501, 42.6162122520178], [-70.92640203784366, 42.62013209682071], [-70.9254449614364, 42.62291188393653], [-70.92416800168819, 42.62371123584602], [-70.9230780160858, 42.62324611321304], [-70.92087905544894, 42.623640777164255], [-70.91988699184866, 42.62298987878567], [-70.91965393142411, 42.623002774129084], [-70.91915899453963, 42.62361300964614], [-70.91855297791052, 42.62313227228459], [-70.91825305629459, 42.62320784475314], [-70.91779098862915, 42.62374284518587], [-70.91798099711265, 42.6243492118946], [-70.91909995474639, 42.62441786167725], [-70.91950598458293, 42.62496117012389], [-70.91956096612847, 42.62538174416759], [-70.91936297890142, 42.62568007749447], [-70.91814794954853, 42.6260087382515], [-70.91749007456238, 42.626952920507634], [-70.91692606454649, 42.627302854569116], [-70.91625798135586, 42.62726909712936], [-70.91668194891659, 42.62797286017165], [-70.91571402080122, 42.62800285205351], [-70.9151439753695, 42.62776984431054], [-70.91501104581307, 42.627807993810656], [-70.91483293221995, 42.62840406033798], [-70.91384597665595, 42.628123921552906], [-70.91294706578775, 42.62835116704953], [-70.91238700560147, 42.62917203479586], [-70.91208501101015, 42.629037150690145], [-70.91183598972803, 42.62912478119785], [-70.91215801694524, 42.629644055909004], [-70.91197703326445, 42.62982993354807], [-70.91167592947383, 42.62984415443318], [-70.91091909282974, 42.629215758734496], [-70.91061791212387, 42.629218160865754], [-70.91002100326428, 42.629616843701804], [-70.90926804215083, 42.62934911377888], [-70.9089669084806, 42.62938695863001], [-70.90679105395265, 42.630451023663596], [-70.9058750218659, 42.63062917602477], [-70.90513593869436, 42.631796803592586], [-70.90415693201061, 42.632447241573786], [-70.90506291556196, 42.632912719116824], [-70.90646594272906, 42.634690023067286], [-70.90691905055007, 42.63492303532111], [-70.90637994389589, 42.63605287338419], [-70.9046310021915, 42.638117786706815], [-70.89586296811686, 42.63931402696568], [-70.89568208861728, 42.64124802065158], [-70.89625502925088, 42.641840106341874], [-70.89618993844678, 42.64366104992818], [-70.89780300447826, 42.64469292068201], [-70.89991506678278, 42.647271820947516], [-70.89838699556938, 42.64818211050317], [-70.90171304251209, 42.65282318900634], [-70.90513105545118, 42.65207901655428], [-70.90538899938595, 42.65741307507435], [-70.90529900357134, 42.65915286501642], [-70.90417792689453, 42.65972773722453], [-70.90335307740725, 42.659830946220424], [-70.90540796447492, 42.66198295242918], [-70.9162050224361, 42.660809189411744], [-70.92041803092235, 42.67004025701448], [-70.93604907151038, 42.66349587546144], [-70.96892497362799, 42.67316189059088], [-70.96012090831866, 42.64906995333147], [-70.96312007383048, 42.64782079745461], [-70.97581791983316, 42.64175924729968], [-70.97609791339059, 42.64021100014307], [-70.97397593352754, 42.63833901016079], [-70.97358493525472, 42.637708756887754], [-70.97357094692426, 42.63625988689066], [-70.97438300129835, 42.63569812801333], [-70.9746790571181, 42.635262863399795], [-70.97470595606458, 42.63461875889657], [-70.97337406119975, 42.63157779356111], [-70.9733879620357, 42.63130497451192], [-70.97396704285093, 42.63078210336874], [-70.97393203162306, 42.630572077606075], [-70.97266401338226, 42.6290167727937], [-70.97131892774988, 42.628095201098965], [-70.97034607556589, 42.62760405629948], [-70.96801898029695, 42.62697220160127], [-70.96774702915177, 42.62651520611787], [-70.96936600171351, 42.62478408117193], [-70.96953194147272, 42.62473420533092], [-70.97040502025627, 42.62523784105151], [-70.97181908705672, 42.62464791215023], [-70.97191200233118, 42.62401592352872], [-70.97281705694961, 42.62429575441144], [-70.97367592781049, 42.623424757773115], [-70.9754160812704, 42.62376294749683], [-70.97654696714696, 42.62341023592504], [-70.97681097519329, 42.62308678573971], [-70.97615403350851, 42.622471086972936], [-70.97615002262185, 42.6220372689957], [-70.97577805178967, 42.62155620707703], [-70.97590590876399, 42.62102283647306], [-70.97641007849724, 42.620882773853204], [-70.97844101570892, 42.61912694310241], [-70.98251907966699, 42.61626904091659], [-70.98264509305783, 42.61548808958112], [-70.983827037925, 42.613598947370846], [-70.98521395671882, 42.612019036836195], [-70.98490790694771, 42.61146290205894], [-70.98204892972188, 42.609358753318084], [-70.98196398834186, 42.60760009809468], [-70.98090691512995, 42.60709796995971], [-70.98038304258867, 42.60643225153795], [-70.97487506537217, 42.604786905390306], [-70.97347494012791, 42.60333227100668], [-70.97275206757638, 42.60286478681262], [-70.97079903284661, 42.60282490592967], [-70.96953900060065, 42.60200215698868], [-70.9687109661339, 42.601027779355974], [-70.96642098334435, 42.600717889209804], [-70.96588005391295, 42.59997719152293], [-70.96449692210425, 42.59949478262209], [-70.97449708499838, 42.59419499595159], [-70.98599696106845, 42.59169515307692], [-70.9853969259419, 42.589594918416026], [-70.98764204316674, 42.58868778461431], [-70.9884970122398, 42.58809516645037], [-70.99203698553815, 42.58646223162774], [-70.99115797780603, 42.581338794385864], [-70.98996009652679, 42.58167672475496], [-70.99019701890957, 42.58069481853342], [-70.99207696329239, 42.578406923661326], [-70.99349902251828, 42.57789778376013], [-70.99289599216958, 42.576794024826356], [-70.99319108053093, 42.57604980634949], [-70.99397299782024, 42.57528296590051], [-70.99350405334233, 42.57483191181246], [-70.99341600096861, 42.5740421232883], [-70.99369703283497, 42.57369507436547], [-70.99494693374847, 42.57349405753923], [-70.99509697512428, 42.57329497226053], [-70.99479592506658, 42.57229382012285], [-70.99589601035254, 42.57209382507094], [-70.9955960054239, 42.571294109172634], [-70.99739598571132, 42.570693734490995], [-70.99629607545026, 42.5699940616857], [-70.9967960362611, 42.56889400451663], [-70.99809608198183, 42.56809394621232], [-70.99809601335535, 42.56719426242876], [-71.00209603816411, 42.56529406692578], [-71.0028959712508, 42.563394056784404], [-71.00369609105026, 42.564993751004614], [-71.00789605543075, 42.56469383990689], [-71.00849599424518, 42.563894052395796], [-71.0087969125207, 42.564495122956245], [-71.01379693829112, 42.56659417941169], [-71.01539705213241, 42.567694145724104], [-71.01849701835987, 42.56779377123547], [-71.02169691903296, 42.56869382002957], [-71.02209696803574, 42.5697937755193], [-71.02349705016368, 42.56999424307457], [-71.02449705269682, 42.569193774882535], [-71.02939799565326, 42.569694933533974], [-71.02969792306413, 42.568494893380254], [-71.02999694477217, 42.56519390259815], [-71.03459803029979, 42.565394851651654], [-71.03438699370614, 42.565549855110206], [-71.03408495664726, 42.57062882462963], [-71.03466996489625, 42.57091194841458], [-71.035689073279, 42.57116924666971], [-71.03520197484738, 42.570588879616345], [-71.0353839507815, 42.570428131311196], [-71.03571796272016, 42.57047673839293], [-71.03710902397837, 42.57175785834318], [-71.03751092695602, 42.57191813751864], [-71.03774404647856, 42.571867870247694], [-71.03804194278855, 42.571496025059524], [-71.03917602040455, 42.57149324483847], [-71.03935805191055, 42.571245842196916], [-71.03994098101069, 42.571244229046016], [-71.04061593132579, 42.572638917829195], [-71.04116898987877, 42.57308223676598], [-71.04177007121494, 42.5732039071195], [-71.04240292624037, 42.57309107473309], [-71.04400606917119, 42.57349521480081], [-71.04505205189335, 42.57267674695749], [-71.0485139323166, 42.571469952131864], [-71.04911206157226, 42.571072808201365], [-71.04969508638692, 42.57108408714199], [-71.05044902048236, 42.57160072728475], [-71.05113093829935, 42.57132824526183], [-71.05138200452102, 42.57156215917992], [-71.05168195781778, 42.57142491265016], [-71.05221697186116, 42.57181915777767], [-71.05266396744942, 42.57126217871774], [-71.05293099445396, 42.571285719562574], [-71.05301499699519, 42.57140926558299], [-71.05266898674445, 42.5720032097897], [-71.05345194124997, 42.572001178250396], [-71.05372001387495, 42.57217326118147], [-71.05318906043607, 42.57252005031374], [-71.05320693704806, 42.572817199255525], [-71.05394309026859, 42.572975901308794], [-71.05498100604689, 42.57373892437287], [-71.0559129403299, 42.573502262434914], [-71.05646706375607, 42.574081110406695], [-71.05701308317445, 42.57429814015407], [-71.06515091604115, 42.561769024615636], [-71.0710350462309, 42.555713839362504], [-71.08959098603948, 42.557952053332244], [-71.09281604136635, 42.559129857856604], [-71.1035770330261, 42.56488499340193], [-71.10374802560419, 42.56650207556535], [-71.10491199702936, 42.56584326462594], [-71.10491007982003, 42.56563282679726], [-71.10592406405581, 42.564975742529484], [-71.10764591719949, 42.56425410303855], [-71.10830103237734, 42.56370999503781], [-71.10859703982736, 42.562955922251994], [-71.11008808304386, 42.561297211876465], [-71.11208607640124, 42.560821754569425], [-71.11276993540677, 42.56082123844778], [-71.11313591733438, 42.56062216238863], [-71.11473896270208, 42.561001126402815], [-71.1158590643487, 42.56154219256465], [-71.11767400072738, 42.56103114469683], [-71.118690979217, 42.56104013657828], [-71.1187209409028, 42.56052203418503], [-71.11928494097961, 42.56001413486931], [-71.12048708934394, 42.56010980741492], [-71.12168396458786, 42.5595629028286], [-71.1225789948064, 42.5585479984587], [-71.12390908879807, 42.55782820987045], [-71.12437394790938, 42.55680007253235], [-71.12547292114543, 42.55657520886073], [-71.12609001507707, 42.55665992017959], [-71.12617207977465, 42.556424997876945], [-71.12570295087079, 42.55603018356921], [-71.1261189313317, 42.55579409348876], [-71.1268810278627, 42.55487718820652], [-71.12696007755211, 42.55396088438461], [-71.12712608713503, 42.553910782403996], [-71.12751097873003, 42.554232174529986], [-71.12927902338886, 42.55436390340132], [-71.12969398393243, 42.55410304045163], [-71.12964102029784, 42.55343500296151], [-71.12992294469696, 42.55331099899815], [-71.13044202863004, 42.55365588046878], [-71.13075895649598, 42.55362988797622], [-71.13120404304594, 42.55273782079444], [-71.13212304158148, 42.55308284717667], [-71.13252093553353, 42.552808978617094], [-71.13396997312854, 42.55253394731135], [-71.13455395428147, 42.552680962814804], [-71.1353869672827, 42.552468102980384], [-71.1361790295951, 42.551668824901874], [-71.13558500839068, 42.54888125991907], [-71.13099806717828, 42.53165678950413], [-71.13520002838742, 42.52969523831227], [-71.14719908541525, 42.524993887931416], [-71.14890001049481, 42.524094891686325], [-71.16980001868964, 42.51529480376], [-71.17283192889124, 42.51761427638117], [-71.18819909559507, 42.530246256910935], [-71.19288697050301, 42.53434201150853], [-71.20237807031039, 42.54213824659125], [-71.20621200817857, 42.545556053864004], [-71.20973198908159, 42.54614224484768], [-71.21106906672166, 42.54657096557521], [-71.21233995677191, 42.54745919117882], [-71.21064002888, 42.54753821187424], [-71.21031609273047, 42.54906274417535], [-71.20956700355188, 42.55115279396985], [-71.20953704605284, 42.55195674530066], [-71.21022500648367, 42.55261508770494], [-71.20917700693991, 42.553997131405126], [-71.20865696553827, 42.55426026458593], [-71.21693808704256, 42.560018210476485], [-71.21861092216315, 42.56135127756648], [-71.21826191147717, 42.56148827468557], [-71.2176279892291, 42.561427084338256], [-71.21727995679834, 42.56181220871648], [-71.21654691636907, 42.56178902960496], [-71.21634894642817, 42.56227185782267], [-71.21566705817236, 42.562508179634456], [-71.2155180127296, 42.56273118352555], [-71.21565592292251, 42.56358506039463], [-71.21472706976085, 42.5645268907421], [-71.21506194550301, 42.56478597347012], [-71.21424608008202, 42.56506021591805], [-71.21466599245409, 42.56570323596478], [-71.21456904269921, 42.56618574776131], [-71.21498805240715, 42.56677812590575], [-71.21482697428564, 42.56789176957463], [-71.21508797163227, 42.569933135058655], [-71.2149070796612, 42.57050321218147], [-71.21316109134271, 42.57140981058865], [-71.21258294592384, 42.572450956251345], [-71.21191691129327, 42.572564075420345], [-71.21115306939105, 42.573047730012], [-71.19789796946276, 42.56696927287951], [-71.19689908317854, 42.566342114362755], [-71.19364390874267, 42.56501579628308], [-71.19269998264747, 42.56429309657194], [-71.18592092111453, 42.57497077409287], [-71.17535705774449, 42.59226989948746], [-71.1650170363681, 42.597965259882365], [-71.16366206138451, 42.60213500729762], [-71.16070606269766, 42.605215266380206], [-71.159246091397, 42.60783794330799], [-71.15862204006976, 42.61294319731645], [-71.15732302353987, 42.61421598235683], [-71.15596792299011, 42.61504297388152], [-71.1543360887824, 42.615277223317264], [-71.14861702092068, 42.61325077169508], [-71.14656600943744, 42.609996944906165], [-71.14573899163733, 42.608269912588725], [-71.14307304562956, 42.604080142290975], [-71.1415280306832, 42.60338611800103], [-71.13529006543018, 42.59906123253642], [-71.07596096172549, 42.60409173433051], [-71.0797990840772, 42.608192816541035], [-71.08929891331529, 42.62149186318775], [-71.0897990071588, 42.62299195486492], [-71.09339903662627, 42.62729200856198], [-71.09530602126569, 42.63012090931745], [-71.10140009425581, 42.638092190315724], [-71.11670002574532, 42.65749190351877], [-71.11910008589697, 42.661392142393304], [-71.12310094184195, 42.667091230527696], [-71.12430102987678, 42.66829073189215], [-71.12900091899772, 42.6745910725054], [-71.13440100600164, 42.67679072301496], [-71.13350097032672, 42.67939116389204], [-71.13930098317354, 42.68449107654654], [-71.13810101721904, 42.68489073158267], [-71.1395009673143, 42.68529119613416], [-71.13800105693811, 42.686591245801466], [-71.13990095500235, 42.68629110884925], [-71.13930094414471, 42.687591161163525], [-71.1386010472578, 42.68699090133165], [-71.13840101823409, 42.68799119212647], [-71.1393009306182, 42.68869109969629], [-71.13840099979873, 42.688691101818065], [-71.13770104249804, 42.689590803740145], [-71.13820091352054, 42.69139109081248], [-71.13780104298947, 42.69229116861964], [-71.13810096157896, 42.692691010739296], [-71.13930107296787, 42.692591237235646], [-71.13920096173227, 42.69309110080615], [-71.14220109352698, 42.69379076712471], [-71.14320093897747, 42.69619121061883], [-71.14330203944846, 42.696890867617256], [-71.1445020817505, 42.69749094737021], [-71.14570199934997, 42.69859118895396], [-71.14450200974038, 42.69919120417806], [-71.14280196377129, 42.69919102904475], [-71.14320207702498, 42.69989104603986], [-71.14190191234164, 42.70019084533504], [-71.1407419620354, 42.702349981850595], [-71.14040207709135, 42.70169121586048], [-71.14030195755463, 42.70099099777431], [-71.14060192400215, 42.700190750828426], [-71.13380103344329, 42.70039108933182], [-71.13020108870809, 42.702391022318054], [-71.1300010698699, 42.70219121290738], [-71.12660109339163, 42.70089074535508], [-71.12550098829774, 42.70069083133541], [-71.1250009943885, 42.7029909153428], [-71.12010100388959, 42.70049092672489], [-71.11790098501035, 42.69919076181629], [-71.1184010907164, 42.69889084511182], [-71.1180010874955, 42.69759098088458], [-71.1191009241706, 42.69779096582565], [-71.12000095506042, 42.697290938192204], [-71.12210105641988, 42.69649101284679], [-71.12670095970094, 42.69579085476373], [-71.12710095784914, 42.69329126569217], [-71.1273630067248, 42.69270191385325], [-71.12806706842166, 42.69242905566096], [-71.13170095351073, 42.69259090920793], [-71.1264009610669, 42.68989073198501], [-71.12200108263983, 42.687390737136106], [-71.11700093913328, 42.6860909240426], [-71.11250109331787, 42.683891238319426], [-71.11130092046331, 42.681890997473296], [-71.10920898281663, 42.67912986771237], [-71.10720007855, 42.67699124957882], [-71.10430006475346, 42.67429085410965], [-71.1036999162412, 42.673092079662815], [-71.10220002760217, 42.6732917257063], [-71.10110003307845, 42.67289184177172], [-71.0988000080844, 42.67239214077797], [-71.09550807138056, 42.66963783286104], [-71.09385293827879, 42.66941710292036], [-71.09095597664188, 42.66952672789254], [-71.0896469574412, 42.6692542744827], [-71.08900404973768, 42.66931219195366], [-71.08844308341082, 42.668381850724714], [-71.0878089706242, 42.668174792453044], [-71.08735106999042, 42.66760489858585], [-71.08511997546582, 42.66733416151583], [-71.0879999093698, 42.664192025091154], [-71.08890008906359, 42.66299175569668], [-71.08879994002774, 42.659591960172655], [-71.08680003811465, 42.65959214112633], [-71.08606393173505, 42.65940496251351], [-71.08486502472233, 42.658768822557704], [-71.08161095154261, 42.65650879520127], [-71.08137200110168, 42.65573205488894], [-71.08229998784142, 42.65459213649144], [-71.0833650838505, 42.65392194345249], [-71.08334701971788, 42.65334011239338], [-71.08205506779291, 42.65350873875086], [-71.08122209413541, 42.65391701014006], [-71.08054502330397, 42.65389092367162], [-71.07865101221151, 42.65304401674469], [-71.0781610923966, 42.65250378603357], [-71.07842707789177, 42.65208109132227], [-71.08041291850314, 42.65255418247165], [-71.08248792166212, 42.65151125597919], [-71.08580001822862, 42.65149223098206], [-71.08689992239341, 42.6509920460737], [-71.08539896643566, 42.64989177904771], [-71.08930001905215, 42.647292262014766], [-71.0885000078968, 42.64629185957737], [-71.07989896956254, 42.639591954978826], [-71.07609907827941, 42.636091961616394], [-71.06509894873464, 42.62969211008659], [-71.05989908080399, 42.62549311326956], [-71.05570905143077, 42.62279383042992], [-71.0547700072862, 42.62705898090809], [-71.0433589656124, 42.632457990823156], [-71.02265490593769, 42.64155715827895], [-71.02137092187132, 42.64093800513477], [-71.03778002726278, 42.6678280107883], [-71.03957604692374, 42.672807183184254], [-71.04669494807955, 42.678371072567025], [-71.06436305946637, 42.69472098376061], [-71.07524697390205, 42.70455627192843], [-71.08460893941967, 42.71320521048587], [-71.09071800820922, 42.71913904906425], [-71.1087749971344, 42.735663848513035], [-71.09744106253414, 42.735403861683025], [-71.09542900952329, 42.736146817615], [-71.09165104877273, 42.7370528688388], [-71.08955098916731, 42.73705275260462], [-71.08772294323063, 42.73639586391437], [-71.08191701556645, 42.736884766163584], [-71.07417909501416, 42.73465894903803], [-71.07216994320528, 42.73272286928739], [-71.05867597891226, 42.732559098739955], [-71.05807598495181, 42.73455918207645], [-71.05277603717612, 42.740059264860314], [-71.04889991818428, 42.74519107700356], [-71.04839995205506, 42.74609100774228], [-71.04469996836363, 42.74899088329094], [-71.04370009617621, 42.75249094093133], [-71.0433000899145, 42.75309080327754], [-71.04307808987194, 42.753803890844516], [-71.04169591807396, 42.75471324473524], [-71.04229994536051, 42.75729017824651], [-71.04013796385867, 42.75785998080707], [-71.03850002816884, 42.7584897832993], [-71.02649999935133, 42.77328991477273], [-71.02270007802535, 42.77759013642572], [-71.02090003661654, 42.78448992171626], [-71.01699994456588, 42.792589978935524], [-71.0155000697484, 42.79408982732333], [-71.0110000364257, 42.79708989123734], [-71.00269997045241, 42.80139003669522], [-70.99829993193995, 42.80799017753309], [-70.99939993304767, 42.81068983690765], [-71.00009290893256, 42.811734219173644], [-71.00057403381112, 42.81292396206509], [-71.00098492561682, 42.81569376728847], [-71.00060608569258, 42.81768601840909], [-70.99984805521507, 42.818827093103344], [-70.99883500110856, 42.81993499105542], [-70.99549798599999, 42.821634774345554], [-70.99069806205273, 42.822164005874555], [-70.98716006746037, 42.823256737511464], [-70.98068609323222, 42.824552281464655], [-70.97701006496928, 42.82428595057398], [-70.97302103522965, 42.82361581522752], [-70.96969899260321, 42.82268979672093], [-70.96333009554607, 42.82037403168147], [-70.96052905668152, 42.819753968748884], [-70.95692703510949, 42.81932306118289], [-70.95275692535498, 42.8194750361768], [-70.9489430073682, 42.8199019840748], [-70.94472398562345, 42.8210841385034], [-70.94079891345883, 42.8229899490736], [-70.9389989173378, 42.820689739032396], [-70.9369409307852, 42.81881582891054], [-70.9360720756433, 42.817742080685306], [-70.93562599770681, 42.817609945583435], [-70.93465500328992, 42.8179540303084], [-70.93430705801073, 42.8179360162854], [-70.93478000617823, 42.81678103412624], [-70.9341999864008, 42.81586677322034], [-70.93340799571607, 42.81528285062835], [-70.93176304996176, 42.815241037740044], [-70.9310880301165, 42.81486583889627], [-70.93095209136655, 42.814539981851766], [-70.93110091713949, 42.81424477907656], [-70.93198905015724, 42.813235873257184], [-70.93167296390685, 42.812339207661026], [-70.93032100469424, 42.8101867645449], [-70.93012409324174, 42.80952922727228], [-70.93043003223387, 42.808633927301045], [-70.9317270743522, 42.80695077079967], [-70.93190208807839, 42.80625005070112], [-70.93166091428144, 42.80442487520248], [-70.93099808758085, 42.80299089454387], [-70.91803705483163, 42.787019095627656], [-70.90551999635625, 42.797381936890346], [-70.89798907805215, 42.798292172192205], [-70.89828999033953, 42.79724614411085], [-70.89728701895051, 42.79699281532111], [-70.89374503449298, 42.79479418863276], [-70.8925420585122, 42.794768193736815], [-70.89155491420915, 42.79450420803917], [-70.8638959331499, 42.80089097028771], [-70.858396021299, 42.800090974494346], [-70.85679605445296, 42.79969108126304], [-70.84059593019391, 42.79679082925632], [-70.83693515236446, 42.798524739480236], [-70.83507260311889, 42.79829970392395], [-70.83296043840215, 42.79873934247911], [-70.83178062218391, 42.79857782151086], [-70.82448192582324, 42.799587582594995], [-70.82317754499209, 42.79896840017189], [-70.82240091535817, 42.79778348254363], [-70.82159303510556, 42.79737254158395], [-70.82106503338237, 42.79688559421516], [-70.82059929233445, 42.796064250318445], [-70.81951279446267, 42.795811443955834], [-70.8172139088564, 42.79469573982591], [-70.81566067544551, 42.79384657905535], [-70.81454356623055, 42.79302642222664], [-70.81277275269044, 42.79075756392408], [-70.81215223846115, 42.79025427160234], [-70.81180972144568, 42.789565837532294], [-70.81143760411858, 42.789139408316345], [-70.81112649488595, 42.78901884476389], [-70.81081713256924, 42.789365830045064], [-70.81084800494169, 42.79032922321436], [-70.81115812929569, 42.79080142042107], [-70.8126796566345, 42.79181305285668], [-70.81292862733103, 42.792133536746356], [-70.81308385972805, 42.792887808020865], [-70.81354994757459, 42.79343912754602], [-70.81795977101663, 42.796133692488006], [-70.81948136105855, 42.79668557168253], [-70.8200095707531, 42.797028496785245], [-70.82028896596032, 42.79867298787533], [-70.82118998710656, 42.79958577791671], [-70.82196699028854, 42.80075382650302], [-70.82196615057588, 42.802123237272596], [-70.82075519931767, 42.80310635235855], [-70.82075594928375, 42.8036374691868], [-70.82112870473497, 42.80446051544174], [-70.8209426300493, 42.80580520878709], [-70.82130098690088, 42.806194390520034], [-70.81644471120983, 42.808498452241125], [-70.81637638535062, 42.807544973498885], [-70.81591122979967, 42.80661559466375], [-70.8156936893881, 42.80571805802737], [-70.81485508846889, 42.804965942951796], [-70.81469872988585, 42.80427524692384], [-70.81339454551689, 42.80334088964425], [-70.81314631602626, 42.80265133424787], [-70.81280448088047, 42.80281865526629], [-70.81159269151745, 42.802765887585785], [-70.81044407142048, 42.80313601070463], [-70.8100094134135, 42.80396216108269], [-70.81007174042807, 42.80533082272887], [-70.81069315134529, 42.80633879735127], [-70.81221421629768, 42.807548467125116], [-70.8124316275438, 42.808419003505314], [-70.81264944671577, 42.80869429133188], [-70.81394459228457, 42.809800762238446], [-70.81069496016232, 42.81129097641608], [-70.81058703731117, 42.812942742887245], [-70.81088595398376, 42.81385427394375], [-70.8105099227291, 42.81528558569478], [-70.80917009534716, 42.815370436123125], [-70.80907752183744, 42.81510207824691], [-70.80976050005134, 42.814253221320534], [-70.8096981133426, 42.81327220717703]]], [[[-70.82322190246438, 42.70618101827059], [-70.82328438401629, 42.70668438203248], [-70.82263317670353, 42.707046284275705], [-70.81993534850045, 42.70735059273064], [-70.81971814648995, 42.70704774147633], [-70.81984221449532, 42.70670357419705], [-70.82105093102899, 42.705332776143784], [-70.82210542065317, 42.70469474141276], [-70.82325348872197, 42.70441508256687], [-70.82347024311755, 42.70458289164392], [-70.823532561005, 42.7049242148344], [-70.82272612296013, 42.70574713534858], [-70.8226955225149, 42.70618018729358], [-70.82322190246438, 42.70618101827059]]], [[[-70.8217960900242, 42.70977073278697], [-70.82281970136559, 42.71097964859315], [-70.82254119268308, 42.71144331831893], [-70.82170426361385, 42.71160045256748], [-70.82164203724042, 42.71176381494728], [-70.8224481056524, 42.71192213960608], [-70.82254173702131, 42.71265017731157], [-70.82201409261934, 42.71297397747783], [-70.82154969428572, 42.713729125805855], [-70.82114620321785, 42.7137532022778], [-70.82102099741724, 42.713106560587846], [-70.82139365084547, 42.712722778836685], [-70.82139380145037, 42.712443711917665], [-70.82049399226875, 42.71216948873417], [-70.81996602581538, 42.71178154213123], [-70.81934609295206, 42.71187298119769], [-70.8189749869562, 42.71213073494993], [-70.81878859747614, 42.7125392369758], [-70.81878908951226, 42.7128813230555], [-70.81829275480712, 42.713798872451], [-70.81819973261851, 42.71462033617805], [-70.8179823298165, 42.71505566037673], [-70.81652496761143, 42.716060928839276], [-70.81568725827036, 42.716317601777135], [-70.81512888876685, 42.71612862706756], [-70.81481877120004, 42.71580946352713], [-70.81422934243962, 42.71432342297747], [-70.81351625561018, 42.71361420898422], [-70.81354703339082, 42.71343322255613], [-70.81540734322719, 42.712241893104554], [-70.81643091642651, 42.712288456873004], [-70.81599616712413, 42.71155670897531], [-70.81655536055152, 42.711034511487675], [-70.81680282138069, 42.7105532307116], [-70.81891229483541, 42.70906005459999], [-70.82058697614877, 42.70910591330568], [-70.8209897345501, 42.70928832252825], [-70.82117632178434, 42.7096545694172], [-70.8217960900242, 42.70977073278697]]], [[[-70.8200917328447, 42.716562440616606], [-70.82043253756342, 42.71713383094554], [-70.82077482072407, 42.71709195575004], [-70.82068080347578, 42.71645393710351], [-70.82105302764737, 42.71549345220377], [-70.82099123122701, 42.714503412257976], [-70.82142561872803, 42.7145509723817], [-70.82148777479458, 42.715720495073015], [-70.82126950030202, 42.71629141534834], [-70.8215802479457, 42.717457331997686], [-70.82167457708567, 42.71898712884623], [-70.82245025712659, 42.720434271826626], [-70.82226361027148, 42.72070718176469], [-70.82086820597269, 42.72029727636051], [-70.81854100298747, 42.72095593936019], [-70.81782772215433, 42.72088646954161], [-70.81736261646661, 42.72065979692738], [-70.8165253682478, 42.71837617871464], [-70.81646289645877, 42.71766520037831], [-70.81745472018684, 42.71688392926339], [-70.81813744955873, 42.71610757954433], [-70.81894353142765, 42.71482445406564], [-70.81959484049848, 42.71446257352838], [-70.81987460632698, 42.71448559909303], [-70.82024689635996, 42.71498403285108], [-70.8200917328447, 42.716562440616606]]], [[[-70.82102361550812, 42.722582486999684], [-70.82142694104817, 42.72272044854901], [-70.82245005811882, 42.722559905597286], [-70.82319461223396, 42.72288102741701], [-70.8244041741519, 42.72374442746832], [-70.82570749542776, 42.72431804168921], [-70.82942993272464, 42.724798788153414], [-70.82970946036613, 42.72493825341305], [-70.82964742100873, 42.72529966754673], [-70.82912112842484, 42.725758539124925], [-70.8292130665579, 42.72626094156849], [-70.82986537803043, 42.72598959408577], [-70.83039206661624, 42.72518864009846], [-70.83095009818679, 42.72511647577498], [-70.8313230271473, 42.72529980002596], [-70.83275007239546, 42.72680802076984], [-70.8329059640705, 42.727201637893316], [-70.83287446552683, 42.727904747876906], [-70.83250236150337, 42.72810908796642], [-70.83253279279508, 42.72831574991803], [-70.83355739597957, 42.72877682680565], [-70.83362027551462, 42.7290725713236], [-70.83303063023655, 42.72937018218613], [-70.83240968645542, 42.72934465813809], [-70.82974136826235, 42.728459962082454], [-70.82635972784327, 42.727063556909904], [-70.8248086382867, 42.7266741743392], [-70.82127189085216, 42.72614542031893], [-70.81941037046167, 42.725481828219046], [-70.81847982976264, 42.72489346074644], [-70.81826228142305, 42.72461761326027], [-70.81798357610197, 42.72324370434281], [-70.81807561034212, 42.72260284307305], [-70.81854157781736, 42.72248743559325], [-70.81885187856744, 42.722653552513755], [-70.81879071709658, 42.723104425566966], [-70.81937914249795, 42.72314952405737], [-70.82003053229892, 42.722805646368684], [-70.8199058151416, 42.72207798889231], [-70.82077551506265, 42.72147882865035], [-70.82136424844337, 42.72137031959094], [-70.82201596105507, 42.72166614860893], [-70.82207736337118, 42.72184542637642], [-70.82189177225317, 42.72205532669878], [-70.82114730670567, 42.72232833932868], [-70.82102361550812, 42.722582486999684]]], [[[-70.82698065248371, 42.72781941191535], [-70.82909103183557, 42.72875832664247], [-70.82909044678803, 42.72893836588746], [-70.82868666281811, 42.72898103428853], [-70.82663990559192, 42.728140380812206], [-70.82670119063347, 42.72788698977258], [-70.82698065248371, 42.72781941191535]]], [[[-70.82235794232498, 42.7274970447862], [-70.82235780050482, 42.727722660120584], [-70.82276108131246, 42.72781504297378], [-70.82511906585817, 42.72754300430849], [-70.82567786197681, 42.727615466628386], [-70.82592617966444, 42.72789035365517], [-70.82539793786958, 42.728295184004864], [-70.82536727814853, 42.72850317962683], [-70.82589488457815, 42.728638473891834], [-70.8265463582977, 42.728573626706535], [-70.82778806048708, 42.72919355572142], [-70.8275395864116, 42.729413789251346], [-70.82750845790855, 42.729666230620424], [-70.82856274904998, 42.729829328657], [-70.82961858601617, 42.72966891201077], [-70.83061095506963, 42.72998579396646], [-70.83253408244056, 42.730261342207974], [-70.83284522110847, 42.730445429806075], [-70.83281344753397, 42.730670862304976], [-70.83244132622077, 42.73092921474121], [-70.83107727354148, 42.73111375667983], [-70.82983532938798, 42.731655699069016], [-70.82918401286811, 42.731774578521964], [-70.82763350461587, 42.73188935756813], [-70.82648452637177, 42.73179940510205], [-70.8238780370494, 42.73133747203091], [-70.82133421276887, 42.730287895729454], [-70.81990718638295, 42.72914862262167], [-70.81928678625786, 42.728051213895085], [-70.81916297154797, 42.727151958827214], [-70.81900768837104, 42.726974377770425], [-70.81847953590001, 42.72685705292983], [-70.81835559243288, 42.726516491654785], [-70.81910016719864, 42.72645054705261], [-70.81972130786787, 42.72670176021297], [-70.82254417397016, 42.72701652085613], [-70.82285373510092, 42.727201189184534], [-70.82276077995625, 42.72738237581048], [-70.82235794232498, 42.7274970447862]]], [[[-70.8297418047877, 42.729117120212905], [-70.8298350389663, 42.728872352251244], [-70.83011344963039, 42.728867775671645], [-70.8308894020904, 42.72926104545907], [-70.83268942222287, 42.72973673920849], [-70.83262644991513, 42.72991754376268], [-70.83110625109452, 42.72973491112318], [-70.8297418047877, 42.729117120212905]]], [[[-70.82077968042667, 42.75338177764401], [-70.82127624728751, 42.754112169847495], [-70.82199007039425, 42.75434365564499], [-70.82226922493915, 42.755006379260216], [-70.82214486999064, 42.75591823447387], [-70.82143110329382, 42.75628088583375], [-70.8205620651305, 42.756033294858554], [-70.81820314876043, 42.75454871204785], [-70.81786211077089, 42.75415792599471], [-70.8177996039623, 42.75335749904929], [-70.81866893699106, 42.751848021953236], [-70.81947506025014, 42.75188933563357], [-70.81987913314151, 42.752945515378975], [-70.82025188049198, 42.75326390270878], [-70.82077968042667, 42.75338177764401]]], [[[-70.86503877849, 42.758185259283366], [-70.86476064375306, 42.75784784555679], [-70.86482190695895, 42.7572253548449], [-70.86565860760224, 42.756175582099395], [-70.86593740003599, 42.756125910708356], [-70.86606271789765, 42.75647486271261], [-70.86578292109361, 42.75681315607346], [-70.86553586670821, 42.757916236822204], [-70.8653807953202, 42.7581888228524], [-70.86503877849, 42.758185259283366]]], [[[-70.86289963047942, 42.760085307033556], [-70.86286812068074, 42.759653599777465], [-70.86317830743326, 42.759125875978874], [-70.86330230305086, 42.758511608134384], [-70.86376642150088, 42.75812538570622], [-70.86451277704502, 42.75889690732478], [-70.86454386290275, 42.759220587740494], [-70.86361359527413, 42.75994745286197], [-70.86289963047942, 42.760085307033556]]], [[[-70.81345536660078, 42.76095767993981], [-70.81286569127907, 42.76075050970319], [-70.81286481671208, 42.760219383657514], [-70.81351712885834, 42.75921783763256], [-70.81357958904084, 42.75853236415377], [-70.81385895177749, 42.75834779051706], [-70.81432415912259, 42.75879952465973], [-70.81450974561672, 42.7599675146699], [-70.81429381550227, 42.76056599715193], [-70.81395130071446, 42.760904357518044], [-70.81345536660078, 42.76095767993981]]], [[[-70.81531785363163, 42.766809907423514], [-70.81302058450817, 42.76626123946014], [-70.81236946623682, 42.76552370807529], [-70.81233770258088, 42.76488493760035], [-70.81261787322707, 42.76468180527682], [-70.81432467820633, 42.7659432100933], [-70.816372927839, 42.76662203659749], [-70.81627989363868, 42.766785774137354], [-70.81531785363163, 42.766809907423514]]], [[[-70.83297203478723, 42.80045314742421], [-70.83089504997892, 42.801491015074966], [-70.82963933522083, 42.802118951293515], [-70.83003020297478, 42.801218209307805], [-70.83138736353735, 42.800568349645985], [-70.83297203478723, 42.80045314742421]]], [[[-70.82739220706688, 42.802481753957544], [-70.82619072636975, 42.803586505934724], [-70.82588016148503, 42.80370847508522], [-70.82457564864883, 42.80326990981133], [-70.8244204811837, 42.80352443390798], [-70.82367472748011, 42.80345594347925], [-70.82308552555735, 42.80296977466099], [-70.82289924114983, 42.802495523207725], [-70.82299191798023, 42.80077332451799], [-70.82336376127526, 42.80031696239188], [-70.82404722244635, 42.80020674121022], [-70.82594183313033, 42.80029373600909], [-70.82752567413681, 42.79997099687536], [-70.82792980778662, 42.80006336161088], [-70.82793044926903, 42.80036042835653], [-70.82740183268025, 42.80135094556702], [-70.82739220706688, 42.802481753957544]]], [[[-70.78315961493796, 42.553858919939785], [-70.78195282304257, 42.554156942819326], [-70.78068425382381, 42.55424863211247], [-70.7802509949087, 42.55420147927017], [-70.78009591288006, 42.55396981845113], [-70.78071583961653, 42.553464472209434], [-70.7807465124517, 42.55252669847999], [-70.78158231061532, 42.55177511990445], [-70.78210860846946, 42.55170356157918], [-70.78275767498859, 42.55216223340411], [-70.78340742648372, 42.55226023656012], [-70.78374797701487, 42.55257913260418], [-70.78374775001538, 42.55321888277238], [-70.78315961493796, 42.553858919939785]]], [[[-70.78133188787238, 42.55894136277496], [-70.78052779116305, 42.55877374094335], [-70.78052786994436, 42.5581165480254], [-70.78114705047766, 42.55798030384686], [-70.78167248316709, 42.55820639201689], [-70.78161082027604, 42.558775425590596], [-70.78133188787238, 42.55894136277496]]], [[[-70.73881811571745, 42.56476746459074], [-70.73785881045762, 42.56456532408103], [-70.73702296995117, 42.5637219887544], [-70.73748687992257, 42.563471855181646], [-70.73816705250684, 42.56362320425324], [-70.73816878321541, 42.56410992276295], [-70.7390035522316, 42.564287044793375], [-70.73900388151387, 42.56463815117458], [-70.73881811571745, 42.56476746459074]]], [[[-70.74498330039692, 42.57271061404581], [-70.74470468144003, 42.57234474633237], [-70.74417784230747, 42.572110041454145], [-70.74408518753017, 42.57167899545278], [-70.74414706689525, 42.571200572371495], [-70.74501325578227, 42.570781430117634], [-70.74557031207745, 42.57097131563274], [-70.74584906360126, 42.571246593129004], [-70.74560144937274, 42.57177275486617], [-70.745819223235, 42.57243643545655], [-70.74560273526355, 42.57268315582695], [-70.74498330039692, 42.57271061404581]]], [[[-70.75867121554604, 42.64985706963446], [-70.75777215741091, 42.65063619663811], [-70.75597442272009, 42.651511373299805], [-70.75501385639629, 42.651670040968455], [-70.75380539117094, 42.651553651439876], [-70.75337165820252, 42.65129878174526], [-70.75331020918033, 42.65084038627153], [-70.75386876490477, 42.65012942683674], [-70.75445686833247, 42.649931231046665], [-70.75644055167663, 42.64992769667002], [-70.75699826619892, 42.6495588089887], [-70.7582696468517, 42.64789027544112], [-70.75876612990675, 42.647621700763786], [-70.75944802622847, 42.64752985989462], [-70.75988144573735, 42.6477301278567], [-70.7596632382492, 42.649175307360636], [-70.75867090900101, 42.64955942501317], [-70.75867121554604, 42.64985706963446]]], [[[-70.76688036247539, 42.652539839866], [-70.76663228404483, 42.652291824677], [-70.76663335060506, 42.65192216997237], [-70.7670052558375, 42.651141882631904], [-70.76675774309334, 42.650731265060394], [-70.76712891700218, 42.650455107697944], [-70.76743944096229, 42.65057635882252], [-70.76787327723977, 42.65105623640313], [-70.7680889233097, 42.65242203034544], [-70.76688036247539, 42.652539839866]]], [[[-70.7617360405956, 42.652538595009716], [-70.76111667962878, 42.65306183999778], [-70.75993860749075, 42.65299916108281], [-70.75969077309345, 42.652651543211306], [-70.75863791232325, 42.65244280119224], [-70.75870081448845, 42.65219845154237], [-70.7607162789864, 42.65082499179674], [-70.76111837835894, 42.65093615546484], [-70.76074519412805, 42.65168940893202], [-70.76207741988524, 42.65201075850303], [-70.7617360405956, 42.652538595009716]]], [[[-70.74911809856759, 42.65337384743986], [-70.74911778802138, 42.65367148801306], [-70.74930400962786, 42.65387581511024], [-70.7501776112684, 42.654158874314724], [-70.75073418742967, 42.655140934879384], [-70.75187940324322, 42.65601483723718], [-70.75212716513668, 42.656831159238585], [-70.75200300317663, 42.65711224357677], [-70.75169262625343, 42.65731503893921], [-70.74995649481627, 42.65774715217047], [-70.74967795258213, 42.6577245258705], [-70.74946288286719, 42.6571255941963], [-70.74874928107731, 42.65703768491521], [-70.74828567889921, 42.65728786293937], [-70.74828514942851, 42.65760350656985], [-70.74887438112286, 42.65776544287516], [-70.74890648575057, 42.65826922385251], [-70.74850315784714, 42.65854623902308], [-70.74760399700801, 42.65865910752191], [-70.7463344646713, 42.659192104752655], [-70.7461485616864, 42.65985200654634], [-70.74664541574633, 42.66079093411481], [-70.74636728261699, 42.661083386744885], [-70.74379553781245, 42.661113849755786], [-70.74286500307834, 42.66015518973816], [-70.74199729782961, 42.659852984666735], [-70.74199580502034, 42.65943886393441], [-70.74227564752512, 42.65916387497132], [-70.74335948013736, 42.658687659410944], [-70.74357565527927, 42.65820688284122], [-70.74391693980193, 42.658003748712375], [-70.74391552749886, 42.65772466460686], [-70.74298662455995, 42.658044920795845], [-70.74249080786656, 42.657881316184415], [-70.74230497439515, 42.65761396392273], [-70.74230411590749, 42.656830185247884], [-70.74171481519957, 42.65628054801942], [-70.74186789950895, 42.65502571442831], [-70.74220949479901, 42.65473256300163], [-70.74326254531863, 42.65433773079526], [-70.74354124580069, 42.65383823302385], [-70.74419125925519, 42.65337773621209], [-70.74437618742574, 42.652672255044145], [-70.74573933918569, 42.652029610374726], [-70.74824877236233, 42.65199982637074], [-70.74911713708809, 42.652319994894405], [-70.7497642768392, 42.65279963898767], [-70.74911809856759, 42.65337384743986]]], [[[-70.75705361651254, 42.657367072176115], [-70.75866577164014, 42.65695487543752], [-70.7600603185365, 42.657203502360055], [-70.76160826874671, 42.657908839130805], [-70.76201139941537, 42.65832608724673], [-70.76352934069232, 42.659059338556226], [-70.76541819667771, 42.66054325141411], [-70.76523107973294, 42.66161784701641], [-70.7649835530317, 42.66171192332462], [-70.76433301037761, 42.66150579295599], [-70.76275212189603, 42.66150359569986], [-70.76185435321594, 42.661138894718846], [-70.76011945126933, 42.660085210925764], [-70.75881892332858, 42.65974491383785], [-70.75686646966886, 42.65967611001634], [-70.75606018985928, 42.65928325657021], [-70.7541079108115, 42.65894377243321], [-70.75330247069178, 42.65902859494858], [-70.75423227429127, 42.659626506974945], [-70.75429331255579, 42.66004044859981], [-70.75410687598492, 42.66028568608928], [-70.7531151874046, 42.66051784469651], [-70.75193748347925, 42.66139133706967], [-70.75029398720478, 42.661957403136896], [-70.7484138990379, 42.6623671788029], [-70.74773208522635, 42.66213430680303], [-70.74770078736083, 42.66188259852855], [-70.7484131212603, 42.66153839036747], [-70.74878451476158, 42.660856622652645], [-70.75001636653445, 42.66001614717686], [-70.75029605713426, 42.659399046707755], [-70.75234243209951, 42.658394469980934], [-70.75497832991125, 42.65681412940981], [-70.75593857842851, 42.65667290190373], [-70.75705361651254, 42.657367072176115]]], [[[-70.77204198132645, 42.6721408261097], [-70.7725383807758, 42.67278143004653], [-70.77222817585107, 42.67308386915339], [-70.76881868026574, 42.67239842856338], [-70.76872581271974, 42.67223748668703], [-70.76897458920865, 42.67143166188018], [-70.76947100331594, 42.67118104658479], [-70.76981166468836, 42.67139194122056], [-70.76981087158138, 42.67198609142815], [-70.77157847280544, 42.67198599138571], [-70.77204198132645, 42.6721408261097]]], [[[-70.80629131051305, 42.69175082356965], [-70.80591886921894, 42.69192807101716], [-70.80570226428617, 42.69184124906586], [-70.80570180478124, 42.69115707433591], [-70.80505033564047, 42.68973530354893], [-70.8050501877073, 42.689023560725495], [-70.80520539715285, 42.68866046420992], [-70.8056707208695, 42.688410070710994], [-70.80672497440742, 42.68824929247258], [-70.80709688993757, 42.68834266998771], [-70.80740683296945, 42.68866185710592], [-70.80743815615384, 42.68922862502804], [-70.80629131051305, 42.69175082356965]]], [[[-70.80160572607954, 42.7179376640873], [-70.80445834304813, 42.71946890679128], [-70.80498616414854, 42.720108983509334], [-70.80501662604819, 42.72045968883565], [-70.80557489624366, 42.72045122618744], [-70.8063506399234, 42.721186181938414], [-70.80656858135356, 42.7215070657444], [-70.80644319942934, 42.72287801990382], [-70.80610307123523, 42.72292830531599], [-70.80380769735412, 42.72055088066784], [-70.8030629317885, 42.7201396099939], [-70.80238123092938, 42.71935793736396], [-70.80008500069712, 42.71766459574978], [-70.79980638482311, 42.71707495393148], [-70.7990312576523, 42.71650143312585], [-70.79878341772203, 42.71583883217897], [-70.7988754675102, 42.715675100080595], [-70.8002096525085, 42.71611359702102], [-70.80145057213394, 42.7169132907716], [-70.80163606920534, 42.71718053812395], [-70.80160572607954, 42.7179376640873]]], [[[-70.81134512594224, 42.73374420367645], [-70.81115884397886, 42.732234112004235], [-70.81128373044447, 42.731754366394306], [-70.81174793302014, 42.73145893288435], [-70.81212079936282, 42.73314623762132], [-70.81177952700536, 42.73385425133807], [-70.81150030563094, 42.733930796157196], [-70.81134512594224, 42.73374420367645]]], [[[-70.81441618019907, 42.73491133820446], [-70.81379566433274, 42.73610100393311], [-70.8131758183995, 42.73605681669521], [-70.81274117980506, 42.73547809993032], [-70.8127415970627, 42.73479394079191], [-70.81255512777442, 42.73457171828445], [-70.81252320611321, 42.733058608022645], [-70.81267893783408, 42.73274108278117], [-70.81298917781025, 42.732619146011814], [-70.81317595508611, 42.73276035062044], [-70.81326872477888, 42.73326333280747], [-70.81423015505, 42.73417543717853], [-70.81441618019907, 42.73491133820446]]], [[[-70.8084273703789, 42.74723841084878], [-70.80799357486231, 42.74708278214055], [-70.80743459914966, 42.74637164856028], [-70.80715598728979, 42.744655643529875], [-70.80743516364328, 42.74458811098922], [-70.80886302742968, 42.74609662218388], [-70.8090492238588, 42.74705758238171], [-70.8084273703789, 42.74723841084878]]], [[[-70.81106579265587, 42.7589596553864], [-70.81081712863461, 42.75921585889877], [-70.81038259822509, 42.75924083965936], [-70.8093583195953, 42.75880713502289], [-70.80942060903075, 42.75770700504799], [-70.81028920293213, 42.75731496815714], [-70.81084762205975, 42.75754897209133], [-70.811344465552, 42.75807236068165], [-70.81106579265587, 42.7589596553864]]], [[[-70.72365764218081, 42.56690699991729], [-70.72341100213981, 42.56743312236495], [-70.72350420258594, 42.56811682778667], [-70.72325724301113, 42.568390310002286], [-70.722235947336, 42.56873903656987], [-70.72130780208344, 42.569464807179706], [-70.72090602548516, 42.56960613807039], [-70.72038006355763, 42.56874001675294], [-70.7203475283527, 42.568416263149395], [-70.72112125531608, 42.56777385799896], [-70.72121380223123, 42.567430130100256], [-70.72062550746361, 42.566835357067816], [-70.72062563179972, 42.56660972814666], [-70.72167775573165, 42.56656731497835], [-70.72155349797008, 42.565965547608855], [-70.72189332811648, 42.565968965057856], [-70.72241995614846, 42.56613287542689], [-70.72282258115999, 42.56663073548065], [-70.72365764218081, 42.56690699991729]]], [[[-70.6922817780506, 42.580431435098895], [-70.69212873654931, 42.58025368642693], [-70.69222125208613, 42.5800450217424], [-70.69274659297811, 42.57965876895108], [-70.69376867033186, 42.57945435041411], [-70.69389187607045, 42.57982207008254], [-70.6935516378832, 42.58043975244876], [-70.69330367942148, 42.5805691210458], [-70.69277760393447, 42.580388202649075], [-70.6922817780506, 42.580431435098895]]], [[[-70.66500753306019, 42.60278959756454], [-70.66417232943371, 42.60276554895114], [-70.66352235484115, 42.602099147166896], [-70.66355280367743, 42.60175614180266], [-70.66460590596125, 42.60137158871027], [-70.66528654338019, 42.60150592470426], [-70.66603023009448, 42.60127891823351], [-70.66627854526207, 42.60139211941493], [-70.66624756525721, 42.60169010836056], [-70.66541059164904, 42.6022607931292], [-70.66500753306019, 42.60278959756454]]], [[[-70.6228436058086, 42.620873345775], [-70.6221311263952, 42.620937702671036], [-70.62163551853939, 42.62066554309235], [-70.62163433606698, 42.62036788423192], [-70.62209923340136, 42.62002819338992], [-70.62246982778979, 42.6192933557998], [-70.62358522528869, 42.6190429998109], [-70.62386439406767, 42.619155963119404], [-70.62401958896783, 42.619884103791726], [-70.62377212725096, 42.62022995353761], [-70.6228436058086, 42.620873345775]]], [[[-70.59001922952422, 42.62728753858322], [-70.59231099727641, 42.628039288060066], [-70.59231093897495, 42.62822834333635], [-70.59172300519737, 42.62852474775338], [-70.59166092658232, 42.62918370388822], [-70.59125914542147, 42.62925200209575], [-70.59014351858355, 42.62891631057091], [-70.58961696299991, 42.62907702266476], [-70.58918381892421, 42.629785942890315], [-70.58875029820402, 42.63012518704399], [-70.58791420219976, 42.63021817976098], [-70.58763434699358, 42.62996952192164], [-70.58754198536268, 42.62969139803448], [-70.58775784867342, 42.628571147032595], [-70.58723168959744, 42.6280470866735], [-70.58726198641831, 42.62756005708704], [-70.58800496012917, 42.62608161199107], [-70.58850026157056, 42.625894215287545], [-70.58890317927973, 42.62616747427254], [-70.58865533288345, 42.626603836057306], [-70.58939894848024, 42.62676443436448], [-70.59001922952422, 42.62728753858322]]], [[[-70.69718253418566, 42.63287202019464], [-70.69708884187779, 42.63328773597929], [-70.69637596770967, 42.633766664653606], [-70.69628390752938, 42.63417338854484], [-70.6976158174566, 42.63427098516086], [-70.69761540197193, 42.63648672815279], [-70.69783325239896, 42.63676338059953], [-70.6974923893664, 42.63767814463369], [-70.69724504197893, 42.63786210298851], [-70.69653211310163, 42.6377738733992], [-70.69619080915876, 42.63818392688289], [-70.69554090848968, 42.63811300945646], [-70.69529355339782, 42.63790929270201], [-70.69451903297909, 42.637929777161894], [-70.69399231435068, 42.63752324063622], [-70.69368243247203, 42.63759084766285], [-70.69396081733288, 42.63801928476648], [-70.69454993837908, 42.63834354581827], [-70.69454991401511, 42.63861362116034], [-70.6938064670334, 42.638706337684695], [-70.69358939335108, 42.63902441195719], [-70.69293874921259, 42.63907050748432], [-70.69293914387607, 42.639277568126495], [-70.69324946497315, 42.639444031548614], [-70.69306302870766, 42.63969029862338], [-70.69318691814333, 42.64040011190094], [-70.69250574965552, 42.64092368773601], [-70.69145200712458, 42.64129048459825], [-70.68835387643841, 42.64127382404215], [-70.6881063081146, 42.6412056909233], [-70.68810709716998, 42.640908050772005], [-70.6887259177406, 42.640583243493545], [-70.68866382347564, 42.64040444505166], [-70.68736268561398, 42.64021637483107], [-70.68717664517519, 42.64081373352877], [-70.68692940329285, 42.641015675693865], [-70.68541085292566, 42.64102017006888], [-70.68516311911131, 42.64058236345945], [-70.68599973622459, 42.639209750151316], [-70.68686650769727, 42.63918772141402], [-70.68711467217933, 42.63891376562483], [-70.68751723100212, 42.638781559693726], [-70.688043996108, 42.63882746258729], [-70.68795093991977, 42.638567985967015], [-70.68736305290123, 42.638504772955734], [-70.6865572336424, 42.638705597080964], [-70.68661903029012, 42.63843483113974], [-70.68695998522074, 42.63820429091996], [-70.68702180538425, 42.63784293698226], [-70.68816810816372, 42.63777166359309], [-70.68853994896953, 42.637361285258024], [-70.68931405346562, 42.63772794656866], [-70.68984117414799, 42.63765681101997], [-70.68953131630957, 42.63733729855058], [-70.68946959834744, 42.63683328673519], [-70.68912905483184, 42.636559695712016], [-70.68884911944924, 42.636491336760784], [-70.68816776815137, 42.63697043634277], [-70.6877656939286, 42.63706607516197], [-70.68788978994374, 42.63610030107688], [-70.68878776617375, 42.636077914920676], [-70.6887874176997, 42.6358978618788], [-70.68819948332144, 42.63545598359819], [-70.6881374236981, 42.63497953854831], [-70.68841589525978, 42.63436257114899], [-70.68953094288132, 42.6335174096891], [-70.69024361124588, 42.63344363554802], [-70.69089347101975, 42.63363217857417], [-70.69126526322401, 42.63331125358921], [-70.6919471085448, 42.633174798079374], [-70.69200919927835, 42.63275999048801], [-70.69327927107285, 42.63348850746558], [-70.69355771454043, 42.63388093651353], [-70.69442514208873, 42.63344417707603], [-70.69420810729173, 42.63242087583212], [-70.6949820888745, 42.63184110769884], [-70.69588076768936, 42.63220634331997], [-70.69646959486833, 42.632251514933614], [-70.6969963251382, 42.63250556073154], [-70.69718253418566, 42.63287202019464]]], [[[-70.63186910016448, 42.616142574752644], [-70.63168290424045, 42.615640402781366], [-70.63171410140268, 42.61509035064292], [-70.63261266103439, 42.61459070459247], [-70.63369711134428, 42.61447674674604], [-70.63447194916179, 42.613582292291085], [-70.63441037512543, 42.612547088794], [-70.6347205101391, 42.611929918230665], [-70.63376213640197, 42.611132749937], [-70.63354615315978, 42.60969464301503], [-70.63274185454145, 42.60849856559832], [-70.63261818800642, 42.60813077813686], [-70.63262051652099, 42.605914451502635], [-70.6326826945981, 42.60540908102126], [-70.6330234349109, 42.60486360244696], [-70.63299381495275, 42.60435923032665], [-70.63420135035385, 42.60342301092508], [-70.63429460338335, 42.60287229628973], [-70.6354717429035, 42.60156672581642], [-70.63534991707047, 42.600703806891424], [-70.6356596942647, 42.599969031905395], [-70.63823115732671, 42.59813989173033], [-70.63934544405953, 42.597799350070986], [-70.63968607287772, 42.5972268424508], [-70.63931590390081, 42.5967002394619], [-70.63931584762693, 42.59628611538494], [-70.64163829118145, 42.594549570620146], [-70.64235110047333, 42.59426959578708], [-70.64309504581314, 42.59351945707428], [-70.64349685515315, 42.59331593977781], [-70.64470423551997, 42.59303736827625], [-70.64597385238149, 42.592351872862785], [-70.64677867374299, 42.59233137891726], [-70.64795479475337, 42.59317956670595], [-70.64888285681889, 42.593310199929434], [-70.64981198888815, 42.593107734170076], [-70.65185630647646, 42.592032884674644], [-70.65213450302612, 42.591533591197745], [-70.65185774097714, 42.58926681857294], [-70.65161006237206, 42.5888289304178], [-70.65021683425293, 42.58784864126885], [-70.64928872040825, 42.58750195277784], [-70.64925884016701, 42.58697957582642], [-70.649723265492, 42.58608103954095], [-70.65052877582326, 42.585240716258774], [-70.65139580011433, 42.58455219760251], [-70.65316040083094, 42.58361706029313], [-70.65415109539545, 42.58230486535248], [-70.65452280873008, 42.58203807025918], [-70.65535803629227, 42.58175553623178], [-70.65888737747153, 42.581191070692924], [-70.65990886515362, 42.58086991163421], [-70.6612089727868, 42.57995040073412], [-70.66229244569155, 42.58020471913419], [-70.66414902320201, 42.579862010250444], [-70.67250505763657, 42.58249755731919], [-70.67244267066442, 42.58269685720825], [-70.67210260123808, 42.58279175997915], [-70.6650470574004, 42.58055159072433], [-70.66464445798779, 42.58071128879408], [-70.66455131605406, 42.58119000853077], [-70.66427338861844, 42.58153628842093], [-70.66349911752809, 42.581646589135666], [-70.6632511510587, 42.58185748052469], [-70.66331262096128, 42.58221690886286], [-70.66359144290766, 42.58249238678278], [-70.66517044963254, 42.58270356604049], [-70.66529277619425, 42.58326936998729], [-70.66563420257987, 42.58370565602236], [-70.6656027039956, 42.58398563717036], [-70.66501445044335, 42.58450747799506], [-70.66309547262662, 42.584923458414586], [-70.66266135481749, 42.585533055728995], [-70.6626616182718, 42.58665951937743], [-70.66284724683852, 42.58704460546062], [-70.6636205005656, 42.58761850565178], [-70.66374465911473, 42.58810329957003], [-70.66228831219956, 42.589223701738504], [-70.66207180725277, 42.589929403554315], [-70.66002808796772, 42.59180623838361], [-70.65792359898964, 42.59215213833054], [-70.65671603826515, 42.59279151616643], [-70.65578581861082, 42.59358876886524], [-70.65532118104609, 42.5941362213707], [-70.6548573622508, 42.59553049213413], [-70.65473225530585, 42.59656825958041], [-70.65553595633686, 42.59780019239415], [-70.65621712726264, 42.59823167430404], [-70.65714663375425, 42.59848885075229], [-70.65748598386496, 42.59882611429718], [-70.65726942382842, 42.59958638396944], [-70.65804288227848, 42.59995325898664], [-70.65801184350562, 42.60022423772308], [-70.65686646143925, 42.60121404849101], [-70.656525523743, 42.601876629431025], [-70.65658686961736, 42.60244311951436], [-70.65609180392984, 42.60258523241232], [-70.65578169664539, 42.602878364893606], [-70.65581195030076, 42.603292145486435], [-70.65630821701735, 42.60377178818053], [-70.65667924004532, 42.60379306675197], [-70.65869232169955, 42.60310667174437], [-70.6590633613796, 42.603154950751886], [-70.65897098112102, 42.6039133136748], [-70.65924871725902, 42.60416178391318], [-70.660022783249, 42.60423099913705], [-70.66011560435096, 42.604410039297925], [-70.65893842074306, 42.60486904500908], [-70.65897012069782, 42.60548989571184], [-70.65909441423304, 42.60565059792742], [-70.66014587716114, 42.60565318697004], [-70.66076595850224, 42.606247931324184], [-70.66067169931299, 42.60651957600438], [-70.65952594076545, 42.606932677579756], [-70.65841171532354, 42.60777812433064], [-70.65723511551826, 42.60807394420356], [-70.65714186931375, 42.60855321670301], [-70.65577941106687, 42.60876213993164], [-70.65463265074236, 42.60873349392393], [-70.65460230834591, 42.608553781648986], [-70.65512879458221, 42.60823072680581], [-70.6555315107476, 42.60722481434146], [-70.65584168399097, 42.60718431988441], [-70.6570807508154, 42.60617551082327], [-70.65711175744988, 42.60585051666594], [-70.65689492295482, 42.60571839518571], [-70.6565247277208, 42.60489476257915], [-70.6553170633213, 42.60427262832979], [-70.65506902649564, 42.60436646661589], [-70.65444928029545, 42.60491559263408], [-70.65454196457634, 42.60567136850563], [-70.65330310515081, 42.60686076780465], [-70.6534571302103, 42.60764231391436], [-70.65311681221343, 42.607800177924766], [-70.65255930461673, 42.607682429139665], [-70.65228005257991, 42.608028669059365], [-70.65175411452246, 42.60802705721557], [-70.65172323483463, 42.60839706408188], [-70.65240407447307, 42.60917122706142], [-70.65209424623583, 42.60958138579132], [-70.6520935205321, 42.609833454362104], [-70.65240334644871, 42.61001803247239], [-70.65342545743685, 42.610084610505425], [-70.65292928418734, 42.61058737001638], [-70.65172092895584, 42.61100106067211], [-70.65113315720681, 42.61145981436102], [-70.6511021238014, 42.612010434941055], [-70.65042048143982, 42.612029053764346], [-70.65001770391392, 42.61184547430006], [-70.64977001083149, 42.61193930379788], [-70.64977026344899, 42.61214636627229], [-70.65029678225078, 42.6124180701969], [-70.65029664756022, 42.612625692442236], [-70.6496451628296, 42.61340074980636], [-70.6487477606185, 42.61365690224382], [-70.64849954277896, 42.61418341414169], [-70.6485612844143, 42.61443425505531], [-70.64979981064768, 42.614642000804096], [-70.65069770359901, 42.61454789110612], [-70.6505741631139, 42.61416212007917], [-70.65094605203316, 42.6140669514342], [-70.65119362879012, 42.61418017902357], [-70.65147189258177, 42.61402299006341], [-70.65150309646889, 42.61377058308246], [-70.65348521597363, 42.612922003328464], [-70.6541349366358, 42.61338083447032], [-70.65360782093855, 42.6139739588171], [-70.65199806350795, 42.61491642721911], [-70.65113187095334, 42.6151452567934], [-70.65100675383502, 42.61530019496228], [-70.65113120923978, 42.61550535693261], [-70.65075927983737, 42.61597019615256], [-70.65054138691285, 42.616649416933754], [-70.65082045461186, 42.616744308894724], [-70.65199702207869, 42.616493566613585], [-70.65218323965941, 42.616355393270595], [-70.65221375712251, 42.616012392364546], [-70.65283382612839, 42.61576036814024], [-70.65326675816898, 42.61597004096244], [-70.65373177299203, 42.615918308586025], [-70.65373181522756, 42.61560321715446], [-70.65422777550658, 42.61548756589385], [-70.65422753028678, 42.61493840414714], [-70.65559089537334, 42.61381967761961], [-70.65636490886793, 42.6134747952372], [-70.65689114849326, 42.6136564404225], [-70.65751045665864, 42.61328735155118], [-70.6571395784357, 42.6129948731077], [-70.65717052578009, 42.612759905402065], [-70.6576663137063, 42.61228469585087], [-70.65896648342631, 42.61223903166725], [-70.65896740978258, 42.611941389103464], [-70.65816137910174, 42.61169188206957], [-70.65831697409882, 42.61139199094401], [-70.65884275877478, 42.61132155054845], [-70.65872043689059, 42.610755744472435], [-70.65974224336212, 42.610389575373496], [-70.65998962930294, 42.61008866187706], [-70.66045433958578, 42.6101989478101], [-70.66029882648493, 42.610750916013586], [-70.66079501786231, 42.61084286152106], [-70.66116557494396, 42.610702074646966], [-70.66135110062532, 42.61087053350353], [-70.66138211362936, 42.61123030111642], [-70.66187853038257, 42.61096213854491], [-70.66221870188792, 42.6114164263295], [-70.66302281461203, 42.61132379139445], [-70.66308599868943, 42.61109749576973], [-70.66351828317862, 42.61129868578568], [-70.66460286581626, 42.61116587147317], [-70.66485080153703, 42.61093697273845], [-70.66488151389837, 42.61045893050049], [-70.66209563865254, 42.60947209133371], [-70.66200268682394, 42.608986962745654], [-70.66379834635853, 42.60796073950953], [-70.66510004646678, 42.60773496535315], [-70.66553296827283, 42.60780055064021], [-70.66565649506832, 42.608078274171646], [-70.66537742804864, 42.60855958598145], [-70.6654088936862, 42.60882932959891], [-70.6673589216118, 42.60972003839582], [-70.67240562253741, 42.60970005326013], [-70.67290201361949, 42.60986453173891], [-70.67695827155264, 42.61219255669292], [-70.67797988149395, 42.613177741640314], [-70.67794894624977, 42.61359276646731], [-70.67767009517974, 42.61409211342875], [-70.67797886358859, 42.61512398409282], [-70.67872316366706, 42.61608580568995], [-70.6786294776272, 42.61684417054639], [-70.67875316179983, 42.618284339335794], [-70.67915562196555, 42.618764900439054], [-70.67903191059173, 42.61910893265685], [-70.67785522399123, 42.619198464993275], [-70.67785474656458, 42.619468539191104], [-70.6783502339312, 42.61988449639777], [-70.67893892601963, 42.61993032015068], [-70.67924849995677, 42.62011482295864], [-70.67924846067052, 42.62032244474355], [-70.67853643410459, 42.62038658970242], [-70.67800984093387, 42.62022304702481], [-70.67770002701081, 42.6202906115364], [-70.67773139865287, 42.62054290724799], [-70.67807110803295, 42.620636476588025], [-70.67838099298689, 42.621001598184336], [-70.67940358116446, 42.6210763879011], [-70.67968161904172, 42.62145984742064], [-70.68020822751758, 42.621740415929565], [-70.68150977019515, 42.62139742150475], [-70.68234491736473, 42.620799601888564], [-70.6825312787416, 42.620499334786565], [-70.68212878296274, 42.62001878570814], [-70.68225271900711, 42.619656184142286], [-70.68293376958202, 42.61983542952535], [-70.68349096411836, 42.62043072716492], [-70.68429617788138, 42.62022992061164], [-70.68476085822543, 42.62032210219067], [-70.68482294514936, 42.62052847438512], [-70.68581364918516, 42.620388045814266], [-70.68575247042044, 42.62084787114344], [-70.68702249849846, 42.620847253107506], [-70.68788856568763, 42.62130347502154], [-70.68795140178084, 42.62201399456617], [-70.6874867924131, 42.622948681943576], [-70.68730001150244, 42.62384368573383], [-70.68674300749768, 42.62432027683926], [-70.68795060806653, 42.624735014350634], [-70.68838428541238, 42.62566926496667], [-70.68838496884497, 42.62644405237629], [-70.68813690935201, 42.62665499440391], [-70.68751742657291, 42.62662813196045], [-70.68665111353465, 42.626244489897736], [-70.6862478919592, 42.6262866625091], [-70.68671121021225, 42.62690097448116], [-70.68779669648336, 42.627128612661], [-70.68798194311799, 42.62738705062695], [-70.68779530064792, 42.627975405582355], [-70.68829208167867, 42.62809424301875], [-70.68866301879439, 42.628548102078206], [-70.68860188655493, 42.62882787702193], [-70.6878575461934, 42.62935267089604], [-70.68785748588178, 42.62962330959004], [-70.68912807846748, 42.62962210846865], [-70.68949945268162, 42.630013512434054], [-70.68943861952033, 42.6307439796467], [-70.68906551097172, 42.63184811087565], [-70.6887880010066, 42.63209598280783], [-70.68730065619889, 42.63241524596454], [-70.6861238258483, 42.632261794194555], [-70.68510119192992, 42.63285325343335], [-70.68525584480682, 42.63356273179538], [-70.68482281707011, 42.63390233591696], [-70.68463648043988, 42.63502239945747], [-70.68460556519975, 42.635644481524885], [-70.68491578068922, 42.6360810430668], [-70.6848219407102, 42.63776723017573], [-70.68414109753623, 42.638615413352085], [-70.68383073214999, 42.63927772002943], [-70.68308784057196, 42.63964888728643], [-70.68249933423141, 42.63960365025555], [-70.68178609808973, 42.6387765575766], [-70.68067085033249, 42.63880185008831], [-70.68048518623854, 42.63980487778139], [-70.68132184586, 42.641044718434806], [-70.68138398206611, 42.64198085835706], [-70.68113616098164, 42.64225480427205], [-70.68098084287438, 42.64312188371327], [-70.68039230601437, 42.644013460446004], [-70.68005108993145, 42.644288991985405], [-70.67927648499311, 42.644426406914285], [-70.67856393140495, 42.64401341635656], [-70.67809950063933, 42.64298438875447], [-70.67723164657842, 42.6420059389716], [-70.67732512109232, 42.640013670136064], [-70.67788250960065, 42.6395821406396], [-70.6778829665597, 42.63928449770385], [-70.67816239104366, 42.63898321307486], [-70.67918422868583, 42.63855329248008], [-70.67927707039244, 42.63830019321675], [-70.6781628502321, 42.63772173627682], [-70.6770783759798, 42.63763861981656], [-70.67667537479504, 42.63710403590168], [-70.67670618374136, 42.63667100826457], [-70.67729458766428, 42.63628415242534], [-70.67720265863876, 42.63509628742202], [-70.6775739832191, 42.63449632387256], [-70.67757392830153, 42.632604100461776], [-70.67813191425981, 42.63171288071459], [-70.67803831726269, 42.63088566777379], [-70.67772932186584, 42.630565565801795], [-70.67726515199361, 42.630545943432416], [-70.67720239660073, 42.630041915881314], [-70.67667667725368, 42.629193617175645], [-70.67590236229368, 42.628943900764696], [-70.67593324133806, 42.62870949178899], [-70.6768008546269, 42.627912762426874], [-70.67689425281348, 42.62770411842471], [-70.67673824322735, 42.62742730299051], [-70.6762442051617, 42.62747948396579], [-70.67531375684473, 42.628186860312844], [-70.67509590517332, 42.62893814408559], [-70.67385809739628, 42.63036183010851], [-70.67382617441534, 42.63070426172099], [-70.67435317082263, 42.63081380993374], [-70.67509673451352, 42.63027109173058], [-70.67562227645122, 42.63020057261471], [-70.67698624242342, 42.63168503035465], [-70.67692349120509, 42.63266754940943], [-70.67704784620261, 42.63303528935455], [-70.67642779398015, 42.6336301024271], [-70.67639756674998, 42.63413515492555], [-70.67611823083872, 42.63463449229909], [-70.67617964519211, 42.63582326618976], [-70.67509563906155, 42.637568775447974], [-70.67407249059313, 42.63873685884201], [-70.67394893535513, 42.639441549195666], [-70.67404159014461, 42.639872645361244], [-70.67357628174193, 42.64031212978999], [-70.67360783926985, 42.641275626433895], [-70.67314299229436, 42.64194017555743], [-70.67224425485853, 42.64218749848711], [-70.67345224666066, 42.6426203913901], [-70.67438211015485, 42.64223711831091], [-70.67475391852561, 42.64230335513476], [-70.6749697471835, 42.6426700615746], [-70.67531166712077, 42.642574600338754], [-70.67543623376368, 42.64225758778577], [-70.67565199571143, 42.6421640383509], [-70.67648841265168, 42.64236862167912], [-70.67679874434197, 42.642940242943666], [-70.67682853441347, 42.6443634161038], [-70.67580621577915, 42.64554952389873], [-70.67524879674933, 42.64589101768288], [-70.6743191716634, 42.64758922904119], [-70.67431845261157, 42.648021907109396], [-70.6741020412891, 42.64825048705871], [-70.67422573381708, 42.64896031876612], [-70.6736983380662, 42.649508514572275], [-70.67317154569399, 42.6505614152311], [-70.67280066200178, 42.65097231319563], [-70.67295514848963, 42.651339145770066], [-70.67366721954173, 42.65095038084609], [-70.67490660933123, 42.65147294297998], [-70.67524715573738, 42.651864169691386], [-70.67478240330428, 42.65269133194177], [-70.6748444972627, 42.65417662441545], [-70.67441014389927, 42.65466021915397], [-70.67397658055204, 42.6567389463841], [-70.67329453090089, 42.65840684318773], [-70.67177512985803, 42.66090653033502], [-70.67254973091678, 42.66067013756409], [-70.67267363262022, 42.66026253723214], [-70.67382084899262, 42.65913755756441], [-70.67416215763288, 42.65781719503675], [-70.67462644121026, 42.65737826508695], [-70.67524753756253, 42.656053707689765], [-70.67577443617319, 42.65534289464517], [-70.67608372491112, 42.654338509428726], [-70.67617729616286, 42.65301299681866], [-70.67682863732395, 42.65225523995108], [-70.67809826523674, 42.65175001027341], [-70.67905861017996, 42.65257381367873], [-70.67908956812464, 42.653005590609666], [-70.67930763736074, 42.653146678269394], [-70.68119696737953, 42.65252428086252], [-70.68178615587198, 42.6529662005393], [-70.68259154983684, 42.654134346881555], [-70.68246656885118, 42.654748444928806], [-70.68181666280266, 42.654812488989265], [-70.68113506938629, 42.655408014059645], [-70.68132058551585, 42.656324205748795], [-70.68212613648869, 42.65680816670678], [-70.68181589427783, 42.65721783386487], [-70.68181573497876, 42.6579926083469], [-70.68147537118423, 42.65875428301206], [-70.67992591108958, 42.65937234556049], [-70.68011071965891, 42.66081067630755], [-70.68091711360833, 42.66108703125494], [-70.68163040739407, 42.66163504583395], [-70.68144404284244, 42.662160370131026], [-70.67955336106034, 42.66321544301672], [-70.67924367964017, 42.66349063249079], [-70.67899529128276, 42.66415167443324], [-70.67778681093046, 42.66526839069428], [-70.6765161790373, 42.665683585020304], [-70.67598887775081, 42.666069745686755], [-70.67344725813922, 42.66660243475493], [-70.67245545118796, 42.667581106693476], [-70.67248740213928, 42.667905423909], [-70.67285866955459, 42.66831431731171], [-70.67425335096607, 42.6691136925107], [-70.67425255611548, 42.670627223568566], [-70.67350868253975, 42.67069223841243], [-70.67267145839527, 42.670173109105725], [-70.67257886915985, 42.66918330198933], [-70.67214469030768, 42.66918075560541], [-70.6716802143671, 42.66939461199872], [-70.67115280603775, 42.66932106205398], [-70.67090590667125, 42.66870318572623], [-70.66994510314527, 42.66767225989767], [-70.66944898010281, 42.66774240341066], [-70.66892274201123, 42.66824557163202], [-70.66827170970438, 42.668498583889445], [-70.66827149705654, 42.668976275306335], [-70.66867443478246, 42.66929482284394], [-70.67006824757428, 42.66986861829319], [-70.67019223621747, 42.670353390346115], [-70.6704403752815, 42.67053015670695], [-70.67034727274186, 42.670738795435284], [-70.66966511349248, 42.67060448665835], [-70.66706181263928, 42.66875094223467], [-70.66672207854172, 42.66904388659731], [-70.66743462424043, 42.66950195768213], [-70.66734060623787, 42.67098949874538], [-70.66693771946964, 42.671473290754975], [-70.66681287708631, 42.67217795799821], [-70.6662245617746, 42.672844398193774], [-70.66594494747089, 42.673460736539106], [-70.66526340971497, 42.673939135609196], [-70.663867989294, 42.67362634269913], [-70.66355842049569, 42.67371187683491], [-70.66355863634334, 42.674125991021896], [-70.66424004376377, 42.67440493186498], [-70.66513864931615, 42.67506691612224], [-70.66513927611143, 42.67536456392107], [-70.66458020773507, 42.67655278553747], [-70.6635572103945, 42.67767575637672], [-70.66262746649032, 42.67814896755635], [-70.66160450260904, 42.67826308569163], [-70.66147972663187, 42.67881414258821], [-70.66061151529038, 42.67950271708963], [-70.65884477290392, 42.6789789865911], [-70.65884406469726, 42.679231612362926], [-70.65927833613064, 42.679432262492256], [-70.65930875270023, 42.679981069648925], [-70.66005339037147, 42.68009676237289], [-70.65859665422877, 42.681082062924894], [-70.65834809980403, 42.681563009010354], [-70.65800719335164, 42.681792901799916], [-70.65741784794844, 42.68181055126095], [-70.65676616024206, 42.68158636526752], [-70.65503013278106, 42.68158437968226], [-70.65456535067347, 42.681951769346426], [-70.65264266802028, 42.68270008614732], [-70.65285997004747, 42.68355297127414], [-70.65220848106652, 42.6838233323087], [-70.65152645203435, 42.68386953006101], [-70.65127776172217, 42.68444048430081], [-70.65047159221247, 42.68481266522701], [-70.64994460499902, 42.68540576523405], [-70.6496033150429, 42.685519161587116], [-70.64938555576647, 42.68512595389649], [-70.64895273550226, 42.68524036281006], [-70.64858052034593, 42.68594825153873], [-70.64848668172165, 42.68679603927371], [-70.6477730852691, 42.6875092874564], [-70.64665746959123, 42.68777788315066], [-70.64625342493297, 42.688243026361434], [-70.64631461723434, 42.688792063431066], [-70.64553982993598, 42.68903728255695], [-70.64526009113517, 42.689474082954554], [-70.64495044168281, 42.68958601160141], [-70.64414444800613, 42.689517031132496], [-70.64352408391909, 42.68892221576734], [-70.6427506479407, 42.687527859023206], [-70.64284411311141, 42.687049172533875], [-70.64324643346296, 42.686656047613255], [-70.64327819122344, 42.68634007248443], [-70.64290630616735, 42.68606668041378], [-70.64275206933831, 42.6854921942312], [-70.64241095489729, 42.68519989841787], [-70.64216325867596, 42.68510409780301], [-70.6416358353704, 42.685220028028574], [-70.64135624254551, 42.685701270214864], [-70.63977445116124, 42.687183915961434], [-70.63887482097607, 42.68743941467751], [-70.63871968454909, 42.68768526338449], [-70.6389370802526, 42.68796145692426], [-70.63800611334848, 42.688443464329524], [-70.63592812372733, 42.69075283092872], [-70.63459405594577, 42.691258242341114], [-70.63447003363, 42.691458180672036], [-70.63356998787232, 42.69187624162241], [-70.63264005409776, 42.691944101999965], [-70.63223686274213, 42.6923101762658], [-70.63006561674342, 42.6929268437833], [-70.62761709165574, 42.69230410737214], [-70.6268733008377, 42.69187369065746], [-70.62653308356951, 42.69140974613846], [-70.62647060192634, 42.69063618973607], [-70.62606846739813, 42.690127888874606], [-70.6260693802366, 42.68967777368811], [-70.6262559710377, 42.689422614321145], [-70.62607025803145, 42.68848889504682], [-70.62572985689305, 42.688232002369304], [-70.6244902740601, 42.68772748744691], [-70.62318787733605, 42.68751787560243], [-70.62309553276079, 42.688042130660484], [-70.62278560177742, 42.688226580361], [-70.62036718333155, 42.68838712942221], [-70.61971566612456, 42.68788253449592], [-70.61959153685613, 42.687569316654], [-70.6197148898212, 42.68673865399637], [-70.61962011348967, 42.68511805211943], [-70.61996115645191, 42.684726228293485], [-70.62002250704099, 42.68429288905718], [-70.62315159050614, 42.68136498110404], [-70.62299446476015, 42.68062839984815], [-70.62240575207467, 42.67983509032578], [-70.62240450358223, 42.6791863399287], [-70.62221846743519, 42.678828766919445], [-70.62165982800913, 42.67834120297827], [-70.62054238556122, 42.67686136352017], [-70.62066621921448, 42.67607571333613], [-70.62116221788258, 42.676077797456834], [-70.62150365598065, 42.67699189452089], [-70.62265192473683, 42.67793068432807], [-70.62296183913338, 42.67793528671225], [-70.62342508039048, 42.677333946299086], [-70.62342571799445, 42.676631194876585], [-70.6229288980236, 42.67633203229612], [-70.62240114834758, 42.675763120762085], [-70.62212242082556, 42.67516346413547], [-70.62162574345395, 42.67480071667449], [-70.62143910370088, 42.674542164595216], [-70.62143926933746, 42.673929433732205], [-70.62066353226535, 42.67310261992051], [-70.62053954560976, 42.672671807384724], [-70.6207560983613, 42.67237130853289], [-70.62140619260869, 42.67201108805256], [-70.62171501320012, 42.67083523289343], [-70.62143491244855, 42.66935275487841], [-70.62217862362523, 42.669603161304735], [-70.62282936839442, 42.66957659304497], [-70.6231072976807, 42.66930187498856], [-70.62301432686422, 42.66894275735662], [-70.62233179517783, 42.66815998488149], [-70.62044038177707, 42.66670014053572], [-70.62037830424936, 42.666286677692725], [-70.62081194212601, 42.66621739446146], [-70.62168031397098, 42.66662854750527], [-70.62233105315491, 42.66665487197929], [-70.6229820912985, 42.667015413298714], [-70.62335333245431, 42.66699234755759], [-70.6233842030563, 42.666171665147964], [-70.62372461144405, 42.66573424876193], [-70.62372479929093, 42.665392154634745], [-70.62332135174583, 42.66507344426497], [-70.62242113927833, 42.664978274938804], [-70.62177076307866, 42.664681315364675], [-70.62177105983379, 42.66411359620497], [-70.62239085910413, 42.66395119517262], [-70.62276189792513, 42.663613041684584], [-70.6226371164071, 42.662966163487056], [-70.62356622015245, 42.662736334396364], [-70.62365881850758, 42.66246471027878], [-70.62313115806069, 42.6610489992368], [-70.62272825273529, 42.66074829529797], [-70.62124006396675, 42.660453971458324], [-70.62123917273908, 42.65956215125456], [-70.62068123502843, 42.65917361147348], [-70.61987512898942, 42.658896836115844], [-70.61906994795562, 42.65885412812216], [-70.61838690222733, 42.658963138881816], [-70.61789208240268, 42.65924012952655], [-70.6177383377102, 42.659467395269694], [-70.61773799396032, 42.6599270847272], [-70.61634421303174, 42.66073060246462], [-70.61516614106807, 42.66063944020522], [-70.61485594979426, 42.66098591308928], [-70.61408239651277, 42.66137553459817], [-70.61321479654593, 42.66148647599705], [-70.61231566572731, 42.66123819247765], [-70.61197431734223, 42.660981810886426], [-70.61194318193549, 42.66075707077019], [-70.61355485462653, 42.66061696400789], [-70.61606413544374, 42.65885143107995], [-70.61593868851337, 42.65858320847268], [-70.6147933409299, 42.65901387725497], [-70.61448236551799, 42.658766175419075], [-70.6144817251532, 42.65848652897947], [-70.61491567349486, 42.65782253979412], [-70.6145749752796, 42.65773721891996], [-70.61414228008704, 42.65785149850221], [-70.61346052310559, 42.65876227930902], [-70.61268572592812, 42.659079299038034], [-70.61184927543273, 42.65992924052562], [-70.6113237871468, 42.6598379885578], [-70.61067274506364, 42.660162135726615], [-70.60995980850504, 42.66025342439119], [-70.60971137374227, 42.66000450339695], [-70.6096807607066, 42.659608718175825], [-70.60924591035953, 42.65920025249545], [-70.6079124894419, 42.658696514362006], [-70.60624027203711, 42.658539552396995], [-70.60524862716522, 42.65887847691364], [-70.60450535604305, 42.65877144083727], [-70.60360586344002, 42.65895520866066], [-70.6025526344416, 42.65888007751812], [-70.60208812664297, 42.65908465332031], [-70.60165448517975, 42.66011770231583], [-70.60100367561915, 42.66020829344656], [-70.60066267547434, 42.66043801864745], [-70.60041498327224, 42.66045972249354], [-70.6001360280291, 42.65984200091413], [-70.5998258752786, 42.659593703035725], [-70.59920630307717, 42.65981900306896], [-70.5976568834477, 42.66000272077598], [-70.59737820378348, 42.6605108769712], [-70.59669605251355, 42.66089884618267], [-70.59657282736475, 42.66119834327798], [-70.59601453310995, 42.661268811214164], [-70.59558136469074, 42.66101391304596], [-70.59551828070515, 42.66025776697863], [-70.59592164297838, 42.659270078854505], [-70.59629252485284, 42.659004028244645], [-70.59734648158718, 42.658682546751756], [-70.59747041576996, 42.65801394906102], [-70.59719055043695, 42.657621839303744], [-70.59694328294523, 42.65753494550889], [-70.59579621249071, 42.657812369906125], [-70.59502115466874, 42.657373054116015], [-70.59486523776937, 42.65551899106512], [-70.59703338068248, 42.65383109121316], [-70.59718884230735, 42.653621308052074], [-70.59718776200894, 42.652819507444256], [-70.5975286486455, 42.65243618475702], [-70.59743556373144, 42.652176633489354], [-70.59690821855258, 42.65176908486214], [-70.59684664487936, 42.651518219243066], [-70.596102733244, 42.651330099813215], [-70.59538998352922, 42.651493320377384], [-70.59514187919142, 42.65130738735272], [-70.59517328387966, 42.65076635273268], [-70.59489438515413, 42.650257210066364], [-70.59418123872328, 42.65007775895213], [-70.59343774537874, 42.650259294288524], [-70.59322062509438, 42.650172065930875], [-70.59315771268572, 42.64980359122042], [-70.59219780039835, 42.64969083552675], [-70.59173318309534, 42.649165596291986], [-70.59173226637307, 42.64806670949399], [-70.59204135730653, 42.64740463446242], [-70.59275340397181, 42.6469173354864], [-70.59275436830826, 42.646691715353334], [-70.59340401831918, 42.64577292275062], [-70.59346658983299, 42.6451325408041], [-70.5952311424072, 42.643530967691404], [-70.59541656652178, 42.64282571487073], [-70.59550836504357, 42.641130566546785], [-70.59479529131227, 42.64058201121922], [-70.59429960945836, 42.64044477496199], [-70.59346326933168, 42.64049279355312], [-70.59324649311495, 42.640648638119934], [-70.5927207073705, 42.64172820015221], [-70.59213219692532, 42.641844549547336], [-70.5918531837978, 42.64074009855566], [-70.59120173823143, 42.640650013499275], [-70.59098493988289, 42.640463754093865], [-70.59101655623888, 42.64012134056927], [-70.59197545036642, 42.638999614941866], [-70.59185143542015, 42.63790200771937], [-70.59209823201478, 42.63682644547679], [-70.59265636194077, 42.636620394185464], [-70.59321343289194, 42.6361172450921], [-70.59327517937773, 42.63566591020172], [-70.59398712200682, 42.63504356265908], [-70.595535450901, 42.634310165660224], [-70.59612463938183, 42.634220812463674], [-70.59615448168971, 42.63474319863816], [-70.59860306843372, 42.635636711807265], [-70.60101887416721, 42.63552162346577], [-70.60420952483723, 42.634693411525866], [-70.60485964567954, 42.63490044754684], [-70.60569666168621, 42.63487936010982], [-70.6103416062633, 42.633318387925435], [-70.6108057796374, 42.63293316134249], [-70.61083628496003, 42.63187896410302], [-70.61133130914617, 42.63179049672418], [-70.61157939196117, 42.63148969187614], [-70.61198256938222, 42.63140276592021], [-70.61222950185248, 42.63156164727353], [-70.61213804091214, 42.6324280092647], [-70.61275691437082, 42.63247327630004], [-70.6134077973666, 42.632247581808244], [-70.61696763465403, 42.62981938596132], [-70.61904108072696, 42.628122469787286], [-70.61956643350467, 42.62714237607123], [-70.61967445352094, 42.62660979376668], [-70.61835698431341, 42.62615298916549], [-70.61810372077474, 42.625113502267844], [-70.61813979018368, 42.62490446643502], [-70.61860438622168, 42.62480785855753], [-70.61891344565191, 42.624010670182344], [-70.61984192843533, 42.623321733353784], [-70.62117199309813, 42.62265385083621], [-70.62207058215905, 42.622794599259606], [-70.62244264521914, 42.623158657654145], [-70.62299955211317, 42.62302447237076], [-70.62365050967884, 42.622564652607764], [-70.6242384202589, 42.62258374141793], [-70.6259476959682, 42.62220057409497], [-70.62808557886284, 42.62115161005208], [-70.62963462984904, 42.62067040039325], [-70.63325994041615, 42.61806889623991], [-70.63487139374766, 42.61730675270035], [-70.63385020343702, 42.6165288097234], [-70.63288925568784, 42.61657842745691], [-70.63233195705328, 42.61682969149272], [-70.6317122133413, 42.616802526807845], [-70.63186910016448, 42.616142574752644]]], [[[-70.69801866384968, 42.63839074741799], [-70.69879365306846, 42.63806415725684], [-70.69916564839731, 42.63799584184389], [-70.69919643183162, 42.63848162829107], [-70.69882560252903, 42.63875757233978], [-70.69808156748581, 42.63877716684612], [-70.69801866384968, 42.63839074741799]]], [[[-70.5794290843109, 42.63715605577593], [-70.57884104070882, 42.63763244694646], [-70.57660946232534, 42.63884349166637], [-70.5758360409017, 42.63951194248812], [-70.57345063914524, 42.64047299789562], [-70.57289309916928, 42.64039931710076], [-70.572954905091, 42.6400835952672], [-70.57410077567289, 42.63932868548945], [-70.57410152657441, 42.63914807596294], [-70.57345090984289, 42.63921150470973], [-70.57351225556098, 42.63882319497189], [-70.57425556147386, 42.63776796693394], [-70.57391455981032, 42.63740343980272], [-70.57391510978425, 42.63713280205608], [-70.57487514028534, 42.636236853344705], [-70.57564927189004, 42.63582949111309], [-70.57568031348843, 42.635090396650284], [-70.57589675781773, 42.634907011302914], [-70.5764235770302, 42.63486396064386], [-70.57732235723968, 42.63525713185524], [-70.57772480119176, 42.635251343007724], [-70.57865361396985, 42.634868827597785], [-70.57905669072429, 42.634845596542306], [-70.57955136123846, 42.63507291748582], [-70.58010943515183, 42.63552468204846], [-70.58014159775209, 42.635983510483186], [-70.5794290843109, 42.63715605577593]]], [[[-70.69479737368532, 42.640060812455985], [-70.69544877259638, 42.63932995803611], [-70.69588175451229, 42.63926095254801], [-70.69563359353393, 42.63998505252857], [-70.69560277706205, 42.64069716162986], [-70.6954175317922, 42.64088042309716], [-70.69501463919613, 42.640949636555625], [-70.69470515407549, 42.6407466111648], [-70.69479737368532, 42.640060812455985]]], [[[-70.69179330106398, 42.644952391760995], [-70.69095641948394, 42.645163157168504], [-70.6903058905471, 42.64483957376235], [-70.68990356347346, 42.644980793521654], [-70.68968663254876, 42.64534387364781], [-70.68819963180118, 42.645050981362886], [-70.68745554569855, 42.64456636721865], [-70.68792083922986, 42.64406381027361], [-70.68791991619146, 42.643721708458045], [-70.68754883720237, 42.64374498175866], [-70.68751734084323, 42.64397094830673], [-70.68692912741997, 42.64431284415473], [-70.68640272551905, 42.64417635138162], [-70.68637138870857, 42.64335746489934], [-70.68609256438573, 42.64264092648897], [-70.68559689711786, 42.64236848334305], [-70.68559619905268, 42.64209840295453], [-70.68764136044761, 42.64218538459304], [-70.68841631343135, 42.64257906449429], [-70.69188595186966, 42.642068299424295], [-70.69216481406723, 42.642163088069125], [-70.69176211305931, 42.64319612259849], [-70.69173083580336, 42.64388121953763], [-70.69194827979852, 42.64463501227585], [-70.69179330106398, 42.644952391760995]]], [[[-70.68572122158315, 42.64362802356794], [-70.68572051177988, 42.64497952033174], [-70.68510120840229, 42.64548435822333], [-70.68333484922024, 42.64587080986787], [-70.68153755059099, 42.64564540746976], [-70.68147679384641, 42.64527699942445], [-70.6819098197899, 42.64415306441159], [-70.68271543964171, 42.64335754241658], [-70.68404777973421, 42.64267095290535], [-70.6843885042989, 42.64254901157161], [-70.68482250922237, 42.64266854474825], [-70.68550472908582, 42.64330747098698], [-70.68572122158315, 42.64362802356794]]], [[[-70.67878098529111, 42.645983134188], [-70.67785100273468, 42.647132217656754], [-70.67698339132279, 42.64767631908706], [-70.67701404124088, 42.648567785683056], [-70.67667316020528, 42.64896034210122], [-70.67602260978387, 42.64907780109604], [-70.67555843668737, 42.649688348332646], [-70.6751243744983, 42.649919878130525], [-70.6747217917984, 42.64987199084386], [-70.67468964809069, 42.64962025375052], [-70.67565009954477, 42.64847985318516], [-70.67630119947636, 42.648407412761344], [-70.67571288348952, 42.64685703595172], [-70.6757131704949, 42.64651494249893], [-70.67633343254118, 42.646118191489805], [-70.67655089408369, 42.645691559478635], [-70.67735519008436, 42.64500409537968], [-70.67763459491347, 42.64502746546653], [-70.6779127641989, 42.64543737157063], [-70.67791325245882, 42.64577947057463], [-70.67878098529111, 42.645983134188]]], [[[-70.59214085705753, 42.65932258684519], [-70.59331864327892, 42.65929751137338], [-70.59369025976223, 42.65961664154334], [-70.5935363260446, 42.660168529213244], [-70.59393887430521, 42.66035173731803], [-70.59393856296276, 42.660558793800504], [-70.59288589785469, 42.66147498623181], [-70.59127361994804, 42.6613351584022], [-70.58919808107332, 42.66270633905292], [-70.58767863181848, 42.662682538204905], [-70.58743190023584, 42.662505602849066], [-70.58764830974201, 42.6615659808651], [-70.5891658302092, 42.6601932440771], [-70.58950649063263, 42.65962088951393], [-70.58962957251099, 42.65872722876356], [-70.59015735367387, 42.65865711416136], [-70.59052906237528, 42.65902126829192], [-70.59114876334003, 42.65884159106279], [-70.59155145239006, 42.65893478310112], [-70.5919859053174, 42.659045665788405], [-70.59214085705753, 42.65932258684519]]]]}}