{"type": "Feature", "properties": {"district_name": "Plymouth and Norfolk", "chamber": "senate", "vintage": "2001-2010"}, "geometry": {"type": "MultiPolygon", "coordinates": [[[[-70.89092892457981, 42.257840336352984], [-70.88938992769323, 42.257406760845846], [-70.88929740921827, 42.25708384149304], [-70.88985202441755, 42.25693092208668], [-70.89234595477276, 42.25713208976384], [-70.89228444114474, 42.25738554198964], [-70.89092892457981, 42.257840336352984]]], [[[-70.88495495701659, 42.25829972892057], [-70.8844619605461, 42.25809170140822], [-70.88446206515114, 42.25774958006353], [-70.88470907418895, 42.25754720640835], [-70.88698820287303, 42.25738327194305], [-70.88732628779583, 42.2576118447339], [-70.88729493976159, 42.257837883013], [-70.88698762252497, 42.25805006882396], [-70.88572452592646, 42.258322980422165], [-70.88495495701659, 42.25829972892057]]], [[[-70.88769330715103, 42.26125447275815], [-70.88618395189604, 42.26099995158172], [-70.88609199165495, 42.260659589090864], [-70.88640041257663, 42.26004170478393], [-70.88732491457583, 42.25981030740361], [-70.88812508483848, 42.26015725854554], [-70.88818598802814, 42.26049857931094], [-70.88797061313407, 42.260700003550895], [-70.8879396715925, 42.26117813363281], [-70.88769330715103, 42.26125447275815]]], [[[-70.91389646131847, 42.26907767011952], [-70.91229453736567, 42.2694194814304], [-70.91201767362477, 42.26919017154711], [-70.911155301986, 42.26898824595627], [-70.91041649989626, 42.26804587486302], [-70.91041655043391, 42.267775779985115], [-70.91112500412206, 42.26713343748358], [-70.91146413881886, 42.26701926020616], [-70.91211076226705, 42.2674046444072], [-70.91355821746724, 42.26764218881332], [-70.91361942070012, 42.268027949518945], [-70.91405073653767, 42.26853432847494], [-70.91389646131847, 42.26907767011952]]], [[[-70.92606167142434, 42.268989435157025], [-70.92529250833977, 42.26967826899113], [-70.92153414702321, 42.27057040647403], [-70.91854616117075, 42.27175555078331], [-70.91811505272291, 42.271735923677596], [-70.91709831585652, 42.27095143161309], [-70.91666783629482, 42.27024699922512], [-70.91703792439718, 42.269034014100704], [-70.91731496173195, 42.2688756139213], [-70.91854695214963, 42.268945443144375], [-70.91934745491162, 42.26848132893315], [-70.92064130929617, 42.268144055373114], [-70.92134966221535, 42.26750164983902], [-70.9230126526462, 42.26741041990033], [-70.92452229719976, 42.267519843297386], [-70.92593860847698, 42.26818978970696], [-70.92606167142434, 42.268989435157025]]], [[[-70.92467327087856, 42.28088577567705], [-70.92313267417119, 42.27987588670491], [-70.92325613970446, 42.279693630426195], [-70.92439599864554, 42.28016976238732], [-70.92615194447401, 42.28051841703654], [-70.92605933716818, 42.28074528355094], [-70.92559760067518, 42.280879147870955], [-70.92467327087856, 42.28088577567705]]], [[[-70.90360263213951, 42.28120426476976], [-70.90286262533617, 42.28179294004706], [-70.90187632905962, 42.28216087651277], [-70.90073780140024, 42.28227873564816], [-70.89981291985514, 42.28214111017993], [-70.89781128524231, 42.281661344317634], [-70.89590240477489, 42.28037793658457], [-70.89540980272021, 42.27980927101331], [-70.89849058943538, 42.27964988450884], [-70.90153937663439, 42.27996854142718], [-70.90341868725254, 42.28054045236417], [-70.90366501677244, 42.28081576500461], [-70.90360263213951, 42.28120426476976]]], [[[-70.94056810444616, 42.28884033223623], [-70.9416469740301, 42.29044363315964], [-70.94161639464497, 42.29062410939543], [-70.9411228709306, 42.2905339292095], [-70.94103091985954, 42.29101289737108], [-70.94149245982476, 42.29101345405429], [-70.9425398503064, 42.29058189059768], [-70.94272493568945, 42.29032620000799], [-70.94247841737052, 42.29000595623013], [-70.94201654062236, 42.290302504433356], [-70.94152360043863, 42.28982406968721], [-70.94595923401097, 42.2884511913175], [-70.9463606615915, 42.2881740302911], [-70.94663696636151, 42.28760197603911], [-70.94740736162579, 42.286922010831574], [-70.94793095898687, 42.28673321227466], [-70.948731735513, 42.28678263619609], [-70.9498723516199, 42.2884294834531], [-70.95033503770172, 42.289736585837915], [-70.95033450262603, 42.29016929494733], [-70.94919517735211, 42.29076535778625], [-70.94787049083922, 42.29103978309738], [-70.94479010985363, 42.290651308246495], [-70.94291024216554, 42.29097138365151], [-70.94183143058191, 42.29137747657188], [-70.93721002089526, 42.29394276056338], [-70.93554651343005, 42.29584438313554], [-70.93517591700422, 42.297030408596136], [-70.93539220597354, 42.298954758776176], [-70.93600853563788, 42.3000072092215], [-70.93600857266074, 42.30061998252464], [-70.93585447224332, 42.30096471972404], [-70.93483715056507, 42.30197313092018], [-70.9340053080739, 42.302410750543416], [-70.93286499916422, 42.3027995758132], [-70.93036915647414, 42.30297685737159], [-70.92864326757807, 42.302816923757334], [-70.92802718555664, 42.302565710782204], [-70.92728764793705, 42.301885106670774], [-70.92707173735934, 42.30147382661301], [-70.92701111017521, 42.30078141102693], [-70.92728811437215, 42.29982227378528], [-70.92725805588768, 42.29916489749189], [-70.92775054493173, 42.29897659820535], [-70.92978411835668, 42.29725755021156], [-70.93073997470239, 42.296826765038965], [-70.93342059748608, 42.29625875278913], [-70.9343142570573, 42.29589234105692], [-70.93492992552741, 42.295251086165536], [-70.93551560798548, 42.29406105385946], [-70.93554698912475, 42.293601486904315], [-70.9361314128916, 42.29199673928344], [-70.93690228967318, 42.29081267247394], [-70.939336303293, 42.28902395501329], [-70.93973654707246, 42.28779191845191], [-70.93952101715571, 42.287291194164915], [-70.93776530575413, 42.28539308490674], [-70.93785736523543, 42.28479707868712], [-70.93865792914761, 42.28490959381468], [-70.93985947051472, 42.286168018116406], [-70.9405374641121, 42.28797644684659], [-70.94056810444616, 42.28884033223623]]], [[[-70.89773640416624, 42.30176889750276], [-70.89733608504578, 42.30183826074392], [-70.89665825437504, 42.3013991774943], [-70.8947489904655, 42.30071052560611], [-70.89268410052323, 42.30066361729065], [-70.892714998121, 42.300465149146696], [-70.89582832856598, 42.29950359792833], [-70.89659802386818, 42.29952677437491], [-70.8974295993746, 42.30011634158392], [-70.89773749136847, 42.300777997265634], [-70.89773640416624, 42.30176889750276]]], [[[-70.88967451727952, 42.32834177341766], [-70.88964409171456, 42.32813510382291], [-70.89038372272725, 42.32765455074165], [-70.89220306947523, 42.32777728623499], [-70.89223295934961, 42.328119561093885], [-70.89164776245148, 42.328273456599234], [-70.88967451727952, 42.32834177341766]]], [[[-70.89950782908362, 42.330105833761486], [-70.89984643774854, 42.330244898828795], [-70.89981484766484, 42.33049738237447], [-70.8979950758781, 42.33182482164301], [-70.89759449824716, 42.33229988547365], [-70.8971001915133, 42.334154737973726], [-70.89552773142373, 42.33500120843787], [-70.89460282096712, 42.335025038738145], [-70.89429456687188, 42.33482309696369], [-70.89429425683146, 42.33449898518387], [-70.89528164838889, 42.33378900276785], [-70.89562138149691, 42.33214379172412], [-70.89623810191557, 42.3314307262063], [-70.89648686224525, 42.33015641063098], [-70.8970722404832, 42.33008351907262], [-70.89827434755748, 42.33056810570528], [-70.89876738270456, 42.33049697286759], [-70.89950782908362, 42.330105833761486]]], [[[-70.89197943673933, 42.3386630588529], [-70.88729178867129, 42.33978606178374], [-70.88596709710257, 42.33955560615769], [-70.88547320106515, 42.33914051472617], [-70.8869232735411, 42.33850397518184], [-70.88843419859464, 42.33831676862367], [-70.89111647369947, 42.338154883366634], [-70.8918256353727, 42.33825148101229], [-70.89197943673933, 42.3386630588529]]], [[[-70.89836153283144, 42.339944118878094], [-70.89836127030655, 42.34015118756408], [-70.89771263038995, 42.34058556452775], [-70.89734269882909, 42.34104221863897], [-70.89749522276828, 42.342687761478736], [-70.89638550061258, 42.34332847178936], [-70.89607738403316, 42.34330603426475], [-70.89564616504188, 42.34269156156919], [-70.8951526160159, 42.342528599519355], [-70.89521480167748, 42.34104173614205], [-70.8949999280836, 42.34035130983863], [-70.89552465064006, 42.339829642280456], [-70.89558687657716, 42.338873395416826], [-70.89672801394053, 42.33852995807981], [-70.896944274944, 42.33859861554135], [-70.89774442266601, 42.33957626448397], [-70.89836153283144, 42.339944118878094]]], [[[-70.88152449319226, 42.34168296121871], [-70.8796121243711, 42.34248011973642], [-70.87822411603021, 42.342476560703176], [-70.8775453547595, 42.34304570747899], [-70.87705287554985, 42.343144324631766], [-70.87637379089297, 42.342840166280105], [-70.87603449370242, 42.34298068627988], [-70.87489358708733, 42.34295479480982], [-70.87486294802835, 42.34263952117728], [-70.87532654641852, 42.34218175950858], [-70.87625153765056, 42.34168035933223], [-70.87668365633596, 42.34124042752103], [-70.8773623836902, 42.34103984827281], [-70.88050739840145, 42.34080812775825], [-70.88078483499477, 42.340902466343984], [-70.88084627736171, 42.34115375746798], [-70.88106190050298, 42.3412674566578], [-70.88186389722827, 42.341335355372486], [-70.88152449319226, 42.34168296121871]]], [[[-70.89172237318445, 42.353116641734914], [-70.89181573570741, 42.35263772443389], [-70.89230896086524, 42.35236799043239], [-70.89267890461926, 42.35304685980236], [-70.89267889500351, 42.353442992818984], [-70.89233869930706, 42.353556546894076], [-70.89172237318445, 42.353116641734914]]], [[[-70.65190113428, 42.0516519468999], [-70.65064216580635, 42.05133648359139], [-70.65027403734695, 42.05117055839636], [-70.65024395756366, 42.050963812218136], [-70.65104220057783, 42.05078122127839], [-70.65236145177406, 42.05110500504777], [-70.65266811022963, 42.05137963844964], [-70.65263720389406, 42.05165908757382], [-70.65190113428, 42.0516519468999]]], [[[-70.65908334223515, 42.05208873033423], [-70.6580391871491, 42.05248228101292], [-70.6571797000842, 42.05238648012577], [-70.65650488778297, 42.05197296499654], [-70.65613684100137, 42.05140132958454], [-70.65613688373749, 42.05074405878173], [-70.65650566269015, 42.05037818796505], [-70.65687372836764, 42.05026497745052], [-70.65807052717597, 42.0507431071022], [-70.65917525530865, 42.05179003232112], [-70.65908334223515, 42.05208873033423]]], [[[-70.67046959691311, 42.05291407184734], [-70.66792269092116, 42.05309535218275], [-70.6674316451801, 42.05291339512666], [-70.66743183180537, 42.05255324847284], [-70.66786176930843, 42.05209662399187], [-70.66872060305265, 42.05172358470177], [-70.6697644493029, 42.05163662337421], [-70.67040835864594, 42.05202338735985], [-70.67056265071373, 42.05255291022147], [-70.67046959691311, 42.05291407184734]]], [[[-70.65656488175784, 42.05513370958554], [-70.6567488444821, 42.054329233214034], [-70.65724031037895, 42.054421202220915], [-70.65720918364295, 42.05543051380037], [-70.65684076534289, 42.05545424858731], [-70.65656488175784, 42.05513370958554]]], [[[-70.65951047180428, 42.05790207198406], [-70.6581286798417, 42.059065774183246], [-70.65769799310053, 42.0590001422728], [-70.65769887968908, 42.058477371274925], [-70.658437104183, 42.05581826794478], [-70.65862153979252, 42.05449157726376], [-70.65978758325474, 42.055960994920454], [-70.66012505374977, 42.05662243047506], [-70.65951047180428, 42.05790207198406]]], [[[-70.64712258378812, 42.085213188058006], [-70.6469693508099, 42.085035349325324], [-70.64684696256579, 42.084135757359185], [-70.64724615902827, 42.08413929384512], [-70.64776802155194, 42.08460011616523], [-70.64776742023824, 42.084870222147366], [-70.64712258378812, 42.085213188058006]]], [[[-70.70007931073427, 42.14646245536553], [-70.69977288732643, 42.14701628528639], [-70.69912690549954, 42.14742256007584], [-70.69863544774306, 42.14753785924503], [-70.69832835101046, 42.14733538280243], [-70.69749765808653, 42.14584285871849], [-70.69737447507092, 42.14479083169547], [-70.69777477379344, 42.14401932893213], [-70.69823542136554, 42.14406644467538], [-70.699649872664, 42.14483825619876], [-70.7000800381339, 42.14589467432398], [-70.70007931073427, 42.14646245536553]]], [[[-70.70555285715733, 42.15213730215892], [-70.70598321236788, 42.15195120991461], [-70.70768474376682, 42.15246493078768], [-70.70589111591029, 42.1527541370906], [-70.70539938173839, 42.15261736457258], [-70.70555285715733, 42.15213730215892]]], [[[-70.70973435104341, 42.15405751050214], [-70.70831995078757, 42.15419518341319], [-70.70822806841986, 42.15437687019946], [-70.70838197390418, 42.154861309947], [-70.70887415626547, 42.154448294802364], [-70.70915048157906, 42.1545160398405], [-70.70915069474555, 42.154741692153976], [-70.70872075358486, 42.15504540767403], [-70.70862865772128, 42.15533513557689], [-70.70964326319287, 42.15581538326706], [-70.70973517313072, 42.15639055418729], [-70.70939766496441, 42.156710665569534], [-70.7089059167902, 42.1567539787918], [-70.70659960004517, 42.155455037125606], [-70.70527741454609, 42.15369131550708], [-70.70530717550827, 42.153096163387026], [-70.70576878878992, 42.1529811914354], [-70.70850447765442, 42.15334618713764], [-70.70970421764767, 42.15380520404328], [-70.70973435104341, 42.15405751050214]]], [[[-70.70924273983947, 42.15524483635165], [-70.70951945484478, 42.154583297703105], [-70.71004196534906, 42.154467040318906], [-70.71031913877403, 42.15467940747614], [-70.71028774916897, 42.1549228490848], [-70.70982762635194, 42.15543400454093], [-70.70924273983947, 42.15524483635165]]], [[[-70.88742035759714, 42.29359859816092], [-70.88748133410914, 42.294327052350084], [-70.88704854876933, 42.29689288948846], [-70.88704710621674, 42.298333946114674], [-70.8867066864563, 42.3005739093619], [-70.88550192637356, 42.303593648792436], [-70.88550146388222, 42.3040708119355], [-70.8860867070467, 42.30457473902085], [-70.88833610423848, 42.30501494597647], [-70.8894446928591, 42.30549181750401], [-70.89076921492214, 42.30663211500278], [-70.89357382400544, 42.30647757932693], [-70.89517711451147, 42.305585718097795], [-70.89647134991101, 42.30522227007332], [-70.89807385970414, 42.30522223541917], [-70.89878295223136, 42.304949102032666], [-70.8993682149463, 42.30444404960596], [-70.8993999911294, 42.304010940857474], [-70.90007709475789, 42.30389181063329], [-70.90171138940335, 42.3030714826708], [-70.90540948543637, 42.30199173645709], [-70.90676623961043, 42.300644906206216], [-70.91111153488946, 42.299797333616745], [-70.9124361001645, 42.300369622837074], [-70.91305262030943, 42.30080998749298], [-70.9142833159778, 42.302131284227926], [-70.91440701548346, 42.303345083183025], [-70.91545434211638, 42.30403015027973], [-70.91579324381816, 42.304105586749934], [-70.91644040629419, 42.30394175521043], [-70.9169640478117, 42.30432929598118], [-70.91791940305964, 42.30444836637983], [-70.9197072847694, 42.30355316064945], [-70.91976898575197, 42.303210229038385], [-70.92235707172378, 42.30295936573924], [-70.92260360703382, 42.30345915145526], [-70.92254152240672, 42.30494716390434], [-70.9193052782974, 42.306163716189985], [-70.9183817288385, 42.306251327011424], [-70.914066886582, 42.30581920235684], [-70.91277273479264, 42.30618341117762], [-70.9102446293863, 42.30766722922242], [-70.90953583190577, 42.30784984091338], [-70.90814959229881, 42.307900666912346], [-70.90651661018246, 42.3078286602426], [-70.90189348696988, 42.30718572663313], [-70.89813475101117, 42.306113299761186], [-70.8960393686006, 42.3058867934528], [-70.8953001670947, 42.30611529865846], [-70.89449780688416, 42.30670527893834], [-70.8939743440283, 42.3072815320875], [-70.89372666491538, 42.30815015122226], [-70.89236999733477, 42.309244741108174], [-70.89107547235767, 42.30972574478106], [-70.88256862652167, 42.31065944151287], [-70.88232238876745, 42.31041109528305], [-70.88229184901769, 42.30952018535336], [-70.88300181197059, 42.308878025857645], [-70.88334145403137, 42.308214743662646], [-70.88325102529086, 42.305883012823266], [-70.88263632623404, 42.303658753407674], [-70.88128339134471, 42.300618546447836], [-70.8787283609667, 42.29704851937078], [-70.87771390837638, 42.29505614766614], [-70.87565198735231, 42.29217183017719], [-70.87549881201156, 42.29150757766305], [-70.87261969736377, 42.2879418317278], [-70.87082992838096, 42.285151189601876], [-70.8688257603943, 42.2827515401308], [-70.86435547319478, 42.27810375429262], [-70.8606578177362, 42.27564167754022], [-70.8604408778324, 42.27515879871689], [-70.85843815860814, 42.27369586302045], [-70.85517201285126, 42.27049662608831], [-70.8527684886917, 42.268914295669], [-70.85036477392786, 42.267953134726916], [-70.85005741268564, 42.267931138337765], [-70.84885652709401, 42.26843695617433], [-70.84716321390935, 42.26864454512566], [-70.84620888198198, 42.26834426052746], [-70.84556102285633, 42.268372644318625], [-70.8431282481426, 42.26796148749592], [-70.8423581445781, 42.26754180620894], [-70.84140330611136, 42.267476125050464], [-70.8400487092626, 42.26773169271964], [-70.83992473479438, 42.26788741124158], [-70.83998759949169, 42.268597901945846], [-70.83974041734325, 42.26887164209846], [-70.83927933257829, 42.26889712527851], [-70.83817072218807, 42.26846477648667], [-70.83749274602086, 42.26860154263752], [-70.83703048613629, 42.26788874534863], [-70.83625986039625, 42.26743244428903], [-70.8332107837638, 42.26665231927833], [-70.83222556389725, 42.26670399000127], [-70.83040896470956, 42.267823317948555], [-70.82939209974377, 42.26773129089876], [-70.8288690946626, 42.26752341193996], [-70.8278216201244, 42.2666574763428], [-70.82692812472354, 42.26629323870713], [-70.82646607777609, 42.26578691086584], [-70.82581962194236, 42.26461719752517], [-70.82529546361128, 42.2640941816257], [-70.82455635569862, 42.2639801094485], [-70.82384809475944, 42.26409917312446], [-70.82366392670694, 42.26382292683677], [-70.82095320544168, 42.26391102903799], [-70.81710454801765, 42.26356690196703], [-70.81661192771391, 42.26334057806202], [-70.813409512297, 42.26276946253305], [-70.81260814415153, 42.262863703948106], [-70.81162256619, 42.26244646340594], [-70.81088426018196, 42.26078262141915], [-70.80986736721624, 42.26061895693923], [-70.80909748335588, 42.26091931265131], [-70.80875896837348, 42.2605458906417], [-70.80725047463831, 42.25993020449362], [-70.8064495794761, 42.25901491419778], [-70.80586467473674, 42.25883525325224], [-70.80426338594249, 42.258950482063945], [-70.80349329786242, 42.25926880564111], [-70.8026008925045, 42.25929208677201], [-70.80213828025599, 42.25908276347083], [-70.8018302947721, 42.258538443939074], [-70.80198447636222, 42.25777916734097], [-70.80186135132665, 42.25743854510418], [-70.800229661867, 42.256365099941675], [-70.7993064221474, 42.256046605360666], [-70.79644298006163, 42.25627162062747], [-70.79570374326057, 42.25597729523511], [-70.79564184896, 42.25577040271902], [-70.79582713659583, 42.25535344923462], [-70.79539534181497, 42.25530634643831], [-70.79407188352236, 42.25345310550542], [-70.79450361871616, 42.25265390375988], [-70.79493486449255, 42.25249336829288], [-70.79447375852882, 42.25210451950641], [-70.79373368256346, 42.25277409062802], [-70.79354902106695, 42.25338911721954], [-70.79210195409655, 42.25430360402743], [-70.79077749743738, 42.254072598721805], [-70.79034684070545, 42.25377282899477], [-70.78917628236731, 42.253682869996965], [-70.78926950283999, 42.25295192946442], [-70.7896391839584, 42.25201787468157], [-70.79056306797945, 42.25110243766561], [-70.79044097458683, 42.25005054811869], [-70.79016238771062, 42.24973427318382], [-70.78945380377826, 42.24963704325527], [-70.78788415530344, 42.25057716584617], [-70.78702266608879, 42.25057238166581], [-70.78603707050108, 42.25089431437025], [-70.78582206889253, 42.25034771463886], [-70.78612896566051, 42.24966199613835], [-70.78591312840935, 42.249593129042964], [-70.78557456987885, 42.24890508343453], [-70.78471273351478, 42.24913436555941], [-70.78440486959511, 42.248932123423295], [-70.78437496844413, 42.24842775188054], [-70.78489818262256, 42.24796959272232], [-70.78542143891126, 42.24782598449308], [-70.78616074717085, 42.24732808690978], [-70.78785335836993, 42.246662225957174], [-70.78730067142912, 42.24423859397584], [-70.78807096602962, 42.24298291014136], [-70.78844061039966, 42.24282426784396], [-70.7910259914556, 42.242847017288575], [-70.79118036428785, 42.24263751824111], [-70.7898569064385, 42.241883188898925], [-70.78982582375798, 42.24151442345964], [-70.79004145152804, 42.24131262003593], [-70.79044237854089, 42.24108101288605], [-70.79348996399251, 42.24085334531239], [-70.79392040741374, 42.24062190775901], [-70.79413667289523, 42.240140435251185], [-70.79364340649929, 42.23970693000803], [-70.79250532862928, 42.23985072647831], [-70.79228977926545, 42.24009755155967], [-70.79108874693539, 42.24021562405402], [-70.7909043583624, 42.24002879176306], [-70.79099652414966, 42.23911777534332], [-70.7906269965317, 42.23872722417755], [-70.79020978777342, 42.23863911351045], [-70.79020129474483, 42.237419673940636], [-70.79167470338088, 42.23609797268197], [-70.79284443057746, 42.236097870164606], [-70.79290569478603, 42.23593449971161], [-70.79158179318651, 42.23545084822745], [-70.79053590273783, 42.23531383994127], [-70.79010498842932, 42.23487957870128], [-70.78828899976456, 42.23513280511785], [-70.78782681758467, 42.234770367930444], [-70.78794999048847, 42.23371436656409], [-70.78819688335982, 42.23330568384102], [-70.78958466290351, 42.232863553065044], [-70.78979610347959, 42.23266116132892], [-70.78967479454127, 42.230462472554514], [-70.78939856679305, 42.228998283561815], [-70.78859847270316, 42.22852459060377], [-70.78672092472502, 42.22867949850946], [-70.7869058362039, 42.22746969854945], [-70.7867529817508, 42.2266882715886], [-70.78623022310644, 42.225660328523325], [-70.78392119045984, 42.22549795133112], [-70.78355280571667, 42.22513439281492], [-70.78355294611774, 42.22483728324817], [-70.78422956728696, 42.22453820522863], [-70.78413781864441, 42.224332806786265], [-70.7833067396861, 42.22414755249483], [-70.78272175853517, 42.224426940383935], [-70.78306017971114, 42.22461081023542], [-70.7816137753272, 42.22511045402525], [-70.78096724115844, 42.22472432528564], [-70.78090572422474, 42.2244909781512], [-70.78121402925005, 42.2241254604201], [-70.78118377777713, 42.223738689567924], [-70.78087527612662, 42.22355443887775], [-70.78038262977455, 42.224102805897836], [-70.78010604536699, 42.22412470495495], [-70.77979812742815, 42.2239224483323], [-70.7799838318799, 42.22236997255359], [-70.77961454674394, 42.22188935166558], [-70.77779871800432, 42.221376563569834], [-70.77801409580437, 42.22184215447519], [-70.77936818895543, 42.222316589627965], [-70.7791525117303, 42.22294153086077], [-70.77908990679494, 42.22451897515931], [-70.77813568130267, 42.22499353063196], [-70.77785892683525, 42.225412133403], [-70.77850499612704, 42.22533910589235], [-70.78004431023538, 42.22481082315429], [-70.78053659475636, 42.224812222406456], [-70.78087520060869, 42.22499609987298], [-70.77985893574292, 42.22520074304048], [-70.77945875150809, 42.22552235167591], [-70.77945846451412, 42.22574743360748], [-70.7818902729034, 42.225547721503744], [-70.78238327535482, 42.225954267885065], [-70.78281362879166, 42.225641841044556], [-70.78509096758353, 42.2262817829893], [-70.78536805072063, 42.22648495855639], [-70.78561376463286, 42.22774189180589], [-70.78499745162559, 42.22762551192806], [-70.78478205750108, 42.22780930097234], [-70.78462816568617, 42.22742401166086], [-70.78413645054269, 42.22715253336558], [-70.78373627924256, 42.227356550661334], [-70.78419743550083, 42.22760195545585], [-70.7846281925109, 42.228360922003944], [-70.78515174456099, 42.22847897689087], [-70.78555125781314, 42.22902222772327], [-70.78564294552851, 42.23005705685272], [-70.78619672277885, 42.23003067888113], [-70.78638278983908, 42.22982926092092], [-70.78785943123506, 42.229761342042735], [-70.788167265948, 42.22989154929064], [-70.7882906027374, 42.230421260083055], [-70.7882284046912, 42.232133758320224], [-70.78713825253716, 42.2333626995627], [-70.78673931861296, 42.23407654848875], [-70.78665740979464, 42.2351311169557], [-70.78736531132155, 42.2357961334486], [-70.78751887461539, 42.236432946604054], [-70.7894578617344, 42.23620469010453], [-70.78967294116448, 42.23851649856604], [-70.78958064116841, 42.23904937396075], [-70.78628702370474, 42.238956915369926], [-70.78514758699095, 42.23938873677498], [-70.7842357922759, 42.23942638320231], [-70.78576364684369, 42.23886587749772], [-70.78539453214603, 42.238475311829326], [-70.78502465983952, 42.23833683325627], [-70.78440892161677, 42.23844553775761], [-70.78422462451653, 42.23828626777111], [-70.78416275026964, 42.23739511545544], [-70.78287060857286, 42.23655030293981], [-70.78211630961522, 42.23645836794149], [-70.78345467740351, 42.23766754962297], [-70.78345472371522, 42.238199308816505], [-70.78253127282468, 42.240555787413875], [-70.78296116073223, 42.24071153005803], [-70.7832074578923, 42.24101355415958], [-70.784839703502, 42.24085323475803], [-70.78527051751412, 42.24055824581116], [-70.78742523955282, 42.23991214907751], [-70.78819511714099, 42.23993605784162], [-70.78813358176563, 42.240189457251084], [-70.7848697806894, 42.242113886683434], [-70.77874345813426, 42.24222692510663], [-70.77680363709347, 42.242707652264464], [-70.77551027944001, 42.24183574015945], [-70.77541903913563, 42.241188612876975], [-70.77440332734449, 42.24070895941911], [-70.77434194068091, 42.24054763685787], [-70.77437326279835, 42.24025916561903], [-70.77489592925974, 42.240097595020686], [-70.77548103968704, 42.24048505655244], [-70.77658905630591, 42.24087299812683], [-70.77606581236265, 42.24000763072755], [-70.77686588375241, 42.23972456735109], [-70.77695882307248, 42.23954339813003], [-70.77474271665501, 42.23952322749515], [-70.77403458893924, 42.23888570432185], [-70.77388112182233, 42.23769010380675], [-70.77369668049987, 42.237512809132404], [-70.77311140241399, 42.23940486862495], [-70.77277170731715, 42.23970714213101], [-70.77166330760102, 42.239471654877306], [-70.77151001800262, 42.239960801059894], [-70.77200183397264, 42.23998023986459], [-70.77246354839735, 42.24057682438928], [-70.77175552218257, 42.24110128032326], [-70.7719089783648, 42.24160306401478], [-70.77224827490473, 42.24123776724324], [-70.77258635009514, 42.241259042202614], [-70.77277125647515, 42.24144590747097], [-70.77270945780452, 42.2417167412173], [-70.77218575358891, 42.24214839520829], [-70.77221556863077, 42.24458060774967], [-70.77286071029556, 42.245975709388134], [-70.77273757512505, 42.246410465019494], [-70.77196723300844, 42.2465029305967], [-70.7717516320406, 42.24679473372399], [-70.77015085586595, 42.246639389110584], [-70.7701510092766, 42.24629726381737], [-70.769843109888, 42.246382525562886], [-70.76999608726128, 42.24697490421221], [-70.7706436682617, 42.247136015767225], [-70.7707354499901, 42.24738700371563], [-70.77036562116146, 42.24803233014961], [-70.77039635828903, 42.24825704578747], [-70.77125864297427, 42.24818993343599], [-70.77125785053995, 42.247847239567974], [-70.77150489819981, 42.24773570334004], [-70.77168913984873, 42.24784997654581], [-70.77119657658085, 42.25017870984187], [-70.77125785224104, 42.25102484770084], [-70.77147317577973, 42.25189503400302], [-70.77248830903565, 42.25313154845914], [-70.77208787760298, 42.254065917196165], [-70.7716258553799, 42.25416314882643], [-70.77110225914738, 42.25352227905559], [-70.76999339088538, 42.25370148982511], [-70.76940912398204, 42.25425147698005], [-70.76703724369494, 42.2546392575404], [-70.76657511490356, 42.25438477634672], [-70.76663799286554, 42.25402392007043], [-70.76790192327329, 42.251733890626404], [-70.76787134004427, 42.25118505600771], [-70.76389888633267, 42.251318338155066], [-70.76365328024099, 42.251042724574134], [-70.763592722478, 42.25006209948567], [-70.76383724945994, 42.249745737900376], [-70.76386772146881, 42.24907856193672], [-70.76417723178183, 42.24841598826952], [-70.7650703286155, 42.247456102531636], [-70.76525570350651, 42.24642640824258], [-70.76522536366156, 42.24541784128914], [-70.76553420670994, 42.24498990872107], [-70.76553465409853, 42.24475526230187], [-70.76525759332971, 42.24459761915208], [-70.76544230278927, 42.24400007974095], [-70.76495082711651, 42.24329579924371], [-70.76331901654731, 42.24228484299888], [-70.76221113768473, 42.242328934161606], [-70.76171806701284, 42.24256210159966], [-70.76107226015569, 42.24240095053228], [-70.7610416045957, 42.242058626335954], [-70.7616877865244, 42.24155353298668], [-70.76153420935977, 42.24106917830144], [-70.76098057459058, 42.24096038871723], [-70.76079817370659, 42.23830547892242], [-70.76033766975597, 42.23693456635436], [-70.75827733193994, 42.23331767874615], [-70.75680185333792, 42.231096683938446], [-70.7541264943416, 42.227597276375924], [-70.7507139197856, 42.22466751914104], [-70.75019076755588, 42.223819472711234], [-70.7473670974644, 42.22080117324781], [-70.74650458602851, 42.22039092317812], [-70.74176495740024, 42.219265227867176], [-70.73917884640967, 42.21816939051842], [-70.73840877280027, 42.21764940004342], [-70.73754602735941, 42.21652724870805], [-70.73585239885973, 42.214787328312546], [-70.73301958406965, 42.212614360999616], [-70.73068014771067, 42.211217236801645], [-70.72864925121132, 42.210536222497865], [-70.72526297809192, 42.20971322692771], [-70.72255492255877, 42.20833932950452], [-70.72157094890999, 42.20809294107917], [-70.72037048767393, 42.20815625434974], [-70.7189552512389, 42.20872678710579], [-70.71840184723472, 42.20873539803624], [-70.71732456416031, 42.208138891592164], [-70.71572349457774, 42.2063520295844], [-70.71510723734374, 42.204316413440644], [-70.7172614731466, 42.205094736419156], [-70.71966213520508, 42.20704063986644], [-70.72129285481752, 42.20728637209191], [-70.72233926036884, 42.20694627500853], [-70.72320019873807, 42.20632974538138], [-70.72400004589112, 42.20513770182119], [-70.72403023339766, 42.204588133809615], [-70.72378325969498, 42.2038346761516], [-70.72384440894866, 42.20316714743576], [-70.72412120544969, 42.20287471999411], [-70.72507470857103, 42.202419176094125], [-70.72679676928433, 42.20090696425122], [-70.72707262152315, 42.199758633975705], [-70.72654967232981, 42.19898306413512], [-70.72408724655271, 42.19708302632491], [-70.72353282826514, 42.19681198489156], [-70.72356380486552, 42.19635245602449], [-70.72377909520708, 42.19610575557475], [-70.72380879452359, 42.19534854141783], [-70.7231934791935, 42.19479910451015], [-70.7233153134924, 42.19399580879981], [-70.72374681814553, 42.1936110187196], [-70.72596054979292, 42.192965350930294], [-70.72513030644737, 42.19285170367294], [-70.7238685367629, 42.19303280786487], [-70.72306857621369, 42.19291822514395], [-70.72239239779223, 42.19326196410071], [-70.72205403564071, 42.19323997462029], [-70.72180763551839, 42.19241448700353], [-70.72285300197386, 42.19155217854552], [-70.72309858991885, 42.19111661195621], [-70.72297479172728, 42.19028914339865], [-70.72349709916158, 42.18962417394372], [-70.72282038067043, 42.18949016566095], [-70.7227291972608, 42.189860940444404], [-70.7224215343102, 42.18992863183127], [-70.72211394131205, 42.1897436632876], [-70.72205210136985, 42.18951084204295], [-70.72106794496065, 42.189056802925094], [-70.720912985202, 42.18821223850824], [-70.72063601947788, 42.187937439267245], [-70.72029763941804, 42.18788843387367], [-70.72026710045208, 42.18898777423928], [-70.72165267330261, 42.189903721613554], [-70.72211400595609, 42.19072560347085], [-70.72214507929824, 42.19118442784557], [-70.72165266405267, 42.19113775814728], [-70.72054430727253, 42.1902900959493], [-70.72036053114913, 42.190589900077704], [-70.72143788533425, 42.19152851355618], [-70.72063808197744, 42.192234354867864], [-70.72100696203714, 42.19232802077962], [-70.7210388067653, 42.192507743470856], [-70.71977849144223, 42.193769790097654], [-70.71811706873756, 42.19493849219274], [-70.71811746203392, 42.19539767108748], [-70.71836399728825, 42.19587146996889], [-70.71891822926709, 42.196124528460174], [-70.72082503877871, 42.19598781460735], [-70.72125679842515, 42.19653995715634], [-70.72267172235334, 42.197545560824324], [-70.72270319545771, 42.197725280322956], [-70.72076436669927, 42.19790795084666], [-70.71953513755973, 42.19829518292551], [-70.71913464640296, 42.198553557363375], [-70.71873548927843, 42.19953277807937], [-70.71845852544338, 42.19980718473167], [-70.7162444354163, 42.200884872187764], [-70.71473598027166, 42.200222931402024], [-70.71448978535038, 42.19987517566297], [-70.71421299999746, 42.19894254810897], [-70.71424335345993, 42.198050288681806], [-70.71525810912588, 42.19701733632847], [-70.71602624415995, 42.195852702328374], [-70.71611793751818, 42.19299529370612], [-70.71534713793395, 42.19079993093075], [-70.71531584878863, 42.19017904049214], [-70.7159619625554, 42.18942154080411], [-70.71737625000475, 42.18935523338994], [-70.71792960045359, 42.18896904536447], [-70.71882133892515, 42.18743271640123], [-70.71897415337328, 42.18537646474154], [-70.71866532227621, 42.18406604428834], [-70.71811081631641, 42.18283104013311], [-70.71715666285264, 42.18130519415576], [-70.71583324971841, 42.17991017913492], [-70.71506313223261, 42.176633832058464], [-70.71453967835514, 42.175101342862504], [-70.71460100591786, 42.17356948139851], [-70.71503136907853, 42.17284202012674], [-70.7151536921996, 42.1710562267257], [-70.71484493205867, 42.168376697866464], [-70.71515127763028, 42.16709298299875], [-70.71674988421101, 42.16547428151329], [-70.71733309260445, 42.16519577949191], [-70.71822492291729, 42.16503811307505], [-70.71847096516383, 42.16535828937297], [-70.71844080085803, 42.165719349180435], [-70.7174573372791, 42.16597711857337], [-70.71604274075085, 42.16745753385801], [-70.71610477556793, 42.16776295154603], [-70.71699603781369, 42.167164119174515], [-70.71911807758816, 42.166862343927406], [-70.72166982191503, 42.16713910841159], [-70.7216396248789, 42.16768924198336], [-70.72096397602728, 42.16862720636373], [-70.72102497172797, 42.169265743309076], [-70.7213026241351, 42.16947808595976], [-70.72207138496321, 42.1695834683069], [-70.72145614045213, 42.1689265391808], [-70.72151725078889, 42.1686005775317], [-70.72256196175219, 42.16729709529054], [-70.72397607949384, 42.167203698009196], [-70.72443769781513, 42.16734131119699], [-70.72539171944752, 42.168813078568526], [-70.72757555989826, 42.16933875956371], [-70.72871292754677, 42.169177600887586], [-70.72997334972473, 42.168599720894385], [-70.73028097924872, 42.1687126419283], [-70.73218950667784, 42.17145799480042], [-70.73323623220159, 42.173541425817945], [-70.73409815111191, 42.17470863417291], [-70.73572809830672, 42.17489113830892], [-70.73634305445742, 42.175557553087344], [-70.73671240056359, 42.17566917928357], [-70.73797303998336, 42.1752982927874], [-70.73846501216043, 42.17543548771683], [-70.73898872034377, 42.17592290084695], [-70.74095593798054, 42.175298381911695], [-70.74126346396778, 42.17539270267981], [-70.7421246958323, 42.174541943641245], [-70.7421245211364, 42.17433486281339], [-70.74160113107581, 42.17394650417126], [-70.74138514382162, 42.173219733684356], [-70.74061543409566, 42.17287138149001], [-70.74095396193599, 42.17264966172157], [-70.74098437602134, 42.17235218589194], [-70.74024646907897, 42.172507673157114], [-70.74003268519681, 42.17292491771174], [-70.74012402116793, 42.17313091465045], [-70.74092377531434, 42.173560500222756], [-70.74055615251035, 42.17498005084675], [-70.73975715084991, 42.17543337023345], [-70.73904919831347, 42.175390409609605], [-70.73855765587957, 42.175028133386455], [-70.73812755855859, 42.17493580457288], [-70.73658941205163, 42.175139406809734], [-70.73615826931092, 42.17431721990693], [-70.7356971775328, 42.17397257826044], [-70.73409763640579, 42.17365466179304], [-70.73360456469187, 42.17326590603561], [-70.7336356297568, 42.17276079367677], [-70.73409636409427, 42.172600684167286], [-70.73378764480817, 42.170884584879204], [-70.73391061437037, 42.17056747126603], [-70.73335680574635, 42.17044953803423], [-70.73320309926358, 42.170586938678696], [-70.73360406378289, 42.17221137072025], [-70.73326622808617, 42.17228001450517], [-70.73080327101208, 42.16837120109741], [-70.73015773846812, 42.16814684586157], [-70.72914341354327, 42.168143969737805], [-70.72858913153453, 42.168440733126964], [-70.72822066982152, 42.16885185111], [-70.72671451529293, 42.168829323047376], [-70.72603737755767, 42.16862330109435], [-70.72563755115627, 42.16828690962541], [-70.72548354455402, 42.16798312705232], [-70.72563666293536, 42.1673679849727], [-70.72588289952985, 42.16721096127552], [-70.72877252352276, 42.16688830267278], [-70.72938781689598, 42.166455770758866], [-70.72960232041038, 42.16592094205019], [-70.73070881188518, 42.16539997964784], [-70.73200009903262, 42.164326530165916], [-70.73236850998397, 42.163915399731806], [-70.73252132815473, 42.16338127795799], [-70.73295158806712, 42.163015014402305], [-70.73313554260676, 42.162219436155844], [-70.73353510966254, 42.161825954630565], [-70.73408798707749, 42.16182683607413], [-70.73538038898269, 42.16281571795668], [-70.7360881046592, 42.16358910853018], [-70.7376566595801, 42.16372728638015], [-70.73983899695628, 42.162856622238394], [-70.74122123762379, 42.16178142200523], [-70.74195819459683, 42.161409839150075], [-70.74447584289956, 42.161427021560606], [-70.74557682459627, 42.16167061341617], [-70.7462638877915, 42.162281742067364], [-70.7469111900389, 42.16369504008753], [-70.74743424343106, 42.16436248098537], [-70.74820399189282, 42.16490942769894], [-70.74949544492823, 42.16518686771155], [-70.74949457665812, 42.16470067457613], [-70.74897207818414, 42.164591462220635], [-70.74829533895421, 42.16399842500474], [-70.74743314609331, 42.16266925769914], [-70.74663219445755, 42.16187056566704], [-70.7466325488221, 42.16168149494392], [-70.74555575568225, 42.161184286837425], [-70.74404872263506, 42.16083785415014], [-70.74032795840549, 42.160426108827], [-70.73897545816229, 42.16072550784238], [-70.73777730875265, 42.1613652362659], [-70.73734724772844, 42.161434966718986], [-70.736424201166, 42.161052364070294], [-70.73568634296626, 42.160522993823264], [-70.73301053840333, 42.1595456879979], [-70.73242623797174, 42.159518143065505], [-70.73236472487856, 42.15972649972724], [-70.73276501494011, 42.16011689239893], [-70.73279633260422, 42.160341626621154], [-70.73227398807371, 42.1604124085753], [-70.73171923464966, 42.159880299518086], [-70.73135041129517, 42.15985869473813], [-70.7302439812526, 42.160227166815275], [-70.72972228071912, 42.16071210231869], [-70.72913851940801, 42.16200918363729], [-70.72913958611687, 42.162793057526784], [-70.72941538096386, 42.162815732198936], [-70.73018431695183, 42.16230882437625], [-70.73027624464773, 42.16258686175247], [-70.72978447299187, 42.163315092715315], [-70.72929350895878, 42.16366461760687], [-70.72797158545299, 42.16420718731279], [-70.72569583552213, 42.163727597172894], [-70.72397396351151, 42.16286174807913], [-70.7231122665866, 42.1626313872589], [-70.72305088069291, 42.16242501619961], [-70.72240501071089, 42.162173603711146], [-70.72111396350753, 42.16235503858035], [-70.71905461781212, 42.16295326715637], [-70.71843869065687, 42.16288154359799], [-70.71813156179678, 42.1625170583561], [-70.71846906371547, 42.16219635889158], [-70.71920740458779, 42.1619695496053], [-70.71942275127577, 42.16174086397571], [-70.71942280043497, 42.16139873112854], [-70.71923829657476, 42.161149315604746], [-70.71932988193304, 42.16080555521359], [-70.71963650524677, 42.16050377449685], [-70.7200055281264, 42.16041681353002], [-70.72129726953685, 42.16073058879923], [-70.72191276466265, 42.160712821896254], [-70.72074339680306, 42.1600723829592], [-70.7196062282449, 42.16004438956304], [-70.71908371649393, 42.1602507256928], [-70.7187763877253, 42.16073257028113], [-70.7188079437383, 42.16157911487977], [-70.71828466141298, 42.16163181985333], [-70.71702428708448, 42.161380686776674], [-70.71585533512658, 42.160893260297975], [-70.71481025741518, 42.15950350548406], [-70.71425675370361, 42.15934102612678], [-70.71336342214506, 42.15803895620935], [-70.71280846704099, 42.15448888569771], [-70.71228590250077, 42.15320848379946], [-70.7149904046645, 42.151879885207904], [-70.71652829612253, 42.151902224331465], [-70.71745009756604, 42.15236544991445], [-70.71781921888758, 42.15281927073363], [-70.71818859600593, 42.15282291612018], [-70.71904912770687, 42.15215239286341], [-70.720093474086, 42.15172226999671], [-70.71938625946552, 42.15142652967856], [-70.71910988705119, 42.151700942691285], [-70.71858754649328, 42.15174521419078], [-70.71837151015673, 42.15154116202387], [-70.7182793532461, 42.151011013990534], [-70.71655803975305, 42.150442168794974], [-70.71631171449152, 42.15113037987707], [-70.71514342290938, 42.15124731009291], [-70.71419111826258, 42.15154015263537], [-70.7138224628262, 42.151906206490345], [-70.71308445347282, 42.1522055739871], [-70.71207024614576, 42.152274574072024], [-70.7117320306077, 42.152045472376436], [-70.71188553832955, 42.15122383070057], [-70.71136283530696, 42.1506276908639], [-70.71010233805313, 42.14964663000319], [-70.70976366494435, 42.14975965330451], [-70.7098559757616, 42.15002870746228], [-70.71130194102018, 42.151268210532365], [-70.71114728378866, 42.152090406283016], [-70.71173216233571, 42.15261325812191], [-70.71105581201309, 42.15284832381197], [-70.7083813335127, 42.150698861835565], [-70.70684394482181, 42.14973104563982], [-70.70641260599318, 42.14806184317198], [-70.7061355480139, 42.14790405080005], [-70.70601271623103, 42.148293165684805], [-70.70613648563561, 42.14964286524103], [-70.70506067908885, 42.14980253724991], [-70.70469171903773, 42.149555756842055], [-70.70453759227377, 42.14854910471508], [-70.70441474884339, 42.148334980784945], [-70.7039841729793, 42.148268966486604], [-70.70352295432926, 42.147330519663925], [-70.70349221002986, 42.146375930600385], [-70.70373814470213, 42.14602987763021], [-70.70435229045852, 42.14586757715037], [-70.70453678236905, 42.14635110995002], [-70.70475274974777, 42.146465152900944], [-70.70512114158495, 42.1458200161477], [-70.70573532125591, 42.14568471914897], [-70.70595038023473, 42.145780746479424], [-70.70607415005165, 42.146283551271154], [-70.70647411059804, 42.14652941664374], [-70.70714937761662, 42.14652846261113], [-70.70764154756927, 42.14623306123682], [-70.708594015734, 42.14607476467779], [-70.70960808726666, 42.14515889976139], [-70.71086876381786, 42.14502296744582], [-70.71077582720486, 42.1448349413969], [-70.7095778353837, 42.14458246466951], [-70.70923941883915, 42.14476807913549], [-70.70859369163507, 42.145615581998406], [-70.70770272929242, 42.14584464386091], [-70.70742644448218, 42.14577689524758], [-70.70702605446633, 42.14532338604437], [-70.70696487260231, 42.14495494300084], [-70.70718029880774, 42.14453720602426], [-70.70662721707053, 42.14438313214313], [-70.70702592332799, 42.14321543090184], [-70.70668835474142, 42.143121371170125], [-70.70631933333281, 42.1434868360884], [-70.70613492719635, 42.14408429454181], [-70.70613575735176, 42.1445620507737], [-70.7063509815578, 42.14476555831732], [-70.70622782008547, 42.145272280050044], [-70.70324542588523, 42.14525327416561], [-70.70287683850512, 42.144979479460766], [-70.70247768261075, 42.14412980659975], [-70.70244640410343, 42.14367040805076], [-70.70290756832019, 42.143556007486524], [-70.70315300815273, 42.143308991247956], [-70.70318326783489, 42.1425247675525], [-70.70339874547685, 42.142044012926306], [-70.70419792021833, 42.14147390065464], [-70.70342953816086, 42.14154846904407], [-70.7029681664682, 42.141770912787386], [-70.70226168819742, 42.142484593168895], [-70.70216947811441, 42.143143461232526], [-70.70124739785943, 42.14257150312349], [-70.70020247740062, 42.142478682071136], [-70.6978970637509, 42.14152226161934], [-70.69559111716161, 42.139718330432196], [-70.69417771607544, 42.13807256613183], [-70.69303959491087, 42.1352070506767], [-70.69257844749762, 42.13461012952899], [-70.69150329671719, 42.13381529917924], [-70.68968961845518, 42.13298597678677], [-70.68879847749615, 42.1319358195418], [-70.68803008459211, 42.13065918447667], [-70.68627908154663, 42.12663116459285], [-70.68612450996584, 42.12775045053261], [-70.68633334329782, 42.128413697211975], [-70.68501864004419, 42.12768575492917], [-70.68403590751602, 42.126745201166564], [-70.6833907107518, 42.12551161447327], [-70.6832977329525, 42.125070901204275], [-70.68351213701989, 42.12468077303042], [-70.68163761462057, 42.12273556532266], [-70.68132996450531, 42.122208345114615], [-70.68111625878214, 42.119554694884194], [-70.68074724711845, 42.118776058659755], [-70.68004058272203, 42.11848007410835], [-70.6784424510515, 42.118386466788444], [-70.67804412199634, 42.118094931439536], [-70.67782875157005, 42.117449628057216], [-70.678811357216, 42.11621924233538], [-70.6801639022297, 42.115046080715494], [-70.6801946866914, 42.11438847480961], [-70.679825222488, 42.114087022861035], [-70.67899615362042, 42.11379296844123], [-70.67881229608878, 42.1135164777013], [-70.67887286084385, 42.1131286310527], [-70.68025551675238, 42.11236928759088], [-70.68056366067306, 42.11200459507606], [-70.680255919038, 42.11040593993385], [-70.68090166447108, 42.10944154519435], [-70.68274501256921, 42.107639920583686], [-70.68308281592495, 42.10690515918421], [-70.68302157015654, 42.10564477859875], [-70.68345085362094, 42.10517008524117], [-70.68550985765108, 42.10430239090178], [-70.6862772646556, 42.104299967298104], [-70.68692272949194, 42.10493930606896], [-70.68756828013821, 42.10510032464315], [-70.68790558872416, 42.10496034704548], [-70.6884888533879, 42.104141212984665], [-70.68901167288911, 42.10479992896698], [-70.6896256856453, 42.10503442969358], [-70.69011738971705, 42.1049641904242], [-70.69033260011621, 42.104798582385335], [-70.6903014474847, 42.10374493943366], [-70.69057834160412, 42.103660236782076], [-70.69128449916454, 42.10383854453075], [-70.69306631243876, 42.10392989322652], [-70.69294370449002, 42.104391027131975], [-70.6930357003629, 42.10461451466628], [-70.69460196946963, 42.10487088724928], [-70.69487864165646, 42.104803617151404], [-70.69659878064965, 42.103201798982], [-70.69656712377369, 42.10241882568769], [-70.69592215731052, 42.10173452698131], [-70.69579986716185, 42.10136677122299], [-70.69555385402089, 42.10146070692232], [-70.69558446260396, 42.10193755057159], [-70.6961988254669, 42.10253216303023], [-70.69629131083676, 42.10292671995431], [-70.69466338464049, 42.10443745771376], [-70.69417206686855, 42.104507719157176], [-70.69361924380858, 42.104363147049845], [-70.693649469292, 42.10376799613147], [-70.69235974505838, 42.10372402005715], [-70.69027051421965, 42.10317805578412], [-70.68993318636592, 42.103291029298134], [-70.68977931811102, 42.103861107738375], [-70.68984095728273, 42.10450867848284], [-70.68953349030551, 42.10453126320341], [-70.68842780295206, 42.103655710635145], [-70.68815098188601, 42.10370495688807], [-70.68750613472706, 42.10464182490634], [-70.68633832647319, 42.103839528429404], [-70.68440340866817, 42.10413807957031], [-70.68305212127883, 42.104914577911096], [-70.68256048156216, 42.10550756002619], [-70.68237674656925, 42.10589734331682], [-70.68237637492832, 42.10715897264945], [-70.68209925722674, 42.107640375901525], [-70.68077897693716, 42.10875864388078], [-70.6796717444574, 42.110522181267726], [-70.68010215397913, 42.11186736403746], [-70.67887340204705, 42.11244379759189], [-70.67828942021919, 42.113010776798575], [-70.67825924445106, 42.11379500013381], [-70.67841304072935, 42.113999809995114], [-70.67964085713461, 42.11452237783183], [-70.67733738450089, 42.11722269856642], [-70.6775218320445, 42.118183469929015], [-70.67779806270002, 42.11859399140088], [-70.67893471833719, 42.11910015526139], [-70.68016368925319, 42.11942408264248], [-70.68043991263002, 42.119690539816965], [-70.68068510046507, 42.121659580337074], [-70.68025513569329, 42.12255742739274], [-70.68025501503429, 42.123035179971936], [-70.68105362196992, 42.12335657975025], [-70.681852558178, 42.12397565761365], [-70.68265263809653, 42.125945839515985], [-70.68446553456006, 42.12854954016566], [-70.68710877656753, 42.130907003389325], [-70.68753862950689, 42.13163934196772], [-70.6874771131684, 42.13257696609878], [-70.6875999769841, 42.13278266861818], [-70.6916879475582, 42.135433868205745], [-70.69217969622886, 42.137012397455685], [-70.69248736488538, 42.13722389878672], [-70.69248681018371, 42.137980757116296], [-70.69319391203634, 42.139186025054144], [-70.69384007153529, 42.14013144445001], [-70.69470040378697, 42.14079475297076], [-70.69476186162441, 42.14104615900606], [-70.69457707825741, 42.14142694903614], [-70.69516120282442, 42.14145412428241], [-70.69531454289132, 42.14170448703419], [-70.69513078023625, 42.142094288631306], [-70.69528434998765, 42.14232664588894], [-70.696022207147, 42.14269365478331], [-70.6960221927723, 42.14335147688251], [-70.6964221438435, 42.14344431737245], [-70.69654464347275, 42.14362299638833], [-70.69660605433336, 42.14534254256558], [-70.698512867685, 42.14916101646019], [-70.69860500813914, 42.1497091886706], [-70.70124989526762, 42.1533994054976], [-70.70214085777889, 42.15396270410561], [-70.70361785907883, 42.15552664681479], [-70.7055238532094, 42.156327118455444], [-70.70641558065647, 42.157349568047934], [-70.70721499945677, 42.15792344679359], [-70.70810698077014, 42.15808098371105], [-70.7087831550325, 42.15744077550333], [-70.71059671179455, 42.15717023034189], [-70.71084299844594, 42.15737394254743], [-70.71159498977447, 42.158633419430934], [-70.70986023909605, 42.159253410092205], [-70.70863080830014, 42.16080310090844], [-70.70740049901292, 42.16172196366441], [-70.70694002368853, 42.162890924380775], [-70.70641778508205, 42.16307019447541], [-70.70552487933277, 42.16249791410678], [-70.70186582712229, 42.15604792059589], [-70.70026594026852, 42.15394569950491], [-70.69925146404026, 42.15229434632067], [-70.69202688327447, 42.14295986151475], [-70.68962903406003, 42.139509197842], [-70.68667819063396, 42.13436357293821], [-70.68259104961741, 42.12914448807237], [-70.6773979639016, 42.12331125857989], [-70.67601463522354, 42.121917014255004], [-70.6723284254107, 42.11879995455252], [-70.66984050678906, 42.11539490532251], [-70.66584762535172, 42.11056190320014], [-70.66308438454894, 42.10734095559109], [-70.66059650239349, 42.104890642129625], [-70.65703408773388, 42.101942795389895], [-70.65663490404387, 42.101759220944516], [-70.65298171152803, 42.09850613945675], [-70.65089426422216, 42.09715757733557], [-70.64886728631878, 42.096123991275306], [-70.64794630669964, 42.09544355592959], [-70.64527543094003, 42.09268935018194], [-70.6442012044649, 42.09189406839066], [-70.64211245175467, 42.09145526657447], [-70.64208247081461, 42.0906542771818], [-70.6414077697977, 42.08951081734769], [-70.63987341713197, 42.088028325475584], [-70.63929057394974, 42.08685684294959], [-70.63923083395828, 42.08468650467236], [-70.638188794947, 42.08203495675072], [-70.63861955714874, 42.08107424011346], [-70.63898838127132, 42.08075344397664], [-70.64107695340698, 42.079948669617615], [-70.64255061381462, 42.07891922612577], [-70.64344247071948, 42.078852184241356], [-70.64430130200157, 42.0792181913096], [-70.6450690987372, 42.079333096943], [-70.64577465938405, 42.08034114931856], [-70.64583541984022, 42.08093472065009], [-70.64534386049378, 42.081256873406204], [-70.645496862882, 42.08198450049429], [-70.64611141091267, 42.08251636371294], [-70.64614156635447, 42.08285816594525], [-70.64574253858126, 42.08315174845165], [-70.64610967528736, 42.08537164426948], [-70.64620035809374, 42.08750563025959], [-70.64653773938547, 42.087500829904386], [-70.64684534447201, 42.086928574879686], [-70.64724454269489, 42.08690510021315], [-70.65006982791655, 42.087621077355514], [-70.64997780223773, 42.08704584715944], [-70.65037685414265, 42.0869767793791], [-70.65059305805708, 42.085694796700885], [-70.64994833544372, 42.08473112039106], [-70.64994866818378, 42.08422635405418], [-70.64954941561129, 42.084142356181864], [-70.64918124501763, 42.08379635565201], [-70.64844482558088, 42.08271662919871], [-70.64764660743937, 42.082331972327715], [-70.64776997966975, 42.08070885083091], [-70.64730966307471, 42.08058950108928], [-70.64562222921096, 42.078784624387154], [-70.6455920055008, 42.078307765897954], [-70.64709787246457, 42.076727591404044], [-70.64743560636023, 42.07587588159669], [-70.64802053041008, 42.07354377736544], [-70.6483904303848, 42.0702050324693], [-70.6485439993265, 42.06993268744062], [-70.64851516706092, 42.06796966624142], [-70.64808770260558, 42.06478648999111], [-70.64747455666522, 42.06199415174746], [-70.64686189864977, 42.060210228332934], [-70.64692323319099, 42.06002892303636], [-70.6459128953615, 42.05671027164449], [-70.64450281868939, 42.05347865889867], [-70.64373763819206, 42.05117473551637], [-70.64269435122415, 42.04909043966677], [-70.63972097450691, 42.044944414809095], [-70.63144384670696, 42.03522536300036], [-70.62813180528906, 42.03229083055306], [-70.62335215784526, 42.02926449080775], [-70.61961185365244, 42.02621162339681], [-70.61851056677483, 42.02469557161125], [-70.61562470785977, 42.02158724858431], [-70.61353842689086, 42.01857846338451], [-70.61197841843384, 42.01664292604944], [-70.60912196856066, 42.013584742670936], [-70.61251053876697, 42.0135525623583], [-70.61283926632055, 42.01489780459596], [-70.6132063947699, 42.01535703180618], [-70.61391474938895, 42.01699839933076], [-70.61463336220858, 42.0179054692274], [-70.61518040276457, 42.01940264394583], [-70.61714790280296, 42.0214887185569], [-70.6189790947386, 42.02312689523206], [-70.62072919910366, 42.02392256468834], [-70.62161112174567, 42.02452077610197], [-70.62206952028319, 42.02523840740956], [-70.62212038129783, 42.025955160907436], [-70.62242848759416, 42.02591531973354], [-70.62330015842728, 42.02520732853532], [-70.62367762030601, 42.02514550609744], [-70.62371515578123, 42.0253517550505], [-70.62419908715026, 42.02545056346819], [-70.62443304351228, 42.02482096454386], [-70.62440512348873, 42.02405317878136], [-70.62479585613491, 42.02343772192766], [-70.62461229378198, 42.02279198439788], [-70.62491984994904, 42.022571494098194], [-70.62525653900704, 42.022701810413075], [-70.62559323825435, 42.023435378924006], [-70.62605166509158, 42.0261855965562], [-70.62742968264051, 42.02759845342292], [-70.62844168617978, 42.0282685078332], [-70.62926984782224, 42.02927479522698], [-70.63043237795256, 42.03254637664915], [-70.63291617426492, 42.034699681720305], [-70.63564429823221, 42.03799431434947], [-70.636808860668, 42.03973407670391], [-70.64018250812862, 42.04274872041355], [-70.64177756357324, 42.04449166349022], [-70.64189927379218, 42.04503899050624], [-70.64223725095884, 42.045448943508646], [-70.64306518935777, 42.04611241927542], [-70.64321833694383, 42.04634484943628], [-70.64321826956152, 42.047218210986046], [-70.64398482748251, 42.0479009157819], [-70.64625378759217, 42.05092229690631], [-70.64634571565142, 42.051245428545414], [-70.64591586599877, 42.05190905964728], [-70.64588527667527, 42.05261224723875], [-70.64662041970193, 42.05389851078524], [-70.64677323338785, 42.054833223371304], [-70.64695721177243, 42.054993285369264], [-70.64790855943954, 42.05522265164574], [-70.6496579175715, 42.05625139429414], [-70.65008760368791, 42.05616398610888], [-70.65002594003975, 42.055975575632615], [-70.64864554553714, 42.0552208207914], [-70.64864567690394, 42.05501373627613], [-70.64898289409216, 42.05481084698581], [-70.64898362654633, 42.05433309268041], [-70.6500583603992, 42.05357913975634], [-70.65067233411551, 42.0533450993793], [-70.65183866305013, 42.053391452185096], [-70.65300511313306, 42.05303206409535], [-70.65374204886398, 42.053003751828484], [-70.65487723588195, 42.05334752867016], [-70.65561338343026, 42.05417455109299], [-70.65573665627606, 42.05515461401769], [-70.6567489148739, 42.05657228253137], [-70.65656412974158, 42.05783650438233], [-70.6559805141168, 42.058313337587556], [-70.65601108806621, 42.05865514111833], [-70.65444385511302, 42.060668281848876], [-70.65386074144503, 42.06121770045147], [-70.65266257106987, 42.06179295205246], [-70.65269319699556, 42.062044719771], [-70.65355326451682, 42.061879450197885], [-70.65419759667921, 42.061951178349794], [-70.65484171015372, 42.062635715715736], [-70.65481143391905, 42.06309524366054], [-70.65456511015415, 42.06353122950723], [-70.65299903843226, 42.06487808511981], [-70.65404297349374, 42.06494432913557], [-70.65456483858159, 42.06519803743529], [-70.65468753876587, 42.0643762306066], [-70.65533278233708, 42.06352901879927], [-70.65557867321039, 42.062840924532836], [-70.6558553116085, 42.062566663991475], [-70.65640807940306, 42.06256792563028], [-70.65689894920789, 42.06279494663477], [-70.6580649463665, 42.06421936057958], [-70.65855570575292, 42.06565399405218], [-70.6591389970716, 42.065519285813004], [-70.65910834697937, 42.06492481684737], [-70.65748223672375, 42.06268725802217], [-70.65628553570335, 42.06158786994296], [-70.65594809197549, 42.06112450505113], [-70.65597854334324, 42.060736444935074], [-70.65656284122343, 42.060124561214565], [-70.6588955582497, 42.059433248629425], [-70.65984778966042, 42.05851848850564], [-70.66092284232342, 42.05776443674507], [-70.66159850338295, 42.05657470958391], [-70.66156763962707, 42.05605226876439], [-70.65969650283036, 42.053511880945535], [-70.6597272968235, 42.052781681250785], [-70.65994210202517, 42.05255366364588], [-70.66037226615668, 42.052484228019765], [-70.66126215547094, 42.0528227650519], [-70.66224403391521, 42.05360146184238], [-70.6628271642956, 42.05435866367796], [-70.66294888253263, 42.05483449929875], [-70.66273381291545, 42.05645865699923], [-70.66301026399536, 42.056968262654706], [-70.66288680714685, 42.05762744346646], [-70.66300949318216, 42.05820232653152], [-70.6632557271, 42.058226073474835], [-70.6634090283455, 42.05742192584499], [-70.66328728465342, 42.05614419871123], [-70.66368606933749, 42.05616568356378], [-70.66436084039351, 42.056732780766765], [-70.66509767589947, 42.056829883426445], [-70.66571174418264, 42.05733462922825], [-70.66617131959521, 42.058219777790114], [-70.66623267182219, 42.06019147097443], [-70.66659984468886, 42.06089812123513], [-70.66752102037893, 42.06185752778994], [-70.66752104732376, 42.06231671613131], [-70.66736651654251, 42.062526053345344], [-70.66647691656327, 42.06287241068871], [-70.66647648026971, 42.063395184201156], [-70.66758218360656, 42.0629823082416], [-70.66847245839789, 42.062410855057756], [-70.6689022492263, 42.062431983935994], [-70.66905574952598, 42.062618799437956], [-70.66899320961525, 42.06307021793248], [-70.66871542605021, 42.06352288702574], [-70.66935323518588, 42.063373891932834], [-70.6696057853117, 42.06326261558988], [-70.66973057254592, 42.06241042157432], [-70.67114307063956, 42.06206613863084], [-70.67158517882307, 42.06238784462036], [-70.67178762027604, 42.06328179977802], [-70.67212524798559, 42.0632769267457], [-70.67240135633324, 42.062776968097005], [-70.67184904174206, 42.061929440656655], [-70.67135809920327, 42.06167547249569], [-70.66933155188202, 42.06176826469535], [-70.66828812211358, 42.061522089711694], [-70.66721466101485, 42.06074446889733], [-70.66669226630889, 42.0598965706781], [-70.66663109512142, 42.05932101441058], [-70.66690843470195, 42.058037756137985], [-70.66663202121512, 42.05703295723859], [-70.66448457071695, 42.05550580459369], [-70.66380920337214, 42.05481265176417], [-70.66362471741529, 42.05440107252387], [-70.66362499284433, 42.053806267432954], [-70.66414715987483, 42.05403292390735], [-70.6643924816608, 42.05403865446742], [-70.6644843454834, 42.05385700019582], [-70.66562074157511, 42.05405661951742], [-70.67013239723333, 42.053468730954705], [-70.67102252147139, 42.053852211752506], [-70.6710530188124, 42.05484283906736], [-70.670469394382, 42.055706904119035], [-70.66991663831169, 42.05689476031546], [-70.66988632346896, 42.057336846845054], [-70.67013144730849, 42.058341973325085], [-70.67120536712336, 42.05934466260716], [-70.67372265564464, 42.05913664548566], [-70.67608645732643, 42.05815596510653], [-70.67669507811762, 42.05751489310307], [-70.67759077289301, 42.055666010811485], [-70.67802069793889, 42.0558486103563], [-70.67866535508514, 42.056506005640585], [-70.67961700606429, 42.05689773850631], [-70.67977008818815, 42.057147562425435], [-70.68019994136979, 42.05701502424676], [-70.68032246163459, 42.0562387714297], [-70.67989325996598, 42.05602861200906], [-70.6798929694014, 42.05552440362479], [-70.6797085586241, 42.05515730735016], [-70.68004605398615, 42.05483728134881], [-70.67995374697797, 42.054676241840575], [-70.67906438580866, 42.05484262408174], [-70.67909519682519, 42.05540951454524], [-70.67976969024485, 42.05630065064371], [-70.67955520479877, 42.05642066301649], [-70.678940935982, 42.05630371188498], [-70.67881840393619, 42.05541371889024], [-70.6778974294891, 42.05484156300343], [-70.67768250382709, 42.05490810932474], [-70.67651634741927, 42.05706004661223], [-70.6748886394704, 42.05820079551379], [-70.6741215216686, 42.05857229206322], [-70.67307847945776, 42.058821366014016], [-70.67154269518423, 42.05863693882381], [-70.67096028724164, 42.05813189142466], [-70.6709295209017, 42.05698819980721], [-70.67114495251346, 42.05650749992532], [-70.6727714732207, 42.05502465496496], [-70.67274157902993, 42.054565813303306], [-70.67148275346308, 42.05309754588858], [-70.67133005672524, 42.05186574756467], [-70.67065499021984, 42.05140729614038], [-70.66887507111777, 42.05119911561598], [-70.66589712682558, 42.0519540189617], [-70.66503762988283, 42.052002336302394], [-70.6643624155123, 42.051615876009045], [-70.66359619646514, 42.04996935308967], [-70.66123280742777, 42.04840904427294], [-70.66058909533609, 42.048157284944814], [-70.657796065725, 42.04749524849698], [-70.65641540926515, 42.047307818192216], [-70.65380705731638, 42.04735439983678], [-70.65236408425311, 42.04691548094816], [-70.65141317048464, 42.04680320228699], [-70.65132181508571, 42.045615721342415], [-70.6520280212944, 42.04488490225538], [-70.65653999309926, 42.04244166276677], [-70.65813570753674, 42.04222944656362], [-70.66028400604213, 42.04284679327021], [-70.66209442652561, 42.04392869340885], [-70.66635981269012, 42.04445223804793], [-70.66675932553373, 42.04481585905002], [-70.66675885220678, 42.04513998916257], [-70.66651289387478, 42.045386925392485], [-70.66654361116, 42.045980831214955], [-70.66826217359595, 42.047289306415536], [-70.66967360677567, 42.047926439319035], [-70.6710550664551, 42.04756392651861], [-70.67059455939825, 42.047155985825526], [-70.67065608456025, 42.0464620210792], [-70.6717304856508, 42.04616705320654], [-70.67148458688274, 42.04591823397182], [-70.66998125351793, 42.04619264442964], [-70.66921414712857, 42.04671660816959], [-70.66881463843339, 42.04681274778355], [-70.66826270862592, 42.04646941030502], [-70.66823226085602, 42.04605558120521], [-70.66887671880701, 42.044316358158255], [-70.66829389050426, 42.04388388450355], [-70.66746503553583, 42.042436700491415], [-70.6674656058117, 42.0419319340114], [-70.66764917913298, 42.04174925614447], [-70.6686631369701, 42.041482014270905], [-70.6697059921708, 42.04145807335927], [-70.66946089354556, 42.04109220699298], [-70.66807902133358, 42.04097693737636], [-70.66804867014476, 42.040383034336884], [-70.66900119436238, 42.03955823811665], [-70.6693999202073, 42.03948966628564], [-70.67004366370212, 42.038867454041004], [-70.6699527083181, 42.037797040439905], [-70.67059741918705, 42.03770661402346], [-70.67065842948469, 42.037543301215926], [-70.66955433148846, 42.03685720049673], [-70.66952308939794, 42.03653283993464], [-70.66976925505062, 42.035601616292695], [-70.66976999889799, 42.03461965368641], [-70.67019893088914, 42.03376684945593], [-70.67044526812657, 42.032763032940345], [-70.67047575278048, 42.0318437490208], [-70.67001607647006, 42.02987760358427], [-70.67124410679642, 42.02880605956319], [-70.67112174797342, 42.027249216931246], [-70.67066150562066, 42.02642710490086], [-70.67063054900157, 42.02587821584624], [-70.6709381024983, 42.025675610420556], [-70.67302448264543, 42.02542003772718], [-70.67394455688796, 42.024776166292085], [-70.67477333219912, 42.02482716667912], [-70.67547851376793, 42.023816519026624], [-70.6760927795702, 42.02350131274233], [-70.67664462492897, 42.02255651866314], [-70.67658393601143, 42.02226008435183], [-70.67596996950465, 42.02185443456095], [-70.67590929898422, 42.02132390307235], [-70.67692164743487, 42.02045332866234], [-70.6786087818935, 42.01983407005211], [-70.67836329689229, 42.01967586721663], [-70.67692155326037, 42.019498370142095], [-70.67661533368445, 42.018989706507945], [-70.67560273224329, 42.01883328850619], [-70.67412969220011, 42.018278499186565], [-70.67348602911225, 42.01702627008864], [-70.67360930680184, 42.01546613831259], [-70.67333348078482, 42.01538029778601], [-70.67308828232859, 42.01560868332393], [-70.67311769813375, 42.0175542654797], [-70.6722589586399, 42.01897233237407], [-70.67228855913984, 42.019539219020935], [-70.67274907159688, 42.02001918555695], [-70.67253402126767, 42.02088705287926], [-70.67192063912333, 42.02093213455402], [-70.67176795790239, 42.02057369353001], [-70.67072418876488, 42.019652252152525], [-70.66937556255137, 42.017113542113364], [-70.6688242563718, 42.01535605885539], [-70.66885496218937, 42.01395901387125], [-70.66861026198333, 42.012791813393875], [-70.66821176177233, 42.012221117279296], [-70.66821193766305, 42.01070736385107], [-70.66965385899162, 42.00883099431695], [-70.67045175460383, 42.00808047001234], [-70.67131064759096, 42.0074823204536], [-70.67278316685366, 42.00686665815389], [-70.6780282422159, 42.00522246632242], [-70.67897919486602, 42.00508242404535], [-70.68042099818715, 42.005728092658224], [-70.68140274185255, 42.00659610677122], [-70.682290673046, 42.00769134848352], [-70.68348719736355, 42.00846634040832], [-70.6840390180956, 42.0091517488528], [-70.68520506167215, 42.01007168999308], [-70.68637101636084, 42.01185653880071], [-70.68676921040077, 42.01320148870028], [-70.68643230859155, 42.01435044396222], [-70.68664679663061, 42.01489669472452], [-70.68630970641314, 42.015794106642524], [-70.68627867435987, 42.016361683101316], [-70.68680037277547, 42.017020414151574], [-70.68636959758797, 42.018486082527275], [-70.68716768062676, 42.01839384130835], [-70.68735253478825, 42.01801249674564], [-70.68867129895015, 42.017921129556726], [-70.6886715043962, 42.01746137866215], [-70.68910139654481, 42.01697766369512], [-70.68913147339697, 42.01595032750606], [-70.69140129701914, 42.0150345119845], [-70.69176947195096, 42.01471354316356], [-70.69180023136418, 42.014163408235575], [-70.69210673667042, 42.013528560587275], [-70.6926896149238, 42.01320460337997], [-70.69364086381212, 42.01322650771796], [-70.69456121809077, 42.013483408676265], [-70.69517409828511, 42.01388838843724], [-70.69520526045036, 42.01434779719727], [-70.69566479020817, 42.01473706401626], [-70.6957565452784, 42.01601454835289], [-70.69606474318184, 42.016109003085234], [-70.69618663786805, 42.01553981224502], [-70.6968006422141, 42.01460323771768], [-70.69692321653527, 42.013979465815666], [-70.69916192361677, 42.01270369308779], [-70.70078641463084, 42.01121087374919], [-70.70140062432603, 42.011120625254605], [-70.70232094703574, 42.01153052669693], [-70.70247395208285, 42.011213087466984], [-70.70232053550193, 42.010179404336036], [-70.70271917662235, 42.00949790192449], [-70.70357820552934, 42.00901656136694], [-70.7049884618641, 42.009013430705934], [-70.70728900144866, 42.00825845730204], [-70.70879154031056, 42.00684008626931], [-70.70946675320816, 42.00654200604598], [-70.71047854894644, 42.00657150504862], [-70.7113377796242, 42.00725271181803], [-70.71185908658163, 42.00722704363696], [-70.71188948250374, 42.006478820005555], [-70.71247190401175, 42.00581261885564], [-70.71253329901273, 42.00542419402917], [-70.71136750353172, 42.004459516362445], [-70.71127517852632, 42.00356920052275], [-70.711487435762, 42.00315311722439], [-70.72218205787398, 42.003202162973885], [-70.72472696269189, 42.006783782849915], [-70.72488218797702, 42.00726484447239], [-70.72488182812901, 42.00980219504455], [-70.72594103509111, 42.011365881673754], [-70.72819691102649, 42.01390497275529], [-70.7312500127574, 42.01792823233512], [-70.7336639692949, 42.01834509445566], [-70.74971492196305, 42.01989715629269], [-70.76978396685769, 42.022203101281804], [-70.76820305721398, 42.02681411392903], [-70.76692107907724, 42.0280140809164], [-70.7655840051167, 42.03120291966825], [-70.76359300803558, 42.03117492765016], [-70.76098395255171, 42.03180298909101], [-70.75939502693187, 42.03308980028486], [-70.75928409067909, 42.034302884331275], [-70.76008404712351, 42.035403127170895], [-70.76248393893273, 42.03720302856293], [-70.76422993668898, 42.03811575761104], [-70.76674594549304, 42.0430720819735], [-70.7669900236616, 42.044001018074404], [-70.76752908852274, 42.04455481582055], [-70.768814995674, 42.04519104166515], [-70.7811849963999, 42.04650290748855], [-70.77398394664148, 42.05810191315333], [-70.77178502445793, 42.06130278842681], [-70.76120896895497, 42.078393039315074], [-70.74998503904649, 42.09730297879317], [-70.76188493154848, 42.102703078059555], [-70.7623849602397, 42.102801962053086], [-70.76165499918972, 42.10488326762656], [-70.76051994108623, 42.10741888341643], [-70.7601850580076, 42.1096017676947], [-70.76658408739733, 42.10980104213637], [-70.76698409110661, 42.11330091132346], [-70.77351094175971, 42.113112899865015], [-70.77399401561144, 42.112902128798794], [-70.77618499405764, 42.112600870375026], [-70.77628507987804, 42.11350072928045], [-70.77768494256166, 42.113501123742275], [-70.77618900130281, 42.11433801221975], [-70.77568601522475, 42.11500221884612], [-70.77548604967859, 42.11590186880533], [-70.77688591493498, 42.11700182695517], [-70.77843308399083, 42.1158850176747], [-70.78258507205294, 42.116500824207115], [-70.7820850493473, 42.11460076450817], [-70.7832850858293, 42.111901034790826], [-70.78638492729317, 42.11150116150037], [-70.78838501373215, 42.11160082540481], [-70.78818495333478, 42.11030082579647], [-70.79018504655959, 42.1107009507252], [-70.79008498814055, 42.10880115234544], [-70.79208502959412, 42.10910108002527], [-70.7894850380808, 42.10680090302914], [-70.79218498692299, 42.10620087839849], [-70.7988849337451, 42.112300881161], [-70.80068504134081, 42.109700869166964], [-70.80370194510448, 42.1119172267375], [-70.80375008188796, 42.11317913425891], [-70.80431497450591, 42.11347574252657], [-70.80474699534403, 42.11424309960149], [-70.80694296920963, 42.11482475148461], [-70.80802492244571, 42.11457694345609], [-70.80825801757969, 42.11465206728935], [-70.80828993794412, 42.11529488407961], [-70.80890398391229, 42.11640883264079], [-70.80921905227837, 42.117460201705086], [-70.80976793404045, 42.1176711528673], [-70.80978393980077, 42.118302055893444], [-70.80900098643733, 42.119006923194924], [-70.80903293537492, 42.119787042577414], [-70.80850005715747, 42.12016985177868], [-70.80793409360074, 42.12020695003281], [-70.80809893542352, 42.12117188093567], [-70.80848091838659, 42.12166712770865], [-70.80839707822336, 42.12228617358557], [-70.80887996231144, 42.122730820643525], [-70.808962967658, 42.12300423924572], [-70.80886194714161, 42.12362205626261], [-70.80904402875781, 42.12463717099399], [-70.8103570925907, 42.125552744709275], [-70.81135401216285, 42.12667911035379], [-70.81296798412234, 42.12703824646521], [-70.81491399341427, 42.12806503926347], [-70.81581099831295, 42.12930218541268], [-70.81607603422547, 42.12990925052412], [-70.81620806631796, 42.13110918702], [-70.816656034034, 42.131666134856246], [-70.81795397464643, 42.13169074922598], [-70.81930205586413, 42.132186077369155], [-70.81926795372694, 42.13245822933838], [-70.81868501475364, 42.13281715396216], [-70.81870194674482, 42.132965248940124], [-70.81949992872444, 42.1331388053437], [-70.82169694836463, 42.132953192631966], [-70.82264604738926, 42.13253283089789], [-70.8235450123326, 42.13259497555175], [-70.8239610294212, 42.13252090131412], [-70.82454395237323, 42.13212481069279], [-70.82544305089993, 42.13217399880988], [-70.82619201925077, 42.13192687143691], [-70.82729009201128, 42.132050930659204], [-70.82755604840541, 42.132261259169866], [-70.82865401766216, 42.13252091909818], [-70.83018501963414, 42.13250905805892], [-70.83089998284973, 42.13290488492346], [-70.83216492341535, 42.133176740174555], [-70.83312997155606, 42.132904941787494], [-70.83361100727475, 42.13437811490847], [-70.83422697292039, 42.13457583194214], [-70.8344749748651, 42.13529417143817], [-70.83432496739339, 42.13593704605105], [-70.83400807037482, 42.13614678560824], [-70.83414095378575, 42.1363079315471], [-70.8338580312978, 42.1364317727143], [-70.83372402193078, 42.13682827036331], [-70.83392395862344, 42.136975738491316], [-70.83447302935211, 42.13697611495614], [-70.83465609216603, 42.13727316592913], [-70.83450409019423, 42.1382142678186], [-70.83470307336141, 42.13926488599081], [-70.83546795201877, 42.13952479617582], [-70.83650498458336, 42.14141589806128], [-70.83738505876461, 42.14409782100438], [-70.83826104287671, 42.14547477866903], [-70.8386460642942, 42.14573303580197], [-70.83790505936723, 42.14681873428047], [-70.83795706977989, 42.14705199821082], [-70.84019492261028, 42.14825279093297], [-70.84033608508129, 42.14934920658175], [-70.84217794592237, 42.15095677227101], [-70.84234896620842, 42.151584053358555], [-70.84288704811323, 42.15245709368156], [-70.8444390664666, 42.15301912714767], [-70.84487401331225, 42.15333785843104], [-70.84468194291863, 42.154435175914635], [-70.8465759058958, 42.15631419340919], [-70.84697998867476, 42.15695292377374], [-70.84730593857194, 42.15827715405332], [-70.88405792438022, 42.15353090943359], [-70.89014805296644, 42.1715752493589], [-70.8930360685809, 42.16976795942403], [-70.89836595270708, 42.16778380350407], [-70.91367197260061, 42.16164404374698], [-70.92518993911713, 42.15730086659615], [-70.96030798260841, 42.14338700194235], [-70.96778896272195, 42.14070016558312], [-70.97238900165691, 42.13860002514403], [-70.97728898420533, 42.136900029461316], [-70.9809890402122, 42.13530018590967], [-70.98028999176098, 42.13940084794739], [-70.98028999435843, 42.14060110384722], [-70.97809093349659, 42.153500742147266], [-70.97669101522692, 42.16560098492773], [-70.97649092037078, 42.16620104112019], [-70.97659109798079, 42.16820079135132], [-70.97468999933523, 42.17809908268544], [-70.97388996304903, 42.18409890787941], [-70.9736900652932, 42.18689913096574], [-70.9715899517218, 42.19989917409338], [-70.96989094659169, 42.21189883579361], [-70.96919102797523, 42.2141987368104], [-70.96919107360341, 42.216499059525624], [-70.9680910333513, 42.22129886830183], [-70.96687466074081, 42.223527144950786], [-70.96595481796702, 42.223932513909546], [-70.96538480455452, 42.223925358232236], [-70.96260029721456, 42.22461797892878], [-70.96201522373286, 42.2250243209089], [-70.96072293136245, 42.22639799707648], [-70.9606005685089, 42.22674235737026], [-70.96066294976197, 42.22873179607337], [-70.96004748139754, 42.22925615214521], [-70.95937027239025, 42.22900650135794], [-70.95912434941252, 42.22910043896827], [-70.95912420760891, 42.229605180366974], [-70.95952555469128, 42.23017483553761], [-70.95952512753028, 42.23120176108304], [-70.95918721243036, 42.23260354288877], [-70.95844846693993, 42.23323816116746], [-70.9566633387693, 42.233953356364665], [-70.95650998630286, 42.234838882450475], [-70.95598671965571, 42.23486566389512], [-70.95450925957768, 42.23422448892669], [-70.95358501632903, 42.23331245757708], [-70.95318534283766, 42.232508706536976], [-70.95238476768252, 42.23209862004565], [-70.9512763053871, 42.23207306867034], [-70.9512764426663, 42.231685368850755], [-70.95152239115642, 42.23143783094311], [-70.95139933248893, 42.231133947327685], [-70.95078428561659, 42.231117500967464], [-70.95050670916089, 42.23141046462163], [-70.95063062380648, 42.232030028152785], [-70.95035303330445, 42.232214952892555], [-70.95038383260078, 42.232439617784635], [-70.95072265824759, 42.232812059256574], [-70.95078395754392, 42.23355849298849], [-70.95109158850025, 42.23349018982303], [-70.9511839247274, 42.23310124290355], [-70.95143019782121, 42.233079349536766], [-70.9516458493536, 42.23349002571927], [-70.95176899364937, 42.2340910149302], [-70.95201535262551, 42.23436622629447], [-70.9518614313642, 42.234981647750736], [-70.95229325758682, 42.23592004172204], [-70.95226290301306, 42.23619055546511], [-70.95050811825791, 42.23598634856965], [-70.94964584215586, 42.23648752178728], [-70.9501694277263, 42.238018886298256], [-70.9503548198279, 42.23818689600032], [-70.95060095689409, 42.23818301007415], [-70.95066258394037, 42.23740677949169], [-70.95044706414858, 42.23660896497733], [-70.95072420093649, 42.236631674122734], [-70.95232466572648, 42.23763079868101], [-70.95303242702936, 42.23768200298174], [-70.95531058455124, 42.23895778461575], [-70.957158059427, 42.23960182399399], [-70.95802019599157, 42.239668357536196], [-70.95875911660796, 42.239465896186616], [-70.96082122370666, 42.239899313310346], [-70.96346921255301, 42.24000681705017], [-70.96365331476458, 42.239526569851876], [-70.96362218659709, 42.23893221428724], [-70.96448447640934, 42.238890661812334], [-70.96707058987955, 42.23957568566272], [-70.9671940051667, 42.23996058184478], [-70.96673261352585, 42.240031590119365], [-70.96704071029306, 42.240900139726186], [-70.96691872855158, 42.242775610300086], [-70.96633366181543, 42.24311951408461], [-70.96639556347556, 42.24437968351453], [-70.96608808171324, 42.24476313946967], [-70.96537991189385, 42.245153732414614], [-70.96264028590153, 42.246092463873374], [-70.96202464834195, 42.245481303573065], [-70.96199354297322, 42.245175612571764], [-70.96239381286074, 42.24407910040493], [-70.96220824076575, 42.24319029284956], [-70.96122339436548, 42.243054003246904], [-70.95913008603505, 42.2435134500117], [-70.95808396651248, 42.24390071728281], [-70.95789878825826, 42.24410185178657], [-70.9577758993474, 42.24532063933748], [-70.95811419889505, 42.245657042371796], [-70.9587913844616, 42.24570806630821], [-70.95919286340683, 42.246007625845095], [-70.95909989309045, 42.24625252434477], [-70.95783862446723, 42.24732808100308], [-70.95392885112531, 42.247674178603724], [-70.95248145392056, 42.24832057765684], [-70.95063425725716, 42.24886544843851], [-70.94989575943899, 42.24952702176183], [-70.94894126233808, 42.24987694420851], [-70.94706338973019, 42.249827400863246], [-70.9462323355897, 42.25008955166299], [-70.94426232071864, 42.25167246923959], [-70.93970505739514, 42.252632790829225], [-70.93862682895993, 42.25306586600693], [-70.93807253574387, 42.25349868311421], [-70.93718002058982, 42.25459494967543], [-70.93736489659263, 42.256933867334226], [-70.93690278912553, 42.257067774937], [-70.9336081666545, 42.2570695763673], [-70.93268414053752, 42.257229322408], [-70.92794211022812, 42.25736391250871], [-70.9263103560185, 42.257256173414724], [-70.92507844032525, 42.25761970458786], [-70.92470914683318, 42.25791439706813], [-70.92467754509782, 42.258328947616306], [-70.92797281001975, 42.259291307685025], [-70.92797294035063, 42.259633428923294], [-70.92775690514573, 42.25988050242842], [-70.92692511509472, 42.26020046827155], [-70.92486287062209, 42.26056885330119], [-70.92440034184338, 42.260847322122736], [-70.92387663398785, 42.26145972494656], [-70.92384559345861, 42.26187427783406], [-70.92520040055798, 42.26306723536598], [-70.92519967946178, 42.263292873676626], [-70.92436904142087, 42.26333372860988], [-70.9239375375974, 42.26319707986242], [-70.9227672190842, 42.2621901626565], [-70.92295295107394, 42.26057390111009], [-70.92236855016623, 42.25855706453589], [-70.92085988746187, 42.25734866569201], [-70.92052130106725, 42.256768502879254], [-70.92052176030647, 42.25599366867063], [-70.92144503811532, 42.25562694339369], [-70.92181517932246, 42.25478307123281], [-70.92563329404153, 42.25421421472656], [-70.92658705838713, 42.25530611638194], [-70.92744967215121, 42.255444906250794], [-70.92788114146481, 42.25526586804378], [-70.92923566381715, 42.25524278656022], [-70.93203785683367, 42.2546911704061], [-70.93330059286147, 42.25423712248438], [-70.93351601879284, 42.254053620428245], [-70.933608639846, 42.25345761675381], [-70.93413214372701, 42.253295327395875], [-70.93567091415736, 42.25322412337099], [-70.93604078538397, 42.25274933501196], [-70.93604073416503, 42.25254226163196], [-70.93564052597817, 42.25210757971288], [-70.93570174505973, 42.25178207801691], [-70.93650251385196, 42.25169654199313], [-70.93708782515127, 42.251416375808574], [-70.9370261803547, 42.250660931688984], [-70.9374571488376, 42.24948644074224], [-70.93745736570308, 42.24909930488211], [-70.9360404016893, 42.248367033766705], [-70.93573235478611, 42.24811061735187], [-70.93573225433471, 42.24793055310561], [-70.93745695544361, 42.247631220881686], [-70.9379189417806, 42.24728967455327], [-70.93785690768073, 42.24687634956984], [-70.93736443655501, 42.246813165490686], [-70.93567091249543, 42.247292150608864], [-70.93323875318924, 42.24749568284077], [-70.93320830829055, 42.24770316860477], [-70.93274670151709, 42.2479991193173], [-70.93262305451039, 42.247217481514554], [-70.93209957244672, 42.24681200027844], [-70.9320996365617, 42.24648788566547], [-70.93253082574454, 42.246120324309146], [-70.9327776236107, 42.244755872009705], [-70.93250048257455, 42.244201931131244], [-70.93157678070851, 42.243100658944435], [-70.93025328360154, 42.24187078778258], [-70.93022249221926, 42.24148405995283], [-70.93083824514851, 42.24010456028595], [-70.93083796162247, 42.23967240504819], [-70.93062226717564, 42.23946876321172], [-70.92988398895457, 42.23940038817908], [-70.929452906968, 42.238876060269845], [-70.9295759767793, 42.23811702625182], [-70.92929891808714, 42.23745503856269], [-70.92846778717673, 42.23681167515345], [-70.92822168821242, 42.23601422787664], [-70.92625189437825, 42.23489418936886], [-70.92625158213848, 42.234615088091054], [-70.92671314128917, 42.23452623684002], [-70.92825251550497, 42.234842275499496], [-70.92837563116734, 42.23468758325507], [-70.92834478018173, 42.234183249523234], [-70.92745193256428, 42.23337863817787], [-70.92773042409806, 42.2312569553386], [-70.92723729887432, 42.23033785486574], [-70.92729882135006, 42.2295621965193], [-70.9264678099193, 42.22917034529464], [-70.92566842419416, 42.229174788218124], [-70.92397534664384, 42.22883430899366], [-70.92388298520474, 42.22858344309494], [-70.9246829631338, 42.227345010528886], [-70.92477581746704, 42.22556002263169], [-70.92385295206428, 42.22482781929387], [-70.92206736300973, 42.224164418104195], [-70.92148289172981, 42.22327352877731], [-70.92148292364418, 42.22281380102478], [-70.92225246467804, 42.22121566381925], [-70.92323718326762, 42.220820535841035], [-70.92385213910038, 42.22098118179249], [-70.9240066903109, 42.22084353282807], [-70.92385284922331, 42.220549029767845], [-70.92265255740462, 42.220550874860294], [-70.92222209891173, 42.22068488233756], [-70.92179099152797, 42.221097422754895], [-70.92096027633727, 42.222885441740594], [-70.92099055272064, 42.22336276620829], [-70.92166708175068, 42.22436947600564], [-70.92157512449307, 42.22473983336251], [-70.92026165256841, 42.22605724395053], [-70.92366724026238, 42.22556065037821], [-70.92397574460773, 42.22624925850277], [-70.92372524313134, 42.22761255315163], [-70.92380233365755, 42.22791905004711], [-70.9235689661384, 42.22814633509979], [-70.92280548197748, 42.22830455594772], [-70.9218509044607, 42.22969862784629], [-70.92197384763135, 42.230435260961805], [-70.92249728834797, 42.23109344342493], [-70.9222821025399, 42.23196173435307], [-70.92246623129081, 42.23400357899791], [-70.92240354723148, 42.2352113831034], [-70.92172616877237, 42.235736348739], [-70.91923360542172, 42.236129471360776], [-70.91917146250763, 42.236382935153216], [-70.91957196201629, 42.236700636470616], [-70.9203722651932, 42.23702035599233], [-70.9203411812467, 42.2374799257731], [-70.91877113264786, 42.238668851263704], [-70.91997139491309, 42.238459408249646], [-70.9211101169913, 42.23887255223375], [-70.92166484083077, 42.23882695624061], [-70.9222804620859, 42.238393400522995], [-70.92271164548137, 42.237818801533585], [-70.92308128029006, 42.2376411583991], [-70.9249591183018, 42.23779913441186], [-70.92628216605888, 42.238388712926486], [-70.92662063564474, 42.23885125598885], [-70.92637444485695, 42.24168434815271], [-70.92640420318068, 42.24287291977602], [-70.92665102519372, 42.24319320382378], [-70.92726734827626, 42.24310174686402], [-70.92797483955859, 42.24255833004252], [-70.92950441189207, 42.24253443075321], [-70.93064050038157, 42.243929940202946], [-70.93099186466854, 42.24403859534655], [-70.9311624114026, 42.24617319798043], [-70.9305598318069, 42.246396978506844], [-70.9306218945617, 42.24667525994894], [-70.93113616009042, 42.247199431915035], [-70.93028298015433, 42.247770842632775], [-70.93009846472398, 42.24847667732581], [-70.93136147309664, 42.25009000934655], [-70.9315766436321, 42.25054629852118], [-70.93154609793903, 42.25112291386784], [-70.93111496823143, 42.251373992962186], [-70.92969838926174, 42.25144292930223], [-70.92868187967623, 42.25182951395777], [-70.927913037159, 42.25116676465688], [-70.92757432149942, 42.25007343967501], [-70.92751210115901, 42.24964604058602], [-70.92803592002146, 42.24900661143677], [-70.92806627986384, 42.248411989328154], [-70.9278514876903, 42.24800127377947], [-70.92726600934277, 42.248110331596955], [-70.92637346758863, 42.2492599721437], [-70.92581924660888, 42.25059867710885], [-70.92554186057207, 42.25063949193815], [-70.92546854789083, 42.25016308136617], [-70.92495468438992, 42.25016050864364], [-70.92495655632804, 42.250621931567494], [-70.9252651774419, 42.25116648187983], [-70.92517225081617, 42.251537398205784], [-70.924555944264, 42.25203455048396], [-70.92190808567288, 42.25288105301057], [-70.9191984666443, 42.253413196032845], [-70.91633479251598, 42.253479139757296], [-70.91476406591043, 42.254280305867425], [-70.91411705994905, 42.25544404473319], [-70.91393168822718, 42.25660957438917], [-70.91365437446636, 42.25688444388887], [-70.91362351924327, 42.25727198608997], [-70.9139930362213, 42.2575726658802], [-70.9157947014139, 42.25738659039424], [-70.91491698472038, 42.25812432127972], [-70.91491696619514, 42.258926167293], [-70.91439261104101, 42.25931344459357], [-70.9146380725173, 42.26086774508371], [-70.91451511683418, 42.26113946441309], [-70.91408343521505, 42.261435492840945], [-70.91131245711176, 42.261554117029014], [-70.90943480424971, 42.26132446010077], [-70.90740021944764, 42.26230432818343], [-70.90472130436044, 42.26255606561398], [-70.90170428626459, 42.26168789615544], [-70.89939459455492, 42.26152784849175], [-70.89637548468363, 42.26274039013601], [-70.89542126850094, 42.2628102091211], [-70.89412820425129, 42.26250741383041], [-70.89317282903069, 42.26255976432649], [-70.89314242485605, 42.26235309289382], [-70.89366638337714, 42.26198391634871], [-70.89425232776556, 42.26107318465097], [-70.89579302889248, 42.25983154608415], [-70.89650184090185, 42.25891919847696], [-70.89687181964226, 42.258029825904586], [-70.89588734505315, 42.25710970020836], [-70.89585681245923, 42.256677385899344], [-70.89653401713556, 42.25649525617761], [-70.89813482518252, 42.2573420816476], [-70.89847302285408, 42.25736354843843], [-70.89847347914086, 42.25697641328107], [-70.8981049141375, 42.256703260402034], [-70.89807431710332, 42.25631596239257], [-70.89721162035204, 42.256330568270435], [-70.89696562065694, 42.256172845880585], [-70.89678065337326, 42.25567107113036], [-70.89576520994997, 42.25500399619367], [-70.89428787850001, 42.25434347945908], [-70.89240990513261, 42.252852528625034], [-70.89222633249067, 42.25217068912004], [-70.89118047018684, 42.25125132160443], [-70.89148841306823, 42.25073245585562], [-70.88951888679092, 42.249092980065896], [-70.88819546534451, 42.248475404059874], [-70.88773455385682, 42.24783428075786], [-70.88742723999556, 42.246758444189524], [-70.88634959974114, 42.24614553372248], [-70.8851495895503, 42.24616555979667], [-70.88521116272771, 42.245615004542245], [-70.88487229041914, 42.245611501124266], [-70.88478006723973, 42.24584734167229], [-70.88453316320947, 42.245887658135814], [-70.88431848469006, 42.245728950466614], [-70.8835791267309, 42.24600239475721], [-70.88336314608696, 42.24660051223611], [-70.88302426454996, 42.24671404531195], [-70.88265519282217, 42.24648641775551], [-70.88142368109463, 42.24680390479606], [-70.88170065444876, 42.24707830726691], [-70.8816694249233, 42.24734879862207], [-70.88142262748886, 42.24741611868574], [-70.88099199534794, 42.24703622458659], [-70.88053030146155, 42.24689024519259], [-70.879730047724, 42.24719203397535], [-70.87969912386147, 42.24737249418869], [-70.88025310671787, 42.247858847048626], [-70.880221799249, 42.24803986800459], [-70.87988271414763, 42.248153390748854], [-70.87917513190433, 42.247903665765506], [-70.87868239909822, 42.248200357470886], [-70.8787736353794, 42.249342573080746], [-70.8783730067849, 42.25051757635778], [-70.87747871529464, 42.25101859939583], [-70.87643212448266, 42.250927951708725], [-70.87562995957961, 42.25216603713827], [-70.87701465473954, 42.25328770804243], [-70.87701398703389, 42.25397194922702], [-70.87645844245756, 42.255296345653065], [-70.87571785133059, 42.25650663028224], [-70.87403823719156, 42.25719017067639], [-70.8740390811117, 42.257622329690214], [-70.87428474934168, 42.25794272021316], [-70.87790275276708, 42.258821623789544], [-70.87882564341513, 42.25937412800019], [-70.8796260709886, 42.26015385676521], [-70.87968686689601, 42.2610623837287], [-70.87913036566093, 42.26225173807401], [-70.8790992684216, 42.262738868354376], [-70.88002235201961, 42.26411065453191], [-70.8805138159664, 42.26515655264608], [-70.88060566949169, 42.26577658068113], [-70.88017442954252, 42.26627899557913], [-70.87924955522256, 42.266826008322084], [-70.87912569802418, 42.267404919486985], [-70.87977199595673, 42.26799755847077], [-70.88165044208299, 42.26840776775493], [-70.88355948344, 42.269277273037616], [-70.88439077286918, 42.270037999984275], [-70.88472920213948, 42.270627271530685], [-70.8845431505727, 42.27119797687104], [-70.88377262922107, 42.271723907513355], [-70.88352643296577, 42.27207033421731], [-70.88303216800223, 42.27316831917963], [-70.88210735615435, 42.273895418582704], [-70.88152198037295, 42.274058263908366], [-70.8799210135832, 42.27378741360652], [-70.8784732340174, 42.27325290143514], [-70.87736531577139, 42.272253173492196], [-70.87736645447686, 42.27142432356887], [-70.87826057953524, 42.27095031048521], [-70.87727631301021, 42.26884048136852], [-70.87727766337373, 42.268317740685475], [-70.87847864812441, 42.26773960188055], [-70.87847933987153, 42.26737947779254], [-70.87789482988637, 42.26680348440194], [-70.8734912233826, 42.264901250939545], [-70.87290735187634, 42.26618102045272], [-70.87192188390009, 42.266070972506846], [-70.8715215968695, 42.266347881778884], [-70.87146053070215, 42.266871421422806], [-70.87038368578898, 42.26764598752374], [-70.86998297950592, 42.26771581549615], [-70.86955147605565, 42.267416341696205], [-70.86865728860182, 42.26607051434723], [-70.86868680491368, 42.26497115996909], [-70.86942563380748, 42.26358084752171], [-70.86930216315814, 42.26312325650886], [-70.86856278421223, 42.26280182988345], [-70.86862179071328, 42.26003535408407], [-70.86899061845993, 42.25943472873696], [-70.86822032405598, 42.25948338687768], [-70.86880526578094, 42.258707825513845], [-70.86877301273253, 42.257402181320494], [-70.86806441768931, 42.257152945760524], [-70.86747917810791, 42.256441282107666], [-70.86677077809364, 42.256534162032736], [-70.86661660487259, 42.25634762014156], [-70.86661647083358, 42.25607695995706], [-70.86686247915685, 42.25586617831144], [-70.86815582415316, 42.25577257945723], [-70.86815628431548, 42.255574511050376], [-70.86750944214602, 42.25511684937356], [-70.8673857492219, 42.25436214766726], [-70.86692315691221, 42.254360723273756], [-70.866738547315, 42.25481380547669], [-70.86596927397375, 42.255087534576454], [-70.8658469966169, 42.2565583240266], [-70.86643328934248, 42.25731445530294], [-70.8664638534861, 42.25781824171381], [-70.86637198877052, 42.25818011447743], [-70.86563368174129, 42.258912613851315], [-70.86504824783609, 42.25895833295828], [-70.86446285943387, 42.25811216761589], [-70.86424786051788, 42.25845816416611], [-70.86276992443196, 42.25863510021527], [-70.86203091401467, 42.25832319875094], [-70.86178346413296, 42.257038863878996], [-70.86150521667729, 42.25655676961452], [-70.86165800348081, 42.25381557278216], [-70.86150370569867, 42.253079825858066], [-70.86162583303658, 42.252140792336384], [-70.8614720877587, 42.25200826503357], [-70.86085518415673, 42.251819703301905], [-70.86110260687985, 42.25246424913561], [-70.86082719259183, 42.25459479450867], [-70.8611045306585, 42.254977850071086], [-70.86107399224097, 42.2553209283137], [-70.86021151870371, 42.25630760629862], [-70.85922708117721, 42.25667462516788], [-70.85922728984563, 42.25697229560959], [-70.86089005841812, 42.257035582495654], [-70.86082898569451, 42.25727045185435], [-70.85993611167939, 42.25811403211228], [-70.85959761106906, 42.25825450816263], [-70.85808872594734, 42.25825170953531], [-70.85624081524266, 42.25747102487216], [-70.85550176161254, 42.25772628439882], [-70.85470136344077, 42.257775245525586], [-70.85288608923459, 42.25892194439506], [-70.85039114142606, 42.25891685938364], [-70.84989801469531, 42.25851061101199], [-70.84897506537, 42.25859766480664], [-70.84842079945041, 42.25830022755974], [-70.84817364620784, 42.25839448413083], [-70.84723032143418, 42.2595584202641], [-70.84648133693796, 42.25946694097054], [-70.84564984460167, 42.25999339634614], [-70.84555544475768, 42.26036874339263], [-70.84717701200056, 42.2598985519771], [-70.84826660467924, 42.25905956309745], [-70.84876263470586, 42.258961653842604], [-70.85377898664385, 42.25994321266792], [-70.85451856328284, 42.261498741077524], [-70.85374917420222, 42.26123219450208], [-70.85193212277477, 42.26150442980526], [-70.85138311609587, 42.26189184492978], [-70.85282591508808, 42.26166140026333], [-70.85451915616144, 42.26216554573279], [-70.85473543946702, 42.262369333861336], [-70.855258803176, 42.26209936346602], [-70.85602658139359, 42.259600775311206], [-70.85673469220579, 42.25935490497042], [-70.8569510177337, 42.25942364088582], [-70.85728975959105, 42.25989539334035], [-70.85762811108027, 42.25982694903168], [-70.85833564234697, 42.259076884955505], [-70.85858236379902, 42.259117652574645], [-70.8583368082935, 42.260382921830264], [-70.8598459118091, 42.260331698792974], [-70.85996847626991, 42.259896851111556], [-70.86086086684041, 42.25964804354078], [-70.86240052324658, 42.25955081557996], [-70.86366309985274, 42.25911609906215], [-70.86400186246908, 42.259137670520175], [-70.86387879554601, 42.25943690860506], [-70.86508034760915, 42.259666951385434], [-70.86562295921627, 42.25994567410507], [-70.86514271043328, 42.2603982450769], [-70.86370045298736, 42.26082748067381], [-70.86631280128229, 42.26078453173968], [-70.86692849168148, 42.26099106299422], [-70.86692854394337, 42.261270162978725], [-70.8665285111781, 42.26165509504492], [-70.86680680172452, 42.26191153350023], [-70.86766896680359, 42.26199675075731], [-70.86792689584631, 42.2626621578058], [-70.86782405733241, 42.26298514462762], [-70.86686977936007, 42.263739533022566], [-70.86406757068853, 42.264704273294264], [-70.86415957285698, 42.2649726283089], [-70.86471439304596, 42.265360023631935], [-70.86493053815686, 42.265959932641266], [-70.86406868758294, 42.26625339441398], [-70.86403815709312, 42.26657790356422], [-70.86480839772558, 42.26682694131743], [-70.86477742056375, 42.26700739682113], [-70.86403847540856, 42.2670556380695], [-70.86336089552438, 42.266877446471625], [-70.86354546808036, 42.26620773049071], [-70.86317596882301, 42.26575439607265], [-70.86172781531128, 42.265777867276185], [-70.85991160873488, 42.266050796537726], [-70.8591407854734, 42.26522551676438], [-70.85889389444029, 42.26456296498943], [-70.8576622680829, 42.265069265558324], [-70.85680054018205, 42.26575881515593], [-70.85640096600815, 42.26635078862816], [-70.85609347908985, 42.267310720746075], [-70.8560936310802, 42.26802253813682], [-70.85677285753115, 42.26911967204884], [-70.85726524277176, 42.26948086915292], [-70.85760389027988, 42.26955647775298], [-70.85902029026562, 42.2692543441136], [-70.85972898708027, 42.269278554731805], [-70.85969802650793, 42.269549603729196], [-70.85945213030395, 42.26976037051898], [-70.85837414838731, 42.27030973815113], [-70.8584361921898, 42.27056104915298], [-70.86019240909604, 42.271721568747346], [-70.86120960444676, 42.27188534983921], [-70.86213301029133, 42.27178919628107], [-70.86361088713902, 42.27142263693396], [-70.86410416288994, 42.271153585165415], [-70.86407293103812, 42.27081185329183], [-70.86302516648784, 42.27005371653132], [-70.86302523758668, 42.269594553529785], [-70.86388716835988, 42.26916605188225], [-70.86567330477513, 42.2690470732763], [-70.86681239738037, 42.269253680740334], [-70.8681992925125, 42.27000577131745], [-70.86832313455453, 42.27078748005216], [-70.86733856467933, 42.27160529027127], [-70.86653868827257, 42.273915265127386], [-70.86466101913126, 42.27504492275842], [-70.86469191474733, 42.27526961079204], [-70.86530882275312, 42.27574625188582], [-70.86620305464643, 42.27686702291509], [-70.86721920251462, 42.27682310826996], [-70.86835892130901, 42.2765255242406], [-70.87446781514136, 42.27563388070801], [-70.88115036511992, 42.276595721568654], [-70.88247472951637, 42.27652857360266], [-70.88432358700508, 42.275840190497334], [-70.88527819787024, 42.27588806889172], [-70.8894052351769, 42.276648343872445], [-70.88937407967856, 42.276873820215094], [-70.88857376357683, 42.277382743280675], [-70.88761821682512, 42.27760554527079], [-70.88466123624814, 42.277312331032626], [-70.88342918554483, 42.27733273320825], [-70.88170356330178, 42.27769427497371], [-70.87862370049673, 42.277880225524434], [-70.87791461593169, 42.278405886532944], [-70.87745041653335, 42.28032329861701], [-70.87785102243129, 42.28083020961578], [-70.88142198292488, 42.28346435374323], [-70.88126613479571, 42.284989550657166], [-70.8813878984412, 42.286915194772305], [-70.8817263739624, 42.28735085672431], [-70.88246454487499, 42.2877352107305], [-70.883388924479, 42.28851275951106], [-70.88372601436913, 42.290417047076836], [-70.88430997121496, 42.291857305929554], [-70.88511043780075, 42.29244792303424], [-70.88698959651049, 42.29313714019438], [-70.88742035759714, 42.29359859816092]]], [[[-70.75159046187608, 42.24164457672873], [-70.75180599261031, 42.241461413129535], [-70.75300680328108, 42.24137075965864], [-70.75319191232722, 42.24113393812958], [-70.75346898796434, 42.24109353725645], [-70.75389996628097, 42.24123138954921], [-70.75393060338627, 42.24141109289906], [-70.75374524728272, 42.24162090395009], [-70.75159004810287, 42.242032280690424], [-70.75159046187608, 42.24164457672873]]], [[[-70.79290018888014, 42.25920068291087], [-70.79262377567491, 42.25871899291108], [-70.79314690578666, 42.25844029932347], [-70.79314702146243, 42.25826023439535], [-70.79268478065279, 42.25825851322323], [-70.79262333165538, 42.25809720098686], [-70.79323917601685, 42.25736666315204], [-70.79382480461574, 42.25706921920495], [-70.79382395361992, 42.25855588096936], [-70.79290018888014, 42.25920068291087]]], [[[-70.82378820276121, 42.269586295819344], [-70.82341835057531, 42.26940348999966], [-70.82372599807246, 42.268830783032755], [-70.82424924844828, 42.268624537934144], [-70.82471201956174, 42.26876118325615], [-70.82471110229163, 42.26922034291981], [-70.82446516885925, 42.26951262707543], [-70.82378820276121, 42.269586295819344]]], [[[-70.86893135974191, 42.365375244997466], [-70.86868477721386, 42.36514544020425], [-70.86865313532392, 42.364875738638375], [-70.86930014130205, 42.364460085283966], [-70.86976297946788, 42.36447950303998], [-70.8696097866742, 42.36532832337525], [-70.86893135974191, 42.365375244997466]]]]}}