{"type": "FeatureCollection", "features": [{"type": "Feature", "properties": {"district_name": "9th Congressional District", "chamber": "us-house", "vintage": "2001-2010", "lean_dem_share": 0.5352, "competitiveness": "Lean", "competitiveness_label": "Lean D", "party_favored": "Democratic", "url": "/district/us-house-9th-congressional-district-2001-2010/", "latest_year": 2010, "is_uncontested": false, "turnout_ratio": 1.0992, "winner_name": "Stephen F. Lynch", "winner_party": "Democratic", "winner_war": 0.0411, "winner_lean_component": 0.3566, "winner_tide_component": 0.0345, "winner_incumbency_adjustment": 0.035, "winner_demographics_component": null, "winner_fundraising_component": null}, "geometry": {"type": "MultiPolygon", "coordinates": [[[[-71.068221, 42.368733999999996], [-71.068924, 42.368089999999995], [-71.070262, 42.36863000000001], [-71.069795, 42.36909700000001], [-71.06741, 42.36909700000001], [-71.068221, 42.368733999999996]]], [[[-71.075795, 42.361596999999996], [-71.07157099999999, 42.36723399999999], [-71.070677, 42.368095], [-71.068573, 42.367037999999994], [-71.068311, 42.367127999999994], [-71.068248, 42.367367999999985], [-71.06735200000001, 42.367775999999985], [-71.06562199999999, 42.368244], [-71.065713, 42.368747], [-71.065612, 42.368793999999994], [-71.065134, 42.36845499999999], [-71.065173, 42.368779], [-71.064726, 42.36886799999998], [-71.06206, 42.36797000000001], [-71.062089, 42.368518999999985], [-71.0607, 42.368666], [-71.060486, 42.36825499999999], [-71.061028, 42.367719000000015], [-71.060875, 42.367307000000004], [-71.060428, 42.36711300000001], [-71.059051, 42.367778999999985], [-71.058525, 42.36695199999999], [-71.06066, 42.365865000000014], [-71.060441, 42.365822], [-71.058476, 42.363836000000006], [-71.058381, 42.363614999999996], [-71.058559, 42.363381], [-71.05786599999999, 42.362803], [-71.057709, 42.363543], [-71.05712400000002, 42.363438], [-71.05569899999999, 42.36265199999999], [-71.056658, 42.36201899999999], [-71.05547, 42.361184], [-71.056039, 42.36062099999997], [-71.053535, 42.360778999999994], [-71.053116, 42.360586999999995], [-71.052353, 42.35951800000001], [-71.048338, 42.360181000000004], [-71.047624, 42.36016899999999], [-71.050584, 42.35974299999999], [-71.050545, 42.359347], [-71.048388, 42.359570000000005], [-71.048341, 42.35932400000001], [-71.048495, 42.359297999999995], [-71.048682, 42.358741], [-71.049425, 42.358655999999996], [-71.049623, 42.358917999999996], [-71.050234, 42.35886699999999], [-71.050124, 42.358287999999995], [-71.049436, 42.35836299999999], [-71.04941099999999, 42.35787699999999], [-71.04968099999999, 42.357679000000005], [-71.04958599999999, 42.35727999999998], [-71.049131, 42.35735499999999], [-71.049415, 42.35679599999998], [-71.049849, 42.356685], [-71.04948499999999, 42.35657499999999], [-71.05040799999999, 42.354883], [-71.051763, 42.35295], [-71.051906, 42.353005], [-71.052249, 42.352576], [-71.052086, 42.35244800000001], [-71.052723, 42.35137200000002], [-71.055026, 42.352485], [-71.057475, 42.35336599999999], [-71.06048, 42.355499], [-71.062257, 42.35626799999999], [-71.063419, 42.355059999999966], [-71.064562, 42.352382999999996], [-71.067469, 42.352495], [-71.070655, 42.351853999999996], [-71.072511, 42.35545299999998], [-71.073021, 42.355309999999996], [-71.073302, 42.355812], [-71.07504899999999, 42.355325], [-71.075692, 42.356065], [-71.077095, 42.35869699999999], [-71.075795, 42.361596999999996]]], [[[-70.857331, 42.04622299999998], [-70.85415100000002, 42.04277099999998], [-70.851952, 42.042615], [-70.846391, 42.04262300000001], [-70.844839, 42.042856], [-70.84011300000002, 42.03287000000001], [-70.83457899999999, 42.02160500000001], [-70.83347599999999, 42.01971299999999], [-70.83762399999999, 42.018764999999995], [-70.845011, 42.01666600000002], [-70.846868, 42.01655], [-70.849003, 42.015722], [-70.85284899999999, 42.01579100000002], [-70.860001, 42.01635400000002], [-70.864492, 42.02111899999999], [-70.880185, 42.023900999999995], [-70.88304099999999, 42.024595], [-70.88301, 42.024403], [-70.884789, 42.024392], [-70.88641, 42.025324999999995], [-70.886951, 42.02546400000001], [-70.890614, 42.026326999999995], [-70.894375, 42.026663], [-70.89681999999999, 42.020126000000005], [-70.897656, 42.016467999999996], [-70.899462, 42.003412000000004], [-70.89908199999999, 41.998992], [-70.899283, 41.991828000000005], [-70.90128899999999, 41.98257400000002], [-70.911369, 41.98022900000001], [-70.911492, 41.97938699999998], [-70.91214, 41.978426], [-70.912172, 41.97775499999998], [-70.911656, 41.976845], [-70.909504, 41.97534000000002], [-70.90848199999999, 41.974281000000005], [-70.908312, 41.973662999999995], [-70.90862899999999, 41.97247300000001], [-70.908592, 41.971933], [-70.907625, 41.970968000000006], [-70.907118, 41.970107], [-70.90714200000001, 41.96758], [-70.90750899999999, 41.967115], [-70.908148, 41.96651899999999], [-70.908857, 41.966173999999974], [-70.90952, 41.965969], [-70.910578, 41.96594199999999], [-70.910799, 41.965795], [-70.91052599999999, 41.96512399999999], [-70.909902, 41.964530999999994], [-70.90999699999999, 41.963921], [-70.91253, 41.96301400000001], [-70.91301299999999, 41.96300599999999], [-70.91342399999999, 41.96323399999999], [-70.914086, 41.96291199999999], [-70.914684, 41.962190000000014], [-70.91472100000001, 41.96178499999999], [-70.914512, 41.96157599999998], [-70.913792, 41.961575], [-70.91352499999999, 41.961404], [-70.91350299999999, 41.96114299999999], [-70.913901, 41.96094299999999], [-70.915398, 41.960927], [-70.917171, 41.96168000000001], [-70.91982, 41.961911], [-70.920147, 41.96216200000001], [-70.919926, 41.962720000000004], [-70.920249, 41.962993], [-70.920594, 41.963028], [-70.92109099999999, 41.962862], [-70.921944, 41.96223099999999], [-70.92268299999999, 41.961003], [-70.922988, 41.95937700000001], [-70.92357299999999, 41.958934000000006], [-70.924512, 41.95891900000001], [-70.926115, 41.959697999999996], [-70.92939799999999, 41.960061999999986], [-70.931399, 41.95934799999999], [-70.932997, 41.95825399999999], [-70.933706, 41.957526], [-70.933964, 41.95703499999999], [-70.93414299999999, 41.956010000000006], [-70.934541, 41.954967], [-70.93586599999999, 41.95358099999999], [-70.93606799999999, 41.953109], [-70.936238, 41.95157900000002], [-70.936953, 41.949184999999986], [-70.936927, 41.948600000000006], [-70.936353, 41.947199999999995], [-70.936364, 41.945983999999996], [-70.93677600000001, 41.944950999999996], [-70.938012, 41.94299799999998], [-70.938392, 41.94127599999999], [-70.94025599999999, 41.938714], [-70.94248499999999, 41.937211999999995], [-70.942686, 41.93633500000001], [-70.94368399999999, 41.93471499999998], [-70.94508600000002, 41.933602], [-70.94569, 41.93287599999998], [-70.946409, 41.932449], [-70.94714499999999, 41.93254499999999], [-70.947757, 41.933615], [-70.948201, 41.933986], [-70.948891, 41.934257999999986], [-70.950262, 41.93440100000001], [-70.95205, 41.934208000000005], [-70.954428, 41.93446999999999], [-70.954962, 41.93440699999999], [-70.956222, 41.933876], [-70.956767, 41.93387100000001], [-70.959334, 41.93475099999999], [-70.96060899999999, 41.935765], [-70.963743, 41.93613400000002], [-70.965644, 41.93657], [-70.96674399999999, 41.937038], [-70.968672, 41.938454], [-70.97118499999999, 41.93892499999999], [-70.97351400000001, 41.93987099999999], [-70.973547, 41.93966399999998], [-70.973972, 41.93932799999998], [-70.975171, 41.93915799999999], [-70.976717, 41.939437000000005], [-70.979435, 41.94039000000003], [-70.980203, 41.94026400000001], [-70.982676, 41.93930799999998], [-70.98460899999999, 41.938378], [-70.98662399999999, 41.937937999999995], [-70.98722699999999, 41.937617], [-70.987554, 41.93699000000001], [-70.987472, 41.93559500000001], [-70.987822, 41.934522], [-70.989583, 41.932082], [-70.990053, 41.931718], [-70.990876, 41.93166300000001], [-70.99265799999999, 41.932375], [-70.995307, 41.932917999999994], [-70.996132, 41.933223999999996], [-70.997399, 41.934048000000004], [-70.99794399999999, 41.934102], [-70.998237, 41.933804], [-70.99874799999999, 41.93211200000002], [-70.998302, 41.93025999999998], [-70.998609, 41.92990800000001], [-70.99893399999999, 41.929853], [-70.99905199999999, 41.930049000000004], [-70.998671, 41.930600000000005], [-70.999039, 41.93068799999999], [-70.99931699999999, 41.930223999999995], [-70.99931699999999, 41.92989499999999], [-70.99981, 41.92942699999999], [-71.00738299999999, 41.937193], [-71.01000499999999, 41.939654999999995], [-71.01193700000002, 41.940992000000016], [-71.014785, 41.94264599999998], [-71.018475, 41.94450800000001], [-71.022536, 41.947747], [-71.024183, 41.94887899999999], [-71.027818, 41.95038599999999], [-71.04382300000002, 41.960093999999984], [-71.045988, 41.9607], [-71.047384, 41.96134000000001], [-71.048885, 41.962799999999994], [-71.04997999999999, 41.963426], [-71.050529, 41.96503500000001], [-71.055397, 41.98519999999999], [-71.068674, 41.987543999999986], [-71.078752, 41.99000800000002], [-71.08909, 41.99200000000002], [-71.088841, 41.99114799999998], [-71.10203, 41.993348], [-71.100886, 41.9946], [-71.105479, 41.995099], [-71.109642, 41.99511899999998], [-71.114308, 41.995830000000005], [-71.116114, 41.99593499999999], [-71.123483, 41.997668999999995], [-71.127757, 41.99811200000001], [-71.146698, 41.99871199999999], [-71.15688399999999, 42.001278000000006], [-71.15846300000001, 42.009336000000005], [-71.159263, 42.01543300000001], [-71.161659, 42.02603699999999], [-71.168505, 42.06123300000001], [-71.162803, 42.06343099999998], [-71.16239399999999, 42.064128], [-71.161824, 42.06435300000001], [-71.148701, 42.069118999999986], [-71.1472, 42.069832999999996], [-71.144393, 42.070599], [-71.13861899999999, 42.07281300000001], [-71.13902, 42.074831], [-71.13846199999999, 42.076560000000015], [-71.139001, 42.07715], [-71.13946899999999, 42.07829399999999], [-71.13941, 42.07976000000002], [-71.139592, 42.08127799999998], [-71.13941299999999, 42.082044], [-71.1388, 42.08311], [-71.138728, 42.08368600000001], [-71.13933999999999, 42.08452], [-71.139428, 42.08486999999999], [-71.13837, 42.086780000000005], [-71.13766, 42.08865000000001], [-71.13665999999999, 42.089649999999985], [-71.13581, 42.09082000000002], [-71.13526, 42.09255999999999], [-71.13377, 42.09579], [-71.13311999999999, 42.09681000000001], [-71.1324, 42.09893000000001], [-71.13139199999999, 42.100478], [-71.13114, 42.10198], [-71.13168, 42.10419], [-71.13176, 42.10628], [-71.13216, 42.10758999999998], [-71.13309, 42.109200000000016], [-71.13364, 42.11105], [-71.13403, 42.11165], [-71.13588, 42.11346], [-71.13662, 42.11538999999999], [-71.13875999999999, 42.119629999999994], [-71.13927000000001, 42.12028999999999], [-71.14059, 42.12142999999999], [-71.14614, 42.12535999999999], [-71.14743, 42.12665], [-71.148286, 42.12805600000001], [-71.14858, 42.12893999999999], [-71.148573, 42.130832999999996], [-71.149059, 42.132199000000014], [-71.14987099999999, 42.13357], [-71.15028, 42.13574], [-71.15023, 42.13644], [-71.14929599999999, 42.138502999999986], [-71.163324, 42.14141300000001], [-71.164266, 42.14430900000001], [-71.162971, 42.14539899999998], [-71.162715, 42.145811], [-71.164762, 42.146867], [-71.17084899999999, 42.150795], [-71.176622, 42.15512799999999], [-71.175575, 42.155696000000006], [-71.17727599999999, 42.162507000000005], [-71.177853, 42.16602299999998], [-71.179503, 42.165475], [-71.179786, 42.16622799999999], [-71.180391, 42.165415], [-71.18097999999999, 42.165404], [-71.181308, 42.165228000000006], [-71.18167, 42.16460999999999], [-71.182864, 42.163793], [-71.18459, 42.16225100000001], [-71.185648, 42.16193100000001], [-71.186554, 42.161195], [-71.188011, 42.16108599999998], [-71.18845, 42.160754000000004], [-71.187272, 42.15574499999998], [-71.18647399999999, 42.15330200000001], [-71.19322199999999, 42.150223], [-71.200152, 42.146639000000015], [-71.201409, 42.14644900000001], [-71.20620000000001, 42.144347], [-71.20997899999999, 42.142481999999994], [-71.210915, 42.142347], [-71.214252, 42.14080899999998], [-71.21462799999999, 42.140235999999994], [-71.216374, 42.139399], [-71.220086, 42.13805999999997], [-71.22439, 42.13626], [-71.22427400000001, 42.13619500000001], [-71.225651, 42.13556300000001], [-71.22583999999999, 42.13570499999999], [-71.226097, 42.135514], [-71.226863, 42.135901000000004], [-71.227375, 42.135042000000006], [-71.227796, 42.134654000000005], [-71.229953, 42.133257], [-71.23088899999999, 42.131935999999996], [-71.231945, 42.13150699999999], [-71.232201, 42.13059399999999], [-71.233475, 42.128569], [-71.233307, 42.125958999999995], [-71.23263399999999, 42.125159999999994], [-71.232639, 42.12491000000001], [-71.23228700000001, 42.12480199999999], [-71.23106, 42.12341], [-71.23302699999999, 42.123135999999995], [-71.233261, 42.12348399999999], [-71.23627100000002, 42.12228500000001], [-71.23778, 42.122420000000005], [-71.237842, 42.122214000000014], [-71.23767, 42.121998000000005], [-71.238112, 42.12140499999999], [-71.238818, 42.12128299999999], [-71.239187, 42.12096100000002], [-71.240093, 42.12078099999999], [-71.239403, 42.120061], [-71.23900400000001, 42.119078], [-71.239081, 42.11867600000001], [-71.238912, 42.11845799999998], [-71.238944, 42.118114999999996], [-71.238621, 42.117784], [-71.238914, 42.11703099999998], [-71.239175, 42.116823], [-71.239329, 42.115969], [-71.23919099999999, 42.115134], [-71.238547, 42.114161], [-71.238241, 42.113018], [-71.23874400000001, 42.112457000000006], [-71.23857799999999, 42.109525], [-71.238821, 42.10627399999999], [-71.244281, 42.10598], [-71.244434, 42.106394], [-71.245716, 42.10640499999999], [-71.251609, 42.105911], [-71.253672, 42.10535000000002], [-71.257459, 42.10376899999998], [-71.261651, 42.10228199999999], [-71.26245999999999, 42.10265], [-71.263452, 42.10184], [-71.264301, 42.101434000000005], [-71.271514, 42.098898000000005], [-71.280023, 42.08920299999999], [-71.288033, 42.103422], [-71.288291, 42.10289], [-71.288909, 42.10403499999998], [-71.2886, 42.10401], [-71.28846399999999, 42.104185], [-71.295957, 42.117457], [-71.296894, 42.118486], [-71.29668099999999, 42.118977], [-71.297021, 42.11932099999999], [-71.296737, 42.11986499999999], [-71.29716599999999, 42.121091], [-71.29988999999999, 42.12606], [-71.29894, 42.1265], [-71.29929, 42.12688], [-71.29966999999999, 42.12778000000001], [-71.29968, 42.130599999999994], [-71.30045, 42.13176999999999], [-71.30108, 42.134966], [-71.30095600000001, 42.137823], [-71.30060600000002, 42.137923000000015], [-71.300585, 42.138315], [-71.30021900000001, 42.138629], [-71.299778, 42.13848000000001], [-71.299076, 42.138841], [-71.299007, 42.139283], [-71.299194, 42.13952699999999], [-71.29898899999999, 42.140184], [-71.299671, 42.141048999999995], [-71.29933299999999, 42.14143399999999], [-71.299437, 42.141845999999994], [-71.300021, 42.14217199999998], [-71.300296, 42.142886999999995], [-71.300189, 42.143312], [-71.299736, 42.143834999999996], [-71.300337, 42.144471], [-71.300327, 42.144808999999995], [-71.300527, 42.14507100000001], [-71.300073, 42.145764], [-71.300454, 42.146373], [-71.300252, 42.146584], [-71.30031799999999, 42.146948], [-71.300005, 42.14724699999999], [-71.300248, 42.14746300000001], [-71.300853, 42.147532], [-71.30070599999999, 42.14810599999999], [-71.30108899999999, 42.148278999999995], [-71.301847, 42.148236999999995], [-71.30183699999999, 42.148588], [-71.302133, 42.14883], [-71.30217999999999, 42.149090000000015], [-71.30260299999999, 42.14897799999999], [-71.30268099999999, 42.148585], [-71.30294099999999, 42.148524999999985], [-71.30342900000001, 42.14875], [-71.303735, 42.14941], [-71.30467, 42.14944200000002], [-71.309215, 42.14932], [-71.31345999999999, 42.149519999999974], [-71.322734, 42.14930600000002], [-71.339638, 42.14941599999998], [-71.338849, 42.15108], [-71.336383, 42.152509999999985], [-71.336231, 42.152688999999995], [-71.336214, 42.15316000000001], [-71.335014, 42.15338800000001], [-71.334093, 42.15394799999999], [-71.33381899999999, 42.154591], [-71.333883, 42.155477], [-71.334148, 42.15630600000001], [-71.333974, 42.15666900000002], [-71.332773, 42.15768800000001], [-71.331696, 42.157574999999994], [-71.33140999999999, 42.15778399999999], [-71.33151, 42.15804199999998], [-71.332561, 42.158373999999995], [-71.33301600000001, 42.158957999999984], [-71.333073, 42.159378999999994], [-71.332365, 42.160492000000005], [-71.33197899999999, 42.160382], [-71.33167, 42.159836999999996], [-71.33095, 42.15988100000001], [-71.330675, 42.16020899999998], [-71.330816, 42.16067199999999], [-71.33173699999999, 42.160855000000005], [-71.331947, 42.161080000000005], [-71.331777, 42.16130699999999], [-71.331028, 42.16142700000001], [-71.33084699999999, 42.16170100000001], [-71.332167, 42.161865], [-71.332381, 42.16204299999999], [-71.331391, 42.162839000000005], [-71.33086999999999, 42.164039], [-71.331178, 42.164337999999994], [-71.332285, 42.163717], [-71.332684, 42.16376400000001], [-71.332593, 42.164632000000005], [-71.33297100000001, 42.16538999999997], [-71.332426, 42.16592399999998], [-71.33243999999999, 42.166101], [-71.332616, 42.166205000000005], [-71.333471, 42.16604499999999], [-71.333849, 42.16664999999999], [-71.33336299999999, 42.16720900000001], [-71.331822, 42.16762699999999], [-71.331154, 42.168257], [-71.33128400000001, 42.16851700000002], [-71.33163400000001, 42.16863199999999], [-71.33253599999999, 42.168313], [-71.332854, 42.16834399999998], [-71.332864, 42.16854099999998], [-71.332082, 42.169225], [-71.333002, 42.169435], [-71.333151, 42.169785999999995], [-71.332359, 42.170171999999994], [-71.33197400000002, 42.17070199999998], [-71.331481, 42.17098800000001], [-71.330291, 42.17102200000001], [-71.329042, 42.17163600000001], [-71.328261, 42.172509], [-71.327844, 42.172745999999975], [-71.326562, 42.17252099999999], [-71.325871, 42.17307799999999], [-71.325273, 42.17216600000001], [-71.32447700000002, 42.172445999999994], [-71.324325, 42.17236500000001], [-71.324309, 42.17197699999999], [-71.324024, 42.171897], [-71.323751, 42.172069999999984], [-71.323871, 42.172959], [-71.322873, 42.17252600000001], [-71.322587, 42.17254700000001], [-71.323212, 42.17323899999999], [-71.32320399999999, 42.17345000000001], [-71.322977, 42.17363100000001], [-71.32229699999999, 42.17378999999996], [-71.32031599999999, 42.173488000000006], [-71.320038, 42.173668000000006], [-71.319813, 42.174279], [-71.319069, 42.173870999999984], [-71.318773, 42.17415800000001], [-71.31876199999999, 42.174476999999996], [-71.31928599999999, 42.175939000000014], [-71.318184, 42.17777499999999], [-71.318175, 42.17813], [-71.318497, 42.17848000000001], [-71.319456, 42.178885999999984], [-71.319919, 42.178808999999994], [-71.32012999999999, 42.178461000000006], [-71.320657, 42.178362], [-71.320848, 42.17859399999999], [-71.32041699999999, 42.179483000000005], [-71.320135, 42.179713], [-71.32023099999999, 42.18000800000002], [-71.321482, 42.18022999999999], [-71.322519, 42.18116200000001], [-71.3232, 42.18147700000001], [-71.324288, 42.181403], [-71.325332, 42.18165599999999], [-71.325874, 42.18240399999999], [-71.32646199999999, 42.182705], [-71.32630999999999, 42.18363399999999], [-71.325958, 42.183927], [-71.32601799999999, 42.184167], [-71.327563, 42.18420800000001], [-71.327782, 42.184435000000015], [-71.327624, 42.18475699999999], [-71.32781400000002, 42.185035], [-71.328823, 42.18495299999999], [-71.329551, 42.18508600000002], [-71.329565, 42.185419], [-71.32847, 42.18616799999999], [-71.32845, 42.186443000000004], [-71.32879, 42.186679], [-71.330485, 42.186947], [-71.330634, 42.187804], [-71.331895, 42.18873000000001], [-71.33295199999999, 42.18895399999999], [-71.33458399999999, 42.188585], [-71.335207, 42.18867100000001], [-71.33559199999999, 42.189695], [-71.335656, 42.191002], [-71.33582299999999, 42.191167999999976], [-71.3368, 42.191353], [-71.338155, 42.191296], [-71.338602, 42.19109799999998], [-71.33894900000001, 42.190598000000016], [-71.33925200000002, 42.190687], [-71.339167, 42.19170200000001], [-71.33949, 42.19288499999998], [-71.339309, 42.193393], [-71.339919, 42.19388199999999], [-71.33911499999999, 42.19403399999999], [-71.338897, 42.194369999999985], [-71.339248, 42.194592], [-71.340082, 42.194474], [-71.340324, 42.194691999999996], [-71.340345, 42.194939], [-71.340003, 42.19530100000001], [-71.338898, 42.195268999999996], [-71.33850199999999, 42.19540299999999], [-71.33824299999999, 42.195704000000006], [-71.33828299999999, 42.196034], [-71.33929599999999, 42.19648999999998], [-71.339271, 42.19703300000001], [-71.339945, 42.197157], [-71.339974, 42.19764399999998], [-71.340222, 42.19798200000001], [-71.340789, 42.19795199999999], [-71.341595, 42.198267], [-71.342714, 42.19828999999999], [-71.342699, 42.198941], [-71.342339, 42.199371], [-71.34277399999999, 42.19976999999999], [-71.343226, 42.19989599999999], [-71.343522, 42.19979299999999], [-71.34376999999999, 42.19878900000002], [-71.34397799999999, 42.198561], [-71.344259, 42.19852799999999], [-71.344746, 42.198794], [-71.345004, 42.199356000000016], [-71.344235, 42.20042200000001], [-71.344106, 42.20112], [-71.34429899999999, 42.20138600000001], [-71.345563, 42.20204700000001], [-71.346239, 42.202647000000006], [-71.346847, 42.20371399999999], [-71.34653000000002, 42.20417500000001], [-71.346549, 42.20473899999998], [-71.346792, 42.20484699999999], [-71.34803099999999, 42.204682999999996], [-71.34958999999999, 42.205185], [-71.351029, 42.206139999999984], [-71.35199000000001, 42.20724499999999], [-71.35203299999999, 42.207770000000004], [-71.351434, 42.208997999999994], [-71.351657, 42.209832999999996], [-71.351591, 42.211044], [-71.35091899999999, 42.21260700000001], [-71.35027, 42.213636], [-71.349023, 42.21454299999999], [-71.347194, 42.215470999999994], [-71.34664599999999, 42.215604], [-71.341388, 42.214318999999996], [-71.340171, 42.21384899999999], [-71.339553, 42.21402299999998], [-71.338538, 42.215029], [-71.270434, 42.215539], [-71.269432, 42.213665000000006], [-71.269024, 42.21218799999999], [-71.267879, 42.209433000000004], [-71.269448, 42.20060200000001], [-71.26746, 42.20103900000001], [-71.263548, 42.203476], [-71.26088, 42.2042], [-71.25977, 42.20419], [-71.257061, 42.203758], [-71.25393, 42.20269299999998], [-71.251263, 42.202506000000014], [-71.251368, 42.202596000000014], [-71.250325, 42.205487000000005], [-71.246877, 42.214443], [-71.246093, 42.21600600000001], [-71.240278, 42.232642], [-71.24090699999999, 42.235535000000006], [-71.24083499999999, 42.23594600000002], [-71.239845, 42.236734999999996], [-71.239235, 42.23645500000001], [-71.238407, 42.238431999999996], [-71.236212, 42.244884000000006], [-71.231882, 42.256623999999995], [-71.232404, 42.25847699999999], [-71.23319099999999, 42.258392], [-71.236122, 42.259817999999996], [-71.236772, 42.259947999999994], [-71.238829, 42.25990300000001], [-71.240214, 42.259371], [-71.24422899999999, 42.25938399999998], [-71.245672, 42.25924700000002], [-71.246582, 42.258727], [-71.247286, 42.258005], [-71.24807299999999, 42.256482999999996], [-71.248868, 42.255737999999994], [-71.24927199999999, 42.25565599999999], [-71.25056099999999, 42.25592399999999], [-71.252686, 42.255173000000006], [-71.254751, 42.25536099999999], [-71.25656, 42.255013999999996], [-71.25729799999999, 42.255182000000005], [-71.259684, 42.256525], [-71.262216, 42.257704], [-71.26262299999999, 42.257991000000004], [-71.262959, 42.25850500000001], [-71.262998, 42.259002], [-71.263533, 42.2595], [-71.264444, 42.259452], [-71.265811, 42.259989], [-71.266074, 42.25979500000001], [-71.266179, 42.259160000000016], [-71.265855, 42.25852600000001], [-71.26504899999999, 42.257857], [-71.265155, 42.257066], [-71.264853, 42.25680000000002], [-71.26498099999999, 42.25617500000001], [-71.264747, 42.25539], [-71.264911, 42.25470100000001], [-71.265596, 42.254304999999995], [-71.26702, 42.254915999999994], [-71.267937, 42.25601], [-71.270015, 42.257239000000006], [-71.271196, 42.25827599999999], [-71.27149299999999, 42.25918000000001], [-71.27113, 42.260021], [-71.270867, 42.260176999999985], [-71.270663, 42.26086799999998], [-71.270848, 42.261563], [-71.271355, 42.262138], [-71.272271, 42.26218000000001], [-71.275127, 42.26161300000001], [-71.27514099999999, 42.261124], [-71.275899, 42.260802999999974], [-71.276569, 42.26102899999999], [-71.27672299999999, 42.26135000000001], [-71.277435, 42.26044000000001], [-71.27803999999999, 42.260104000000005], [-71.278088, 42.2595], [-71.27820299999999, 42.259416], [-71.278243, 42.26011200000001], [-71.27933999999999, 42.26007399999999], [-71.279951, 42.260242], [-71.28077499999999, 42.26087799999999], [-71.28410500000001, 42.26260399999998], [-71.284724, 42.263264], [-71.28469299999999, 42.26376100000001], [-71.284958, 42.26422200000001], [-71.2847, 42.264514999999996], [-71.284773, 42.264790999999995], [-71.285814, 42.265674999999995], [-71.286545, 42.266083], [-71.287134, 42.26602400000001], [-71.287425, 42.265229000000005], [-71.28800199999999, 42.26534100000003], [-71.28891399999999, 42.265896], [-71.290285, 42.26632399999999], [-71.29110399999999, 42.267087999999994], [-71.291748, 42.26720100000001], [-71.293517, 42.26642799999998], [-71.294401, 42.265307], [-71.294735, 42.26504999999999], [-71.29514600000002, 42.26501400000001], [-71.29540399999999, 42.26520599999999], [-71.295378, 42.26566299999999], [-71.29575899999999, 42.26626699999999], [-71.296205, 42.266130999999994], [-71.296657, 42.26650299999998], [-71.29722199999999, 42.26658599999999], [-71.297704, 42.26687599999999], [-71.29880299999999, 42.266797999999994], [-71.300885, 42.26704300000002], [-71.301193, 42.267403], [-71.30094199999999, 42.267615], [-71.30052400000001, 42.26762699999999], [-71.300207, 42.267936999999996], [-71.299936, 42.268471], [-71.29986199999999, 42.26932099999999], [-71.299644, 42.26933599999999], [-71.29946799999999, 42.26974800000001], [-71.299247, 42.269663], [-71.298882, 42.270363999999994], [-71.298987, 42.270478000000004], [-71.299478, 42.269991], [-71.299632, 42.27018599999999], [-71.299492, 42.270773000000005], [-71.298391, 42.271342], [-71.29765499999999, 42.27241000000001], [-71.29679600000001, 42.27264199999999], [-71.294951, 42.272443], [-71.29478999999999, 42.27265499999999], [-71.29482399999999, 42.27301500000001], [-71.290131, 42.27598999999999], [-71.279585, 42.283583000000014], [-71.262503, 42.29539200000001], [-71.25541, 42.300631999999986], [-71.25151199999999, 42.303765999999996], [-71.2488, 42.30516], [-71.245868, 42.307452000000005], [-71.24244999999999, 42.30956399999999], [-71.239991, 42.310454], [-71.239678, 42.31070099999997], [-71.23933, 42.311881], [-71.238571, 42.31232], [-71.237665, 42.31324], [-71.23442, 42.315279999999994], [-71.23358999999999, 42.315263], [-71.23346000000001, 42.31589699999999], [-71.233682, 42.316623], [-71.231364, 42.31616899999999], [-71.229762, 42.316613000000004], [-71.229207, 42.316557], [-71.228915, 42.31636], [-71.229131, 42.316188999999994], [-71.227567, 42.31525599999999], [-71.227145, 42.314748000000016], [-71.226376, 42.314218], [-71.22654299999999, 42.313181], [-71.227124, 42.312589], [-71.22698299999999, 42.31141600000001], [-71.226411, 42.310255], [-71.227121, 42.309378], [-71.22721899999999, 42.30892499999999], [-71.22667299999999, 42.308312], [-71.22534499999999, 42.307979], [-71.22369499999999, 42.307233], [-71.222495, 42.307134999999995], [-71.22102500000001, 42.306473999999994], [-71.218426, 42.306852999999975], [-71.216354, 42.30648599999999], [-71.214167, 42.30641099999999], [-71.213183, 42.30622399999999], [-71.212057, 42.304814], [-71.21108199999999, 42.302721], [-71.211759, 42.30078400000001], [-71.211603, 42.29994099999998], [-71.211007, 42.299296999999996], [-71.208029, 42.29740500000001], [-71.20723699999999, 42.29663800000001], [-71.206924, 42.29552], [-71.206096, 42.294036000000006], [-71.20548099999999, 42.291904], [-71.20539099999999, 42.290300999999985], [-71.20509899999999, 42.289662000000014], [-71.20386599999999, 42.28887400000001], [-71.202704, 42.288609], [-71.201313, 42.28860799999999], [-71.200208, 42.287753], [-71.196518, 42.28659599999998], [-71.196133, 42.28672999999999], [-71.196009, 42.287520000000015], [-71.19552999999999, 42.28788499999999], [-71.195453, 42.288184], [-71.19482099999999, 42.288492999999995], [-71.194187, 42.28847099999999], [-71.19276099999999, 42.287810000000015], [-71.192256, 42.28742600000001], [-71.191012, 42.285893], [-71.19095700000001, 42.285329000000004], [-71.191222, 42.28362299999999], [-71.191113, 42.28277399999999], [-71.178398, 42.29449699999999], [-71.17059499999999, 42.299799], [-71.16599699999999, 42.30249699999999], [-71.16469700000002, 42.30369700000002], [-71.16150999999999, 42.30149399999999], [-71.15683899999999, 42.298058000000005], [-71.156802, 42.29789600000001], [-71.153196, 42.295498], [-71.15219499999999, 42.294597], [-71.15099599999999, 42.29499699999999], [-71.14831, 42.29639000000001], [-71.140096, 42.30217300000001], [-71.13650200000001, 42.306204], [-71.13079499999999, 42.31449699999999], [-71.126999, 42.318615], [-71.125311, 42.318794999999994], [-71.123835, 42.319374999999994], [-71.12388899999999, 42.31850000000001], [-71.1232, 42.31592700000001], [-71.123265, 42.31478700000001], [-71.123059, 42.31443300000001], [-71.12239, 42.31392300000001], [-71.121782, 42.31384], [-71.12247599999999, 42.31293], [-71.122275, 42.31272599999999], [-71.121905, 42.31290699999999], [-71.122225, 42.31244000000001], [-71.122255, 42.311884], [-71.121869, 42.310294], [-71.121492, 42.309657000000016], [-71.120042, 42.30829400000001], [-71.119441, 42.30725499999999], [-71.119376, 42.306428000000004], [-71.119888, 42.30510899999998], [-71.11972399999999, 42.304278], [-71.119208, 42.30354400000001], [-71.118376, 42.30292799999999], [-71.117543, 42.302619], [-71.115582, 42.302270000000014], [-71.11394899999999, 42.301579], [-71.114588, 42.30100199999998], [-71.114671, 42.30055999999999], [-71.11407799999999, 42.300055], [-71.113545, 42.29994], [-71.114085, 42.299115], [-71.11184, 42.29750799999999], [-71.11287, 42.29666199999999], [-71.11207499999999, 42.29617800000002], [-71.111586, 42.296538], [-71.109815, 42.29816599999999], [-71.110075, 42.29851000000001], [-71.109596, 42.29909800000001], [-71.108496, 42.298998000000005], [-71.107529, 42.29861299999998], [-71.107362, 42.29837499999999], [-71.106047, 42.29848799999999], [-71.1057, 42.298640999999996], [-71.105464, 42.29897899999999], [-71.105712, 42.300163999999995], [-71.10427, 42.300229], [-71.103291, 42.299806], [-71.096402, 42.293234999999996], [-71.099582, 42.292995999999995], [-71.10173999999999, 42.293168], [-71.105666, 42.289744999999996], [-71.107089, 42.289234000000015], [-71.10976300000002, 42.28763900000001], [-71.110635, 42.286901999999984], [-71.112583, 42.28650100000001], [-71.118686, 42.28640900000001], [-71.11881699999999, 42.285501], [-71.11954899999999, 42.28551100000002], [-71.11963399999999, 42.281482], [-71.119843, 42.279542000000006], [-71.12391, 42.26055100000001], [-71.124708, 42.25722699999999], [-71.12530699999999, 42.255653], [-71.12413099999999, 42.255818999999995], [-71.123933, 42.25657199999999], [-71.122328, 42.25673899999999], [-71.122207, 42.256024000000004], [-71.12125999999999, 42.255869], [-71.120277, 42.255021], [-71.11937, 42.253657], [-71.11698, 42.255825], [-71.112938, 42.258641000000004], [-71.113277, 42.258911999999995], [-71.11173699999999, 42.26046900000001], [-71.11117899999999, 42.26080799999999], [-71.110224, 42.26116299999998], [-71.109284, 42.261278999999995], [-71.107461, 42.26065199999999], [-71.105547, 42.26085699999999], [-71.105076, 42.260679], [-71.10396399999999, 42.259791], [-71.103004, 42.259785], [-71.100298, 42.26123000000001], [-71.09888, 42.262494], [-71.097425, 42.263039], [-71.096571, 42.264511000000006], [-71.095256, 42.265786], [-71.094334, 42.26696999999999], [-71.09356, 42.26709599999999], [-71.092553, 42.26668999999998], [-71.090424, 42.266466000000015], [-71.08986399999999, 42.267728000000005], [-71.090201, 42.268417000000014], [-71.09022999999999, 42.269141000000005], [-71.089704, 42.26962799999999], [-71.088672, 42.269733], [-71.085948, 42.26929199999999], [-71.08551899999999, 42.269007999999985], [-71.082968, 42.268496000000006], [-71.082323, 42.268744999999996], [-71.080809, 42.26897400000001], [-71.07976, 42.269529999999996], [-71.076972, 42.269973000000014], [-71.07592199999999, 42.27033199999998], [-71.074894, 42.270303], [-71.075006, 42.27138000000001], [-71.077235, 42.27154300000001], [-71.077191, 42.272572999999994], [-71.077615, 42.273782], [-71.07900300000001, 42.273409], [-71.079127, 42.27372899999998], [-71.07889399999999, 42.27410100000001], [-71.078968, 42.274747], [-71.078163, 42.275160000000014], [-71.078447, 42.275739999999985], [-71.07725099999999, 42.27721700000001], [-71.073238, 42.275599], [-71.072199, 42.275000999999996], [-71.072047, 42.276081000000005], [-71.072774, 42.278073], [-71.074728, 42.278133000000004], [-71.07573599999999, 42.281037999999995], [-71.071264, 42.28200899999999], [-71.064787, 42.28399900000001], [-71.061669, 42.295069999999996], [-71.059685, 42.295437], [-71.056457, 42.29637], [-71.05681899999999, 42.297917], [-71.05904199999999, 42.300333], [-71.05754499999999, 42.300427], [-71.05628399999999, 42.301004000000006], [-71.056017, 42.301272999999995], [-71.05631699999999, 42.30225799999998], [-71.05632899999999, 42.302938], [-71.058149, 42.30221099999999], [-71.05785999999999, 42.301670999999985], [-71.059613, 42.301245], [-71.05979599999999, 42.301537999999994], [-71.05720699999999, 42.31296000000001], [-71.058881, 42.31277100000001], [-71.05937899999999, 42.31103899999998], [-71.061019, 42.311449], [-71.06201899999999, 42.31196099999999], [-71.06239099999999, 42.312229], [-71.062113, 42.31259699999999], [-71.063515, 42.313227], [-71.063259, 42.31368799999999], [-71.062372, 42.313331999999996], [-71.060885, 42.31512600000001], [-71.060018, 42.31473799999998], [-71.05883399999999, 42.3186], [-71.059596, 42.31886899999999], [-71.05988099999999, 42.31797200000001], [-71.061674, 42.31838], [-71.060846, 42.319911000000005], [-71.061481, 42.32050000000001], [-71.061865, 42.32047699999999], [-71.063332, 42.321014], [-71.065383, 42.321234000000025], [-71.06594, 42.32149900000002], [-71.06750699999999, 42.32329699999998], [-71.066934, 42.325151], [-71.066431, 42.326256], [-71.06058399999999, 42.335446], [-71.060042, 42.33656399999998], [-71.059697, 42.336801], [-71.060001, 42.340054999999985], [-71.059952, 42.342320000000015], [-71.059685, 42.34321], [-71.058455, 42.34520699999999], [-71.057132, 42.34561299999998], [-71.05475, 42.345777], [-71.049312, 42.353151], [-71.048118, 42.354514], [-71.045993, 42.35513799999999], [-71.045003, 42.355056], [-71.04370999999999, 42.35466500000001], [-71.04431799999999, 42.35341599999999], [-71.043381, 42.35299999999998], [-71.04308, 42.353334000000004], [-71.042352, 42.353001], [-71.041574, 42.35400999999999], [-71.041032, 42.35375799999999], [-71.04294999999999, 42.351138999999996], [-71.04254, 42.350931], [-71.04270199999999, 42.35072500000002], [-71.04216699999999, 42.35048200000002], [-71.040072, 42.35337000000001], [-71.038648, 42.352773999999975], [-71.04086699999999, 42.349920000000004], [-71.039915, 42.349522999999984], [-71.037757, 42.352411999999994], [-71.03680500000002, 42.35197399999999], [-71.03880099999999, 42.34934900000001], [-71.03754599999999, 42.34870999999999], [-71.037184, 42.34892300000001], [-71.03720200000001, 42.349143], [-71.036844, 42.34920400000002], [-71.036035, 42.350285], [-71.03582899999999, 42.350184999999975], [-71.03626799999999, 42.34944799999999], [-71.035842, 42.34926200000001], [-71.034319, 42.351243], [-71.033906, 42.351062], [-71.035356, 42.349148], [-71.035068, 42.349108999999984], [-71.033631, 42.350958000000006], [-71.033173, 42.350768], [-71.03477699999999, 42.34867299999999], [-71.03411, 42.34836999999999], [-71.032933, 42.34962899999999], [-71.03264500000002, 42.349495000000005], [-71.033783, 42.348214], [-71.033011, 42.347867000000015], [-71.031189, 42.349264000000005], [-71.03096699999999, 42.349137000000006], [-71.03272299999999, 42.347773], [-71.03195099999999, 42.347426999999996], [-71.029521, 42.34939699999999], [-71.0293, 42.349261000000006], [-71.031702, 42.34732299999999], [-71.03070799999999, 42.346859], [-71.029212, 42.34810499999999], [-71.029015, 42.34797799999999], [-71.030389, 42.346814999999985], [-71.029082, 42.346702999999984], [-71.02654199999999, 42.34829199999999], [-71.023276, 42.346940999999994], [-71.023243, 42.345703000000015], [-71.030633, 42.34552700000001], [-71.030973, 42.34529600000001], [-71.030632, 42.345185000000015], [-71.026579, 42.345284], [-71.026557, 42.345041], [-71.0254, 42.345065999999974], [-71.025397, 42.34491299999999], [-71.025807, 42.34491500000001], [-71.025748, 42.34472199999999], [-71.025481, 42.34472699999999], [-71.025465, 42.344462], [-71.02196599999999, 42.344514], [-71.021937, 42.34353799999998], [-71.037748, 42.343208], [-71.038449, 42.34367700000001], [-71.038712, 42.34367700000001], [-71.03871300000002, 42.342817], [-71.040792, 42.34060100000001], [-71.040886, 42.340257], [-71.041906, 42.33957199999999], [-71.041046, 42.338944], [-71.040843, 42.33943400000002], [-71.040426, 42.33955800000001], [-71.04013499999999, 42.339167], [-71.039999, 42.33843600000001], [-71.039917, 42.339905], [-71.03941, 42.34017100000002], [-71.03906599999999, 42.34160000000001], [-71.035268, 42.34168499999999], [-71.03521599999999, 42.340664000000004], [-71.034711, 42.340664000000004], [-71.03470999999999, 42.340447999999995], [-71.033801, 42.34044099999999], [-71.03380299999999, 42.341485999999996], [-71.030414, 42.34165400000001], [-71.030372, 42.340246], [-71.029517, 42.34024699999999], [-71.029502, 42.34138199999999], [-71.029285, 42.341759999999994], [-71.027835, 42.341731], [-71.02765099999999, 42.34145999999996], [-71.02689699999999, 42.341271], [-71.026527, 42.341327], [-71.02617, 42.341648000000006], [-71.025125, 42.34150899999998], [-71.025126, 42.341833], [-71.014209, 42.34201200000003], [-71.010757, 42.33979899999999], [-71.010992, 42.339642], [-71.010669, 42.339319], [-71.010115, 42.339216], [-71.00957799999999, 42.338505000000005], [-71.00929099999999, 42.33722200000001], [-71.009463, 42.336755], [-71.010853, 42.336303000000015], [-71.011425, 42.335915], [-71.012057, 42.335057000000006], [-71.01252, 42.33408599999999], [-71.012815, 42.33387799999999], [-71.013524, 42.332433], [-71.01406899999999, 42.33176199999997], [-71.014695, 42.331332], [-71.01501800000001, 42.33083599999999], [-71.01491, 42.33065699999999], [-71.015125, 42.33051899999999], [-71.017933, 42.33094200000001], [-71.020037, 42.33175599999999], [-71.020984, 42.33230699999999], [-71.022063, 42.332318999999984], [-71.024374, 42.33284099999999], [-71.02520799999999, 42.332502], [-71.025312, 42.332657999999995], [-71.025809, 42.332536999999995], [-71.026257, 42.332195000000006], [-71.028852, 42.331208], [-71.029422, 42.33117599999999], [-71.032915, 42.329146], [-71.03596999999999, 42.32849300000001], [-71.038679, 42.329485], [-71.04051299999999, 42.329668000000005], [-71.043674, 42.329576], [-71.045912, 42.328873999999985], [-71.046716, 42.328198000000015], [-71.047585, 42.32673699999998], [-71.04785199999999, 42.32562], [-71.047855, 42.324819000000005], [-71.047505, 42.323699], [-71.04711999999999, 42.32349000000001], [-71.046319, 42.323419], [-71.046043, 42.323167], [-71.045503, 42.32317599999999], [-71.04385599999999, 42.322661], [-71.043443, 42.32182600000001], [-71.04312, 42.321616000000006], [-71.038535, 42.319433], [-71.036873, 42.31880000000001], [-71.036705, 42.318574], [-71.037369, 42.318183999999995], [-71.037094, 42.31761200000001], [-71.033169, 42.316322], [-71.032777, 42.31433399999999], [-71.032934, 42.31360199999998], [-71.03268899999999, 42.31330500000001], [-71.033037, 42.31315899999999], [-71.033416, 42.31321100000001], [-71.036925, 42.31042000000001], [-71.037565, 42.310282000000015], [-71.038069, 42.310458], [-71.04412099999999, 42.31417799999999], [-71.044506, 42.31422499999999], [-71.045819, 42.313598], [-71.046191, 42.313190999999996], [-71.046268, 42.31297299999999], [-71.046142, 42.3128], [-71.04567, 42.312353], [-71.04514499999999, 42.31245299999999], [-71.044792, 42.312216], [-71.04391700000001, 42.31121800000001], [-71.044305, 42.310725], [-71.04499899999999, 42.310613999999994], [-71.044985, 42.310213], [-71.043983, 42.310131999999996], [-71.042765, 42.31034299999999], [-71.04238099999999, 42.310151999999995], [-71.04235, 42.309976], [-71.04266, 42.309647000000005], [-71.043679, 42.309214], [-71.044404, 42.30911600000001], [-71.045069, 42.30850100000001], [-71.046185, 42.306720000000006], [-71.046577, 42.3052], [-71.04727299999999, 42.304390999999995], [-71.047812, 42.304503], [-71.04808799999999, 42.304849], [-71.047961, 42.30598099999999], [-71.04764899999999, 42.306838], [-71.047632, 42.30714400000001], [-71.047924, 42.307522000000006], [-71.04910900000002, 42.307914999999994], [-71.051959, 42.308004], [-71.052993, 42.30777399999999], [-71.053271, 42.30747999999999], [-71.05322799999999, 42.306689000000006], [-71.053044, 42.306416999999996], [-71.053491, 42.306417999999994], [-71.052719, 42.30491], [-71.04945599999999, 42.301916000000006], [-71.048434, 42.30330699999999], [-71.047771, 42.30314399999999], [-71.047943, 42.302653999999976], [-71.047821, 42.302161], [-71.047112, 42.302219], [-71.04689499999999, 42.30263699999998], [-71.047017, 42.30297200000001], [-71.046863, 42.303097], [-71.043703, 42.302433000000015], [-71.043369, 42.301831], [-71.043455, 42.301082], [-71.04403599999999, 42.300791999999994], [-71.044254, 42.30032500000002], [-71.043855, 42.299840999999994], [-71.044504, 42.29938799999999], [-71.044843, 42.29943100000001], [-71.044844, 42.299184000000004], [-71.045261, 42.299009999999974], [-71.04583099999999, 42.299071999999995], [-71.046386, 42.298854999999996], [-71.04625, 42.29837499999999], [-71.04534199999999, 42.29794999999999], [-71.044805, 42.297306999999996], [-71.044546, 42.29660899999999], [-71.044656, 42.29604900000001], [-71.045503, 42.296088], [-71.04591599999999, 42.29702600000001], [-71.04596, 42.29756099999999], [-71.046466, 42.298101], [-71.046544, 42.29796500000001], [-71.045782, 42.29587999999999], [-71.044589, 42.29374], [-71.043328, 42.292992000000005], [-71.04237599999999, 42.292122], [-71.041934, 42.291000000000004], [-71.041833, 42.28947100000001], [-71.041663, 42.289477999999974], [-71.04162699999999, 42.29079399999999], [-71.042159, 42.292508999999995], [-71.042202, 42.293278000000015], [-71.03976999999999, 42.292939000000004], [-71.039616, 42.292652999999994], [-71.039279, 42.292502], [-71.03957199999999, 42.29215], [-71.039172, 42.292125], [-71.039112, 42.29165799999999], [-71.038913, 42.291473], [-71.039052, 42.29128099999999], [-71.03859, 42.29131200000001], [-71.037868, 42.290798], [-71.037904, 42.28958600000001], [-71.037307, 42.288453], [-71.03741699999999, 42.287924000000004], [-71.038485, 42.286752], [-71.039039, 42.286891], [-71.03894799999999, 42.28650100000001], [-71.038442, 42.28601899999999], [-71.040222, 42.284667999999996], [-71.03908, 42.283966000000014], [-71.04049400000001, 42.281898000000005], [-71.041594, 42.27809799999999], [-71.042794, 42.27699799999999], [-71.042631, 42.27625400000001], [-71.043039, 42.273181999999984], [-71.04149699999999, 42.268480000000004], [-71.04172, 42.268290000000015], [-71.04185, 42.267550000000014], [-71.04173, 42.266740000000006], [-71.04142, 42.26623], [-71.03734299999999, 42.26307899999999], [-71.03560999999999, 42.26230999999999], [-71.03533, 42.261505000000014], [-71.033748, 42.26106999999999], [-71.033061, 42.260476999999995], [-71.032409, 42.260162], [-71.03190000000001, 42.25959], [-71.031786, 42.25912699999999], [-71.03148999999999, 42.259110000000014], [-71.03190000000001, 42.25859], [-71.033003, 42.2579], [-71.03719199999999, 42.255601000000006], [-71.03810899999999, 42.25529100000001], [-71.04053100000002, 42.253461], [-71.042116, 42.252865], [-71.04263, 42.25224], [-71.043114, 42.25218200000001], [-71.044037, 42.25172699999998], [-71.04441, 42.251400000000004], [-71.06110000000001, 42.24219600000001], [-71.057794, 42.237299], [-71.057102, 42.235702], [-71.053218, 42.229275], [-71.073494, 42.22149900000001], [-71.07589, 42.22039799999998], [-71.09329900000002, 42.213981000000004], [-71.083561, 42.20547000000001], [-71.082489, 42.20428699999999], [-71.082056, 42.204353999999995], [-71.081458, 42.20484699999999], [-71.081043, 42.204927], [-71.07918, 42.20468100000001], [-71.078011, 42.204788], [-71.077195, 42.20464099999999], [-71.075149, 42.204848999999975], [-71.074716, 42.204361000000006], [-71.07440799999999, 42.204289999999986], [-71.07170099999999, 42.204379999999986], [-71.071574, 42.20425600000001], [-71.069501, 42.20448700000001], [-71.064398, 42.205677999999985], [-71.061507, 42.206063000000015], [-71.059975, 42.20659699999999], [-71.06007699999999, 42.206087999999994], [-71.059445, 42.20597900000003], [-71.058292, 42.206116000000016], [-71.055521, 42.205837], [-71.052921, 42.205982999999996], [-71.05223, 42.206315], [-71.051476, 42.20623399999999], [-71.049509, 42.206778], [-71.04793699999999, 42.20635999999999], [-71.046815, 42.20645299999999], [-71.04592199999999, 42.206342], [-71.044938, 42.206572], [-71.044499, 42.21550399999999], [-71.038496, 42.221802999999994], [-71.036194, 42.22470100000001], [-71.03392699999999, 42.22663000000002], [-71.03326299999999, 42.227785000000004], [-71.03108700000001, 42.228094], [-71.026392, 42.228010000000005], [-71.020091, 42.228501], [-71.01908600000002, 42.228412000000006], [-71.01100000000001, 42.229789999999994], [-71.010606, 42.230053], [-71.00819299999999, 42.2296], [-71.00759699999999, 42.23049799999998], [-71.007026, 42.230716999999984], [-71.003689, 42.231598000000005], [-71.002112, 42.23230799999999], [-70.99920999999999, 42.232969999999995], [-70.995817, 42.233118999999995], [-70.98953399999999, 42.234053999999986], [-70.98499, 42.23449900000001], [-70.983687, 42.2353], [-70.981183, 42.23583599999999], [-70.979986, 42.235301], [-70.97979099999999, 42.2362], [-70.977391, 42.238299000000005], [-70.97570999999999, 42.237134000000005], [-70.974082, 42.236976000000006], [-70.97236, 42.237058999999995], [-70.973018, 42.237098999999986], [-70.967991, 42.237998999999995], [-70.96049099999999, 42.23509899999997], [-70.960191, 42.23129899999999], [-70.96038399999999, 42.22871499999999], [-70.960596, 42.228539000000005], [-70.960891, 42.226899], [-70.962891, 42.225499], [-70.963728, 42.224694000000014], [-70.964283, 42.224585], [-70.96614400000001, 42.223576], [-70.96665899999999, 42.223566999999996], [-70.967022, 42.223353], [-70.96862999999999, 42.22001], [-70.969292, 42.21579799999999], [-70.969195, 42.214210999999985], [-70.96989099999999, 42.21189900000001], [-70.971595, 42.199846], [-70.97396499999999, 42.18731100000001], [-70.97388699999999, 42.18411899999999], [-70.974659, 42.178377999999974], [-70.97369, 42.17716999999999], [-70.97520999999999, 42.17497999999999], [-70.976591, 42.16820099999999], [-70.976492, 42.166205000000005], [-70.976691, 42.16560099999999], [-70.978072, 42.15370099999999], [-70.98029, 42.14060100000001], [-70.980306, 42.139306000000005], [-70.980976, 42.138068999999994], [-70.980583, 42.13758500000001], [-70.98092799999999, 42.135645], [-71.002354, 42.127224], [-71.001975, 42.12633799999998], [-71.000141, 42.11765700000001], [-70.99847, 42.11110099999999], [-70.987166, 42.11323900000001], [-70.97948, 42.11403699999998], [-70.978531, 42.113076], [-70.979682, 42.111485], [-70.980603, 42.110973], [-70.980702, 42.11048999999999], [-70.980103, 42.109856], [-70.980194, 42.108909000000004], [-70.97977999999999, 42.10860100000001], [-70.978612, 42.108360000000005], [-70.97838899999999, 42.10765699999998], [-70.97792799999999, 42.107159999999986], [-70.978004, 42.10655099999999], [-70.97761299999999, 42.106085], [-70.977727, 42.10487599999998], [-70.976259, 42.102204000000015], [-70.97686399999999, 42.101212000000004], [-70.976733, 42.100534999999994], [-70.976817, 42.099813], [-70.975672, 42.097598999999995], [-70.97541, 42.09620699999998], [-70.974964, 42.095237999999995], [-70.975002, 42.094466999999995], [-70.975355, 42.093844000000004], [-70.975224, 42.09308999999999], [-70.97544599999999, 42.09259099999999], [-70.975284, 42.091364], [-70.975966, 42.08955100000002], [-70.975297, 42.088275], [-70.975306, 42.087684], [-70.97326699999999, 42.08803599999999], [-70.96755, 42.089586], [-70.965679, 42.089892], [-70.946676, 42.09452299999998], [-70.94508600000002, 42.094698], [-70.915787, 42.10009999999998], [-70.90238699999999, 42.08590100000001], [-70.89439, 42.08658400000001], [-70.887588, 42.087701999999986], [-70.87588699999999, 42.08930199999999], [-70.874686, 42.088201], [-70.87148599999999, 42.087101000000004], [-70.86978599999999, 42.08700099999999], [-70.868848, 42.08784], [-70.86938599999999, 42.086701000000005], [-70.86788600000001, 42.086200999999996], [-70.868286, 42.085601], [-70.867386, 42.086000999999996], [-70.867193, 42.08893200000001], [-70.86539499999999, 42.090348999999996], [-70.86220399999999, 42.08865399999999], [-70.856786, 42.091801], [-70.85751599999999, 42.090698], [-70.856962, 42.08922599999999], [-70.857001, 42.087263], [-70.856287, 42.083271999999994], [-70.856978, 42.08037900000001], [-70.860186, 42.07690100000001], [-70.860986, 42.07450099999999], [-70.86229, 42.072303], [-70.862492, 42.071215], [-70.863294, 42.06982999999998], [-70.864903, 42.06528], [-70.865286, 42.06470100000001], [-70.864186, 42.06430100000001], [-70.864986, 42.063900999999994], [-70.864386, 42.06360100000001], [-70.864586, 42.06170100000002], [-70.865186, 42.06100100000001], [-70.866086, 42.06110100000001], [-70.86548599999999, 42.05980099999999], [-70.866286, 42.05800099999998], [-70.864986, 42.057700999999994], [-70.863647, 42.056261000000006], [-70.863723, 42.055537000000015], [-70.861705, 42.052317000000016], [-70.86055999999999, 42.051271], [-70.861511, 42.045219999999986], [-70.857918, 42.04792600000001], [-70.857331, 42.04622299999998]]]]}}, {"type": "Feature", "properties": {"district_name": "4th Congressional District", "chamber": "us-house", "vintage": "2001-2010", "lean_dem_share": 0.5659, "competitiveness": "Likely", "competitiveness_label": "Likely D", "party_favored": "Democratic", "url": "/district/us-house-4th-congressional-district-2001-2010/", "latest_year": 2010, "is_uncontested": false, "turnout_ratio": 1.0306, "winner_name": "Barney Frank", "winner_party": "Democratic", "winner_war": -0.1549, "winner_lean_component": 0.3831, "winner_tide_component": 0.0345, "winner_incumbency_adjustment": 0.035, "winner_demographics_component": null, "winner_fundraising_component": null}, "geometry": {"type": "Polygon", "coordinates": [[[-71.177624, 42.16438299999998], [-71.175575, 42.155696000000006], [-71.176622, 42.15512799999999], [-71.17084899999999, 42.150795], [-71.164762, 42.146867], [-71.162715, 42.145811], [-71.162971, 42.14539899999998], [-71.164266, 42.14430900000001], [-71.163324, 42.14141300000001], [-71.14929599999999, 42.138502999999986], [-71.15023, 42.13644], [-71.15028, 42.13574], [-71.14987099999999, 42.13357], [-71.149059, 42.132199000000014], [-71.148573, 42.130832999999996], [-71.14858, 42.12893999999999], [-71.148286, 42.12805600000001], [-71.14743, 42.12665], [-71.14614, 42.12535999999999], [-71.14059, 42.12142999999999], [-71.13927000000001, 42.12028999999999], [-71.13875999999999, 42.119629999999994], [-71.13662, 42.11538999999999], [-71.13588, 42.11346], [-71.13403, 42.11165], [-71.13364, 42.11105], [-71.13309, 42.109200000000016], [-71.13216, 42.10758999999998], [-71.13176, 42.10628], [-71.13168, 42.10419], [-71.13114, 42.10198], [-71.13139199999999, 42.100478], [-71.1324, 42.09893000000001], [-71.13311999999999, 42.09681000000001], [-71.13377, 42.09579], [-71.13526, 42.09255999999999], [-71.13581, 42.09082000000002], [-71.13665999999999, 42.089649999999985], [-71.13766, 42.08865000000001], [-71.13837, 42.086780000000005], [-71.139428, 42.08486999999999], [-71.13933999999999, 42.08452], [-71.138728, 42.08368600000001], [-71.1388, 42.08311], [-71.13941299999999, 42.082044], [-71.139592, 42.08127799999998], [-71.13941, 42.07976000000002], [-71.13946899999999, 42.07829399999999], [-71.139001, 42.07715], [-71.13846199999999, 42.076560000000015], [-71.13902, 42.074831], [-71.13861899999999, 42.07281300000001], [-71.144393, 42.070599], [-71.1472, 42.069832999999996], [-71.148701, 42.069118999999986], [-71.161824, 42.06435300000001], [-71.16239399999999, 42.064128], [-71.162803, 42.06343099999998], [-71.168505, 42.06123300000001], [-71.161659, 42.02603699999999], [-71.159263, 42.01543300000001], [-71.15846300000001, 42.009336000000005], [-71.15688399999999, 42.001278000000006], [-71.146698, 41.99871199999999], [-71.127757, 41.99811200000001], [-71.123483, 41.997668999999995], [-71.116114, 41.99593499999999], [-71.114308, 41.995830000000005], [-71.109642, 41.99511899999998], [-71.105479, 41.995099], [-71.100886, 41.9946], [-71.10203, 41.993348], [-71.088841, 41.99114799999998], [-71.08909, 41.99200000000002], [-71.078752, 41.99000800000002], [-71.068674, 41.987543999999986], [-71.055397, 41.98519999999999], [-71.050529, 41.96503500000001], [-71.04997999999999, 41.963426], [-71.048885, 41.962799999999994], [-71.047384, 41.96134000000001], [-71.045988, 41.9607], [-71.04382300000002, 41.960093999999984], [-71.027818, 41.95038599999999], [-71.024183, 41.94887899999999], [-71.022536, 41.947747], [-71.018475, 41.94450800000001], [-71.014785, 41.94264599999998], [-71.01193700000002, 41.940992000000016], [-71.01000499999999, 41.939654999999995], [-71.00738299999999, 41.937193], [-70.99981, 41.92942699999999], [-70.99931699999999, 41.92989499999999], [-70.99931699999999, 41.930223999999995], [-70.999039, 41.93068799999999], [-70.998671, 41.930600000000005], [-70.99905199999999, 41.930049000000004], [-70.99893399999999, 41.929853], [-70.998609, 41.92990800000001], [-70.998302, 41.93025999999998], [-70.99874799999999, 41.93211200000002], [-70.998237, 41.933804], [-70.99794399999999, 41.934102], [-70.997399, 41.934048000000004], [-70.996132, 41.933223999999996], [-70.995307, 41.932917999999994], [-70.99265799999999, 41.932375], [-70.990876, 41.93166300000001], [-70.990053, 41.931718], [-70.989583, 41.932082], [-70.987822, 41.934522], [-70.987472, 41.93559500000001], [-70.987554, 41.93699000000001], [-70.98722699999999, 41.937617], [-70.98662399999999, 41.937937999999995], [-70.98460899999999, 41.938378], [-70.982676, 41.93930799999998], [-70.980203, 41.94026400000001], [-70.979435, 41.94039000000003], [-70.976717, 41.939437000000005], [-70.975171, 41.93915799999999], [-70.973972, 41.93932799999998], [-70.973547, 41.93966399999998], [-70.97351400000001, 41.93987099999999], [-70.97118499999999, 41.93892499999999], [-70.968672, 41.938454], [-70.96674399999999, 41.937038], [-70.965644, 41.93657], [-70.963743, 41.93613400000002], [-70.96060899999999, 41.935765], [-70.959334, 41.93475099999999], [-70.956767, 41.93387100000001], [-70.956222, 41.933876], [-70.954962, 41.93440699999999], [-70.954428, 41.93446999999999], [-70.95205, 41.934208000000005], [-70.950262, 41.93440100000001], [-70.948891, 41.934257999999986], [-70.947906, 41.933756999999986], [-70.947509, 41.933304], [-70.947181, 41.93258], [-70.94671699999999, 41.932426], [-70.945943, 41.93268200000001], [-70.94508600000002, 41.933602], [-70.94368399999999, 41.93471499999998], [-70.942686, 41.93633500000001], [-70.94248499999999, 41.937211999999995], [-70.94025599999999, 41.938714], [-70.938392, 41.94127599999999], [-70.938012, 41.94299799999998], [-70.93677600000001, 41.944950999999996], [-70.936364, 41.945983999999996], [-70.936353, 41.947199999999995], [-70.936927, 41.948600000000006], [-70.936953, 41.949184999999986], [-70.936238, 41.95157900000002], [-70.93606799999999, 41.953109], [-70.93586599999999, 41.95358099999999], [-70.934541, 41.954967], [-70.93414299999999, 41.956010000000006], [-70.933964, 41.95703499999999], [-70.933706, 41.957526], [-70.932997, 41.95825399999999], [-70.931399, 41.95934799999999], [-70.92939799999999, 41.960061999999986], [-70.926115, 41.959697999999996], [-70.924512, 41.95891900000001], [-70.92357299999999, 41.958934000000006], [-70.922988, 41.95937700000001], [-70.92268299999999, 41.961003], [-70.921944, 41.96223099999999], [-70.92109099999999, 41.962862], [-70.920594, 41.963028], [-70.920249, 41.962993], [-70.919926, 41.962720000000004], [-70.920147, 41.96216200000001], [-70.91982, 41.961911], [-70.917171, 41.96168000000001], [-70.915398, 41.960927], [-70.913731, 41.960995000000004], [-70.913476, 41.961179], [-70.913598, 41.961475], [-70.914453, 41.96155900000001], [-70.91472100000001, 41.96178499999999], [-70.914684, 41.962190000000014], [-70.914165, 41.962843], [-70.913489, 41.96322399999999], [-70.912959, 41.96299400000001], [-70.91253, 41.96301400000001], [-70.910161, 41.96378800000001], [-70.90993399999999, 41.96399900000001], [-70.909864, 41.964440999999994], [-70.91052599999999, 41.96512399999999], [-70.910799, 41.965795], [-70.910578, 41.96594199999999], [-70.909402, 41.96598900000001], [-70.90839, 41.966384], [-70.907823, 41.96678500000001], [-70.90714200000001, 41.96758], [-70.907152, 41.970240999999994], [-70.90863, 41.972068], [-70.908318, 41.97357199999999], [-70.90848199999999, 41.974281000000005], [-70.909504, 41.97534000000002], [-70.911656, 41.976845], [-70.912172, 41.97775499999998], [-70.91219199999999, 41.978205], [-70.911457, 41.979473], [-70.911369, 41.98022900000001], [-70.90128899999999, 41.98257400000002], [-70.899283, 41.991828000000005], [-70.89908199999999, 41.998992], [-70.899462, 42.003412000000004], [-70.897656, 42.016467999999996], [-70.89681999999999, 42.020126000000005], [-70.894375, 42.026663], [-70.890614, 42.026326999999995], [-70.886951, 42.02546400000001], [-70.88641, 42.025324999999995], [-70.884789, 42.024392], [-70.88301, 42.024403], [-70.88304099999999, 42.024595], [-70.880185, 42.023900999999995], [-70.864492, 42.02111899999999], [-70.860001, 42.01635400000002], [-70.852184, 42.01577100000001], [-70.849003, 42.015722], [-70.846868, 42.01655], [-70.845011, 42.01666600000002], [-70.83762399999999, 42.018764999999995], [-70.83347599999999, 42.01971299999999], [-70.832083, 42.019864999999996], [-70.827022, 42.02153199999999], [-70.825683, 42.021350000000005], [-70.82135199999999, 42.02265], [-70.814584, 42.024302], [-70.812884, 42.022701999999995], [-70.81318399999999, 42.019202], [-70.812184, 42.01860200000001], [-70.811184, 42.017502], [-70.809484, 42.01670200000001], [-70.809484, 42.01540200000001], [-70.80798399999999, 42.013602], [-70.807284, 42.01300199999998], [-70.807484, 42.011501999999986], [-70.806384, 42.010602], [-70.818727, 41.996564], [-70.81981499999999, 41.99284600000001], [-70.822716, 41.98440099999999], [-70.849184, 41.967402], [-70.863044, 41.95687799999998], [-70.86078400000001, 41.95540199999999], [-70.859202, 41.953587000000006], [-70.84974, 41.94605899999999], [-70.843516, 41.94079], [-70.832263, 41.930460000000004], [-70.827753, 41.925703], [-70.824747, 41.92301399999998], [-70.823587, 41.92164499999999], [-70.815235, 41.91358899999999], [-70.803686, 41.878729], [-70.802415, 41.87531400000001], [-70.81164199999999, 41.873654], [-70.809146, 41.86866199999999], [-70.805852, 41.865984000000005], [-70.803302, 41.86540399999999], [-70.803488, 41.865162000000005], [-70.80359800000001, 41.86411799999997], [-70.801563, 41.86217200000001], [-70.79894399999999, 41.860989999999994], [-70.797197, 41.86103099999999], [-70.79400799999999, 41.857262999999996], [-70.793662, 41.852926], [-70.794781, 41.85090599999999], [-70.794426, 41.84923800000001], [-70.79151399999999, 41.846246], [-70.790314, 41.846246], [-70.789754, 41.845493999999995], [-70.789802, 41.844454000000006], [-70.790042, 41.843877999999975], [-70.790682, 41.84339800000001], [-70.790234, 41.842918], [-70.78967399999999, 41.843094], [-70.789258, 41.842741999999994], [-70.788986, 41.842710000000004], [-70.788778, 41.841542], [-70.78815399999999, 41.840965999999995], [-70.78817, 41.840390000000006], [-70.788426, 41.839830000000006], [-70.787834, 41.839606], [-70.787834, 41.839462000000005], [-70.78849, 41.839045999999996], [-70.78864999999999, 41.83850200000001], [-70.78913, 41.83800600000001], [-70.789322, 41.837141999999986], [-70.789114, 41.836726], [-70.788778, 41.83637400000001], [-70.788378, 41.836454], [-70.787802, 41.83613400000001], [-70.786745, 41.835893999999996], [-70.78680899999999, 41.83525400000001], [-70.78629699999999, 41.83525400000001], [-70.785881, 41.835014], [-70.78508099999999, 41.834453999999994], [-70.784649, 41.833845999999994], [-70.784441, 41.83389499999999], [-70.784329, 41.834326], [-70.783897, 41.83443900000001], [-70.782361, 41.833639], [-70.78083699999999, 41.833552], [-70.780317, 41.833023999999995], [-70.780063, 41.83314099999999], [-70.780194, 41.83342], [-70.779909, 41.83339400000001], [-70.77961599999999, 41.83247299999998], [-70.779749, 41.832114], [-70.779242, 41.831838000000005], [-70.779198, 41.83155699999999], [-70.77891199999999, 41.831593999999996], [-70.778581, 41.831973], [-70.777328, 41.83196299999998], [-70.776535, 41.832218], [-70.775093, 41.831607999999996], [-70.77365, 41.83187400000001], [-70.772397, 41.831705000000014], [-70.77192500000001, 41.831019], [-70.77215699999999, 41.83039499999998], [-70.77160599999999, 41.82970999999999], [-70.77013699999999, 41.825751], [-70.74095200000001, 41.800371000000005], [-70.707999, 41.802046999999995], [-70.706937, 41.801737], [-70.705759, 41.80212799999999], [-70.684449, 41.80317999999998], [-70.683903, 41.80349400000001], [-70.683206, 41.803533], [-70.681533, 41.80337900000001], [-70.678207, 41.803543999999995], [-70.664875, 41.804375], [-70.661493, 41.80476000000001], [-70.632657, 41.806422], [-70.616478, 41.80543900000001], [-70.624476, 41.792553000000005], [-70.62678799999999, 41.78866400000002], [-70.627284, 41.787351999999984], [-70.62881999999999, 41.78707999999998], [-70.630068, 41.787240000000004], [-70.630692, 41.786855999999986], [-70.630516, 41.78604], [-70.629908, 41.785591999999994], [-70.629828, 41.78503200000001], [-70.630164, 41.78476], [-70.630132, 41.78456799999999], [-70.630612, 41.78437599999999], [-70.63058, 41.784184], [-70.630788, 41.78393099999998], [-70.630515, 41.783789], [-70.630577, 41.78321700000001], [-70.63078399999999, 41.78301299999998], [-70.630686, 41.782484000000004], [-70.63094099999999, 41.78243099999999], [-70.630652, 41.782102999999985], [-70.630763, 41.781853], [-70.630505, 41.78133999999999], [-70.63050299999999, 41.780907], [-70.630022, 41.780677], [-70.6293, 41.780713999999996], [-70.628963, 41.780374], [-70.629008, 41.779606], [-70.62942199999999, 41.779129999999995], [-70.629341, 41.778794999999995], [-70.630256, 41.77710299999998], [-70.630031, 41.77655399999999], [-70.630256, 41.77619699999999], [-70.630065, 41.775980999999994], [-70.630162, 41.77562900000001], [-70.63033899999999, 41.775187], [-70.63060999999999, 41.775102], [-70.630915, 41.77469100000001], [-70.631637, 41.77449000000001], [-70.63296799999999, 41.77358], [-70.632825, 41.77305099999999], [-70.633547, 41.77189500000001], [-70.634252, 41.771359999999994], [-70.63507, 41.771154], [-70.63584000000002, 41.770717000000005], [-70.636129, 41.770342], [-70.63609699999999, 41.76999], [-70.63542699999999, 41.769009], [-70.635301, 41.768005999999986], [-70.63444, 41.766809999999985], [-70.634346, 41.76594800000001], [-70.632671, 41.76388199999999], [-70.63255199999999, 41.762771000000015], [-70.632274, 41.762623000000005], [-70.63165, 41.762628], [-70.63157, 41.76229800000001], [-70.631255, 41.76208399999998], [-70.631182, 41.76172199999999], [-70.630156, 41.761145000000006], [-70.629673, 41.760217000000004], [-70.62501200000001, 41.75404], [-70.62515599999999, 41.75114399999999], [-70.621622, 41.748972], [-70.621014, 41.74830300000001], [-70.620785, 41.747530000000005], [-70.62195, 41.746058999999995], [-70.623193, 41.745614999999994], [-70.62598799999999, 41.74496899999999], [-70.632676, 41.73788100000002], [-70.633268, 41.73546499999999], [-70.63257999999999, 41.733656999999994], [-70.639332, 41.729048999999996], [-70.639476, 41.726473000000006], [-70.640756, 41.72485700000001], [-70.640276, 41.723609], [-70.64224399999999, 41.71922500000001], [-70.64370000000001, 41.717465000000004], [-70.67440400000001, 41.68960899999999], [-70.67662899999999, 41.691129], [-70.686196, 41.669800999999985], [-70.699574, 41.643719000000004], [-70.749206, 41.668504999999996], [-70.750847, 41.669590999999976], [-70.75186699999999, 41.660342000000014], [-70.752498, 41.65038799999999], [-70.75400599999999, 41.64579499999999], [-70.755568, 41.64310400000001], [-70.756354, 41.642074999999984], [-70.75748, 41.64131999999999], [-70.76294399999999, 41.639025000000004], [-70.774624, 41.634933000000004], [-70.803891, 41.62506699999999], [-70.80154399999999, 41.62116899999996], [-70.800336, 41.61874100000001], [-70.801026, 41.61657300000001], [-70.804856, 41.612776000000004], [-70.81327399999999, 41.607960000000006], [-70.839175, 41.61476100000001], [-70.842264, 41.624457], [-70.84931999999999, 41.624472000000004], [-70.860365, 41.624091], [-70.86001, 41.62371799999999], [-70.859563, 41.623542999999984], [-70.85942399999999, 41.62354299999998], [-70.85942399999999, 41.623785000000005], [-70.858195, 41.623835], [-70.85785899999999, 41.62366499999999], [-70.85732399999999, 41.62276499999999], [-70.85681199999999, 41.622622], [-70.856416, 41.622297999999994], [-70.855194, 41.62198600000001], [-70.855442, 41.620651999999986], [-70.855105, 41.619806999999994], [-70.855119, 41.61912600000001], [-70.854995, 41.618709], [-70.854219, 41.618407999999995], [-70.854619, 41.616146000000015], [-70.853887, 41.614148], [-70.85398099999999, 41.613714], [-70.853352, 41.613522], [-70.85237099999999, 41.61225499999999], [-70.851705, 41.61192600000001], [-70.8512, 41.61106399999998], [-70.85000000000001, 41.610312000000015], [-70.849334, 41.610093000000006], [-70.84956, 41.60911699999997], [-70.847402, 41.60749599999999], [-70.844428, 41.60628], [-70.840391, 41.605277], [-70.836686, 41.60484900000001], [-70.836137, 41.60497], [-70.835837, 41.60467999999999], [-70.835852, 41.60433899999999], [-70.835588, 41.604175000000005], [-70.835639, 41.60387300000001], [-70.835332, 41.60387300000001], [-70.83556600000001, 41.603449999999995], [-70.834769, 41.60307099999999], [-70.834695, 41.602731000000006], [-70.83428599999999, 41.60246199999998], [-70.834103, 41.602000999999994], [-70.83348099999999, 41.60180899999999], [-70.832757, 41.602073000000004], [-70.832238, 41.601721999999995], [-70.831763, 41.601853000000006], [-70.831836, 41.60237500000001], [-70.831346, 41.60300599999998], [-70.831763, 41.603961000000005], [-70.831544, 41.60493299999999], [-70.83183, 41.606223], [-70.831581, 41.60651399999998], [-70.831194, 41.60653], [-70.83085, 41.605844], [-70.83035199999999, 41.60547100000001], [-70.829825, 41.60443399999998], [-70.828816, 41.60374200000001], [-70.827696, 41.602156], [-70.827097, 41.60204600000001], [-70.825846, 41.601414999999996], [-70.825458, 41.601498000000014], [-70.824785, 41.601196], [-70.824617, 41.600476999999984], [-70.824222, 41.599976999999996], [-70.823242, 41.59960400000001], [-70.820089, 41.596114000000014], [-70.818254, 41.592351], [-70.817039, 41.59163499999998], [-70.815818, 41.59178800000001], [-70.816191, 41.591338], [-70.81641800000001, 41.59019599999999], [-70.816951, 41.589279999999995], [-70.81934199999999, 41.588654000000005], [-70.819898, 41.58837900000002], [-70.820892, 41.587439999999994], [-70.82168899999999, 41.58583200000001], [-70.821783, 41.58475600000002], [-70.821615, 41.582912000000015], [-70.821637, 41.582708000000004], [-70.822039, 41.582396], [-70.82334, 41.58274100000002], [-70.825205, 41.58290000000001], [-70.826726, 41.583327999999995], [-70.82746399999999, 41.583365999999984], [-70.829124, 41.584233], [-70.830967, 41.58583599999999], [-70.83371, 41.58884900000002], [-70.834968, 41.590692999999995], [-70.836383, 41.591984000000004], [-70.83656300000001, 41.59289899999998], [-70.837375, 41.59357999999998], [-70.83764599999999, 41.59420000000001], [-70.837639, 41.59559399999999], [-70.837808, 41.595885], [-70.838949, 41.59635699999999], [-70.841545, 41.596362000000006], [-70.84157499999999, 41.596542000000014], [-70.841777, 41.59651199999999], [-70.841735, 41.596334000000006], [-70.843329, 41.596004], [-70.843285, 41.595379], [-70.84299899999999, 41.594775], [-70.842801, 41.59440699999999], [-70.842355, 41.594182], [-70.842062, 41.593436000000004], [-70.842047, 41.592831999999994], [-70.842311, 41.59312799999999], [-70.842282, 41.593616999999995], [-70.842523, 41.593945999999995], [-70.844498, 41.595115], [-70.845098, 41.59569600000002], [-70.84539099999999, 41.595718], [-70.847292, 41.595476000000005], [-70.847628, 41.59514699999998], [-70.84764299999999, 41.594894], [-70.848461, 41.594575000000006], [-70.848841, 41.594097999999995], [-70.85023699999999, 41.593268], [-70.850566, 41.592577000000006], [-70.849959, 41.591961999999995], [-70.85085, 41.591039], [-70.850974, 41.590337], [-70.85217999999999, 41.589282], [-70.852508, 41.588563000000015], [-70.853005, 41.588239], [-70.853202, 41.58763500000002], [-70.853369, 41.585944000000026], [-70.852937, 41.584149999999994], [-70.853002, 41.583435999999985], [-70.852811, 41.58264599999999], [-70.853447, 41.582195], [-70.854361, 41.58207999999998], [-70.856036, 41.58291299999999], [-70.856723, 41.583709000000006], [-70.856994, 41.58430699999998], [-70.857339, 41.58593700000001], [-70.85751599999999, 41.587886], [-70.857816, 41.588346999999985], [-70.858387, 41.588791], [-70.85907499999999, 41.590147], [-70.859347, 41.591480999999995], [-70.859684, 41.592161000000004], [-70.859692, 41.593236999999995], [-70.859839, 41.593632], [-70.86169, 41.595273], [-70.86365099999999, 41.59636900000002], [-70.863944, 41.59700599999999], [-70.86403299999999, 41.598300999999985], [-70.865855, 41.599629], [-70.86635199999999, 41.60021600000001], [-70.866412, 41.600753999999995], [-70.86434299999999, 41.601628000000005], [-70.86410099999999, 41.60161099999999], [-70.864218, 41.601051000000005], [-70.86458999999999, 41.60064], [-70.863997, 41.599893], [-70.864231, 41.599557999999995], [-70.863675, 41.599399], [-70.863345, 41.59780799999999], [-70.862753, 41.597984000000004], [-70.861853, 41.597896000000006], [-70.86278899999999, 41.598417000000005], [-70.862951, 41.59867500000001], [-70.863061, 41.59983899999999], [-70.86278399999999, 41.600783], [-70.862887, 41.601095999999984], [-70.863267, 41.60102399999998], [-70.86323, 41.60083800000001], [-70.863581, 41.600832000000004], [-70.863962, 41.601255], [-70.863495, 41.602073000000004], [-70.863328, 41.60353899999999], [-70.864199, 41.604971000000006], [-70.864603, 41.60656200000002], [-70.86547399999999, 41.607775], [-70.865922, 41.60888399999999], [-70.866266, 41.609268], [-70.866113, 41.610014], [-70.867372, 41.611577999999994], [-70.867688, 41.613011000000014], [-70.86852999999999, 41.613762], [-70.869035, 41.61450299999998], [-70.86913899999999, 41.615463999999996], [-70.86889, 41.61572200000002], [-70.86888300000001, 41.61596300000001], [-70.869367, 41.616962], [-70.86922799999999, 41.617440000000016], [-70.869331, 41.61786800000001], [-70.868828, 41.61963600000001], [-70.86909299999999, 41.620732999999994], [-70.869393, 41.62124899999999], [-70.868684, 41.621798], [-70.86845799999999, 41.622726], [-70.86935199999999, 41.624274], [-70.86942599999999, 41.62481699999998], [-70.870432, 41.62587999999999], [-70.87205, 41.627092000000005], [-70.87273800000001, 41.62719000000003], [-70.872965, 41.627607], [-70.878181, 41.62898900000001], [-70.87885399999999, 41.62925800000001], [-70.879059, 41.629817999999965], [-70.879402, 41.63005400000001], [-70.88101100000002, 41.63084600000001], [-70.881794, 41.63110899999998], [-70.882862, 41.631125999999995], [-70.883198, 41.631483], [-70.884164, 41.631539000000004], [-70.885576, 41.63234599999999], [-70.886907, 41.632560999999995], [-70.887097, 41.632709], [-70.88716300000002, 41.633099], [-70.887148, 41.633417000000016], [-70.886928, 41.63367000000001], [-70.886299, 41.633092999999995], [-70.886167, 41.63318099999999], [-70.887016, 41.633905999999996], [-70.886935, 41.634361000000006], [-70.886554, 41.63471800000001], [-70.886847, 41.634674], [-70.887089, 41.634191], [-70.88762299999999, 41.63408699999999], [-70.887177, 41.633944], [-70.88742599999999, 41.633351000000005], [-70.887338, 41.632977999999994], [-70.88752199999999, 41.63252799999999], [-70.887844, 41.632352999999995], [-70.888561, 41.63235300000001], [-70.888919, 41.63279199999998], [-70.88965, 41.633028], [-70.890126, 41.633501], [-70.890857, 41.63374299999998], [-70.891325, 41.63428599999999], [-70.89154400000001, 41.63430799999999], [-70.891033, 41.633731999999995], [-70.890148, 41.63330299999999], [-70.889563, 41.632655], [-70.889307, 41.63217200000001], [-70.88932199999999, 41.63141499999999], [-70.889857, 41.63084399999999], [-70.890018, 41.629724], [-70.890699, 41.62899399999999], [-70.89102199999999, 41.62820999999999], [-70.89173199999999, 41.627621999999995], [-70.892223, 41.62653600000001], [-70.892735, 41.626239999999996], [-70.892662, 41.62611899999998], [-70.893643, 41.625301000000015], [-70.89334, 41.62510400000001], [-70.894928, 41.624430000000004], [-70.895828, 41.624281999999994], [-70.895828, 41.62413900000001], [-70.90027599999999, 41.62414], [-70.90254399999999, 41.623872], [-70.90290999999999, 41.62404200000001], [-70.90281399999999, 41.624525000000006], [-70.90294899999999, 41.624576999999995], [-70.90600599999999, 41.623850000000026], [-70.90408099999999, 41.62100399999999], [-70.89728099999999, 41.61340400000001], [-70.878749, 41.591791999999984], [-70.911743, 41.58184], [-70.896936, 41.556905000000015], [-70.864314, 41.507397000000005], [-70.879213, 41.50010599999999], [-70.91481, 41.483092], [-70.95682099999999, 41.46247200000001], [-70.97450900000001, 41.454138], [-71.00413, 41.48403099999999], [-71.033164, 41.484162000000005], [-71.033164, 41.480332000000004], [-71.041236, 41.480332000000004], [-71.041373, 41.48420000000001], [-71.116404, 41.484567999999996], [-71.121116, 41.492787000000014], [-71.119874, 41.49460399999998], [-71.120617, 41.497901000000006], [-71.122495, 41.52213899999998], [-71.125329, 41.54357699999999], [-71.126199, 41.551514999999995], [-71.126868, 41.55486099999999], [-71.12657999999999, 41.55570700000001], [-71.126989, 41.55579499999999], [-71.127862, 41.562781], [-71.12803199999999, 41.565512999999996], [-71.128222, 41.56565700000001], [-71.131727, 41.593762000000005], [-71.138464, 41.603635000000004], [-71.138353, 41.603692], [-71.135345, 41.625749], [-71.13553, 41.62609799999999], [-71.13533199999999, 41.625988000000014], [-71.135058, 41.62641800000001], [-71.134535, 41.62869599999999], [-71.13338399999999, 41.629393000000015], [-71.133091, 41.63042199999999], [-71.13302999999999, 41.63105900000001], [-71.133796, 41.63278500000001], [-71.134269, 41.63304300000001], [-71.134336, 41.63343], [-71.134052, 41.633927], [-71.133357, 41.63436999999998], [-71.13244, 41.634695], [-71.130972, 41.636533], [-71.13159, 41.637983], [-71.13087999999999, 41.641262999999995], [-71.13058699999999, 41.641577999999996], [-71.129397, 41.64585900000001], [-71.12980499999999, 41.645965000000004], [-71.119331, 41.679474], [-71.122439, 41.679831], [-71.122878, 41.679501000000016], [-71.123918, 41.679978], [-71.12570099999999, 41.679967999999995], [-71.128354, 41.679798], [-71.12962, 41.679161], [-71.130067, 41.679535], [-71.132677, 41.679649999999995], [-71.134271, 41.68037499999999], [-71.13284999999999, 41.680572000000005], [-71.131733, 41.68102900000001], [-71.13070499999999, 41.681814], [-71.130164, 41.68262799999999], [-71.12993, 41.683696999999995], [-71.130194, 41.68727200000001], [-71.129623, 41.68681899999999], [-71.129763, 41.68925999999999], [-71.125869, 41.68854100000001], [-71.126235, 41.689119], [-71.121693, 41.688217], [-71.123052, 41.69203299999998], [-71.123262, 41.693179], [-71.123263, 41.69427500000001], [-71.122963, 41.69574599999999], [-71.120764, 41.703011999999994], [-71.12198699999999, 41.703512], [-71.121746, 41.704138], [-71.124454, 41.704647], [-71.12505999999999, 41.704073], [-71.13215699999999, 41.705373], [-71.132622, 41.70368500000001], [-71.13454999999999, 41.70403799999999], [-71.134911, 41.70294500000001], [-71.138603, 41.70363], [-71.140096, 41.69911999999999], [-71.139955, 41.697068999999985], [-71.14169, 41.69712100000001], [-71.141668, 41.696372000000004], [-71.146327, 41.698564999999995], [-71.152217, 41.69536699999997], [-71.15659699999999, 41.697506000000004], [-71.1584, 41.698087], [-71.158703, 41.698323], [-71.16071699999999, 41.697081000000004], [-71.160438, 41.697867], [-71.166237, 41.698763], [-71.165834, 41.70022100000001], [-71.165887, 41.70058799999999], [-71.16790999999999, 41.70098899999998], [-71.16600199999999, 41.700706], [-71.165605, 41.70108599999999], [-71.165449, 41.70154999999998], [-71.165053, 41.70146], [-71.164884, 41.70163799999999], [-71.162851, 41.704494], [-71.16161199999999, 41.704403000000006], [-71.159956, 41.70404], [-71.159407, 41.704927], [-71.158829, 41.70678899999998], [-71.15731, 41.70930399999999], [-71.15629799999999, 41.710074000000006], [-71.15445199999999, 41.71339100000001], [-71.162899, 41.71537500000001], [-71.15828900000001, 41.721202], [-71.151972, 41.72712], [-71.140489, 41.738602000000014], [-71.131889, 41.749402], [-71.131289, 41.75750199999998], [-71.123989, 41.766701], [-71.117189, 41.773801], [-71.11448899999999, 41.77880099999999], [-71.11961, 41.790968000000014], [-71.124416, 41.79090199999998], [-71.1255, 41.791064000000006], [-71.13124499999999, 41.790710999999995], [-71.13344099999999, 41.79089999999999], [-71.142589, 41.79050099999999], [-71.149244, 41.79049200000001], [-71.17113499999999, 41.789615999999995], [-71.17553099999999, 41.811975000000004], [-71.175894, 41.812356], [-71.176609, 41.815882999999985], [-71.19288399999999, 41.81651], [-71.194428, 41.82442299999999], [-71.198858, 41.851838], [-71.199079, 41.85191], [-71.19886699999999, 41.85194500000001], [-71.203463, 41.881843], [-71.19539, 41.88056499999998], [-71.18431799999999, 41.878569], [-71.18417099999999, 41.877405], [-71.184077, 41.877141000000016], [-71.183769, 41.876957999999995], [-71.183204, 41.87704099999998], [-71.182521, 41.87783300000002], [-71.182613, 41.878668], [-71.18678799999999, 41.879338], [-71.193299, 41.908139000000006], [-71.194137, 41.909434999999995], [-71.19449399999999, 41.910613], [-71.195393, 41.91000000000001], [-71.206893, 41.908400000000015], [-71.20738399999999, 41.90900100000001], [-71.208162, 41.90885199999999], [-71.224387, 41.92960000000001], [-71.236744, 41.94321099999999], [-71.238475, 41.945764999999994], [-71.239347, 41.945882999999995], [-71.24516299999999, 41.954181], [-71.259087, 41.972045], [-71.258089, 41.972651000000006], [-71.25880500000001, 41.97358499999999], [-71.259554, 41.974228000000004], [-71.259603, 41.97462599999999], [-71.268739, 41.98730000000001], [-71.268926, 41.987199999999994], [-71.269176, 41.987674999999996], [-71.270419, 41.988518], [-71.272064, 41.991222000000015], [-71.27558599999999, 41.99294099999999], [-71.275862, 41.99323400000002], [-71.273108, 41.992621], [-71.274754, 41.99499900000001], [-71.276388, 41.995149000000005], [-71.27751900000001, 41.996844999999986], [-71.277608, 41.99738], [-71.281803, 42.004782], [-71.281881, 42.00541299999999], [-71.28249799999999, 42.00629600000001], [-71.286898, 42.01489900000001], [-71.288263, 42.014379], [-71.288622, 42.02739300000002], [-71.288259, 42.028197999999996], [-71.28851, 42.03015999999998], [-71.288692, 42.030085], [-71.289073, 42.04474599999999], [-71.288719, 42.04476300000002], [-71.28871699999999, 42.045323999999994], [-71.289357, 42.055744], [-71.285885, 42.06229299999999], [-71.28687300000001, 42.067173999999994], [-71.28746199999999, 42.07743899999999], [-71.285183, 42.082319999999996], [-71.294473, 42.085483999999994], [-71.300776, 42.08696], [-71.301112, 42.086898999999995], [-71.30301299999999, 42.087591], [-71.315563, 42.090757999999994], [-71.318962, 42.090702], [-71.323291, 42.08990199999999], [-71.325142, 42.090061999999996], [-71.32593299999999, 42.090617], [-71.35904599999999, 42.090312999999995], [-71.367577, 42.10779700000001], [-71.37607899999999, 42.121034000000016], [-71.378715, 42.124477], [-71.37926, 42.126422999999996], [-71.379435, 42.12676], [-71.38004699999999, 42.126732], [-71.380074, 42.127384], [-71.38051399999999, 42.128051], [-71.380798, 42.12907100000001], [-71.38149700000001, 42.129678], [-71.382178, 42.12978099999999], [-71.381841, 42.13028800000001], [-71.381743, 42.13086600000001], [-71.38074499999999, 42.13101299999998], [-71.380398, 42.131375999999996], [-71.380417, 42.131578], [-71.381029, 42.13226399999999], [-71.38109299999999, 42.1326], [-71.38075800000001, 42.132756], [-71.380231, 42.132636000000005], [-71.38024, 42.13307299999999], [-71.38001799999999, 42.13327099999999], [-71.378908, 42.133517999999995], [-71.379524, 42.133882], [-71.37996199999999, 42.13448699999999], [-71.379978, 42.135160000000006], [-71.37967900000001, 42.135682], [-71.378989, 42.13579099999999], [-71.37822, 42.135429], [-71.376834, 42.13561], [-71.375618, 42.13545399999999], [-71.3793, 42.141639999999995], [-71.37981, 42.14198], [-71.385358, 42.151512], [-71.402185, 42.178640000000016], [-71.404381, 42.188215], [-71.38463, 42.191931999999994], [-71.381565, 42.198679], [-71.37977699999999, 42.201639999999976], [-71.388216, 42.204423999999996], [-71.38841699999999, 42.208101], [-71.391706, 42.20974200000001], [-71.394038, 42.207231], [-71.39731499999999, 42.207926999999984], [-71.39711299999999, 42.20822400000002], [-71.397131, 42.208562], [-71.397323, 42.20874200000001], [-71.397302, 42.20949900000001], [-71.39753, 42.21008899999999], [-71.398095, 42.21077499999999], [-71.398805, 42.211227999999984], [-71.40010099999999, 42.211723], [-71.40115399999999, 42.21295800000001], [-71.402278, 42.21313199999998], [-71.402469, 42.213452], [-71.403701, 42.21438099999999], [-71.403419, 42.21495299999999], [-71.40195299999999, 42.21541999999999], [-71.407331, 42.218164], [-71.407961, 42.217656], [-71.408256, 42.218444999999996], [-71.409289, 42.21861000000002], [-71.410268, 42.21829699999999], [-71.410083, 42.219151000000004], [-71.41028399999999, 42.21959199999999], [-71.409263, 42.220541000000004], [-71.409502, 42.220949999999995], [-71.409134, 42.222097], [-71.40920899999999, 42.222906], [-71.409908, 42.22388200000001], [-71.409311, 42.22431799999999], [-71.409301, 42.22455700000001], [-71.409615, 42.225586], [-71.410056, 42.22599099999999], [-71.410324, 42.22650799999998], [-71.411265, 42.226856999999995], [-71.41234899999999, 42.227609], [-71.412598, 42.22796400000003], [-71.412807, 42.228909], [-71.413228, 42.22958899999998], [-71.413032, 42.23133200000001], [-71.413203, 42.23200800000002], [-71.413595, 42.232662000000005], [-71.41340000000001, 42.233697], [-71.413715, 42.23454999999999], [-71.414492, 42.235326], [-71.415452, 42.23564800000001], [-71.415989, 42.236357], [-71.417197, 42.237480000000005], [-71.417407, 42.23787600000001], [-71.418733, 42.23811], [-71.41984699999999, 42.238006000000006], [-71.418429, 42.246900999999994], [-71.41890599999999, 42.25729700000002], [-71.408605, 42.259223000000006], [-71.398476, 42.261377], [-71.398595, 42.261574999999986], [-71.397672, 42.261668], [-71.390475, 42.27178], [-71.378213, 42.269702], [-71.361288, 42.264767], [-71.356893, 42.26320499999999], [-71.35646, 42.262632999999994], [-71.356939, 42.261780999999985], [-71.356526, 42.26128999999999], [-71.356409, 42.259733999999995], [-71.354359, 42.25784900000001], [-71.35049099999999, 42.25568700000001], [-71.349149, 42.255113000000016], [-71.341929, 42.25342599999999], [-71.342387, 42.250234999999996], [-71.33654, 42.24874099999998], [-71.33158900000001, 42.247150999999995], [-71.332168, 42.247867000000014], [-71.332458, 42.24870699999998], [-71.328906, 42.248697], [-71.327435, 42.24894], [-71.31898699999999, 42.24871000000001], [-71.317956, 42.248408], [-71.31451500000001, 42.248371], [-71.313937, 42.24857300000001], [-71.305803, 42.24835199999999], [-71.30405999999999, 42.24810200000001], [-71.302922, 42.24827400000001], [-71.305334, 42.258050999999995], [-71.305083, 42.25868699999999], [-71.305902, 42.262494], [-71.3082, 42.270894999999996], [-71.309803, 42.27330000000001], [-71.311393, 42.27636499999999], [-71.311779, 42.276548999999996], [-71.312912, 42.278537], [-71.312776, 42.278754], [-71.314391, 42.28158299999999], [-71.314679, 42.281641], [-71.321375, 42.293399], [-71.321208, 42.29359900000001], [-71.32147499999999, 42.294231999999994], [-71.322901, 42.296395000000004], [-71.323678, 42.298792999999996], [-71.324703, 42.300793], [-71.325203, 42.302395999999995], [-71.326945, 42.30637000000001], [-71.327344, 42.306834000000016], [-71.329464, 42.31269700000001], [-71.32974999999999, 42.312991000000004], [-71.327327, 42.313745999999995], [-71.319101, 42.31559700000002], [-71.31158599999999, 42.31779900000001], [-71.300102, 42.32039700000001], [-71.2817, 42.32519599999999], [-71.272004, 42.32739599999999], [-71.269817, 42.328019999999995], [-71.27033899999999, 42.328652], [-71.270282, 42.32914799999999], [-71.269881, 42.329648], [-71.26997, 42.33013700000001], [-71.270355, 42.33066400000001], [-71.270197, 42.33112899999998], [-71.269228, 42.331092], [-71.26881999999999, 42.3308], [-71.267923, 42.33053199999999], [-71.265725, 42.331032], [-71.265118, 42.331715], [-71.265089, 42.333003999999995], [-71.264771, 42.33252399999998], [-71.264704, 42.332060999999996], [-71.264473, 42.332187], [-71.264482, 42.33374499999999], [-71.264367, 42.334216000000005], [-71.26409699999999, 42.334544999999984], [-71.26350000000001, 42.33483199999998], [-71.261518, 42.33452399999998], [-71.262153, 42.33442600000001], [-71.26274, 42.33464000000001], [-71.26366399999999, 42.334482], [-71.26213400000002, 42.33416499999999], [-71.261068, 42.334403], [-71.260016, 42.334939999999996], [-71.259269, 42.335652], [-71.258815, 42.337065999999986], [-71.258186, 42.33731199999999], [-71.25608799999999, 42.339319], [-71.255994, 42.340089000000006], [-71.25794599999999, 42.34106500000002], [-71.25879499999999, 42.341201], [-71.259316, 42.34106899999999], [-71.259659, 42.34079699999999], [-71.260601, 42.34065199999999], [-71.261764, 42.341415], [-71.262588, 42.341457999999996], [-71.26218899999999, 42.341542], [-71.262073, 42.342240000000004], [-71.261851, 42.342247999999984], [-71.261407, 42.343594], [-71.26137299999999, 42.343880999999996], [-71.26152600000002, 42.343921], [-71.261639, 42.34439600000001], [-71.2611, 42.345334], [-71.261254, 42.34548899999999], [-71.261312, 42.34664599999999], [-71.25984799999999, 42.34825399999999], [-71.259847, 42.348513999999994], [-71.25868299999999, 42.349519], [-71.258921, 42.350682000000006], [-71.260184, 42.351168000000015], [-71.26033699999999, 42.352782], [-71.26078199999999, 42.353443], [-71.262445, 42.35420500000001], [-71.260899, 42.35371500000001], [-71.25970000000001, 42.353973], [-71.25868299999999, 42.35486100000001], [-71.256119, 42.354800999999995], [-71.256068, 42.354213000000016], [-71.255456, 42.35414000000001], [-71.253799, 42.355339000000015], [-71.25113200000001, 42.35653099999998], [-71.249455, 42.357074999999995], [-71.248057, 42.356671000000006], [-71.247452, 42.35676199999999], [-71.245952, 42.35741300000001], [-71.244975, 42.357352], [-71.244626, 42.35795400000001], [-71.243051, 42.358851], [-71.23647199999999, 42.36076200000001], [-71.23463, 42.361519], [-71.233695, 42.361633999999995], [-71.226362, 42.363994000000005], [-71.22397, 42.364436999999995], [-71.217409, 42.36668999999999], [-71.21646, 42.365916999999996], [-71.21553399999999, 42.365608], [-71.214973, 42.365697999999995], [-71.214368, 42.36558100000002], [-71.213326, 42.364896], [-71.211362, 42.364297], [-71.210318, 42.364149999999995], [-71.208922, 42.364536], [-71.207948, 42.364176000000015], [-71.207466, 42.364159999999984], [-71.206321, 42.36461299999999], [-71.205023, 42.36571500000001], [-71.20302699999999, 42.36577299999999], [-71.20109599999999, 42.36613599999999], [-71.19988099999999, 42.366654999999994], [-71.199079, 42.36722600000001], [-71.197966, 42.36761800000001], [-71.195403, 42.367959000000006], [-71.195061, 42.367702000000016], [-71.19495599999999, 42.367284000000005], [-71.19462399999999, 42.366980999999996], [-71.19365499999999, 42.366659], [-71.192734, 42.366001], [-71.193902, 42.364556], [-71.196399, 42.362095999999994], [-71.195396, 42.36174400000003], [-71.188404, 42.359838], [-71.187308, 42.359846999999995], [-71.183998, 42.35889600000001], [-71.18251000000001, 42.36093999999998], [-71.178845, 42.35978], [-71.176453, 42.359428000000015], [-71.173952, 42.35928800000001], [-71.173385, 42.35871999999999], [-71.170351, 42.35893699999998], [-71.168897, 42.35919700000001], [-71.169698, 42.358396000000006], [-71.16999899999999, 42.357397000000006], [-71.17119799999999, 42.356396], [-71.173997, 42.353195], [-71.17479800000001, 42.35079599999998], [-71.17479800000001, 42.350096], [-71.16946899999999, 42.343231], [-71.16843899999999, 42.34214700000001], [-71.166799, 42.33979799999999], [-71.168936, 42.33844899999999], [-71.169217, 42.33806800000001], [-71.168886, 42.33582599999999], [-71.16857, 42.335143], [-71.168191, 42.33479100000001], [-71.167698, 42.33329699999998], [-71.16699799999999, 42.333197000000006], [-71.162497, 42.33359699999999], [-71.16026, 42.333318999999996], [-71.159626, 42.332440000000005], [-71.156997, 42.330096999999974], [-71.14979699999999, 42.334497000000006], [-71.14999, 42.33449599999999], [-71.150498, 42.334996], [-71.148398, 42.33579800000002], [-71.148769, 42.336777000000005], [-71.146197, 42.33739800000001], [-71.146597, 42.33849699999999], [-71.14421200000001, 42.34002199999999], [-71.141939, 42.340008], [-71.141302, 42.341072999999994], [-71.135278, 42.345940999999996], [-71.133381, 42.347122000000006], [-71.12928099999999, 42.34906699999999], [-71.12858299999999, 42.349833000000004], [-71.126854, 42.35008799999999], [-71.124755, 42.351229999999994], [-71.123532, 42.351414000000005], [-71.122423, 42.35181099999999], [-71.10656999999999, 42.349912], [-71.107185, 42.34701099999997], [-71.105697, 42.343994999999985], [-71.108412, 42.341888], [-71.110637, 42.34041000000001], [-71.111584, 42.33764800000001], [-71.111378, 42.33688300000001], [-71.11165199999999, 42.336696], [-71.11145599999999, 42.335898], [-71.110693, 42.335324], [-71.11237899999999, 42.33373599999997], [-71.113162, 42.33257499999999], [-71.113784, 42.33059600000001], [-71.114775, 42.328987999999995], [-71.11471499999999, 42.32856100000001], [-71.114869, 42.328472999999995], [-71.114992, 42.32861900000001], [-71.115116, 42.328427999999995], [-71.11501299999999, 42.32815899999999], [-71.115303, 42.32785700000004], [-71.115304, 42.32723999999998], [-71.115597, 42.326859999999996], [-71.11669700000002, 42.323694999999994], [-71.11955, 42.322551000000004], [-71.119586, 42.322685], [-71.121538, 42.323327000000006], [-71.121782, 42.32327000000001], [-71.12459299999999, 42.321596], [-71.127096, 42.31849700000001], [-71.13079499999999, 42.31449699999999], [-71.13650200000001, 42.306204], [-71.140096, 42.30217300000001], [-71.146883, 42.29728], [-71.15099599999999, 42.29499699999999], [-71.15219499999999, 42.294597], [-71.153196, 42.295498], [-71.156802, 42.29789600000001], [-71.15683899999999, 42.298058000000005], [-71.16150999999999, 42.30149399999999], [-71.16469700000002, 42.30369700000002], [-71.16599699999999, 42.30249699999999], [-71.17059499999999, 42.299799], [-71.178398, 42.29449699999999], [-71.191113, 42.28277399999999], [-71.191222, 42.28362299999999], [-71.19095700000001, 42.285329000000004], [-71.191012, 42.285893], [-71.192256, 42.28742600000001], [-71.19276099999999, 42.287810000000015], [-71.194187, 42.28847099999999], [-71.19482099999999, 42.288492999999995], [-71.195453, 42.288184], [-71.19552999999999, 42.28788499999999], [-71.196009, 42.287520000000015], [-71.196133, 42.28672999999999], [-71.196518, 42.28659599999998], [-71.200208, 42.287753], [-71.201313, 42.28860799999999], [-71.202704, 42.288609], [-71.20386599999999, 42.28887400000001], [-71.20509899999999, 42.289662000000014], [-71.20539099999999, 42.290300999999985], [-71.20548099999999, 42.291904], [-71.206096, 42.294036000000006], [-71.206924, 42.29552], [-71.20723699999999, 42.29663800000001], [-71.208029, 42.29740500000001], [-71.211007, 42.299296999999996], [-71.211603, 42.29994099999998], [-71.211759, 42.30078400000001], [-71.21108199999999, 42.302721], [-71.212057, 42.304814], [-71.213183, 42.30622399999999], [-71.214167, 42.30641099999999], [-71.216354, 42.30648599999999], [-71.218426, 42.306852999999975], [-71.22102500000001, 42.306473999999994], [-71.222495, 42.307134999999995], [-71.22369499999999, 42.307233], [-71.22534499999999, 42.307979], [-71.22667299999999, 42.308312], [-71.22721899999999, 42.30892499999999], [-71.227121, 42.309378], [-71.226411, 42.310255], [-71.22698299999999, 42.31141600000001], [-71.227124, 42.312589], [-71.22654299999999, 42.313181], [-71.226376, 42.314218], [-71.227145, 42.314748000000016], [-71.227567, 42.31525599999999], [-71.229131, 42.316188999999994], [-71.228915, 42.31636], [-71.229207, 42.316557], [-71.229762, 42.316613000000004], [-71.231364, 42.31616899999999], [-71.233682, 42.316623], [-71.23346000000001, 42.31589699999999], [-71.23358999999999, 42.315263], [-71.23442, 42.315279999999994], [-71.237665, 42.31324], [-71.238571, 42.31232], [-71.23933, 42.311881], [-71.239678, 42.31070099999997], [-71.239991, 42.310454], [-71.24244999999999, 42.30956399999999], [-71.245868, 42.307452000000005], [-71.2488, 42.30516], [-71.25151199999999, 42.303765999999996], [-71.25541, 42.300631999999986], [-71.262503, 42.29539200000001], [-71.279585, 42.283583000000014], [-71.290131, 42.27598999999999], [-71.29482399999999, 42.27301500000001], [-71.29478999999999, 42.27265499999999], [-71.294951, 42.272443], [-71.296456, 42.272639999999996], [-71.29753500000001, 42.272470000000006], [-71.297979, 42.27210099999999], [-71.298391, 42.271342], [-71.299492, 42.270773000000005], [-71.299632, 42.27018599999999], [-71.299478, 42.269991], [-71.298987, 42.270478000000004], [-71.298882, 42.270363999999994], [-71.299247, 42.269663], [-71.29946799999999, 42.26974800000001], [-71.299644, 42.26933599999999], [-71.29986199999999, 42.26932099999999], [-71.299936, 42.268471], [-71.300207, 42.267936999999996], [-71.30052400000001, 42.26762699999999], [-71.30115099999999, 42.267468], [-71.301053, 42.267112999999995], [-71.29880299999999, 42.266797999999994], [-71.297704, 42.26687599999999], [-71.29722199999999, 42.26658599999999], [-71.296657, 42.26650299999998], [-71.296205, 42.266130999999994], [-71.29575899999999, 42.26626699999999], [-71.295378, 42.26566299999999], [-71.29540399999999, 42.26520599999999], [-71.29514600000002, 42.26501400000001], [-71.294735, 42.26504999999999], [-71.294401, 42.265307], [-71.293517, 42.26642799999998], [-71.291748, 42.26720100000001], [-71.29110399999999, 42.267087999999994], [-71.290285, 42.26632399999999], [-71.28891399999999, 42.265896], [-71.28800199999999, 42.26534100000003], [-71.287425, 42.265229000000005], [-71.287134, 42.26602400000001], [-71.286545, 42.266083], [-71.285814, 42.265674999999995], [-71.284773, 42.264790999999995], [-71.2847, 42.264514999999996], [-71.284958, 42.26422200000001], [-71.28469299999999, 42.26376100000001], [-71.284724, 42.263264], [-71.28410500000001, 42.26260399999998], [-71.28077499999999, 42.26087799999999], [-71.279951, 42.260242], [-71.27933999999999, 42.26007399999999], [-71.278243, 42.26011200000001], [-71.27820299999999, 42.259416], [-71.27803999999999, 42.260104000000005], [-71.277435, 42.26044000000001], [-71.27672299999999, 42.26135000000001], [-71.276569, 42.26102899999999], [-71.275899, 42.260802999999974], [-71.27514099999999, 42.261124], [-71.275127, 42.26161300000001], [-71.272271, 42.26218000000001], [-71.271355, 42.262138], [-71.270848, 42.261563], [-71.270663, 42.26086799999998], [-71.270867, 42.260176999999985], [-71.27113, 42.260021], [-71.27149299999999, 42.25918000000001], [-71.271196, 42.25827599999999], [-71.270015, 42.257239000000006], [-71.267937, 42.25601], [-71.26702, 42.254915999999994], [-71.265596, 42.254304999999995], [-71.264911, 42.25470100000001], [-71.264747, 42.25539], [-71.26498099999999, 42.25617500000001], [-71.264853, 42.25680000000002], [-71.265155, 42.257066], [-71.26504899999999, 42.257857], [-71.265855, 42.25852600000001], [-71.266179, 42.259160000000016], [-71.266074, 42.25979500000001], [-71.265811, 42.259989], [-71.264444, 42.259452], [-71.263533, 42.2595], [-71.262998, 42.259002], [-71.262959, 42.25850500000001], [-71.26262299999999, 42.257991000000004], [-71.262216, 42.257704], [-71.259684, 42.256525], [-71.25729799999999, 42.255182000000005], [-71.25656, 42.255013999999996], [-71.254751, 42.25536099999999], [-71.252686, 42.255173000000006], [-71.25056099999999, 42.25592399999999], [-71.24927199999999, 42.25565599999999], [-71.248868, 42.255737999999994], [-71.24807299999999, 42.256482999999996], [-71.247286, 42.258005], [-71.246582, 42.258727], [-71.245672, 42.25924700000002], [-71.24422899999999, 42.25938399999998], [-71.240214, 42.259371], [-71.238829, 42.25990300000001], [-71.236772, 42.259947999999994], [-71.236122, 42.259817999999996], [-71.23319099999999, 42.258392], [-71.232404, 42.25847699999999], [-71.231882, 42.256623999999995], [-71.236212, 42.244884000000006], [-71.238407, 42.238431999999996], [-71.239235, 42.23645500000001], [-71.239845, 42.236734999999996], [-71.24083499999999, 42.23594600000002], [-71.24090699999999, 42.235535000000006], [-71.240278, 42.232642], [-71.246093, 42.21600600000001], [-71.246877, 42.214443], [-71.250325, 42.205487000000005], [-71.251368, 42.202596000000014], [-71.251263, 42.202506000000014], [-71.25393, 42.20269299999998], [-71.257061, 42.203758], [-71.25977, 42.20419], [-71.26088, 42.2042], [-71.263548, 42.203476], [-71.26746, 42.20103900000001], [-71.269448, 42.20060200000001], [-71.267879, 42.209433000000004], [-71.269024, 42.21218799999999], [-71.269432, 42.213665000000006], [-71.270434, 42.215539], [-71.338538, 42.215029], [-71.339553, 42.21402299999998], [-71.340171, 42.21384899999999], [-71.341388, 42.214318999999996], [-71.34664599999999, 42.215604], [-71.347194, 42.215470999999994], [-71.349023, 42.21454299999999], [-71.35027, 42.213636], [-71.35091899999999, 42.21260700000001], [-71.351591, 42.211044], [-71.351657, 42.209832999999996], [-71.351434, 42.208997999999994], [-71.35203299999999, 42.207770000000004], [-71.35199000000001, 42.20724499999999], [-71.351029, 42.206139999999984], [-71.34958999999999, 42.205185], [-71.34803099999999, 42.204682999999996], [-71.346792, 42.20484699999999], [-71.346549, 42.20473899999998], [-71.34653000000002, 42.20417500000001], [-71.346847, 42.20371399999999], [-71.346239, 42.202647000000006], [-71.345563, 42.20204700000001], [-71.34429899999999, 42.20138600000001], [-71.344106, 42.20112], [-71.344235, 42.20042200000001], [-71.345004, 42.199356000000016], [-71.344746, 42.198794], [-71.344259, 42.19852799999999], [-71.34397799999999, 42.198561], [-71.34376999999999, 42.19878900000002], [-71.343522, 42.19979299999999], [-71.343226, 42.19989599999999], [-71.34277399999999, 42.19976999999999], [-71.342339, 42.199371], [-71.342699, 42.198941], [-71.342714, 42.19828999999999], [-71.341595, 42.198267], [-71.340789, 42.19795199999999], [-71.340222, 42.19798200000001], [-71.339974, 42.19764399999998], [-71.339945, 42.197157], [-71.339271, 42.19703300000001], [-71.33929599999999, 42.19648999999998], [-71.33828299999999, 42.196034], [-71.33824299999999, 42.195704000000006], [-71.33850199999999, 42.19540299999999], [-71.338898, 42.195268999999996], [-71.340003, 42.19530100000001], [-71.340345, 42.194939], [-71.340324, 42.194691999999996], [-71.340082, 42.194474], [-71.339248, 42.194592], [-71.338897, 42.194369999999985], [-71.33911499999999, 42.19403399999999], [-71.339919, 42.19388199999999], [-71.339309, 42.193393], [-71.33949, 42.19288499999998], [-71.339167, 42.19170200000001], [-71.33925200000002, 42.190687], [-71.33894900000001, 42.190598000000016], [-71.338602, 42.19109799999998], [-71.338155, 42.191296], [-71.3368, 42.191353], [-71.33582299999999, 42.191167999999976], [-71.335656, 42.191002], [-71.33559199999999, 42.189695], [-71.335207, 42.18867100000001], [-71.33458399999999, 42.188585], [-71.33295199999999, 42.18895399999999], [-71.331895, 42.18873000000001], [-71.330634, 42.187804], [-71.330485, 42.186947], [-71.32879, 42.186679], [-71.32845, 42.186443000000004], [-71.32847, 42.18616799999999], [-71.329565, 42.185419], [-71.329551, 42.18508600000002], [-71.328823, 42.18495299999999], [-71.32781400000002, 42.185035], [-71.327624, 42.18475699999999], [-71.327782, 42.184435000000015], [-71.327563, 42.18420800000001], [-71.32601799999999, 42.184167], [-71.325958, 42.183927], [-71.32630999999999, 42.18363399999999], [-71.32646199999999, 42.182705], [-71.325874, 42.18240399999999], [-71.325332, 42.18165599999999], [-71.324288, 42.181403], [-71.3232, 42.18147700000001], [-71.322519, 42.18116200000001], [-71.321482, 42.18022999999999], [-71.32023099999999, 42.18000800000002], [-71.320135, 42.179713], [-71.32041699999999, 42.179483000000005], [-71.320848, 42.17859399999999], [-71.320657, 42.178362], [-71.32012999999999, 42.178461000000006], [-71.319919, 42.178808999999994], [-71.319456, 42.178885999999984], [-71.318497, 42.17848000000001], [-71.318175, 42.17813], [-71.318184, 42.17777499999999], [-71.31928599999999, 42.175939000000014], [-71.31876199999999, 42.174476999999996], [-71.318773, 42.17415800000001], [-71.319069, 42.173870999999984], [-71.319813, 42.174279], [-71.320038, 42.173668000000006], [-71.32031599999999, 42.173488000000006], [-71.32229699999999, 42.17378999999996], [-71.322977, 42.17363100000001], [-71.32320399999999, 42.17345000000001], [-71.323212, 42.17323899999999], [-71.322587, 42.17254700000001], [-71.322873, 42.17252600000001], [-71.323871, 42.172959], [-71.323751, 42.172069999999984], [-71.324024, 42.171897], [-71.324309, 42.17197699999999], [-71.324325, 42.17236500000001], [-71.32447700000002, 42.172445999999994], [-71.325273, 42.17216600000001], [-71.325871, 42.17307799999999], [-71.326562, 42.17252099999999], [-71.327844, 42.172745999999975], [-71.328261, 42.172509], [-71.329042, 42.17163600000001], [-71.330291, 42.17102200000001], [-71.331481, 42.17098800000001], [-71.33197400000002, 42.17070199999998], [-71.332359, 42.170171999999994], [-71.333151, 42.169785999999995], [-71.333002, 42.169435], [-71.332082, 42.169225], [-71.332864, 42.16854099999998], [-71.332854, 42.16834399999998], [-71.33253599999999, 42.168313], [-71.33163400000001, 42.16863199999999], [-71.33128400000001, 42.16851700000002], [-71.331154, 42.168257], [-71.331822, 42.16762699999999], [-71.33336299999999, 42.16720900000001], [-71.333849, 42.16664999999999], [-71.333471, 42.16604499999999], [-71.332616, 42.166205000000005], [-71.33243999999999, 42.166101], [-71.332426, 42.16592399999998], [-71.33297100000001, 42.16538999999997], [-71.332593, 42.164632000000005], [-71.332684, 42.16376400000001], [-71.332285, 42.163717], [-71.331178, 42.164337999999994], [-71.33086999999999, 42.164039], [-71.331391, 42.162839000000005], [-71.332381, 42.16204299999999], [-71.332167, 42.161865], [-71.33084699999999, 42.16170100000001], [-71.331028, 42.16142700000001], [-71.331777, 42.16130699999999], [-71.331947, 42.161080000000005], [-71.33173699999999, 42.160855000000005], [-71.330816, 42.16067199999999], [-71.330675, 42.16020899999998], [-71.33095, 42.15988100000001], [-71.33167, 42.159836999999996], [-71.33197899999999, 42.160382], [-71.332365, 42.160492000000005], [-71.333073, 42.159378999999994], [-71.33301600000001, 42.158957999999984], [-71.332561, 42.158373999999995], [-71.33151, 42.15804199999998], [-71.33140999999999, 42.15778399999999], [-71.331696, 42.157574999999994], [-71.332773, 42.15768800000001], [-71.333974, 42.15666900000002], [-71.334148, 42.15630600000001], [-71.333883, 42.155477], [-71.33381899999999, 42.154591], [-71.334093, 42.15394799999999], [-71.335014, 42.15338800000001], [-71.336214, 42.15316000000001], [-71.336231, 42.152688999999995], [-71.336383, 42.152509999999985], [-71.338849, 42.15108], [-71.339638, 42.14941599999998], [-71.322734, 42.14930600000002], [-71.31345999999999, 42.149519999999974], [-71.309215, 42.14932], [-71.30467, 42.14944200000002], [-71.303735, 42.14941], [-71.30342900000001, 42.14875], [-71.30294099999999, 42.148524999999985], [-71.30268099999999, 42.148585], [-71.30260299999999, 42.14897799999999], [-71.30217999999999, 42.149090000000015], [-71.302133, 42.14883], [-71.30183699999999, 42.148588], [-71.301847, 42.148236999999995], [-71.30108899999999, 42.148278999999995], [-71.30070599999999, 42.14810599999999], [-71.300853, 42.147532], [-71.300248, 42.14746300000001], [-71.300005, 42.14724699999999], [-71.30031799999999, 42.146948], [-71.300252, 42.146584], [-71.300454, 42.146373], [-71.300073, 42.145764], [-71.300527, 42.14507100000001], [-71.300327, 42.144808999999995], [-71.300337, 42.144471], [-71.299736, 42.143834999999996], [-71.300189, 42.143312], [-71.300296, 42.142886999999995], [-71.300021, 42.14217199999998], [-71.299437, 42.141845999999994], [-71.29933299999999, 42.14143399999999], [-71.299671, 42.141048999999995], [-71.29898899999999, 42.140184], [-71.299194, 42.13952699999999], [-71.299007, 42.139283], [-71.299076, 42.138841], [-71.299778, 42.13848000000001], [-71.30021900000001, 42.138629], [-71.300585, 42.138315], [-71.30060600000002, 42.137923000000015], [-71.30095600000001, 42.137823], [-71.30108, 42.134966], [-71.30045, 42.13176999999999], [-71.29968, 42.130599999999994], [-71.29966999999999, 42.12778000000001], [-71.29929, 42.12688], [-71.29894, 42.1265], [-71.29988999999999, 42.12606], [-71.29716599999999, 42.121091], [-71.296737, 42.11986499999999], [-71.297021, 42.11932099999999], [-71.29668099999999, 42.118977], [-71.296894, 42.118486], [-71.295957, 42.117457], [-71.28846399999999, 42.104185], [-71.2886, 42.10401], [-71.288909, 42.10403499999998], [-71.288291, 42.10289], [-71.288033, 42.103422], [-71.280023, 42.08920299999999], [-71.271514, 42.098898000000005], [-71.264301, 42.101434000000005], [-71.263452, 42.10184], [-71.26245999999999, 42.10265], [-71.261651, 42.10228199999999], [-71.257459, 42.10376899999998], [-71.253672, 42.10535000000002], [-71.251609, 42.105911], [-71.245716, 42.10640499999999], [-71.244434, 42.106394], [-71.244281, 42.10598], [-71.238821, 42.10627399999999], [-71.23857799999999, 42.109525], [-71.23874400000001, 42.112457000000006], [-71.238241, 42.113018], [-71.238547, 42.114161], [-71.23919099999999, 42.115134], [-71.239329, 42.115969], [-71.239175, 42.116823], [-71.238914, 42.11703099999998], [-71.238621, 42.117784], [-71.238944, 42.118114999999996], [-71.238912, 42.11845799999998], [-71.239081, 42.11867600000001], [-71.23900400000001, 42.119078], [-71.239403, 42.120061], [-71.240093, 42.12078099999999], [-71.239187, 42.12096100000002], [-71.238818, 42.12128299999999], [-71.238112, 42.12140499999999], [-71.23767, 42.121998000000005], [-71.237842, 42.122214000000014], [-71.23778, 42.122420000000005], [-71.23627100000002, 42.12228500000001], [-71.233261, 42.12348399999999], [-71.23302699999999, 42.123135999999995], [-71.23106, 42.12341], [-71.23228700000001, 42.12480199999999], [-71.232639, 42.12491000000001], [-71.23263399999999, 42.125159999999994], [-71.233307, 42.125958999999995], [-71.233475, 42.128569], [-71.232201, 42.13059399999999], [-71.231945, 42.13150699999999], [-71.23088899999999, 42.131935999999996], [-71.229953, 42.133257], [-71.227796, 42.134654000000005], [-71.227375, 42.135042000000006], [-71.226863, 42.135901000000004], [-71.226097, 42.135514], [-71.22583999999999, 42.13570499999999], [-71.225651, 42.13556300000001], [-71.22427400000001, 42.13619500000001], [-71.22439, 42.13626], [-71.220086, 42.13805999999997], [-71.216374, 42.139399], [-71.21462799999999, 42.140235999999994], [-71.214252, 42.14080899999998], [-71.210915, 42.142347], [-71.20997899999999, 42.142481999999994], [-71.20620000000001, 42.144347], [-71.201409, 42.14644900000001], [-71.200152, 42.146639000000015], [-71.19322199999999, 42.150223], [-71.18647399999999, 42.15330200000001], [-71.187272, 42.15574499999998], [-71.18845, 42.160754000000004], [-71.188011, 42.16108599999998], [-71.186554, 42.161195], [-71.185648, 42.16193100000001], [-71.18459, 42.16225100000001], [-71.182864, 42.163793], [-71.18167, 42.16460999999999], [-71.181308, 42.165228000000006], [-71.18097999999999, 42.165404], [-71.180391, 42.165415], [-71.179786, 42.16622799999999], [-71.179503, 42.165475], [-71.177853, 42.16602299999998], [-71.177624, 42.16438299999998]]]}}, {"type": "Feature", "properties": {"district_name": "1st Congressional District", "chamber": "us-house", "vintage": "2001-2010", "lean_dem_share": 0.5805, "competitiveness": "Likely", "competitiveness_label": "Likely D", "party_favored": "Democratic", "url": "/district/us-house-1st-congressional-district-2001-2010/", "latest_year": 2010, "is_uncontested": false, "turnout_ratio": 1.0571, "winner_name": "John W. Olver", "winner_party": "Democratic", "winner_war": -0.0781, "winner_lean_component": 0.3846, "winner_tide_component": 0.0345, "winner_incumbency_adjustment": 0.035, "winner_demographics_component": null, "winner_fundraising_component": null}, "geometry": {"type": "MultiPolygon", "coordinates": [[[[-72.547397, 42.218388], [-72.547386, 42.21797199999999], [-72.547594, 42.218477], [-72.547397, 42.218388]]], [[[-73.416395, 42.33663500000002], [-73.375196, 42.447921], [-73.37449, 42.450202999999995], [-73.363312, 42.479923], [-73.362768, 42.481955], [-73.362064, 42.48323500000001], [-73.356894, 42.49836], [-73.356031, 42.500018], [-73.352527, 42.510002], [-73.347303, 42.52415399999999], [-73.343792, 42.533297999999995], [-73.309828, 42.625080999999994], [-73.293887, 42.66745200000001], [-73.264957, 42.74593999999998], [-73.249554, 42.74583], [-73.24522499999999, 42.745509999999996], [-73.142485, 42.743587999999995], [-73.119571, 42.74330699999999], [-73.08988099999999, 42.74241400000002], [-73.07301799999999, 42.742084000000006], [-73.07128, 42.742205999999996], [-73.048041, 42.741481], [-73.01864499999999, 42.74105899999999], [-72.923563, 42.73916399999999], [-72.809113, 42.736581000000015], [-72.721319, 42.734099], [-72.570932, 42.73014800000001], [-72.437778, 42.726282], [-72.285996, 42.72162599999998], [-72.124526, 42.717637], [-72.010693, 42.71415], [-72.000844, 42.714079999999996], [-71.98140200000002, 42.713295], [-71.936076, 42.712436000000004], [-71.85977, 42.71048700000002], [-71.745815, 42.70728699999997], [-71.726812, 42.706984], [-71.642015, 42.70489], [-71.63181399999999, 42.704788], [-71.622214, 42.70428800000001], [-71.62014599999999, 42.70439400000001], [-71.597413, 42.703787999999996], [-71.542411, 42.70268899999999], [-71.54344100000002, 42.701153999999995], [-71.54399, 42.69920100000001], [-71.544616, 42.69853], [-71.547241, 42.696569000000004], [-71.54843199999999, 42.69518799999999], [-71.54979, 42.694127], [-71.550873, 42.693608999999995], [-71.552262, 42.69332600000001], [-71.553101, 42.692646999999994], [-71.55422999999999, 42.691243], [-71.555512, 42.69045799999999], [-71.556443, 42.689321], [-71.55660999999999, 42.688581], [-71.556473, 42.684895999999995], [-71.556382, 42.68415600000001], [-71.555695, 42.682522999999996], [-71.55592399999999, 42.680242000000014], [-71.555512, 42.67868900000001], [-71.555813, 42.67771799999999], [-71.556103, 42.67729799999999], [-71.557112, 42.676489], [-71.538911, 42.674288999999995], [-71.532572, 42.669050999999996], [-71.53658, 42.663469000000006], [-71.53746799999999, 42.663306999999996], [-71.541788, 42.660650999999994], [-71.549842, 42.65928499999998], [-71.549363, 42.659145999999986], [-71.55609700000001, 42.657636], [-71.555035, 42.659582], [-71.556597, 42.65963400000002], [-71.55783699999999, 42.659261], [-71.570281, 42.65714299999999], [-71.57354099999999, 42.658674000000005], [-71.574602, 42.658812], [-71.576957, 42.65477800000001], [-71.578887, 42.65441399999999], [-71.579436, 42.65415000000001], [-71.57910000000001, 42.65138500000001], [-71.57992899999999, 42.649289], [-71.57985, 42.64791099999999], [-71.580432, 42.646800000000006], [-71.58163499999999, 42.64563500000001], [-71.582081, 42.64434399999999], [-71.58261999999999, 42.644037000000004], [-71.582961, 42.64413799999999], [-71.58321300000001, 42.644525], [-71.583568, 42.645756999999996], [-71.584473, 42.64641999999999], [-71.585694, 42.646589], [-71.58664, 42.64629099999999], [-71.586914, 42.64604699999999], [-71.58717399999999, 42.64542900000001], [-71.58706699999999, 42.644994000000004], [-71.586212, 42.644330000000004], [-71.58606, 42.643902999999995], [-71.586914, 42.64226300000001], [-71.58701099999999, 42.640741], [-71.58728599999999, 42.63956900000001], [-71.58819600000001, 42.637783999999996], [-71.588425, 42.63743300000001], [-71.588852, 42.63719699999999], [-71.589508, 42.63712800000001], [-71.591431, 42.637454999999996], [-71.592134, 42.63721700000001], [-71.59236299999999, 42.636964000000006], [-71.592426, 42.636567], [-71.592298, 42.636397], [-71.591555, 42.635985], [-71.591262, 42.63572800000001], [-71.591248, 42.635501999999995], [-71.591478, 42.635183000000005], [-71.592832, 42.63434000000001], [-71.593087, 42.63383], [-71.59311199999999, 42.63336699999999], [-71.592958, 42.63312199999999], [-71.59234599999999, 42.632836000000005], [-71.590195, 42.632963], [-71.589128, 42.63286399999999], [-71.588653, 42.632451], [-71.588483, 42.631965], [-71.588043, 42.631626999999995], [-71.587874, 42.63115299999999], [-71.587919, 42.630832999999974], [-71.58847, 42.630438000000005], [-71.591601, 42.629926000000005], [-71.59320799999999, 42.62905399999999], [-71.593628, 42.628478], [-71.593704, 42.628034999999976], [-71.59308, 42.62668999999999], [-71.593366, 42.626642000000025], [-71.593308, 42.62631700000001], [-71.593623, 42.626247000000006], [-71.59598799999999, 42.62633699999999], [-71.59715299999999, 42.62601999999999], [-71.59915, 42.625813], [-71.600309, 42.625972], [-71.60091, 42.62625400000001], [-71.60161599999999, 42.626981], [-71.603562, 42.629864], [-71.604828, 42.63081899999999], [-71.605621, 42.631025999999984], [-71.60657599999999, 42.63079400000001], [-71.607123, 42.630468], [-71.607502, 42.628333000000005], [-71.610425, 42.628659], [-71.611931, 42.628237], [-71.614165, 42.62840300000001], [-71.616346, 42.62965399999999], [-71.618325, 42.63024600000001], [-71.619585, 42.631178], [-71.624748, 42.63297999999998], [-71.640953, 42.639212], [-71.642455, 42.64078200000001], [-71.647021, 42.644113000000004], [-71.648257, 42.64389499999999], [-71.650362, 42.64461399999998], [-71.651978, 42.64540799999999], [-71.65378, 42.64667800000001], [-71.656511, 42.649744], [-71.657714, 42.64998900000001], [-71.657913, 42.649648], [-71.660414, 42.63508900000001], [-71.663167, 42.628819], [-71.661807, 42.625623999999995], [-71.66184600000001, 42.62518499999999], [-71.66362500000001, 42.61723], [-71.670937, 42.577158999999995], [-71.674438, 42.55742000000002], [-71.674301, 42.557361], [-71.674714, 42.55459], [-71.675314, 42.552189999999996], [-71.675414, 42.54979], [-71.676417, 42.545275], [-71.677015, 42.541751000000005], [-71.67773, 42.539397], [-71.67898, 42.53035099999999], [-71.687214, 42.53169000000001], [-71.702315, 42.53380399999999], [-71.711021, 42.523017], [-71.711187, 42.52251], [-71.71194, 42.52159699999999], [-71.712542, 42.52109199999999], [-71.71667599999999, 42.518937], [-71.719033, 42.507590999999984], [-71.72232799999999, 42.493845], [-71.722713, 42.49048099999998], [-71.72343599999999, 42.488048], [-71.72391999999999, 42.48553700000001], [-71.727648, 42.474699], [-71.71785899999999, 42.473231], [-71.718868, 42.462084], [-71.718743, 42.43540599999999], [-71.71824699999999, 42.42593000000001], [-71.71811799999999, 42.41047499999999], [-71.718362, 42.410263999999984], [-71.72137, 42.409276000000006], [-71.72572199999999, 42.3903], [-71.74151499999999, 42.386792], [-71.741918, 42.392651999999984], [-71.750872, 42.396133999999996], [-71.764022, 42.400446], [-71.769727, 42.400603999999994], [-71.770268, 42.40047800000001], [-71.777695, 42.400315], [-71.78651599999999, 42.398691], [-71.787616, 42.399191], [-71.796954, 42.400590000000015], [-71.804897, 42.39836900000001], [-71.801631, 42.401182], [-71.801678, 42.40132800000001], [-71.81731599999999, 42.403890999999994], [-71.826579, 42.42101600000001], [-71.831773, 42.43161100000001], [-71.821561, 42.438914999999994], [-71.81599899999999, 42.44235], [-71.812572, 42.444891], [-71.81298699999999, 42.44498799999999], [-71.813465, 42.44561299999999], [-71.815095, 42.445584], [-71.81689899999999, 42.44619499999999], [-71.81748999999999, 42.446244000000014], [-71.818176, 42.446595], [-71.8186, 42.446909000000005], [-71.819299, 42.448108], [-71.81945600000002, 42.44869699999999], [-71.819262, 42.449435], [-71.819514, 42.45002600000001], [-71.821012, 42.450453], [-71.821193, 42.45065100000001], [-71.82118299999999, 42.450979000000004], [-71.820511, 42.45154000000001], [-71.820396, 42.452178999999994], [-71.821935, 42.45382399999999], [-71.822216, 42.454651999999996], [-71.822109, 42.45638499999999], [-71.82369, 42.458121999999996], [-71.823972, 42.458956000000015], [-71.82393499999999, 42.461037000000005], [-71.82409899999999, 42.461526], [-71.82482499999999, 42.46194499999999], [-71.825834, 42.463077999999975], [-71.826998, 42.463744], [-71.827317, 42.464990000000014], [-71.827815, 42.465826000000014], [-71.82791399999999, 42.466967000000004], [-71.82807799999999, 42.46716899999999], [-71.82790500000002, 42.467309], [-71.827904, 42.468328], [-71.828295, 42.469170999999996], [-71.827826, 42.470826], [-71.828008, 42.47184599999999], [-71.833615, 42.479869999999984], [-71.83566499999999, 42.483511], [-71.82981699999999, 42.49189], [-71.82211699999999, 42.504190000000015], [-71.84221699999999, 42.51258999999999], [-71.841775, 42.51464299999999], [-71.844869, 42.514393], [-71.84658, 42.51463400000001], [-71.847066, 42.51451699999999], [-71.847037, 42.515002], [-71.847549, 42.514987], [-71.849357, 42.51781600000001], [-71.85661499999999, 42.51908499999998], [-71.86071799999999, 42.51648999999999], [-71.86451799999999, 42.51679], [-71.879918, 42.50539], [-71.884596, 42.502505], [-71.909711, 42.48439499999999], [-71.91981899999999, 42.49099000000001], [-71.928719, 42.48538999999998], [-71.931985, 42.48296500000001], [-71.931344, 42.482785], [-71.91984099999999, 42.47482499999998], [-71.93191999999999, 42.467209999999994], [-71.93712, 42.464174], [-71.94494999999999, 42.45914500000001], [-71.952111, 42.454893000000006], [-71.96300699999999, 42.44797500000003], [-71.981256, 42.43686699999999], [-71.98140099999999, 42.436344999999996], [-71.980848, 42.43235], [-71.99271999999999, 42.42989], [-72.007189, 42.421172], [-72.007628, 42.42076799999999], [-72.035336, 42.403797000000004], [-72.03132000000001, 42.395768], [-72.02059799999999, 42.37535200000001], [-72.019294, 42.37172000000001], [-72.013227, 42.35870100000001], [-72.012205, 42.356897000000004], [-71.996524, 42.324681999999996], [-71.99378, 42.31933599999999], [-71.989503, 42.310154999999995], [-71.994298, 42.310047999999995], [-71.996708, 42.30983499999999], [-71.998933, 42.309915000000004], [-72.00049, 42.315727], [-72.007143, 42.309092], [-72.041777, 42.30820499999998], [-72.118293, 42.302045], [-72.124522, 42.295276000000015], [-72.12929799999999, 42.290421], [-72.135066, 42.28076499999998], [-72.123602, 42.27961599999999], [-72.117649, 42.278609], [-72.12100699999999, 42.271739999999994], [-72.124521, 42.263964], [-72.119289, 42.257793000000014], [-72.113475, 42.252375], [-72.11722700000001, 42.24294599999998], [-72.115488, 42.241405], [-72.111283, 42.238538999999996], [-72.112742, 42.233199], [-72.11868799999999, 42.230985999999994], [-72.119038, 42.21849999999999], [-72.119767, 42.21381499999999], [-72.121909, 42.214658], [-72.123674, 42.21563], [-72.127691, 42.219213], [-72.129826, 42.22087000000002], [-72.142257, 42.197452], [-72.139642, 42.179534], [-72.147261, 42.18139600000001], [-72.153807, 42.207052999999995], [-72.169979, 42.232369999999996], [-72.170808, 42.233101000000005], [-72.171054, 42.234266], [-72.173383, 42.235239000000014], [-72.17506800000001, 42.236607000000014], [-72.17693100000001, 42.23698599999999], [-72.177388, 42.237233999999994], [-72.17822699999999, 42.239414000000004], [-72.178839, 42.24277399999999], [-72.17963999999999, 42.245657000000016], [-72.179912, 42.246255999999995], [-72.181184, 42.246051], [-72.181788, 42.24757100000001], [-72.182002, 42.24779099999999], [-72.18234400000001, 42.251253000000005], [-72.211167, 42.251123], [-72.211095, 42.250091999999974], [-72.210695, 42.248748], [-72.21046, 42.24720499999999], [-72.21439099999999, 42.247556], [-72.2145, 42.24907399999999], [-72.218068, 42.248605], [-72.221296, 42.24518899999999], [-72.247013, 42.242094], [-72.257476, 42.229852], [-72.268196, 42.22924399999999], [-72.27045199999999, 42.236812], [-72.271396, 42.23612399999999], [-72.273772, 42.235847], [-72.27767, 42.233103], [-72.281295, 42.235019999999984], [-72.335056, 42.22039799999998], [-72.335638, 42.220155999999996], [-72.336086, 42.219547999999996], [-72.336854, 42.21910000000002], [-72.338326, 42.21893999999998], [-72.340134, 42.219036], [-72.34237399999999, 42.218604], [-72.343558, 42.21798], [-72.34567, 42.21631599999999], [-72.345974, 42.21583600000001], [-72.345942, 42.214844], [-72.34541399999999, 42.212635999999996], [-72.345574, 42.211772], [-72.34631, 42.210652], [-72.34711, 42.21002799999999], [-72.348118, 42.210075999999994], [-72.349238, 42.209915999999986], [-72.34957399999999, 42.20900399999999], [-72.35135, 42.20732400000001], [-72.352374, 42.20690799999998], [-72.35347800000001, 42.206956], [-72.35386199999999, 42.207291999999995], [-72.354775, 42.208732000000005], [-72.355943, 42.20902000000001], [-72.357079, 42.20866799999998], [-72.359127, 42.206076], [-72.359831, 42.205484999999996], [-72.360519, 42.20521299999999], [-72.360935, 42.20521299999999], [-72.36170299999999, 42.20564499999999], [-72.36282299999999, 42.205980000000004], [-72.36282299999999, 42.206363999999986], [-72.361783, 42.20693999999998], [-72.362071, 42.20725999999999], [-72.362871, 42.20746799999998], [-72.363575, 42.207404000000004], [-72.36413499999999, 42.20716399999999], [-72.364583, 42.206748], [-72.36474299999999, 42.20606000000001], [-72.36445499999999, 42.20289300000001], [-72.36312699999999, 42.201629], [-72.36242299999999, 42.199453000000005], [-72.36231099999999, 42.19839699999997], [-72.362775, 42.197917000000004], [-72.363559, 42.197532999999986], [-72.363495, 42.19719699999999], [-72.363079, 42.196909000000005], [-72.361719, 42.197037], [-72.36071100000001, 42.196909000000005], [-72.359943, 42.19639699999998], [-72.359479, 42.195309], [-72.358871, 42.19438100000001], [-72.35925499999999, 42.19409299999999], [-72.361175, 42.194349], [-72.361495, 42.193965], [-72.36131900000001, 42.19298900000001], [-72.360423, 42.19023699999999], [-72.35821899999999, 42.18980199999999], [-72.390304, 42.186254], [-72.39549199999999, 42.185811999999984], [-72.403947, 42.231847], [-72.418888, 42.230427999999996], [-72.427229, 42.22929200000001], [-72.44714499999999, 42.22734], [-72.46443, 42.225392000000014], [-72.47843, 42.223592000000025], [-72.48062999999999, 42.22349200000001], [-72.546356, 42.216489], [-72.54767, 42.22074500000001], [-72.548406, 42.220454], [-72.548807, 42.22191299999999], [-72.54959, 42.22350399999999], [-72.54969799999999, 42.224847999999994], [-72.549346, 42.22614900000001], [-72.555365, 42.24617099999998], [-72.558542, 42.280438000000004], [-72.546987, 42.285073000000004], [-72.543306, 42.28580500000001], [-72.54114899999999, 42.286576999999994], [-72.5407, 42.287147000000004], [-72.54046, 42.288667000000004], [-72.53991599999999, 42.289754999999985], [-72.540156, 42.29156300000001], [-72.539788, 42.292763], [-72.53854, 42.293722999999986], [-72.53812400000001, 42.29423399999999], [-72.536524, 42.29466699999999], [-72.535052, 42.295418999999995], [-72.53320699999999, 42.29740799999999], [-72.53209799999999, 42.297869], [-72.531252, 42.29795800000001], [-72.527919, 42.299881000000006], [-72.52790999999999, 42.301607999999995], [-72.531228, 42.30355999999998], [-72.534956, 42.30408899999999], [-72.537928, 42.320122999999995], [-72.540819, 42.319595], [-72.535916, 42.359960999999984], [-72.536924, 42.35997699999999], [-72.53646599999999, 42.36487900000001], [-72.53643799999999, 42.365085000000015], [-72.535636, 42.36546599999998], [-72.535451, 42.366845], [-72.535304, 42.366834], [-72.532584, 42.389683000000005], [-72.532253, 42.395491], [-72.532055, 42.395765999999995], [-72.53146699999999, 42.40160100000001], [-72.53596999999999, 42.401368000000005], [-72.546787, 42.39996800000001], [-72.544062, 42.42710000000001], [-72.581106, 42.422504], [-72.579261, 42.41831199999998], [-72.578334, 42.41526999999999], [-72.577314, 42.412845999999995], [-72.57650799999999, 42.411604], [-72.575222, 42.408242], [-72.574825, 42.406012], [-72.574833, 42.403811], [-72.575319, 42.40081], [-72.57598899999999, 42.399398999999995], [-72.57724999999999, 42.39829500000001], [-72.578879, 42.39749800000001], [-72.580591, 42.39727800000001], [-72.584479, 42.398925000000006], [-72.58626799999999, 42.39910500000001], [-72.587994, 42.39905400000001], [-72.589548, 42.398004], [-72.590244, 42.39698700000002], [-72.59034199999999, 42.395954999999994], [-72.587266, 42.39168199999999], [-72.586598, 42.39064199999999], [-72.586185, 42.38961499999999], [-72.586389, 42.38889999999999], [-72.587453, 42.38750799999998], [-72.59041100000002, 42.380319], [-72.591974, 42.375088999999996], [-72.592029, 42.373464999999996], [-72.591917, 42.372313], [-72.591053, 42.369832999999986], [-72.58913299999999, 42.365801], [-72.588285, 42.364433999999996], [-72.587453, 42.36117199999999], [-72.58746900000001, 42.359593], [-72.58802899999999, 42.356553000000005], [-72.589175, 42.354397999999996], [-72.590701, 42.352752], [-72.59300499999999, 42.35120899999999], [-72.598349, 42.34984899999999], [-72.599661, 42.349593000000006], [-72.602093, 42.349433], [-72.611581, 42.34984899999999], [-72.616589, 42.35026500000001], [-72.621278, 42.350744999999996], [-72.62668599999999, 42.35168900000001], [-72.63104799999999, 42.351474999999986], [-72.634254, 42.351113000000005], [-72.6344, 42.35258099999999], [-72.634843, 42.35315100000001], [-72.636156, 42.35566000000001], [-72.63503399999999, 42.355889000000005], [-72.636495, 42.36056299999999], [-72.63793299999999, 42.36688599999999], [-72.640286, 42.375087], [-72.640511, 42.37535200000001], [-72.647725, 42.374579000000004], [-72.703535, 42.367188000000006], [-72.741264, 42.36256799999998], [-72.741259, 42.36033599999999], [-72.740163, 42.34790800000001], [-72.739355, 42.33444399999999], [-72.737689, 42.300288000000016], [-72.736772, 42.288709999999995], [-72.73662999999999, 42.283829], [-72.734663, 42.284285], [-72.694469, 42.28903499999999], [-72.684314, 42.29048], [-72.6722, 42.29168399999999], [-72.672141, 42.29030199999998], [-72.660136, 42.28929], [-72.660237, 42.288689999999995], [-72.656086, 42.289941999999996], [-72.65383299999999, 42.290389999999995], [-72.648652, 42.29176100000001], [-72.646048, 42.290339999999986], [-72.643832, 42.28851900000001], [-72.64207999999999, 42.288174000000005], [-72.640537, 42.284187], [-72.63743699999999, 42.28739], [-72.634849, 42.28538800000001], [-72.62952899999999, 42.28520599999999], [-72.62795299999999, 42.28622399999999], [-72.62768299999999, 42.286545], [-72.62523999999999, 42.287977], [-72.623807, 42.287724999999995], [-72.622799, 42.288092], [-72.622186, 42.288907], [-72.61823199999999, 42.29018800000001], [-72.615534, 42.290189999999996], [-72.613034, 42.28619], [-72.605633, 42.28479000000001], [-72.60133300000001, 42.281290000000006], [-72.598933, 42.26809], [-72.600133, 42.26538999999999], [-72.607918, 42.26017], [-72.61802999999999, 42.24807500000001], [-72.620189, 42.243576], [-72.62393399999999, 42.233691], [-72.62093399999999, 42.22929100000001], [-72.612934, 42.22499100000001], [-72.61023399999999, 42.218491000000014], [-72.607933, 42.216291000000005], [-72.602233, 42.213291000000005], [-72.60073299999999, 42.212790999999974], [-72.596633, 42.21189100000001], [-72.59343299999999, 42.211691], [-72.591781, 42.209829], [-72.590533, 42.20709199999998], [-72.590216, 42.20507799999999], [-72.590312, 42.20368099999998], [-72.591335, 42.20155599999998], [-72.593436, 42.199707000000004], [-72.594771, 42.19878299999999], [-72.60133100000002, 42.195095], [-72.60575299999999, 42.19172499999997], [-72.609696, 42.18984800000001], [-72.622434, 42.185392], [-72.626834, 42.178992], [-72.628534, 42.16829200000001], [-72.627634, 42.161992], [-72.62785199999999, 42.15463299999999], [-72.62703599999999, 42.15133499999999], [-72.626024, 42.14996799999999], [-72.622534, 42.14679299999998], [-72.618634, 42.143793], [-72.615634, 42.13859299999999], [-72.615566, 42.13573399999999], [-72.615841, 42.133791], [-72.62133399999999, 42.123393000000014], [-72.621534, 42.11839299999999], [-72.615883, 42.110833], [-72.614113, 42.10877000000001], [-72.60393300000001, 42.10339400000001], [-72.599432, 42.101425000000006], [-72.595202, 42.098894], [-72.591433, 42.095794000000005], [-72.588633, 42.092893999999994], [-72.59050500000001, 42.092220000000005], [-72.592612, 42.092588], [-72.595533, 42.09349399999999], [-72.59863299999999, 42.092893999999994], [-72.599633, 42.090194], [-72.59873300000001, 42.09029399999999], [-72.598533, 42.089893999999994], [-72.60033299999999, 42.088794], [-72.600511, 42.087799], [-72.600374, 42.08732499999998], [-72.60043399999999, 42.086439], [-72.601081, 42.085996], [-72.601686, 42.086101], [-72.604545, 42.08733399999999], [-72.607017, 42.08812099999999], [-72.610068, 42.08856100000001], [-72.613494, 42.087547], [-72.62029, 42.087684999999986], [-72.626808, 42.089884], [-72.629813, 42.092085999999995], [-72.630819, 42.094587000000004], [-72.63062, 42.09548699999999], [-72.62962399999999, 42.09748899999999], [-72.63112799999999, 42.099889999999995], [-72.633132, 42.10039], [-72.635393, 42.09985199999999], [-72.637259, 42.099062], [-72.638235, 42.09889300000001], [-72.641239, 42.09930000000002], [-72.645952, 42.099386999999986], [-72.651735, 42.097693], [-72.654766, 42.0973], [-72.656933, 42.09663000000001], [-72.658335, 42.09549399999999], [-72.66043499999999, 42.092194000000006], [-72.660477, 42.090876999999985], [-72.66089199999999, 42.08959199999999], [-72.660635, 42.08589399999999], [-72.662035, 42.08429400000001], [-72.663833, 42.08509500000002], [-72.666527, 42.087408999999994], [-72.668016, 42.09123], [-72.670284, 42.093334999999996], [-72.672716, 42.094762], [-72.673782, 42.09636500000002], [-72.675193, 42.097875], [-72.676385, 42.10048999999999], [-72.68117699999999, 42.100809000000005], [-72.681635, 42.101201], [-72.682959, 42.107042], [-72.683758, 42.10734600000001], [-72.686042, 42.10696699999999], [-72.688142, 42.106336], [-72.689667, 42.106365], [-72.694375, 42.10553199999999], [-72.695021, 42.10557], [-72.695461, 42.104741999999995], [-72.69568199999999, 42.10312], [-72.69630699999999, 42.102349999999994], [-72.699428, 42.095657], [-72.701664, 42.091546], [-72.701098, 42.091541000000014], [-72.705536, 42.08059400000001], [-72.706004, 42.080674], [-72.70672499999999, 42.073835], [-72.706144, 42.073516], [-72.708078, 42.06448399999999], [-72.707774, 42.060905999999996], [-72.709555, 42.052075], [-72.71097499999999, 42.049806000000004], [-72.711596, 42.048126999999994], [-72.712619, 42.043941000000004], [-72.712535, 42.042488000000006], [-72.712854, 42.039525000000005], [-72.71311899999999, 42.038908], [-72.714246, 42.03734899999999], [-72.714137, 42.03689499999999], [-72.714337, 42.03659499999999], [-72.755994, 42.036185999999994], [-72.756008, 42.035116000000016], [-72.75679099999999, 42.03417900000001], [-72.757175, 42.03334499999999], [-72.75511999999999, 42.032732], [-72.75370199999999, 42.032062999999994], [-72.75204, 42.03064400000001], [-72.75176499999999, 42.029792], [-72.75253300000001, 42.02824300000002], [-72.753776, 42.02720300000001], [-72.75452899999999, 42.025717], [-72.755703, 42.02478600000001], [-72.755965, 42.023958999999984], [-72.756671, 42.022757000000006], [-72.75642599999999, 42.021927999999996], [-72.757071, 42.02112200000001], [-72.75805199999999, 42.020865999999984], [-72.758934, 42.02096299999999], [-72.75910999999999, 42.021077999999996], [-72.759202, 42.02168400000001], [-72.759585, 42.02225500000001], [-72.76098000000002, 42.022753000000016], [-72.761555, 42.022594], [-72.762337, 42.02187900000003], [-72.763542, 42.021148000000004], [-72.76366399999999, 42.021159999999995], [-72.76393999999999, 42.021937000000015], [-72.765036, 42.022452], [-72.76522, 42.022281], [-72.765159, 42.021829], [-72.764622, 42.02167999999999], [-72.76444599999999, 42.021371], [-72.764608, 42.02070799999999], [-72.765275, 42.020400000000016], [-72.765569, 42.01989999999999], [-72.76553799999999, 42.01964700000001], [-72.76529099999999, 42.01961000000001], [-72.764439, 42.02005100000002], [-72.762807, 42.01974200000001], [-72.762309, 42.018117999999994], [-72.761933, 42.01770599999999], [-72.760998, 42.017294], [-72.76009499999999, 42.01748800000001], [-72.75988, 42.01739099999999], [-72.75971899999999, 42.017029999999984], [-72.75985899999999, 42.01656799999999], [-72.76079399999999, 42.01541899999999], [-72.760978, 42.014813000000004], [-72.76155399999999, 42.014281], [-72.762689, 42.013693], [-72.76321899999999, 42.01271599999999], [-72.76307299999999, 42.01207600000001], [-72.76241499999999, 42.011343], [-72.76194799999999, 42.010217], [-72.761366, 42.00988000000001], [-72.761473, 42.00930800000001], [-72.76177299999999, 42.008981999999996], [-72.76255499999999, 42.00860000000001], [-72.765238, 42.008326000000004], [-72.76613900000001, 42.00787299999998], [-72.766738, 42.002995], [-72.816741, 41.997595], [-72.813541, 42.036494000000005], [-72.84714199999999, 42.036894000000004], [-72.86184899999999, 42.037694], [-72.87477, 42.037651999999994], [-72.94005299999999, 42.038181], [-72.944321, 42.03870399999999], [-72.96628199999999, 42.03838], [-72.999549, 42.03865299999998], [-73.030063, 42.03919699999997], [-73.067663, 42.04014700000001], [-73.08705499999999, 42.04087999999997], [-73.148173, 42.04269699999999], [-73.229798, 42.044877], [-73.25546, 42.045795], [-73.293386, 42.046789999999994], [-73.29589299999999, 42.047025999999995], [-73.32674399999999, 42.047931999999996], [-73.42616799999999, 42.05048399999998], [-73.432812, 42.05058699999999], [-73.489524, 42.04960599999999], [-73.49687899999999, 42.04967499999999], [-73.507965, 42.085007000000004], [-73.50814199999999, 42.08625699999999], [-73.499563, 42.10999], [-73.49708799999999, 42.11628299999999], [-73.493119, 42.127666], [-73.48341599999999, 42.154448], [-73.416395, 42.33663500000002]]]]}}, {"type": "Feature", "properties": {"district_name": "2nd Congressional District", "chamber": "us-house", "vintage": "2001-2010", "lean_dem_share": 0.4952, "competitiveness": "Tossup", "competitiveness_label": "Tossup R", "party_favored": "Republican", "url": "/district/us-house-2nd-congressional-district-2001-2010/", "latest_year": 2010, "is_uncontested": false, "turnout_ratio": 1.1197, "winner_name": "Richard E. Neal", "winner_party": "Democratic", "winner_war": -0.0974, "winner_lean_component": 0.3451, "winner_tide_component": 0.0345, "winner_incumbency_adjustment": 0.035, "winner_demographics_component": null, "winner_fundraising_component": null}, "geometry": {"type": "Polygon", "coordinates": [[[-71.89077999999999, 42.024367999999996], [-71.98768, 42.02688399999999], [-72.023744, 42.027002], [-72.042479, 42.027369], [-72.063496, 42.027347], [-72.07342600000001, 42.02756199999998], [-72.118567, 42.029622999999994], [-72.126127, 42.029810000000005], [-72.144798, 42.03062099999999], [-72.148664, 42.030530000000006], [-72.241292, 42.03137400000001], [-72.248813, 42.031450000000014], [-72.249523, 42.03162599999999], [-72.299638, 42.031791], [-72.338926, 42.032116], [-72.34840799999999, 42.03240599999999], [-72.43786399999999, 42.033598999999995], [-72.458185, 42.03406300000002], [-72.479856, 42.03389800000001], [-72.509192, 42.03414099999999], [-72.51733, 42.034395], [-72.52814599999999, 42.034293999999996], [-72.55323, 42.03219499999999], [-72.573235, 42.03013999999998], [-72.582332, 42.02469500000001], [-72.590232, 42.02469500000001], [-72.598333, 42.02499499999999], [-72.606933, 42.02499499999999], [-72.607933, 42.030795], [-72.610833, 42.03099499999998], [-72.618134, 42.03109500000001], [-72.64165, 42.032295999999995], [-72.678434, 42.035594999999994], [-72.696388, 42.036801000000004], [-72.714137, 42.03689499999999], [-72.714246, 42.03734899999999], [-72.71311899999999, 42.038908], [-72.712854, 42.039525000000005], [-72.712535, 42.042488000000006], [-72.712619, 42.043941000000004], [-72.711596, 42.048126999999994], [-72.71097499999999, 42.049806000000004], [-72.709555, 42.052075], [-72.707774, 42.060905999999996], [-72.708078, 42.06448399999999], [-72.706144, 42.073516], [-72.70672499999999, 42.073835], [-72.706004, 42.080674], [-72.705536, 42.08059400000001], [-72.701098, 42.091541000000014], [-72.701664, 42.091546], [-72.699428, 42.095657], [-72.69630699999999, 42.102349999999994], [-72.69568199999999, 42.10312], [-72.695461, 42.104741999999995], [-72.695021, 42.10557], [-72.694375, 42.10553199999999], [-72.689667, 42.106365], [-72.688142, 42.106336], [-72.686042, 42.10696699999999], [-72.683758, 42.10734600000001], [-72.682959, 42.107042], [-72.681635, 42.101201], [-72.68117699999999, 42.100809000000005], [-72.676385, 42.10048999999999], [-72.675193, 42.097875], [-72.673782, 42.09636500000002], [-72.672716, 42.094762], [-72.670284, 42.093334999999996], [-72.668016, 42.09123], [-72.666527, 42.087408999999994], [-72.663833, 42.08509500000002], [-72.662035, 42.08429400000001], [-72.660635, 42.08589399999999], [-72.66089199999999, 42.08959199999999], [-72.660477, 42.090876999999985], [-72.66043499999999, 42.092194000000006], [-72.658335, 42.09549399999999], [-72.656933, 42.09663000000001], [-72.654766, 42.0973], [-72.651735, 42.097693], [-72.645952, 42.099386999999986], [-72.641239, 42.09930000000002], [-72.638235, 42.09889300000001], [-72.637259, 42.099062], [-72.635393, 42.09985199999999], [-72.633132, 42.10039], [-72.63112799999999, 42.099889999999995], [-72.62962399999999, 42.09748899999999], [-72.63062, 42.09548699999999], [-72.630819, 42.094587000000004], [-72.629813, 42.092085999999995], [-72.626808, 42.089884], [-72.62029, 42.087684999999986], [-72.613494, 42.087547], [-72.610068, 42.08856100000001], [-72.607017, 42.08812099999999], [-72.604545, 42.08733399999999], [-72.601686, 42.086101], [-72.601081, 42.085996], [-72.60043399999999, 42.086439], [-72.600374, 42.08732499999998], [-72.600511, 42.087799], [-72.60033299999999, 42.088794], [-72.598533, 42.089893999999994], [-72.59873300000001, 42.09029399999999], [-72.599633, 42.090194], [-72.59863299999999, 42.092893999999994], [-72.595533, 42.09349399999999], [-72.592612, 42.092588], [-72.59050500000001, 42.092220000000005], [-72.588633, 42.092893999999994], [-72.591433, 42.095794000000005], [-72.595202, 42.098894], [-72.599432, 42.101425000000006], [-72.60393300000001, 42.10339400000001], [-72.614113, 42.10877000000001], [-72.615883, 42.110833], [-72.621534, 42.11839299999999], [-72.62133399999999, 42.123393000000014], [-72.615841, 42.133791], [-72.615566, 42.13573399999999], [-72.615634, 42.13859299999999], [-72.618634, 42.143793], [-72.62393399999999, 42.14804200000001], [-72.626024, 42.14996799999999], [-72.62703599999999, 42.15133499999999], [-72.62785199999999, 42.15463299999999], [-72.627634, 42.161992], [-72.628534, 42.16829200000001], [-72.626834, 42.178992], [-72.622434, 42.185392], [-72.609696, 42.18984800000001], [-72.60575299999999, 42.19172499999997], [-72.60133100000002, 42.195095], [-72.594771, 42.19878299999999], [-72.592216, 42.200677000000006], [-72.591335, 42.20155599999998], [-72.590533, 42.20309000000002], [-72.59023499999999, 42.204129], [-72.590216, 42.20507799999999], [-72.590533, 42.20709199999998], [-72.59090499999999, 42.20768299999998], [-72.59138999999999, 42.20911399999999], [-72.591781, 42.209829], [-72.59343299999999, 42.211691], [-72.596633, 42.21189100000001], [-72.60073299999999, 42.212790999999974], [-72.602233, 42.213291000000005], [-72.607933, 42.216291000000005], [-72.61023399999999, 42.218491000000014], [-72.612934, 42.22499100000001], [-72.62093399999999, 42.22929100000001], [-72.62393399999999, 42.233691], [-72.620189, 42.243576], [-72.61802999999999, 42.24807500000001], [-72.607918, 42.26017], [-72.600133, 42.26538999999999], [-72.598933, 42.26809], [-72.60133300000001, 42.281290000000006], [-72.605633, 42.28479000000001], [-72.613034, 42.28619], [-72.615534, 42.290189999999996], [-72.61823199999999, 42.29018800000001], [-72.622186, 42.288907], [-72.622799, 42.288092], [-72.623807, 42.287724999999995], [-72.62523999999999, 42.287977], [-72.62768299999999, 42.286545], [-72.62795299999999, 42.28622399999999], [-72.62952899999999, 42.28520599999999], [-72.634849, 42.28538800000001], [-72.63743699999999, 42.28739], [-72.640537, 42.284187], [-72.64207999999999, 42.288174000000005], [-72.643832, 42.28851900000001], [-72.646048, 42.290339999999986], [-72.648652, 42.29176100000001], [-72.65383299999999, 42.290389999999995], [-72.656086, 42.289941999999996], [-72.660237, 42.288689999999995], [-72.660136, 42.28929], [-72.672141, 42.29030199999998], [-72.6722, 42.29168399999999], [-72.684314, 42.29048], [-72.694469, 42.28903499999999], [-72.734663, 42.284285], [-72.73662999999999, 42.283829], [-72.736772, 42.288709999999995], [-72.737689, 42.300288000000016], [-72.739355, 42.33444399999999], [-72.740163, 42.34790800000001], [-72.741259, 42.36033599999999], [-72.741264, 42.36256799999998], [-72.703535, 42.367188000000006], [-72.647725, 42.374579000000004], [-72.640511, 42.37535200000001], [-72.640286, 42.375087], [-72.63793299999999, 42.36688599999999], [-72.636495, 42.36056299999999], [-72.63503399999999, 42.355889000000005], [-72.636156, 42.35566000000001], [-72.634843, 42.35315100000001], [-72.6344, 42.35258099999999], [-72.634254, 42.351113000000005], [-72.63104799999999, 42.351474999999986], [-72.62668599999999, 42.35168900000001], [-72.621278, 42.350744999999996], [-72.616589, 42.35026500000001], [-72.611581, 42.34984899999999], [-72.602093, 42.349433], [-72.599661, 42.349593000000006], [-72.598349, 42.34984899999999], [-72.59300499999999, 42.35120899999999], [-72.590701, 42.352752], [-72.589175, 42.354397999999996], [-72.58802899999999, 42.356553000000005], [-72.58746900000001, 42.359593], [-72.587453, 42.36117199999999], [-72.588285, 42.364433999999996], [-72.58913299999999, 42.365801], [-72.591053, 42.369832999999986], [-72.591917, 42.372313], [-72.592029, 42.373464999999996], [-72.591974, 42.375088999999996], [-72.59041100000002, 42.380319], [-72.587453, 42.38750799999998], [-72.586389, 42.38889999999999], [-72.586185, 42.38961499999999], [-72.586598, 42.39064199999999], [-72.587266, 42.39168199999999], [-72.59034199999999, 42.395954999999994], [-72.590244, 42.39698700000002], [-72.589548, 42.398004], [-72.587994, 42.39905400000001], [-72.58626799999999, 42.39910500000001], [-72.584479, 42.398925000000006], [-72.580591, 42.39727800000001], [-72.578879, 42.39749800000001], [-72.57724999999999, 42.39829500000001], [-72.57598899999999, 42.399398999999995], [-72.575319, 42.40081], [-72.574833, 42.403811], [-72.574825, 42.406012], [-72.575222, 42.408242], [-72.57650799999999, 42.411604], [-72.577314, 42.412845999999995], [-72.578334, 42.41526999999999], [-72.579261, 42.41831199999998], [-72.581106, 42.422504], [-72.544062, 42.42710000000001], [-72.546787, 42.39996800000001], [-72.53596999999999, 42.401368000000005], [-72.53146699999999, 42.40160100000001], [-72.532055, 42.395765999999995], [-72.532253, 42.395491], [-72.532584, 42.389683000000005], [-72.535304, 42.366834], [-72.535451, 42.366845], [-72.535636, 42.36546599999998], [-72.53643799999999, 42.365085000000015], [-72.53646599999999, 42.36487900000001], [-72.536924, 42.35997699999999], [-72.535916, 42.359960999999984], [-72.540819, 42.319595], [-72.537928, 42.320122999999995], [-72.534956, 42.30408899999999], [-72.531228, 42.30355999999998], [-72.52790999999999, 42.301607999999995], [-72.527919, 42.299881000000006], [-72.531252, 42.29795800000001], [-72.53209799999999, 42.297869], [-72.53320699999999, 42.29740799999999], [-72.535052, 42.295418999999995], [-72.536524, 42.29466699999999], [-72.53812400000001, 42.29423399999999], [-72.53854, 42.293722999999986], [-72.539788, 42.292763], [-72.540156, 42.29156300000001], [-72.53991599999999, 42.289754999999985], [-72.54046, 42.288667000000004], [-72.5407, 42.287147000000004], [-72.54114899999999, 42.286576999999994], [-72.543306, 42.28580500000001], [-72.546987, 42.285073000000004], [-72.558542, 42.280438000000004], [-72.555365, 42.24617099999998], [-72.549346, 42.22614900000001], [-72.54969799999999, 42.224847999999994], [-72.54959, 42.22350399999999], [-72.548807, 42.22191299999999], [-72.548406, 42.220454], [-72.54767, 42.22074500000001], [-72.546356, 42.216489], [-72.48062999999999, 42.22349200000001], [-72.47843, 42.223592000000025], [-72.46443, 42.225392000000014], [-72.44714499999999, 42.22734], [-72.427229, 42.22929200000001], [-72.418888, 42.230427999999996], [-72.403947, 42.231847], [-72.39549199999999, 42.185811999999984], [-72.390304, 42.186254], [-72.35821899999999, 42.18980199999999], [-72.360423, 42.19023699999999], [-72.36131900000001, 42.19298900000001], [-72.361495, 42.193965], [-72.361175, 42.194349], [-72.35925499999999, 42.19409299999999], [-72.358871, 42.19438100000001], [-72.359479, 42.195309], [-72.359943, 42.19639699999998], [-72.36071100000001, 42.196909000000005], [-72.361719, 42.197037], [-72.363079, 42.196909000000005], [-72.363495, 42.19719699999999], [-72.363559, 42.197532999999986], [-72.362775, 42.197917000000004], [-72.36231099999999, 42.19839699999997], [-72.36242299999999, 42.199453000000005], [-72.36312699999999, 42.201629], [-72.36445499999999, 42.20289300000001], [-72.36474299999999, 42.20606000000001], [-72.364583, 42.206748], [-72.36413499999999, 42.20716399999999], [-72.363575, 42.207404000000004], [-72.362871, 42.20746799999998], [-72.362071, 42.20725999999999], [-72.361783, 42.20693999999998], [-72.36282299999999, 42.206363999999986], [-72.36282299999999, 42.205980000000004], [-72.36170299999999, 42.20564499999999], [-72.360935, 42.20521299999999], [-72.360519, 42.20521299999999], [-72.359831, 42.205484999999996], [-72.359127, 42.206076], [-72.357079, 42.20866799999998], [-72.355943, 42.20902000000001], [-72.354775, 42.208732000000005], [-72.35386199999999, 42.207291999999995], [-72.35347800000001, 42.206956], [-72.352374, 42.20690799999998], [-72.35135, 42.20732400000001], [-72.34957399999999, 42.20900399999999], [-72.349238, 42.209915999999986], [-72.348118, 42.210075999999994], [-72.34711, 42.21002799999999], [-72.34631, 42.210652], [-72.345574, 42.211772], [-72.34541399999999, 42.212635999999996], [-72.345942, 42.214844], [-72.345974, 42.21583600000001], [-72.34567, 42.21631599999999], [-72.343558, 42.21798], [-72.34237399999999, 42.218604], [-72.340134, 42.219036], [-72.338326, 42.21893999999998], [-72.336854, 42.21910000000002], [-72.336086, 42.219547999999996], [-72.335638, 42.220155999999996], [-72.335056, 42.22039799999998], [-72.281295, 42.235019999999984], [-72.27767, 42.233103], [-72.273772, 42.235847], [-72.271396, 42.23612399999999], [-72.27045199999999, 42.236812], [-72.268196, 42.22924399999999], [-72.257476, 42.229852], [-72.247013, 42.242094], [-72.221296, 42.24518899999999], [-72.218068, 42.248605], [-72.2145, 42.24907399999999], [-72.21439099999999, 42.247556], [-72.21046, 42.24720499999999], [-72.210695, 42.248748], [-72.211095, 42.250091999999974], [-72.211167, 42.251123], [-72.182814, 42.251275], [-72.18234400000001, 42.251253000000005], [-72.182002, 42.24779099999999], [-72.181788, 42.24757100000001], [-72.181184, 42.246051], [-72.179912, 42.246255999999995], [-72.17963999999999, 42.245657000000016], [-72.178839, 42.24277399999999], [-72.17822699999999, 42.239414000000004], [-72.177388, 42.237233999999994], [-72.17693100000001, 42.23698599999999], [-72.17506800000001, 42.236607000000014], [-72.173383, 42.235239000000014], [-72.171054, 42.234266], [-72.170808, 42.233101000000005], [-72.169979, 42.232369999999996], [-72.153807, 42.207052999999995], [-72.147261, 42.18139600000001], [-72.139642, 42.179534], [-72.142257, 42.197452], [-72.129826, 42.22087000000002], [-72.127691, 42.219213], [-72.123674, 42.21563], [-72.121909, 42.214658], [-72.119767, 42.21381499999999], [-72.119038, 42.21849999999999], [-72.11868799999999, 42.230985999999994], [-72.112742, 42.233199], [-72.111283, 42.238538999999996], [-72.115488, 42.241405], [-72.11722700000001, 42.24294599999998], [-72.113475, 42.252375], [-72.119289, 42.257793000000014], [-72.124521, 42.263964], [-72.12100699999999, 42.271739999999994], [-72.117649, 42.278609], [-72.123602, 42.27961599999999], [-72.135066, 42.28076499999998], [-72.12929799999999, 42.290421], [-72.124522, 42.295276000000015], [-72.118293, 42.302045], [-72.041777, 42.30820499999998], [-72.007143, 42.309092], [-72.00049, 42.315727], [-71.998933, 42.309915000000004], [-71.996708, 42.30983499999999], [-71.994298, 42.310047999999995], [-71.967231, 42.310683], [-71.96406, 42.297183], [-71.96067, 42.281563], [-71.95577399999999, 42.281669999999984], [-71.942646, 42.28240799999999], [-71.94093, 42.28220000000001], [-71.908647, 42.283499], [-71.90819499999999, 42.283622000000015], [-71.889742, 42.28432900000001], [-71.88942999999999, 42.2845], [-71.886152, 42.28105200000002], [-71.884691, 42.28305100000001], [-71.884677, 42.28163199999998], [-71.884101, 42.28136099999999], [-71.883941, 42.28144300000001], [-71.88404899999999, 42.281266], [-71.882638, 42.278040000000004], [-71.875317, 42.26399199999998], [-71.866633, 42.246685], [-71.866505, 42.24666], [-71.864549, 42.242503], [-71.86325699999999, 42.240269999999995], [-71.858819, 42.23092], [-71.856543, 42.226648], [-71.858547, 42.22735900000001], [-71.861594, 42.227284], [-71.86200199999999, 42.22598300000003], [-71.863956, 42.226391], [-71.866236, 42.226007999999986], [-71.86930199999999, 42.22291799999998], [-71.869593, 42.22211999999999], [-71.879836, 42.21049299999999], [-71.893582, 42.19236600000001], [-71.893211, 42.190796999999996], [-71.895017, 42.19229300000001], [-71.89041499999999, 42.18719000000001], [-71.890025, 42.18649800000001], [-71.887644, 42.183757], [-71.878909, 42.175359], [-71.87872899999999, 42.17349499999998], [-71.875646, 42.170241999999995], [-71.868079, 42.165987], [-71.864395, 42.164783], [-71.857778, 42.16087599999998], [-71.84934799999999, 42.160721], [-71.842236, 42.16019499999999], [-71.837644, 42.160132999999995], [-71.83491599999999, 42.159891999999985], [-71.83138, 42.163564999999984], [-71.825392, 42.17169200000001], [-71.817285, 42.181737999999996], [-71.81009499999999, 42.191312], [-71.804322, 42.198535], [-71.798587, 42.20604699999999], [-71.798084, 42.206458000000005], [-71.798238, 42.20666800000002], [-71.79678299999999, 42.208091], [-71.79663099999999, 42.209127], [-71.796832, 42.20969100000001], [-71.79473899999999, 42.210719000000005], [-71.793216, 42.211062000000005], [-71.78549, 42.21451000000001], [-71.779814, 42.217466], [-71.774751, 42.219365], [-71.761509, 42.2252], [-71.74530899999999, 42.232710999999995], [-71.742541, 42.23391], [-71.73424, 42.236858000000005], [-71.732967, 42.238314], [-71.73155899999999, 42.24131000000001], [-71.72895500000001, 42.24164300000002], [-71.724516, 42.24306099999997], [-71.723715, 42.242742000000014], [-71.72267699999999, 42.243348000000005], [-71.722585, 42.24357099999998], [-71.72236099999999, 42.243449999999996], [-71.712276, 42.245178], [-71.710896, 42.24504100000001], [-71.710141, 42.245203], [-71.70574599999999, 42.247907000000005], [-71.684781, 42.25111000000001], [-71.676712, 42.25189400000001], [-71.674621, 42.24823], [-71.67133799999999, 42.24432600000001], [-71.662612, 42.245894], [-71.651066, 42.247406000000005], [-71.64910800000001, 42.245325], [-71.645061, 42.22773399999999], [-71.644403, 42.22646299999998], [-71.621066, 42.23059500000001], [-71.599518, 42.225437], [-71.602221, 42.218101], [-71.589216, 42.202906000000006], [-71.589422, 42.201913000000005], [-71.58359899999999, 42.195175000000006], [-71.580572, 42.19485], [-71.578225, 42.19520200000001], [-71.57154799999999, 42.19465299999999], [-71.572129, 42.19349], [-71.57233800000002, 42.192228000000014], [-71.556204, 42.191857000000006], [-71.556029, 42.191438999999995], [-71.556029, 42.190447999999996], [-71.555752, 42.190018], [-71.55582900000002, 42.18898500000001], [-71.55618199999999, 42.18871599999999], [-71.556067, 42.188497999999996], [-71.556167, 42.188329], [-71.556544, 42.18810400000001], [-71.556136, 42.187892999999995], [-71.556382, 42.187252], [-71.55635099999999, 42.186816000000015], [-71.556698, 42.18651600000001], [-71.556951, 42.185938000000014], [-71.55578299999999, 42.185748000000004], [-71.555475, 42.18543599999999], [-71.55561399999999, 42.184968999999995], [-71.555414, 42.184852], [-71.55512999999999, 42.184961], [-71.555522, 42.183453000000014], [-71.555898, 42.18280999999999], [-71.555491, 42.182381999999976], [-71.555798, 42.182159], [-71.5423, 42.18805300000001], [-71.542154, 42.188552], [-71.539498, 42.189733999999994], [-71.51538, 42.18913799999999], [-71.515119, 42.18900199999998], [-71.506674, 42.18877600000001], [-71.50500699999999, 42.189786999999995], [-71.504761, 42.190170999999985], [-71.50262599999999, 42.191416], [-71.497378, 42.166643000000015], [-71.492429, 42.16608600000001], [-71.477743, 42.16573399999999], [-71.477994, 42.14338400000001], [-71.477855, 42.135698000000005], [-71.477963, 42.13186400000001], [-71.457745, 42.134499999999996], [-71.44803999999999, 42.13551999999999], [-71.44698, 42.135459999999995], [-71.443013, 42.13587000000001], [-71.44111699999999, 42.134994], [-71.44242, 42.13458300000001], [-71.44275999999999, 42.134085000000006], [-71.44203399999999, 42.133525], [-71.442252, 42.133136], [-71.44206799999999, 42.132747], [-71.442314, 42.132216000000014], [-71.441761, 42.13188199999998], [-71.442315, 42.13167399999999], [-71.44236200000002, 42.13140100000002], [-71.442739, 42.12655999999999], [-71.44341899999999, 42.12225100000002], [-71.443493, 42.11785800000001], [-71.446258, 42.10291300000001], [-71.447227, 42.098617999999995], [-71.44912599999999, 42.093093], [-71.451649, 42.084201], [-71.453176, 42.074462000000004], [-71.453553, 42.073573], [-71.453459, 42.074186], [-71.454844, 42.074383999999995], [-71.455518, 42.06458500000001], [-71.45496399999999, 42.064575], [-71.45483, 42.060970000000005], [-71.45452, 42.06069900000001], [-71.454223, 42.047587], [-71.456923, 42.02494800000001], [-71.45810399999999, 42.017797999999985], [-71.499908, 42.01719899999999], [-71.50645899999999, 42.016683], [-71.51690599999999, 42.015598], [-71.52760599999999, 42.01499800000001], [-71.547707, 42.014697999999996], [-71.577344, 42.013922], [-71.58281, 42.013996999999996], [-71.58550799999999, 42.013798], [-71.614516, 42.013183000000005], [-71.67614999999999, 42.011538000000016], [-71.710968, 42.010960999999995], [-71.71370399999999, 42.01078500000001], [-71.740938, 42.010177], [-71.76601, 42.009744999999995], [-71.790218, 42.008736999999996], [-71.79924199999999, 42.008064999999995], [-71.799898, 42.015505], [-71.80028, 42.02197300000002], [-71.80064899999999, 42.023568999999995], [-71.86598, 42.02411299999999], [-71.87297199999999, 42.02435299999999], [-71.87443900000001, 42.02423499999999], [-71.89077999999999, 42.024367999999996]], [[-72.547386, 42.21797199999999], [-72.547397, 42.218388], [-72.547594, 42.218477], [-72.547386, 42.21797199999999]]]}}, {"type": "Feature", "properties": {"district_name": "5th Congressional District", "chamber": "us-house", "vintage": "2001-2010", "lean_dem_share": 0.4789, "competitiveness": "Tossup", "competitiveness_label": "Tossup R", "party_favored": "Republican", "url": "/district/us-house-5th-congressional-district-2001-2010/", "latest_year": 2010, "is_uncontested": false, "turnout_ratio": 1.042, "winner_name": "Nicola S. Tsongas", "winner_party": "Democratic", "winner_war": -0.089, "winner_lean_component": 0.3279, "winner_tide_component": 0.0345, "winner_incumbency_adjustment": 0.035, "winner_demographics_component": null, "winner_fundraising_component": null}, "geometry": {"type": "MultiPolygon", "coordinates": [[[[-71.04404, 42.752666], [-71.0437, 42.752780000000016], [-71.043508, 42.752691], [-71.04388999999999, 42.75219199999999], [-71.04404, 42.752666]]], [[[-71.058393, 42.733722], [-71.058336, 42.733715000000004], [-71.058381, 42.733543], [-71.058393, 42.733722]]], [[[-71.376991, 42.314572999999996], [-71.376058, 42.314609000000004], [-71.375682, 42.31445], [-71.376126, 42.31317899999999], [-71.376991, 42.314572999999996]]], [[[-71.712542, 42.52109199999999], [-71.711187, 42.52251], [-71.711021, 42.523017], [-71.702315, 42.53380399999999], [-71.687214, 42.53169000000001], [-71.67898, 42.53035099999999], [-71.67773, 42.539397], [-71.677015, 42.541751000000005], [-71.676417, 42.545275], [-71.675414, 42.54979], [-71.675314, 42.552189999999996], [-71.674714, 42.55459], [-71.674301, 42.557361], [-71.674438, 42.55742000000002], [-71.670937, 42.577158999999995], [-71.66362500000001, 42.61723], [-71.66184600000001, 42.62518499999999], [-71.661807, 42.625623999999995], [-71.663167, 42.628819], [-71.660414, 42.63508900000001], [-71.657913, 42.649648], [-71.657714, 42.64998900000001], [-71.656511, 42.649744], [-71.65378, 42.64667800000001], [-71.651978, 42.64540799999999], [-71.650362, 42.64461399999998], [-71.648257, 42.64389499999999], [-71.647021, 42.644113000000004], [-71.642455, 42.64078200000001], [-71.640953, 42.639212], [-71.624748, 42.63297999999998], [-71.619585, 42.631178], [-71.618325, 42.63024600000001], [-71.616346, 42.62965399999999], [-71.614165, 42.62840300000001], [-71.611931, 42.628237], [-71.610425, 42.628659], [-71.607502, 42.628333000000005], [-71.607123, 42.630468], [-71.60657599999999, 42.63079400000001], [-71.605621, 42.631025999999984], [-71.604828, 42.63081899999999], [-71.603562, 42.629864], [-71.60161599999999, 42.626981], [-71.60091, 42.62625400000001], [-71.600309, 42.625972], [-71.59915, 42.625813], [-71.59715299999999, 42.62601999999999], [-71.59598799999999, 42.62633699999999], [-71.593308, 42.62631700000001], [-71.593366, 42.626642000000025], [-71.59308, 42.62668999999999], [-71.593563, 42.62750599999999], [-71.593705, 42.628223], [-71.59320799999999, 42.62905399999999], [-71.591601, 42.629926000000005], [-71.58847, 42.630438000000005], [-71.587919, 42.630832999999974], [-71.587874, 42.63115299999999], [-71.588043, 42.631626999999995], [-71.588483, 42.631965], [-71.588653, 42.632451], [-71.589128, 42.63286399999999], [-71.590195, 42.632963], [-71.59234599999999, 42.632836000000005], [-71.592958, 42.63312199999999], [-71.59311199999999, 42.63336699999999], [-71.593087, 42.63383], [-71.592832, 42.63434000000001], [-71.591478, 42.635183000000005], [-71.591248, 42.635501999999995], [-71.591262, 42.63572800000001], [-71.591555, 42.635985], [-71.592298, 42.636397], [-71.592426, 42.636567], [-71.59236299999999, 42.636964000000006], [-71.592134, 42.63721700000001], [-71.591431, 42.637454999999996], [-71.589508, 42.63712800000001], [-71.588852, 42.63719699999999], [-71.588425, 42.63743300000001], [-71.58819600000001, 42.637783999999996], [-71.58728599999999, 42.63956900000001], [-71.58701099999999, 42.640741], [-71.586914, 42.64226300000001], [-71.58606, 42.643902999999995], [-71.586212, 42.644330000000004], [-71.58706699999999, 42.644994000000004], [-71.58717399999999, 42.64542900000001], [-71.586914, 42.64604699999999], [-71.58664, 42.64629099999999], [-71.585694, 42.646589], [-71.584473, 42.64641999999999], [-71.583568, 42.645756999999996], [-71.58321300000001, 42.644525], [-71.582961, 42.64413799999999], [-71.58261999999999, 42.644037000000004], [-71.582081, 42.64434399999999], [-71.58163499999999, 42.64563500000001], [-71.580432, 42.646800000000006], [-71.57985, 42.64791099999999], [-71.57992899999999, 42.649289], [-71.57910000000001, 42.65138500000001], [-71.579436, 42.65415000000001], [-71.578887, 42.65441399999999], [-71.576957, 42.65477800000001], [-71.574602, 42.658812], [-71.57354099999999, 42.658674000000005], [-71.570281, 42.65714299999999], [-71.55783699999999, 42.659261], [-71.556597, 42.65963400000002], [-71.555035, 42.659582], [-71.55609700000001, 42.657636], [-71.549363, 42.659145999999986], [-71.549842, 42.65928499999998], [-71.541788, 42.660650999999994], [-71.53746799999999, 42.663306999999996], [-71.53658, 42.663469000000006], [-71.532572, 42.669050999999996], [-71.538911, 42.674288999999995], [-71.557112, 42.676489], [-71.556103, 42.67729799999999], [-71.555813, 42.67771799999999], [-71.555512, 42.67868900000001], [-71.55592399999999, 42.680242000000014], [-71.555695, 42.682522999999996], [-71.556382, 42.68415600000001], [-71.556473, 42.684895999999995], [-71.55660999999999, 42.688581], [-71.556443, 42.689321], [-71.555512, 42.69045799999999], [-71.55422999999999, 42.691243], [-71.553101, 42.692646999999994], [-71.552262, 42.69332600000001], [-71.550873, 42.693608999999995], [-71.54979, 42.694127], [-71.54843199999999, 42.69518799999999], [-71.547241, 42.696569000000004], [-71.544616, 42.69853], [-71.54399, 42.69920100000001], [-71.54344100000002, 42.701153999999995], [-71.542411, 42.70268899999999], [-71.49951, 42.701785], [-71.467584, 42.70068799999998], [-71.423538, 42.69979199999998], [-71.38813, 42.698794999999976], [-71.383667, 42.698809], [-71.365307, 42.69819000000001], [-71.35180799999999, 42.69816699999999], [-71.344906, 42.69769000000001], [-71.33020599999999, 42.69719], [-71.31705699999999, 42.69699], [-71.29420499999999, 42.69699], [-71.288789, 42.702389], [-71.278488, 42.71175300000001], [-71.26790799999999, 42.72588599999999], [-71.255605, 42.73638899999999], [-71.251522, 42.739129000000005], [-71.248718, 42.740581], [-71.245504, 42.74258899999999], [-71.23342, 42.74548499999998], [-71.223917, 42.74668900000001], [-71.208604, 42.74339], [-71.202186, 42.74183400000001], [-71.181803, 42.737590000000004], [-71.182706, 42.75118700000003], [-71.18330499999999, 42.75450099999999], [-71.186103, 42.790673999999996], [-71.185208, 42.791685], [-71.17440100000002, 42.80171599999999], [-71.166665, 42.808337999999985], [-71.149715, 42.815486], [-71.132503, 42.82138800000001], [-71.118802, 42.818087999999996], [-71.115894, 42.817690000000006], [-71.112993, 42.817088999999996], [-71.10779099999999, 42.815788999999995], [-71.101794, 42.814587], [-71.0651, 42.806289], [-71.064201, 42.806289], [-71.060564, 42.81597899999999], [-71.058099, 42.821987], [-71.05780299999999, 42.823091999999995], [-71.053601, 42.833088999999994], [-71.03742299999999, 42.82656199999999], [-71.03357, 42.82475000000001], [-71.007809, 42.813943], [-71.007632, 42.81415500000001], [-71.006928, 42.81381700000001], [-71.007008, 42.813609], [-71.002139, 42.811529000000014], [-70.999714, 42.81069100000002], [-70.999043, 42.80974599999999], [-70.998364, 42.808084], [-71.002748, 42.801460999999996], [-71.011032, 42.797137], [-71.01552199999999, 42.794123], [-71.017018, 42.792617], [-71.0209, 42.78449000000001], [-71.02277099999999, 42.77757299999999], [-71.026624, 42.77325999999999], [-71.034334, 42.763933], [-71.03857599999999, 42.758472000000005], [-71.04017999999999, 42.75784999999999], [-71.042332, 42.75728200000001], [-71.042217, 42.75524799999999], [-71.041718, 42.754548], [-71.041957, 42.754314], [-71.042847, 42.754335], [-71.042901, 42.753978], [-71.044096, 42.753214000000014], [-71.04465400000001, 42.749082], [-71.045755, 42.748156], [-71.048715, 42.74629500000001], [-71.04954, 42.74479200000001], [-71.053071, 42.74002999999999], [-71.05812, 42.734540999999986], [-71.058847, 42.732549000000006], [-71.07217299999999, 42.732720999999984], [-71.074187, 42.734604999999995], [-71.078761, 42.735929], [-71.080564, 42.736725000000014], [-71.082212, 42.736925000000014], [-71.082703, 42.73681100000001], [-71.08331299999999, 42.73692000000001], [-71.087723, 42.736395999999985], [-71.089551, 42.73705300000002], [-71.091651, 42.737052999999996], [-71.095429, 42.736146999999995], [-71.097543, 42.73538799999999], [-71.109104, 42.73568300000002], [-71.115603, 42.74119100000001], [-71.120037, 42.73578799999999], [-71.134203, 42.72139099999999], [-71.134373, 42.719677], [-71.133802, 42.713591], [-71.134149, 42.71146799999999], [-71.135102, 42.70879100000001], [-71.137253, 42.70719700000001], [-71.137344, 42.705618], [-71.13718999999999, 42.705509999999975], [-71.13768499999999, 42.70474699999999], [-71.13855099999999, 42.704533999999995], [-71.139934, 42.70361999999998], [-71.14037499999999, 42.70354999999999], [-71.140345, 42.703019], [-71.142484, 42.69947199999999], [-71.143079, 42.69915100000001], [-71.14455, 42.69924599999999], [-71.145005, 42.69887999999998], [-71.145748, 42.69860900000001], [-71.14435399999999, 42.697642], [-71.14367399999999, 42.69697999999999], [-71.143075, 42.694059], [-71.141188, 42.69400900000001], [-71.140411, 42.69346], [-71.139405, 42.69314699999999], [-71.139303, 42.69303199999998], [-71.139439, 42.692704], [-71.139312, 42.69257599999999], [-71.138442, 42.69271399999999], [-71.138172, 42.692488999999995], [-71.137981, 42.691942999999995], [-71.138234, 42.69133399999999], [-71.13759499999999, 42.69045599999998], [-71.13761099999999, 42.68974999999999], [-71.13795499999999, 42.689662999999996], [-71.138639, 42.690327999999994], [-71.139062, 42.690402000000006], [-71.139595, 42.69017599999999], [-71.140155, 42.68936299999999], [-71.14005999999999, 42.688987999999995], [-71.138603, 42.687842999999994], [-71.138627, 42.687695999999995], [-71.139521, 42.68749400000001], [-71.139678, 42.68688200000001], [-71.13933999999999, 42.686717], [-71.137947, 42.686668000000026], [-71.139478, 42.68545899999999], [-71.13933, 42.685156], [-71.138092, 42.68521300000001], [-71.137827, 42.684996000000005], [-71.13927699999999, 42.68440699999999], [-71.138061, 42.683667], [-71.133584, 42.679428], [-71.134444, 42.676812999999996], [-71.12882700000002, 42.67445], [-71.12434, 42.668329], [-71.123897, 42.667885000000005], [-71.114002, 42.654738], [-71.108599, 42.647479], [-71.108723, 42.647253000000006], [-71.10745299999999, 42.64801000000001], [-71.106872, 42.647710999999994], [-71.10623799999999, 42.64806000000001], [-71.105819, 42.64809900000001], [-71.10537099999999, 42.64866099999998], [-71.105053, 42.648816], [-71.105797, 42.649027000000004], [-71.104682, 42.649516], [-71.10462799999999, 42.650147], [-71.10513200000001, 42.650462], [-71.10600699999999, 42.65029299999999], [-71.106309, 42.649968], [-71.106355, 42.649453999999984], [-71.10658699999999, 42.64916099999999], [-71.10777999999999, 42.649350999999996], [-71.107602, 42.64983099999999], [-71.107726, 42.65023], [-71.106983, 42.651189], [-71.10521899999999, 42.652365], [-71.10421199999999, 42.65200999999998], [-71.10346, 42.651974], [-71.102493, 42.652411000000015], [-71.10121, 42.65244599999999], [-71.100923, 42.652257000000006], [-71.10029399999999, 42.65224799999999], [-71.098985, 42.65280400000001], [-71.098644, 42.652499], [-71.097149, 42.651892], [-71.096436, 42.651378], [-71.096265, 42.650413], [-71.097465, 42.649716000000005], [-71.09916799999999, 42.649257000000006], [-71.10119, 42.649170000000005], [-71.10244399999999, 42.648638000000005], [-71.10405, 42.644650999999996], [-71.106532, 42.644692000000006], [-71.094938, 42.629575], [-71.088743, 42.620971], [-71.089079, 42.62054599999999], [-71.08877, 42.619981999999986], [-71.087225, 42.618938000000014], [-71.086749, 42.618095999999994], [-71.085944, 42.61719399999999], [-71.085886, 42.616583000000006], [-71.0798, 42.608507], [-71.076133, 42.604077], [-71.13529, 42.599061], [-71.141528, 42.603386], [-71.143074, 42.604080999999994], [-71.145749, 42.60828000000001], [-71.14656, 42.609979999999986], [-71.148613, 42.61324899999999], [-71.154336, 42.615277000000006], [-71.156564, 42.61497700000001], [-71.15861699999999, 42.61294799999999], [-71.15926499999999, 42.607803999999994], [-71.160667, 42.605318], [-71.163664, 42.60212999999999], [-71.165015, 42.59795899999999], [-71.17570599999999, 42.591947999999974], [-71.17921299999999, 42.586436000000006], [-71.181823, 42.582727999999996], [-71.182245, 42.58245599999999], [-71.18616399999999, 42.575321], [-71.186177, 42.574583999999994], [-71.1885, 42.571119], [-71.189166, 42.57059900000001], [-71.189267, 42.569670000000016], [-71.189955, 42.56897299999999], [-71.190499, 42.568732000000004], [-71.190959, 42.56724800000001], [-71.1923, 42.56491599999999], [-71.19290200000002, 42.564336999999995], [-71.193651, 42.565018999999985], [-71.196904, 42.56634], [-71.197959, 42.567107], [-71.203383, 42.569483], [-71.206999, 42.571305999999986], [-71.20873399999999, 42.57238099999999], [-71.211379, 42.57328299999999], [-71.211533, 42.57292499999999], [-71.212206, 42.57241700000001], [-71.212825, 42.572593999999995], [-71.21391500000001, 42.570519999999995], [-71.214108, 42.57053400000001], [-71.214023, 42.570927], [-71.214147, 42.57097399999999], [-71.215121, 42.57046499999999], [-71.21527499999999, 42.57016900000001], [-71.21510599999999, 42.567041], [-71.21560699999999, 42.566264999999994], [-71.215774, 42.56546600000001], [-71.215965, 42.563542000000005], [-71.215689, 42.56317099999998], [-71.215786, 42.56259], [-71.215948, 42.562404999999984], [-71.21700299999999, 42.562274], [-71.217049, 42.56210200000001], [-71.216655, 42.562158999999994], [-71.216601, 42.561997999999996], [-71.217536, 42.56179399999999], [-71.21792599999999, 42.56139699999999], [-71.218884, 42.561467999999984], [-71.218953, 42.56101799999999], [-71.21773, 42.559965999999996], [-71.217039, 42.55966499999998], [-71.215732, 42.559507], [-71.214196, 42.558626999999994], [-71.21304099999999, 42.55776200000002], [-71.21161699999999, 42.55621099999998], [-71.208739, 42.554218000000006], [-71.209308, 42.553825999999994], [-71.21061, 42.55339], [-71.210222, 42.552614999999996], [-71.209538, 42.551958000000006], [-71.20956799999999, 42.55115399999998], [-71.21032, 42.54903900000001], [-71.210639, 42.54753799999999], [-71.213719, 42.54740100000001], [-71.210292, 42.545835000000004], [-71.206914, 42.545711], [-71.206001, 42.54524699999998], [-71.20503200000002, 42.54447299999999], [-71.208328, 42.539245], [-71.208744, 42.53945300000001], [-71.209955, 42.537634999999995], [-71.21222399999999, 42.53318700000001], [-71.21220699999999, 42.53292200000002], [-71.21803899999999, 42.52392], [-71.221976, 42.52516], [-71.222905, 42.52297900000001], [-71.224791, 42.519673000000004], [-71.227436, 42.514526999999994], [-71.227612, 42.51386000000001], [-71.229203, 42.511434], [-71.231635, 42.506544000000005], [-71.232764, 42.508089000000005], [-71.237387, 42.51205], [-71.23995200000002, 42.519383], [-71.240779, 42.52024199999999], [-71.24119499999999, 42.52043700000001], [-71.242385, 42.520143], [-71.242678, 42.519832000000015], [-71.250034, 42.52552000000003], [-71.254357, 42.522448], [-71.256396, 42.523992], [-71.262767, 42.52444900000001], [-71.265739, 42.52432300000001], [-71.269785, 42.52509299999999], [-71.270147, 42.524168], [-71.270881, 42.52439199999999], [-71.270479, 42.524778000000005], [-71.27042, 42.525211000000006], [-71.277911, 42.526630000000004], [-71.280923, 42.526436999999994], [-71.28461, 42.525467000000006], [-71.285586, 42.524967], [-71.296137, 42.52179399999999], [-71.30377, 42.51988699999999], [-71.30604199999999, 42.52038299999999], [-71.306647, 42.51802599999999], [-71.30665499999999, 42.517101000000004], [-71.305983, 42.51467399999999], [-71.306493, 42.513732999999995], [-71.308324, 42.513166999999996], [-71.309569, 42.51188399999999], [-71.311098, 42.510751], [-71.31416999999999, 42.50913299999999], [-71.316559, 42.50705], [-71.31742899999999, 42.505611], [-71.318032, 42.503974], [-71.317464, 42.502193000000005], [-71.31836899999999, 42.497536], [-71.318257, 42.496894000000026], [-71.318536, 42.49415699999999], [-71.318556, 42.49175599999999], [-71.319152, 42.48985700000002], [-71.319237, 42.48826], [-71.319704, 42.48661], [-71.317655, 42.484972], [-71.317089, 42.48414799999999], [-71.317067, 42.483875999999995], [-71.317161, 42.48356599999999], [-71.318147, 42.482839], [-71.320933, 42.482119000000004], [-71.32117099999999, 42.480272], [-71.32018599999999, 42.480264], [-71.318103, 42.47806299999998], [-71.316497, 42.47604900000001], [-71.31375799999999, 42.47409599999999], [-71.30938499999999, 42.47634], [-71.306445, 42.474339], [-71.304216, 42.474693], [-71.301903, 42.473254], [-71.300893, 42.47358599999999], [-71.298763, 42.47286499999999], [-71.293692, 42.46920100000001], [-71.289439, 42.465545000000006], [-71.28904899999999, 42.464384], [-71.289929, 42.464202], [-71.29298299999999, 42.46188799999999], [-71.294367, 42.459713], [-71.29700199999999, 42.461655], [-71.298827, 42.46264199999998], [-71.302003, 42.46192099999998], [-71.30208499999999, 42.46111700000001], [-71.302939, 42.461293999999995], [-71.303169, 42.45999700000001], [-71.303936, 42.45789699999999], [-71.304504, 42.45273200000001], [-71.309929, 42.453247999999995], [-71.310931, 42.453594], [-71.313285, 42.45488600000001], [-71.322699, 42.447448], [-71.32446, 42.44625200000001], [-71.324756, 42.446200999999995], [-71.32929399999999, 42.442249000000004], [-71.335937, 42.43692599999999], [-71.351843, 42.427098], [-71.352304, 42.426725000000005], [-71.35292299999999, 42.42581000000001], [-71.353146, 42.425131], [-71.354208, 42.42326199999997], [-71.354162, 42.42293799999999], [-71.35446100000001, 42.422816000000005], [-71.355013, 42.42184399999999], [-71.35494, 42.421682], [-71.35623, 42.420885], [-71.356684, 42.420043], [-71.357378, 42.42000600000001], [-71.359805, 42.420857], [-71.361935, 42.421113999999996], [-71.363536, 42.420901], [-71.36479899999999, 42.420330000000014], [-71.364733, 42.419067], [-71.36487799999999, 42.41872999999999], [-71.36488, 42.417860999999995], [-71.364706, 42.41725300000001], [-71.364813, 42.416903999999995], [-71.364224, 42.416484000000004], [-71.36413, 42.415932000000005], [-71.36549099999999, 42.41450299999999], [-71.36532799999999, 42.41387199999999], [-71.365425, 42.413509999999995], [-71.366934, 42.412691], [-71.353894, 42.407976000000005], [-71.33936, 42.401838], [-71.338469, 42.401742], [-71.335869, 42.400793], [-71.332375, 42.399127], [-71.335403, 42.393620999999996], [-71.334816, 42.386175000000016], [-71.332711, 42.36783899999999], [-71.332261, 42.363128999999994], [-71.332358, 42.362410999999994], [-71.33153899999999, 42.35766299999999], [-71.33102199999999, 42.353530000000006], [-71.32860000000001, 42.331666000000006], [-71.330795, 42.331883999999995], [-71.333603, 42.332395999999996], [-71.334403, 42.33062299999999], [-71.33739299999999, 42.325174999999994], [-71.339334, 42.32214199999999], [-71.342332, 42.318815], [-71.34553, 42.31485299999999], [-71.345888, 42.31492900000001], [-71.345998, 42.314803999999995], [-71.350267, 42.315854], [-71.353893, 42.31679599999999], [-71.35507199999999, 42.317253], [-71.35973299999999, 42.317236], [-71.363115, 42.315892000000005], [-71.364342, 42.316092000000005], [-71.365127, 42.31506199999999], [-71.369209, 42.31139300000001], [-71.36932999999999, 42.31107200000001], [-71.36989799999999, 42.31077200000001], [-71.370425, 42.310848], [-71.370944, 42.31072099999999], [-71.372271, 42.310067000000004], [-71.37261699999999, 42.31007400000001], [-71.373981, 42.310405999999986], [-71.374426, 42.31118300000001], [-71.37515499999999, 42.311875999999984], [-71.374332, 42.311781], [-71.372793, 42.31250999999999], [-71.372948, 42.31224299999999], [-71.372804, 42.31216499999999], [-71.371335, 42.31318299999999], [-71.36708999999999, 42.315591000000005], [-71.367615, 42.316284], [-71.36787, 42.317011], [-71.367784, 42.320150999999996], [-71.367235, 42.32206900000001], [-71.365448, 42.321425], [-71.364452, 42.321348], [-71.364431, 42.325265], [-71.362966, 42.329301000000015], [-71.361494, 42.331837], [-71.361288, 42.333387], [-71.360619, 42.33473499999999], [-71.360322, 42.33660700000001], [-71.36057699999999, 42.33778300000001], [-71.36053100000001, 42.338288], [-71.359293, 42.339921000000004], [-71.35857, 42.34208700000001], [-71.358764, 42.345364000000004], [-71.359025, 42.34679099999999], [-71.358936, 42.348686], [-71.359293, 42.348317000000016], [-71.359394, 42.34761999999999], [-71.359686, 42.347069999999995], [-71.36087100000002, 42.34580299999999], [-71.364453, 42.344103], [-71.367505, 42.343151], [-71.368166, 42.342766999999995], [-71.369321, 42.341795999999974], [-71.37118699999999, 42.34056], [-71.37168799999999, 42.339829999999964], [-71.37231100000001, 42.33832199999999], [-71.372918, 42.337728999999996], [-71.374472, 42.33670600000001], [-71.37550999999999, 42.337079999999986], [-71.374254, 42.33826000000001], [-71.374006, 42.339109], [-71.37424, 42.339317], [-71.37696199999999, 42.339316], [-71.378176, 42.339034], [-71.379435, 42.33921100000001], [-71.37970299999999, 42.33911899999999], [-71.38004699999999, 42.33862300000001], [-71.381141, 42.33911699999998], [-71.38162, 42.33917299999999], [-71.383139, 42.33887099999999], [-71.38505099999999, 42.33813399999999], [-71.38692, 42.33838], [-71.38906899999999, 42.337914], [-71.390142, 42.337906999999994], [-71.392749, 42.338547], [-71.394718, 42.338652], [-71.39480499999999, 42.338995999999995], [-71.396704, 42.340883], [-71.407304, 42.34262099999999], [-71.424708, 42.344823999999996], [-71.454994, 42.34900700000001], [-71.46612499999999, 42.350640000000006], [-71.469898, 42.35139300000002], [-71.470274, 42.351224999999985], [-71.484949, 42.352687], [-71.48248699999999, 42.356165999999995], [-71.47981899999999, 42.36413799999999], [-71.47533500000002, 42.380603999999984], [-71.49037899999999, 42.378845], [-71.544001, 42.373548], [-71.55566999999999, 42.371900999999994], [-71.55597999999999, 42.371733000000006], [-71.56601599999999, 42.371232000000006], [-71.56646599999999, 42.371394999999985], [-71.56665699999999, 42.37125699999999], [-71.569718, 42.37104799999999], [-71.56904, 42.37222899999999], [-71.576747, 42.370037], [-71.58061300000001, 42.369609], [-71.585284, 42.369817000000005], [-71.592238, 42.368649], [-71.59342, 42.36685100000001], [-71.59374199999999, 42.36687299999999], [-71.59552699999999, 42.36810699999999], [-71.595728, 42.367999], [-71.59770999999999, 42.368031999999985], [-71.60306299999999, 42.367501000000004], [-71.605671, 42.363799], [-71.606273, 42.363481], [-71.606355, 42.36284400000002], [-71.607304, 42.361467], [-71.607809, 42.36103000000001], [-71.610055, 42.357693000000005], [-71.624781, 42.35041300000001], [-71.630247, 42.355008999999995], [-71.63035599999999, 42.355446999999984], [-71.630848, 42.35587799999999], [-71.63435799999999, 42.35871500000002], [-71.642999, 42.359669000000004], [-71.64349399999999, 42.359578], [-71.64403899999999, 42.359749], [-71.64482699999999, 42.35972400000001], [-71.646328, 42.36033400000002], [-71.65434499999999, 42.361696], [-71.677562, 42.36521], [-71.670456, 42.386743], [-71.678521, 42.389244000000005], [-71.676322, 42.39610400000001], [-71.668054, 42.39461200000001], [-71.66693599999999, 42.398168999999996], [-71.666471, 42.399114000000004], [-71.66166799999999, 42.40697900000001], [-71.66058199999999, 42.41851400000002], [-71.65955199999999, 42.42219], [-71.65971499999999, 42.42261], [-71.659689, 42.423327], [-71.658393, 42.42572699999999], [-71.658011, 42.42902499999998], [-71.656862, 42.43169799999999], [-71.663395, 42.433247], [-71.670232, 42.43344400000001], [-71.67120800000001, 42.43358699999999], [-71.67911699999999, 42.43517800000001], [-71.679453, 42.43586099999999], [-71.680809, 42.43545199999999], [-71.686038, 42.436336000000004], [-71.688105, 42.43686], [-71.690661, 42.435021], [-71.691874, 42.433597000000006], [-71.692611, 42.43340900000001], [-71.693576, 42.43199100000003], [-71.69515299999999, 42.430826], [-71.69586699999999, 42.429994000000015], [-71.698315, 42.42817800000001], [-71.69898599999999, 42.427468], [-71.698922, 42.427324000000006], [-71.70036300000001, 42.425997], [-71.706246, 42.420944], [-71.70729399999999, 42.417171999999994], [-71.709403, 42.41725700000002], [-71.710769, 42.41680500000001], [-71.71387899999999, 42.413738], [-71.71481, 42.413148], [-71.716602, 42.41151600000001], [-71.718362, 42.410263999999984], [-71.71811799999999, 42.41047499999999], [-71.71824699999999, 42.42593000000001], [-71.718743, 42.43540599999999], [-71.718868, 42.462084], [-71.71785899999999, 42.473231], [-71.727648, 42.474699], [-71.72391999999999, 42.48553700000001], [-71.72343599999999, 42.488048], [-71.722713, 42.49048099999998], [-71.72232799999999, 42.493845], [-71.719033, 42.507590999999984], [-71.71667599999999, 42.518937], [-71.712542, 42.52109199999999]], [[-71.11883999999999, 42.660861], [-71.118815, 42.660909999999994], [-71.118892, 42.660931], [-71.11883999999999, 42.660861]], [[-71.359456, 42.31730699999999], [-71.359399, 42.317308999999995], [-71.35961, 42.317285], [-71.359456, 42.31730699999999]], [[-71.114002, 42.654738], [-71.114499, 42.654624], [-71.11411199999999, 42.654114], [-71.114072, 42.654196000000006], [-71.114002, 42.654738]]]]}}, {"type": "Feature", "properties": {"district_name": "6th Congressional District", "chamber": "us-house", "vintage": "2001-2010", "lean_dem_share": 0.4607, "competitiveness": "Lean", "competitiveness_label": "Lean R", "party_favored": "Republican", "url": "/district/us-house-6th-congressional-district-2001-2010/", "latest_year": 2010, "is_uncontested": false, "turnout_ratio": 1.0588, "winner_name": "John F. Tierney", "winner_party": "Democratic", "winner_war": -0.0805, "winner_lean_component": 0.3239, "winner_tide_component": 0.0345, "winner_incumbency_adjustment": 0.035, "winner_demographics_component": null, "winner_fundraising_component": null}, "geometry": {"type": "MultiPolygon", "coordinates": [[[[-71.114499, 42.654624], [-71.114002, 42.654738], [-71.11411199999999, 42.654114], [-71.11429, 42.65434799999999], [-71.114499, 42.654624]]], [[[-71.118892, 42.660931], [-71.118815, 42.660909999999994], [-71.11883999999999, 42.660861], [-71.118892, 42.660931]]], [[[-71.31742899999999, 42.505611], [-71.316559, 42.50705], [-71.31416999999999, 42.50913299999999], [-71.311098, 42.510751], [-71.309569, 42.51188399999999], [-71.308324, 42.513166999999996], [-71.306493, 42.513732999999995], [-71.305983, 42.51467399999999], [-71.30665499999999, 42.517101000000004], [-71.306647, 42.51802599999999], [-71.30604199999999, 42.52038299999999], [-71.30377, 42.51988699999999], [-71.296137, 42.52179399999999], [-71.285586, 42.524967], [-71.28461, 42.525467000000006], [-71.280923, 42.526436999999994], [-71.278661, 42.526628], [-71.27731, 42.52658199999998], [-71.27042, 42.525211000000006], [-71.270479, 42.524778000000005], [-71.270881, 42.52439199999999], [-71.270147, 42.524168], [-71.269785, 42.52509299999999], [-71.265739, 42.52432300000001], [-71.262767, 42.52444900000001], [-71.256396, 42.523992], [-71.254357, 42.522448], [-71.250034, 42.52552000000003], [-71.242678, 42.519832000000015], [-71.242385, 42.520143], [-71.24119499999999, 42.52043700000001], [-71.240779, 42.52024199999999], [-71.23995200000002, 42.519383], [-71.237387, 42.51205], [-71.232764, 42.508089000000005], [-71.231635, 42.506544000000005], [-71.229203, 42.511434], [-71.227612, 42.51386000000001], [-71.227436, 42.514526999999994], [-71.224791, 42.519673000000004], [-71.222905, 42.52297900000001], [-71.221976, 42.52516], [-71.21803899999999, 42.52392], [-71.21220699999999, 42.53292200000002], [-71.21222399999999, 42.53318700000001], [-71.209955, 42.537634999999995], [-71.208744, 42.53945300000001], [-71.208328, 42.539245], [-71.20503200000002, 42.54447299999999], [-71.206001, 42.54524699999998], [-71.206914, 42.545711], [-71.210292, 42.545835000000004], [-71.213719, 42.54740100000001], [-71.210639, 42.54753799999999], [-71.21032, 42.54903900000001], [-71.20956799999999, 42.55115399999998], [-71.209538, 42.551958000000006], [-71.210222, 42.552614999999996], [-71.21061, 42.55339], [-71.209308, 42.553825999999994], [-71.208739, 42.554218000000006], [-71.21161699999999, 42.55621099999998], [-71.21304099999999, 42.55776200000002], [-71.214196, 42.558626999999994], [-71.215732, 42.559507], [-71.217039, 42.55966499999998], [-71.21773, 42.559965999999996], [-71.218953, 42.56101799999999], [-71.218884, 42.561467999999984], [-71.21792599999999, 42.56139699999999], [-71.217536, 42.56179399999999], [-71.216601, 42.561997999999996], [-71.216655, 42.562158999999994], [-71.217049, 42.56210200000001], [-71.21700299999999, 42.562274], [-71.215948, 42.562404999999984], [-71.215786, 42.56259], [-71.215689, 42.56317099999998], [-71.215965, 42.563542000000005], [-71.215774, 42.56546600000001], [-71.21560699999999, 42.566264999999994], [-71.21510599999999, 42.567041], [-71.21527499999999, 42.57016900000001], [-71.215121, 42.57046499999999], [-71.214147, 42.57097399999999], [-71.214023, 42.570927], [-71.214108, 42.57053400000001], [-71.21391500000001, 42.570519999999995], [-71.212825, 42.572593999999995], [-71.212206, 42.57241700000001], [-71.211533, 42.57292499999999], [-71.211379, 42.57328299999999], [-71.20873399999999, 42.57238099999999], [-71.206999, 42.571305999999986], [-71.203383, 42.569483], [-71.197959, 42.567107], [-71.196904, 42.56634], [-71.193651, 42.565018999999985], [-71.19290200000002, 42.564336999999995], [-71.1923, 42.56491599999999], [-71.190959, 42.56724800000001], [-71.190499, 42.568732000000004], [-71.189955, 42.56897299999999], [-71.189267, 42.569670000000016], [-71.189166, 42.57059900000001], [-71.1885, 42.571119], [-71.186177, 42.574583999999994], [-71.18616399999999, 42.575321], [-71.182245, 42.58245599999999], [-71.181823, 42.582727999999996], [-71.17921299999999, 42.586436000000006], [-71.17570599999999, 42.591947999999974], [-71.165015, 42.59795899999999], [-71.163664, 42.60212999999999], [-71.160667, 42.605318], [-71.15926499999999, 42.607803999999994], [-71.15861699999999, 42.61294799999999], [-71.156564, 42.61497700000001], [-71.154336, 42.615277000000006], [-71.148613, 42.61324899999999], [-71.14656, 42.609979999999986], [-71.145749, 42.60828000000001], [-71.143074, 42.604080999999994], [-71.141528, 42.603386], [-71.13529, 42.599061], [-71.076133, 42.604077], [-71.0798, 42.608507], [-71.085886, 42.616583000000006], [-71.085944, 42.61719399999999], [-71.086749, 42.618095999999994], [-71.087225, 42.618938000000014], [-71.08877, 42.619981999999986], [-71.089079, 42.62054599999999], [-71.088743, 42.620971], [-71.094938, 42.629575], [-71.106532, 42.644692000000006], [-71.10405, 42.644650999999996], [-71.10244399999999, 42.648638000000005], [-71.10119, 42.649170000000005], [-71.09916799999999, 42.649257000000006], [-71.097465, 42.649716000000005], [-71.096265, 42.650413], [-71.096436, 42.651378], [-71.097149, 42.651892], [-71.098644, 42.652499], [-71.098985, 42.65280400000001], [-71.10029399999999, 42.65224799999999], [-71.100923, 42.652257000000006], [-71.10121, 42.65244599999999], [-71.102493, 42.652411000000015], [-71.10346, 42.651974], [-71.10421199999999, 42.65200999999998], [-71.10521899999999, 42.652365], [-71.106983, 42.651189], [-71.107726, 42.65023], [-71.107602, 42.64983099999999], [-71.10777999999999, 42.649350999999996], [-71.10658699999999, 42.64916099999999], [-71.106355, 42.649453999999984], [-71.106309, 42.649968], [-71.10600699999999, 42.65029299999999], [-71.10513200000001, 42.650462], [-71.10462799999999, 42.650147], [-71.104682, 42.649516], [-71.105797, 42.649027000000004], [-71.105053, 42.648816], [-71.10537099999999, 42.64866099999998], [-71.105819, 42.64809900000001], [-71.10623799999999, 42.64806000000001], [-71.106872, 42.647710999999994], [-71.10745299999999, 42.64801000000001], [-71.108723, 42.647253000000006], [-71.108599, 42.647479], [-71.114002, 42.654738], [-71.123897, 42.667885000000005], [-71.12434, 42.668329], [-71.12882700000002, 42.67445], [-71.134444, 42.676812999999996], [-71.133584, 42.679428], [-71.138061, 42.683667], [-71.13927699999999, 42.68440699999999], [-71.137827, 42.684996000000005], [-71.138092, 42.68521300000001], [-71.13933, 42.685156], [-71.139478, 42.68545899999999], [-71.137947, 42.686668000000026], [-71.13933999999999, 42.686717], [-71.139678, 42.68688200000001], [-71.139521, 42.68749400000001], [-71.138627, 42.687695999999995], [-71.138603, 42.687842999999994], [-71.14005999999999, 42.688987999999995], [-71.140155, 42.68936299999999], [-71.139595, 42.69017599999999], [-71.139062, 42.690402000000006], [-71.138639, 42.690327999999994], [-71.13795499999999, 42.689662999999996], [-71.13761099999999, 42.68974999999999], [-71.13759499999999, 42.69045599999998], [-71.138234, 42.69133399999999], [-71.137996, 42.692102999999996], [-71.13834, 42.69268799999999], [-71.139312, 42.69257599999999], [-71.139439, 42.692704], [-71.139303, 42.69303199999998], [-71.139405, 42.69314699999999], [-71.140411, 42.69346], [-71.141188, 42.69400900000001], [-71.143075, 42.694059], [-71.14367399999999, 42.69697999999999], [-71.14435399999999, 42.697642], [-71.145748, 42.69860900000001], [-71.145005, 42.69887999999998], [-71.14455, 42.69924599999999], [-71.143079, 42.69915100000001], [-71.142484, 42.69947199999999], [-71.140345, 42.703019], [-71.14037499999999, 42.70354999999999], [-71.139934, 42.70361999999998], [-71.13855099999999, 42.704533999999995], [-71.13768499999999, 42.70474699999999], [-71.13718999999999, 42.705509999999975], [-71.137344, 42.705618], [-71.137253, 42.70719700000001], [-71.135102, 42.70879100000001], [-71.134149, 42.71146799999999], [-71.133802, 42.713591], [-71.134373, 42.719677], [-71.134203, 42.72139099999999], [-71.120037, 42.73578799999999], [-71.115603, 42.74119100000001], [-71.109104, 42.73568300000002], [-71.097543, 42.73538799999999], [-71.095429, 42.736146999999995], [-71.091651, 42.737052999999996], [-71.089551, 42.73705300000002], [-71.087723, 42.736395999999985], [-71.08331299999999, 42.73692000000001], [-71.082703, 42.73681100000001], [-71.082212, 42.736925000000014], [-71.080564, 42.736725000000014], [-71.078761, 42.735929], [-71.074187, 42.734604999999995], [-71.07217299999999, 42.732720999999984], [-71.058847, 42.732549000000006], [-71.05812, 42.734540999999986], [-71.053071, 42.74002999999999], [-71.04954, 42.74479200000001], [-71.048715, 42.74629500000001], [-71.045755, 42.748156], [-71.04465400000001, 42.749082], [-71.044096, 42.753214000000014], [-71.042901, 42.753978], [-71.042847, 42.754335], [-71.041957, 42.754314], [-71.041718, 42.754548], [-71.042217, 42.75524799999999], [-71.042332, 42.75728200000001], [-71.04017999999999, 42.75784999999999], [-71.03857599999999, 42.758472000000005], [-71.034334, 42.763933], [-71.026624, 42.77325999999999], [-71.02277099999999, 42.77757299999999], [-71.0209, 42.78449000000001], [-71.017018, 42.792617], [-71.01552199999999, 42.794123], [-71.011032, 42.797137], [-71.002748, 42.801460999999996], [-70.998364, 42.808084], [-70.999043, 42.80974599999999], [-70.999714, 42.81069100000002], [-71.002139, 42.811529000000014], [-71.007008, 42.813609], [-71.006928, 42.81381700000001], [-71.007632, 42.81415500000001], [-71.007809, 42.813943], [-71.03357, 42.82475000000001], [-71.03742299999999, 42.82656199999999], [-71.053601, 42.833088999999994], [-71.047501, 42.844089000000004], [-71.044394, 42.84879600000001], [-71.03930199999999, 42.852687], [-71.03793900000001, 42.85405999999999], [-71.031201, 42.859086999999995], [-71.017101, 42.86148900000001], [-70.992201, 42.865289000000004], [-70.986519, 42.86588899999999], [-70.974777, 42.867438], [-70.96940000000001, 42.86828899999998], [-70.9665, 42.868988999999985], [-70.949197, 42.876090000000005], [-70.930798, 42.884588], [-70.92757, 42.885330999999994], [-70.914538, 42.886618999999996], [-70.905502, 42.88678999999999], [-70.90277, 42.886531], [-70.90021, 42.88599399999998], [-70.88561, 42.882496], [-70.875044, 42.876106], [-70.87305599999999, 42.875088], [-70.856754, 42.865424999999995], [-70.848625, 42.860939], [-70.83737599999999, 42.86499599999999], [-70.83289599999999, 42.867790000000014], [-70.830795, 42.868918], [-70.82594399999999, 42.87048599999999], [-70.82479599999999, 42.870989999999985], [-70.820894, 42.872075999999986], [-70.792495, 42.87329100000001], [-70.749494, 42.87469399999999], [-70.735005, 42.87468500000001], [-70.738642, 42.869254999999995], [-70.746282, 42.860842999999996], [-70.74883, 42.85883099999999], [-70.747134, 42.853712], [-70.746262, 42.850166000000016], [-70.746166, 42.84755500000001], [-70.745522, 42.844442999999984], [-70.743971, 42.843174000000005], [-70.74146, 42.839664000000006], [-70.739038, 42.83581799999999], [-70.737393, 42.83260699999999], [-70.736248, 42.82919400000001], [-70.735789, 42.82701900000001], [-70.73487399999999, 42.824477], [-70.734409, 42.818552999999994], [-70.734312, 42.81517300000001], [-70.734488, 42.81175800000001], [-70.733892, 42.808814], [-70.73388700000001, 42.806236], [-70.733655, 42.80365900000001], [-70.73414799999999, 42.79860500000001], [-70.73478, 42.795590999999995], [-70.737225, 42.787955999999994], [-70.731839, 42.77835699999999], [-70.73097, 42.77521200000001], [-70.73064699999999, 42.773338], [-70.728045, 42.767886999999995], [-70.726856, 42.764039000000004], [-70.725848, 42.75902000000001], [-70.721974, 42.754270999999996], [-70.720288, 42.75186299999997], [-70.71927, 42.75009499999998], [-70.71696, 42.74351699999999], [-70.71432399999999, 42.73191100000002], [-70.70258, 42.72416199999999], [-70.68293, 42.728829999999995], [-70.66131399999999, 42.73660999999999], [-70.64166399999999, 42.739723000000005], [-70.62594299999999, 42.739723999999995], [-70.590572, 42.73349999999999], [-70.549306, 42.72416399999999], [-70.52965499999999, 42.70704799999999], [-70.513934, 42.680594], [-70.506074, 42.65102999999999], [-70.502143, 42.63547099999999], [-70.502143, 42.624579], [-70.511968, 42.605907], [-70.521793, 42.593458999999996], [-70.531618, 42.584123], [-70.545374, 42.570119], [-70.56698899999999, 42.56078300000001], [-70.582709, 42.553004], [-70.596464, 42.540556], [-70.60629, 42.53121999999999], [-70.617339, 42.500099], [-70.640006, 42.43166], [-70.648072, 42.40562799999999], [-70.749487, 42.400819999999996], [-70.85143599999999, 42.393209000000006], [-70.901292, 42.384098000000016], [-70.924593, 42.386798], [-70.95949399999999, 42.407498000000004], [-70.962093, 42.412397000000006], [-70.959093, 42.41859699999998], [-70.95299299999999, 42.42939599999999], [-70.951393, 42.436996], [-70.95079299999999, 42.44429599999999], [-70.966293, 42.44349700000001], [-70.968594, 42.444396], [-70.971594, 42.442696], [-70.975194, 42.436896000000004], [-70.979648, 42.432631], [-70.982294, 42.431296], [-70.983708, 42.431663], [-70.985754, 42.432556999999996], [-70.987805, 42.43399799999998], [-70.99011999999999, 42.43487700000001], [-70.992023, 42.43413499999999], [-70.994849, 42.43115], [-70.99571399999999, 42.430855000000015], [-70.998475, 42.431296], [-71.001094, 42.431296], [-71.003275, 42.429709999999986], [-71.004595, 42.429814], [-71.004595, 42.431715], [-71.00334699999999, 42.43220900000001], [-71.003219, 42.43243700000001], [-71.00330199999999, 42.43270299999998], [-71.004632, 42.43305500000001], [-71.005875, 42.433029], [-71.006974, 42.43383800000001], [-71.007873, 42.433972], [-71.00862599999999, 42.434352999999994], [-71.009277, 42.43427799999999], [-71.00937499999999, 42.433989], [-71.009613, 42.43403], [-71.009577, 42.433189000000006], [-71.00976, 42.43328899999999], [-71.00972, 42.433862], [-71.009864, 42.43398099999999], [-71.010164, 42.433796], [-71.010742, 42.433767], [-71.010403, 42.433521], [-71.011158, 42.43314300000001], [-71.011534, 42.433335], [-71.01191, 42.433319000000004], [-71.01171599999999, 42.433705], [-71.01117599999999, 42.43377799999999], [-71.010954, 42.43366], [-71.01086699999999, 42.43389599999998], [-71.010327, 42.434098999999996], [-71.01088299999999, 42.43440699999999], [-71.01074299999999, 42.435262], [-71.011579, 42.436179], [-71.01049499999999, 42.437396], [-71.010295, 42.43869600000001], [-71.011995, 42.439696000000005], [-71.009495, 42.441196], [-71.012095, 42.442796], [-71.016795, 42.44819599999999], [-71.018295, 42.44959599999998], [-71.018495, 42.45009599999999], [-71.02029499999999, 42.448896], [-71.023679, 42.44599500000001], [-71.024958, 42.44538899999999], [-71.025449, 42.444938], [-71.02746499999999, 42.44696599999999], [-71.027857, 42.44700099999999], [-71.035761, 42.455963000000004], [-71.036131, 42.45658900000002], [-71.03654, 42.456846999999996], [-71.039114, 42.45951300000002], [-71.04021399999999, 42.46090199999999], [-71.044729, 42.465724000000016], [-71.04479599999999, 42.466195000000006], [-71.049668, 42.47171299999999], [-71.049579, 42.471905], [-71.049806, 42.472169000000015], [-71.049984, 42.472090999999985], [-71.052889, 42.47522699999998], [-71.053926, 42.47513], [-71.05523, 42.475531], [-71.056658, 42.47520799999998], [-71.058118, 42.47466199999999], [-71.061328, 42.474202999999996], [-71.061269, 42.47265099999999], [-71.06147399999999, 42.472505], [-71.06164, 42.47258000000001], [-71.063846, 42.47211099999999], [-71.066893, 42.47199599999999], [-71.067515, 42.471725000000006], [-71.070386, 42.47169099999997], [-71.072538, 42.471427999999996], [-71.072847, 42.472591], [-71.075406, 42.473276], [-71.07615899999999, 42.472929999999984], [-71.076124, 42.47347899999998], [-71.077985, 42.473974999999996], [-71.077614, 42.47479099999999], [-71.076351, 42.475042], [-71.07739699999999, 42.47530199999999], [-71.077415, 42.47738699999999], [-71.076728, 42.47731599999998], [-71.07614699999999, 42.479499], [-71.076303, 42.48039399999998], [-71.074955, 42.48791300000001], [-71.079982, 42.489732], [-71.085465, 42.492427000000006], [-71.086562, 42.49398200000001], [-71.089, 42.49879399999999], [-71.089824, 42.50064900000001], [-71.090026, 42.501483000000015], [-71.09441799999999, 42.502162999999996], [-71.09985499999999, 42.50230699999999], [-71.101045, 42.502244000000005], [-71.10146999999999, 42.501852], [-71.101322, 42.50135100000001], [-71.101778, 42.50123199999999], [-71.105304, 42.501641], [-71.10534, 42.501786], [-71.109478, 42.50133700000001], [-71.11967, 42.500645], [-71.119593, 42.50079800000001], [-71.120162, 42.502379000000005], [-71.121207, 42.503687000000006], [-71.122101, 42.504188000000006], [-71.124398, 42.507194], [-71.123036, 42.50821799999999], [-71.123644, 42.508893999999984], [-71.126266, 42.513098], [-71.129936, 42.519438], [-71.13269799999999, 42.524895999999984], [-71.13414999999999, 42.527324000000014], [-71.13535499999999, 42.52929100000001], [-71.136138, 42.530007000000005], [-71.138125, 42.529257], [-71.143197, 42.526903999999995], [-71.143472, 42.526578999999984], [-71.147654, 42.52478899999999], [-71.147811, 42.524864], [-71.149068, 42.524067], [-71.157192, 42.52069900000001], [-71.158086, 42.520505000000014], [-71.168476, 42.51602599999999], [-71.170063, 42.51559700000001], [-71.169566, 42.510895000000005], [-71.16975599999999, 42.510580999999995], [-71.16923799999999, 42.510361], [-71.169523, 42.50971899999999], [-71.169093, 42.50955999999999], [-71.16892899999999, 42.507532000000005], [-71.169217, 42.507235], [-71.169032, 42.50715599999999], [-71.169489, 42.5067], [-71.16895199999999, 42.506539], [-71.16890000000001, 42.50419499999998], [-71.169176, 42.49779200000001], [-71.168638, 42.496021000000006], [-71.168789, 42.49490200000001], [-71.168798, 42.490451], [-71.17080299999999, 42.489802], [-71.169038, 42.487171000000004], [-71.170757, 42.48646999999999], [-71.17280699999999, 42.48593099999999], [-71.173268, 42.48560600000001], [-71.174618, 42.485171000000015], [-71.181165, 42.483584], [-71.181375, 42.483386], [-71.181293, 42.482984], [-71.183399, 42.48159400000001], [-71.184924, 42.48143299999999], [-71.186325, 42.48072499999998], [-71.18548, 42.47996699999999], [-71.18738499999999, 42.479462000000005], [-71.18811099999999, 42.47968800000002], [-71.2042, 42.46579600000001], [-71.20611900000002, 42.46719299999998], [-71.207959, 42.46751800000001], [-71.208546, 42.46787800000001], [-71.20958399999999, 42.470076000000006], [-71.21029899999999, 42.47057199999999], [-71.21019799999999, 42.46977899999999], [-71.210439, 42.469414000000015], [-71.210506, 42.46853599999999], [-71.21091, 42.467415], [-71.211855, 42.46652899999999], [-71.212299, 42.466323], [-71.222236, 42.47447899999999], [-71.223996, 42.475753999999995], [-71.240983, 42.48988099999998], [-71.242397, 42.48996700000001], [-71.243634, 42.488257], [-71.252102, 42.48449500000001], [-71.253402, 42.482795], [-71.255504, 42.479395], [-71.25656, 42.478268], [-71.261197, 42.476183000000006], [-71.26464899999999, 42.47123699999999], [-71.265594, 42.470266], [-71.26925899999999, 42.46547899999998], [-71.271222, 42.461396], [-71.27242, 42.45955600000001], [-71.276971, 42.460464999999985], [-71.279612, 42.460057999999975], [-71.281915, 42.459950000000006], [-71.284414, 42.462105], [-71.288083, 42.46486600000001], [-71.287916, 42.464277], [-71.293692, 42.46920100000001], [-71.298763, 42.47286499999999], [-71.300893, 42.47358599999999], [-71.301903, 42.473254], [-71.304216, 42.474693], [-71.306445, 42.474339], [-71.30938499999999, 42.47634], [-71.31375799999999, 42.47409599999999], [-71.316497, 42.47604900000001], [-71.318103, 42.47806299999998], [-71.32018599999999, 42.480264], [-71.32117099999999, 42.480272], [-71.320933, 42.482119000000004], [-71.318147, 42.482839], [-71.317161, 42.48356599999999], [-71.317067, 42.483875999999995], [-71.317089, 42.48414799999999], [-71.317655, 42.484972], [-71.319704, 42.48661], [-71.319237, 42.48826], [-71.319152, 42.48985700000002], [-71.318556, 42.49175599999999], [-71.318536, 42.49415699999999], [-71.318257, 42.496894000000026], [-71.31836899999999, 42.497536], [-71.317464, 42.502193000000005], [-71.318032, 42.503974], [-71.31742899999999, 42.505611]], [[-71.058393, 42.733722], [-71.058381, 42.733543], [-71.058336, 42.733715000000004], [-71.058393, 42.733722]], [[-71.04405299999999, 42.752610000000004], [-71.04388999999999, 42.75219199999999], [-71.043508, 42.752691], [-71.0437, 42.752780000000016], [-71.04405299999999, 42.752610000000004]]]]}}, {"type": "Feature", "properties": {"district_name": "8th Congressional District", "chamber": "us-house", "vintage": "2001-2010", "lean_dem_share": 0.776, "competitiveness": "Safe", "competitiveness_label": "Safe D", "party_favored": "Democratic", "url": "/district/us-house-8th-congressional-district-2001-2010/", "latest_year": 2010, "is_uncontested": true, "turnout_ratio": 0.7794, "winner_name": "Michael E. Capuano", "winner_party": "Democratic", "winner_war": null, "winner_lean_component": 0.4834, "winner_tide_component": 0.0345, "winner_incumbency_adjustment": 0.035, "winner_demographics_component": null, "winner_fundraising_component": null}, "geometry": {"type": "Polygon", "coordinates": [[[-71.167998, 42.36019599999999], [-71.16624399999999, 42.35960399999999], [-71.163716, 42.358248999999994], [-71.161878, 42.35914099999999], [-71.159598, 42.359996], [-71.155303, 42.359898], [-71.14856499999999, 42.361174000000005], [-71.14679699999999, 42.36229599999999], [-71.14509799999999, 42.36449199999999], [-71.14379699999999, 42.364996], [-71.143834, 42.365448], [-71.144303, 42.366382000000016], [-71.143064, 42.36660200000001], [-71.142399, 42.36695200000002], [-71.140395, 42.370283], [-71.140069, 42.37162899999999], [-71.13989, 42.373568999999996], [-71.143897, 42.374095999999994], [-71.143577, 42.37537599999998], [-71.14544599999999, 42.37531399999999], [-71.14968499999999, 42.374660999999996], [-71.154496, 42.375172000000006], [-71.15472199999999, 42.376972], [-71.155254, 42.377721000000015], [-71.155074, 42.378244], [-71.156185, 42.380477000000006], [-71.15575199999999, 42.380413000000004], [-71.155672, 42.38054200000001], [-71.155881, 42.381088999999996], [-71.15586100000002, 42.381609999999995], [-71.157935, 42.382256], [-71.158087, 42.382798], [-71.16010399999999, 42.38585], [-71.160332, 42.386444], [-71.158381, 42.386776], [-71.15798400000001, 42.387042999999984], [-71.157688, 42.38753100000001], [-71.157091, 42.389894999999996], [-71.157118, 42.39056000000001], [-71.158374, 42.39454599999999], [-71.156302, 42.395615], [-71.156302, 42.395852], [-71.152057, 42.40104], [-71.150221, 42.40015100000001], [-71.143424, 42.397489], [-71.14174, 42.39857599999999], [-71.140412, 42.399719999999995], [-71.13933399999999, 42.400148], [-71.13747099999999, 42.40043100000001], [-71.136391, 42.40096499999999], [-71.134742, 42.40291799999999], [-71.134379, 42.406063], [-71.132415, 42.409009999999995], [-71.132273, 42.410126999999996], [-71.132762, 42.41162699999999], [-71.132317, 42.415215999999994], [-71.131939, 42.41527900000001], [-71.131653, 42.415594999999975], [-71.131467, 42.416765999999996], [-71.13116, 42.417043000000035], [-71.130087, 42.417503], [-71.127601, 42.418071], [-71.126762, 42.418112], [-71.127124, 42.417301000000016], [-71.126797, 42.41685100000001], [-71.12987199999999, 42.41338400000001], [-71.12709699999999, 42.41224400000001], [-71.128101, 42.410720000000005], [-71.126179, 42.409227], [-71.12570099999999, 42.409963000000005], [-71.123389, 42.40914699999998], [-71.12399599999999, 42.408268000000014], [-71.12145699999999, 42.40740000000001], [-71.121668, 42.407088], [-71.119456, 42.406327], [-71.119328, 42.40652499999999], [-71.116821, 42.40561400000001], [-71.116299, 42.40564299999999], [-71.11558099999999, 42.405198], [-71.1152, 42.404689], [-71.115129, 42.40280199999999], [-71.115346, 42.40272799999999], [-71.11401, 42.400987999999984], [-71.109009, 42.399125999999995], [-71.108809, 42.398889000000004], [-71.100621, 42.396103000000004], [-71.098343, 42.39882600000001], [-71.097749, 42.399276000000015], [-71.097416, 42.39985999999999], [-71.096096, 42.401196], [-71.093873, 42.39973099999999], [-71.091893, 42.398928], [-71.085687, 42.400650999999996], [-71.083423, 42.40001299999999], [-71.077152, 42.39677799999999], [-71.075996, 42.39639599999999], [-71.074086, 42.392588], [-71.072696, 42.390796], [-71.069496, 42.393896], [-71.067996, 42.394996], [-71.067396, 42.394996], [-71.067095, 42.393996], [-71.07029600000001, 42.39019599999999], [-71.07089599999999, 42.388996], [-71.06569499999999, 42.38659599999998], [-71.057395, 42.387297000000004], [-71.055295, 42.38709700000002], [-71.05069499999999, 42.391996000000006], [-71.05000199999999, 42.39347099999999], [-71.050395, 42.393996000000016], [-71.052095, 42.394895999999996], [-71.052995, 42.396196], [-71.05278, 42.39673699999999], [-71.051928, 42.397403000000004], [-71.050681, 42.39764699999999], [-71.049971, 42.39750600000001], [-71.048208, 42.396620999999996], [-71.046195, 42.39799599999998], [-71.04516, 42.398058999999996], [-71.044309, 42.398573999999996], [-71.044243, 42.398779999999995], [-71.044454, 42.399010999999994], [-71.041795, 42.40109600000001], [-71.04139599999999, 42.40119700000001], [-71.040596, 42.401796999999995], [-71.040195, 42.40269599999999], [-71.038394, 42.40499599999999], [-71.03659400000001, 42.407896], [-71.035992, 42.40916100000001], [-71.034784, 42.41072499999999], [-71.034832, 42.41100399999999], [-71.033442, 42.41338000000001], [-71.033051, 42.414773000000004], [-71.032904, 42.41431000000001], [-71.03244, 42.413729000000004], [-71.030147, 42.41181399999999], [-71.02905, 42.41028], [-71.02728499999999, 42.408952000000006], [-71.027174, 42.407503999999996], [-71.026625, 42.40635], [-71.026134, 42.406259999999996], [-71.026089, 42.405954], [-71.025193, 42.40592499999999], [-71.024553, 42.40557599999999], [-71.022621, 42.40536299999997], [-71.022443, 42.40548700000001], [-71.02191599999999, 42.405287], [-71.020839, 42.40519099999999], [-71.02058199999999, 42.404905], [-71.021289, 42.40438100000001], [-71.020785, 42.40359300000001], [-71.018878, 42.403718], [-71.01808799999999, 42.40335699999999], [-71.017826, 42.402883], [-71.01703499999999, 42.40271499999999], [-71.013772, 42.402964], [-71.011555, 42.401907], [-71.010892, 42.40179499999999], [-71.009396, 42.401183], [-71.009445, 42.400475], [-71.009629, 42.400166999999996], [-71.013395, 42.39739799999999], [-71.009586, 42.39603], [-71.007223, 42.396039000000016], [-71.003402, 42.39835900000001], [-71.001336, 42.398866999999996], [-70.998995, 42.398196999999996], [-70.996695, 42.39459499999999], [-70.995065, 42.393494], [-70.994731, 42.39288799999999], [-70.99142599999999, 42.39301799999999], [-70.98977099999999, 42.393240000000006], [-70.987442, 42.39274200000001], [-70.987201, 42.39201299999999], [-70.987993, 42.38895200000001], [-70.986053, 42.388116000000004], [-70.986921, 42.386993], [-70.988281, 42.38710700000001], [-70.994239, 42.384647000000015], [-70.994681, 42.38270899999999], [-70.994648, 42.38114999999999], [-70.99669399999999, 42.37874100000001], [-71.00665, 42.37474100000001], [-71.01024199999999, 42.365347], [-71.001757, 42.364851], [-70.986597, 42.36457199999999], [-70.985593, 42.356796999999986], [-70.972893, 42.35359699999999], [-70.917892, 42.385997], [-70.901292, 42.384098000000016], [-70.85143599999999, 42.393209000000006], [-70.749487, 42.400819999999996], [-70.648072, 42.40562799999999], [-70.652005, 42.39293899999999], [-70.658723, 42.375097999999994], [-70.67569, 42.375097999999994], [-70.74947, 42.37333999999999], [-70.851191, 42.372499], [-70.894292, 42.372398999999994], [-70.905692, 42.316998999999996], [-70.917091, 42.314198000000005], [-70.927191, 42.310097999999996], [-70.937091, 42.311097999999994], [-70.94899099999999, 42.301298], [-70.96019199999999, 42.29949800000001], [-70.97599199999999, 42.300097999999984], [-70.981781, 42.30838199999999], [-70.988693, 42.31359800000001], [-70.998593, 42.311997999999996], [-71.002093, 42.308697999999985], [-71.00979099999999, 42.305198999999995], [-71.015393, 42.30669799999998], [-71.022093, 42.305597999999975], [-71.028395, 42.30879899999999], [-71.04169399999999, 42.305298], [-71.041294, 42.300097999999984], [-71.03529400000001, 42.288798], [-71.03789400000001, 42.284898], [-71.03908, 42.283966000000014], [-71.040222, 42.284667999999996], [-71.038442, 42.28601899999999], [-71.03894799999999, 42.28650100000001], [-71.039039, 42.286891], [-71.038485, 42.286752], [-71.03741699999999, 42.287924000000004], [-71.037307, 42.288453], [-71.037904, 42.28958600000001], [-71.037868, 42.290798], [-71.03859, 42.29131200000001], [-71.039052, 42.29128099999999], [-71.038913, 42.291473], [-71.039112, 42.29165799999999], [-71.039172, 42.292125], [-71.03957199999999, 42.29215], [-71.039279, 42.292502], [-71.039616, 42.292652999999994], [-71.03976999999999, 42.292939000000004], [-71.042202, 42.293278000000015], [-71.042159, 42.292508999999995], [-71.04162699999999, 42.29079399999999], [-71.041663, 42.289477999999974], [-71.041771, 42.28940899999999], [-71.04195399999999, 42.289915], [-71.041934, 42.291000000000004], [-71.04237599999999, 42.292122], [-71.043328, 42.292992000000005], [-71.044589, 42.29374], [-71.045782, 42.29587999999999], [-71.046544, 42.29796500000001], [-71.046466, 42.298101], [-71.04596, 42.29756099999999], [-71.04591599999999, 42.29702600000001], [-71.045503, 42.296088], [-71.044656, 42.29604900000001], [-71.044546, 42.29660899999999], [-71.044805, 42.297306999999996], [-71.04534199999999, 42.29794999999999], [-71.04625, 42.29837499999999], [-71.046386, 42.298854999999996], [-71.04583099999999, 42.299071999999995], [-71.045261, 42.299009999999974], [-71.044844, 42.299184000000004], [-71.044843, 42.29943100000001], [-71.044504, 42.29938799999999], [-71.043855, 42.299840999999994], [-71.044254, 42.30032500000002], [-71.04403599999999, 42.300791999999994], [-71.043455, 42.301082], [-71.043369, 42.301831], [-71.043703, 42.302433000000015], [-71.046863, 42.303097], [-71.047017, 42.30297200000001], [-71.04689499999999, 42.30263699999998], [-71.047112, 42.302219], [-71.047821, 42.302161], [-71.047943, 42.302653999999976], [-71.047771, 42.30314399999999], [-71.048434, 42.30330699999999], [-71.04945599999999, 42.301916000000006], [-71.052371, 42.30451600000001], [-71.053193, 42.305649], [-71.053491, 42.306417999999994], [-71.053044, 42.306416999999996], [-71.053304, 42.30708799999999], [-71.053178, 42.307648999999984], [-71.052407, 42.307932999999984], [-71.04910900000002, 42.307914999999994], [-71.04847699999999, 42.30775099999998], [-71.047924, 42.307522000000006], [-71.047632, 42.30714400000001], [-71.04808799999999, 42.304849], [-71.047812, 42.304503], [-71.04727299999999, 42.304390999999995], [-71.046577, 42.3052], [-71.046185, 42.306720000000006], [-71.045069, 42.30850100000001], [-71.044404, 42.30911600000001], [-71.043679, 42.309214], [-71.04266, 42.309647000000005], [-71.04235, 42.309976], [-71.04238099999999, 42.310151999999995], [-71.042765, 42.31034299999999], [-71.043983, 42.310131999999996], [-71.044985, 42.310213], [-71.04499899999999, 42.310613999999994], [-71.044305, 42.310725], [-71.04391700000001, 42.31121800000001], [-71.044792, 42.312216], [-71.04514499999999, 42.31245299999999], [-71.04567, 42.312353], [-71.046142, 42.3128], [-71.046268, 42.31297299999999], [-71.046191, 42.313190999999996], [-71.045819, 42.313598], [-71.044506, 42.31422499999999], [-71.04412099999999, 42.31417799999999], [-71.038069, 42.310458], [-71.03722599999999, 42.310324], [-71.036925, 42.31042000000001], [-71.033416, 42.31321100000001], [-71.033037, 42.31315899999999], [-71.03268899999999, 42.31330500000001], [-71.032934, 42.31360199999998], [-71.032777, 42.31433399999999], [-71.032926, 42.31539399999998], [-71.033169, 42.316322], [-71.037217, 42.317690999999996], [-71.037369, 42.318183999999995], [-71.036705, 42.318574], [-71.036873, 42.31880000000001], [-71.038535, 42.319433], [-71.04312, 42.321616000000006], [-71.043443, 42.32182600000001], [-71.04385599999999, 42.322661], [-71.045503, 42.32317599999999], [-71.046043, 42.323167], [-71.046319, 42.323419], [-71.04711999999999, 42.32349000000001], [-71.047505, 42.323699], [-71.047855, 42.324819000000005], [-71.04785199999999, 42.32562], [-71.047461, 42.32705899999999], [-71.046716, 42.328198000000015], [-71.045912, 42.328873999999985], [-71.043674, 42.329576], [-71.04227, 42.329687], [-71.039249, 42.329587], [-71.03596999999999, 42.32849300000001], [-71.032915, 42.329146], [-71.029422, 42.33117599999999], [-71.028852, 42.331208], [-71.026257, 42.332195000000006], [-71.025809, 42.332536999999995], [-71.025312, 42.332657999999995], [-71.02520799999999, 42.332502], [-71.024374, 42.33284099999999], [-71.022063, 42.332318999999984], [-71.020984, 42.33230699999999], [-71.020037, 42.33175599999999], [-71.017933, 42.33094200000001], [-71.015125, 42.33051899999999], [-71.01491, 42.33065699999999], [-71.01501800000001, 42.33083599999999], [-71.014695, 42.331332], [-71.01406899999999, 42.33176199999997], [-71.013524, 42.332433], [-71.012815, 42.33387799999999], [-71.01252, 42.33408599999999], [-71.012057, 42.335057000000006], [-71.011425, 42.335915], [-71.010853, 42.336303000000015], [-71.009463, 42.336755], [-71.00929099999999, 42.33722200000001], [-71.00957799999999, 42.338505000000005], [-71.010115, 42.339216], [-71.010669, 42.339319], [-71.010992, 42.339642], [-71.010757, 42.33979899999999], [-71.014209, 42.34201200000003], [-71.025126, 42.341833], [-71.025125, 42.34150899999998], [-71.02617, 42.341648000000006], [-71.026527, 42.341327], [-71.02689699999999, 42.341271], [-71.02765099999999, 42.34145999999996], [-71.027835, 42.341731], [-71.029285, 42.341759999999994], [-71.029502, 42.34138199999999], [-71.029517, 42.34024699999999], [-71.030372, 42.340246], [-71.030414, 42.34165400000001], [-71.03380299999999, 42.341485999999996], [-71.033801, 42.34044099999999], [-71.03470999999999, 42.340447999999995], [-71.034711, 42.340664000000004], [-71.03521599999999, 42.340664000000004], [-71.035268, 42.34168499999999], [-71.03906599999999, 42.34160000000001], [-71.03941, 42.34017100000002], [-71.039917, 42.339905], [-71.039999, 42.33843600000001], [-71.04013499999999, 42.339167], [-71.040426, 42.33955800000001], [-71.040843, 42.33943400000002], [-71.040983, 42.33894000000001], [-71.041906, 42.33957199999999], [-71.040886, 42.340257], [-71.040792, 42.34060100000001], [-71.03871300000002, 42.342817], [-71.038712, 42.34367700000001], [-71.038449, 42.34367700000001], [-71.037748, 42.343208], [-71.021937, 42.34353799999998], [-71.02196599999999, 42.344514], [-71.025465, 42.344462], [-71.025481, 42.34472699999999], [-71.025748, 42.34472199999999], [-71.025807, 42.34491500000001], [-71.025397, 42.34491299999999], [-71.0254, 42.345065999999974], [-71.026557, 42.345041], [-71.026579, 42.345284], [-71.030632, 42.345185000000015], [-71.030973, 42.34529600000001], [-71.030633, 42.34552700000001], [-71.023243, 42.345703000000015], [-71.023276, 42.346940999999994], [-71.02654199999999, 42.34829199999999], [-71.029082, 42.346702999999984], [-71.030389, 42.346814999999985], [-71.029015, 42.34797799999999], [-71.029212, 42.34810499999999], [-71.03070799999999, 42.346859], [-71.031702, 42.34732299999999], [-71.0293, 42.349261000000006], [-71.029521, 42.34939699999999], [-71.03195099999999, 42.347426999999996], [-71.03272299999999, 42.347773], [-71.03096699999999, 42.349137000000006], [-71.031189, 42.349264000000005], [-71.033011, 42.347867000000015], [-71.033783, 42.348214], [-71.03264500000002, 42.349495000000005], [-71.032933, 42.34962899999999], [-71.03411, 42.34836999999999], [-71.03477699999999, 42.34867299999999], [-71.033173, 42.350768], [-71.033631, 42.350958000000006], [-71.035068, 42.349108999999984], [-71.035356, 42.349148], [-71.033906, 42.351062], [-71.034319, 42.351243], [-71.035842, 42.34926200000001], [-71.03626799999999, 42.34944799999999], [-71.03582899999999, 42.350184999999975], [-71.036035, 42.350285], [-71.036844, 42.34920400000002], [-71.03720200000001, 42.349143], [-71.037184, 42.34892300000001], [-71.03754599999999, 42.34870999999999], [-71.03880099999999, 42.34934900000001], [-71.03680500000002, 42.35197399999999], [-71.037757, 42.352411999999994], [-71.039915, 42.349522999999984], [-71.04086699999999, 42.349920000000004], [-71.038648, 42.352773999999975], [-71.040072, 42.35337000000001], [-71.04216699999999, 42.35048200000002], [-71.04270199999999, 42.35072500000002], [-71.04254, 42.350931], [-71.04294999999999, 42.351138999999996], [-71.041032, 42.35375799999999], [-71.041574, 42.35400999999999], [-71.042352, 42.353001], [-71.04308, 42.353334000000004], [-71.043381, 42.35299999999998], [-71.04431799999999, 42.35341599999999], [-71.04370999999999, 42.35466500000001], [-71.045003, 42.355056], [-71.045993, 42.35513799999999], [-71.047569, 42.354739999999985], [-71.048526, 42.35415999999999], [-71.05475, 42.345777], [-71.057132, 42.34561299999998], [-71.058455, 42.34520699999999], [-71.059265, 42.343989000000015], [-71.059782, 42.34298499999998], [-71.059983, 42.34207099999999], [-71.060001, 42.340054999999985], [-71.059697, 42.336801], [-71.060042, 42.33656399999998], [-71.06058399999999, 42.335446], [-71.066431, 42.326256], [-71.067077, 42.324774999999995], [-71.06750699999999, 42.32329699999998], [-71.066088, 42.321646], [-71.065596, 42.32129400000001], [-71.063332, 42.321014], [-71.061865, 42.32047699999999], [-71.061481, 42.32050000000001], [-71.060846, 42.319911000000005], [-71.061674, 42.31838], [-71.05988099999999, 42.31797200000001], [-71.059596, 42.31886899999999], [-71.05883399999999, 42.3186], [-71.060018, 42.31473799999998], [-71.060885, 42.31512600000001], [-71.062372, 42.313331999999996], [-71.063259, 42.31368799999999], [-71.063515, 42.313227], [-71.062113, 42.31259699999999], [-71.06239099999999, 42.312229], [-71.06201899999999, 42.31196099999999], [-71.061019, 42.311449], [-71.05937899999999, 42.31103899999998], [-71.058881, 42.31277100000001], [-71.05720699999999, 42.31296000000001], [-71.05979599999999, 42.301537999999994], [-71.059613, 42.301245], [-71.05785999999999, 42.301670999999985], [-71.058149, 42.30221099999999], [-71.05632899999999, 42.302938], [-71.05631699999999, 42.30225799999998], [-71.056017, 42.301272999999995], [-71.056482, 42.300853999999994], [-71.057283, 42.300502], [-71.05904199999999, 42.300333], [-71.05681899999999, 42.297917], [-71.056457, 42.29637], [-71.059685, 42.295437], [-71.061669, 42.295069999999996], [-71.064787, 42.28399900000001], [-71.071264, 42.28200899999999], [-71.07573599999999, 42.281037999999995], [-71.074728, 42.278133000000004], [-71.072774, 42.278073], [-71.072047, 42.276081000000005], [-71.072199, 42.275000999999996], [-71.073238, 42.275599], [-71.07725099999999, 42.27721700000001], [-71.078447, 42.275739999999985], [-71.078163, 42.275160000000014], [-71.078968, 42.274747], [-71.07889399999999, 42.27410100000001], [-71.079127, 42.27372899999998], [-71.07900300000001, 42.273409], [-71.077615, 42.273782], [-71.077191, 42.272572999999994], [-71.077235, 42.27154300000001], [-71.075006, 42.27138000000001], [-71.074894, 42.270303], [-71.07592199999999, 42.27033199999998], [-71.076972, 42.269973000000014], [-71.07976, 42.269529999999996], [-71.080809, 42.26897400000001], [-71.082323, 42.268744999999996], [-71.082968, 42.268496000000006], [-71.08551899999999, 42.269007999999985], [-71.085948, 42.26929199999999], [-71.088672, 42.269733], [-71.089704, 42.26962799999999], [-71.09022999999999, 42.269141000000005], [-71.090201, 42.268417000000014], [-71.08986399999999, 42.267728000000005], [-71.090424, 42.266466000000015], [-71.092553, 42.26668999999998], [-71.09356, 42.26709599999999], [-71.094334, 42.26696999999999], [-71.095256, 42.265786], [-71.096571, 42.264511000000006], [-71.097425, 42.263039], [-71.09888, 42.262494], [-71.100298, 42.26123000000001], [-71.103004, 42.259785], [-71.10396399999999, 42.259791], [-71.105076, 42.260679], [-71.105547, 42.26085699999999], [-71.107461, 42.26065199999999], [-71.109284, 42.261278999999995], [-71.110224, 42.26116299999998], [-71.11117899999999, 42.26080799999999], [-71.11173699999999, 42.26046900000001], [-71.113277, 42.258911999999995], [-71.112938, 42.258641000000004], [-71.11698, 42.255825], [-71.11937, 42.253657], [-71.120277, 42.255021], [-71.12125999999999, 42.255869], [-71.122207, 42.256024000000004], [-71.122328, 42.25673899999999], [-71.123933, 42.25657199999999], [-71.12413099999999, 42.255818999999995], [-71.12530699999999, 42.255653], [-71.124708, 42.25722699999999], [-71.12391, 42.26055100000001], [-71.119843, 42.279542000000006], [-71.11963399999999, 42.281482], [-71.11954899999999, 42.28551100000002], [-71.11881699999999, 42.285501], [-71.118686, 42.28640900000001], [-71.112583, 42.28650100000001], [-71.110635, 42.286901999999984], [-71.10976300000002, 42.28763900000001], [-71.107089, 42.289234000000015], [-71.105666, 42.289744999999996], [-71.10173999999999, 42.293168], [-71.099582, 42.292995999999995], [-71.096402, 42.293234999999996], [-71.103291, 42.299806], [-71.10427, 42.300229], [-71.105712, 42.300163999999995], [-71.105464, 42.29897899999999], [-71.1057, 42.298640999999996], [-71.106047, 42.29848799999999], [-71.107362, 42.29837499999999], [-71.107529, 42.29861299999998], [-71.108496, 42.298998000000005], [-71.109596, 42.29909800000001], [-71.110075, 42.29851000000001], [-71.109815, 42.29816599999999], [-71.111586, 42.296538], [-71.11207499999999, 42.29617800000002], [-71.11287, 42.29666199999999], [-71.11184, 42.29750799999999], [-71.114085, 42.299115], [-71.113545, 42.29994], [-71.11407799999999, 42.300055], [-71.114671, 42.30055999999999], [-71.114588, 42.30100199999998], [-71.11394899999999, 42.301579], [-71.115582, 42.302270000000014], [-71.117543, 42.302619], [-71.118376, 42.30292799999999], [-71.119208, 42.30354400000001], [-71.11972399999999, 42.304278], [-71.119888, 42.30510899999998], [-71.119376, 42.306428000000004], [-71.119441, 42.30725499999999], [-71.120042, 42.30829400000001], [-71.121492, 42.309657000000016], [-71.121869, 42.310294], [-71.122255, 42.311884], [-71.122225, 42.31244000000001], [-71.121905, 42.31290699999999], [-71.122275, 42.31272599999999], [-71.12247599999999, 42.31293], [-71.121782, 42.31384], [-71.12239, 42.31392300000001], [-71.123059, 42.31443300000001], [-71.123265, 42.31478700000001], [-71.1232, 42.31592700000001], [-71.12388899999999, 42.31850000000001], [-71.123835, 42.319374999999994], [-71.125311, 42.318794999999994], [-71.126999, 42.318615], [-71.12459299999999, 42.321596], [-71.121782, 42.32327000000001], [-71.121538, 42.323327000000006], [-71.119586, 42.322685], [-71.11955, 42.322551000000004], [-71.11669700000002, 42.323694999999994], [-71.115597, 42.326859999999996], [-71.115304, 42.32723999999998], [-71.115303, 42.32785700000004], [-71.11501299999999, 42.32815899999999], [-71.115116, 42.328427999999995], [-71.114992, 42.32861900000001], [-71.114869, 42.328472999999995], [-71.11471499999999, 42.32856100000001], [-71.114775, 42.328987999999995], [-71.113784, 42.33059600000001], [-71.113162, 42.33257499999999], [-71.11237899999999, 42.33373599999997], [-71.110693, 42.335324], [-71.11145599999999, 42.335898], [-71.11165199999999, 42.336696], [-71.111378, 42.33688300000001], [-71.111584, 42.33764800000001], [-71.110637, 42.34041000000001], [-71.108412, 42.341888], [-71.105697, 42.343994999999985], [-71.107185, 42.34701099999997], [-71.10656999999999, 42.349912], [-71.122423, 42.35181099999999], [-71.123532, 42.351414000000005], [-71.124755, 42.351229999999994], [-71.126854, 42.35008799999999], [-71.12858299999999, 42.349833000000004], [-71.12928099999999, 42.34906699999999], [-71.133381, 42.347122000000006], [-71.135278, 42.345940999999996], [-71.141302, 42.341072999999994], [-71.141939, 42.340008], [-71.14421200000001, 42.34002199999999], [-71.146597, 42.33849699999999], [-71.146197, 42.33739800000001], [-71.148769, 42.336777000000005], [-71.148398, 42.33579800000002], [-71.150498, 42.334996], [-71.14999, 42.33449599999999], [-71.14979699999999, 42.334497000000006], [-71.156997, 42.330096999999974], [-71.159626, 42.332440000000005], [-71.16026, 42.333318999999996], [-71.162497, 42.33359699999999], [-71.16699799999999, 42.333197000000006], [-71.167698, 42.33329699999998], [-71.168191, 42.33479100000001], [-71.16857, 42.335143], [-71.168886, 42.33582599999999], [-71.169217, 42.33806800000001], [-71.168936, 42.33844899999999], [-71.166799, 42.33979799999999], [-71.16843899999999, 42.34214700000001], [-71.16946899999999, 42.343231], [-71.17479800000001, 42.350096], [-71.17479800000001, 42.35079599999998], [-71.173997, 42.353195], [-71.17119799999999, 42.356396], [-71.16999899999999, 42.357397000000006], [-71.169698, 42.358396000000006], [-71.167998, 42.36019599999999]], [[-71.068991, 42.36809900000001], [-71.068005, 42.368902999999996], [-71.06741, 42.36909700000001], [-71.069795, 42.36909700000001], [-71.070262, 42.36863000000001], [-71.068991, 42.36809900000001]], [[-71.07157099999999, 42.36723399999999], [-71.075795, 42.361596999999996], [-71.077095, 42.35869699999999], [-71.075692, 42.356065], [-71.07504899999999, 42.355325], [-71.073302, 42.355812], [-71.073021, 42.355309999999996], [-71.072511, 42.35545299999998], [-71.070655, 42.351853999999996], [-71.067469, 42.352495], [-71.064562, 42.352382999999996], [-71.063419, 42.355059999999966], [-71.062257, 42.35626799999999], [-71.06048, 42.355499], [-71.057475, 42.35336599999999], [-71.055026, 42.352485], [-71.052723, 42.35137200000002], [-71.052086, 42.35244800000001], [-71.052249, 42.352576], [-71.051906, 42.353005], [-71.051763, 42.35295], [-71.05040799999999, 42.354883], [-71.04948499999999, 42.35657499999999], [-71.049849, 42.356685], [-71.049415, 42.35679599999998], [-71.049131, 42.35735499999999], [-71.04958599999999, 42.35727999999998], [-71.04968099999999, 42.357679000000005], [-71.04941099999999, 42.35787699999999], [-71.049436, 42.35836299999999], [-71.050124, 42.358287999999995], [-71.050234, 42.35886699999999], [-71.049623, 42.358917999999996], [-71.049425, 42.358655999999996], [-71.048682, 42.358741], [-71.048495, 42.359297999999995], [-71.048341, 42.35932400000001], [-71.048388, 42.359570000000005], [-71.050545, 42.359347], [-71.050584, 42.35974299999999], [-71.047624, 42.36016899999999], [-71.048338, 42.360181000000004], [-71.052353, 42.35951800000001], [-71.053116, 42.360586999999995], [-71.053535, 42.360778999999994], [-71.056039, 42.36062099999997], [-71.05547, 42.361184], [-71.056658, 42.36201899999999], [-71.05569899999999, 42.36265199999999], [-71.05712400000002, 42.363438], [-71.057709, 42.363543], [-71.05786599999999, 42.362803], [-71.058559, 42.363381], [-71.058381, 42.363614999999996], [-71.058476, 42.363836000000006], [-71.060441, 42.365822], [-71.06066, 42.365865000000014], [-71.058525, 42.36695199999999], [-71.059051, 42.367778999999985], [-71.060428, 42.36711300000001], [-71.060875, 42.367307000000004], [-71.061028, 42.367719000000015], [-71.060486, 42.36825499999999], [-71.0607, 42.368666], [-71.062089, 42.368518999999985], [-71.06206, 42.36797000000001], [-71.064726, 42.36886799999998], [-71.065173, 42.368779], [-71.065134, 42.36845499999999], [-71.065612, 42.368793999999994], [-71.065713, 42.368747], [-71.06562199999999, 42.368244], [-71.06735200000001, 42.367775999999985], [-71.068248, 42.367367999999985], [-71.068311, 42.367127999999994], [-71.068573, 42.367037999999994], [-71.070677, 42.368095], [-71.07157099999999, 42.36723399999999]]]}}, {"type": "Feature", "properties": {"district_name": "7th Congressional District", "chamber": "us-house", "vintage": "2001-2010", "lean_dem_share": 0.5716, "competitiveness": "Likely", "competitiveness_label": "Likely D", "party_favored": "Democratic", "url": "/district/us-house-7th-congressional-district-2001-2010/", "latest_year": 2010, "is_uncontested": false, "turnout_ratio": 1.0591, "winner_name": "Edward J. Markey", "winner_party": "Democratic", "winner_war": -0.0369, "winner_lean_component": 0.3758, "winner_tide_component": 0.0345, "winner_incumbency_adjustment": 0.035, "winner_demographics_component": null, "winner_fundraising_component": null}, "geometry": {"type": "MultiPolygon", "coordinates": [[[[-71.35961, 42.317285], [-71.359431, 42.317356000000004], [-71.359399, 42.317308999999995], [-71.359456, 42.31730699999999], [-71.35961, 42.317285]]], [[[-71.166918, 42.359832999999995], [-71.167998, 42.36019599999999], [-71.168932, 42.359184], [-71.173385, 42.35871999999999], [-71.173952, 42.35928800000001], [-71.176453, 42.359428000000015], [-71.178845, 42.35978], [-71.18251000000001, 42.36093999999998], [-71.183998, 42.35889600000001], [-71.187308, 42.359846999999995], [-71.188404, 42.359838], [-71.195396, 42.36174400000003], [-71.196399, 42.362095999999994], [-71.193902, 42.364556], [-71.192734, 42.366001], [-71.19365499999999, 42.366659], [-71.19462399999999, 42.366980999999996], [-71.19528, 42.367923000000005], [-71.195681, 42.367972000000016], [-71.198649, 42.36739299999999], [-71.200957, 42.366169], [-71.202643, 42.36581499999999], [-71.205023, 42.36571500000001], [-71.206321, 42.36461299999999], [-71.207466, 42.364159999999984], [-71.207948, 42.364176000000015], [-71.208922, 42.364536], [-71.210318, 42.364149999999995], [-71.211362, 42.364297], [-71.213326, 42.364896], [-71.214368, 42.36558100000002], [-71.214973, 42.365697999999995], [-71.21553399999999, 42.365608], [-71.21646, 42.365916999999996], [-71.217409, 42.36668999999999], [-71.22397, 42.364436999999995], [-71.226362, 42.363994000000005], [-71.233695, 42.361633999999995], [-71.23463, 42.361519], [-71.23647199999999, 42.36076200000001], [-71.243051, 42.358851], [-71.244626, 42.35795400000001], [-71.244975, 42.357352], [-71.245952, 42.35741300000001], [-71.247452, 42.35676199999999], [-71.248057, 42.356671000000006], [-71.249455, 42.357074999999995], [-71.25113200000001, 42.35653099999998], [-71.253799, 42.355339000000015], [-71.255456, 42.35414000000001], [-71.256068, 42.354213000000016], [-71.256119, 42.354800999999995], [-71.25868299999999, 42.35486100000001], [-71.25970000000001, 42.353973], [-71.260899, 42.35371500000001], [-71.262445, 42.35420500000001], [-71.26078199999999, 42.353443], [-71.26033699999999, 42.352782], [-71.260184, 42.351168000000015], [-71.258921, 42.350682000000006], [-71.25868299999999, 42.349519], [-71.259847, 42.348513999999994], [-71.25984799999999, 42.34825399999999], [-71.261312, 42.34664599999999], [-71.261254, 42.34548899999999], [-71.2611, 42.345334], [-71.261639, 42.34439600000001], [-71.26152600000002, 42.343921], [-71.26137299999999, 42.343880999999996], [-71.261407, 42.343594], [-71.261851, 42.342247999999984], [-71.262073, 42.342240000000004], [-71.26218899999999, 42.341542], [-71.262588, 42.341457999999996], [-71.261764, 42.341415], [-71.260601, 42.34065199999999], [-71.259659, 42.34079699999999], [-71.259316, 42.34106899999999], [-71.25879499999999, 42.341201], [-71.25794599999999, 42.34106500000002], [-71.255994, 42.340089000000006], [-71.25608799999999, 42.339319], [-71.258186, 42.33731199999999], [-71.258815, 42.337065999999986], [-71.259269, 42.335652], [-71.260016, 42.334939999999996], [-71.261068, 42.334403], [-71.26213400000002, 42.33416499999999], [-71.26366399999999, 42.334482], [-71.26274, 42.33464000000001], [-71.262153, 42.33442600000001], [-71.261518, 42.33452399999998], [-71.26350000000001, 42.33483199999998], [-71.26409699999999, 42.334544999999984], [-71.264367, 42.334216000000005], [-71.264482, 42.33374499999999], [-71.264473, 42.332187], [-71.264704, 42.332060999999996], [-71.264771, 42.33252399999998], [-71.265089, 42.333003999999995], [-71.265118, 42.331715], [-71.265725, 42.331032], [-71.267923, 42.33053199999999], [-71.26881999999999, 42.3308], [-71.269228, 42.331092], [-71.270197, 42.33112899999998], [-71.270355, 42.33066400000001], [-71.26997, 42.33013700000001], [-71.269881, 42.329648], [-71.270282, 42.32914799999999], [-71.27033899999999, 42.328652], [-71.269817, 42.328019999999995], [-71.272004, 42.32739599999999], [-71.2817, 42.32519599999999], [-71.300102, 42.32039700000001], [-71.31158599999999, 42.31779900000001], [-71.319101, 42.31559700000002], [-71.327327, 42.313745999999995], [-71.32974999999999, 42.312991000000004], [-71.329464, 42.31269700000001], [-71.327344, 42.306834000000016], [-71.326945, 42.30637000000001], [-71.325203, 42.302395999999995], [-71.324703, 42.300793], [-71.323678, 42.298792999999996], [-71.322901, 42.296395000000004], [-71.32147499999999, 42.294231999999994], [-71.321208, 42.29359900000001], [-71.321375, 42.293399], [-71.314679, 42.281641], [-71.314391, 42.28158299999999], [-71.312776, 42.278754], [-71.312912, 42.278537], [-71.311779, 42.276548999999996], [-71.311393, 42.27636499999999], [-71.309803, 42.27330000000001], [-71.3082, 42.270894999999996], [-71.305902, 42.262494], [-71.305083, 42.25868699999999], [-71.305334, 42.258050999999995], [-71.302922, 42.24827400000001], [-71.30405999999999, 42.24810200000001], [-71.305803, 42.24835199999999], [-71.313937, 42.24857300000001], [-71.31451500000001, 42.248371], [-71.317956, 42.248408], [-71.31898699999999, 42.24871000000001], [-71.327435, 42.24894], [-71.328906, 42.248697], [-71.332458, 42.24870699999998], [-71.332168, 42.247867000000014], [-71.33158900000001, 42.247150999999995], [-71.33654, 42.24874099999998], [-71.342387, 42.250234999999996], [-71.341929, 42.25342599999999], [-71.349149, 42.255113000000016], [-71.35049099999999, 42.25568700000001], [-71.354359, 42.25784900000001], [-71.356409, 42.259733999999995], [-71.356526, 42.26128999999999], [-71.356939, 42.261780999999985], [-71.35646, 42.262632999999994], [-71.356893, 42.26320499999999], [-71.361288, 42.264767], [-71.378213, 42.269702], [-71.390475, 42.27178], [-71.397672, 42.261668], [-71.398595, 42.261574999999986], [-71.398476, 42.261377], [-71.408605, 42.259223000000006], [-71.41890599999999, 42.25729700000002], [-71.42109099999999, 42.25821700000002], [-71.460756, 42.279063], [-71.483764, 42.286098], [-71.497011, 42.28989500000001], [-71.493127, 42.296824000000015], [-71.492646, 42.29785199999999], [-71.49280399999999, 42.298007999999996], [-71.489708, 42.30349499999999], [-71.48688, 42.30898], [-71.486125, 42.310885000000006], [-71.485585, 42.314076], [-71.485007, 42.320994000000006], [-71.485187, 42.322061], [-71.485109, 42.323164], [-71.486768, 42.330075], [-71.48591499999999, 42.334691], [-71.48399700000002, 42.347155], [-71.484419, 42.35041899999999], [-71.484224, 42.35255699999998], [-71.470274, 42.351224999999985], [-71.469898, 42.35139300000002], [-71.46612499999999, 42.350640000000006], [-71.454994, 42.34900700000001], [-71.424708, 42.344823999999996], [-71.407304, 42.34262099999999], [-71.396704, 42.340883], [-71.39480499999999, 42.338995999999995], [-71.394718, 42.338652], [-71.392749, 42.338547], [-71.390142, 42.337906999999994], [-71.38906899999999, 42.337914], [-71.38692, 42.33838], [-71.38505099999999, 42.33813399999999], [-71.383139, 42.33887099999999], [-71.38162, 42.33917299999999], [-71.381141, 42.33911699999998], [-71.38004699999999, 42.33862300000001], [-71.37970299999999, 42.33911899999999], [-71.379435, 42.33921100000001], [-71.378176, 42.339034], [-71.37696199999999, 42.339316], [-71.37424, 42.339317], [-71.374006, 42.339109], [-71.374254, 42.33826000000001], [-71.37550999999999, 42.337079999999986], [-71.374472, 42.33670600000001], [-71.372918, 42.337728999999996], [-71.37231100000001, 42.33832199999999], [-71.37168799999999, 42.339829999999964], [-71.37118699999999, 42.34056], [-71.369321, 42.341795999999974], [-71.368166, 42.342766999999995], [-71.367505, 42.343151], [-71.364453, 42.344103], [-71.36087100000002, 42.34580299999999], [-71.359686, 42.347069999999995], [-71.359394, 42.34761999999999], [-71.359293, 42.348317000000016], [-71.358936, 42.348686], [-71.359025, 42.34679099999999], [-71.358764, 42.345364000000004], [-71.35857, 42.34208700000001], [-71.359293, 42.339921000000004], [-71.36053100000001, 42.338288], [-71.36057699999999, 42.33778300000001], [-71.360322, 42.33660700000001], [-71.360619, 42.33473499999999], [-71.361288, 42.333387], [-71.361494, 42.331837], [-71.362966, 42.329301000000015], [-71.364431, 42.325265], [-71.364452, 42.321348], [-71.365448, 42.321425], [-71.367235, 42.32206900000001], [-71.367784, 42.320150999999996], [-71.36787, 42.317011], [-71.367615, 42.316284], [-71.36708999999999, 42.315591000000005], [-71.371335, 42.31318299999999], [-71.372804, 42.31216499999999], [-71.372948, 42.31224299999999], [-71.372793, 42.31250999999999], [-71.374332, 42.311781], [-71.37515499999999, 42.311875999999984], [-71.374426, 42.31118300000001], [-71.373981, 42.310405999999986], [-71.37261699999999, 42.31007400000001], [-71.372271, 42.310067000000004], [-71.370944, 42.31072099999999], [-71.370425, 42.310848], [-71.36989799999999, 42.31077200000001], [-71.36932999999999, 42.31107200000001], [-71.369209, 42.31139300000001], [-71.365127, 42.31506199999999], [-71.364342, 42.316092000000005], [-71.363115, 42.315892000000005], [-71.35973299999999, 42.317236], [-71.35507199999999, 42.317253], [-71.353893, 42.31679599999999], [-71.350267, 42.315854], [-71.345998, 42.314803999999995], [-71.345888, 42.31492900000001], [-71.34553, 42.31485299999999], [-71.342332, 42.318815], [-71.339334, 42.32214199999999], [-71.33739299999999, 42.325174999999994], [-71.334403, 42.33062299999999], [-71.333603, 42.332395999999996], [-71.330795, 42.331883999999995], [-71.32860000000001, 42.331666000000006], [-71.33102199999999, 42.353530000000006], [-71.33153899999999, 42.35766299999999], [-71.332358, 42.362410999999994], [-71.332261, 42.363128999999994], [-71.332711, 42.36783899999999], [-71.334816, 42.386175000000016], [-71.335403, 42.393620999999996], [-71.332375, 42.399127], [-71.335869, 42.400793], [-71.338469, 42.401742], [-71.33936, 42.401838], [-71.353894, 42.407976000000005], [-71.366934, 42.412691], [-71.365425, 42.413509999999995], [-71.36532799999999, 42.41387199999999], [-71.36549099999999, 42.41450299999999], [-71.36413, 42.415932000000005], [-71.364224, 42.416484000000004], [-71.364813, 42.416903999999995], [-71.364706, 42.41725300000001], [-71.36488, 42.417860999999995], [-71.36487799999999, 42.41872999999999], [-71.364733, 42.419067], [-71.36479899999999, 42.420330000000014], [-71.363536, 42.420901], [-71.361935, 42.421113999999996], [-71.359805, 42.420857], [-71.357378, 42.42000600000001], [-71.356684, 42.420043], [-71.35623, 42.420885], [-71.35494, 42.421682], [-71.355013, 42.42184399999999], [-71.35446100000001, 42.422816000000005], [-71.354162, 42.42293799999999], [-71.354208, 42.42326199999997], [-71.353146, 42.425131], [-71.35292299999999, 42.42581000000001], [-71.352304, 42.426725000000005], [-71.351843, 42.427098], [-71.335937, 42.43692599999999], [-71.32929399999999, 42.442249000000004], [-71.324756, 42.446200999999995], [-71.32446, 42.44625200000001], [-71.322699, 42.447448], [-71.313285, 42.45488600000001], [-71.310931, 42.453594], [-71.309929, 42.453247999999995], [-71.304504, 42.45273200000001], [-71.303936, 42.45789699999999], [-71.303169, 42.45999700000001], [-71.302939, 42.461293999999995], [-71.30208499999999, 42.46111700000001], [-71.302003, 42.46192099999998], [-71.298827, 42.46264199999998], [-71.29700199999999, 42.461655], [-71.294367, 42.459713], [-71.29298299999999, 42.46188799999999], [-71.289929, 42.464202], [-71.28904899999999, 42.464384], [-71.289439, 42.465545000000006], [-71.287916, 42.464277], [-71.288083, 42.46486600000001], [-71.284414, 42.462105], [-71.281915, 42.459950000000006], [-71.279612, 42.460057999999975], [-71.276971, 42.460464999999985], [-71.27242, 42.45955600000001], [-71.271222, 42.461396], [-71.26925899999999, 42.46547899999998], [-71.265594, 42.470266], [-71.26464899999999, 42.47123699999999], [-71.261197, 42.476183000000006], [-71.25656, 42.478268], [-71.255504, 42.479395], [-71.253402, 42.482795], [-71.252102, 42.48449500000001], [-71.243634, 42.488257], [-71.242397, 42.48996700000001], [-71.240983, 42.48988099999998], [-71.223996, 42.475753999999995], [-71.222236, 42.47447899999999], [-71.212299, 42.466323], [-71.211855, 42.46652899999999], [-71.21091, 42.467415], [-71.210506, 42.46853599999999], [-71.210439, 42.469414000000015], [-71.21019799999999, 42.46977899999999], [-71.21029899999999, 42.47057199999999], [-71.20958399999999, 42.470076000000006], [-71.208546, 42.46787800000001], [-71.207959, 42.46751800000001], [-71.20611900000002, 42.46719299999998], [-71.2042, 42.46579600000001], [-71.18811099999999, 42.47968800000002], [-71.18738499999999, 42.479462000000005], [-71.18548, 42.47996699999999], [-71.186325, 42.48072499999998], [-71.184924, 42.48143299999999], [-71.183399, 42.48159400000001], [-71.181293, 42.482984], [-71.181375, 42.483386], [-71.181165, 42.483584], [-71.174618, 42.485171000000015], [-71.173268, 42.48560600000001], [-71.17280699999999, 42.48593099999999], [-71.170757, 42.48646999999999], [-71.169038, 42.487171000000004], [-71.17080299999999, 42.489802], [-71.168798, 42.490451], [-71.168789, 42.49490200000001], [-71.168638, 42.496021000000006], [-71.169176, 42.49779200000001], [-71.16890000000001, 42.50419499999998], [-71.16895199999999, 42.506539], [-71.169489, 42.5067], [-71.169032, 42.50715599999999], [-71.169217, 42.507235], [-71.16892899999999, 42.507532000000005], [-71.169093, 42.50955999999999], [-71.169523, 42.50971899999999], [-71.16923799999999, 42.510361], [-71.16975599999999, 42.510580999999995], [-71.169566, 42.510895000000005], [-71.170063, 42.51559700000001], [-71.168476, 42.51602599999999], [-71.158086, 42.520505000000014], [-71.157192, 42.52069900000001], [-71.149068, 42.524067], [-71.147811, 42.524864], [-71.147654, 42.52478899999999], [-71.143472, 42.526578999999984], [-71.143197, 42.526903999999995], [-71.138125, 42.529257], [-71.136138, 42.530007000000005], [-71.13535499999999, 42.52929100000001], [-71.13414999999999, 42.527324000000014], [-71.13269799999999, 42.524895999999984], [-71.129936, 42.519438], [-71.126266, 42.513098], [-71.123644, 42.508893999999984], [-71.123036, 42.50821799999999], [-71.124398, 42.507194], [-71.122101, 42.504188000000006], [-71.121207, 42.503687000000006], [-71.120162, 42.502379000000005], [-71.119593, 42.50079800000001], [-71.11967, 42.500645], [-71.109478, 42.50133700000001], [-71.10534, 42.501786], [-71.105304, 42.501641], [-71.101778, 42.50123199999999], [-71.101322, 42.50135100000001], [-71.10146999999999, 42.501852], [-71.101045, 42.502244000000005], [-71.09985499999999, 42.50230699999999], [-71.09441799999999, 42.502162999999996], [-71.090026, 42.501483000000015], [-71.089824, 42.50064900000001], [-71.089, 42.49879399999999], [-71.086562, 42.49398200000001], [-71.085465, 42.492427000000006], [-71.079982, 42.489732], [-71.074955, 42.48791300000001], [-71.076303, 42.48039399999998], [-71.07614699999999, 42.479499], [-71.076728, 42.47731599999998], [-71.077415, 42.47738699999999], [-71.07739699999999, 42.47530199999999], [-71.076351, 42.475042], [-71.077614, 42.47479099999999], [-71.077985, 42.473974999999996], [-71.076124, 42.47347899999998], [-71.07615899999999, 42.472929999999984], [-71.075406, 42.473276], [-71.072847, 42.472591], [-71.072538, 42.471427999999996], [-71.070386, 42.47169099999997], [-71.067515, 42.471725000000006], [-71.066893, 42.47199599999999], [-71.063846, 42.47211099999999], [-71.06164, 42.47258000000001], [-71.06147399999999, 42.472505], [-71.061269, 42.47265099999999], [-71.061328, 42.474202999999996], [-71.058118, 42.47466199999999], [-71.056658, 42.47520799999998], [-71.05523, 42.475531], [-71.053926, 42.47513], [-71.052889, 42.47522699999998], [-71.049984, 42.472090999999985], [-71.049806, 42.472169000000015], [-71.049579, 42.471905], [-71.049668, 42.47171299999999], [-71.04479599999999, 42.466195000000006], [-71.044729, 42.465724000000016], [-71.04021399999999, 42.46090199999999], [-71.039114, 42.45951300000002], [-71.03654, 42.456846999999996], [-71.036131, 42.45658900000002], [-71.035761, 42.455963000000004], [-71.027857, 42.44700099999999], [-71.02746499999999, 42.44696599999999], [-71.025449, 42.444938], [-71.024958, 42.44538899999999], [-71.023679, 42.44599500000001], [-71.02029499999999, 42.448896], [-71.018495, 42.45009599999999], [-71.018295, 42.44959599999998], [-71.016795, 42.44819599999999], [-71.012095, 42.442796], [-71.009495, 42.441196], [-71.011995, 42.439696000000005], [-71.010295, 42.43869600000001], [-71.01049499999999, 42.437396], [-71.011579, 42.436179], [-71.01074299999999, 42.435262], [-71.01088299999999, 42.43440699999999], [-71.010327, 42.434098999999996], [-71.01086699999999, 42.43389599999998], [-71.010954, 42.43366], [-71.01117599999999, 42.43377799999999], [-71.01171599999999, 42.433705], [-71.01191, 42.433319000000004], [-71.011534, 42.433335], [-71.011158, 42.43314300000001], [-71.010403, 42.433521], [-71.010742, 42.433767], [-71.010164, 42.433796], [-71.009864, 42.43398099999999], [-71.00972, 42.433862], [-71.00976, 42.43328899999999], [-71.009577, 42.433189000000006], [-71.009613, 42.43403], [-71.00937499999999, 42.433989], [-71.009277, 42.43427799999999], [-71.00862599999999, 42.434352999999994], [-71.007873, 42.433972], [-71.006974, 42.43383800000001], [-71.005875, 42.433029], [-71.004632, 42.43305500000001], [-71.00330199999999, 42.43270299999998], [-71.003219, 42.43243700000001], [-71.00334699999999, 42.43220900000001], [-71.004595, 42.431715], [-71.004595, 42.429814], [-71.003275, 42.429709999999986], [-71.001094, 42.431296], [-70.998475, 42.431296], [-70.99571399999999, 42.430855000000015], [-70.994849, 42.43115], [-70.992023, 42.43413499999999], [-70.99011999999999, 42.43487700000001], [-70.987805, 42.43399799999998], [-70.985754, 42.432556999999996], [-70.983708, 42.431663], [-70.982294, 42.431296], [-70.979648, 42.432631], [-70.975194, 42.436896000000004], [-70.971594, 42.442696], [-70.968594, 42.444396], [-70.966293, 42.44349700000001], [-70.95079299999999, 42.44429599999999], [-70.951393, 42.436996], [-70.95299299999999, 42.42939599999999], [-70.959093, 42.41859699999998], [-70.962093, 42.412397000000006], [-70.95949399999999, 42.407498000000004], [-70.924593, 42.386798], [-70.917892, 42.385997], [-70.972893, 42.35359699999999], [-70.985593, 42.356796999999986], [-70.986597, 42.36457199999999], [-71.001757, 42.364851], [-71.01024199999999, 42.365347], [-71.00665, 42.37474100000001], [-70.99669399999999, 42.37874100000001], [-70.994648, 42.38114999999999], [-70.994681, 42.38270899999999], [-70.994239, 42.384647000000015], [-70.988281, 42.38710700000001], [-70.986921, 42.386993], [-70.986053, 42.388116000000004], [-70.987993, 42.38895200000001], [-70.987201, 42.39201299999999], [-70.987442, 42.39274200000001], [-70.98977099999999, 42.393240000000006], [-70.99142599999999, 42.39301799999999], [-70.994731, 42.39288799999999], [-70.995065, 42.393494], [-70.996695, 42.39459499999999], [-70.998995, 42.398196999999996], [-71.001336, 42.398866999999996], [-71.003402, 42.39835900000001], [-71.007223, 42.396039000000016], [-71.009586, 42.39603], [-71.013395, 42.39739799999999], [-71.009629, 42.400166999999996], [-71.009445, 42.400475], [-71.009396, 42.401183], [-71.010892, 42.40179499999999], [-71.011555, 42.401907], [-71.013772, 42.402964], [-71.01703499999999, 42.40271499999999], [-71.017826, 42.402883], [-71.01808799999999, 42.40335699999999], [-71.018878, 42.403718], [-71.020785, 42.40359300000001], [-71.021289, 42.40438100000001], [-71.02058199999999, 42.404905], [-71.020839, 42.40519099999999], [-71.02191599999999, 42.405287], [-71.022443, 42.40548700000001], [-71.022621, 42.40536299999997], [-71.024553, 42.40557599999999], [-71.025193, 42.40592499999999], [-71.026089, 42.405954], [-71.026134, 42.406259999999996], [-71.026625, 42.40635], [-71.027174, 42.407503999999996], [-71.02728499999999, 42.408952000000006], [-71.02905, 42.41028], [-71.030147, 42.41181399999999], [-71.03244, 42.413729000000004], [-71.032904, 42.41431000000001], [-71.033051, 42.414773000000004], [-71.033442, 42.41338000000001], [-71.034832, 42.41100399999999], [-71.034784, 42.41072499999999], [-71.035992, 42.40916100000001], [-71.03659400000001, 42.407896], [-71.038394, 42.40499599999999], [-71.040195, 42.40269599999999], [-71.040596, 42.401796999999995], [-71.04139599999999, 42.40119700000001], [-71.041795, 42.40109600000001], [-71.044454, 42.399010999999994], [-71.044243, 42.398779999999995], [-71.044309, 42.398573999999996], [-71.04516, 42.398058999999996], [-71.046195, 42.39799599999998], [-71.048208, 42.396620999999996], [-71.049971, 42.39750600000001], [-71.050681, 42.39764699999999], [-71.051928, 42.397403000000004], [-71.05278, 42.39673699999999], [-71.052995, 42.396196], [-71.052095, 42.394895999999996], [-71.050395, 42.393996000000016], [-71.05000199999999, 42.39347099999999], [-71.05069499999999, 42.391996000000006], [-71.055295, 42.38709700000002], [-71.057395, 42.387297000000004], [-71.06569499999999, 42.38659599999998], [-71.07089599999999, 42.388996], [-71.07029600000001, 42.39019599999999], [-71.067095, 42.393996], [-71.067396, 42.394996], [-71.067996, 42.394996], [-71.069496, 42.393896], [-71.072696, 42.390796], [-71.074086, 42.392588], [-71.075996, 42.39639599999999], [-71.077152, 42.39677799999999], [-71.083423, 42.40001299999999], [-71.085687, 42.400650999999996], [-71.091893, 42.398928], [-71.093873, 42.39973099999999], [-71.096096, 42.401196], [-71.097416, 42.39985999999999], [-71.097749, 42.399276000000015], [-71.098343, 42.39882600000001], [-71.100621, 42.396103000000004], [-71.108809, 42.398889000000004], [-71.109009, 42.399125999999995], [-71.11401, 42.400987999999984], [-71.115346, 42.40272799999999], [-71.115129, 42.40280199999999], [-71.1152, 42.404689], [-71.11558099999999, 42.405198], [-71.116299, 42.40564299999999], [-71.116821, 42.40561400000001], [-71.119328, 42.40652499999999], [-71.119456, 42.406327], [-71.121668, 42.407088], [-71.12145699999999, 42.40740000000001], [-71.12399599999999, 42.408268000000014], [-71.123389, 42.40914699999998], [-71.12570099999999, 42.409963000000005], [-71.126179, 42.409227], [-71.128101, 42.410720000000005], [-71.12709699999999, 42.41224400000001], [-71.12987199999999, 42.41338400000001], [-71.126797, 42.41685100000001], [-71.127124, 42.417301000000016], [-71.126762, 42.418112], [-71.127601, 42.418071], [-71.130087, 42.417503], [-71.13116, 42.417043000000035], [-71.131467, 42.416765999999996], [-71.131653, 42.415594999999975], [-71.131939, 42.41527900000001], [-71.132317, 42.415215999999994], [-71.132762, 42.41162699999999], [-71.132273, 42.410126999999996], [-71.132415, 42.409009999999995], [-71.134379, 42.406063], [-71.134742, 42.40291799999999], [-71.136391, 42.40096499999999], [-71.13747099999999, 42.40043100000001], [-71.13933399999999, 42.400148], [-71.140412, 42.399719999999995], [-71.14174, 42.39857599999999], [-71.143424, 42.397489], [-71.150221, 42.40015100000001], [-71.152057, 42.40104], [-71.156302, 42.395852], [-71.156302, 42.395615], [-71.158374, 42.39454599999999], [-71.157118, 42.39056000000001], [-71.157091, 42.389894999999996], [-71.157688, 42.38753100000001], [-71.15798400000001, 42.387042999999984], [-71.158381, 42.386776], [-71.160332, 42.386444], [-71.16010399999999, 42.38585], [-71.158087, 42.382798], [-71.157935, 42.382256], [-71.15586100000002, 42.381609999999995], [-71.155881, 42.381088999999996], [-71.155672, 42.38054200000001], [-71.15575199999999, 42.380413000000004], [-71.156185, 42.380477000000006], [-71.155074, 42.378244], [-71.155254, 42.377721000000015], [-71.15472199999999, 42.376972], [-71.154496, 42.375172000000006], [-71.14968499999999, 42.374660999999996], [-71.14544599999999, 42.37531399999999], [-71.143577, 42.37537599999998], [-71.143897, 42.374095999999994], [-71.13989, 42.373568999999996], [-71.140069, 42.37162899999999], [-71.140395, 42.370283], [-71.142399, 42.36695200000002], [-71.143064, 42.36660200000001], [-71.144303, 42.366382000000016], [-71.143834, 42.365448], [-71.14379699999999, 42.364996], [-71.14509799999999, 42.36449199999999], [-71.14679699999999, 42.36229599999999], [-71.14856499999999, 42.361174000000005], [-71.155303, 42.359898], [-71.159598, 42.359996], [-71.161878, 42.35914099999999], [-71.163716, 42.358248999999994], [-71.166918, 42.359832999999995]], [[-71.376126, 42.31317899999999], [-71.375682, 42.31445], [-71.376058, 42.314609000000004], [-71.376991, 42.314572999999996], [-71.376126, 42.31317899999999]]]]}}, {"type": "Feature", "properties": {"district_name": "3rd Congressional District", "chamber": "us-house", "vintage": "2001-2010", "lean_dem_share": 0.4864, "competitiveness": "Tossup", "competitiveness_label": "Tossup R", "party_favored": "Republican", "url": "/district/us-house-3rd-congressional-district-2001-2010/", "latest_year": 2010, "is_uncontested": false, "turnout_ratio": 1.052, "winner_name": "James P. McGovern", "winner_party": "Democratic", "winner_war": -0.0715, "winner_lean_component": 0.3359, "winner_tide_component": 0.0345, "winner_incumbency_adjustment": 0.035, "winner_demographics_component": null, "winner_fundraising_component": null}, "geometry": {"type": "Polygon", "coordinates": [[[-71.341106, 41.801004999999996], [-71.34066, 41.80164400000001], [-71.34089399999999, 41.802108000000004], [-71.340616, 41.802834000000004], [-71.34024900000001, 41.803161], [-71.33980199999999, 41.80420600000001], [-71.339568, 41.805004000000004], [-71.33979599999999, 41.805566000000006], [-71.338897, 41.80830000000001], [-71.339897, 41.810399999999994], [-71.347197, 41.82310099999999], [-71.34669699999999, 41.82390000000001], [-71.346497, 41.82469999999999], [-71.344897, 41.82799999999999], [-71.342997, 41.82930000000002], [-71.34199699999999, 41.830200000000005], [-71.341197, 41.830600000000004], [-71.340696, 41.831202], [-71.33774199999999, 41.833635], [-71.335197, 41.83549999999999], [-71.340899, 41.842502], [-71.342198, 41.84430000000002], [-71.342098, 41.845200000000006], [-71.341298, 41.847100000000005], [-71.340597, 41.84860000000001], [-71.34029699999999, 41.84890000000001], [-71.337395, 41.85500100000001], [-71.337397, 41.85549999999999], [-71.333997, 41.862300000000005], [-71.337598, 41.87200199999999], [-71.337818, 41.87317099999999], [-71.34085700000001, 41.878721], [-71.340698, 41.88290000000001], [-71.339298, 41.89339899999998], [-71.339354, 41.894532999999996], [-71.339069, 41.895309], [-71.338698, 41.898399000000005], [-71.339708, 41.89819800000001], [-71.34379799999999, 41.897899], [-71.34759799999999, 41.89739899999999], [-71.34866699999999, 41.897124999999996], [-71.352062, 41.896997000000006], [-71.359491, 41.895900999999974], [-71.364538, 41.895451000000016], [-71.36508599999999, 41.89558399999999], [-71.370999, 41.89459900000001], [-71.373772, 41.894463000000016], [-71.376583, 41.89391200000003], [-71.38170000000001, 41.893198999999996], [-71.3814, 41.895698999999986], [-71.3815, 41.89649900000001], [-71.3814, 41.898599000000004], [-71.3816, 41.89959899999998], [-71.38170000000001, 41.903299], [-71.38170000000001, 41.910098999999995], [-71.3815, 41.91049900000001], [-71.3816, 41.912499], [-71.3814, 41.913499000000016], [-71.3816, 41.916298999999995], [-71.38149899999999, 41.921473], [-71.38170000000001, 41.92269899999999], [-71.381401, 41.96298300000001], [-71.381534, 41.96452000000001], [-71.38134699999999, 41.964603], [-71.381344, 41.965111], [-71.381508, 41.96687799999999], [-71.381399, 41.972224], [-71.38150499999999, 41.97679299999998], [-71.381301, 41.97749800000001], [-71.38120099999999, 41.981198], [-71.38150499999999, 42.00001099999999], [-71.381401, 42.018798000000004], [-71.392722, 42.0188], [-71.415902, 42.018498], [-71.45810399999999, 42.017797999999985], [-71.456923, 42.02494800000001], [-71.454223, 42.047587], [-71.45452, 42.06069900000001], [-71.45483, 42.060970000000005], [-71.45496399999999, 42.064575], [-71.455518, 42.06458500000001], [-71.454844, 42.074383999999995], [-71.453459, 42.074186], [-71.453553, 42.073573], [-71.453176, 42.074462000000004], [-71.451649, 42.084201], [-71.44912599999999, 42.093093], [-71.447227, 42.098617999999995], [-71.446258, 42.10291300000001], [-71.443493, 42.11785800000001], [-71.44341899999999, 42.12225100000002], [-71.442739, 42.12655999999999], [-71.44236200000002, 42.13140100000002], [-71.442315, 42.13167399999999], [-71.441761, 42.13188199999998], [-71.442314, 42.132216000000014], [-71.44206799999999, 42.132747], [-71.442252, 42.133136], [-71.44203399999999, 42.133525], [-71.44275999999999, 42.134085000000006], [-71.44242, 42.13458300000001], [-71.44111699999999, 42.134994], [-71.443013, 42.13587000000001], [-71.44698, 42.135459999999995], [-71.44803999999999, 42.13551999999999], [-71.457745, 42.134499999999996], [-71.477963, 42.13186400000001], [-71.477855, 42.135698000000005], [-71.477994, 42.14338400000001], [-71.477743, 42.16573399999999], [-71.492429, 42.16608600000001], [-71.497378, 42.166643000000015], [-71.50262599999999, 42.191416], [-71.504761, 42.190170999999985], [-71.50500699999999, 42.189786999999995], [-71.506674, 42.18877600000001], [-71.515119, 42.18900199999998], [-71.51538, 42.18913799999999], [-71.539498, 42.189733999999994], [-71.542154, 42.188552], [-71.5423, 42.18805300000001], [-71.555798, 42.182159], [-71.555491, 42.182381999999976], [-71.555898, 42.18280999999999], [-71.555522, 42.183453000000014], [-71.55512999999999, 42.184961], [-71.555414, 42.184852], [-71.55561399999999, 42.184968999999995], [-71.555475, 42.18543599999999], [-71.55578299999999, 42.185748000000004], [-71.556951, 42.185938000000014], [-71.556698, 42.18651600000001], [-71.55635099999999, 42.186816000000015], [-71.556382, 42.187252], [-71.556136, 42.187892999999995], [-71.556544, 42.18810400000001], [-71.556167, 42.188329], [-71.556067, 42.188497999999996], [-71.55618199999999, 42.18871599999999], [-71.55582900000002, 42.18898500000001], [-71.555752, 42.190018], [-71.556029, 42.190447999999996], [-71.556029, 42.191438999999995], [-71.556204, 42.191857000000006], [-71.57233800000002, 42.192228000000014], [-71.572129, 42.19349], [-71.57154799999999, 42.19465299999999], [-71.578225, 42.19520200000001], [-71.580572, 42.19485], [-71.58359899999999, 42.195175000000006], [-71.589422, 42.201913000000005], [-71.589216, 42.202906000000006], [-71.602221, 42.218101], [-71.599518, 42.225437], [-71.621066, 42.23059500000001], [-71.644403, 42.22646299999998], [-71.645061, 42.22773399999999], [-71.64910800000001, 42.245325], [-71.651066, 42.247406000000005], [-71.662612, 42.245894], [-71.67133799999999, 42.24432600000001], [-71.674621, 42.24823], [-71.676712, 42.25189400000001], [-71.684781, 42.25111000000001], [-71.70574599999999, 42.247907000000005], [-71.710141, 42.245203], [-71.710896, 42.24504100000001], [-71.712276, 42.245178], [-71.72236099999999, 42.243449999999996], [-71.722585, 42.24357099999998], [-71.72267699999999, 42.243348000000005], [-71.723715, 42.242742000000014], [-71.724516, 42.24306099999997], [-71.72895500000001, 42.24164300000002], [-71.73155899999999, 42.24131000000001], [-71.732967, 42.238314], [-71.73424, 42.236858000000005], [-71.742541, 42.23391], [-71.74530899999999, 42.232710999999995], [-71.761509, 42.2252], [-71.774751, 42.219365], [-71.779814, 42.217466], [-71.78549, 42.21451000000001], [-71.793216, 42.211062000000005], [-71.79473899999999, 42.210719000000005], [-71.796832, 42.20969100000001], [-71.79663099999999, 42.209127], [-71.79678299999999, 42.208091], [-71.798238, 42.20666800000002], [-71.798084, 42.206458000000005], [-71.798587, 42.20604699999999], [-71.804322, 42.198535], [-71.81009499999999, 42.191312], [-71.817285, 42.181737999999996], [-71.825392, 42.17169200000001], [-71.83138, 42.163564999999984], [-71.83491599999999, 42.159891999999985], [-71.837644, 42.160132999999995], [-71.842236, 42.16019499999999], [-71.84934799999999, 42.160721], [-71.857778, 42.16087599999998], [-71.864395, 42.164783], [-71.868079, 42.165987], [-71.875646, 42.170241999999995], [-71.87872899999999, 42.17349499999998], [-71.878909, 42.175359], [-71.887644, 42.183757], [-71.890025, 42.18649800000001], [-71.89041499999999, 42.18719000000001], [-71.895017, 42.19229300000001], [-71.893211, 42.190796999999996], [-71.893582, 42.19236600000001], [-71.879836, 42.21049299999999], [-71.869593, 42.22211999999999], [-71.86930199999999, 42.22291799999998], [-71.866236, 42.226007999999986], [-71.863956, 42.226391], [-71.86200199999999, 42.22598300000003], [-71.861594, 42.227284], [-71.858547, 42.22735900000001], [-71.856543, 42.226648], [-71.858819, 42.23092], [-71.86325699999999, 42.240269999999995], [-71.864549, 42.242503], [-71.866505, 42.24666], [-71.866633, 42.246685], [-71.875317, 42.26399199999998], [-71.882638, 42.278040000000004], [-71.88404899999999, 42.281266], [-71.883941, 42.28144300000001], [-71.884101, 42.28136099999999], [-71.884677, 42.28163199999998], [-71.884691, 42.28305100000001], [-71.886152, 42.28105200000002], [-71.88942999999999, 42.2845], [-71.889742, 42.28432900000001], [-71.90819499999999, 42.283622000000015], [-71.908647, 42.283499], [-71.94093, 42.28220000000001], [-71.942646, 42.28240799999999], [-71.95577399999999, 42.281669999999984], [-71.96067, 42.281563], [-71.96406, 42.297183], [-71.967231, 42.310683], [-71.989503, 42.310154999999995], [-71.99378, 42.31933599999999], [-71.996524, 42.324681999999996], [-72.012205, 42.356897000000004], [-72.013227, 42.35870100000001], [-72.019294, 42.37172000000001], [-72.02059799999999, 42.37535200000001], [-72.03132000000001, 42.395768], [-72.035336, 42.403797000000004], [-72.007628, 42.42076799999999], [-72.007189, 42.421172], [-71.99271999999999, 42.42989], [-71.980848, 42.43235], [-71.98140099999999, 42.436344999999996], [-71.981256, 42.43686699999999], [-71.96300699999999, 42.44797500000003], [-71.952111, 42.454893000000006], [-71.94494999999999, 42.45914500000001], [-71.93712, 42.464174], [-71.93191999999999, 42.467209999999994], [-71.91984099999999, 42.47482499999998], [-71.931344, 42.482785], [-71.931985, 42.48296500000001], [-71.928719, 42.48538999999998], [-71.91981899999999, 42.49099000000001], [-71.909711, 42.48439499999999], [-71.884596, 42.502505], [-71.879918, 42.50539], [-71.86451799999999, 42.51679], [-71.86071799999999, 42.51648999999999], [-71.85661499999999, 42.51908499999998], [-71.849357, 42.51781600000001], [-71.847549, 42.514987], [-71.847037, 42.515002], [-71.847066, 42.51451699999999], [-71.84658, 42.51463400000001], [-71.844869, 42.514393], [-71.841775, 42.51464299999999], [-71.84221699999999, 42.51258999999999], [-71.82211699999999, 42.504190000000015], [-71.82981699999999, 42.49189], [-71.83566499999999, 42.483511], [-71.833615, 42.479869999999984], [-71.828008, 42.47184599999999], [-71.827826, 42.470826], [-71.828295, 42.469170999999996], [-71.827904, 42.468328], [-71.82790500000002, 42.467309], [-71.82807799999999, 42.46716899999999], [-71.82791399999999, 42.466967000000004], [-71.827815, 42.465826000000014], [-71.827317, 42.464990000000014], [-71.826998, 42.463744], [-71.825834, 42.463077999999975], [-71.82482499999999, 42.46194499999999], [-71.82409899999999, 42.461526], [-71.82393499999999, 42.461037000000005], [-71.823972, 42.458956000000015], [-71.82369, 42.458121999999996], [-71.822109, 42.45638499999999], [-71.822216, 42.454651999999996], [-71.821935, 42.45382399999999], [-71.820396, 42.452178999999994], [-71.820511, 42.45154000000001], [-71.82118299999999, 42.450979000000004], [-71.821193, 42.45065100000001], [-71.821012, 42.450453], [-71.819514, 42.45002600000001], [-71.819262, 42.449435], [-71.81945600000002, 42.44869699999999], [-71.819299, 42.448108], [-71.8186, 42.446909000000005], [-71.818176, 42.446595], [-71.81748999999999, 42.446244000000014], [-71.81689899999999, 42.44619499999999], [-71.815095, 42.445584], [-71.813465, 42.44561299999999], [-71.81298699999999, 42.44498799999999], [-71.812572, 42.444891], [-71.81599899999999, 42.44235], [-71.821561, 42.438914999999994], [-71.831773, 42.43161100000001], [-71.826579, 42.42101600000001], [-71.81731599999999, 42.403890999999994], [-71.801678, 42.40132800000001], [-71.801631, 42.401182], [-71.804897, 42.39836900000001], [-71.796954, 42.400590000000015], [-71.787616, 42.399191], [-71.78651599999999, 42.398691], [-71.777695, 42.400315], [-71.770268, 42.40047800000001], [-71.769727, 42.400603999999994], [-71.764022, 42.400446], [-71.750872, 42.396133999999996], [-71.741918, 42.392651999999984], [-71.74151499999999, 42.386792], [-71.72572199999999, 42.3903], [-71.72137, 42.409276000000006], [-71.71810599999999, 42.410348], [-71.71481, 42.413148], [-71.71387899999999, 42.413738], [-71.710769, 42.41680500000001], [-71.709403, 42.41725700000002], [-71.70729399999999, 42.417171999999994], [-71.706246, 42.420944], [-71.70036300000001, 42.425997], [-71.698922, 42.427324000000006], [-71.69898599999999, 42.427468], [-71.698315, 42.42817800000001], [-71.69586699999999, 42.429994000000015], [-71.69515299999999, 42.430826], [-71.693576, 42.43199100000003], [-71.692611, 42.43340900000001], [-71.691874, 42.433597000000006], [-71.690661, 42.435021], [-71.688105, 42.43686], [-71.686038, 42.436336000000004], [-71.680809, 42.43545199999999], [-71.679453, 42.43586099999999], [-71.67911699999999, 42.43517800000001], [-71.67120800000001, 42.43358699999999], [-71.670232, 42.43344400000001], [-71.663395, 42.433247], [-71.656862, 42.43169799999999], [-71.658011, 42.42902499999998], [-71.658393, 42.42572699999999], [-71.659689, 42.423327], [-71.65971499999999, 42.42261], [-71.65955199999999, 42.42219], [-71.66058199999999, 42.41851400000002], [-71.66166799999999, 42.40697900000001], [-71.666471, 42.399114000000004], [-71.66693599999999, 42.398168999999996], [-71.668054, 42.39461200000001], [-71.676322, 42.39610400000001], [-71.678521, 42.389244000000005], [-71.670456, 42.386743], [-71.677562, 42.36521], [-71.65434499999999, 42.361696], [-71.646328, 42.36033400000002], [-71.64482699999999, 42.35972400000001], [-71.64403899999999, 42.359749], [-71.64349399999999, 42.359578], [-71.642999, 42.359669000000004], [-71.63435799999999, 42.35871500000002], [-71.630848, 42.35587799999999], [-71.63035599999999, 42.355446999999984], [-71.630247, 42.355008999999995], [-71.624781, 42.35041300000001], [-71.610055, 42.357693000000005], [-71.607809, 42.36103000000001], [-71.607304, 42.361467], [-71.606355, 42.36284400000002], [-71.606273, 42.363481], [-71.605671, 42.363799], [-71.60306299999999, 42.367501000000004], [-71.59770999999999, 42.368031999999985], [-71.595728, 42.367999], [-71.59552699999999, 42.36810699999999], [-71.59374199999999, 42.36687299999999], [-71.59342, 42.36685100000001], [-71.592238, 42.368649], [-71.585284, 42.369817000000005], [-71.58061300000001, 42.369609], [-71.576747, 42.370037], [-71.56904, 42.37222899999999], [-71.569718, 42.37104799999999], [-71.56665699999999, 42.37125699999999], [-71.56646599999999, 42.371394999999985], [-71.56601599999999, 42.371232000000006], [-71.55597999999999, 42.371733000000006], [-71.55566999999999, 42.371900999999994], [-71.544001, 42.373548], [-71.49037899999999, 42.378845], [-71.47533500000002, 42.380603999999984], [-71.47981899999999, 42.36413799999999], [-71.48248699999999, 42.356165999999995], [-71.484949, 42.352687], [-71.484224, 42.35255699999998], [-71.484419, 42.35041899999999], [-71.48399700000002, 42.347155], [-71.48591499999999, 42.334691], [-71.486768, 42.330075], [-71.485109, 42.323164], [-71.485187, 42.322061], [-71.485007, 42.320994000000006], [-71.485585, 42.314076], [-71.486125, 42.310885000000006], [-71.48688, 42.30898], [-71.489708, 42.30349499999999], [-71.49280399999999, 42.298007999999996], [-71.492646, 42.29785199999999], [-71.493127, 42.296824000000015], [-71.497011, 42.28989500000001], [-71.483764, 42.286098], [-71.460756, 42.279063], [-71.42109099999999, 42.25821700000002], [-71.418908, 42.25730099999999], [-71.418429, 42.246900999999994], [-71.41984699999999, 42.238006000000006], [-71.418733, 42.23811], [-71.417407, 42.23787600000001], [-71.417197, 42.237480000000005], [-71.415989, 42.236357], [-71.415452, 42.23564800000001], [-71.414492, 42.235326], [-71.413715, 42.23454999999999], [-71.41340000000001, 42.233697], [-71.413595, 42.232662000000005], [-71.413203, 42.23200800000002], [-71.413032, 42.23133200000001], [-71.413228, 42.22958899999998], [-71.412807, 42.228909], [-71.412598, 42.22796400000003], [-71.41234899999999, 42.227609], [-71.411265, 42.226856999999995], [-71.410324, 42.22650799999998], [-71.410056, 42.22599099999999], [-71.409615, 42.225586], [-71.409301, 42.22455700000001], [-71.409311, 42.22431799999999], [-71.409908, 42.22388200000001], [-71.40920899999999, 42.222906], [-71.409134, 42.222097], [-71.409502, 42.220949999999995], [-71.409263, 42.220541000000004], [-71.41028399999999, 42.21959199999999], [-71.410083, 42.219151000000004], [-71.410268, 42.21829699999999], [-71.409289, 42.21861000000002], [-71.408256, 42.218444999999996], [-71.407961, 42.217656], [-71.407331, 42.218164], [-71.40195299999999, 42.21541999999999], [-71.403419, 42.21495299999999], [-71.403701, 42.21438099999999], [-71.402469, 42.213452], [-71.402278, 42.21313199999998], [-71.40115399999999, 42.21295800000001], [-71.40010099999999, 42.211723], [-71.398805, 42.211227999999984], [-71.398095, 42.21077499999999], [-71.39753, 42.21008899999999], [-71.397302, 42.20949900000001], [-71.397323, 42.20874200000001], [-71.397131, 42.208562], [-71.39711299999999, 42.20822400000002], [-71.39731499999999, 42.207926999999984], [-71.394038, 42.207231], [-71.391706, 42.20974200000001], [-71.38841699999999, 42.208101], [-71.388216, 42.204423999999996], [-71.37977699999999, 42.201639999999976], [-71.381565, 42.198679], [-71.38463, 42.191931999999994], [-71.404381, 42.188215], [-71.402185, 42.178640000000016], [-71.385358, 42.151512], [-71.37981, 42.14198], [-71.3793, 42.141639999999995], [-71.375618, 42.13545399999999], [-71.376834, 42.13561], [-71.37822, 42.135429], [-71.378989, 42.13579099999999], [-71.37967900000001, 42.135682], [-71.379978, 42.135160000000006], [-71.37996199999999, 42.13448699999999], [-71.379524, 42.133882], [-71.378908, 42.133517999999995], [-71.38001799999999, 42.13327099999999], [-71.38024, 42.13307299999999], [-71.380231, 42.132636000000005], [-71.38075800000001, 42.132756], [-71.38109299999999, 42.1326], [-71.381029, 42.13226399999999], [-71.380417, 42.131578], [-71.380398, 42.131375999999996], [-71.38074499999999, 42.13101299999998], [-71.381743, 42.13086600000001], [-71.381841, 42.13028800000001], [-71.382178, 42.12978099999999], [-71.38149700000001, 42.129678], [-71.380798, 42.12907100000001], [-71.38051399999999, 42.128051], [-71.380074, 42.127384], [-71.38004699999999, 42.126732], [-71.379435, 42.12676], [-71.37926, 42.126422999999996], [-71.378715, 42.124477], [-71.37607899999999, 42.121034000000016], [-71.367577, 42.10779700000001], [-71.35904599999999, 42.090312999999995], [-71.32593299999999, 42.090617], [-71.325142, 42.090061999999996], [-71.323291, 42.08990199999999], [-71.318962, 42.090702], [-71.315563, 42.090757999999994], [-71.30301299999999, 42.087591], [-71.301112, 42.086898999999995], [-71.300776, 42.08696], [-71.294473, 42.085483999999994], [-71.285183, 42.082319999999996], [-71.28746199999999, 42.07743899999999], [-71.28687300000001, 42.067173999999994], [-71.285885, 42.06229299999999], [-71.289357, 42.055744], [-71.28871699999999, 42.045323999999994], [-71.288719, 42.04476300000002], [-71.289073, 42.04474599999999], [-71.288692, 42.030085], [-71.28851, 42.03015999999998], [-71.288259, 42.028197999999996], [-71.288622, 42.02739300000002], [-71.288263, 42.014379], [-71.286898, 42.01489900000001], [-71.28249799999999, 42.00629600000001], [-71.281881, 42.00541299999999], [-71.281803, 42.004782], [-71.277608, 41.99738], [-71.27751900000001, 41.996844999999986], [-71.276388, 41.995149000000005], [-71.274754, 41.99499900000001], [-71.273108, 41.992621], [-71.275862, 41.99323400000002], [-71.27558599999999, 41.99294099999999], [-71.272064, 41.991222000000015], [-71.270419, 41.988518], [-71.269176, 41.987674999999996], [-71.268926, 41.987199999999994], [-71.268739, 41.98730000000001], [-71.259603, 41.97462599999999], [-71.259554, 41.974228000000004], [-71.25880500000001, 41.97358499999999], [-71.258089, 41.972651000000006], [-71.259087, 41.972045], [-71.24516299999999, 41.954181], [-71.239347, 41.945882999999995], [-71.238475, 41.945764999999994], [-71.236744, 41.94321099999999], [-71.224387, 41.92960000000001], [-71.208162, 41.90885199999999], [-71.20738399999999, 41.90900100000001], [-71.206893, 41.908400000000015], [-71.195393, 41.91000000000001], [-71.19449399999999, 41.910613], [-71.194137, 41.909434999999995], [-71.193299, 41.908139000000006], [-71.18678799999999, 41.879338], [-71.182613, 41.878668], [-71.182566, 41.877674000000006], [-71.183204, 41.87704099999998], [-71.183769, 41.876957999999995], [-71.184077, 41.877141000000016], [-71.18417099999999, 41.877405], [-71.18431799999999, 41.878569], [-71.19539, 41.88056499999998], [-71.203463, 41.881843], [-71.19886699999999, 41.85194500000001], [-71.199079, 41.85191], [-71.198858, 41.851838], [-71.194428, 41.82442299999999], [-71.19288399999999, 41.81651], [-71.176609, 41.815882999999985], [-71.175894, 41.812356], [-71.17553099999999, 41.811975000000004], [-71.17113499999999, 41.789615999999995], [-71.149244, 41.79049200000001], [-71.142589, 41.79050099999999], [-71.13344099999999, 41.79089999999999], [-71.13124499999999, 41.790710999999995], [-71.1255, 41.791064000000006], [-71.124416, 41.79090199999998], [-71.11961, 41.790968000000014], [-71.11448899999999, 41.77880099999999], [-71.117189, 41.773801], [-71.123989, 41.766701], [-71.131289, 41.75750199999998], [-71.131889, 41.749402], [-71.140489, 41.738602000000014], [-71.151972, 41.72712], [-71.15828900000001, 41.721202], [-71.162899, 41.71537500000001], [-71.15445199999999, 41.71339100000001], [-71.15629799999999, 41.710074000000006], [-71.15731, 41.70930399999999], [-71.158829, 41.70678899999998], [-71.159407, 41.704927], [-71.159956, 41.70404], [-71.16161199999999, 41.704403000000006], [-71.162851, 41.704494], [-71.164884, 41.70163799999999], [-71.165053, 41.70146], [-71.165449, 41.70154999999998], [-71.165605, 41.70108599999999], [-71.16600199999999, 41.700706], [-71.16790999999999, 41.70098899999998], [-71.165887, 41.70058799999999], [-71.165834, 41.70022100000001], [-71.166237, 41.698763], [-71.160438, 41.697867], [-71.16071699999999, 41.697081000000004], [-71.158703, 41.698323], [-71.1584, 41.698087], [-71.15659699999999, 41.697506000000004], [-71.152217, 41.69536699999997], [-71.146327, 41.698564999999995], [-71.141668, 41.696372000000004], [-71.14169, 41.69712100000001], [-71.139955, 41.697068999999985], [-71.140096, 41.69911999999999], [-71.138603, 41.70363], [-71.134911, 41.70294500000001], [-71.13454999999999, 41.70403799999999], [-71.132622, 41.70368500000001], [-71.13215699999999, 41.705373], [-71.12505999999999, 41.704073], [-71.124454, 41.704647], [-71.121746, 41.704138], [-71.12198699999999, 41.703512], [-71.120764, 41.703011999999994], [-71.122963, 41.69574599999999], [-71.123263, 41.69427500000001], [-71.123262, 41.693179], [-71.123052, 41.69203299999998], [-71.121693, 41.688217], [-71.126235, 41.689119], [-71.125869, 41.68854100000001], [-71.129763, 41.68925999999999], [-71.129623, 41.68681899999999], [-71.130194, 41.68727200000001], [-71.12993, 41.683696999999995], [-71.130164, 41.68262799999999], [-71.13070499999999, 41.681814], [-71.131733, 41.68102900000001], [-71.13284999999999, 41.680572000000005], [-71.134271, 41.68037499999999], [-71.132677, 41.679649999999995], [-71.130067, 41.679535], [-71.12962, 41.679161], [-71.128354, 41.679798], [-71.12570099999999, 41.679967999999995], [-71.123918, 41.679978], [-71.122878, 41.679501000000016], [-71.122439, 41.679831], [-71.119331, 41.679474], [-71.12980499999999, 41.645965000000004], [-71.129397, 41.64585900000001], [-71.13058699999999, 41.641577999999996], [-71.13087999999999, 41.641262999999995], [-71.13159, 41.637983], [-71.130972, 41.636533], [-71.13244, 41.634695], [-71.133357, 41.63436999999998], [-71.134052, 41.633927], [-71.134336, 41.63343], [-71.134269, 41.63304300000001], [-71.133796, 41.63278500000001], [-71.13302999999999, 41.63105900000001], [-71.133091, 41.63042199999999], [-71.13338399999999, 41.629393000000015], [-71.134535, 41.62869599999999], [-71.135058, 41.62641800000001], [-71.13533199999999, 41.625988000000014], [-71.13553, 41.62609799999999], [-71.135345, 41.625749], [-71.138353, 41.603692], [-71.138464, 41.603635000000004], [-71.138688, 41.603902000000005], [-71.140078, 41.604665000000004], [-71.140442, 41.605298000000005], [-71.141598, 41.611089], [-71.141415, 41.61136399999998], [-71.14156, 41.612154000000004], [-71.141875, 41.612544000000014], [-71.14027, 41.62379199999999], [-71.135514, 41.628294000000004], [-71.134464, 41.644012], [-71.132721, 41.65945599999998], [-71.13250699999999, 41.660356], [-71.132587, 41.66085399999999], [-71.13559, 41.661049000000006], [-71.137759, 41.661722999999995], [-71.14291200000001, 41.66264400000001], [-71.14450699999999, 41.663088999999985], [-71.15360799999999, 41.664151], [-71.176017, 41.668269], [-71.17587999999999, 41.671541999999995], [-71.195555, 41.67515199999999], [-71.222471, 41.707679], [-71.226218, 41.71251199999999], [-71.249492, 41.738572999999995], [-71.260982, 41.752118], [-71.306279, 41.771266], [-71.30887899999999, 41.772079999999995], [-71.310366, 41.77299400000001], [-71.31777, 41.77611300000001], [-71.321596, 41.777901], [-71.32649599999999, 41.779801], [-71.328639, 41.78087199999998], [-71.32909599999999, 41.782719000000014], [-71.329315, 41.782593], [-71.32941799999999, 41.781884000000005], [-71.329582, 41.781836000000006], [-71.329803, 41.782038], [-71.32989599999999, 41.78262600000001], [-71.329663, 41.783077000000006], [-71.329854, 41.783406], [-71.329869, 41.784315], [-71.330232, 41.78471799999999], [-71.33039099999999, 41.785381000000015], [-71.329627, 41.787018], [-71.329652, 41.78773799999999], [-71.32944599999999, 41.78831], [-71.329837, 41.78855800000001], [-71.330415, 41.78865399999999], [-71.330235, 41.78888299999999], [-71.33051, 41.789125000000006], [-71.33089199999999, 41.789136000000006], [-71.330922, 41.789594], [-71.33125199999999, 41.789394], [-71.33236699999999, 41.790141], [-71.332448, 41.790476999999996], [-71.331803, 41.79093199999999], [-71.332199, 41.79105899999999], [-71.332448, 41.791436999999995], [-71.33304199999999, 41.791722], [-71.332602, 41.792046], [-71.33294, 41.792309], [-71.33272, 41.79253899999999], [-71.33305, 41.79268100000001], [-71.332771, 41.793077999999994], [-71.333395, 41.793119000000004], [-71.333754, 41.7939], [-71.33403299999999, 41.794011999999995], [-71.33429, 41.79439399999998], [-71.334136, 41.794653], [-71.335222, 41.79518499999999], [-71.336666, 41.795151000000004], [-71.337972, 41.79578700000001], [-71.339461, 41.79603999999999], [-71.339593, 41.796434], [-71.34043, 41.79719599999999], [-71.340305, 41.79776100000001], [-71.34124400000002, 41.798345000000005], [-71.34079, 41.799062000000006], [-71.341098, 41.799469999999985], [-71.34109099999999, 41.799875], [-71.341304, 41.800226], [-71.341106, 41.801004999999996]]]}}, {"type": "Feature", "properties": {"district_name": "10th Congressional District", "chamber": "us-house", "vintage": "2001-2010", "lean_dem_share": 0.4663, "competitiveness": "Lean", "competitiveness_label": "Lean R", "party_favored": "Republican", "url": "/district/us-house-10th-congressional-district-2001-2010/", "latest_year": 2010, "is_uncontested": false, "turnout_ratio": 0.9997, "winner_name": "William R. Keating", "winner_party": "Democratic", "winner_war": -0.0815, "winner_lean_component": 0.3156, "winner_tide_component": 0.0345, "winner_incumbency_adjustment": 0.0, "winner_demographics_component": null, "winner_fundraising_component": null}, "geometry": {"type": "Polygon", "coordinates": [[[-70.85415100000002, 42.04277099999998], [-70.85723200000001, 42.04607299999999], [-70.857918, 42.04792600000001], [-70.861511, 42.045219999999986], [-70.86055999999999, 42.051271], [-70.861705, 42.052317000000016], [-70.863723, 42.055537000000015], [-70.863647, 42.056261000000006], [-70.864986, 42.057700999999994], [-70.866286, 42.05800099999998], [-70.86548599999999, 42.05980099999999], [-70.866086, 42.06110100000001], [-70.865186, 42.06100100000001], [-70.864586, 42.06170100000002], [-70.864386, 42.06360100000001], [-70.864986, 42.063900999999994], [-70.864186, 42.06430100000001], [-70.865286, 42.06470100000001], [-70.864903, 42.06528], [-70.863294, 42.06982999999998], [-70.862492, 42.071215], [-70.86229, 42.072303], [-70.860986, 42.07450099999999], [-70.860186, 42.07690100000001], [-70.856978, 42.08037900000001], [-70.856287, 42.083271999999994], [-70.857001, 42.087263], [-70.856962, 42.08922599999999], [-70.85751599999999, 42.090698], [-70.856786, 42.091801], [-70.86220399999999, 42.08865399999999], [-70.86539499999999, 42.090348999999996], [-70.867193, 42.08893200000001], [-70.867386, 42.086000999999996], [-70.868286, 42.085601], [-70.86788600000001, 42.086200999999996], [-70.86938599999999, 42.086701000000005], [-70.868848, 42.08784], [-70.86978599999999, 42.08700099999999], [-70.87148599999999, 42.087101000000004], [-70.874686, 42.088201], [-70.87588699999999, 42.08930199999999], [-70.887588, 42.087701999999986], [-70.89439, 42.08658400000001], [-70.90238699999999, 42.08590100000001], [-70.915787, 42.10009999999998], [-70.94508600000002, 42.094698], [-70.946676, 42.09452299999998], [-70.965679, 42.089892], [-70.96755, 42.089586], [-70.97326699999999, 42.08803599999999], [-70.975306, 42.087684], [-70.975297, 42.088275], [-70.975966, 42.08955100000002], [-70.975284, 42.091364], [-70.97544599999999, 42.09259099999999], [-70.975224, 42.09308999999999], [-70.975355, 42.093844000000004], [-70.975002, 42.094466999999995], [-70.974964, 42.095237999999995], [-70.97541, 42.09620699999998], [-70.975672, 42.097598999999995], [-70.976817, 42.099813], [-70.976733, 42.100534999999994], [-70.97686399999999, 42.101212000000004], [-70.976259, 42.102204000000015], [-70.977727, 42.10487599999998], [-70.97761299999999, 42.106085], [-70.978004, 42.10655099999999], [-70.97792799999999, 42.107159999999986], [-70.97838899999999, 42.10765699999998], [-70.978612, 42.108360000000005], [-70.97977999999999, 42.10860100000001], [-70.980194, 42.108909000000004], [-70.980103, 42.109856], [-70.980702, 42.11048999999999], [-70.980603, 42.110973], [-70.979682, 42.111485], [-70.978531, 42.113076], [-70.97948, 42.11403699999998], [-70.987166, 42.11323900000001], [-70.99847, 42.11110099999999], [-71.000141, 42.11765700000001], [-71.001975, 42.12633799999998], [-71.002354, 42.127224], [-70.98092799999999, 42.135645], [-70.980583, 42.13758500000001], [-70.980976, 42.138068999999994], [-70.980306, 42.139306000000005], [-70.98029, 42.14060100000001], [-70.978072, 42.15370099999999], [-70.976691, 42.16560099999999], [-70.976492, 42.166205000000005], [-70.976591, 42.16820099999999], [-70.97520999999999, 42.17497999999999], [-70.97369, 42.17716999999999], [-70.974659, 42.178377999999974], [-70.97388699999999, 42.18411899999999], [-70.97396499999999, 42.18731100000001], [-70.971595, 42.199846], [-70.96989099999999, 42.21189900000001], [-70.969195, 42.214210999999985], [-70.969292, 42.21579799999999], [-70.96862999999999, 42.22001], [-70.967022, 42.223353], [-70.96665899999999, 42.223566999999996], [-70.96614400000001, 42.223576], [-70.964283, 42.224585], [-70.963728, 42.224694000000014], [-70.962891, 42.225499], [-70.960891, 42.226899], [-70.960596, 42.228539000000005], [-70.96038399999999, 42.22871499999999], [-70.960191, 42.23129899999999], [-70.96049099999999, 42.23509899999997], [-70.967991, 42.237998999999995], [-70.973018, 42.237098999999986], [-70.97236, 42.237058999999995], [-70.974082, 42.236976000000006], [-70.97570999999999, 42.237134000000005], [-70.977391, 42.238299000000005], [-70.97979099999999, 42.2362], [-70.979986, 42.235301], [-70.981183, 42.23583599999999], [-70.983687, 42.2353], [-70.98499, 42.23449900000001], [-70.98953399999999, 42.234053999999986], [-70.995817, 42.233118999999995], [-70.99920999999999, 42.232969999999995], [-71.002112, 42.23230799999999], [-71.003689, 42.231598000000005], [-71.007026, 42.230716999999984], [-71.00759699999999, 42.23049799999998], [-71.00819299999999, 42.2296], [-71.010606, 42.230053], [-71.01100000000001, 42.229789999999994], [-71.01908600000002, 42.228412000000006], [-71.020091, 42.228501], [-71.026392, 42.228010000000005], [-71.03108700000001, 42.228094], [-71.03326299999999, 42.227785000000004], [-71.03392699999999, 42.22663000000002], [-71.036194, 42.22470100000001], [-71.038496, 42.221802999999994], [-71.044499, 42.21550399999999], [-71.044938, 42.206572], [-71.04592199999999, 42.206342], [-71.046815, 42.20645299999999], [-71.04793699999999, 42.20635999999999], [-71.049509, 42.206778], [-71.051476, 42.20623399999999], [-71.05223, 42.206315], [-71.052921, 42.205982999999996], [-71.055521, 42.205837], [-71.058292, 42.206116000000016], [-71.059445, 42.20597900000003], [-71.06007699999999, 42.206087999999994], [-71.059975, 42.20659699999999], [-71.061507, 42.206063000000015], [-71.064398, 42.205677999999985], [-71.069501, 42.20448700000001], [-71.071574, 42.20425600000001], [-71.07170099999999, 42.204379999999986], [-71.07440799999999, 42.204289999999986], [-71.074716, 42.204361000000006], [-71.075149, 42.204848999999975], [-71.077195, 42.20464099999999], [-71.078011, 42.204788], [-71.07918, 42.20468100000001], [-71.081043, 42.204927], [-71.081458, 42.20484699999999], [-71.082056, 42.204353999999995], [-71.082489, 42.20428699999999], [-71.083561, 42.20547000000001], [-71.09329900000002, 42.213981000000004], [-71.07589, 42.22039799999998], [-71.073494, 42.22149900000001], [-71.053218, 42.229275], [-71.057102, 42.235702], [-71.057794, 42.237299], [-71.06110000000001, 42.24219600000001], [-71.04441, 42.251400000000004], [-71.044037, 42.25172699999998], [-71.043114, 42.25218200000001], [-71.04263, 42.25224], [-71.042116, 42.252865], [-71.04053100000002, 42.253461], [-71.03810899999999, 42.25529100000001], [-71.03719199999999, 42.255601000000006], [-71.033003, 42.2579], [-71.03190000000001, 42.25859], [-71.03148999999999, 42.259110000000014], [-71.031786, 42.25912699999999], [-71.03190000000001, 42.25959], [-71.032409, 42.260162], [-71.033061, 42.260476999999995], [-71.033748, 42.26106999999999], [-71.03533, 42.261505000000014], [-71.03560999999999, 42.26230999999999], [-71.03734299999999, 42.26307899999999], [-71.040127, 42.265130000000006], [-71.04142, 42.26623], [-71.04173, 42.266740000000006], [-71.04185, 42.267550000000014], [-71.04172, 42.268290000000015], [-71.04149699999999, 42.268480000000004], [-71.043039, 42.273181999999984], [-71.042631, 42.27625400000001], [-71.042794, 42.27699799999999], [-71.041594, 42.27809799999999], [-71.04049400000001, 42.281898000000005], [-71.039293, 42.28379899999999], [-71.03789400000001, 42.284898], [-71.03529400000001, 42.288798], [-71.041294, 42.300097999999984], [-71.04169399999999, 42.305298], [-71.028395, 42.30879899999999], [-71.022093, 42.305597999999975], [-71.015393, 42.30669799999998], [-71.00979099999999, 42.305198999999995], [-71.002093, 42.308697999999985], [-70.998593, 42.311997999999996], [-70.988693, 42.31359800000001], [-70.981781, 42.30838199999999], [-70.97599199999999, 42.300097999999984], [-70.96019199999999, 42.29949800000001], [-70.94899099999999, 42.301298], [-70.937091, 42.311097999999994], [-70.927191, 42.310097999999996], [-70.917091, 42.314198000000005], [-70.905692, 42.316998999999996], [-70.894292, 42.372398999999994], [-70.851191, 42.372499], [-70.74947, 42.37333999999999], [-70.67569, 42.375097999999994], [-70.658723, 42.375097999999994], [-70.690393, 42.27899900000001], [-70.689025, 42.27238999999998], [-70.688773, 42.268331], [-70.688704, 42.263468], [-70.68406100000001, 42.25383599999999], [-70.676029, 42.250102000000005], [-70.66281, 42.24485099999999], [-70.648622, 42.23736], [-70.640113, 42.22837199999999], [-70.63633, 42.21638599999999], [-70.63633, 42.20290299999999], [-70.63916499999999, 42.19091899999998], [-70.642946, 42.178185], [-70.624482, 42.15722500000002], [-70.62258, 42.154424], [-70.608381, 42.13847900000001], [-70.499477, 42.130739000000005], [-70.41480299999999, 42.125097999999994], [-70.41145399999999, 42.125099], [-70.37447399999999, 42.12155], [-70.32252199999999, 42.11791499999998], [-70.27743, 42.114344999999986], [-70.253194, 42.125102999999996], [-70.249472, 42.126926000000005], [-70.229175, 42.131189], [-70.215587, 42.132785000000005], [-70.206221, 42.13305399999999], [-70.1954, 42.13154900000001], [-70.184474, 42.13383700000001], [-70.17254199999999, 42.13451500000001], [-70.15067599999999, 42.131465], [-70.135694, 42.127348999999995], [-70.130377, 42.126929000000004], [-70.124471, 42.12604100000001], [-70.120691, 42.12510099999998], [-70.067098, 42.10532699999998], [-70.040302, 42.09163400000001], [-70.011591, 42.073378], [-69.996279, 42.059687], [-69.969482, 42.029253999999995], [-69.954169, 42.00795500000001], [-69.94821, 42.00010599999999], [-69.940645, 41.992345], [-69.929109, 41.97847599999998], [-69.92302699999999, 41.967760999999996], [-69.917706, 41.95924699999999], [-69.909178, 41.94206200000001], [-69.902402, 41.922145999999984], [-69.89530500000001, 41.90675299999999], [-69.88001799999999, 41.86197800000001], [-69.877762, 41.85284599999999], [-69.876263, 41.84896999999999], [-69.874498, 41.842448000000005], [-69.87315, 41.838648000000006], [-69.872379, 41.831586], [-69.86949899999999, 41.826626999999995], [-69.866525, 41.81701100000002], [-69.86557499999999, 41.80767099999999], [-69.865779, 41.795636], [-69.865595, 41.790980000000005], [-69.862511, 41.773522], [-69.862366, 41.76631799999999], [-69.860058, 41.758503000000005], [-69.85984599999999, 41.75011000000002], [-69.85913000000001, 41.73649999999999], [-69.85886099999999, 41.720383], [-69.85895, 41.706916], [-69.86054, 41.69232599999999], [-69.862098, 41.68497099999998], [-69.862876, 41.67315300000002], [-69.86812499999999, 41.65679100000001], [-69.87106399999999, 41.65256699999999], [-69.874459, 41.645026000000016], [-69.884485, 41.630303000000005], [-69.889012, 41.625195999999995], [-69.888835, 41.625113], [-69.88942, 41.622694], [-69.891662, 41.617186000000004], [-69.898562, 41.60609599999999], [-69.907546, 41.596033000000006], [-69.915399, 41.58924300000001], [-69.916197, 41.58428899999998], [-69.919766, 41.574033], [-69.921517, 41.57090000000001], [-69.921345, 41.562281999999996], [-69.924632, 41.54464599999999], [-69.928994, 41.53215200000001], [-69.936401, 41.52193600000001], [-69.946613, 41.512152], [-69.958172, 41.50466], [-69.96743, 41.50011599999999], [-69.968606, 41.50011599999999], [-69.971289, 41.49887200000001], [-69.979776, 41.496567], [-69.988306, 41.49449599999999], [-69.994377, 41.493663], [-69.99816899999999, 41.493399], [-69.99945799999999, 41.49111800000001], [-69.99945799999999, 41.490527], [-70.013862, 41.47743899999999], [-70.02367699999999, 41.471948], [-70.040313, 41.46596], [-70.055437, 41.46410999999999], [-70.073742, 41.465019999999996], [-70.084904, 41.467493], [-70.101508, 41.474444], [-70.11439399999999, 41.484083000000005], [-70.12259499999999, 41.494499000000005], [-70.124461, 41.498521], [-70.124924, 41.500115], [-70.126677, 41.50369799999999], [-70.127962, 41.509674], [-70.128764, 41.51769199999999], [-70.128554, 41.52473200000001], [-70.126792, 41.530878000000016], [-70.122559, 41.537833], [-70.116719, 41.54499300000001], [-70.10952, 41.551482], [-70.102029, 41.556352000000004], [-70.086572, 41.562447999999996], [-70.080316, 41.564454], [-70.073586, 41.57770800000001], [-70.068572, 41.58522], [-70.063352, 41.59017299999999], [-70.06469899999999, 41.59323000000001], [-70.068046, 41.602954000000004], [-70.068569, 41.61069699999999], [-70.077934, 41.61252799999999], [-70.093772, 41.608323999999996], [-70.109368, 41.605591], [-70.124462, 41.600849], [-70.12695200000002, 41.600203], [-70.138491, 41.59869200000001], [-70.148926, 41.599133], [-70.16035699999999, 41.59937], [-70.163439, 41.597952], [-70.170602, 41.595588000000006], [-70.1815, 41.593547000000015], [-70.189375, 41.59049600000001], [-70.19823699999999, 41.58734200000001], [-70.20804, 41.584149999999994], [-70.220282, 41.57233699999998], [-70.22555799999999, 41.568560999999995], [-70.23194699999999, 41.56559500000001], [-70.241092, 41.56210999999999], [-70.24946299999999, 41.560146], [-70.255691, 41.559146], [-70.26742899999999, 41.558372999999996], [-70.278898, 41.559315999999995], [-70.289965, 41.561639], [-70.299331, 41.565916999999985], [-70.31125399999999, 41.57106200000001], [-70.32021399999999, 41.568946000000004], [-70.331549, 41.567898], [-70.34633699999999, 41.56845300000001], [-70.351936, 41.566649000000005], [-70.364206, 41.562196000000014], [-70.387281, 41.55768099999999], [-70.395164, 41.556722], [-70.397122, 41.55440199999998], [-70.405051, 41.546195000000004], [-70.411202, 41.540744], [-70.417304, 41.534822000000005], [-70.423896, 41.528732], [-70.432904, 41.52206300000001], [-70.440131, 41.517479], [-70.448567, 41.513093000000005], [-70.457634, 41.50934100000001], [-70.466436, 41.50616000000001], [-70.478689, 41.50350299999999], [-70.48396699999999, 41.502545999999995], [-70.48974, 41.501856], [-70.498209, 41.502565], [-70.502832, 41.500635], [-70.50860300000001, 41.498965], [-70.504182, 41.494858], [-70.499472, 41.488233], [-70.494942, 41.479631999999995], [-70.49165800000002, 41.47100900000001], [-70.489689, 41.462976999999995], [-70.485385, 41.463802999999984], [-70.475994, 41.46614099999998], [-70.46395, 41.468], [-70.44800699999999, 41.469355], [-70.436449, 41.46891900000001], [-70.421087, 41.46441600000002], [-70.405928, 41.457012999999996], [-70.392892, 41.44547999999999], [-70.385874, 41.43372099999999], [-70.38080699999999, 41.411995999999995], [-70.380693, 41.385361], [-70.38216299999999, 41.375117999999986], [-70.383449, 41.369933], [-70.37011199999999, 41.36876899999999], [-70.36769799999999, 41.37142700000001], [-70.362641, 41.375117999999986], [-70.353085, 41.381454999999995], [-70.338289, 41.38854999999999], [-70.323593, 41.391607], [-70.308734, 41.390693000000006], [-70.302438, 41.389624999999995], [-70.294179, 41.39144599999999], [-70.283214, 41.39288499999999], [-70.26728299999999, 41.393426000000005], [-70.258549, 41.39210699999999], [-70.24946299999999, 41.390049], [-70.247689, 41.38989099999999], [-70.238142, 41.38620499999999], [-70.233576, 41.38263999999998], [-70.224936, 41.37511999999999], [-70.221622, 41.371769], [-70.21733400000001, 41.364996999999995], [-70.215115, 41.360274999999994], [-70.208297, 41.35802499999999], [-70.19838299999999, 41.359024999999995], [-70.187287, 41.358380000000004], [-70.174906, 41.357290000000006], [-70.159992, 41.35224200000002], [-70.148699, 41.345215999999986], [-70.13794, 41.346371000000005], [-70.13223099999999, 41.348731], [-70.124461, 41.35132699999998], [-70.11933499999999, 41.352638000000006], [-70.110095, 41.353592], [-70.101618, 41.35344999999999], [-70.09784400000001, 41.353584000000005], [-70.103251, 41.359705], [-70.107199, 41.365213000000004], [-70.111328, 41.37038899999998], [-70.11644, 41.38616500000001], [-70.116541, 41.39513199999999], [-70.112734, 41.408126], [-70.105819, 41.419866], [-70.09441199999999, 41.43081], [-70.078847, 41.438015], [-70.06517400000001, 41.442687], [-70.04427199999999, 41.44380099999999], [-70.025902, 41.44107899999998], [-70.006467, 41.43389800000001], [-69.99945799999999, 41.42843199999999], [-69.98922700000001, 41.421225], [-69.98177500000001, 41.41520800000001], [-69.974592, 41.40892200000001], [-69.969634, 41.403510999999995], [-69.957745, 41.38725], [-69.943801, 41.36671700000001], [-69.938456, 41.357645000000005], [-69.92983699999999, 41.34532299999999], [-69.92644, 41.33879399999998], [-69.921579, 41.332398], [-69.91494999999999, 41.324194999999996], [-69.910093, 41.317263], [-69.902948, 41.30520699999999], [-69.898321, 41.29700299999999], [-69.894885, 41.29037199999999], [-69.893789, 41.286925000000004], [-69.89295899999999, 41.28364299999999], [-69.89244500000001, 41.27909000000001], [-69.8925, 41.27621099999998], [-69.892209, 41.271323], [-69.894472, 41.25923999999999], [-69.896044, 41.254119], [-69.89774299999999, 41.250122000000005], [-69.89900999999999, 41.24553799999998], [-69.902992, 41.238416], [-69.910319, 41.226849], [-69.915842, 41.220939], [-69.922911, 41.21583999999999], [-69.930953, 41.21054300000001], [-69.942008, 41.204519999999995], [-69.953586, 41.19967199999999], [-69.973182, 41.193545000000015], [-69.98315099999999, 41.191403], [-69.999457, 41.188305], [-70.012483, 41.18705299999999], [-70.025702, 41.187102], [-70.039705, 41.18819200000001], [-70.051647, 41.190908], [-70.072666, 41.19163400000001], [-70.109684, 41.189803000000005], [-70.12446, 41.19242200000001], [-70.13585499999999, 41.194649], [-70.16117, 41.20068999999998], [-70.178851, 41.204530999999996], [-70.217017, 41.21817599999999], [-70.227997, 41.222664], [-70.239982, 41.228463], [-70.285736, 41.242346000000005], [-70.294484, 41.246499000000014], [-70.314298, 41.260532000000005], [-70.33509000000001, 41.272779], [-70.344083, 41.27614600000001], [-70.357554, 41.27259600000002], [-70.374466, 41.26945800000001], [-70.38667099999999, 41.27128199999999], [-70.396777, 41.273013999999996], [-70.408733, 41.277294000000005], [-70.414493, 41.273953], [-70.429075, 41.268651000000006], [-70.444758, 41.265513000000006], [-70.459851, 41.26525300000001], [-70.475635, 41.270219999999995], [-70.493308, 41.279975], [-70.49946899999999, 41.28574100000001], [-70.512199, 41.298313], [-70.530599, 41.299198999999994], [-70.54521000000001, 41.299672000000015], [-70.571848, 41.30009399999999], [-70.593135, 41.299843999999986], [-70.606672, 41.29940999999999], [-70.62447, 41.298382], [-70.655087, 41.29616499999999], [-70.68502, 41.29317599999998], [-70.686615, 41.292058999999995], [-70.689055, 41.290937000000014], [-70.692874, 41.28963900000001], [-70.700169, 41.289058000000004], [-70.70310599999999, 41.28904], [-70.704591, 41.28483399999999], [-70.707362, 41.280218], [-70.711063, 41.27485699999999], [-70.716499, 41.26945200000001], [-70.721634, 41.265861], [-70.726731, 41.26311000000002], [-70.734843, 41.25923100000001], [-70.734065, 41.256147999999996], [-70.734045, 41.253327000000006], [-70.733667, 41.25011600000003], [-70.73475300000001, 41.24625999999999], [-70.738908, 41.236427], [-70.74430699999999, 41.22603000000001], [-70.749473, 41.22017299999998], [-70.754188, 41.216091], [-70.767837, 41.20648999999999], [-70.783582, 41.20121899999999], [-70.80595, 41.19874200000001], [-70.823645, 41.20064899999999], [-70.847746, 41.20581399999999], [-70.866343, 41.21539699999999], [-70.87447399999999, 41.221380999999994], [-70.877327, 41.224143999999995], [-70.884973, 41.23378399999999], [-70.890541, 41.24309099999999], [-70.89245700000001, 41.25011200000001], [-70.89420299999999, 41.25943899999999], [-70.89359499999999, 41.267993999999995], [-70.890337, 41.27736199999999], [-70.885683, 41.28506600000001], [-70.878182, 41.29214699999999], [-70.874475, 41.29496799999998], [-70.870027, 41.29706799999999], [-70.87447399999999, 41.30134999999999], [-70.877963, 41.30370800000001], [-70.884472, 41.31016199999997], [-70.891363, 41.318817999999986], [-70.897722, 41.327411000000005], [-70.901005, 41.334613], [-70.903815, 41.346727], [-70.903739, 41.35508000000001], [-70.901866, 41.36177], [-70.896017, 41.37014800000001], [-70.902603, 41.36761300000002], [-70.918399, 41.363033], [-70.938664, 41.353986000000006], [-70.95575199999999, 41.35016100000001], [-70.97052099999999, 41.34918700000001], [-70.979229, 41.349643999999984], [-70.990748, 41.351288999999994], [-70.99947999999999, 41.354103], [-71.006315, 41.357319], [-71.014799, 41.362019999999994], [-71.020472, 41.366723], [-71.02610299999999, 41.37169300000001], [-71.032701, 41.38027300000001], [-71.037211, 41.388908000000015], [-71.039918, 41.398259], [-71.038114, 41.405453], [-71.033604, 41.41408500000001], [-71.053451, 41.41695899999999], [-71.07240399999999, 41.42557], [-71.085038, 41.433467], [-71.088571, 41.431315], [-71.116404, 41.484567999999996], [-71.041373, 41.48420000000001], [-71.041236, 41.480332000000004], [-71.033164, 41.480332000000004], [-71.033164, 41.484162000000005], [-71.00413, 41.48403099999999], [-70.97450900000001, 41.454138], [-70.95682099999999, 41.46247200000001], [-70.91481, 41.483092], [-70.879213, 41.50010599999999], [-70.864314, 41.507397000000005], [-70.896936, 41.556905000000015], [-70.911743, 41.58184], [-70.878749, 41.591791999999984], [-70.89728099999999, 41.61340400000001], [-70.90408099999999, 41.62100399999999], [-70.90600599999999, 41.623850000000026], [-70.90294899999999, 41.624576999999995], [-70.90281399999999, 41.624525000000006], [-70.90290999999999, 41.62404200000001], [-70.90254399999999, 41.623872], [-70.90027599999999, 41.62414], [-70.895828, 41.62413900000001], [-70.895828, 41.624281999999994], [-70.894928, 41.624430000000004], [-70.89334, 41.62510400000001], [-70.893643, 41.625301000000015], [-70.892662, 41.62611899999998], [-70.892735, 41.626239999999996], [-70.892223, 41.62653600000001], [-70.89173199999999, 41.627621999999995], [-70.89102199999999, 41.62820999999999], [-70.890699, 41.62899399999999], [-70.890018, 41.629724], [-70.889857, 41.63084399999999], [-70.88932199999999, 41.63141499999999], [-70.889307, 41.63217200000001], [-70.889563, 41.632655], [-70.890148, 41.63330299999999], [-70.891033, 41.633731999999995], [-70.89154400000001, 41.63430799999999], [-70.891325, 41.63428599999999], [-70.890857, 41.63374299999998], [-70.890126, 41.633501], [-70.88965, 41.633028], [-70.888919, 41.63279199999998], [-70.888561, 41.63235300000001], [-70.887844, 41.632352999999995], [-70.88752199999999, 41.63252799999999], [-70.887338, 41.632977999999994], [-70.88742599999999, 41.633351000000005], [-70.887177, 41.633944], [-70.88762299999999, 41.63408699999999], [-70.887089, 41.634191], [-70.886847, 41.634674], [-70.886554, 41.63471800000001], [-70.886935, 41.634361000000006], [-70.887016, 41.633905999999996], [-70.886167, 41.63318099999999], [-70.886299, 41.633092999999995], [-70.886928, 41.63367000000001], [-70.887148, 41.633417000000016], [-70.88716300000002, 41.633099], [-70.887097, 41.632709], [-70.886907, 41.632560999999995], [-70.885576, 41.63234599999999], [-70.884164, 41.631539000000004], [-70.883198, 41.631483], [-70.882862, 41.631125999999995], [-70.881794, 41.63110899999998], [-70.88101100000002, 41.63084600000001], [-70.879402, 41.63005400000001], [-70.879059, 41.629817999999965], [-70.87885399999999, 41.62925800000001], [-70.878181, 41.62898900000001], [-70.872965, 41.627607], [-70.87273800000001, 41.62719000000003], [-70.87205, 41.627092000000005], [-70.870432, 41.62587999999999], [-70.86942599999999, 41.62481699999998], [-70.86935199999999, 41.624274], [-70.86845799999999, 41.622726], [-70.868684, 41.621798], [-70.869393, 41.62124899999999], [-70.86909299999999, 41.620732999999994], [-70.868828, 41.61963600000001], [-70.869331, 41.61786800000001], [-70.86922799999999, 41.617440000000016], [-70.869367, 41.616962], [-70.86888300000001, 41.61596300000001], [-70.86889, 41.61572200000002], [-70.86913899999999, 41.615463999999996], [-70.869035, 41.61450299999998], [-70.86852999999999, 41.613762], [-70.867688, 41.613011000000014], [-70.867372, 41.611577999999994], [-70.866113, 41.610014], [-70.866266, 41.609268], [-70.865922, 41.60888399999999], [-70.86547399999999, 41.607775], [-70.864603, 41.60656200000002], [-70.864199, 41.604971000000006], [-70.863328, 41.60353899999999], [-70.863495, 41.602073000000004], [-70.863962, 41.601255], [-70.863581, 41.600832000000004], [-70.86323, 41.60083800000001], [-70.863267, 41.60102399999998], [-70.862887, 41.601095999999984], [-70.86278399999999, 41.600783], [-70.863061, 41.59983899999999], [-70.862951, 41.59867500000001], [-70.86278899999999, 41.598417000000005], [-70.861853, 41.597896000000006], [-70.862753, 41.597984000000004], [-70.863345, 41.59780799999999], [-70.863675, 41.599399], [-70.864231, 41.599557999999995], [-70.863997, 41.599893], [-70.86458999999999, 41.60064], [-70.864218, 41.601051000000005], [-70.86410099999999, 41.60161099999999], [-70.86434299999999, 41.601628000000005], [-70.866412, 41.600753999999995], [-70.86635199999999, 41.60021600000001], [-70.865855, 41.599629], [-70.86403299999999, 41.598300999999985], [-70.863944, 41.59700599999999], [-70.86365099999999, 41.59636900000002], [-70.86169, 41.595273], [-70.859839, 41.593632], [-70.859692, 41.593236999999995], [-70.859684, 41.592161000000004], [-70.859347, 41.591480999999995], [-70.85907499999999, 41.590147], [-70.858387, 41.588791], [-70.857816, 41.588346999999985], [-70.85751599999999, 41.587886], [-70.857339, 41.58593700000001], [-70.856994, 41.58430699999998], [-70.856723, 41.583709000000006], [-70.856036, 41.58291299999999], [-70.854361, 41.58207999999998], [-70.853447, 41.582195], [-70.852811, 41.58264599999999], [-70.853002, 41.583435999999985], [-70.852937, 41.584149999999994], [-70.853369, 41.585944000000026], [-70.853202, 41.58763500000002], [-70.853005, 41.588239], [-70.852508, 41.588563000000015], [-70.85217999999999, 41.589282], [-70.850974, 41.590337], [-70.85085, 41.591039], [-70.849959, 41.591961999999995], [-70.850566, 41.592577000000006], [-70.85023699999999, 41.593268], [-70.848841, 41.594097999999995], [-70.848461, 41.594575000000006], [-70.84764299999999, 41.594894], [-70.847628, 41.59514699999998], [-70.847292, 41.595476000000005], [-70.84539099999999, 41.595718], [-70.845098, 41.59569600000002], [-70.844498, 41.595115], [-70.842523, 41.593945999999995], [-70.842282, 41.593616999999995], [-70.842311, 41.59312799999999], [-70.842047, 41.592831999999994], [-70.842062, 41.593436000000004], [-70.842355, 41.594182], [-70.842801, 41.59440699999999], [-70.84299899999999, 41.594775], [-70.843285, 41.595379], [-70.843329, 41.596004], [-70.841735, 41.596334000000006], [-70.841777, 41.59651199999999], [-70.84157499999999, 41.596542000000014], [-70.841545, 41.596362000000006], [-70.838949, 41.59635699999999], [-70.837808, 41.595885], [-70.837639, 41.59559399999999], [-70.83764599999999, 41.59420000000001], [-70.837375, 41.59357999999998], [-70.83656300000001, 41.59289899999998], [-70.836383, 41.591984000000004], [-70.834968, 41.590692999999995], [-70.83371, 41.58884900000002], [-70.830967, 41.58583599999999], [-70.829124, 41.584233], [-70.82746399999999, 41.583365999999984], [-70.826726, 41.583327999999995], [-70.825205, 41.58290000000001], [-70.82334, 41.58274100000002], [-70.82226500000002, 41.582395], [-70.821842, 41.582471999999996], [-70.821615, 41.582912000000015], [-70.821783, 41.58475600000002], [-70.82168899999999, 41.58583200000001], [-70.820892, 41.587439999999994], [-70.819898, 41.58837900000002], [-70.81934199999999, 41.588654000000005], [-70.816951, 41.589279999999995], [-70.81641800000001, 41.59019599999999], [-70.816191, 41.591338], [-70.815818, 41.59178800000001], [-70.817039, 41.59163499999998], [-70.818254, 41.592351], [-70.820089, 41.596114000000014], [-70.823242, 41.59960400000001], [-70.824222, 41.599976999999996], [-70.824617, 41.600476999999984], [-70.824785, 41.601196], [-70.825458, 41.601498000000014], [-70.825846, 41.601414999999996], [-70.827097, 41.60204600000001], [-70.827696, 41.602156], [-70.828816, 41.60374200000001], [-70.829825, 41.60443399999998], [-70.83035199999999, 41.60547100000001], [-70.83085, 41.605844], [-70.831194, 41.60653], [-70.831581, 41.60651399999998], [-70.83183, 41.606223], [-70.831544, 41.60493299999999], [-70.831763, 41.603961000000005], [-70.831346, 41.60300599999998], [-70.831836, 41.60237500000001], [-70.831763, 41.601853000000006], [-70.832238, 41.601721999999995], [-70.832757, 41.602073000000004], [-70.83348099999999, 41.60180899999999], [-70.834103, 41.602000999999994], [-70.83428599999999, 41.60246199999998], [-70.834695, 41.602731000000006], [-70.834769, 41.60307099999999], [-70.83556600000001, 41.603449999999995], [-70.835332, 41.60387300000001], [-70.835639, 41.60387300000001], [-70.835588, 41.604175000000005], [-70.835852, 41.60433899999999], [-70.835837, 41.60467999999999], [-70.836137, 41.60497], [-70.836686, 41.60484900000001], [-70.840391, 41.605277], [-70.844428, 41.60628], [-70.847402, 41.60749599999999], [-70.84956, 41.60911699999997], [-70.849334, 41.610093000000006], [-70.85000000000001, 41.610312000000015], [-70.8512, 41.61106399999998], [-70.851705, 41.61192600000001], [-70.85237099999999, 41.61225499999999], [-70.853352, 41.613522], [-70.85398099999999, 41.613714], [-70.853887, 41.614148], [-70.854619, 41.616146000000015], [-70.854219, 41.618407999999995], [-70.854995, 41.618709], [-70.855119, 41.61912600000001], [-70.855105, 41.619806999999994], [-70.855442, 41.620651999999986], [-70.855194, 41.62198600000001], [-70.856416, 41.622297999999994], [-70.85681199999999, 41.622622], [-70.85732399999999, 41.62276499999999], [-70.85785899999999, 41.62366499999999], [-70.858195, 41.623835], [-70.85942399999999, 41.623785000000005], [-70.85942399999999, 41.62354299999998], [-70.859563, 41.623542999999984], [-70.86001, 41.62371799999999], [-70.860365, 41.624091], [-70.84931999999999, 41.624472000000004], [-70.842264, 41.624457], [-70.839175, 41.61476100000001], [-70.81327399999999, 41.607960000000006], [-70.804856, 41.612776000000004], [-70.801026, 41.61657300000001], [-70.800336, 41.61874100000001], [-70.80154399999999, 41.62116899999996], [-70.803891, 41.62506699999999], [-70.774624, 41.634933000000004], [-70.76294399999999, 41.639025000000004], [-70.75748, 41.64131999999999], [-70.756354, 41.642074999999984], [-70.755568, 41.64310400000001], [-70.75400599999999, 41.64579499999999], [-70.752498, 41.65038799999999], [-70.75186699999999, 41.660342000000014], [-70.750847, 41.669590999999976], [-70.749206, 41.668504999999996], [-70.699574, 41.643719000000004], [-70.686196, 41.669800999999985], [-70.67662899999999, 41.691129], [-70.67440400000001, 41.68960899999999], [-70.64370000000001, 41.717465000000004], [-70.64224399999999, 41.71922500000001], [-70.640276, 41.723609], [-70.640756, 41.72485700000001], [-70.639476, 41.726473000000006], [-70.639332, 41.729048999999996], [-70.63257999999999, 41.733656999999994], [-70.633268, 41.73546499999999], [-70.632676, 41.73788100000002], [-70.62598799999999, 41.74496899999999], [-70.623193, 41.745614999999994], [-70.62195, 41.746058999999995], [-70.620785, 41.747530000000005], [-70.621014, 41.74830300000001], [-70.621622, 41.748972], [-70.62515599999999, 41.75114399999999], [-70.62501200000001, 41.75404], [-70.629673, 41.760217000000004], [-70.630156, 41.761145000000006], [-70.631182, 41.76172199999999], [-70.631255, 41.76208399999998], [-70.63157, 41.76229800000001], [-70.63165, 41.762628], [-70.632274, 41.762623000000005], [-70.63255199999999, 41.762771000000015], [-70.632671, 41.76388199999999], [-70.634346, 41.76594800000001], [-70.63444, 41.766809999999985], [-70.635301, 41.768005999999986], [-70.63542699999999, 41.769009], [-70.63609699999999, 41.76999], [-70.636129, 41.770342], [-70.63584000000002, 41.770717000000005], [-70.63507, 41.771154], [-70.634252, 41.771359999999994], [-70.633547, 41.77189500000001], [-70.632825, 41.77305099999999], [-70.63296799999999, 41.77358], [-70.631637, 41.77449000000001], [-70.630915, 41.77469100000001], [-70.63060999999999, 41.775102], [-70.63033899999999, 41.775187], [-70.630162, 41.77562900000001], [-70.630065, 41.775980999999994], [-70.630256, 41.77619699999999], [-70.630031, 41.77655399999999], [-70.630256, 41.77710299999998], [-70.629341, 41.778794999999995], [-70.62942199999999, 41.779129999999995], [-70.629008, 41.779606], [-70.628963, 41.780374], [-70.6293, 41.780713999999996], [-70.630022, 41.780677], [-70.63050299999999, 41.780907], [-70.630505, 41.78133999999999], [-70.630763, 41.781853], [-70.630652, 41.782102999999985], [-70.63094099999999, 41.78243099999999], [-70.630686, 41.782484000000004], [-70.63078399999999, 41.78301299999998], [-70.630577, 41.78321700000001], [-70.630515, 41.783789], [-70.630788, 41.78393099999998], [-70.63058, 41.784184], [-70.630612, 41.78437599999999], [-70.630132, 41.78456799999999], [-70.630164, 41.78476], [-70.629828, 41.78503200000001], [-70.629908, 41.785591999999994], [-70.630516, 41.78604], [-70.630692, 41.786855999999986], [-70.630068, 41.787240000000004], [-70.62881999999999, 41.78707999999998], [-70.627284, 41.787351999999984], [-70.62678799999999, 41.78866400000002], [-70.624476, 41.792553000000005], [-70.616478, 41.80543900000001], [-70.632657, 41.806422], [-70.661493, 41.80476000000001], [-70.664875, 41.804375], [-70.678207, 41.803543999999995], [-70.681533, 41.80337900000001], [-70.683206, 41.803533], [-70.683903, 41.80349400000001], [-70.684449, 41.80317999999998], [-70.705759, 41.80212799999999], [-70.706937, 41.801737], [-70.707999, 41.802046999999995], [-70.74095200000001, 41.800371000000005], [-70.77013699999999, 41.825751], [-70.77160599999999, 41.82970999999999], [-70.77215699999999, 41.83039499999998], [-70.77192500000001, 41.831019], [-70.772397, 41.831705000000014], [-70.77365, 41.83187400000001], [-70.775093, 41.831607999999996], [-70.776535, 41.832218], [-70.777328, 41.83196299999998], [-70.778581, 41.831973], [-70.77891199999999, 41.831593999999996], [-70.779198, 41.83155699999999], [-70.779242, 41.831838000000005], [-70.779749, 41.832114], [-70.77961599999999, 41.83247299999998], [-70.779909, 41.83339400000001], [-70.780194, 41.83342], [-70.780063, 41.83314099999999], [-70.780317, 41.833023999999995], [-70.78083699999999, 41.833552], [-70.782361, 41.833639], [-70.783897, 41.83443900000001], [-70.784329, 41.834326], [-70.784441, 41.83389499999999], [-70.784649, 41.833845999999994], [-70.78508099999999, 41.834453999999994], [-70.785881, 41.835014], [-70.78629699999999, 41.83525400000001], [-70.78680899999999, 41.83525400000001], [-70.786745, 41.835893999999996], [-70.787802, 41.83613400000001], [-70.788378, 41.836454], [-70.788778, 41.83637400000001], [-70.789114, 41.836726], [-70.789322, 41.837141999999986], [-70.78913, 41.83800600000001], [-70.78864999999999, 41.83850200000001], [-70.78849, 41.839045999999996], [-70.787834, 41.839462000000005], [-70.787834, 41.839606], [-70.788426, 41.839830000000006], [-70.78817, 41.840390000000006], [-70.78815399999999, 41.840965999999995], [-70.788778, 41.841542], [-70.788986, 41.842710000000004], [-70.789258, 41.842741999999994], [-70.78967399999999, 41.843094], [-70.790234, 41.842918], [-70.790682, 41.84339800000001], [-70.790042, 41.843877999999975], [-70.789802, 41.844454000000006], [-70.789754, 41.845493999999995], [-70.790314, 41.846246], [-70.79151399999999, 41.846246], [-70.794426, 41.84923800000001], [-70.794781, 41.85090599999999], [-70.793662, 41.852926], [-70.79400799999999, 41.857262999999996], [-70.797197, 41.86103099999999], [-70.79894399999999, 41.860989999999994], [-70.801563, 41.86217200000001], [-70.80359800000001, 41.86411799999997], [-70.803488, 41.865162000000005], [-70.803302, 41.86540399999999], [-70.805852, 41.865984000000005], [-70.809146, 41.86866199999999], [-70.81164199999999, 41.873654], [-70.802415, 41.87531400000001], [-70.803686, 41.878729], [-70.815235, 41.91358899999999], [-70.823587, 41.92164499999999], [-70.824747, 41.92301399999998], [-70.827753, 41.925703], [-70.832263, 41.930460000000004], [-70.843516, 41.94079], [-70.84974, 41.94605899999999], [-70.859202, 41.953587000000006], [-70.86078400000001, 41.95540199999999], [-70.863044, 41.95687799999998], [-70.849184, 41.967402], [-70.822716, 41.98440099999999], [-70.81981499999999, 41.99284600000001], [-70.818727, 41.996564], [-70.806384, 42.010602], [-70.807484, 42.011501999999986], [-70.807284, 42.01300199999998], [-70.80798399999999, 42.013602], [-70.809484, 42.01540200000001], [-70.809484, 42.01670200000001], [-70.811184, 42.017502], [-70.812184, 42.01860200000001], [-70.81318399999999, 42.019202], [-70.812884, 42.022701999999995], [-70.814584, 42.024302], [-70.82135199999999, 42.02265], [-70.825683, 42.021350000000005], [-70.827022, 42.02153199999999], [-70.832083, 42.019864999999996], [-70.83347599999999, 42.01971299999999], [-70.83457899999999, 42.02160500000001], [-70.84011300000002, 42.03287000000001], [-70.844839, 42.042856], [-70.846156, 42.042629000000005], [-70.852501, 42.042627], [-70.85415100000002, 42.04277099999998]]]}}]}