{"type": "FeatureCollection", "features": [{"type": "Feature", "properties": {"district_name": "1st Congressional District", "chamber": "us-house", "vintage": "2022-present", "url": "/district/us-house-1st-congressional-district-2022-present/", "latest_year": 2024, "years": [{"year": 2024, "lean_dem_share": 0.5699, "competitiveness": "Likely", "competitiveness_label": "Likely D", "party_favored": "Democratic", "is_uncontested": true, "turnout_ratio": 0.6033, "winner_name": "Richard E. Neal", "winner_party": "Democratic", "winner_war": null, "winner_lean_component": 0.3612, "winner_tide_component": 0.0405, "winner_incumbency_adjustment": 0.035, "winner_demographics_component": null, "winner_fundraising_component": null}, {"year": 2022, "lean_dem_share": 0.5863, "competitiveness": "Likely", "competitiveness_label": "Likely D", "party_favored": "Democratic", "is_uncontested": false, "turnout_ratio": 1.0035, "winner_name": "Richard E. Neal", "winner_party": "Democratic", "winner_war": -0.0438, "winner_lean_component": 0.3612, "winner_tide_component": 0.0418, "winner_incumbency_adjustment": 0.0, "winner_demographics_component": null, "winner_fundraising_component": null}], "lean_dem_share": 0.5699, "competitiveness": "Likely", "competitiveness_label": "Likely D", "party_favored": "Democratic", "is_uncontested": true, "turnout_ratio": 0.6033, "winner_name": "Richard E. Neal", "winner_party": "Democratic", "winner_war": null, "winner_lean_component": 0.3612, "winner_tide_component": 0.0405, "winner_incumbency_adjustment": 0.035, "winner_demographics_component": null, "winner_fundraising_component": null}, "geometry": {"type": "Polygon", "coordinates": [[[-73.50821, 42.08613400000002], [-73.483416, 42.154448000000016], [-73.383601, 42.425662999999986], [-73.309828, 42.625080999999994], [-73.264827, 42.745851], [-73.1416, 42.74357400000001], [-73.006044, 42.740725000000005], [-72.923563, 42.73916400000001], [-72.864319, 42.73783800000001], [-72.854034, 42.68320700000001], [-72.859584, 42.68308699999999], [-72.857687, 42.67408999999999], [-72.855425, 42.66461499999998], [-72.854215, 42.66465199999997], [-72.851206, 42.64714500000001], [-72.842273, 42.64661400000001], [-72.842793, 42.63809799999999], [-72.836201, 42.637789], [-72.835707, 42.635070000000006], [-72.821506, 42.63687699999999], [-72.772647, 42.658334], [-72.76609200000001, 42.62926], [-72.735114, 42.633108], [-72.735963, 42.632196], [-72.736186, 42.631745], [-72.737015, 42.629043999999986], [-72.736889, 42.62702100000003], [-72.738969, 42.627272000000005], [-72.741553, 42.62730100000002], [-72.743095, 42.62711500000001], [-72.743953, 42.62681700000001], [-72.744536, 42.626399999999975], [-72.745912, 42.624781999999996], [-72.746721, 42.624171], [-72.746984, 42.62375599999999], [-72.746995, 42.62293900000001], [-72.746593, 42.6223], [-72.745582, 42.621503999999995], [-72.74528, 42.61967099999999], [-72.74642800000001, 42.618852999999994], [-72.748384, 42.618038000000006], [-72.749595, 42.61805], [-72.750142, 42.61823200000001], [-72.75218, 42.620059000000005], [-72.753537, 42.62085600000001], [-72.754099, 42.62097899999999], [-72.75535, 42.620827], [-72.759229, 42.61987400000001], [-72.76198, 42.619767], [-72.764282, 42.61942800000001], [-72.772842, 42.620135], [-72.778354, 42.621057000000015], [-72.783541, 42.62129600000001], [-72.785293, 42.621014], [-72.790831, 42.61967700000001], [-72.797902, 42.617608], [-72.80311, 42.616625], [-72.809896, 42.616974], [-72.813681, 42.616669], [-72.81565, 42.61680700000001], [-72.816958, 42.617141], [-72.820266, 42.618424], [-72.82248, 42.61879799999999], [-72.823661, 42.618624999999994], [-72.831748, 42.616626999999994], [-72.848454, 42.559069], [-72.877026, 42.555425], [-72.876658, 42.531732999999996], [-72.875461, 42.52589700000001], [-72.87032, 42.52515], [-72.875155, 42.507249], [-72.871136, 42.484041], [-72.855633, 42.48092000000001], [-72.847905, 42.43649], [-72.90458, 42.430385], [-72.885635, 42.340035999999984], [-72.854244, 42.343405000000004], [-72.85364, 42.342535], [-72.852001, 42.34217600000001], [-72.84884600000001, 42.34251800000001], [-72.847496, 42.342311], [-72.847088, 42.341845000000006], [-72.846673, 42.340597], [-72.846437, 42.340467000000004], [-72.846128, 42.34072199999999], [-72.844985, 42.34340799999999], [-72.843723, 42.344653], [-72.840376, 42.345076999999996], [-72.840032, 42.34464199999999], [-72.839842, 42.34336299999999], [-72.839222, 42.34294500000001], [-72.837686, 42.34275399999998], [-72.835737, 42.34325400000001], [-72.833483, 42.341748], [-72.830911, 42.342278], [-72.828722, 42.34223600000001], [-72.827246, 42.342506], [-72.826388, 42.34236299999999], [-72.825838, 42.34194000000001], [-72.826184, 42.341149000000016], [-72.824724, 42.340447000000005], [-72.823956, 42.339428], [-72.823175, 42.339102999999994], [-72.822012, 42.33936199999999], [-72.821122, 42.33862999999999], [-72.81440500000001, 42.25681900000002], [-72.735758, 42.266518], [-72.736726, 42.284241], [-72.672091, 42.29188700000002], [-72.672169, 42.290962000000015], [-72.672035, 42.290192999999995], [-72.660216, 42.28925399999998], [-72.660468, 42.288695999999995], [-72.648766, 42.291824000000005], [-72.646138, 42.290468], [-72.643832, 42.28851900000001], [-72.64208, 42.288174000000005], [-72.640677, 42.284137000000015], [-72.637441, 42.287406], [-72.636196, 42.286113], [-72.634849, 42.28538800000001], [-72.633669, 42.285122], [-72.630232, 42.28492899999999], [-72.629022, 42.28526699999998], [-72.627927, 42.28592299999999], [-72.627382, 42.286492], [-72.624521, 42.28814800000001], [-72.622198, 42.289012], [-72.621085, 42.28962], [-72.619303, 42.290067], [-72.614701, 42.29019900000001], [-72.614921, 42.288658000000005], [-72.614449, 42.287506999999984], [-72.613641, 42.286628000000015], [-72.612978, 42.286073999999985], [-72.612007, 42.285573], [-72.609948, 42.285224], [-72.602124, 42.288045], [-72.595326, 42.294431000000024], [-72.587961, 42.300358], [-72.577285, 42.302981], [-72.569306, 42.30448900000001], [-72.564951, 42.30383299999999], [-72.544658, 42.30568300000001], [-72.539903, 42.304127], [-72.535151, 42.30425199999999], [-72.531212, 42.303624], [-72.527961, 42.30145799999999], [-72.526843, 42.301903000000024], [-72.524673, 42.303155], [-72.521421, 42.302182], [-72.510191, 42.305569], [-72.506665, 42.306388000000005], [-72.504151, 42.30547100000002], [-72.500745, 42.305166], [-72.499117, 42.306263], [-72.498034, 42.30511899999998], [-72.493586, 42.302268], [-72.490609, 42.30363200000001], [-72.487764, 42.304708000000005], [-72.4831, 42.30531900000001], [-72.479694, 42.306902000000015], [-72.464195, 42.308053], [-72.472287, 42.35145800000001], [-72.409417, 42.358762], [-72.405455, 42.336437], [-72.39347, 42.338168999999986], [-72.393708, 42.339296], [-72.380368, 42.340613999999995], [-72.355396, 42.34067800000002], [-72.355045, 42.340379], [-72.354972, 42.339911], [-72.354767, 42.33980799999999], [-72.353988, 42.340068000000024], [-72.354157, 42.33922400000001], [-72.353935, 42.339093], [-72.353455, 42.33913900000001], [-72.353401, 42.33891], [-72.353648, 42.338727], [-72.353663, 42.33851600000001], [-72.352884, 42.33817400000001], [-72.352948, 42.337877], [-72.3535, 42.337585], [-72.352666, 42.337157000000005], [-72.353183, 42.33697300000001], [-72.352927, 42.336276999999995], [-72.352332, 42.33583400000001], [-72.352272, 42.336176000000016], [-72.352087, 42.336284], [-72.351555, 42.33574900000001], [-72.351778, 42.33567900000001], [-72.351638, 42.335417], [-72.351174, 42.335335999999984], [-72.351045, 42.335165999999994], [-72.350975, 42.33471500000001], [-72.35156800000001, 42.33419399999999], [-72.35099, 42.33364099999999], [-72.351491, 42.333628000000004], [-72.35169900000001, 42.3332], [-72.351946, 42.33337699999999], [-72.352201, 42.333325], [-72.35204, 42.33294800000001], [-72.352524, 42.332438], [-72.352763, 42.331815], [-72.352532, 42.331134999999996], [-72.351961, 42.33080300000001], [-72.351128, 42.329563], [-72.351899, 42.32978499999999], [-72.352128, 42.329425], [-72.352487, 42.32965500000001], [-72.352901, 42.329092999999986], [-72.352233, 42.328725], [-72.353594, 42.327692000000006], [-72.352669, 42.327425], [-72.352329, 42.32653999999999], [-72.352945, 42.326298], [-72.352435, 42.32575700000002], [-72.351842, 42.325694000000006], [-72.35188, 42.325341], [-72.351255, 42.32506099999999], [-72.351178, 42.324884000000004], [-72.352101, 42.324743], [-72.352827, 42.32426], [-72.353598, 42.32430599999999], [-72.354273, 42.323856000000006], [-72.354302, 42.32368299999998], [-72.353586, 42.32319499999999], [-72.353658, 42.32273499999998], [-72.353527, 42.322347], [-72.353997, 42.322152], [-72.353342, 42.321828], [-72.353317, 42.32157200000001], [-72.353002, 42.321252], [-72.353741, 42.32069000000001], [-72.354419, 42.31963899999999], [-72.355105, 42.31954700000001], [-72.355204, 42.31933100000001], [-72.355266, 42.31911199999999], [-72.355097, 42.31899800000001], [-72.354873, 42.31912400000001], [-72.35458, 42.319055999999996], [-72.35455700000001, 42.31887799999998], [-72.355227, 42.318197999999995], [-72.354917, 42.31801800000001], [-72.354695, 42.317484], [-72.35521, 42.316527999999984], [-72.354556, 42.316049000000014], [-72.354527, 42.315837], [-72.35494, 42.31489300000001], [-72.356157, 42.314373999999994], [-72.356096, 42.31351400000002], [-72.356928, 42.31303299999999], [-72.35699, 42.312856], [-72.35645, 42.312439000000005], [-72.35645, 42.31216400000001], [-72.356946, 42.311347], [-72.35689, 42.311207], [-72.356326, 42.31123800000001], [-72.35638, 42.311009000000006], [-72.356935, 42.310946000000015], [-72.357328, 42.310389999999984], [-72.358275, 42.31034900000001], [-72.358599, 42.30988500000001], [-72.359013, 42.309849], [-72.358884, 42.309239], [-72.358655, 42.30902300000002], [-72.358895, 42.308697999999985], [-72.360478, 42.30869999999999], [-72.360594, 42.308414], [-72.36010100000001, 42.307837000000006], [-72.360632, 42.307654], [-72.359923, 42.30733400000001], [-72.359098, 42.30666100000001], [-72.358797, 42.305747], [-72.358558, 42.305638999999985], [-72.357864, 42.30579299999999], [-72.357678, 42.305188], [-72.357215, 42.304903], [-72.357277, 42.30448000000001], [-72.356845, 42.303669000000006], [-72.356374, 42.303326], [-72.356018, 42.30328300000001], [-72.355189, 42.30463200000001], [-72.35421, 42.305684000000014], [-72.3522, 42.30642300000001], [-72.351891, 42.306412000000016], [-72.3516, 42.30591499999999], [-72.351689, 42.30426200000001], [-72.351558, 42.304041], [-72.350996, 42.30391], [-72.349894, 42.30451600000001], [-72.349555, 42.30514599999999], [-72.349517, 42.305552000000006], [-72.349556, 42.306031], [-72.34996500000001, 42.30676799999999], [-72.350659, 42.30739], [-72.350959, 42.307475999999994], [-72.351992, 42.307166], [-72.35277800000001, 42.307451000000015], [-72.352771, 42.30768], [-72.352278, 42.30793800000001], [-72.349889, 42.308042999999984], [-72.349596, 42.30844300000001], [-72.349557, 42.308643], [-72.349794, 42.30879299999999], [-72.350391, 42.308772999999995], [-72.350937, 42.30907100000002], [-72.351459, 42.30999299999999], [-72.351169, 42.31034000000001], [-72.350159, 42.310312], [-72.34918, 42.309405000000005], [-72.348656, 42.30917600000003], [-72.346259, 42.30977399999999], [-72.345889, 42.309969], [-72.344895, 42.31105099999999], [-72.343597, 42.31188699999999], [-72.342584, 42.313942999999995], [-72.342287, 42.314242], [-72.341559, 42.31443600000001], [-72.338244, 42.31444599999999], [-72.336364, 42.315009], [-72.335246, 42.315142], [-72.334914, 42.31554200000001], [-72.335045, 42.31602199999998], [-72.334699, 42.31670299999998], [-72.334715, 42.317618], [-72.333073, 42.319122], [-72.331377, 42.319604], [-72.329489, 42.319755], [-72.329118, 42.319686999999995], [-72.328834, 42.31942000000001], [-72.328863, 42.318645], [-72.328333, 42.31855800000001], [-72.328117, 42.318745999999976], [-72.327546, 42.31954], [-72.327211, 42.320917000000016], [-72.3274, 42.323477], [-72.328219, 42.325248], [-72.32818, 42.326058999999994], [-72.32761, 42.32675699999999], [-72.326762, 42.326814], [-72.326538, 42.326449], [-72.32643, 42.325449], [-72.326214, 42.325158], [-72.3252, 42.32555800000001], [-72.324535, 42.326297], [-72.324673, 42.326765999999985], [-72.326007, 42.327946999999995], [-72.326085, 42.32824399999999], [-72.325334, 42.33006599999998], [-72.324865, 42.330819999999996], [-72.324559, 42.33095300000001], [-72.323064, 42.330943000000005], [-72.322584, 42.331168999999996], [-72.322386, 42.332283999999994], [-72.322563, 42.33263300000001], [-72.323075, 42.33297700000001], [-72.32318, 42.333278], [-72.322861, 42.33416], [-72.321878, 42.335249000000005], [-72.320336, 42.33646], [-72.317631, 42.33962600000001], [-72.316621, 42.33978700000002], [-72.315464, 42.33935999999999], [-72.314933, 42.33954299999998], [-72.314606, 42.340934], [-72.314893, 42.34216400000001], [-72.314778, 42.34349600000001], [-72.31396, 42.343702], [-72.313382, 42.34301199999999], [-72.312784, 42.343048999999986], [-72.312176, 42.342802000000006], [-72.31149300000001, 42.34316799999999], [-72.310797, 42.34311700000001], [-72.310151, 42.343729], [-72.309763, 42.343638], [-72.309409, 42.34376100000001], [-72.30949900000002, 42.344226000000006], [-72.309331, 42.344549], [-72.308788, 42.344891], [-72.308354, 42.344634000000006], [-72.308859, 42.34436100000001], [-72.308803, 42.34410199999999], [-72.30802300000002, 42.344297000000005], [-72.306804, 42.344282], [-72.306411, 42.344619], [-72.306537, 42.344812000000005], [-72.30711200000002, 42.345035], [-72.306241, 42.34557399999999], [-72.30646500000002, 42.345950999999985], [-72.306382, 42.346053], [-72.305724, 42.346089], [-72.30473, 42.345821000000015], [-72.30483, 42.34565400000002], [-72.305331, 42.34552299999999], [-72.3053, 42.34530600000001], [-72.304652, 42.345307], [-72.303753, 42.345757], [-72.302925, 42.34667999999999], [-72.301737, 42.347469], [-72.301397, 42.348229], [-72.301127, 42.348434999999995], [-72.298744, 42.349322000000015], [-72.297904, 42.34914500000001], [-72.296709, 42.34936900000001], [-72.295389, 42.35056899999999], [-72.292677, 42.351287], [-72.291981, 42.35182699999999], [-72.291333, 42.35173600000001], [-72.291264, 42.351119], [-72.291001, 42.35103299999999], [-72.290716, 42.35104999999998], [-72.290384, 42.351319000000025], [-72.290288, 42.351645], [-72.290516, 42.352012000000016], [-72.290288, 42.35210900000001], [-72.289166, 42.351913], [-72.288559, 42.35207799999999], [-72.284231, 42.35200999999999], [-72.281382, 42.336127000000005], [-72.278491, 42.336465000000004], [-72.277079, 42.329404999999994], [-72.280003, 42.329091], [-72.274639, 42.301963000000015], [-72.261922, 42.30525799999999], [-72.261545, 42.303331000000014], [-72.210795, 42.31137999999999], [-72.211378, 42.311022000000015], [-72.212144, 42.310218], [-72.212854, 42.307737], [-72.212611, 42.306635], [-72.213067, 42.30380899999998], [-72.212297, 42.302816], [-72.212228, 42.302565], [-72.212421, 42.30198199999999], [-72.212775, 42.30151400000001], [-72.21340100000002, 42.30106800000001], [-72.21556, 42.300097000000015], [-72.216305, 42.299134999999985], [-72.216461, 42.297253000000005], [-72.216778, 42.296195000000004], [-72.216499, 42.29532600000001], [-72.216745, 42.294056000000005], [-72.213973, 42.294257000000016], [-72.205391, 42.305869], [-72.20499, 42.30623700000002], [-72.207183, 42.311522000000004], [-72.205328, 42.31135999999999], [-72.203669, 42.310792000000006], [-72.202672, 42.31120399999999], [-72.199716, 42.311375000000005], [-72.197933, 42.310746], [-72.197423, 42.310700999999995], [-72.194626, 42.30948800000001], [-72.193645, 42.308955], [-72.193366, 42.308527], [-72.193453, 42.308009999999996], [-72.194185, 42.30685299999999], [-72.194226, 42.306121000000005], [-72.193912, 42.30570899999999], [-72.19305, 42.30511099999999], [-72.192231, 42.304874999999996], [-72.190678, 42.304599], [-72.187294, 42.30471100000002], [-72.18396, 42.30642000000001], [-72.183785, 42.306747000000016], [-72.184147, 42.30715900000001], [-72.185829, 42.308000999999976], [-72.18509, 42.30821], [-72.184758, 42.30859], [-72.184782, 42.30884700000001], [-72.185423, 42.309711], [-72.185221, 42.31035199999999], [-72.183032, 42.312766], [-72.181906, 42.31333899999999], [-72.180856, 42.313398], [-72.179878, 42.313934], [-72.179336, 42.314621], [-72.178891, 42.31603], [-72.178346, 42.31623900000002], [-72.177555, 42.316230999999995], [-72.176979, 42.31656400000001], [-72.17682, 42.31693100000001], [-72.177074, 42.31808899999999], [-72.176904, 42.319194], [-72.175676, 42.32036300000001], [-72.175174, 42.320547000000005], [-72.172109, 42.322744000000014], [-72.172065, 42.32316199999999], [-72.172486, 42.32356200000001], [-72.172677, 42.324160000000006], [-72.172689, 42.325260999999976], [-72.172434, 42.325806], [-72.171281, 42.326363], [-72.170897, 42.327411000000005], [-72.17057, 42.327814999999994], [-72.169449, 42.328726], [-72.168327, 42.32936700000002], [-72.167533, 42.331093], [-72.166279, 42.33146000000001], [-72.165241, 42.33211899999999], [-72.163933, 42.33244400000001], [-72.163691, 42.332643000000004], [-72.163649, 42.33330199999999], [-72.162393, 42.33389200000001], [-72.162696, 42.334368999999995], [-72.16338, 42.334514000000006], [-72.163738, 42.33489200000001], [-72.163895, 42.335468], [-72.163627, 42.336361], [-72.163193, 42.33678700000002], [-72.162077, 42.33697699999998], [-72.160673, 42.33768400000001], [-72.159608, 42.33857600000001], [-72.159293, 42.339518], [-72.159621, 42.340823], [-72.159488, 42.341624], [-72.158655, 42.342320000000015], [-72.15851200000002, 42.34312500000001], [-72.157487, 42.343553], [-72.156458, 42.34363100000001], [-72.1556, 42.34348800000001], [-72.154622, 42.343729999999994], [-72.153522, 42.34508499999999], [-72.152294, 42.34550500000001], [-72.149556, 42.345287000000006], [-72.146849, 42.345672000000015], [-72.144138, 42.34408999999999], [-72.14265800000001, 42.34445299999999], [-72.141425, 42.34425499999999], [-72.140395, 42.344687], [-72.13992700000001, 42.345082999999995], [-72.139817, 42.34546000000001], [-72.139913, 42.34644299999999], [-72.14042, 42.347923], [-72.140315, 42.34823300000001], [-72.140057, 42.34843600000001], [-72.139216, 42.348524], [-72.137178, 42.348001999999994], [-72.136388, 42.348709000000014], [-72.136282, 42.35004700000001], [-72.136964, 42.351358000000005], [-72.136986, 42.353118000000016], [-72.136692, 42.35382900000001], [-72.13558, 42.354787999999985], [-72.135113, 42.356682], [-72.13467, 42.35739599999997], [-72.133476, 42.358411000000004], [-72.132074, 42.358932], [-72.130422, 42.358783], [-72.127923, 42.359275000000004], [-72.126627, 42.359750000000005], [-72.123994, 42.361639999999994], [-72.123912, 42.362146], [-72.1243, 42.36276500000001], [-72.124407, 42.363347], [-72.123667, 42.36392999999999], [-72.041168, 42.30869700000001], [-71.989406, 42.31018799999999], [-71.967291, 42.310682000000014], [-71.939356, 42.189237999999996], [-71.895135, 42.192425], [-71.875802, 42.170120000000004], [-71.858096, 42.160706000000005], [-71.834924, 42.159829000000016], [-71.831504, 42.16425300000001], [-71.825959, 42.165820000000004], [-71.825488, 42.15992000000001], [-71.834485, 42.157257], [-71.834105, 42.154989999999984], [-71.83048, 42.156082], [-71.824853, 42.15533200000002], [-71.829591, 42.14486], [-71.831942, 42.14377500000001], [-71.82953, 42.129390999999984], [-71.817956, 42.13326399999999], [-71.797177, 42.09917200000001], [-71.809217, 42.09536299999999], [-71.811328, 42.098870999999995], [-71.881509, 42.075893000000015], [-71.879083, 42.06817600000001], [-71.878978, 42.06775800000002], [-71.879098, 42.06695], [-71.878827, 42.066158], [-71.879609, 42.06389499999999], [-71.881771, 42.06289000000001], [-71.882104, 42.06242], [-71.882132, 42.061835999999985], [-71.88158, 42.06026900000001], [-71.881616, 42.060041], [-71.88224100000001, 42.059348], [-71.88232500000001, 42.058768000000015], [-71.882117, 42.058562000000016], [-71.880766, 42.058383000000006], [-71.879928, 42.05783399999999], [-71.879883, 42.057527000000015], [-71.880387, 42.055507], [-71.878408, 42.05525], [-71.878334, 42.056202000000006], [-71.877523, 42.056346999999995], [-71.876719, 42.05483000000001], [-71.874371, 42.055693], [-71.873105, 42.05097499999999], [-71.868863, 42.051593], [-71.868945, 42.050177999999995], [-71.86616, 42.050356999999984], [-71.866173, 42.049808000000006], [-71.867143, 42.0498], [-71.867192, 42.048356], [-71.867865, 42.047392000000016], [-71.863985, 42.045819000000016], [-71.863153, 42.045707], [-71.86146, 42.04599199999998], [-71.859499, 42.041309000000005], [-71.859199, 42.040098], [-71.859158, 42.038963], [-71.85816, 42.038025], [-71.857163, 42.036750000000005], [-71.855877, 42.03392600000003], [-71.854925, 42.032886], [-71.853289, 42.03149100000001], [-71.851912, 42.029689999999995], [-71.846917, 42.02542400000001], [-71.845712, 42.023994], [-71.903251, 42.02458400000001], [-71.98768, 42.026884], [-72.071826, 42.027637], [-72.143151, 42.030522000000005], [-72.338809, 42.03215999999999], [-72.353705, 42.03255800000001], [-72.391818, 42.03295200000002], [-72.460119, 42.034357], [-72.492236, 42.034214000000006], [-72.531549, 42.034577999999996], [-72.572778, 42.030218999999995], [-72.582163, 42.02474100000001], [-72.607169, 42.02514800000001], [-72.607978, 42.031083], [-72.611739, 42.03106799999999], [-72.640191, 42.03204800000002], [-72.673032, 42.035195], [-72.69933, 42.036957], [-72.714561, 42.03691100000001], [-72.714558, 42.03655299999999], [-72.755894, 42.03634899999998], [-72.756046, 42.034943], [-72.756802, 42.03438599999999], [-72.75690600000001, 42.033799], [-72.75730100000001, 42.033381000000006], [-72.754641, 42.03259500000001], [-72.752553, 42.031249], [-72.751944, 42.03013000000001], [-72.752062, 42.02902499999999], [-72.75296700000001, 42.027815], [-72.753842, 42.027258], [-72.753908, 42.02674600000002], [-72.754536, 42.02576], [-72.75578000000002, 42.024732], [-72.756086, 42.02382699999999], [-72.756652, 42.022926], [-72.756591, 42.02187800000002], [-72.757341, 42.020979], [-72.75836, 42.020829], [-72.759232, 42.021077999999996], [-72.759232, 42.021754], [-72.759434, 42.02216300000001], [-72.760567, 42.02265], [-72.761411, 42.022713], [-72.761886, 42.02216800000001], [-72.763487, 42.02118399999999], [-72.763812, 42.02124500000001], [-72.763789, 42.02163300000002], [-72.763952, 42.02191800000001], [-72.76486, 42.02220100000001], [-72.765012, 42.02242700000001], [-72.765252, 42.022366000000005], [-72.765303, 42.021892], [-72.764587, 42.021513999999996], [-72.764477, 42.020873000000016], [-72.765369, 42.02034499999999], [-72.765806, 42.01956800000002], [-72.76556, 42.019448999999994], [-72.765141, 42.01980199999999], [-72.764629, 42.01995300000001], [-72.762947, 42.01968299999999], [-72.762453, 42.01822199999999], [-72.762018, 42.017696], [-72.760735, 42.01709999999999], [-72.760068, 42.017314999999996], [-72.759826, 42.01694400000001], [-72.759999, 42.016355999999995], [-72.759402, 42.01624200000001], [-72.759103, 42.015497], [-72.75895, 42.01546900000001], [-72.759696, 42.01511000000002], [-72.760624, 42.01569], [-72.761004, 42.01470400000002], [-72.762977, 42.01346600000001], [-72.763066, 42.011983000000015], [-72.762543, 42.011458], [-72.761918, 42.01015100000001], [-72.761392, 42.00987599999999], [-72.761501, 42.009302], [-72.76297600000001, 42.008545000000005], [-72.76487400000002, 42.008371000000004], [-72.766253, 42.00787100000001], [-72.766733, 42.00326600000002], [-72.817053, 41.997685], [-72.813784, 42.03674399999999], [-72.86364, 42.037528000000016], [-72.872302, 42.037487], [-72.873327, 42.03767599999999], [-72.979038, 42.03823700000001], [-73.036802, 42.03929399999999], [-73.129412, 42.04221199999999], [-73.233362, 42.045055], [-73.340723, 42.048365000000004], [-73.428515, 42.05047600000001], [-73.436758, 42.05051100000001], [-73.487319, 42.049525], [-73.497018, 42.049624], [-73.50821, 42.08613400000002]]]}}, {"type": "Feature", "properties": {"district_name": "2nd Congressional District", "chamber": "us-house", "vintage": "2022-present", "url": "/district/us-house-2nd-congressional-district-2022-present/", "latest_year": 2024, "years": [{"year": 2024, "lean_dem_share": 0.6207, "competitiveness": "Safe", "competitiveness_label": "Safe D", "party_favored": "Democratic", "is_uncontested": true, "turnout_ratio": 0.6697, "winner_name": "James P. McGovern", "winner_party": "Democratic", "winner_war": null, "winner_lean_component": 0.3934, "winner_tide_component": 0.0405, "winner_incumbency_adjustment": 0.035, "winner_demographics_component": null, "winner_fundraising_component": null}, {"year": 2022, "lean_dem_share": 0.6385, "competitiveness": "Safe", "competitiveness_label": "Safe D", "party_favored": "Democratic", "is_uncontested": false, "turnout_ratio": 0.9968, "winner_name": "James P. McGovern", "winner_party": "Democratic", "winner_war": -0.0289, "winner_lean_component": 0.3934, "winner_tide_component": 0.0418, "winner_incumbency_adjustment": 0.0, "winner_demographics_component": null, "winner_fundraising_component": null}], "lean_dem_share": 0.6207, "competitiveness": "Safe", "competitiveness_label": "Safe D", "party_favored": "Democratic", "is_uncontested": true, "turnout_ratio": 0.6697, "winner_name": "James P. McGovern", "winner_party": "Democratic", "winner_war": null, "winner_lean_component": 0.3934, "winner_tide_component": 0.0405, "winner_incumbency_adjustment": 0.035, "winner_demographics_component": null, "winner_fundraising_component": null}, "geometry": {"type": "Polygon", "coordinates": [[[-72.90458, 42.430385], [-72.847905, 42.43649], [-72.855633, 42.48092000000001], [-72.871136, 42.484041], [-72.875155, 42.507249], [-72.87032, 42.52515], [-72.875461, 42.52589700000001], [-72.876658, 42.531732999999996], [-72.877026, 42.555425], [-72.848454, 42.559069], [-72.831748, 42.616626999999994], [-72.823661, 42.618624999999994], [-72.82248, 42.61879799999999], [-72.820266, 42.618424], [-72.816958, 42.617141], [-72.81565, 42.61680700000001], [-72.813681, 42.616669], [-72.809896, 42.616974], [-72.80311, 42.616625], [-72.797902, 42.617608], [-72.790831, 42.61967700000001], [-72.785293, 42.621014], [-72.783541, 42.62129600000001], [-72.778354, 42.621057000000015], [-72.772842, 42.620135], [-72.764282, 42.61942800000001], [-72.76198, 42.619767], [-72.759229, 42.61987400000001], [-72.75535, 42.620827], [-72.754099, 42.62097899999999], [-72.753537, 42.62085600000001], [-72.75218, 42.620059000000005], [-72.750142, 42.61823200000001], [-72.749595, 42.61805], [-72.748384, 42.618038000000006], [-72.74642800000001, 42.618852999999994], [-72.74528, 42.61967099999999], [-72.745582, 42.621503999999995], [-72.746593, 42.6223], [-72.746995, 42.62293900000001], [-72.746984, 42.62375599999999], [-72.746721, 42.624171], [-72.745912, 42.624781999999996], [-72.744536, 42.626399999999975], [-72.743953, 42.62681700000001], [-72.743095, 42.62711500000001], [-72.741553, 42.62730100000002], [-72.738969, 42.627272000000005], [-72.736889, 42.62702100000003], [-72.737015, 42.629043999999986], [-72.736186, 42.631745], [-72.735963, 42.632196], [-72.735114, 42.633108], [-72.76609200000001, 42.62926], [-72.772647, 42.658334], [-72.821506, 42.63687699999999], [-72.835707, 42.635070000000006], [-72.836201, 42.637789], [-72.842793, 42.63809799999999], [-72.842273, 42.64661400000001], [-72.851206, 42.64714500000001], [-72.854215, 42.66465199999997], [-72.855425, 42.66461499999998], [-72.857687, 42.67408999999999], [-72.859584, 42.68308699999999], [-72.854034, 42.68320700000001], [-72.864319, 42.73783800000001], [-72.809113, 42.736581000000015], [-72.721319, 42.734099], [-72.624535, 42.731634000000014], [-72.616493, 42.731289], [-72.598638, 42.73092399999999], [-72.458412, 42.726932999999995], [-72.41434300000002, 42.725377], [-72.345784, 42.72336300000001], [-72.302737, 42.722272000000004], [-72.250963, 42.720685], [-72.111059, 42.717206000000004], [-72.116631, 42.62660699999999], [-72.075749, 42.625235], [-72.035983, 42.593857], [-72.041811, 42.591978], [-72.041883, 42.59031699999999], [-72.042209, 42.589363999999996], [-72.040869, 42.58822499999999], [-72.039717, 42.587697], [-72.039444, 42.586849000000015], [-72.038802, 42.586481000000006], [-72.038829, 42.586220000000004], [-72.039315, 42.585564], [-72.041609, 42.584776], [-72.042293, 42.583909], [-72.042237, 42.58362499999999], [-72.041626, 42.583245], [-72.041514, 42.582894], [-72.042038, 42.582137], [-72.041546, 42.58086799999999], [-72.042183, 42.58030199999999], [-72.042024, 42.579794], [-72.041019, 42.57931399999999], [-72.040386, 42.57861400000001], [-72.039315, 42.578655], [-72.038852, 42.57847599999999], [-72.038263, 42.578639], [-72.037849, 42.578408], [-72.037492, 42.578097000000014], [-72.03751, 42.57786499999999], [-72.038217, 42.57733000000001], [-72.038207, 42.57715700000001], [-72.037997, 42.577070000000006], [-72.037054, 42.57740900000001], [-72.036323, 42.57819700000001], [-72.035723, 42.579038], [-72.035686, 42.57990999999999], [-72.035494, 42.580104], [-72.034599, 42.579992], [-72.032829, 42.578765999999995], [-72.031729, 42.57833599999999], [-72.032207, 42.577250000000014], [-72.032432, 42.576937], [-72.032792, 42.57681399999999], [-72.032926, 42.576324], [-72.032431, 42.575883], [-72.031114, 42.575948000000004], [-72.03135700000001, 42.57443599999999], [-72.031218, 42.574211000000005], [-72.03072, 42.57399099999999], [-72.029459, 42.574255], [-72.028502, 42.573904], [-72.027441, 42.573930000000004], [-72.026975, 42.573366], [-72.026699, 42.57326600000002], [-72.023419, 42.573673], [-72.023074, 42.574409999999986], [-72.020021, 42.57549999999999], [-72.019595, 42.57591299999999], [-72.019493, 42.576654], [-72.019366, 42.576706], [-72.018607, 42.576699999999995], [-72.017889, 42.57646499999999], [-72.017029, 42.575535000000016], [-72.01687, 42.57439999999998], [-72.016328, 42.574213], [-72.015999, 42.573655], [-72.016633, 42.57305699999999], [-72.017049, 42.572263], [-72.019242, 42.571222], [-72.019495, 42.57101], [-72.019454, 42.570778], [-72.018782, 42.570338], [-72.016577, 42.569883000000004], [-72.014999, 42.567943000000014], [-72.02701, 42.563240999999984], [-72.001447, 42.54665799999999], [-71.979686, 42.53231000000001], [-71.949793, 42.51188600000002], [-71.949603, 42.513122], [-71.949882, 42.513686], [-71.949778, 42.51408000000001], [-71.950128, 42.51594799999998], [-71.950913, 42.516807], [-71.951072, 42.517633], [-71.951318, 42.517904], [-71.951093, 42.51836], [-71.95017, 42.519144000000004], [-71.950235, 42.519707000000004], [-71.949875, 42.52055700000001], [-71.950129, 42.521885], [-71.949362, 42.523369], [-71.949314, 42.524045], [-71.94847, 42.524485000000006], [-71.945598, 42.525122], [-71.942943, 42.525342], [-71.940649, 42.52617900000001], [-71.937774, 42.526555], [-71.936505, 42.52665100000001], [-71.932808, 42.52636400000002], [-71.929694, 42.52894799999999], [-71.929081, 42.52505200000002], [-71.927179, 42.523488000000015], [-71.926256, 42.52320600000001], [-71.925279, 42.52440500000001], [-71.921756, 42.52802000000001], [-71.920466, 42.529876], [-71.92053, 42.52835], [-71.918559, 42.525772], [-71.916429, 42.524303], [-71.91431, 42.52328199999997], [-71.913481, 42.52379199999999], [-71.911638, 42.524342999999995], [-71.908493, 42.526557], [-71.907369, 42.52853900000001], [-71.906503, 42.52923099999998], [-71.905082, 42.531265000000005], [-71.904618, 42.533796], [-71.903796, 42.534684999999996], [-71.902439, 42.535679], [-71.902143, 42.53492200000001], [-71.900833, 42.53368799999999], [-71.898665, 42.532959], [-71.897248, 42.531929999999996], [-71.896422, 42.53175199999999], [-71.895599, 42.530162000000004], [-71.893621, 42.527642000000014], [-71.892932, 42.526251], [-71.892049, 42.522785999999996], [-71.892055, 42.521317], [-71.891834, 42.519978], [-71.890795, 42.517976], [-71.890166, 42.517720000000004], [-71.886937, 42.517309], [-71.88323600000001, 42.515357], [-71.880781, 42.51484900000001], [-71.88015, 42.51458199999999], [-71.878465, 42.51354899999998], [-71.87762, 42.51284100000001], [-71.877329, 42.512498000000015], [-71.876761, 42.51108200000001], [-71.874865, 42.509519999999995], [-71.864531, 42.51693300000001], [-71.86104, 42.51637400000001], [-71.856837, 42.51908299999999], [-71.849404, 42.517903000000004], [-71.84737, 42.514704999999985], [-71.844954, 42.51443900000001], [-71.842004, 42.514679000000015], [-71.837123, 42.548551], [-71.832831, 42.54900200000001], [-71.83088, 42.54901800000001], [-71.829067, 42.548641999999994], [-71.822928, 42.546794], [-71.821281, 42.546539], [-71.819247, 42.54659899999999], [-71.814214, 42.54725300000001], [-71.8079, 42.54716400000001], [-71.806546, 42.54747200000001], [-71.804663, 42.548261999999994], [-71.803752, 42.548897], [-71.800126, 42.552110000000006], [-71.798699, 42.552594000000006], [-71.797118, 42.552551000000015], [-71.78937, 42.550931], [-71.786023, 42.551047000000004], [-71.771342, 42.559248], [-71.76918, 42.558142000000004], [-71.764287, 42.55505600000001], [-71.761588, 42.55190399999999], [-71.761951, 42.549808000000006], [-71.760362, 42.54762200000001], [-71.757766, 42.548567999999996], [-71.754166, 42.54605199999999], [-71.749679, 42.54520199999998], [-71.749149, 42.54905000000001], [-71.749869, 42.54975900000001], [-71.747769, 42.549935], [-71.75045, 42.553461999999996], [-71.754096, 42.559456], [-71.755875, 42.56117000000001], [-71.757247, 42.562068], [-71.76295, 42.56392400000001], [-71.745072, 42.573859999999996], [-71.720417, 42.55232900000001], [-71.711231, 42.535354000000005], [-71.702236, 42.53389499999997], [-71.712384, 42.52132899999999], [-71.71674, 42.518971], [-71.728385, 42.475128000000005], [-71.718699, 42.473373999999986], [-71.718362, 42.410219999999995], [-71.721578, 42.409239000000014], [-71.725979, 42.39028900000002], [-71.701017, 42.39580800000002], [-71.67055100000002, 42.38666500000001], [-71.677794, 42.365154000000025], [-71.63394200000002, 42.35839800000001], [-71.624702, 42.35046500000001], [-71.625825, 42.34972399999999], [-71.620658, 42.345248999999995], [-71.619131, 42.343348999999996], [-71.61755, 42.341967999999994], [-71.616047, 42.341463999999995], [-71.611529, 42.338993], [-71.604663, 42.336746000000005], [-71.604099, 42.336769000000004], [-71.603591, 42.33167600000001], [-71.605266, 42.33016], [-71.60371, 42.328548000000005], [-71.601885, 42.32697099999999], [-71.597363, 42.321016000000014], [-71.592502, 42.317901], [-71.58521, 42.31095199999999], [-71.569085, 42.32037299999999], [-71.551126, 42.326395000000005], [-71.516527, 42.33033600000001], [-71.50821600000002, 42.327928], [-71.486797, 42.33018899999999], [-71.485109, 42.323164], [-71.485948, 42.31122800000001], [-71.497046, 42.289829000000005], [-71.460756, 42.279063], [-71.419298, 42.25728099999999], [-71.418303, 42.246504], [-71.420075, 42.23812300000001], [-71.4188, 42.238198000000004], [-71.417259, 42.23788799999998], [-71.416491, 42.23667799999999], [-71.414973, 42.235449000000024], [-71.413675, 42.23488900000001], [-71.413362, 42.234556999999995], [-71.41321, 42.233583], [-71.41339, 42.23256499999999], [-71.413044, 42.23215], [-71.412664, 42.23101400000001], [-71.413045, 42.229639000000006], [-71.412801, 42.229355], [-71.412538, 42.228171], [-71.412109, 42.227651000000016], [-71.411482, 42.227411999999994], [-71.411305, 42.22706500000001], [-71.410407, 42.226572000000004], [-71.410074, 42.226558], [-71.409605, 42.22593700000001], [-71.409586, 42.22560099999999], [-71.409323, 42.225342], [-71.409298, 42.224888000000014], [-71.409049, 42.224575], [-71.409088, 42.224340999999995], [-71.40968, 42.22401399999999], [-71.408953, 42.22295899999999], [-71.408966, 42.222387999999995], [-71.408758, 42.22219800000002], [-71.408615, 42.22111400000001], [-71.408829, 42.221092000000006], [-71.409118, 42.220425999999996], [-71.41009100000001, 42.219816], [-71.409893, 42.219198999999996], [-71.410022, 42.21874900000003], [-71.408256, 42.218444999999996], [-71.407961, 42.217656], [-71.407331, 42.218164], [-71.401953, 42.21542], [-71.403709, 42.214861000000006], [-71.403582, 42.21428699999999], [-71.402468, 42.213577], [-71.402227, 42.213131], [-71.402035, 42.213198999999996], [-71.40118, 42.212927000000015], [-71.40058, 42.212422999999994], [-71.400191, 42.211791000000005], [-71.399672, 42.211725], [-71.398603, 42.21120699999998], [-71.397529, 42.210302000000006], [-71.397333, 42.209842], [-71.397358, 42.209199000000005], [-71.39719, 42.20905900000001], [-71.397311, 42.20874299999999], [-71.397027, 42.20856799999999], [-71.397056, 42.20815100000001], [-71.397341, 42.207889], [-71.393923, 42.207089], [-71.391706, 42.20974200000001], [-71.388489, 42.20800499999999], [-71.388206, 42.20430300000001], [-71.380182, 42.201758999999996], [-71.384765, 42.19201399999999], [-71.404427, 42.18843300000001], [-71.40229500000001, 42.17879400000002], [-71.380366, 42.14316699999999], [-71.3793, 42.141639999999995], [-71.375618, 42.13545399999999], [-71.37679, 42.13561], [-71.378109, 42.13539200000001], [-71.378944, 42.135834], [-71.379584, 42.13576], [-71.379931, 42.135374000000006], [-71.380044, 42.134592], [-71.37939, 42.13385500000001], [-71.379218, 42.13344099999998], [-71.379326, 42.13324499999999], [-71.379911, 42.13297200000001], [-71.380188, 42.132925], [-71.380591, 42.13314299999998], [-71.381101, 42.13286600000002], [-71.38194, 42.13345799999999], [-71.38249, 42.133451], [-71.382716, 42.133145000000006], [-71.383345, 42.13357200000002], [-71.383132, 42.13381700000001], [-71.382499, 42.133668], [-71.382074, 42.13378199999999], [-71.38212, 42.13392199999999], [-71.382527, 42.133942], [-71.38292600000001, 42.134213], [-71.382803, 42.135031], [-71.382123, 42.13529499999999], [-71.381998, 42.135436999999996], [-71.382096, 42.13554700000001], [-71.383092, 42.135515], [-71.383494, 42.13519299999999], [-71.384991, 42.13527500000001], [-71.397103, 42.13732300000001], [-71.397083, 42.137447000000016], [-71.397519, 42.137614000000006], [-71.398106, 42.138173], [-71.39909, 42.138768999999996], [-71.402456, 42.139539], [-71.403259, 42.139134], [-71.404177, 42.13756000000001], [-71.405, 42.13679299999999], [-71.406237, 42.136309000000004], [-71.408816, 42.134213], [-71.410049, 42.13398500000001], [-71.411062, 42.13445299999999], [-71.411328, 42.134415000000004], [-71.41177600000002, 42.134255], [-71.41231, 42.13371800000001], [-71.412957, 42.133587000000006], [-71.413909, 42.13385299999998], [-71.414559, 42.13427299999999], [-71.415409, 42.134981999999994], [-71.415833, 42.13563400000001], [-71.41571500000002, 42.136077], [-71.415053, 42.13651100000001], [-71.414707, 42.13733900000001], [-71.414703, 42.137917], [-71.415098, 42.13825900000001], [-71.416624, 42.137555000000006], [-71.417735, 42.136731000000005], [-71.418845, 42.136402], [-71.419044, 42.136478999999994], [-71.419323, 42.13744599999998], [-71.419674, 42.13760199999999], [-71.41999, 42.137201999999995], [-71.420535, 42.137541000000006], [-71.420237, 42.13782700000002], [-71.419036, 42.13832099999999], [-71.418942, 42.138789], [-71.419221, 42.138968000000006], [-71.421829, 42.13872800000001], [-71.423191, 42.139115], [-71.424382, 42.13904500000001], [-71.425821, 42.138670000000005], [-71.427085, 42.138566], [-71.427852, 42.138108], [-71.42880100000002, 42.138288999999986], [-71.429514, 42.13897200000002], [-71.430229, 42.139012], [-71.43083, 42.138628000000004], [-71.43094, 42.138262], [-71.431847, 42.138025999999996], [-71.432788, 42.13714], [-71.433089, 42.13649499999999], [-71.433865, 42.13597100000002], [-71.433496, 42.135646], [-71.433797, 42.135161], [-71.434226, 42.135095], [-71.434299, 42.135612999999985], [-71.434745, 42.13559000000001], [-71.434926, 42.135314000000015], [-71.43482400000002, 42.13489700000001], [-71.434451, 42.134508000000004], [-71.434572, 42.134327], [-71.435529, 42.134208], [-71.436193, 42.134319], [-71.437063, 42.134814000000006], [-71.438625, 42.13518500000001], [-71.439259, 42.135029000000024], [-71.440248, 42.13526700000001], [-71.441426, 42.134829], [-71.441769, 42.13503000000001], [-71.441841, 42.135248000000004], [-71.442366, 42.135316], [-71.442451, 42.13545600000001], [-71.442279, 42.13557200000001], [-71.442693, 42.13578400000001], [-71.461441, 42.13364099999999], [-71.478522, 42.13137799999999], [-71.478027, 42.165871], [-71.49313600000002, 42.166209999999985], [-71.497378, 42.166643000000015], [-71.502626, 42.191416], [-71.506894, 42.188927], [-71.539498, 42.189733999999994], [-71.555738, 42.182503000000004], [-71.555497, 42.18234200000001], [-71.55557300000001, 42.182177999999986], [-71.555915, 42.18222499999999], [-71.555806, 42.182079], [-71.55431800000001, 42.18177099999999], [-71.55382, 42.18182500000001], [-71.553646, 42.18140600000001], [-71.552866, 42.18109799999999], [-71.552548, 42.180443], [-71.55259, 42.179984], [-71.552368, 42.180015], [-71.552008, 42.17977499999998], [-71.551666, 42.17857100000001], [-71.552525, 42.177408], [-71.553711, 42.178242999999995], [-71.554898, 42.17811300000002], [-71.555079, 42.17761], [-71.555367, 42.17752500000001], [-71.555382, 42.17732899999999], [-71.555819, 42.177402000000015], [-71.555944, 42.177251999999996], [-71.556468, 42.17763799999998], [-71.556382, 42.17778099999999], [-71.556969, 42.178049], [-71.557187, 42.178342000000015], [-71.557472, 42.178469000000014], [-71.557946, 42.178312000000005], [-71.558352, 42.17873000000001], [-71.558832, 42.17884199999999], [-71.55981500000001, 42.17893599999999], [-71.560263, 42.178805999999994], [-71.560888, 42.178976999999996], [-71.56146, 42.17887], [-71.561498, 42.178672999999996], [-71.562017, 42.178614000000024], [-71.561626, 42.17673799999998], [-71.561972, 42.176491000000006], [-71.562029, 42.17593699999999], [-71.561861, 42.17579499999998], [-71.561985, 42.175444000000006], [-71.561736, 42.174715000000006], [-71.561874, 42.174305000000004], [-71.562516, 42.17409799999998], [-71.562689, 42.173175], [-71.562578, 42.17269600000003], [-71.563197, 42.172366999999994], [-71.563269, 42.171969999999995], [-71.562327, 42.171448999999996], [-71.561759, 42.17034899999999], [-71.56055200000002, 42.16873800000001], [-71.560504, 42.16852200000002], [-71.561227, 42.167786], [-71.561056, 42.167598000000005], [-71.560765, 42.16764599999999], [-71.560462, 42.16804200000001], [-71.560155, 42.168027], [-71.559783, 42.167623], [-71.559809, 42.167108], [-71.562839, 42.167838999999994], [-71.564288, 42.165958], [-71.564463, 42.165096], [-71.564259, 42.16448599999998], [-71.564441, 42.164204], [-71.564029, 42.164054], [-71.563466, 42.163285], [-71.563522, 42.162384], [-71.56385, 42.162174000000014], [-71.563532, 42.16152999999999], [-71.563714, 42.161172999999984], [-71.56350400000001, 42.16068399999999], [-71.563003, 42.16051300000001], [-71.562817, 42.160155], [-71.562372, 42.159995], [-71.562295, 42.159512], [-71.561999, 42.159344999999995], [-71.561914, 42.15896299999999], [-71.560954, 42.158315], [-71.571402, 42.151844999999994], [-71.571591, 42.14236699999999], [-71.570005, 42.13918400000001], [-71.573414, 42.135790000000014], [-71.592748, 42.12164800000001], [-71.5911, 42.013646], [-71.771427, 42.009481000000015], [-71.799188, 42.008053], [-71.799709, 42.015629000000004], [-71.800671, 42.02351400000001], [-71.845712, 42.023994], [-71.846917, 42.02542400000001], [-71.851912, 42.029689999999995], [-71.853289, 42.03149100000001], [-71.854925, 42.032886], [-71.855877, 42.03392600000003], [-71.857163, 42.036750000000005], [-71.85816, 42.038025], [-71.859158, 42.038963], [-71.859199, 42.040098], [-71.859499, 42.041309000000005], [-71.86146, 42.04599199999998], [-71.863153, 42.045707], [-71.863985, 42.045819000000016], [-71.867865, 42.047392000000016], [-71.867192, 42.048356], [-71.867143, 42.0498], [-71.866173, 42.049808000000006], [-71.86616, 42.050356999999984], [-71.868945, 42.050177999999995], [-71.868863, 42.051593], [-71.873105, 42.05097499999999], [-71.874371, 42.055693], [-71.876719, 42.05483000000001], [-71.877582, 42.056354000000006], [-71.878334, 42.056202000000006], [-71.878408, 42.05525], [-71.880131, 42.055401], [-71.880387, 42.055507], [-71.879883, 42.057527000000015], [-71.879928, 42.05783399999999], [-71.880766, 42.058383000000006], [-71.882117, 42.058562000000016], [-71.88232500000001, 42.058768000000015], [-71.88224100000001, 42.059348], [-71.881616, 42.060041], [-71.88158, 42.06026900000001], [-71.882132, 42.061835999999985], [-71.882043, 42.06262000000002], [-71.881429, 42.063076999999986], [-71.879609, 42.06389499999999], [-71.878827, 42.066158], [-71.879098, 42.06695], [-71.878978, 42.06775800000002], [-71.879083, 42.06817600000001], [-71.881509, 42.075893000000015], [-71.811328, 42.098870999999995], [-71.809217, 42.09536299999999], [-71.797177, 42.09917200000001], [-71.817956, 42.13326399999999], [-71.82953, 42.129390999999984], [-71.831942, 42.14377500000001], [-71.829591, 42.14486], [-71.824853, 42.15533200000002], [-71.83048, 42.156082], [-71.834105, 42.154989999999984], [-71.834485, 42.157257], [-71.825488, 42.15992000000001], [-71.825959, 42.165820000000004], [-71.831504, 42.16425300000001], [-71.834924, 42.159829000000016], [-71.858096, 42.160706000000005], [-71.875802, 42.170120000000004], [-71.895135, 42.192425], [-71.939356, 42.189237999999996], [-71.967291, 42.310682000000014], [-71.989406, 42.31018799999999], [-72.041168, 42.30869700000001], [-72.123667, 42.36392999999999], [-72.124407, 42.363347], [-72.1243, 42.36276500000001], [-72.123912, 42.362146], [-72.123994, 42.361639999999994], [-72.126627, 42.359750000000005], [-72.127923, 42.359275000000004], [-72.130422, 42.358783], [-72.132074, 42.358932], [-72.133476, 42.358411000000004], [-72.13467, 42.35739599999997], [-72.135113, 42.356682], [-72.13558, 42.354787999999985], [-72.136692, 42.35382900000001], [-72.136986, 42.353118000000016], [-72.136964, 42.351358000000005], [-72.136282, 42.35004700000001], [-72.136388, 42.348709000000014], [-72.137178, 42.348001999999994], [-72.139216, 42.348524], [-72.140057, 42.34843600000001], [-72.140315, 42.34823300000001], [-72.14042, 42.347923], [-72.139913, 42.34644299999999], [-72.139817, 42.34546000000001], [-72.13992700000001, 42.345082999999995], [-72.140395, 42.344687], [-72.141425, 42.34425499999999], [-72.14265800000001, 42.34445299999999], [-72.144138, 42.34408999999999], [-72.146849, 42.345672000000015], [-72.149556, 42.345287000000006], [-72.152294, 42.34550500000001], [-72.153522, 42.34508499999999], [-72.154622, 42.343729999999994], [-72.1556, 42.34348800000001], [-72.156458, 42.34363100000001], [-72.157487, 42.343553], [-72.15851200000002, 42.34312500000001], [-72.158655, 42.342320000000015], [-72.159488, 42.341624], [-72.159621, 42.340823], [-72.159293, 42.339518], [-72.159608, 42.33857600000001], [-72.160673, 42.33768400000001], [-72.162077, 42.33697699999998], [-72.163193, 42.33678700000002], [-72.163627, 42.336361], [-72.163895, 42.335468], [-72.163738, 42.33489200000001], [-72.16338, 42.334514000000006], [-72.162696, 42.334368999999995], [-72.162393, 42.33389200000001], [-72.163649, 42.33330199999999], [-72.163691, 42.332643000000004], [-72.163933, 42.33244400000001], [-72.165241, 42.33211899999999], [-72.166279, 42.33146000000001], [-72.167533, 42.331093], [-72.168327, 42.32936700000002], [-72.169449, 42.328726], [-72.17057, 42.327814999999994], [-72.170897, 42.327411000000005], [-72.171281, 42.326363], [-72.172434, 42.325806], [-72.172689, 42.325260999999976], [-72.172677, 42.324160000000006], [-72.172486, 42.32356200000001], [-72.172065, 42.32316199999999], [-72.172109, 42.322744000000014], [-72.175174, 42.320547000000005], [-72.175676, 42.32036300000001], [-72.176904, 42.319194], [-72.177074, 42.31808899999999], [-72.17682, 42.31693100000001], [-72.176979, 42.31656400000001], [-72.177555, 42.316230999999995], [-72.178346, 42.31623900000002], [-72.178891, 42.31603], [-72.179336, 42.314621], [-72.179878, 42.313934], [-72.180856, 42.313398], [-72.181906, 42.31333899999999], [-72.183032, 42.312766], [-72.185221, 42.31035199999999], [-72.185423, 42.309711], [-72.184782, 42.30884700000001], [-72.184758, 42.30859], [-72.18509, 42.30821], [-72.185829, 42.308000999999976], [-72.184147, 42.30715900000001], [-72.183785, 42.306747000000016], [-72.18396, 42.30642000000001], [-72.187294, 42.30471100000002], [-72.190678, 42.304599], [-72.192231, 42.304874999999996], [-72.19305, 42.30511099999999], [-72.193912, 42.30570899999999], [-72.194226, 42.306121000000005], [-72.194185, 42.30685299999999], [-72.193453, 42.308009999999996], [-72.193366, 42.308527], [-72.193645, 42.308955], [-72.194626, 42.30948800000001], [-72.197423, 42.310700999999995], [-72.197933, 42.310746], [-72.199716, 42.311375000000005], [-72.202672, 42.31120399999999], [-72.203669, 42.310792000000006], [-72.205328, 42.31135999999999], [-72.207183, 42.311522000000004], [-72.20499, 42.30623700000002], [-72.205391, 42.305869], [-72.213973, 42.294257000000016], [-72.216745, 42.294056000000005], [-72.216499, 42.29532600000001], [-72.216778, 42.296195000000004], [-72.216461, 42.297253000000005], [-72.216305, 42.299134999999985], [-72.21556, 42.300097000000015], [-72.21340100000002, 42.30106800000001], [-72.212775, 42.30151400000001], [-72.212421, 42.30198199999999], [-72.212228, 42.302565], [-72.212297, 42.302816], [-72.213067, 42.30380899999998], [-72.212611, 42.306635], [-72.212854, 42.307737], [-72.212144, 42.310218], [-72.211378, 42.311022000000015], [-72.210795, 42.31137999999999], [-72.261545, 42.303331000000014], [-72.261922, 42.30525799999999], [-72.274639, 42.301963000000015], [-72.280003, 42.329091], [-72.277079, 42.329404999999994], [-72.278491, 42.336465000000004], [-72.281382, 42.336127000000005], [-72.284231, 42.35200999999999], [-72.288559, 42.35207799999999], [-72.289166, 42.351913], [-72.290288, 42.35210900000001], [-72.290516, 42.352012000000016], [-72.290288, 42.351645], [-72.290384, 42.351319000000025], [-72.290716, 42.35104999999998], [-72.291001, 42.35103299999999], [-72.291264, 42.351119], [-72.291333, 42.35173600000001], [-72.291981, 42.35182699999999], [-72.292677, 42.351287], [-72.295389, 42.35056899999999], [-72.296709, 42.34936900000001], [-72.297904, 42.34914500000001], [-72.298744, 42.349322000000015], [-72.301127, 42.348434999999995], [-72.301397, 42.348229], [-72.301737, 42.347469], [-72.302925, 42.34667999999999], [-72.303753, 42.345757], [-72.304652, 42.345307], [-72.3053, 42.34530600000001], [-72.305331, 42.34552299999999], [-72.30483, 42.34565400000002], [-72.30473, 42.345821000000015], [-72.305724, 42.346089], [-72.306382, 42.346053], [-72.30646500000002, 42.345950999999985], [-72.306241, 42.34557399999999], [-72.30711200000002, 42.345035], [-72.306537, 42.344812000000005], [-72.306411, 42.344619], [-72.306804, 42.344282], [-72.30802300000002, 42.344297000000005], [-72.308803, 42.34410199999999], [-72.308859, 42.34436100000001], [-72.308354, 42.344634000000006], [-72.308788, 42.344891], [-72.309331, 42.344549], [-72.30949900000002, 42.344226000000006], [-72.309409, 42.34376100000001], [-72.309763, 42.343638], [-72.310151, 42.343729], [-72.310797, 42.34311700000001], [-72.31149300000001, 42.34316799999999], [-72.312176, 42.342802000000006], [-72.312784, 42.343048999999986], [-72.313382, 42.34301199999999], [-72.31396, 42.343702], [-72.314778, 42.34349600000001], [-72.314893, 42.34216400000001], [-72.314606, 42.340934], [-72.314933, 42.33954299999998], [-72.315464, 42.33935999999999], [-72.316621, 42.33978700000002], [-72.317631, 42.33962600000001], [-72.320336, 42.33646], [-72.321878, 42.335249000000005], [-72.322861, 42.33416], [-72.32318, 42.333278], [-72.323075, 42.33297700000001], [-72.322563, 42.33263300000001], [-72.322386, 42.332283999999994], [-72.322584, 42.331168999999996], [-72.323064, 42.330943000000005], [-72.324559, 42.33095300000001], [-72.324865, 42.330819999999996], [-72.325334, 42.33006599999998], [-72.326085, 42.32824399999999], [-72.326007, 42.327946999999995], [-72.324673, 42.326765999999985], [-72.324535, 42.326297], [-72.3252, 42.32555800000001], [-72.326214, 42.325158], [-72.32643, 42.325449], [-72.326538, 42.326449], [-72.326762, 42.326814], [-72.32761, 42.32675699999999], [-72.32818, 42.326058999999994], [-72.328219, 42.325248], [-72.3274, 42.323477], [-72.327211, 42.320917000000016], [-72.327546, 42.31954], [-72.328117, 42.318745999999976], [-72.328333, 42.31855800000001], [-72.328863, 42.318645], [-72.328834, 42.31942000000001], [-72.329118, 42.319686999999995], [-72.329489, 42.319755], [-72.331377, 42.319604], [-72.333073, 42.319122], [-72.334715, 42.317618], [-72.334699, 42.31670299999998], [-72.335045, 42.31602199999998], [-72.334914, 42.31554200000001], [-72.335246, 42.315142], [-72.336364, 42.315009], [-72.338244, 42.31444599999999], [-72.341559, 42.31443600000001], [-72.342287, 42.314242], [-72.342584, 42.313942999999995], [-72.343597, 42.31188699999999], [-72.344895, 42.31105099999999], [-72.345889, 42.309969], [-72.346259, 42.30977399999999], [-72.348656, 42.30917600000003], [-72.34918, 42.309405000000005], [-72.350159, 42.310312], [-72.351169, 42.31034000000001], [-72.351459, 42.30999299999999], [-72.350937, 42.30907100000002], [-72.350391, 42.308772999999995], [-72.349794, 42.30879299999999], [-72.349557, 42.308643], [-72.349596, 42.30844300000001], [-72.349889, 42.308042999999984], [-72.352278, 42.30793800000001], [-72.352771, 42.30768], [-72.35277800000001, 42.307451000000015], [-72.351992, 42.307166], [-72.350959, 42.307475999999994], [-72.350659, 42.30739], [-72.34996500000001, 42.30676799999999], [-72.349556, 42.306031], [-72.349517, 42.305552000000006], [-72.349555, 42.30514599999999], [-72.349894, 42.30451600000001], [-72.350996, 42.30391], [-72.351558, 42.304041], [-72.351689, 42.30426200000001], [-72.3516, 42.30591499999999], [-72.351891, 42.306412000000016], [-72.3522, 42.30642300000001], [-72.35421, 42.305684000000014], [-72.355189, 42.30463200000001], [-72.356018, 42.30328300000001], [-72.356675, 42.303428999999994], [-72.357277, 42.30448000000001], [-72.357215, 42.304903], [-72.357678, 42.305188], [-72.357864, 42.30579299999999], [-72.358558, 42.305638999999985], [-72.358797, 42.305747], [-72.359098, 42.30666100000001], [-72.359923, 42.30733400000001], [-72.360632, 42.307654], [-72.36010100000001, 42.307837000000006], [-72.360594, 42.308414], [-72.360478, 42.30869999999999], [-72.358895, 42.308697999999985], [-72.358655, 42.30902300000002], [-72.358884, 42.309239], [-72.359013, 42.309849], [-72.358599, 42.30988500000001], [-72.358275, 42.31034900000001], [-72.357328, 42.310389999999984], [-72.356935, 42.310946000000015], [-72.35638, 42.311009000000006], [-72.356326, 42.31123800000001], [-72.35689, 42.311207], [-72.356946, 42.311347], [-72.35645, 42.31216400000001], [-72.35645, 42.312439000000005], [-72.35699, 42.312856], [-72.356928, 42.31303299999999], [-72.356096, 42.31351400000002], [-72.356157, 42.314373999999994], [-72.35494, 42.31489300000001], [-72.354527, 42.315837], [-72.354556, 42.316049000000014], [-72.35521, 42.316527999999984], [-72.354695, 42.317484], [-72.354917, 42.31801800000001], [-72.355227, 42.318197999999995], [-72.35455700000001, 42.31887799999998], [-72.35458, 42.319055999999996], [-72.354873, 42.31912400000001], [-72.355097, 42.31899800000001], [-72.355266, 42.31911199999999], [-72.355204, 42.31933100000001], [-72.355105, 42.31954700000001], [-72.354419, 42.31963899999999], [-72.353741, 42.32069000000001], [-72.353002, 42.321252], [-72.353317, 42.32157200000001], [-72.353342, 42.321828], [-72.353997, 42.322152], [-72.353527, 42.322347], [-72.353658, 42.32273499999998], [-72.353586, 42.32319499999999], [-72.354302, 42.32368299999998], [-72.354273, 42.323856000000006], [-72.353598, 42.32430599999999], [-72.352827, 42.32426], [-72.352101, 42.324743], [-72.351178, 42.324884000000004], [-72.351255, 42.32506099999999], [-72.35188, 42.325341], [-72.351842, 42.325694000000006], [-72.352435, 42.32575700000002], [-72.352945, 42.326298], [-72.352329, 42.32653999999999], [-72.352669, 42.327425], [-72.353594, 42.327692000000006], [-72.352233, 42.328725], [-72.352901, 42.329092999999986], [-72.352487, 42.32965500000001], [-72.352128, 42.329425], [-72.351899, 42.32978499999999], [-72.351128, 42.329563], [-72.351961, 42.33080300000001], [-72.352532, 42.331134999999996], [-72.352763, 42.331815], [-72.352524, 42.332438], [-72.35204, 42.33294800000001], [-72.352201, 42.333325], [-72.351946, 42.33337699999999], [-72.35169900000001, 42.3332], [-72.351491, 42.333628000000004], [-72.35099, 42.33364099999999], [-72.35156800000001, 42.33419399999999], [-72.350975, 42.33471500000001], [-72.351045, 42.335165999999994], [-72.351174, 42.335335999999984], [-72.351638, 42.335417], [-72.351778, 42.33567900000001], [-72.351555, 42.33574900000001], [-72.352087, 42.336284], [-72.352272, 42.336176000000016], [-72.352332, 42.33583400000001], [-72.352927, 42.336276999999995], [-72.353183, 42.33697300000001], [-72.352666, 42.337157000000005], [-72.3535, 42.337585], [-72.352948, 42.337877], [-72.352884, 42.33817400000001], [-72.353663, 42.33851600000001], [-72.353648, 42.338727], [-72.353401, 42.33891], [-72.353455, 42.33913900000001], [-72.353935, 42.339093], [-72.354157, 42.33922400000001], [-72.353988, 42.340068000000024], [-72.354767, 42.33980799999999], [-72.354972, 42.339911], [-72.355045, 42.340379], [-72.355396, 42.34067800000002], [-72.380368, 42.340613999999995], [-72.393708, 42.339296], [-72.39347, 42.338168999999986], [-72.405455, 42.336437], [-72.409417, 42.358762], [-72.472287, 42.35145800000001], [-72.464195, 42.308053], [-72.479694, 42.306902000000015], [-72.4831, 42.30531900000001], [-72.487764, 42.304708000000005], [-72.490609, 42.30363200000001], [-72.493586, 42.302268], [-72.498034, 42.30511899999998], [-72.499117, 42.306263], [-72.500745, 42.305166], [-72.504151, 42.30547100000002], [-72.506665, 42.306388000000005], [-72.510191, 42.305569], [-72.521421, 42.302182], [-72.524673, 42.303155], [-72.526843, 42.301903000000024], [-72.527961, 42.30145799999999], [-72.531212, 42.303624], [-72.535151, 42.30425199999999], [-72.539903, 42.304127], [-72.544658, 42.30568300000001], [-72.564951, 42.30383299999999], [-72.569306, 42.30448900000001], [-72.577285, 42.302981], [-72.587961, 42.300358], [-72.595326, 42.294431000000024], [-72.602124, 42.288045], [-72.609948, 42.285224], [-72.612007, 42.285573], [-72.612978, 42.286073999999985], [-72.613641, 42.286628000000015], [-72.614449, 42.287506999999984], [-72.614921, 42.288658000000005], [-72.614701, 42.29019900000001], [-72.619303, 42.290067], [-72.621085, 42.28962], [-72.622198, 42.289012], [-72.624521, 42.28814800000001], [-72.627382, 42.286492], [-72.627927, 42.28592299999999], [-72.629022, 42.28526699999998], [-72.630232, 42.28492899999999], [-72.633669, 42.285122], [-72.634849, 42.28538800000001], [-72.636196, 42.286113], [-72.637441, 42.287406], [-72.640677, 42.284137000000015], [-72.64208, 42.288174000000005], [-72.643832, 42.28851900000001], [-72.646138, 42.290468], [-72.648766, 42.291824000000005], [-72.660468, 42.288695999999995], [-72.660216, 42.28925399999998], [-72.672035, 42.290192999999995], [-72.672169, 42.290962000000015], [-72.672091, 42.29188700000002], [-72.736726, 42.284241], [-72.735758, 42.266518], [-72.81440500000001, 42.25681900000002], [-72.821122, 42.33862999999999], [-72.822012, 42.33936199999999], [-72.823175, 42.339102999999994], [-72.823956, 42.339428], [-72.824724, 42.340447000000005], [-72.826184, 42.341149000000016], [-72.825838, 42.34194000000001], [-72.826388, 42.34236299999999], [-72.827246, 42.342506], [-72.828722, 42.34223600000001], [-72.830911, 42.342278], [-72.833483, 42.341748], [-72.835737, 42.34325400000001], [-72.837686, 42.34275399999998], [-72.839222, 42.34294500000001], [-72.839842, 42.34336299999999], [-72.840032, 42.34464199999999], [-72.840376, 42.345076999999996], [-72.843723, 42.344653], [-72.844985, 42.34340799999999], [-72.846128, 42.34072199999999], [-72.846437, 42.340467000000004], [-72.846673, 42.340597], [-72.847088, 42.341845000000006], [-72.847496, 42.342311], [-72.84884600000001, 42.34251800000001], [-72.852001, 42.34217600000001], [-72.85364, 42.342535], [-72.854244, 42.343405000000004], [-72.885635, 42.340035999999984], [-72.90458, 42.430385]]]}}, {"type": "Feature", "properties": {"district_name": "3rd Congressional District", "chamber": "us-house", "vintage": "2022-present", "url": "/district/us-house-3rd-congressional-district-2022-present/", "latest_year": 2024, "years": [{"year": 2024, "lean_dem_share": 0.5957, "competitiveness": "Likely", "competitiveness_label": "Likely D", "party_favored": "Democratic", "is_uncontested": true, "turnout_ratio": 0.7532, "winner_name": "Lori Loureiro Trahan", "winner_party": "Democratic", "winner_war": null, "winner_lean_component": 0.3793, "winner_tide_component": 0.0405, "winner_incumbency_adjustment": 0.035, "winner_demographics_component": null, "winner_fundraising_component": null}, {"year": 2022, "lean_dem_share": 0.6185, "competitiveness": "Safe", "competitiveness_label": "Safe D", "party_favored": "Democratic", "is_uncontested": false, "turnout_ratio": 0.9913, "winner_name": "Lori Loureiro Trahan", "winner_party": "Democratic", "winner_war": -0.042, "winner_lean_component": 0.3793, "winner_tide_component": 0.0418, "winner_incumbency_adjustment": 0.0, "winner_demographics_component": null, "winner_fundraising_component": null}], "lean_dem_share": 0.5957, "competitiveness": "Likely", "competitiveness_label": "Likely D", "party_favored": "Democratic", "is_uncontested": true, "turnout_ratio": 0.7532, "winner_name": "Lori Loureiro Trahan", "winner_party": "Democratic", "winner_war": null, "winner_lean_component": 0.3793, "winner_tide_component": 0.0405, "winner_incumbency_adjustment": 0.035, "winner_demographics_component": null, "winner_fundraising_component": null}, "geometry": {"type": "Polygon", "coordinates": [[[-72.116631, 42.62660699999999], [-72.111059, 42.717206000000004], [-71.98157800000001, 42.71323199999999], [-71.931072, 42.712165999999996], [-71.749224, 42.707471000000005], [-71.696505, 42.705721999999994], [-71.651584, 42.70476100000002], [-71.601599, 42.703950999999996], [-71.518947, 42.702196], [-71.457786, 42.70052699999998], [-71.433239, 42.70008199999999], [-71.388184, 42.69897799999999], [-71.351635, 42.697901000000016], [-71.321814, 42.697306999999995], [-71.317065, 42.697389000000015], [-71.294637, 42.69704200000002], [-71.289324, 42.70217000000001], [-71.278949, 42.71135000000003], [-71.275441, 42.715787000000006], [-71.267873, 42.726026], [-71.2551, 42.736592], [-71.245426, 42.74254600000002], [-71.237432, 42.744895], [-71.22383, 42.746484], [-71.181786, 42.737340999999994], [-71.182693, 42.75026299999998], [-71.18614, 42.79093499999999], [-71.166647, 42.80888100000001], [-71.147939, 42.816176], [-71.132805, 42.821476000000004], [-71.064416, 42.80627499999997], [-71.054005, 42.83328199999999], [-70.999611, 42.81054499999998], [-70.999079, 42.80967400000001], [-70.99868500000001, 42.80862700000001], [-70.998602, 42.80753099999999], [-70.99875, 42.806964999999984], [-70.999834, 42.80503999999999], [-71.001711, 42.802800000000005], [-71.003435, 42.801100999999996], [-71.005525, 42.79979599999999], [-71.013256, 42.796008000000015], [-71.01703, 42.793288000000004], [-71.018708, 42.79160500000001], [-71.019301, 42.790701], [-71.019757, 42.78952599999999], [-71.020193, 42.78727], [-71.020381, 42.78429599999999], [-71.021904, 42.779633], [-71.024235, 42.77576000000001], [-71.026732, 42.772696999999994], [-71.030065, 42.769217], [-71.037965, 42.75894500000003], [-71.040017, 42.757721000000004], [-71.042567, 42.757041], [-71.042073, 42.755053999999994], [-71.041774, 42.754654000000016], [-71.041998, 42.754416000000006], [-71.04275, 42.75433799999999], [-71.042901, 42.753978], [-71.044096, 42.753214000000014], [-71.044524, 42.74903400000002], [-71.048341, 42.746144999999984], [-71.052849, 42.73988700000001], [-71.058116, 42.734209], [-71.058883, 42.73246300000001], [-71.072111, 42.73266800000001], [-71.07406, 42.73448599999999], [-71.08191, 42.736685], [-71.088064, 42.73614399999999], [-71.090078, 42.736969], [-71.092467, 42.737000000000016], [-71.097834, 42.73521999999999], [-71.108632, 42.735281], [-71.115579, 42.74110399999999], [-71.11586800000002, 42.74013100000002], [-71.116448, 42.739085999999986], [-71.118606, 42.736622999999994], [-71.121623, 42.73384899999999], [-71.124461, 42.731654], [-71.12681, 42.72835700000001], [-71.130706, 42.724451], [-71.133696, 42.72199700000001], [-71.134458, 42.721162], [-71.134909, 42.719891], [-71.134966, 42.718222], [-71.13475800000002, 42.717271000000004], [-71.133843, 42.715086], [-71.133498, 42.713549000000015], [-71.133454, 42.71248], [-71.133956, 42.71041400000001], [-71.13455, 42.70941500000001], [-71.136292, 42.707214], [-71.137559, 42.706525], [-71.137525, 42.704806], [-71.137116, 42.70438700000002], [-71.139323, 42.70340400000001], [-71.14089, 42.703345000000006], [-71.142372, 42.69938399999999], [-71.142778, 42.698923000000015], [-71.144381, 42.699262999999995], [-71.144822, 42.69910999999999], [-71.144976, 42.698746], [-71.14547, 42.698757000000015], [-71.145857, 42.69848099999999], [-71.145718, 42.698169000000014], [-71.145446, 42.698194999999984], [-71.14546, 42.698062000000014], [-71.145005, 42.697947], [-71.144903, 42.697756999999996], [-71.143395, 42.69702800000001], [-71.143149, 42.69420000000001], [-71.141703, 42.694316999999984], [-71.141674, 42.69412], [-71.140597, 42.69385299999999], [-71.140418, 42.69358900000001], [-71.140264, 42.69366300000003], [-71.140169, 42.693419999999996], [-71.140009, 42.69351700000001], [-71.139219, 42.69320900000002], [-71.139296, 42.69274300000002], [-71.138637, 42.692756], [-71.137936, 42.69250700000001], [-71.138022, 42.692398000000004], [-71.137818, 42.692282], [-71.13798, 42.69226], [-71.137743, 42.69203900000001], [-71.137863, 42.691925], [-71.137712, 42.691880999999995], [-71.137922, 42.69182099999999], [-71.137897, 42.69153800000001], [-71.137599, 42.69164900000001], [-71.137522, 42.69140599999999], [-71.137637, 42.691286999999996], [-71.13732, 42.691136], [-71.137503, 42.691089999999996], [-71.137394, 42.690820000000016], [-71.137678, 42.69060900000001], [-71.137296, 42.69041299999999], [-71.13745200000001, 42.69007299999999], [-71.137392, 42.68995199999999], [-71.137222, 42.690036000000006], [-71.137173, 42.689817], [-71.137532, 42.689595000000004], [-71.137428, 42.689485], [-71.13729, 42.689582], [-71.137319, 42.689343000000015], [-71.137866, 42.68921999999999], [-71.137936, 42.689021], [-71.13828, 42.68907500000001], [-71.138508, 42.688837], [-71.138372, 42.68861299999999], [-71.138555, 42.68846000000001], [-71.138385, 42.688325], [-71.138523, 42.688285], [-71.138499, 42.687594], [-71.138868, 42.68745100000001], [-71.138968, 42.687705], [-71.139193, 42.68773800000001], [-71.139809, 42.68718599999999], [-71.139457, 42.68678], [-71.139202, 42.68673499999999], [-71.13844, 42.68664999999998], [-71.138333, 42.686848000000005], [-71.137981, 42.68690099999999], [-71.137908, 42.686571], [-71.137679, 42.686438], [-71.137949, 42.686403], [-71.138121, 42.686044], [-71.138291, 42.686036], [-71.138317, 42.68618099999999], [-71.138824, 42.685732], [-71.139297, 42.685694], [-71.139465, 42.685344], [-71.139177, 42.68515], [-71.137998, 42.685323], [-71.137787, 42.685046000000014], [-71.1383, 42.68470599999999], [-71.139402, 42.684477], [-71.133584, 42.679428], [-71.134452, 42.67677799999999], [-71.151213, 42.681707], [-71.185503, 42.675868], [-71.188862, 42.69626800000001], [-71.190985, 42.69742900000001], [-71.194549, 42.69838299999999], [-71.20249, 42.698910000000005], [-71.212079, 42.70108499999999], [-71.213471, 42.701243999999996], [-71.215536, 42.70119800000002], [-71.218173, 42.700630000000004], [-71.220122, 42.699577], [-71.221174, 42.69849599999998], [-71.224251, 42.69450600000001], [-71.224807, 42.69342999999999], [-71.225389, 42.68686699999999], [-71.225649, 42.685783], [-71.226074, 42.684431999999994], [-71.228171, 42.68003600000001], [-71.229367, 42.67819999999999], [-71.234094, 42.672518000000004], [-71.235607, 42.67116200000001], [-71.238103, 42.669490999999994], [-71.239285, 42.66819500000001], [-71.240397, 42.66673], [-71.241409, 42.663685], [-71.24189, 42.66289600000002], [-71.24249, 42.662345999999985], [-71.244172, 42.661514000000004], [-71.245454, 42.661195000000006], [-71.24682, 42.66101400000001], [-71.249479, 42.66110100000001], [-71.250763, 42.66078200000001], [-71.252879, 42.659544000000004], [-71.254966, 42.657775], [-71.256733, 42.657001], [-71.258482, 42.65692299999999], [-71.261963, 42.657483], [-71.26434700000001, 42.657667], [-71.272607, 42.656664], [-71.275154, 42.656216], [-71.272018, 42.64921600000001], [-71.27170700000002, 42.64801799999999], [-71.271682, 42.646305], [-71.271446, 42.64609200000002], [-71.271188, 42.644241999999984], [-71.274709, 42.62885899999998], [-71.277791, 42.62084700000002], [-71.283427, 42.61529900000001], [-71.296319, 42.61266700000001], [-71.225669, 42.580036000000014], [-71.229066, 42.578374], [-71.231615, 42.577549], [-71.233839, 42.576176999999994], [-71.235304, 42.575967999999996], [-71.236753, 42.57543900000002], [-71.238587, 42.57503600000001], [-71.24173300000001, 42.573736999999994], [-71.247719, 42.568085], [-71.249305, 42.566985], [-71.250402, 42.566526999999994], [-71.250091, 42.56609000000001], [-71.249765, 42.564181999999995], [-71.249581, 42.563942000000004], [-71.2513, 42.563266999999996], [-71.254273, 42.562899], [-71.254051, 42.562388], [-71.25201, 42.56083300000001], [-71.251295, 42.559763], [-71.25797400000002, 42.557566], [-71.26023, 42.554261], [-71.264154, 42.552873000000005], [-71.265806, 42.555070000000015], [-71.267835, 42.554594], [-71.267634, 42.54996500000001], [-71.266861, 42.55015399999999], [-71.266676, 42.54994600000002], [-71.266684, 42.548694], [-71.267064, 42.54782199999999], [-71.267365, 42.54751], [-71.267103, 42.546768], [-71.267296, 42.546192000000005], [-71.267189, 42.54550100000002], [-71.266733, 42.54515000000002], [-71.266556, 42.544627], [-71.267553, 42.54429199999999], [-71.268921, 42.544215], [-71.269833, 42.544323], [-71.270142, 42.544502], [-71.271719, 42.544506000000005], [-71.272199, 42.54472199999999], [-71.272398, 42.545215000000006], [-71.274364, 42.545073], [-71.27639500000001, 42.544383], [-71.273781, 42.54208799999999], [-71.274947, 42.541361999999964], [-71.275981, 42.541065], [-71.275903, 42.54053699999999], [-71.276085, 42.539312], [-71.274166, 42.53985599999999], [-71.273627, 42.538768000000005], [-71.274445, 42.53835799999999], [-71.273587, 42.53748], [-71.272687, 42.53791499999999], [-71.272102, 42.53748099999999], [-71.271261, 42.537893999999994], [-71.270657, 42.53784400000001], [-71.269464, 42.538272000000006], [-71.266941, 42.538469], [-71.266098, 42.53872500000001], [-71.265006, 42.53936500000001], [-71.263627, 42.53962299999999], [-71.263916, 42.539178], [-71.26296500000001, 42.53916400000003], [-71.262687, 42.53882300000001], [-71.262733, 42.538340000000005], [-71.263314, 42.53779300000001], [-71.263376, 42.53735899999998], [-71.263007, 42.536752999999976], [-71.262035, 42.537169], [-71.261716, 42.53709800000001], [-71.261387, 42.53733199999997], [-71.26103, 42.53716200000001], [-71.260161, 42.53746600000001], [-71.258693, 42.537566999999996], [-71.258405, 42.53463500000001], [-71.257798, 42.532086], [-71.260424, 42.530936], [-71.25249, 42.524078], [-71.254572, 42.522593], [-71.256396, 42.523992], [-71.264098, 42.524081000000024], [-71.278107, 42.526712999999994], [-71.281051, 42.526348000000006], [-71.303739, 42.519926], [-71.306699, 42.52059299999999], [-71.306561, 42.518917000000016], [-71.306918, 42.517081000000005], [-71.30619500000002, 42.515079], [-71.30633, 42.514393], [-71.306653, 42.51405100000001], [-71.307871, 42.513686], [-71.308658, 42.513253999999996], [-71.311253, 42.511014], [-71.313421, 42.50971700000001], [-71.314641, 42.50856200000001], [-71.316422, 42.50733500000002], [-71.316968, 42.506463000000004], [-71.317708, 42.504796], [-71.31780900000001, 42.504217000000004], [-71.317538, 42.502425], [-71.31755100000001, 42.501414000000004], [-71.318305, 42.49819399999999], [-71.318585, 42.49115700000001], [-71.319026, 42.489677999999984], [-71.319138, 42.48806500000002], [-71.319644, 42.486933], [-71.319303, 42.486289000000006], [-71.31739, 42.48490599999999], [-71.316987, 42.484181000000014], [-71.317214, 42.483560999999995], [-71.318038, 42.48287700000001], [-71.319016, 42.482538999999996], [-71.32077, 42.482256000000014], [-71.321268, 42.480515], [-71.320124, 42.48033199999999], [-71.316891, 42.476623999999994], [-71.31704, 42.476479000000005], [-71.313768, 42.474182000000006], [-71.309465, 42.476404], [-71.306552, 42.47442700000001], [-71.304246, 42.474717999999996], [-71.30182400000001, 42.473240999999994], [-71.300818, 42.47365200000001], [-71.29872, 42.472909000000016], [-71.289676, 42.466182], [-71.289302, 42.46455700000003], [-71.29521, 42.463235000000005], [-71.29519, 42.46344600000001], [-71.302282, 42.46201000000001], [-71.302155, 42.461116000000025], [-71.303191, 42.461254], [-71.304804, 42.452759999999984], [-71.309929, 42.453248], [-71.310931, 42.453594], [-71.313618, 42.455023], [-71.335379, 42.437775999999985], [-71.35256, 42.42692300000001], [-71.353626, 42.42470300000001], [-71.354626, 42.421782999999984], [-71.355868, 42.42092600000001], [-71.356578, 42.419923], [-71.357084, 42.41982599999999], [-71.359152, 42.42066599999999], [-71.361458, 42.42112199999998], [-71.362562, 42.421056], [-71.364416, 42.42044099999999], [-71.364573, 42.420079], [-71.364581, 42.41813799999999], [-71.363933, 42.416558], [-71.363928, 42.416022000000005], [-71.365141, 42.414182999999994], [-71.365212, 42.413352999999994], [-71.36634, 42.41272], [-71.430389, 42.436937], [-71.464349, 42.45030000000003], [-71.478382, 42.437104], [-71.46944300000001, 42.40259300000001], [-71.472689, 42.389984999999996], [-71.475505, 42.380632000000006], [-71.483298, 42.353129999999986], [-71.486797, 42.33018899999999], [-71.50821600000002, 42.327928], [-71.516527, 42.33033600000001], [-71.551126, 42.326395000000005], [-71.569085, 42.32037299999999], [-71.58521, 42.31095199999999], [-71.592502, 42.317901], [-71.597363, 42.321016000000014], [-71.601885, 42.32697099999999], [-71.60371, 42.328548000000005], [-71.605266, 42.33016], [-71.603591, 42.33167600000001], [-71.604099, 42.336769000000004], [-71.604663, 42.336746000000005], [-71.611529, 42.338993], [-71.616047, 42.341463999999995], [-71.61755, 42.341967999999994], [-71.619131, 42.343348999999996], [-71.620658, 42.345248999999995], [-71.625825, 42.34972399999999], [-71.624702, 42.35046500000001], [-71.63394200000002, 42.35839800000001], [-71.677794, 42.365154000000025], [-71.67055100000002, 42.38666500000001], [-71.701017, 42.39580800000002], [-71.725979, 42.39028900000002], [-71.721578, 42.409239000000014], [-71.718362, 42.410219999999995], [-71.718699, 42.473373999999986], [-71.728385, 42.475128000000005], [-71.71674, 42.518971], [-71.712384, 42.52132899999999], [-71.702236, 42.53389499999997], [-71.711231, 42.535354000000005], [-71.720417, 42.55232900000001], [-71.745072, 42.573859999999996], [-71.76295, 42.56392400000001], [-71.757247, 42.562068], [-71.755875, 42.56117000000001], [-71.754096, 42.559456], [-71.75045, 42.553461999999996], [-71.747769, 42.549935], [-71.749869, 42.54975900000001], [-71.749149, 42.54905000000001], [-71.749679, 42.54520199999998], [-71.754166, 42.54605199999999], [-71.757766, 42.548567999999996], [-71.760362, 42.54762200000001], [-71.761951, 42.549808000000006], [-71.761588, 42.55190399999999], [-71.764287, 42.55505600000001], [-71.76918, 42.558142000000004], [-71.771342, 42.559248], [-71.786023, 42.551047000000004], [-71.78937, 42.550931], [-71.797118, 42.552551000000015], [-71.798699, 42.552594000000006], [-71.800126, 42.552110000000006], [-71.803752, 42.548897], [-71.804663, 42.548261999999994], [-71.806546, 42.54747200000001], [-71.8079, 42.54716400000001], [-71.814214, 42.54725300000001], [-71.819247, 42.54659899999999], [-71.821281, 42.546539], [-71.822928, 42.546794], [-71.829067, 42.548641999999994], [-71.83088, 42.54901800000001], [-71.832831, 42.54900200000001], [-71.837123, 42.548551], [-71.842004, 42.514679000000015], [-71.844954, 42.51443900000001], [-71.84737, 42.514704999999985], [-71.849404, 42.517903000000004], [-71.856837, 42.51908299999999], [-71.86104, 42.51637400000001], [-71.864531, 42.51693300000001], [-71.874865, 42.509519999999995], [-71.876761, 42.51108200000001], [-71.877329, 42.512498000000015], [-71.87762, 42.51284100000001], [-71.878465, 42.51354899999998], [-71.88015, 42.51458199999999], [-71.880781, 42.51484900000001], [-71.88323600000001, 42.515357], [-71.886937, 42.517309], [-71.890166, 42.517720000000004], [-71.890795, 42.517976], [-71.891834, 42.519978], [-71.892055, 42.521317], [-71.892049, 42.522785999999996], [-71.892932, 42.526251], [-71.893621, 42.527642000000014], [-71.895599, 42.530162000000004], [-71.896422, 42.53175199999999], [-71.897248, 42.531929999999996], [-71.898665, 42.532959], [-71.900833, 42.53368799999999], [-71.902143, 42.53492200000001], [-71.902439, 42.535679], [-71.903796, 42.534684999999996], [-71.904618, 42.533796], [-71.905082, 42.531265000000005], [-71.906503, 42.52923099999998], [-71.907369, 42.52853900000001], [-71.908493, 42.526557], [-71.911638, 42.524342999999995], [-71.913481, 42.52379199999999], [-71.91431, 42.52328199999997], [-71.916429, 42.524303], [-71.918559, 42.525772], [-71.92053, 42.52835], [-71.920466, 42.529876], [-71.921756, 42.52802000000001], [-71.925279, 42.52440500000001], [-71.926256, 42.52320600000001], [-71.927179, 42.523488000000015], [-71.929081, 42.52505200000002], [-71.929694, 42.52894799999999], [-71.932808, 42.52636400000002], [-71.936505, 42.52665100000001], [-71.937774, 42.526555], [-71.940649, 42.52617900000001], [-71.942943, 42.525342], [-71.945598, 42.525122], [-71.94847, 42.524485000000006], [-71.949314, 42.524045], [-71.949362, 42.523369], [-71.950129, 42.521885], [-71.949875, 42.52055700000001], [-71.950235, 42.519707000000004], [-71.95017, 42.519144000000004], [-71.951093, 42.51836], [-71.951318, 42.517904], [-71.951072, 42.517633], [-71.950913, 42.516807], [-71.950128, 42.51594799999998], [-71.949778, 42.51408000000001], [-71.949882, 42.513686], [-71.949603, 42.513122], [-71.949793, 42.51188600000002], [-71.979686, 42.53231000000001], [-72.001447, 42.54665799999999], [-72.02701, 42.563240999999984], [-72.014999, 42.567943000000014], [-72.016577, 42.569883000000004], [-72.018782, 42.570338], [-72.019454, 42.570778], [-72.019495, 42.57101], [-72.019242, 42.571222], [-72.017049, 42.572263], [-72.016633, 42.57305699999999], [-72.015999, 42.573655], [-72.016328, 42.574213], [-72.01687, 42.57439999999998], [-72.017029, 42.575535000000016], [-72.017889, 42.57646499999999], [-72.018607, 42.576699999999995], [-72.019366, 42.576706], [-72.019493, 42.576654], [-72.019595, 42.57591299999999], [-72.020021, 42.57549999999999], [-72.023074, 42.574409999999986], [-72.023419, 42.573673], [-72.026699, 42.57326600000002], [-72.026975, 42.573366], [-72.027441, 42.573930000000004], [-72.028502, 42.573904], [-72.029459, 42.574255], [-72.03072, 42.57399099999999], [-72.031218, 42.574211000000005], [-72.03135700000001, 42.57443599999999], [-72.031114, 42.575948000000004], [-72.032431, 42.575883], [-72.032926, 42.576324], [-72.032792, 42.57681399999999], [-72.032432, 42.576937], [-72.032207, 42.577250000000014], [-72.031729, 42.57833599999999], [-72.032829, 42.578765999999995], [-72.034599, 42.579992], [-72.035494, 42.580104], [-72.035686, 42.57990999999999], [-72.035723, 42.579038], [-72.036323, 42.57819700000001], [-72.037054, 42.57740900000001], [-72.037997, 42.577070000000006], [-72.038207, 42.57715700000001], [-72.038217, 42.57733000000001], [-72.03751, 42.57786499999999], [-72.037492, 42.578097000000014], [-72.037849, 42.578408], [-72.038263, 42.578639], [-72.038852, 42.57847599999999], [-72.039315, 42.578655], [-72.040386, 42.57861400000001], [-72.041019, 42.57931399999999], [-72.042024, 42.579794], [-72.042183, 42.58030199999999], [-72.041546, 42.58086799999999], [-72.042038, 42.582137], [-72.041514, 42.582894], [-72.041626, 42.583245], [-72.042237, 42.58362499999999], [-72.042293, 42.583909], [-72.041609, 42.584776], [-72.039315, 42.585564], [-72.038829, 42.586220000000004], [-72.038802, 42.586481000000006], [-72.039444, 42.586849000000015], [-72.039717, 42.587697], [-72.040869, 42.58822499999999], [-72.042209, 42.589363999999996], [-72.041883, 42.59031699999999], [-72.041811, 42.591978], [-72.035983, 42.593857], [-72.075749, 42.625235], [-72.116458, 42.62658200000001], [-72.116631, 42.62660699999999]]]}}, {"type": "Feature", "properties": {"district_name": "4th Congressional District", "chamber": "us-house", "vintage": "2022-present", "url": "/district/us-house-4th-congressional-district-2022-present/", "latest_year": 2024, "years": [{"year": 2024, "lean_dem_share": 0.601, "competitiveness": "Safe", "competitiveness_label": "Safe D", "party_favored": "Democratic", "is_uncontested": true, "turnout_ratio": 0.7277, "winner_name": "Jake Auchincloss", "winner_party": "Democratic", "winner_war": null, "winner_lean_component": 0.3843, "winner_tide_component": 0.0405, "winner_incumbency_adjustment": 0.035, "winner_demographics_component": null, "winner_fundraising_component": null}, {"year": 2022, "lean_dem_share": 0.6292, "competitiveness": "Safe", "competitiveness_label": "Safe D", "party_favored": "Democratic", "is_uncontested": true, "turnout_ratio": 0.7083, "winner_name": "Jake Auchincloss", "winner_party": "Democratic", "winner_war": null, "winner_lean_component": 0.3843, "winner_tide_component": 0.0418, "winner_incumbency_adjustment": 0.0, "winner_demographics_component": null, "winner_fundraising_component": null}], "lean_dem_share": 0.601, "competitiveness": "Safe", "competitiveness_label": "Safe D", "party_favored": "Democratic", "is_uncontested": true, "turnout_ratio": 0.7277, "winner_name": "Jake Auchincloss", "winner_party": "Democratic", "winner_war": null, "winner_lean_component": 0.3843, "winner_tide_component": 0.0405, "winner_incumbency_adjustment": 0.035, "winner_demographics_component": null, "winner_fundraising_component": null}, "geometry": {"type": "Polygon", "coordinates": [[[-71.592748, 42.12164800000001], [-71.573414, 42.135790000000014], [-71.570005, 42.13918400000001], [-71.571591, 42.14236699999999], [-71.571402, 42.151844999999994], [-71.560954, 42.158315], [-71.561914, 42.15896299999999], [-71.561999, 42.159344999999995], [-71.562295, 42.159512], [-71.562372, 42.159995], [-71.562817, 42.160155], [-71.563003, 42.16051300000001], [-71.56350400000001, 42.16068399999999], [-71.563714, 42.161172999999984], [-71.563532, 42.16152999999999], [-71.56385, 42.162174000000014], [-71.563522, 42.162384], [-71.563466, 42.163285], [-71.564029, 42.164054], [-71.564441, 42.164204], [-71.564259, 42.16448599999998], [-71.564463, 42.165096], [-71.564288, 42.165958], [-71.562839, 42.167838999999994], [-71.559809, 42.167108], [-71.559783, 42.167623], [-71.560155, 42.168027], [-71.560462, 42.16804200000001], [-71.560765, 42.16764599999999], [-71.561056, 42.167598000000005], [-71.561227, 42.167786], [-71.560504, 42.16852200000002], [-71.56055200000002, 42.16873800000001], [-71.561759, 42.17034899999999], [-71.562327, 42.171448999999996], [-71.563269, 42.171969999999995], [-71.563197, 42.172366999999994], [-71.562578, 42.17269600000003], [-71.562689, 42.173175], [-71.562516, 42.17409799999998], [-71.561874, 42.174305000000004], [-71.561736, 42.174715000000006], [-71.561985, 42.175444000000006], [-71.561861, 42.17579499999998], [-71.562029, 42.17593699999999], [-71.561972, 42.176491000000006], [-71.561626, 42.17673799999998], [-71.562017, 42.178614000000024], [-71.561498, 42.178672999999996], [-71.56146, 42.17887], [-71.560888, 42.178976999999996], [-71.560263, 42.178805999999994], [-71.55981500000001, 42.17893599999999], [-71.558832, 42.17884199999999], [-71.558352, 42.17873000000001], [-71.557946, 42.178312000000005], [-71.557472, 42.178469000000014], [-71.557187, 42.178342000000015], [-71.556969, 42.178049], [-71.556382, 42.17778099999999], [-71.556468, 42.17763799999998], [-71.555944, 42.177251999999996], [-71.555819, 42.177402000000015], [-71.555382, 42.17732899999999], [-71.555367, 42.17752500000001], [-71.555079, 42.17761], [-71.554898, 42.17811300000002], [-71.553711, 42.178242999999995], [-71.552525, 42.177408], [-71.551666, 42.17857100000001], [-71.552008, 42.17977499999998], [-71.552368, 42.180015], [-71.55259, 42.179984], [-71.552548, 42.180443], [-71.552866, 42.18109799999999], [-71.553646, 42.18140600000001], [-71.55382, 42.18182500000001], [-71.55431800000001, 42.18177099999999], [-71.555806, 42.182079], [-71.555915, 42.18222499999999], [-71.55557300000001, 42.182177999999986], [-71.555497, 42.18234200000001], [-71.555738, 42.182503000000004], [-71.539498, 42.189733999999994], [-71.506894, 42.188927], [-71.502626, 42.191416], [-71.497378, 42.166643000000015], [-71.49313600000002, 42.166209999999985], [-71.478027, 42.165871], [-71.478522, 42.13137799999999], [-71.461441, 42.13364099999999], [-71.442693, 42.13578400000001], [-71.442279, 42.13557200000001], [-71.442451, 42.13545600000001], [-71.442366, 42.135316], [-71.441841, 42.135248000000004], [-71.441769, 42.13503000000001], [-71.441426, 42.134829], [-71.440248, 42.13526700000001], [-71.439259, 42.135029000000024], [-71.438625, 42.13518500000001], [-71.437063, 42.134814000000006], [-71.436193, 42.134319], [-71.435529, 42.134208], [-71.434572, 42.134327], [-71.434451, 42.134508000000004], [-71.43482400000002, 42.13489700000001], [-71.434926, 42.135314000000015], [-71.434745, 42.13559000000001], [-71.434299, 42.135612999999985], [-71.434226, 42.135095], [-71.433797, 42.135161], [-71.433496, 42.135646], [-71.433865, 42.13597100000002], [-71.433089, 42.13649499999999], [-71.432788, 42.13714], [-71.431847, 42.138025999999996], [-71.43094, 42.138262], [-71.43083, 42.138628000000004], [-71.430229, 42.139012], [-71.429514, 42.13897200000002], [-71.42880100000002, 42.138288999999986], [-71.427852, 42.138108], [-71.427085, 42.138566], [-71.425821, 42.138670000000005], [-71.424382, 42.13904500000001], [-71.423191, 42.139115], [-71.421829, 42.13872800000001], [-71.419221, 42.138968000000006], [-71.418942, 42.138789], [-71.419036, 42.13832099999999], [-71.420237, 42.13782700000002], [-71.420535, 42.137541000000006], [-71.41999, 42.137201999999995], [-71.419674, 42.13760199999999], [-71.419323, 42.13744599999998], [-71.419044, 42.136478999999994], [-71.418845, 42.136402], [-71.417735, 42.136731000000005], [-71.416624, 42.137555000000006], [-71.415098, 42.13825900000001], [-71.414703, 42.137917], [-71.414707, 42.13733900000001], [-71.415053, 42.13651100000001], [-71.41571500000002, 42.136077], [-71.415833, 42.13563400000001], [-71.415409, 42.134981999999994], [-71.414368, 42.13414699999999], [-71.413643, 42.133766000000016], [-71.41269100000001, 42.133604], [-71.411328, 42.134415000000004], [-71.411062, 42.13445299999999], [-71.410049, 42.13398500000001], [-71.40924, 42.134044], [-71.408627, 42.13432099999999], [-71.406237, 42.136309000000004], [-71.405, 42.13679299999999], [-71.404177, 42.13756000000001], [-71.403259, 42.139134], [-71.402343, 42.139542999999996], [-71.40094, 42.13909900000001], [-71.39909, 42.138768999999996], [-71.398106, 42.138173], [-71.397519, 42.137614000000006], [-71.397083, 42.137447000000016], [-71.397103, 42.13732300000001], [-71.384991, 42.13527500000001], [-71.383494, 42.13519299999999], [-71.383092, 42.135515], [-71.382096, 42.13554700000001], [-71.381998, 42.135436999999996], [-71.382123, 42.13529499999999], [-71.382803, 42.135031], [-71.38292600000001, 42.134213], [-71.382527, 42.133942], [-71.38212, 42.13392199999999], [-71.382074, 42.13378199999999], [-71.382499, 42.133668], [-71.383132, 42.13381700000001], [-71.38332, 42.13365299999999], [-71.38328, 42.13349099999999], [-71.382716, 42.133145000000006], [-71.38249, 42.133451], [-71.38194, 42.13345799999999], [-71.381101, 42.13286600000002], [-71.380591, 42.13314299999998], [-71.380188, 42.132925], [-71.379534, 42.13313800000001], [-71.379326, 42.13324499999999], [-71.379242, 42.133614999999985], [-71.380044, 42.134592], [-71.379931, 42.135374000000006], [-71.379584, 42.13576], [-71.378944, 42.135834], [-71.378109, 42.13539200000001], [-71.37679, 42.13561], [-71.375618, 42.13545399999999], [-71.3793, 42.141639999999995], [-71.380366, 42.14316699999999], [-71.40229500000001, 42.17879400000002], [-71.404427, 42.18843300000001], [-71.384765, 42.19201399999999], [-71.380182, 42.201758999999996], [-71.388206, 42.20430300000001], [-71.388489, 42.20800499999999], [-71.391706, 42.20974200000001], [-71.393923, 42.207089], [-71.397341, 42.207889], [-71.397056, 42.20815100000001], [-71.397027, 42.20856799999999], [-71.397311, 42.20874299999999], [-71.39719, 42.20905900000001], [-71.397358, 42.209199000000005], [-71.397333, 42.209842], [-71.397529, 42.210302000000006], [-71.398603, 42.21120699999998], [-71.399672, 42.211725], [-71.400191, 42.211791000000005], [-71.40058, 42.212422999999994], [-71.40118, 42.212927000000015], [-71.402035, 42.213198999999996], [-71.402227, 42.213131], [-71.402468, 42.213577], [-71.403582, 42.21428699999999], [-71.403709, 42.214861000000006], [-71.401953, 42.21542], [-71.407331, 42.218164], [-71.407961, 42.217656], [-71.408256, 42.218444999999996], [-71.410022, 42.21874900000003], [-71.409893, 42.219198999999996], [-71.41009100000001, 42.219816], [-71.409118, 42.220425999999996], [-71.408829, 42.221092000000006], [-71.408615, 42.22111400000001], [-71.408758, 42.22219800000002], [-71.408966, 42.222387999999995], [-71.408953, 42.22295899999999], [-71.40968, 42.22401399999999], [-71.409088, 42.224340999999995], [-71.409049, 42.224575], [-71.409298, 42.224888000000014], [-71.409323, 42.225342], [-71.409586, 42.22560099999999], [-71.409605, 42.22593700000001], [-71.410074, 42.226558], [-71.410407, 42.226572000000004], [-71.411305, 42.22706500000001], [-71.411482, 42.227411999999994], [-71.412109, 42.227651000000016], [-71.412538, 42.228171], [-71.412801, 42.229355], [-71.413045, 42.229639000000006], [-71.412664, 42.23101400000001], [-71.413044, 42.23215], [-71.41339, 42.23256499999999], [-71.41321, 42.233583], [-71.413362, 42.234556999999995], [-71.413675, 42.23488900000001], [-71.414973, 42.235449000000024], [-71.416491, 42.23667799999999], [-71.417259, 42.23788799999998], [-71.4188, 42.238198000000004], [-71.420075, 42.23812300000001], [-71.418303, 42.246504], [-71.419298, 42.25728099999999], [-71.397769, 42.261527999999984], [-71.390365, 42.27191600000001], [-71.376833, 42.269489], [-71.356907, 42.263495], [-71.356656, 42.263314], [-71.35645, 42.26248900000001], [-71.356599, 42.262206], [-71.357141, 42.261882], [-71.357098, 42.261435000000006], [-71.35671, 42.26134499999999], [-71.356487, 42.261016], [-71.356686, 42.259983999999996], [-71.35623200000002, 42.25922500000001], [-71.355453, 42.259001999999995], [-71.355, 42.258662000000015], [-71.354443, 42.25862699999999], [-71.354267, 42.258361], [-71.354493, 42.258039000000004], [-71.354399, 42.257686], [-71.353681, 42.25679299999999], [-71.353372, 42.256874], [-71.351776, 42.255816], [-71.350829, 42.25589599999999], [-71.348409, 42.254704000000004], [-71.344932, 42.25384], [-71.341777, 42.253537], [-71.342459, 42.25045499999999], [-71.332908, 42.24783800000001], [-71.332434, 42.247729000000014], [-71.332676, 42.248449999999984], [-71.332496, 42.249075000000005], [-71.302922, 42.24827400000001], [-71.30846, 42.270709], [-71.308115, 42.271223], [-71.308029, 42.27181099999999], [-71.308476, 42.27229400000001], [-71.309013, 42.27334200000002], [-71.309025, 42.27480799999999], [-71.309496, 42.275704], [-71.309302, 42.276378999999984], [-71.308875, 42.27667399999999], [-71.307341, 42.27710499999999], [-71.304636, 42.27835799999999], [-71.302477, 42.28016], [-71.300997, 42.282361], [-71.300315, 42.282897000000006], [-71.299949, 42.282911000000006], [-71.29822, 42.28176199999998], [-71.297109, 42.28197900000001], [-71.297016, 42.282434], [-71.297465, 42.28279200000001], [-71.297681, 42.283263], [-71.297548, 42.283543], [-71.296125, 42.28421499999999], [-71.295115, 42.28506], [-71.294222, 42.28553199999998], [-71.292847, 42.28846899999999], [-71.29199100000001, 42.28901700000001], [-71.291693, 42.289401000000005], [-71.291722, 42.291148], [-71.291202, 42.291882999999984], [-71.29128900000002, 42.292794999999984], [-71.291174, 42.293203], [-71.290587, 42.293917000000015], [-71.28951, 42.294654000000016], [-71.288317, 42.29582700000001], [-71.28797, 42.295978000000005], [-71.2869, 42.294700000000006], [-71.28411, 42.29379999999998], [-71.28127, 42.29228], [-71.28018, 42.29202999999999], [-71.27917, 42.29204999999999], [-71.27845, 42.2924], [-71.27526, 42.29473000000001], [-71.276059, 42.296708], [-71.276776, 42.29732700000001], [-71.279256, 42.29883999999999], [-71.277786, 42.299042000000014], [-71.27663, 42.30001], [-71.27579, 42.30022000000001], [-71.26437, 42.300180000000005], [-71.26835, 42.30237999999998], [-71.26899, 42.302600000000005], [-71.27055, 42.30278], [-71.27282, 42.30382999999999], [-71.272, 42.30469], [-71.27274, 42.305080000000004], [-71.273, 42.30578999999997], [-71.27407, 42.30567], [-71.27431, 42.305400000000006], [-71.27512, 42.305020000000006], [-71.275926, 42.30565800000002], [-71.27803, 42.30675999999999], [-71.278588, 42.308308], [-71.27615, 42.31064000000002], [-71.27712, 42.31198], [-71.275603, 42.312565000000006], [-71.274648, 42.313445], [-71.273806, 42.313912], [-71.271917, 42.31431100000002], [-71.266215, 42.314781], [-71.260518, 42.314110000000014], [-71.253327, 42.314824000000016], [-71.248799, 42.315557999999996], [-71.24663000000001, 42.31573000000001], [-71.246917, 42.31689100000002], [-71.247444, 42.317498000000015], [-71.246777, 42.317645], [-71.247023, 42.318270999999996], [-71.246699, 42.31891200000001], [-71.24636, 42.31907200000001], [-71.246329, 42.319541], [-71.245942, 42.32025999999999], [-71.246146, 42.321012999999994], [-71.246799, 42.321061], [-71.247352, 42.32137800000001], [-71.248307, 42.32252999999999], [-71.248756, 42.32344700000001], [-71.249938, 42.32386300000002], [-71.250229, 42.324551], [-71.251245, 42.325271], [-71.251746, 42.326123], [-71.252937, 42.32675600000001], [-71.253575, 42.32673200000001], [-71.254308, 42.326052], [-71.25447, 42.325391999999994], [-71.254888, 42.32512600000001], [-71.256295, 42.324659000000004], [-71.257818, 42.324506], [-71.258398, 42.32493799999999], [-71.258999, 42.326340999999985], [-71.259565, 42.326674], [-71.260249, 42.32679], [-71.261952, 42.32664900000001], [-71.262488, 42.326509], [-71.263092, 42.326052], [-71.263536, 42.32601699999999], [-71.266097, 42.327391000000006], [-71.269559, 42.327779], [-71.270255, 42.328555], [-71.270249, 42.328929999999986], [-71.269763, 42.32976399999999], [-71.270279, 42.33052200000001], [-71.270292, 42.330864000000005], [-71.269767, 42.33118100000001], [-71.268477, 42.33066900000001], [-71.267819, 42.330574999999996], [-71.265666, 42.33127300000001], [-71.26513, 42.33182999999999], [-71.264726, 42.333944], [-71.264415, 42.334472999999996], [-71.263138, 42.334903000000004], [-71.26122, 42.334605], [-71.259933, 42.334825000000016], [-71.259204, 42.33541899999999], [-71.25893400000001, 42.336019], [-71.258964, 42.336579], [-71.256746, 42.338040000000014], [-71.255689, 42.339290999999996], [-71.255885, 42.340111], [-71.256864, 42.340648], [-71.258248, 42.341190000000005], [-71.26037, 42.34089900000001], [-71.261042, 42.341002], [-71.261596, 42.341353999999995], [-71.261884, 42.34186900000001], [-71.261236, 42.34428200000001], [-71.259759, 42.346111], [-71.259793, 42.34661000000002], [-71.260432, 42.34761200000001], [-71.260306, 42.348194], [-71.259963, 42.34855700000001], [-71.258747, 42.349107999999994], [-71.258624, 42.349360999999995], [-71.25863100000001, 42.350052], [-71.25914500000002, 42.35172399999999], [-71.260099, 42.353016], [-71.260358, 42.35365800000002], [-71.256465, 42.354905], [-71.256356, 42.354012000000004], [-71.255731, 42.353754], [-71.255217, 42.353928], [-71.254034, 42.35477], [-71.253146, 42.355897000000006], [-71.23468, 42.361377], [-71.217061, 42.366569], [-71.21634100000001, 42.36584799999999], [-71.215534, 42.365608], [-71.21451, 42.36568200000001], [-71.21373, 42.36512400000001], [-71.211259, 42.36428499999996], [-71.209942, 42.364132], [-71.208812, 42.364577999999995], [-71.20745800000002, 42.36409999999999], [-71.206321, 42.36461299999999], [-71.205098, 42.365749], [-71.202866, 42.365686999999994], [-71.202029, 42.36582], [-71.200515, 42.366271999999995], [-71.198323, 42.367402000000006], [-71.197744, 42.36733999999999], [-71.19708, 42.36693900000001], [-71.196485, 42.367024000000015], [-71.19585400000001, 42.367694], [-71.19542200000001, 42.367825], [-71.195206, 42.36773399999999], [-71.19476500000002, 42.366871], [-71.192215, 42.36542399999999], [-71.196298, 42.361802000000004], [-71.18368, 42.358829], [-71.182126, 42.360681], [-71.17824, 42.359565999999994], [-71.175272, 42.359272], [-71.172754, 42.35933100000001], [-71.169381, 42.360136], [-71.167625, 42.360073000000014], [-71.173916, 42.35346499999999], [-71.17485, 42.350337], [-71.166683, 42.340104000000004], [-71.166808, 42.33928999999997], [-71.168633, 42.338629], [-71.169217, 42.33806800000001], [-71.168886, 42.33582599999999], [-71.16857, 42.335143], [-71.168191, 42.33479100000001], [-71.167565, 42.333441], [-71.162732, 42.333961], [-71.161295, 42.33378299999999], [-71.159325, 42.332767999999994], [-71.157036, 42.33039], [-71.149853, 42.334635], [-71.150461, 42.334968], [-71.15005900000001, 42.33539299999999], [-71.148295, 42.335806999999996], [-71.148742, 42.336866], [-71.146156, 42.33744200000002], [-71.146606, 42.33853700000002], [-71.146245, 42.338595], [-71.14421200000001, 42.34002199999999], [-71.141939, 42.340008], [-71.141326, 42.341048], [-71.135278, 42.345940999999996], [-71.133381, 42.347122000000006], [-71.129281, 42.34906699999999], [-71.128583, 42.349833000000004], [-71.126854, 42.35008799999999], [-71.124067, 42.351552], [-71.122942, 42.35141599999997], [-71.122855, 42.351860999999985], [-71.10657, 42.349912], [-71.107213, 42.347049000000005], [-71.105516, 42.343812], [-71.106072, 42.34358299999999], [-71.10651400000002, 42.34310599999999], [-71.10802700000002, 42.34247799999999], [-71.10849, 42.34183699999999], [-71.109553, 42.34149399999999], [-71.110579, 42.340443], [-71.110885, 42.338884], [-71.111559, 42.33738100000001], [-71.110708, 42.336307999999995], [-71.11099, 42.335757], [-71.110533, 42.33532999999999], [-71.112192, 42.333801000000015], [-71.113212, 42.332458], [-71.113575, 42.330467000000006], [-71.11504, 42.32730800000001], [-71.115271, 42.326933999999994], [-71.115965, 42.32637900000001], [-71.115948, 42.325734999999995], [-71.116537, 42.32393900000002], [-71.116772, 42.323769999999996], [-71.118398, 42.323454999999996], [-71.118509, 42.323116], [-71.11887, 42.322858], [-71.119436, 42.322735], [-71.120112, 42.32283499999998], [-71.121528, 42.323882], [-71.12336700000002, 42.322571], [-71.123711, 42.32271600000002], [-71.124269, 42.321856], [-71.13186300000001, 42.31317800000001], [-71.13650200000001, 42.306204], [-71.140096, 42.302173000000025], [-71.146883, 42.29728], [-71.152113, 42.29458799999998], [-71.164702, 42.30382999999999], [-71.178636, 42.29459500000001], [-71.191247, 42.28299200000001], [-71.191131, 42.282363999999994], [-71.190753, 42.28184000000002], [-71.188212, 42.280438000000004], [-71.196694, 42.269223999999994], [-71.197125, 42.26895300000001], [-71.198791, 42.268431], [-71.199208, 42.26796700000001], [-71.199786, 42.26770199999999], [-71.205024, 42.267058999999996], [-71.205727, 42.26757], [-71.208049, 42.26785100000001], [-71.209262, 42.267514000000006], [-71.21093, 42.267302], [-71.214565, 42.26770199999999], [-71.217005, 42.26852299999999], [-71.217973, 42.268678], [-71.218311, 42.268458], [-71.218123, 42.267665], [-71.218675, 42.265387000000004], [-71.219875, 42.263532000000005], [-71.221567, 42.26342700000001], [-71.222488, 42.262881], [-71.223188, 42.262696999999996], [-71.22429, 42.26318100000001], [-71.22565600000001, 42.26413300000001], [-71.227284, 42.263909000000005], [-71.228685, 42.264309], [-71.229455, 42.263906999999996], [-71.230347, 42.261361999999984], [-71.232285, 42.258424999999995], [-71.232237, 42.256898], [-71.251416, 42.202613], [-71.254124, 42.2028], [-71.256403, 42.203672000000005], [-71.258194, 42.204071], [-71.258263, 42.20391000000001], [-71.259791, 42.204115000000016], [-71.26105500000001, 42.204096], [-71.263711, 42.203328000000006], [-71.267523, 42.200938999999984], [-71.269569, 42.20049899999999], [-71.275671, 42.18166700000001], [-71.275025, 42.148622999999986], [-71.303751, 42.14949999999999], [-71.303566, 42.148693], [-71.303227, 42.148669000000005], [-71.303225, 42.14843800000001], [-71.302846, 42.14846300000001], [-71.302603, 42.14897799999999], [-71.30234000000002, 42.149026], [-71.302202, 42.14865099999999], [-71.301967, 42.148572], [-71.301965, 42.148165999999996], [-71.301282, 42.148253000000004], [-71.300817, 42.14809099999997], [-71.300873, 42.14750299999999], [-71.300562, 42.147506], [-71.300118, 42.147176], [-71.300441, 42.14692900000001], [-71.300302, 42.146582], [-71.300678, 42.14625100000001], [-71.300275, 42.146039], [-71.300118, 42.14573100000001], [-71.300696, 42.14506799999997], [-71.300351, 42.14472099999999], [-71.300386, 42.14433799999999], [-71.299878, 42.144072999999985], [-71.29985, 42.14376199999999], [-71.300443, 42.143138], [-71.300506, 42.142874], [-71.300228, 42.14269500000001], [-71.300263, 42.14234799999999], [-71.300005, 42.14198699999999], [-71.299406, 42.141771000000006], [-71.299416, 42.14141399999998], [-71.299724, 42.141226], [-71.299721, 42.140854], [-71.299193, 42.140677999999994], [-71.298947, 42.140420000000006], [-71.29921, 42.13986], [-71.29909300000001, 42.13886300000002], [-71.299597, 42.13881700000001], [-71.299748, 42.138501000000005], [-71.300323, 42.138658], [-71.300347, 42.13847399999999], [-71.300665, 42.13830399999998], [-71.300584, 42.138083], [-71.301348, 42.13777300000002], [-71.301379, 42.137194], [-71.301655, 42.137224999999994], [-71.302186, 42.136871], [-71.30212900000001, 42.13669900000001], [-71.30176, 42.136634], [-71.29991200000002, 42.129408999999995], [-71.29894, 42.1265], [-71.300223, 42.12591], [-71.297154, 42.12050899999999], [-71.295901, 42.116614], [-71.280268, 42.088491999999995], [-71.271736, 42.09844499999999], [-71.255347, 42.104131], [-71.253302, 42.105343999999995], [-71.238804, 42.106401], [-71.238695, 42.10952999999999], [-71.238917, 42.112220000000015], [-71.237993, 42.11289600000002], [-71.238432, 42.114277000000016], [-71.239142, 42.11494299999999], [-71.239417, 42.115505999999996], [-71.239362, 42.11593400000001], [-71.23908, 42.11604799999998], [-71.23903, 42.116797], [-71.238736, 42.117042999999995], [-71.23884, 42.11714099999998], [-71.238449, 42.11775099999999], [-71.238764, 42.11807199999999], [-71.23878100000002, 42.118478999999994], [-71.238979, 42.118551], [-71.238927, 42.11882200000001], [-71.23913, 42.118826000000006], [-71.238862, 42.119335], [-71.239148, 42.119688], [-71.239116, 42.120001], [-71.239616, 42.12029400000001], [-71.239898, 42.12083], [-71.239073, 42.12096100000002], [-71.238681, 42.121358999999984], [-71.238117, 42.12135800000001], [-71.237955, 42.121614999999984], [-71.233293, 42.12341200000001], [-71.233168, 42.12300099999999], [-71.231098, 42.123298000000005], [-71.233307, 42.125958999999995], [-71.233475, 42.128569], [-71.232201, 42.13059400000001], [-71.231873, 42.131633], [-71.230666, 42.13205900000001], [-71.230398, 42.13257400000001], [-71.229082, 42.132605000000005], [-71.227832, 42.13308000000001], [-71.227436, 42.13346000000001], [-71.22699, 42.134363000000015], [-71.22599, 42.13541000000001], [-71.186885, 42.153264000000014], [-71.188691, 42.161127000000015], [-71.188146, 42.16148900000001], [-71.188108, 42.16132499999998], [-71.187881, 42.161308000000005], [-71.186607, 42.161486], [-71.185833, 42.16216099999999], [-71.185032, 42.16245900000002], [-71.184323, 42.16249200000001], [-71.183467, 42.163041], [-71.183387, 42.16323800000002], [-71.18280300000002, 42.16328699999999], [-71.18253, 42.163722000000014], [-71.182179, 42.163883], [-71.182219, 42.164145999999995], [-71.182066, 42.164221999999995], [-71.182014, 42.16457199999999], [-71.181712, 42.16475], [-71.181753, 42.165141999999996], [-71.181313, 42.16552300000001], [-71.180182, 42.165496000000005], [-71.180005, 42.165084], [-71.179796, 42.164978000000005], [-71.17902, 42.16528299999999], [-71.179188, 42.16590299999999], [-71.178516, 42.165881000000006], [-71.177974, 42.165654999999994], [-71.178135, 42.165045000000006], [-71.177853, 42.16413599999999], [-71.178013, 42.16396099999999], [-71.175763, 42.15559899999999], [-71.176368, 42.155360000000016], [-71.171993, 42.15152400000001], [-71.162198, 42.145279], [-71.163542, 42.141456999999996], [-71.149166, 42.13861199999999], [-71.150078, 42.13656499999998], [-71.150165, 42.13585299999998], [-71.149757, 42.133631], [-71.148542, 42.131160999999985], [-71.14845600000001, 42.12874900000001], [-71.148205, 42.128117000000024], [-71.147209, 42.12655600000001], [-71.146017, 42.125368999999985], [-71.142058, 42.12264000000001], [-71.139102, 42.120235], [-71.138604, 42.119546], [-71.136462, 42.11530600000002], [-71.135774, 42.113489999999985], [-71.133582, 42.11118], [-71.133021, 42.10936], [-71.132028, 42.10749999999999], [-71.131657, 42.10596900000001], [-71.13168, 42.10419], [-71.13114, 42.10198], [-71.13129, 42.10074], [-71.1324, 42.09893000000001], [-71.13312, 42.096810000000005], [-71.13377, 42.09579], [-71.13526, 42.09255999999999], [-71.13586, 42.09071999999999], [-71.13766, 42.08865000000001], [-71.13837, 42.086780000000005], [-71.139428, 42.08486999999999], [-71.13934, 42.08452], [-71.138728, 42.08368600000001], [-71.1388, 42.08311], [-71.139413, 42.08204400000002], [-71.139592, 42.08127799999998], [-71.13941, 42.07976000000002], [-71.139469, 42.07829399999999], [-71.139001, 42.07715], [-71.138462, 42.076560000000015], [-71.13902, 42.074831], [-71.138607, 42.072774999999986], [-71.16868100000002, 42.061161], [-71.159263, 42.01543300000001], [-71.15645, 42.001042000000034], [-71.10203, 41.993348], [-71.070345, 41.987840999999975], [-71.070699, 41.986438], [-71.070689, 41.985650000000014], [-71.069742, 41.98111099999999], [-71.069272, 41.98107799999999], [-71.068118, 41.97965500000001], [-71.066308, 41.978037000000015], [-71.061028, 41.978883], [-71.060407, 41.973718], [-71.063727, 41.97325399999998], [-71.063253, 41.972199], [-71.061703, 41.97042400000001], [-71.061668, 41.96822800000001], [-71.063656, 41.96815399999999], [-71.063596, 41.967105000000004], [-71.06344, 41.966946000000014], [-71.061598, 41.96701200000001], [-71.061447, 41.96440299999996], [-71.064474, 41.964090999999996], [-71.067907, 41.96319500000001], [-71.070324, 41.954069], [-71.073508, 41.954854000000005], [-71.073854, 41.94877700000001], [-71.074038, 41.948113], [-71.074523, 41.947474000000014], [-71.075073, 41.94698900000003], [-71.08549, 41.941743], [-71.0844, 41.94125499999999], [-71.080252, 41.93845699999999], [-71.07981, 41.93845499999999], [-71.074815, 41.945876000000005], [-71.07289400000002, 41.94899499999999], [-71.067299, 41.947095], [-71.064644, 41.94664099999999], [-71.060327, 41.94512300000001], [-71.056722, 41.943101999999996], [-71.053409, 41.940488999999985], [-71.052836, 41.93947], [-71.051243, 41.93510099999999], [-71.051081, 41.93382900000001], [-71.049999, 41.93374399999999], [-71.04718, 41.933929], [-71.046191, 41.93616200000002], [-71.040948, 41.93508100000001], [-71.037883, 41.933559999999986], [-71.037153, 41.93225799999998], [-71.036036, 41.933088999999995], [-71.034721, 41.932361], [-71.035648, 41.93121299999999], [-71.036854, 41.929131000000005], [-71.037534, 41.927528], [-71.038087, 41.92679000000001], [-71.035062, 41.92446999999999], [-71.035648, 41.923657], [-71.033381, 41.92305900000001], [-71.028278, 41.922536999999984], [-71.027171, 41.922662], [-71.02517, 41.92322599999999], [-71.021672, 41.923474000000006], [-71.018837, 41.924260000000004], [-71.016369, 41.920366], [-71.015685, 41.917722999999995], [-71.01334, 41.91323799999999], [-71.013459, 41.91082099999999], [-71.012449, 41.908567], [-71.011188, 41.90700099999997], [-71.01042600000001, 41.90720299999999], [-71.006978, 41.908953], [-71.005709, 41.90938], [-71.00478, 41.910262], [-71.004629, 41.91058300000001], [-71.004625, 41.911311], [-71.005437, 41.913693000000016], [-71.005368, 41.914753000000005], [-71.003484, 41.917363000000016], [-71.001003, 41.917673], [-71.001089, 41.91880599999999], [-71.000303, 41.91888600000001], [-70.999888, 41.918637], [-70.998995, 41.918693000000005], [-70.997494, 41.91844], [-70.997395, 41.917401999999996], [-70.997132, 41.916682000000016], [-70.996347, 41.915627000000015], [-70.995822, 41.91524000000001], [-70.994517, 41.91494], [-70.994367, 41.915065000000006], [-70.99431, 41.916002], [-70.993666, 41.916459], [-70.992849, 41.91632899999998], [-70.992033, 41.91575100000001], [-70.990984, 41.910059], [-70.99115, 41.909133], [-70.991584, 41.90807300000001], [-70.992307, 41.907059000000004], [-70.993152, 41.906445000000005], [-70.992933, 41.906228], [-70.992745, 41.9064], [-70.99241, 41.90624599999999], [-70.992289, 41.90636400000001], [-70.991849, 41.90608099999998], [-70.99134, 41.90655299999999], [-70.990591, 41.906689], [-70.989679, 41.906493000000005], [-70.989416, 41.90606], [-70.988902, 41.90580400000001], [-70.987837, 41.905677], [-70.987256, 41.905808], [-70.986745, 41.90636400000001], [-70.985761, 41.90689], [-70.985165, 41.907454], [-70.984874, 41.907451], [-70.984095, 41.906569000000005], [-70.983802, 41.906487000000006], [-70.983494, 41.906015000000004], [-70.982452, 41.905790999999994], [-70.981114, 41.90497], [-70.980102, 41.903608000000006], [-70.978737, 41.903892], [-70.978316, 41.90352899999999], [-70.978203, 41.903025], [-70.977982, 41.90288400000001], [-70.977862, 41.902534], [-70.9772, 41.902115], [-70.976661, 41.901382000000005], [-70.976379, 41.901339], [-70.976282, 41.90115099999999], [-70.976046, 41.90115], [-70.975803, 41.90137300000001], [-70.975369, 41.901379], [-70.97513, 41.90117900000001], [-70.974738, 41.90137], [-70.972505, 41.90133399999999], [-70.97221, 41.901456], [-70.972261, 41.901644000000005], [-70.971963, 41.90172900000002], [-70.970408, 41.90132000000001], [-70.967133, 41.90125400000001], [-70.964761, 41.899394], [-70.964219, 41.898187000000014], [-70.963492, 41.897118], [-70.963344, 41.89638599999999], [-70.919205, 41.87902299999999], [-70.916411, 41.87691699999999], [-70.916611, 41.87652900000001], [-70.916096, 41.874833], [-70.916327, 41.87257], [-70.91605800000002, 41.872350999999995], [-70.915066, 41.872316], [-70.914616, 41.872081], [-70.913035, 41.870596000000006], [-70.912968, 41.87024399999999], [-70.913182, 41.86993699999999], [-70.914624, 41.86904500000001], [-70.91492, 41.868431], [-70.916472, 41.86768299999998], [-70.916738, 41.86716700000001], [-70.915509, 41.86667299999999], [-70.915041, 41.866310999999996], [-70.915093, 41.866055999999986], [-70.915988, 41.865806000000006], [-70.915936, 41.86566900000002], [-70.914928, 41.86545599999999], [-70.914689, 41.86527500000001], [-70.915349, 41.86441399999999], [-70.913827, 41.86409999999999], [-70.913508, 41.86385900000001], [-70.91361, 41.86364900000001], [-70.914595, 41.86352], [-70.914447, 41.862132], [-70.914098, 41.861943000000004], [-70.913065, 41.86192999999999], [-70.912876, 41.861726999999995], [-70.913448, 41.860685], [-70.914321, 41.860587], [-70.914382, 41.86048300000001], [-70.914116, 41.86029399999999], [-70.914541, 41.859591], [-70.916262, 41.85992999999999], [-70.917748, 41.858715999999994], [-70.917709, 41.85852100000001], [-70.917181, 41.85814499999999], [-70.917264, 41.85780599999998], [-70.916899, 41.857502], [-70.916815, 41.85720000000001], [-70.917189, 41.856527000000014], [-70.917131, 41.85577700000002], [-70.918897, 41.852728000000006], [-70.91870500000002, 41.851943], [-70.893973, 41.828881], [-70.893454, 41.82790100000001], [-70.893777, 41.82659100000002], [-70.89864400000002, 41.81487700000002], [-70.8964, 41.794320000000006], [-70.921792, 41.79126399999999], [-70.907184, 41.76354299999999], [-70.926316, 41.75884500000001], [-70.926261, 41.758579999999995], [-70.926426, 41.758382], [-70.92624, 41.757977], [-70.926424, 41.75761700000002], [-70.926146, 41.757017000000005], [-70.92538, 41.75680200000001], [-70.925381, 41.756609999999995], [-70.924913, 41.756590000000024], [-70.92489, 41.75630300000002], [-70.924611, 41.75624799999999], [-70.92453, 41.75596299999999], [-70.924052, 41.75565499999999], [-70.923552, 41.755548], [-70.923444, 41.755719000000006], [-70.92322, 41.75565199999999], [-70.923055, 41.755314000000006], [-70.922696, 41.755358], [-70.922739, 41.75508300000001], [-70.922385, 41.755119000000015], [-70.922222, 41.754840999999985], [-70.943305, 41.74451499999999], [-71.06663, 41.68561900000002], [-71.105693, 41.69280400000001], [-71.114407, 41.69280400000001], [-71.118971, 41.68062899999999], [-71.132757, 41.636435000000006], [-71.133683, 41.63512200000001], [-71.13419, 41.633997000000015], [-71.134052, 41.63201899999999], [-71.133038, 41.630968], [-71.133062, 41.63071699999999], [-71.133334, 41.630348], [-71.133312, 41.629658], [-71.133918, 41.628783000000006], [-71.135399, 41.625648000000005], [-71.138346, 41.603676], [-71.140308, 41.60484999999999], [-71.141958, 41.612533], [-71.140185, 41.623869000000006], [-71.135307, 41.62848799999999], [-71.134354, 41.64404700000001], [-71.132557, 41.660363], [-71.17612, 41.668248], [-71.175784, 41.67149299999999], [-71.195479, 41.67508999999999], [-71.222471, 41.707679], [-71.226254, 41.71255300000001], [-71.261067, 41.752082], [-71.328472, 41.780694000000004], [-71.328787, 41.781352], [-71.329096, 41.782719000000014], [-71.329315, 41.782593], [-71.329418, 41.781884000000005], [-71.329582, 41.781836000000006], [-71.329803, 41.782038], [-71.329896, 41.78262600000001], [-71.329663, 41.783077000000006], [-71.329854, 41.783406], [-71.329869, 41.784315], [-71.330232, 41.78471799999999], [-71.330391, 41.785381000000015], [-71.329627, 41.78701800000002], [-71.329652, 41.78773799999999], [-71.329457, 41.788327], [-71.330415, 41.78865399999999], [-71.330235, 41.78888299999999], [-71.330514, 41.789115], [-71.331059, 41.789100000000005], [-71.331035, 41.789565], [-71.331534, 41.789319], [-71.331603, 41.78962400000001], [-71.332743, 41.79016000000001], [-71.332811, 41.790580999999996], [-71.33248, 41.790655000000015], [-71.332497, 41.79084400000001], [-71.332196, 41.790977000000005], [-71.333155, 41.792572], [-71.333112, 41.793044], [-71.333572, 41.793192], [-71.333442, 41.793366000000006], [-71.333917, 41.793568999999984], [-71.333678, 41.79378299999999], [-71.334154, 41.793938], [-71.334229, 41.794244], [-71.334112, 41.79438799999999], [-71.334421, 41.794449], [-71.334645, 41.794835], [-71.335304, 41.795028], [-71.33561, 41.795457999999996], [-71.336191, 41.795505], [-71.336463, 41.795731], [-71.336875, 41.795744], [-71.337223, 41.79548399999998], [-71.337887, 41.795572000000014], [-71.337913, 41.795725000000004], [-71.338838, 41.79593500000001], [-71.339157, 41.796338000000006], [-71.340097, 41.796633], [-71.340224, 41.796745], [-71.340103, 41.79709499999999], [-71.340481, 41.797033], [-71.34036, 41.797558], [-71.339842, 41.79774799999999], [-71.340043, 41.79821599999998], [-71.340777, 41.79840100000002], [-71.341201, 41.799774], [-71.340801, 41.80002300000001], [-71.340635, 41.80052599999999], [-71.340596, 41.80089900000001], [-71.340808, 41.801051000000015], [-71.340643, 41.801258000000004], [-71.340745, 41.801674], [-71.340339, 41.80238400000001], [-71.340597, 41.802606], [-71.340511, 41.80322599999999], [-71.340185, 41.80379899999999], [-71.33990700000001, 41.80390400000002], [-71.339231, 41.80516], [-71.339088, 41.805782999999984], [-71.339675, 41.80634], [-71.33942, 41.806732999999994], [-71.33942800000001, 41.807328000000005], [-71.33922, 41.80766900000002], [-71.339195, 41.80799], [-71.339379, 41.808077999999995], [-71.339332, 41.80852700000002], [-71.347545, 41.82324600000001], [-71.345198, 41.82767599999998], [-71.335417, 41.83564500000001], [-71.34255, 41.84465599999999], [-71.33404, 41.862604000000005], [-71.34089, 41.88180400000001], [-71.338787, 41.898592999999984], [-71.381463, 41.893545999999986], [-71.381299, 41.98508399999999], [-71.381505, 42.000021000000004], [-71.381401, 42.018798000000004], [-71.396578, 42.018747999999995], [-71.441298, 42.018098], [-71.4468, 42.017899], [-71.498259, 42.01727199999999], [-71.527576, 42.015099], [-71.5911, 42.013646], [-71.592748, 42.12164800000001]]]}}, {"type": "Feature", "properties": {"district_name": "5th Congressional District", "chamber": "us-house", "vintage": "2022-present", "url": "/district/us-house-5th-congressional-district-2022-present/", "latest_year": 2024, "years": [{"year": 2024, "lean_dem_share": 0.7319, "competitiveness": "Safe", "competitiveness_label": "Safe D", "party_favored": "Democratic", "is_uncontested": true, "turnout_ratio": 0.7885, "winner_name": "Katherine M. Clark", "winner_party": "Democratic", "winner_war": null, "winner_lean_component": 0.4617, "winner_tide_component": 0.0405, "winner_incumbency_adjustment": 0.035, "winner_demographics_component": null, "winner_fundraising_component": null}, {"year": 2022, "lean_dem_share": 0.7459, "competitiveness": "Safe", "competitiveness_label": "Safe D", "party_favored": "Democratic", "is_uncontested": false, "turnout_ratio": 0.9946, "winner_name": "Katherine M. Clark", "winner_party": "Democratic", "winner_war": -0.0194, "winner_lean_component": 0.4617, "winner_tide_component": 0.0418, "winner_incumbency_adjustment": 0.0, "winner_demographics_component": null, "winner_fundraising_component": null}], "lean_dem_share": 0.7319, "competitiveness": "Safe", "competitiveness_label": "Safe D", "party_favored": "Democratic", "is_uncontested": true, "turnout_ratio": 0.7885, "winner_name": "Katherine M. Clark", "winner_party": "Democratic", "winner_war": null, "winner_lean_component": 0.4617, "winner_tide_component": 0.0405, "winner_incumbency_adjustment": 0.035, "winner_demographics_component": null, "winner_fundraising_component": null}, "geometry": {"type": "Polygon", "coordinates": [[[-71.497011, 42.28989500000001], [-71.485948, 42.31122800000001], [-71.485109, 42.323164], [-71.486804, 42.33021699999999], [-71.483298, 42.353129999999986], [-71.475505, 42.380632000000006], [-71.472689, 42.389984999999996], [-71.46944300000001, 42.40259300000001], [-71.478382, 42.437104], [-71.464349, 42.45030000000003], [-71.430389, 42.436937], [-71.36634, 42.41272], [-71.365212, 42.413352999999994], [-71.365141, 42.414182999999994], [-71.363928, 42.416022000000005], [-71.363933, 42.416558], [-71.364581, 42.41813799999999], [-71.364573, 42.420079], [-71.364416, 42.42044099999999], [-71.362562, 42.421056], [-71.361458, 42.42112199999998], [-71.359152, 42.42066599999999], [-71.357084, 42.41982599999999], [-71.356578, 42.419923], [-71.355868, 42.42092600000001], [-71.354626, 42.421782999999984], [-71.353626, 42.42470300000001], [-71.35256, 42.42692300000001], [-71.335379, 42.437775999999985], [-71.313618, 42.455023], [-71.310931, 42.453594], [-71.309929, 42.453248], [-71.304804, 42.452759999999984], [-71.303191, 42.461254], [-71.302155, 42.461116000000025], [-71.302282, 42.46201000000001], [-71.29519, 42.46344600000001], [-71.29521, 42.463235000000005], [-71.289302, 42.46455700000003], [-71.289676, 42.466182], [-71.28294, 42.461170999999986], [-71.28184, 42.45964], [-71.280851, 42.460168], [-71.280711, 42.45999], [-71.28012100000001, 42.460059], [-71.279501, 42.459675999999995], [-71.277982, 42.46023499999999], [-71.277889, 42.460710000000006], [-71.272695, 42.459704], [-71.261515, 42.47624600000001], [-71.256693, 42.47845600000001], [-71.256935, 42.47872100000001], [-71.259171, 42.477681000000004], [-71.259727, 42.477744], [-71.260262, 42.479767], [-71.25927, 42.480526999999995], [-71.260128, 42.481377999999985], [-71.260174, 42.48159599999999], [-71.259605, 42.484041], [-71.261219, 42.485898], [-71.261849, 42.48626099999999], [-71.261719, 42.486226000000016], [-71.261082, 42.48816900000001], [-71.258193, 42.489358], [-71.257061, 42.49044200000001], [-71.256391, 42.49160599999998], [-71.256662, 42.492925], [-71.254112, 42.493311], [-71.253198, 42.493238], [-71.251688, 42.49240699999999], [-71.249483, 42.490615], [-71.246031, 42.48899599999999], [-71.244177, 42.48853900000001], [-71.240906, 42.490013], [-71.212116, 42.46624400000002], [-71.211807, 42.466388999999985], [-71.211807, 42.466567999999995], [-71.211528, 42.46658500000001], [-71.211348, 42.46689799999999], [-71.210999, 42.466983], [-71.210594, 42.46759899999999], [-71.210479, 42.468118000000004], [-71.210609, 42.46850700000001], [-71.210223, 42.470727000000004], [-71.204317, 42.465845], [-71.188279, 42.479696000000004], [-71.187396, 42.479364000000004], [-71.18548, 42.47996700000001], [-71.186506, 42.480979999999995], [-71.184641, 42.48173299999999], [-71.182944, 42.48212199999999], [-71.181375, 42.483386], [-71.181501, 42.483622], [-71.168924, 42.487087], [-71.170719, 42.48975500000001], [-71.168914, 42.490547000000014], [-71.168444, 42.498299], [-71.169199, 42.506508000000004], [-71.169923, 42.506730999999995], [-71.169395, 42.507311], [-71.16972, 42.507451], [-71.169324, 42.507872], [-71.169473, 42.509487000000014], [-71.169876, 42.50972099999999], [-71.16954, 42.510242], [-71.170258, 42.51045200000001], [-71.169635, 42.511461999999995], [-71.170033, 42.515537], [-71.135454, 42.53000099999998], [-71.123988, 42.50801400000002], [-71.123798, 42.50763399999999], [-71.124176, 42.507526], [-71.123463, 42.506174], [-71.122395, 42.504153], [-71.121959, 42.50427799999999], [-71.11976, 42.500291999999995], [-71.100727, 42.502242], [-71.090115, 42.501260999999985], [-71.085502, 42.492258000000014], [-71.07524000000001, 42.488008], [-71.076599, 42.47749200000003], [-71.077707, 42.47739099999998], [-71.078152, 42.47402], [-71.069305, 42.471636999999994], [-71.061269, 42.47265099999999], [-71.061323, 42.474196], [-71.053365, 42.475925], [-71.025836, 42.44470900000001], [-71.018757, 42.45011800000001], [-71.011924, 42.442164], [-71.009503, 42.440963999999994], [-71.011826, 42.439944000000004], [-71.011897, 42.439748000000016], [-71.012365, 42.439741000000005], [-71.011802, 42.438997], [-71.011141, 42.43906399999998], [-71.01093, 42.438597000000016], [-71.01067, 42.438739000000005], [-71.010536, 42.43844500000001], [-71.010099, 42.438301], [-71.01013, 42.43817599999999], [-71.010625, 42.438102], [-71.010736, 42.43776400000001], [-71.010425, 42.437583999999994], [-71.010677, 42.437347], [-71.010639, 42.43719599999999], [-71.010927, 42.437083], [-71.01109, 42.436795], [-71.011442, 42.436693000000005], [-71.010994, 42.43654200000001], [-71.01144, 42.436225000000015], [-71.011416, 42.435990999999994], [-71.010802, 42.435397999999985], [-71.010777, 42.43456799999998], [-71.009277, 42.43427799999999], [-71.00858, 42.434346], [-71.007873, 42.433972], [-71.006974, 42.43383800000001], [-71.006532, 42.43339399999999], [-71.005691, 42.432981], [-71.004632, 42.43305500000001], [-71.003302, 42.43270299999998], [-71.002994, 42.432837], [-71.00215, 42.43260800000001], [-70.999857, 42.431296], [-70.998475, 42.431296], [-70.995714, 42.430855000000015], [-70.994779, 42.43119600000001], [-70.992023, 42.43413499999999], [-70.99012, 42.43487700000001], [-70.987805, 42.43399799999998], [-70.985754, 42.432557], [-70.983708, 42.431663], [-70.982294, 42.431296], [-70.979894, 42.432396000000004], [-70.979454, 42.432815], [-70.975194, 42.436896000000004], [-70.971594, 42.442696], [-70.968594, 42.444396], [-70.966293, 42.44349700000001], [-70.950793, 42.44429599999999], [-70.951393, 42.436996], [-70.952993, 42.42939599999999], [-70.959093, 42.41859699999998], [-70.962093, 42.412397000000006], [-70.959494, 42.407498000000004], [-70.924593, 42.386798], [-70.917892, 42.38599700000002], [-70.967048, 42.356954], [-70.967257, 42.35706900000001], [-70.96882, 42.35586600000001], [-70.968935, 42.35592500000001], [-70.972893, 42.35359699999999], [-70.985593, 42.356796999999986], [-70.986597, 42.364572], [-71.000736, 42.364818], [-71.000695, 42.36464], [-71.010363, 42.365031], [-71.006123, 42.376052], [-71.000206, 42.37775400000002], [-70.999326, 42.377737999999994], [-70.996694, 42.37874100000001], [-70.994648, 42.38114999999999], [-70.994634, 42.38271099999997], [-70.994239, 42.384647000000015], [-70.988281, 42.38710700000001], [-70.98778, 42.386942999999995], [-70.986731, 42.387007], [-70.986053, 42.388116000000004], [-70.987289, 42.388734], [-70.987511, 42.38922900000001], [-70.987571, 42.390582], [-70.987199, 42.39146300000001], [-70.987133, 42.392123], [-70.987442, 42.39274200000001], [-70.989771, 42.393240000000006], [-70.993818, 42.392924], [-70.995361, 42.393813], [-70.996475, 42.396308000000005], [-70.998306, 42.396929], [-70.999146, 42.39697799999999], [-71.001407, 42.39674000000001], [-71.005861, 42.393892], [-71.008945, 42.39519200000001], [-71.009894, 42.395475000000005], [-71.01193, 42.39575200000001], [-71.011272, 42.396589000000006], [-71.013395, 42.39739799999999], [-71.009629, 42.40016700000001], [-71.009445, 42.400475], [-71.009396, 42.401183], [-71.010861, 42.401689000000005], [-71.013007, 42.402864], [-71.013772, 42.402964], [-71.01563, 42.402704000000014], [-71.017035, 42.40271499999999], [-71.017826, 42.402883], [-71.018088, 42.40335699999999], [-71.018715, 42.403709000000006], [-71.019981, 42.40372300000001], [-71.020828, 42.403513000000004], [-71.021169, 42.40392400000001], [-71.021191, 42.40423299999999], [-71.020305, 42.404829], [-71.020442, 42.405114], [-71.02148, 42.405164000000006], [-71.022442, 42.405474], [-71.022855, 42.40512499999999], [-71.023278, 42.40554399999999], [-71.023847, 42.40532400000001], [-71.024901, 42.40590000000002], [-71.025753, 42.405756999999994], [-71.026237, 42.40592500000002], [-71.026888, 42.40655000000001], [-71.026898, 42.40733199999999], [-71.027115, 42.40778199999998], [-71.02797, 42.40872699999999], [-71.029036, 42.410354000000005], [-71.033181, 42.41420599999999], [-71.031275, 42.418433000000014], [-71.02962, 42.42129899999999], [-71.02822700000002, 42.424202], [-71.050472, 42.42288700000001], [-71.054383, 42.420027], [-71.054735, 42.42003799999999], [-71.05685, 42.41867100000002], [-71.060441, 42.416007], [-71.061584, 42.41561000000001], [-71.064559, 42.41533399999999], [-71.064507, 42.41524099999999], [-71.073296, 42.41479600000002], [-71.073196, 42.41299599999999], [-71.072111, 42.412081000000015], [-71.071907, 42.41167200000001], [-71.071873, 42.411099000000014], [-71.072161, 42.41036299999999], [-71.073624, 42.40930300000001], [-71.073801, 42.409056], [-71.073744, 42.40867900000001], [-71.073659, 42.40851899999999], [-71.072692, 42.408237], [-71.071297, 42.40692200000001], [-71.073448, 42.402665000000006], [-71.075988, 42.399706000000016], [-71.076419, 42.39777299999999], [-71.075996, 42.39639600000001], [-71.077152, 42.39677799999999], [-71.083423, 42.40001299999999], [-71.085687, 42.400651], [-71.091993, 42.39889999999997], [-71.093883, 42.39963199999999], [-71.096689, 42.400454999999994], [-71.100394, 42.39622399999999], [-71.112374, 42.400226], [-71.113868, 42.400985000000006], [-71.115489, 42.402905000000004], [-71.115541, 42.40514499999999], [-71.119328, 42.40652499999999], [-71.119456, 42.406327], [-71.121752, 42.407116], [-71.121556, 42.407433999999995], [-71.123996, 42.408268000000014], [-71.12336, 42.40919100000001], [-71.125687, 42.40998399999999], [-71.12615, 42.40926900000001], [-71.128101, 42.410720000000005], [-71.12704, 42.41232800000001], [-71.129922, 42.41332700000001], [-71.125809, 42.417999], [-71.127435, 42.418135], [-71.130405, 42.417424], [-71.13155800000001, 42.416839], [-71.131614, 42.41551100000001], [-71.131872, 42.415291], [-71.132435, 42.415215999999994], [-71.132887, 42.41197299999998], [-71.132247, 42.41017800000001], [-71.132223, 42.40952300000001], [-71.132569, 42.40869599999999], [-71.134286, 42.406403999999995], [-71.134595, 42.405445000000014], [-71.134635, 42.404258999999996], [-71.13130000000001, 42.401579999999996], [-71.12736100000001, 42.39709599999998], [-71.128824, 42.39620399999999], [-71.128654, 42.39605699999999], [-71.128744, 42.396010000000004], [-71.129463, 42.396626999999995], [-71.130854, 42.39578500000002], [-71.132153, 42.395762], [-71.13221300000001, 42.39727600000001], [-71.136932, 42.397572], [-71.13713, 42.39698300000001], [-71.13835, 42.3968], [-71.138359, 42.39564500000001], [-71.139396, 42.39596999999998], [-71.140745, 42.39588600000001], [-71.140607, 42.394679999999994], [-71.144297, 42.394676000000004], [-71.14413, 42.395261000000005], [-71.143241, 42.39656399999998], [-71.14355700000002, 42.397428000000005], [-71.152057, 42.40104], [-71.156362, 42.395852], [-71.153169, 42.39564300000001], [-71.150115, 42.39493300000001], [-71.145248, 42.392878], [-71.141121, 42.392092000000005], [-71.141699, 42.390658], [-71.143097, 42.38903], [-71.143436, 42.38871199999999], [-71.144134, 42.388679999999994], [-71.143724, 42.388284], [-71.14164, 42.387051], [-71.141637, 42.387190000000004], [-71.141017, 42.386907], [-71.140993, 42.387097], [-71.140809, 42.38714199999999], [-71.138372, 42.38743999999999], [-71.136535, 42.38618200000001], [-71.13475800000002, 42.38557200000001], [-71.135211, 42.385301], [-71.135794, 42.3846], [-71.132855, 42.38327600000001], [-71.132419, 42.383821000000005], [-71.13041, 42.38291799999998], [-71.12977700000002, 42.38346099999999], [-71.131146, 42.38400099999999], [-71.130792, 42.384484], [-71.13173, 42.385185], [-71.129067, 42.38617099999998], [-71.129619, 42.38665800000002], [-71.127558, 42.387402], [-71.129006, 42.390072000000025], [-71.127685, 42.38985100000001], [-71.127643, 42.39037799999999], [-71.126849, 42.390342000000004], [-71.125751, 42.391636000000005], [-71.125266, 42.392586], [-71.124874, 42.39269600000001], [-71.125284, 42.393061999999986], [-71.124368, 42.39365299999999], [-71.122838, 42.392242], [-71.120974, 42.393706000000016], [-71.120214, 42.392641000000005], [-71.117085, 42.389580999999986], [-71.118007, 42.38910400000002], [-71.117452, 42.388386000000004], [-71.118193, 42.388009], [-71.115584, 42.385158], [-71.111656, 42.38174900000002], [-71.113059, 42.380932], [-71.112683, 42.38056100000002], [-71.112147, 42.38089800000001], [-71.111861, 42.38057599999999], [-71.111664, 42.38072100000001], [-71.111464, 42.38049700000001], [-71.111526, 42.38022099999999], [-71.111327, 42.379779999999975], [-71.110504, 42.380019000000004], [-71.110397, 42.37967199999999], [-71.10961, 42.37967499999999], [-71.109204, 42.379370999999985], [-71.108765, 42.379628999999994], [-71.108614, 42.37955199999999], [-71.108514, 42.379481999999996], [-71.108952, 42.379164], [-71.108674, 42.378944], [-71.108457, 42.379112000000006], [-71.107272, 42.378086999999994], [-71.103077, 42.374205999999994], [-71.10305, 42.374018], [-71.102062, 42.37389699999999], [-71.104647, 42.37089900000002], [-71.105859, 42.369749999999996], [-71.10175, 42.36830199999999], [-71.103146, 42.36634400000002], [-71.105104, 42.364520999999996], [-71.106159, 42.36515000000001], [-71.109016, 42.36490800000001], [-71.109214, 42.366169], [-71.110411, 42.36681600000002], [-71.10998400000001, 42.367273999999995], [-71.113512, 42.36856400000001], [-71.113561, 42.366012], [-71.113901, 42.364478], [-71.116921, 42.364246], [-71.116968, 42.36665099999999], [-71.11723, 42.36736700000001], [-71.117934, 42.368385], [-71.11955, 42.36883799999999], [-71.122044, 42.368703], [-71.123827, 42.369156999999994], [-71.124582, 42.369636000000014], [-71.126024, 42.37194799999999], [-71.12701, 42.372839000000006], [-71.128628, 42.373741], [-71.129625, 42.37394400000001], [-71.130685, 42.373922], [-71.131525, 42.373802], [-71.132457, 42.373382], [-71.132962, 42.372940000000014], [-71.13315, 42.37256299999998], [-71.133091, 42.371976], [-71.132182, 42.37090100000001], [-71.131788, 42.370065000000004], [-71.13179, 42.36968600000002], [-71.132117, 42.36914600000001], [-71.133803, 42.367942000000006], [-71.135719, 42.367273999999995], [-71.136658, 42.36675199999997], [-71.139147, 42.36470300000001], [-71.140408, 42.364400999999994], [-71.142909, 42.365026000000015], [-71.144065, 42.365004], [-71.144492, 42.36482199999999], [-71.14524, 42.364150000000016], [-71.146336, 42.362475], [-71.147297, 42.36163599999999], [-71.148084, 42.36120499999999], [-71.152476, 42.360678000000014], [-71.155246, 42.35989500000001], [-71.159278, 42.359902], [-71.160518, 42.359497], [-71.161878, 42.35873600000001], [-71.162601, 42.35850899999999], [-71.163423, 42.35846500000001], [-71.16421800000002, 42.35863100000001], [-71.165691, 42.359707000000014], [-71.166824, 42.360036000000015], [-71.168921, 42.360183000000006], [-71.172754, 42.35933100000001], [-71.175272, 42.359272], [-71.17824, 42.359565999999994], [-71.182126, 42.360681], [-71.18368, 42.358829], [-71.196298, 42.361802000000004], [-71.192215, 42.36542399999999], [-71.19476500000002, 42.366871], [-71.195206, 42.36773399999999], [-71.19542200000001, 42.367825], [-71.19585400000001, 42.367694], [-71.196485, 42.367024000000015], [-71.19708, 42.36693900000001], [-71.197744, 42.36733999999999], [-71.198323, 42.367402000000006], [-71.200515, 42.366271999999995], [-71.202029, 42.36582], [-71.202866, 42.365686999999994], [-71.205098, 42.365749], [-71.206321, 42.36461299999999], [-71.20745800000002, 42.36409999999999], [-71.208812, 42.364577999999995], [-71.209942, 42.364132], [-71.211259, 42.36428499999996], [-71.21373, 42.36512400000001], [-71.21451, 42.36568200000001], [-71.215534, 42.365608], [-71.21634100000001, 42.36584799999999], [-71.217061, 42.366569], [-71.253146, 42.355897000000006], [-71.254034, 42.35477], [-71.255217, 42.353928], [-71.255731, 42.353754], [-71.256356, 42.354012000000004], [-71.256465, 42.354905], [-71.260358, 42.35365800000002], [-71.260099, 42.353016], [-71.25914500000002, 42.35172399999999], [-71.25863100000001, 42.350052], [-71.258624, 42.349360999999995], [-71.258747, 42.349107999999994], [-71.259963, 42.34855700000001], [-71.260306, 42.348194], [-71.260432, 42.34761200000001], [-71.259793, 42.34661000000002], [-71.259759, 42.346111], [-71.261236, 42.34428200000001], [-71.261884, 42.34186900000001], [-71.261596, 42.341353999999995], [-71.261042, 42.341002], [-71.26037, 42.34089900000001], [-71.258248, 42.341190000000005], [-71.256864, 42.340648], [-71.255885, 42.340111], [-71.255689, 42.339290999999996], [-71.256746, 42.338040000000014], [-71.258964, 42.336579], [-71.25893400000001, 42.336019], [-71.259204, 42.33541899999999], [-71.259933, 42.334825000000016], [-71.26122, 42.334605], [-71.263138, 42.334903000000004], [-71.264415, 42.334472999999996], [-71.264726, 42.333944], [-71.26513, 42.33182999999999], [-71.265666, 42.33127300000001], [-71.26801, 42.33056], [-71.269767, 42.33118100000001], [-71.270246, 42.33098], [-71.270279, 42.33052200000001], [-71.269763, 42.32976399999999], [-71.270249, 42.328929999999986], [-71.270255, 42.328555], [-71.269559, 42.327779], [-71.266097, 42.327391000000006], [-71.263536, 42.32601699999999], [-71.263092, 42.326052], [-71.262488, 42.326509], [-71.261952, 42.32664900000001], [-71.260249, 42.32679], [-71.259565, 42.326674], [-71.258999, 42.326340999999985], [-71.258398, 42.32493799999999], [-71.257818, 42.324506], [-71.256295, 42.324659000000004], [-71.254888, 42.32512600000001], [-71.25447, 42.325391999999994], [-71.254308, 42.326052], [-71.253838, 42.32662], [-71.253472, 42.32675699999999], [-71.252808, 42.32670999999999], [-71.251746, 42.326123], [-71.251245, 42.325271], [-71.250229, 42.324551], [-71.249938, 42.32386300000002], [-71.248756, 42.32344700000001], [-71.248307, 42.32252999999999], [-71.247352, 42.32137800000001], [-71.246799, 42.321061], [-71.246146, 42.321012999999994], [-71.245942, 42.32025999999999], [-71.246329, 42.319541], [-71.24636, 42.31907200000001], [-71.246699, 42.31891200000001], [-71.247023, 42.318270999999996], [-71.246777, 42.317645], [-71.247444, 42.317498000000015], [-71.246917, 42.31689100000002], [-71.24663000000001, 42.31573000000001], [-71.248799, 42.315557999999996], [-71.253327, 42.314824000000016], [-71.260518, 42.314110000000014], [-71.266215, 42.314781], [-71.271917, 42.31431100000002], [-71.273806, 42.313912], [-71.274648, 42.313445], [-71.275603, 42.312565000000006], [-71.27712, 42.31198], [-71.27615, 42.31064000000002], [-71.278588, 42.308308], [-71.27803, 42.30675999999999], [-71.275926, 42.30565800000002], [-71.27512, 42.305020000000006], [-71.27431, 42.305400000000006], [-71.27407, 42.30567], [-71.273, 42.30578999999997], [-71.27274, 42.305080000000004], [-71.272, 42.30469], [-71.27282, 42.30382999999999], [-71.27055, 42.30278], [-71.26899, 42.302600000000005], [-71.26835, 42.30237999999998], [-71.26437, 42.300180000000005], [-71.27579, 42.30022000000001], [-71.27663, 42.30001], [-71.277786, 42.299042000000014], [-71.279256, 42.29883999999999], [-71.276776, 42.29732700000001], [-71.276059, 42.296708], [-71.27526, 42.29473000000001], [-71.27845, 42.2924], [-71.27917, 42.29204999999999], [-71.28018, 42.29202999999999], [-71.28127, 42.29228], [-71.28411, 42.29379999999998], [-71.2869, 42.294700000000006], [-71.28797, 42.295978000000005], [-71.288317, 42.29582700000001], [-71.28951, 42.294654000000016], [-71.290587, 42.293917000000015], [-71.291174, 42.293203], [-71.29128900000002, 42.292794999999984], [-71.291202, 42.291882999999984], [-71.291722, 42.291148], [-71.291693, 42.289401000000005], [-71.29199100000001, 42.28901700000001], [-71.292847, 42.28846899999999], [-71.294222, 42.28553199999998], [-71.295115, 42.28506], [-71.296125, 42.28421499999999], [-71.297548, 42.283543], [-71.297681, 42.283263], [-71.297465, 42.28279200000001], [-71.297016, 42.282434], [-71.297109, 42.28197900000001], [-71.29822, 42.28176199999998], [-71.299949, 42.282911000000006], [-71.300315, 42.282897000000006], [-71.300997, 42.282361], [-71.302477, 42.28016], [-71.304636, 42.27835799999999], [-71.307341, 42.27710499999999], [-71.308875, 42.27667399999999], [-71.309302, 42.276378999999984], [-71.309496, 42.275704], [-71.309025, 42.27480799999999], [-71.309013, 42.27334200000002], [-71.308476, 42.27229400000001], [-71.308029, 42.27181099999999], [-71.308115, 42.271223], [-71.30846, 42.270709], [-71.302922, 42.24827400000001], [-71.332496, 42.249075000000005], [-71.332676, 42.248449999999984], [-71.332434, 42.247729000000014], [-71.332908, 42.24783800000001], [-71.342459, 42.25045499999999], [-71.341777, 42.253537], [-71.344932, 42.25384], [-71.348409, 42.254704000000004], [-71.350829, 42.25589599999999], [-71.351776, 42.255816], [-71.353372, 42.256874], [-71.353681, 42.25679299999999], [-71.354399, 42.257686], [-71.354493, 42.258039000000004], [-71.354267, 42.258361], [-71.354443, 42.25862699999999], [-71.355, 42.258662000000015], [-71.355453, 42.259001999999995], [-71.35623200000002, 42.25922500000001], [-71.356686, 42.259983999999996], [-71.356487, 42.261016], [-71.35671, 42.26134499999999], [-71.357098, 42.261435000000006], [-71.357141, 42.261882], [-71.356599, 42.262206], [-71.35645, 42.26248900000001], [-71.356656, 42.263314], [-71.356907, 42.263495], [-71.376833, 42.269489], [-71.390365, 42.27191600000001], [-71.397769, 42.261527999999984], [-71.419298, 42.25728099999999], [-71.460756, 42.279063], [-71.497011, 42.28989500000001]]]}}, {"type": "Feature", "properties": {"district_name": "6th Congressional District", "chamber": "us-house", "vintage": "2022-present", "url": "/district/us-house-6th-congressional-district-2022-present/", "latest_year": 2024, "years": [{"year": 2024, "lean_dem_share": 0.6067, "competitiveness": "Safe", "competitiveness_label": "Safe D", "party_favored": "Democratic", "is_uncontested": true, "turnout_ratio": 0.7646, "winner_name": "Seth W. Moulton", "winner_party": "Democratic", "winner_war": null, "winner_lean_component": 0.3843, "winner_tide_component": 0.0405, "winner_incumbency_adjustment": 0.035, "winner_demographics_component": null, "winner_fundraising_component": null}, {"year": 2022, "lean_dem_share": 0.6235, "competitiveness": "Safe", "competitiveness_label": "Safe D", "party_favored": "Democratic", "is_uncontested": false, "turnout_ratio": 0.9849, "winner_name": "Seth W. Moulton", "winner_party": "Democratic", "winner_war": -0.0412, "winner_lean_component": 0.3843, "winner_tide_component": 0.0418, "winner_incumbency_adjustment": 0.0, "winner_demographics_component": null, "winner_fundraising_component": null}], "lean_dem_share": 0.6067, "competitiveness": "Safe", "competitiveness_label": "Safe D", "party_favored": "Democratic", "is_uncontested": true, "turnout_ratio": 0.7646, "winner_name": "Seth W. Moulton", "winner_party": "Democratic", "winner_war": null, "winner_lean_component": 0.3843, "winner_tide_component": 0.0405, "winner_incumbency_adjustment": 0.035, "winner_demographics_component": null, "winner_fundraising_component": null}, "geometry": {"type": "Polygon", "coordinates": [[[-71.321268, 42.480515], [-71.32077, 42.482256000000014], [-71.319016, 42.482538999999996], [-71.318038, 42.48287700000001], [-71.317214, 42.483560999999995], [-71.316987, 42.484181000000014], [-71.31739, 42.48490599999999], [-71.319303, 42.486289000000006], [-71.319644, 42.486933], [-71.319138, 42.48806500000002], [-71.319026, 42.489677999999984], [-71.318585, 42.49115700000001], [-71.318305, 42.49819399999999], [-71.31755100000001, 42.501414000000004], [-71.317538, 42.502425], [-71.317835, 42.503817], [-71.317708, 42.504796], [-71.316968, 42.506463000000004], [-71.316093, 42.50763], [-71.314641, 42.50856200000001], [-71.313421, 42.50971700000001], [-71.31107, 42.511151000000005], [-71.308658, 42.513253999999996], [-71.307871, 42.513686], [-71.306653, 42.51405100000001], [-71.30633, 42.514393], [-71.30619500000002, 42.515079], [-71.306918, 42.517081000000005], [-71.306561, 42.518917000000016], [-71.306699, 42.52059299999999], [-71.303739, 42.519926], [-71.281051, 42.526348000000006], [-71.278107, 42.526712999999994], [-71.264098, 42.524081000000024], [-71.256396, 42.523992], [-71.254572, 42.522593], [-71.25249, 42.524078], [-71.260424, 42.530936], [-71.257798, 42.532086], [-71.258405, 42.53463500000001], [-71.258693, 42.537566999999996], [-71.260161, 42.53746600000001], [-71.26103, 42.53716200000001], [-71.261387, 42.53733199999997], [-71.261716, 42.53709800000001], [-71.262035, 42.537169], [-71.263007, 42.536752999999976], [-71.263376, 42.53735899999998], [-71.263314, 42.53779300000001], [-71.262733, 42.538340000000005], [-71.262687, 42.53882300000001], [-71.26296500000001, 42.53916400000003], [-71.263916, 42.539178], [-71.263627, 42.53962299999999], [-71.265006, 42.53936500000001], [-71.266098, 42.53872500000001], [-71.266941, 42.538469], [-71.269464, 42.538272000000006], [-71.270657, 42.53784400000001], [-71.271261, 42.537893999999994], [-71.272102, 42.53748099999999], [-71.272687, 42.53791499999999], [-71.273587, 42.53748], [-71.274445, 42.53835799999999], [-71.273627, 42.538768000000005], [-71.274166, 42.53985599999999], [-71.276085, 42.539312], [-71.275903, 42.54053699999999], [-71.275981, 42.541065], [-71.274947, 42.541361999999964], [-71.273781, 42.54208799999999], [-71.27639500000001, 42.544383], [-71.274364, 42.545073], [-71.272398, 42.545215000000006], [-71.272199, 42.54472199999999], [-71.271719, 42.544506000000005], [-71.270142, 42.544502], [-71.269833, 42.544323], [-71.268921, 42.544215], [-71.267553, 42.54429199999999], [-71.266556, 42.544627], [-71.266733, 42.54515000000002], [-71.267189, 42.54550100000002], [-71.267296, 42.546192000000005], [-71.267103, 42.546768], [-71.267365, 42.54751], [-71.267064, 42.54782199999999], [-71.266684, 42.548694], [-71.266676, 42.54994600000002], [-71.266861, 42.55015399999999], [-71.267634, 42.54996500000001], [-71.267835, 42.554594], [-71.265806, 42.555070000000015], [-71.264154, 42.552873000000005], [-71.26023, 42.554261], [-71.25797400000002, 42.557566], [-71.251295, 42.559763], [-71.25201, 42.56083300000001], [-71.254051, 42.562388], [-71.254273, 42.562899], [-71.2513, 42.563266999999996], [-71.249581, 42.563942000000004], [-71.249765, 42.564181999999995], [-71.250091, 42.56609000000001], [-71.250402, 42.566526999999994], [-71.249305, 42.566985], [-71.247719, 42.568085], [-71.24173300000001, 42.573736999999994], [-71.238587, 42.57503600000001], [-71.236753, 42.57543900000002], [-71.235304, 42.575967999999996], [-71.233839, 42.576176999999994], [-71.231615, 42.577549], [-71.229066, 42.578374], [-71.225669, 42.580036000000014], [-71.296319, 42.61266700000001], [-71.283427, 42.61529900000001], [-71.277791, 42.62084700000002], [-71.274709, 42.62885899999998], [-71.271188, 42.644241999999984], [-71.271446, 42.64609200000002], [-71.271682, 42.646305], [-71.27170700000002, 42.64801799999999], [-71.272018, 42.64921600000001], [-71.275154, 42.656216], [-71.272607, 42.656664], [-71.26434700000001, 42.657667], [-71.261963, 42.657483], [-71.258482, 42.65692299999999], [-71.256733, 42.657001], [-71.254966, 42.657775], [-71.252879, 42.659544000000004], [-71.250763, 42.66078200000001], [-71.249479, 42.66110100000001], [-71.24682, 42.66101400000001], [-71.245454, 42.661195000000006], [-71.244172, 42.661514000000004], [-71.24249, 42.662345999999985], [-71.24189, 42.66289600000002], [-71.241409, 42.663685], [-71.240397, 42.66673], [-71.239285, 42.66819500000001], [-71.238103, 42.669490999999994], [-71.235607, 42.67116200000001], [-71.234094, 42.672518000000004], [-71.229367, 42.67819999999999], [-71.228171, 42.68003600000001], [-71.226074, 42.684431999999994], [-71.225649, 42.685783], [-71.225389, 42.68686699999999], [-71.224807, 42.69342999999999], [-71.224251, 42.69450600000001], [-71.221174, 42.69849599999998], [-71.220122, 42.699577], [-71.218173, 42.700630000000004], [-71.215536, 42.70119800000002], [-71.213471, 42.701243999999996], [-71.212079, 42.70108499999999], [-71.20249, 42.698910000000005], [-71.194549, 42.69838299999999], [-71.190985, 42.69742900000001], [-71.188862, 42.69626800000001], [-71.185503, 42.675868], [-71.151213, 42.681707], [-71.134452, 42.67677799999999], [-71.133584, 42.679428], [-71.139402, 42.684477], [-71.1383, 42.68470599999999], [-71.137787, 42.685046000000014], [-71.137998, 42.685323], [-71.139177, 42.68515], [-71.139465, 42.685344], [-71.139297, 42.685694], [-71.138824, 42.685732], [-71.138317, 42.68618099999999], [-71.138291, 42.686036], [-71.138121, 42.686044], [-71.137949, 42.686403], [-71.137679, 42.686438], [-71.137908, 42.686571], [-71.137981, 42.68690099999999], [-71.138333, 42.686848000000005], [-71.13844, 42.68664999999998], [-71.139202, 42.68673499999999], [-71.139457, 42.68678], [-71.139809, 42.68718599999999], [-71.139193, 42.68773800000001], [-71.138968, 42.687705], [-71.138868, 42.68745100000001], [-71.138499, 42.687594], [-71.138523, 42.688285], [-71.138385, 42.688325], [-71.138555, 42.68846000000001], [-71.138372, 42.68861299999999], [-71.138508, 42.688837], [-71.13828, 42.68907500000001], [-71.137936, 42.689021], [-71.137866, 42.68921999999999], [-71.137319, 42.689343000000015], [-71.13729, 42.689582], [-71.137428, 42.689485], [-71.137532, 42.689595000000004], [-71.137173, 42.689817], [-71.137222, 42.690036000000006], [-71.137392, 42.68995199999999], [-71.13745200000001, 42.69007299999999], [-71.137296, 42.69041299999999], [-71.137678, 42.69060900000001], [-71.137394, 42.690820000000016], [-71.137503, 42.691089999999996], [-71.13732, 42.691136], [-71.137637, 42.691286999999996], [-71.137522, 42.69140599999999], [-71.137599, 42.69164900000001], [-71.137897, 42.69153800000001], [-71.137922, 42.69182099999999], [-71.137712, 42.691880999999995], [-71.137863, 42.691925], [-71.137743, 42.69203900000001], [-71.13798, 42.69226], [-71.137818, 42.692282], [-71.138022, 42.692398000000004], [-71.137936, 42.69250700000001], [-71.138637, 42.692756], [-71.139296, 42.69274300000002], [-71.139219, 42.69320900000002], [-71.140009, 42.69351700000001], [-71.140169, 42.693419999999996], [-71.140264, 42.69366300000003], [-71.140418, 42.69358900000001], [-71.140597, 42.69385299999999], [-71.141674, 42.69412], [-71.141703, 42.694316999999984], [-71.143149, 42.69420000000001], [-71.143395, 42.69702800000001], [-71.144903, 42.697756999999996], [-71.145005, 42.697947], [-71.14546, 42.698062000000014], [-71.145446, 42.698194999999984], [-71.145718, 42.698169000000014], [-71.145857, 42.69848099999999], [-71.14547, 42.698757000000015], [-71.144976, 42.698746], [-71.144822, 42.69910999999999], [-71.144381, 42.699262999999995], [-71.142778, 42.698923000000015], [-71.142372, 42.69938399999999], [-71.14089, 42.703345000000006], [-71.139323, 42.70340400000001], [-71.137116, 42.70438700000002], [-71.137525, 42.704806], [-71.137559, 42.706525], [-71.136292, 42.707214], [-71.13455, 42.70941500000001], [-71.133956, 42.71041400000001], [-71.133454, 42.71248], [-71.133498, 42.713549000000015], [-71.133843, 42.715086], [-71.13475800000002, 42.717271000000004], [-71.134966, 42.718222], [-71.134909, 42.719891], [-71.134458, 42.721162], [-71.133696, 42.72199700000001], [-71.130706, 42.724451], [-71.12681, 42.72835700000001], [-71.124461, 42.731654], [-71.121623, 42.73384899999999], [-71.118606, 42.736622999999994], [-71.116448, 42.739085999999986], [-71.11586800000002, 42.74013100000002], [-71.115579, 42.74110399999999], [-71.108632, 42.735281], [-71.097834, 42.73521999999999], [-71.092467, 42.737000000000016], [-71.090078, 42.736969], [-71.088064, 42.73614399999999], [-71.08191, 42.736685], [-71.07406, 42.73448599999999], [-71.072111, 42.73266800000001], [-71.058883, 42.73246300000001], [-71.058116, 42.734209], [-71.052849, 42.73988700000001], [-71.048341, 42.746144999999984], [-71.044524, 42.74903400000002], [-71.044096, 42.753214000000014], [-71.042901, 42.753978], [-71.04275, 42.75433799999999], [-71.041998, 42.754416000000006], [-71.041774, 42.754654000000016], [-71.042073, 42.755053999999994], [-71.042567, 42.757041], [-71.040017, 42.757721000000004], [-71.037965, 42.75894500000003], [-71.030065, 42.769217], [-71.026732, 42.772696999999994], [-71.024235, 42.77576000000001], [-71.021904, 42.779633], [-71.020381, 42.78429599999999], [-71.020193, 42.78727], [-71.019757, 42.78952599999999], [-71.019301, 42.790701], [-71.018708, 42.79160500000001], [-71.01703, 42.793288000000004], [-71.013256, 42.796008000000015], [-71.005525, 42.79979599999999], [-71.003435, 42.801100999999996], [-71.00110900000001, 42.80347700000001], [-70.999834, 42.80503999999999], [-70.999086, 42.806292999999975], [-70.998602, 42.80753099999999], [-70.99868500000001, 42.80862700000001], [-70.999079, 42.80967400000001], [-70.999611, 42.81054499999998], [-71.054005, 42.83328199999999], [-71.04492, 42.848667000000006], [-71.031201, 42.859086999999995], [-71.023519, 42.860530999999995], [-71.016339, 42.86168200000001], [-70.967018, 42.86880000000001], [-70.948984, 42.87619099999999], [-70.929594, 42.885032000000045], [-70.914631, 42.88664799999999], [-70.903533, 42.88677800000001], [-70.885602, 42.882834], [-70.847718, 42.86086699999999], [-70.836725, 42.864680000000014], [-70.829693, 42.868725000000005], [-70.820238, 42.87178700000001], [-70.81697900000002, 42.87194800000001], [-70.812519, 42.87244300000002], [-70.792495, 42.87329100000001], [-70.749494, 42.87469399999999], [-70.735005, 42.87468500000001], [-70.738642, 42.869254999999995], [-70.746282, 42.860842999999996], [-70.74883, 42.858831], [-70.747134, 42.853712], [-70.746262, 42.850166000000016], [-70.746166, 42.84755500000001], [-70.745522, 42.844442999999984], [-70.743971, 42.843174000000005], [-70.74146, 42.839664000000006], [-70.739038, 42.83581799999999], [-70.737393, 42.832607], [-70.736248, 42.82919400000001], [-70.735789, 42.82701900000001], [-70.734874, 42.824477], [-70.734409, 42.818552999999994], [-70.734312, 42.81517300000001], [-70.734488, 42.81175800000001], [-70.733892, 42.808814], [-70.73388700000001, 42.806236], [-70.733655, 42.80365900000002], [-70.734148, 42.79860500000001], [-70.73478, 42.795590999999995], [-70.737225, 42.787955999999994], [-70.731839, 42.77835699999999], [-70.73097, 42.77521200000001], [-70.730647, 42.773338], [-70.728045, 42.76788700000001], [-70.726856, 42.764039000000004], [-70.725848, 42.75902000000001], [-70.721974, 42.754270999999996], [-70.720288, 42.75186299999997], [-70.71927, 42.750095], [-70.71696, 42.74351699999999], [-70.714324, 42.73191100000002], [-70.70258, 42.72416199999999], [-70.68293, 42.72883], [-70.66131400000002, 42.73660999999999], [-70.641664, 42.739723000000005], [-70.625943, 42.739723999999995], [-70.590572, 42.73349999999999], [-70.549306, 42.724163999999995], [-70.529655, 42.70704799999999], [-70.513934, 42.680594], [-70.506074, 42.65102999999999], [-70.502143, 42.635470999999995], [-70.502143, 42.624579], [-70.511968, 42.60590700000001], [-70.521793, 42.593458999999996], [-70.531618, 42.584123], [-70.545374, 42.570119], [-70.566989, 42.56078300000001], [-70.582709, 42.553004], [-70.596464, 42.540556], [-70.60629, 42.53121999999999], [-70.617339, 42.500099], [-70.640006, 42.43166], [-70.648072, 42.40562799999999], [-70.749487, 42.400820000000024], [-70.851436, 42.393209000000006], [-70.901292, 42.384098000000016], [-70.924593, 42.386798], [-70.959494, 42.407498000000004], [-70.962093, 42.412397000000006], [-70.959093, 42.41859699999998], [-70.952993, 42.42939599999999], [-70.951393, 42.436996], [-70.950793, 42.44429599999999], [-70.966293, 42.44349700000001], [-70.968594, 42.444396], [-70.971594, 42.442696], [-70.975194, 42.436896000000004], [-70.979454, 42.432815], [-70.979894, 42.432396000000004], [-70.982294, 42.431296], [-70.983708, 42.431663], [-70.985754, 42.432557], [-70.987805, 42.43399799999998], [-70.99012, 42.43487700000001], [-70.992023, 42.43413499999999], [-70.994779, 42.43119600000001], [-70.995714, 42.430855000000015], [-70.998475, 42.431296], [-70.999857, 42.431296], [-71.00215, 42.43260800000001], [-71.002994, 42.432837], [-71.003302, 42.43270299999998], [-71.004632, 42.43305500000001], [-71.005691, 42.432981], [-71.006532, 42.43339399999999], [-71.006974, 42.43383800000001], [-71.007873, 42.433972], [-71.00858, 42.434346], [-71.009277, 42.43427799999999], [-71.010777, 42.43456799999998], [-71.010802, 42.435397999999985], [-71.011416, 42.435990999999994], [-71.01144, 42.436225000000015], [-71.010994, 42.43654200000001], [-71.011442, 42.436693000000005], [-71.01109, 42.436795], [-71.010927, 42.437083], [-71.010639, 42.43719599999999], [-71.010677, 42.437347], [-71.010425, 42.437583999999994], [-71.010736, 42.43776400000001], [-71.010625, 42.438102], [-71.01013, 42.43817599999999], [-71.010099, 42.438301], [-71.010536, 42.43844500000001], [-71.01067, 42.438739000000005], [-71.01093, 42.438597000000016], [-71.011141, 42.43906399999998], [-71.011802, 42.438997], [-71.012365, 42.439741000000005], [-71.011897, 42.439748000000016], [-71.011826, 42.439944000000004], [-71.009503, 42.440963999999994], [-71.011924, 42.442164], [-71.018757, 42.45011800000001], [-71.025836, 42.44470900000001], [-71.053365, 42.475925], [-71.061323, 42.474196], [-71.061269, 42.47265099999999], [-71.069305, 42.471636999999994], [-71.078152, 42.47402], [-71.077707, 42.47739099999998], [-71.076599, 42.47749200000003], [-71.07524000000001, 42.488008], [-71.085502, 42.492258000000014], [-71.090115, 42.501260999999985], [-71.100727, 42.502242], [-71.11976, 42.500291999999995], [-71.121959, 42.50427799999999], [-71.122395, 42.504153], [-71.123463, 42.506174], [-71.124176, 42.507526], [-71.123798, 42.50763399999999], [-71.123988, 42.50801400000002], [-71.135454, 42.53000099999998], [-71.170033, 42.515537], [-71.169635, 42.511461999999995], [-71.170258, 42.51045200000001], [-71.16954, 42.510242], [-71.169876, 42.50972099999999], [-71.169473, 42.509487000000014], [-71.169324, 42.507872], [-71.16972, 42.507451], [-71.169395, 42.507311], [-71.169923, 42.506730999999995], [-71.169199, 42.506508000000004], [-71.168444, 42.498299], [-71.168914, 42.490547000000014], [-71.170719, 42.48975500000001], [-71.168924, 42.487087], [-71.181501, 42.483622], [-71.181375, 42.483386], [-71.182944, 42.48212199999999], [-71.184641, 42.48173299999999], [-71.186506, 42.480979999999995], [-71.18548, 42.47996700000001], [-71.187396, 42.479364000000004], [-71.188279, 42.479696000000004], [-71.204317, 42.465845], [-71.210223, 42.470727000000004], [-71.210609, 42.46850700000001], [-71.210479, 42.468118000000004], [-71.210594, 42.46759899999999], [-71.210999, 42.466983], [-71.211348, 42.46689799999999], [-71.211528, 42.46658500000001], [-71.211807, 42.466567999999995], [-71.211807, 42.466388999999985], [-71.212116, 42.46624400000002], [-71.240906, 42.490013], [-71.244177, 42.48853900000001], [-71.245668, 42.48889500000001], [-71.249483, 42.490615], [-71.252021, 42.49263799999999], [-71.253447, 42.493292], [-71.254614, 42.493261999999994], [-71.256662, 42.492925], [-71.256391, 42.49160599999998], [-71.257061, 42.49044200000001], [-71.258193, 42.489358], [-71.261082, 42.48816900000001], [-71.261719, 42.486226000000016], [-71.261849, 42.48626099999999], [-71.261219, 42.485898], [-71.259605, 42.484041], [-71.260174, 42.48159599999999], [-71.260128, 42.481377999999985], [-71.25927, 42.480526999999995], [-71.260262, 42.479767], [-71.259727, 42.477744], [-71.259171, 42.477681000000004], [-71.256935, 42.47872100000001], [-71.256693, 42.47845600000001], [-71.261515, 42.47624600000001], [-71.272695, 42.459704], [-71.277889, 42.460710000000006], [-71.277982, 42.46023499999999], [-71.279501, 42.459675999999995], [-71.28012100000001, 42.460059], [-71.280711, 42.45999], [-71.280851, 42.460168], [-71.28184, 42.45964], [-71.28294, 42.461170999999986], [-71.29872, 42.472909000000016], [-71.300818, 42.47365200000001], [-71.30182400000001, 42.473240999999994], [-71.304246, 42.474717999999996], [-71.306552, 42.47442700000001], [-71.309465, 42.476404], [-71.313768, 42.474182000000006], [-71.31704, 42.476479000000005], [-71.316891, 42.476623999999994], [-71.320124, 42.48033199999999], [-71.321268, 42.480515]]]}}, {"type": "Feature", "properties": {"district_name": "7th Congressional District", "chamber": "us-house", "vintage": "2022-present", "url": "/district/us-house-7th-congressional-district-2022-present/", "latest_year": 2024, "years": [{"year": 2024, "lean_dem_share": 0.8046, "competitiveness": "Safe", "competitiveness_label": "Safe D", "party_favored": "Democratic", "is_uncontested": true, "turnout_ratio": 1.1236, "winner_name": "Ayanna S. Pressley", "winner_party": "Democratic", "winner_war": null, "winner_lean_component": 0.5115, "winner_tide_component": 0.0405, "winner_incumbency_adjustment": 0.035, "winner_demographics_component": null, "winner_fundraising_component": null}, {"year": 2022, "lean_dem_share": 0.8327, "competitiveness": "Safe", "competitiveness_label": "Safe D", "party_favored": "Democratic", "is_uncontested": false, "turnout_ratio": 1.2354, "winner_name": "Ayanna S. Pressley", "winner_party": "Democratic", "winner_war": 0.0387, "winner_lean_component": 0.5115, "winner_tide_component": 0.0418, "winner_incumbency_adjustment": 0.0, "winner_demographics_component": null, "winner_fundraising_component": null}], "lean_dem_share": 0.8046, "competitiveness": "Safe", "competitiveness_label": "Safe D", "party_favored": "Democratic", "is_uncontested": true, "turnout_ratio": 1.1236, "winner_name": "Ayanna S. Pressley", "winner_party": "Democratic", "winner_war": null, "winner_lean_component": 0.5115, "winner_tide_component": 0.0405, "winner_incumbency_adjustment": 0.035, "winner_demographics_component": null, "winner_fundraising_component": null}, "geometry": {"type": "Polygon", "coordinates": [[[-71.17485, 42.350337], [-71.173916, 42.35346499999999], [-71.167608, 42.36009500000001], [-71.166158, 42.35990699999998], [-71.16421800000002, 42.35863100000001], [-71.16300800000002, 42.35846900000001], [-71.162285, 42.358564], [-71.160518, 42.359497], [-71.159278, 42.359902], [-71.155246, 42.35989500000001], [-71.152476, 42.360678000000014], [-71.148642, 42.36106899999999], [-71.147808, 42.361306000000006], [-71.146336, 42.362475], [-71.14524, 42.364150000000016], [-71.144492, 42.36482199999999], [-71.143294, 42.36508400000003], [-71.140642, 42.36442199999999], [-71.139692, 42.364475], [-71.13856, 42.36509900000002], [-71.136437, 42.36688899999999], [-71.135719, 42.367273999999995], [-71.134168, 42.367758999999985], [-71.132373, 42.36889099999999], [-71.131874, 42.36949700000001], [-71.131788, 42.370065000000004], [-71.132182, 42.37090100000001], [-71.133091, 42.371976], [-71.13315, 42.37256299999998], [-71.132719, 42.373199000000014], [-71.131525, 42.373802], [-71.129625, 42.37394400000001], [-71.128628, 42.373741], [-71.127634, 42.37325899999999], [-71.126024, 42.37194799999999], [-71.124582, 42.369636000000014], [-71.123827, 42.369156999999994], [-71.122044, 42.368703], [-71.11955, 42.36883799999999], [-71.117934, 42.368385], [-71.11723, 42.36736700000001], [-71.116968, 42.36665099999999], [-71.116921, 42.364246], [-71.113901, 42.364478], [-71.113561, 42.366012], [-71.113512, 42.36856400000001], [-71.10998400000001, 42.367273999999995], [-71.110411, 42.36681600000002], [-71.109214, 42.366169], [-71.109016, 42.36490800000001], [-71.106159, 42.36515000000001], [-71.105104, 42.364520999999996], [-71.103146, 42.36634400000002], [-71.102387, 42.36736700000001], [-71.10175, 42.36830199999999], [-71.105859, 42.369749999999996], [-71.104647, 42.37089900000002], [-71.102062, 42.37389699999999], [-71.10305, 42.374018], [-71.103077, 42.374205999999994], [-71.107272, 42.378086999999994], [-71.108457, 42.379112000000006], [-71.108674, 42.378944], [-71.108952, 42.379164], [-71.108514, 42.379481999999996], [-71.108614, 42.37955199999999], [-71.108765, 42.379628999999994], [-71.109204, 42.379370999999985], [-71.10961, 42.37967499999999], [-71.110397, 42.37967199999999], [-71.110504, 42.380019000000004], [-71.111327, 42.379779999999975], [-71.111526, 42.38022099999999], [-71.111464, 42.38049700000001], [-71.111664, 42.38072100000001], [-71.111861, 42.38057599999999], [-71.112147, 42.38089800000001], [-71.112683, 42.38056100000002], [-71.113059, 42.380932], [-71.111656, 42.38174900000002], [-71.115584, 42.385158], [-71.118193, 42.388009], [-71.117452, 42.388386000000004], [-71.118007, 42.38910400000002], [-71.117085, 42.389580999999986], [-71.120214, 42.392641000000005], [-71.120974, 42.393706000000016], [-71.122838, 42.392242], [-71.124368, 42.39365299999999], [-71.125284, 42.393061999999986], [-71.124874, 42.39269600000001], [-71.125266, 42.392586], [-71.125751, 42.391636000000005], [-71.126849, 42.390342000000004], [-71.127643, 42.39037799999999], [-71.127685, 42.38985100000001], [-71.129006, 42.390072000000025], [-71.127558, 42.387402], [-71.129619, 42.38665800000002], [-71.129067, 42.38617099999998], [-71.13173, 42.385185], [-71.130792, 42.384484], [-71.131146, 42.38400099999999], [-71.12977700000002, 42.38346099999999], [-71.13041, 42.38291799999998], [-71.132419, 42.383821000000005], [-71.132855, 42.38327600000001], [-71.135794, 42.3846], [-71.135211, 42.385301], [-71.13475800000002, 42.38557200000001], [-71.136535, 42.38618200000001], [-71.138372, 42.38743999999999], [-71.140809, 42.38714199999999], [-71.140993, 42.387097], [-71.141017, 42.386907], [-71.141637, 42.387190000000004], [-71.14164, 42.387051], [-71.143724, 42.388284], [-71.144134, 42.388679999999994], [-71.143436, 42.38871199999999], [-71.143097, 42.38903], [-71.141699, 42.390658], [-71.141121, 42.392092000000005], [-71.145248, 42.392878], [-71.150115, 42.39493300000001], [-71.153169, 42.39564300000001], [-71.156362, 42.395852], [-71.152057, 42.40104], [-71.14355700000002, 42.397428000000005], [-71.143241, 42.39656399999998], [-71.14413, 42.395261000000005], [-71.144297, 42.394676000000004], [-71.140607, 42.394679999999994], [-71.140745, 42.39588600000001], [-71.139396, 42.39596999999998], [-71.138359, 42.39564500000001], [-71.13835, 42.3968], [-71.13713, 42.39698300000001], [-71.136932, 42.397572], [-71.13221300000001, 42.39727600000001], [-71.132153, 42.395762], [-71.130854, 42.39578500000002], [-71.129463, 42.396626999999995], [-71.128654, 42.39605699999999], [-71.128824, 42.39620399999999], [-71.12736100000001, 42.39709599999998], [-71.13130000000001, 42.401579999999996], [-71.134635, 42.404258999999996], [-71.134595, 42.405445000000014], [-71.134286, 42.406403999999995], [-71.132569, 42.40869599999999], [-71.132223, 42.40952300000001], [-71.132247, 42.41017800000001], [-71.132887, 42.41197299999998], [-71.132435, 42.415215999999994], [-71.131872, 42.415291], [-71.131614, 42.41551100000001], [-71.131629, 42.416622], [-71.131414, 42.416975999999984], [-71.129986, 42.41756599999999], [-71.128256, 42.417989000000006], [-71.126853, 42.41815600000001], [-71.125809, 42.417999], [-71.129922, 42.41332700000001], [-71.12704, 42.41232800000001], [-71.128101, 42.410720000000005], [-71.12615, 42.40926900000001], [-71.125687, 42.40998399999999], [-71.12336, 42.40919100000001], [-71.123996, 42.408268000000014], [-71.121556, 42.407433999999995], [-71.121752, 42.407116], [-71.119456, 42.406327], [-71.119328, 42.40652499999999], [-71.115541, 42.40514499999999], [-71.115489, 42.402905000000004], [-71.113868, 42.400985000000006], [-71.112374, 42.400226], [-71.100394, 42.39622399999999], [-71.096689, 42.400454999999994], [-71.093883, 42.39963199999999], [-71.091993, 42.39889999999997], [-71.085687, 42.400651], [-71.083423, 42.40001299999999], [-71.077152, 42.39677799999999], [-71.075996, 42.39639600000001], [-71.076419, 42.39777299999999], [-71.075988, 42.399706000000016], [-71.073448, 42.402665000000006], [-71.071297, 42.40692200000001], [-71.072692, 42.408237], [-71.073659, 42.40851899999999], [-71.073744, 42.40867900000001], [-71.073801, 42.409056], [-71.073624, 42.40930300000001], [-71.072161, 42.41036299999999], [-71.071873, 42.411099000000014], [-71.071907, 42.41167200000001], [-71.072111, 42.412081000000015], [-71.073196, 42.41299599999999], [-71.073296, 42.41479600000002], [-71.064507, 42.41524099999999], [-71.064559, 42.41533399999999], [-71.061584, 42.41561000000001], [-71.060441, 42.416007], [-71.05685, 42.41867100000002], [-71.054735, 42.42003799999999], [-71.054383, 42.420027], [-71.050472, 42.42288700000001], [-71.02822700000002, 42.424202], [-71.02962, 42.42129899999999], [-71.031275, 42.418433000000014], [-71.033181, 42.41420599999999], [-71.029036, 42.410354000000005], [-71.02797, 42.40872699999999], [-71.027115, 42.40778199999998], [-71.026898, 42.40733199999999], [-71.026888, 42.40655000000001], [-71.026237, 42.40592500000002], [-71.025753, 42.405756999999994], [-71.024901, 42.40590000000002], [-71.023847, 42.40532400000001], [-71.023278, 42.40554399999999], [-71.022855, 42.40512499999999], [-71.022442, 42.405474], [-71.02148, 42.405164000000006], [-71.020442, 42.405114], [-71.020305, 42.404829], [-71.021191, 42.40423299999999], [-71.021169, 42.40392400000001], [-71.020828, 42.403513000000004], [-71.019981, 42.40372300000001], [-71.018715, 42.403709000000006], [-71.018088, 42.40335699999999], [-71.017826, 42.402883], [-71.017035, 42.40271499999999], [-71.01563, 42.402704000000014], [-71.013772, 42.402964], [-71.013007, 42.402864], [-71.010861, 42.401689000000005], [-71.009396, 42.401183], [-71.009445, 42.400475], [-71.009629, 42.40016700000001], [-71.013395, 42.39739799999999], [-71.011272, 42.396589000000006], [-71.01193, 42.39575200000001], [-71.009894, 42.395475000000005], [-71.008945, 42.39519200000001], [-71.005861, 42.393892], [-71.001407, 42.39674000000001], [-70.999146, 42.39697799999999], [-70.998306, 42.396929], [-70.996475, 42.396308000000005], [-70.995361, 42.393813], [-70.993818, 42.392924], [-70.989771, 42.393240000000006], [-70.987442, 42.39274200000001], [-70.987113, 42.391985], [-70.987571, 42.390582], [-70.987511, 42.38922900000001], [-70.987289, 42.388734], [-70.986053, 42.388116000000004], [-70.986667, 42.38707200000002], [-70.987038, 42.386910999999984], [-70.988281, 42.38710700000001], [-70.994239, 42.384647000000015], [-70.994634, 42.38271099999997], [-70.994648, 42.38114999999999], [-70.996694, 42.37874100000001], [-70.999326, 42.377737999999994], [-71.000206, 42.37775400000002], [-71.006123, 42.376052], [-71.010363, 42.365031], [-71.000695, 42.36464], [-71.000736, 42.364818], [-70.986597, 42.364572], [-70.985593, 42.356796999999986], [-70.972893, 42.35359699999999], [-70.975094, 42.34349900000001], [-70.988173, 42.34344700000002], [-71.010994, 42.34269800000001], [-71.028363, 42.35409899999999], [-71.02979500000001, 42.35178899999999], [-71.032422, 42.353091], [-71.045828, 42.357227], [-71.045564, 42.358246], [-71.045566, 42.359733], [-71.042596, 42.363798], [-71.049095, 42.371197], [-71.050895, 42.370697], [-71.054995, 42.370697], [-71.057141, 42.369982], [-71.059795, 42.368767], [-71.062994, 42.36839100000001], [-71.063921, 42.369016000000016], [-71.069478, 42.36904599999999], [-71.073721, 42.365056], [-71.074792, 42.363773000000016], [-71.076092, 42.36038], [-71.077334, 42.35908399999999], [-71.077952, 42.35873500000001], [-71.087511, 42.355557000000005], [-71.086259, 42.352959], [-71.085733, 42.35245499999999], [-71.083749, 42.348380000000006], [-71.071057, 42.35180299999998], [-71.067533, 42.352513], [-71.064562, 42.35238300000001], [-71.064235, 42.353394000000016], [-71.062516, 42.353280000000005], [-71.062575, 42.35239899999999], [-71.060119, 42.35255800000001], [-71.058009, 42.35235], [-71.056246, 42.352903], [-71.055324, 42.352595000000015], [-71.054478, 42.35322900000002], [-71.051529, 42.35467200000001], [-71.05106, 42.355130999999986], [-71.049595, 42.354496999999995], [-71.05218800000002, 42.351121], [-71.052186, 42.350922], [-71.054771, 42.347253], [-71.054788, 42.34687100000001], [-71.054469, 42.34677800000001], [-71.058143, 42.34564699999999], [-71.059394, 42.343759000000006], [-71.059952, 42.342320000000015], [-71.060264, 42.34239900000001], [-71.060497, 42.340219999999995], [-71.061586, 42.338575999999996], [-71.061009, 42.33478199999999], [-71.066655, 42.32584500000003], [-71.067341, 42.32391100000001], [-71.068747, 42.318594000000004], [-71.062718, 42.316006], [-71.061674, 42.31838], [-71.059881, 42.31797200000001], [-71.059596, 42.31886899999999], [-71.058834, 42.3186], [-71.060018, 42.31473799999998], [-71.060885, 42.31512600000001], [-71.062372, 42.31333200000001], [-71.063259, 42.31368799999999], [-71.063482, 42.31317400000001], [-71.062113, 42.31259699999999], [-71.062386, 42.312280000000015], [-71.062327, 42.31213200000003], [-71.061182, 42.31152100000001], [-71.059379, 42.31103899999998], [-71.058881, 42.31277100000001], [-71.057207, 42.31296], [-71.056021, 42.312864000000005], [-71.054983, 42.31233099999999], [-71.055603, 42.310973], [-71.053506, 42.310493000000015], [-71.054471, 42.308], [-71.055558, 42.30382300000001], [-71.055756, 42.301817], [-71.055954, 42.301374], [-71.056482, 42.300853999999994], [-71.05704200000001, 42.300582000000006], [-71.059042, 42.30033300000001], [-71.05681900000002, 42.297917], [-71.056457, 42.29637], [-71.058875, 42.29568300000001], [-71.058323, 42.29464], [-71.059172, 42.29440099999999], [-71.058817, 42.29352999999999], [-71.056917, 42.29397999999999], [-71.057296, 42.29312500000002], [-71.057295, 42.29164699999999], [-71.055773, 42.28935], [-71.055347, 42.288242], [-71.058146, 42.28735], [-71.06188, 42.28651399999999], [-71.064303, 42.285699], [-71.066503, 42.277904], [-71.067517, 42.27770100000001], [-71.067892, 42.276433999999995], [-71.069436, 42.276289], [-71.069601, 42.275753], [-71.070858, 42.27590799999999], [-71.07207700000001, 42.27566600000001], [-71.072199, 42.27500100000001], [-71.070088, 42.273703000000005], [-71.069526, 42.272572999999994], [-71.068018, 42.272216], [-71.06814, 42.270999999999994], [-71.068502, 42.27077500000001], [-71.069784, 42.270604999999996], [-71.072044, 42.270817], [-71.073264, 42.27031699999998], [-71.0731, 42.269641], [-71.073296, 42.26923899999999], [-71.076195, 42.267160999999994], [-71.07894, 42.26357], [-71.08057, 42.26068], [-71.0812, 42.25836999999999], [-71.08297, 42.25873000000001], [-71.08434, 42.25925000000001], [-71.08698, 42.257960000000004], [-71.08747, 42.25838], [-71.08819, 42.25802999999999], [-71.09351, 42.25692000000001], [-71.093532, 42.24557099999999], [-71.09298, 42.24459], [-71.09291000000002, 42.24405000000001], [-71.09359, 42.24128000000001], [-71.093312, 42.23867000000001], [-71.09189, 42.23702000000001], [-71.090308, 42.236635], [-71.08958, 42.236160000000005], [-71.08701, 42.23244], [-71.08482, 42.22962000000001], [-71.07906, 42.22490000000002], [-71.08024, 42.224030000000006], [-71.07664, 42.22111999999999], [-71.07867, 42.220229999999994], [-71.080163, 42.21885899999999], [-71.093189, 42.21393600000002], [-71.08272700000002, 42.204289999999986], [-71.082475, 42.20437400000001], [-71.082244, 42.20474900000001], [-71.081612, 42.20466], [-71.080747, 42.204948], [-71.079186, 42.20461399999999], [-71.07776, 42.204789], [-71.076997, 42.20452000000001], [-71.075143, 42.20473899999998], [-71.074471, 42.204224], [-71.073314, 42.20422000000001], [-71.069679, 42.20450799999998], [-71.067968, 42.20498899999998], [-71.060388, 42.20631400000001], [-71.059422, 42.20595600000001], [-71.058126, 42.206193999999996], [-71.057306, 42.205904000000004], [-71.056889, 42.205980000000004], [-71.056191, 42.20583], [-71.055926, 42.205974], [-71.055591, 42.205868], [-71.055194, 42.205981999999985], [-71.05305600000001, 42.20569200000003], [-71.052152, 42.205922], [-71.051896, 42.20618100000001], [-71.04949, 42.206669000000005], [-71.047271, 42.194592], [-71.029591, 42.19153], [-71.01913, 42.186851000000004], [-71.019517, 42.185947999999996], [-71.01909, 42.18535399999999], [-71.019345, 42.185189999999984], [-71.019273, 42.184988], [-71.019468, 42.184650999999995], [-71.019312, 42.184435000000015], [-71.019411, 42.18425999999999], [-71.018988, 42.184057], [-71.019459, 42.18378900000001], [-71.019229, 42.18351100000001], [-71.019456, 42.183246], [-71.019941, 42.181895999999995], [-71.019646, 42.18147999999999], [-71.019691, 42.18125899999999], [-71.020164, 42.180970999999985], [-71.019898, 42.18029399999999], [-71.020167, 42.179622], [-71.019746, 42.179326], [-71.019751, 42.179013999999995], [-71.019549, 42.17879400000002], [-71.019665, 42.178529], [-71.019994, 42.178514], [-71.019878, 42.177938000000005], [-71.020628, 42.17757], [-71.020574, 42.176565], [-71.021054, 42.176210999999995], [-71.021134, 42.17589799999999], [-71.020816, 42.175015000000016], [-71.021034, 42.17460299999999], [-71.021614, 42.17409899999999], [-71.021298, 42.17340999999999], [-71.022428, 42.170546], [-71.021695, 42.170418], [-71.02162, 42.170166], [-71.021984, 42.16941700000001], [-71.021994, 42.16900499999999], [-71.027565, 42.15632099999999], [-71.035093, 42.13563400000001], [-71.04012, 42.137194], [-71.114799, 42.21265300000001], [-71.130771, 42.227926000000004], [-71.142681, 42.235998000000016], [-71.146642, 42.25575500000001], [-71.152118, 42.258247], [-71.150015, 42.259454000000005], [-71.150276, 42.259733], [-71.150473, 42.25964900000002], [-71.151956, 42.260807], [-71.152506, 42.26047500000002], [-71.151082, 42.25933200000002], [-71.151623, 42.259059000000015], [-71.15504200000001, 42.261847], [-71.15568, 42.261007000000006], [-71.156027, 42.26079899999999], [-71.156937, 42.26082499999998], [-71.157609, 42.263433000000006], [-71.15846100000002, 42.265308000000005], [-71.160424, 42.26682300000002], [-71.160005, 42.26702300000001], [-71.158643, 42.26956600000001], [-71.154676, 42.269296999999995], [-71.154063, 42.269009], [-71.151124, 42.26666600000001], [-71.146811, 42.27039], [-71.140308, 42.275428999999995], [-71.135535, 42.279548999999996], [-71.127373, 42.28710000000001], [-71.125965, 42.28848200000001], [-71.127139, 42.28916099999999], [-71.126229, 42.29002899999999], [-71.124217, 42.29258099999999], [-71.122172, 42.29455600000001], [-71.121294, 42.295199000000004], [-71.119786, 42.294287], [-71.119916, 42.294166999999995], [-71.118415, 42.29340899999999], [-71.113384, 42.301492], [-71.10661, 42.31174000000001], [-71.105791, 42.313443000000014], [-71.104475, 42.31702200000001], [-71.102944, 42.319298], [-71.103985, 42.31997700000001], [-71.105131, 42.31927799999999], [-71.105289, 42.319365], [-71.106788, 42.321155999999995], [-71.108452, 42.32238899999999], [-71.110644, 42.321834999999986], [-71.116321, 42.321012], [-71.117824, 42.32113400000002], [-71.119257, 42.32147799999999], [-71.11947500000001, 42.321713], [-71.119607, 42.322614], [-71.119539, 42.322745], [-71.11887, 42.322858], [-71.118509, 42.323116], [-71.118398, 42.323454999999996], [-71.116772, 42.323769999999996], [-71.116537, 42.32393900000002], [-71.115948, 42.325734999999995], [-71.115965, 42.32637900000001], [-71.115271, 42.326933999999994], [-71.11504, 42.32730800000001], [-71.113575, 42.330467000000006], [-71.113212, 42.332458], [-71.112192, 42.333801000000015], [-71.110533, 42.33532999999999], [-71.11099, 42.335757], [-71.110708, 42.336307999999995], [-71.111559, 42.33738100000001], [-71.110885, 42.338884], [-71.110579, 42.340443], [-71.109553, 42.34149399999999], [-71.10849, 42.34183699999999], [-71.10802700000002, 42.34247799999999], [-71.10651400000002, 42.34310599999999], [-71.106072, 42.34358299999999], [-71.105516, 42.343812], [-71.107213, 42.347049000000005], [-71.10657, 42.349912], [-71.122855, 42.351860999999985], [-71.122942, 42.35141599999997], [-71.124067, 42.351552], [-71.126854, 42.35008799999999], [-71.128583, 42.349833000000004], [-71.129281, 42.34906699999999], [-71.133381, 42.347122000000006], [-71.135278, 42.345940999999996], [-71.141326, 42.341048], [-71.141939, 42.340008], [-71.14421200000001, 42.34002199999999], [-71.146245, 42.338595], [-71.146606, 42.33853700000002], [-71.146156, 42.33744200000002], [-71.148742, 42.336866], [-71.148295, 42.335806999999996], [-71.15005900000001, 42.33539299999999], [-71.150461, 42.334968], [-71.149853, 42.334635], [-71.157036, 42.33039], [-71.159325, 42.332767999999994], [-71.161295, 42.33378299999999], [-71.162732, 42.333961], [-71.167565, 42.333441], [-71.168191, 42.33479100000001], [-71.16857, 42.335143], [-71.168886, 42.33582599999999], [-71.169217, 42.33806800000001], [-71.168633, 42.338629], [-71.166808, 42.33928999999997], [-71.166683, 42.340104000000004], [-71.17485, 42.350337]]]}}, {"type": "Feature", "properties": {"district_name": "8th Congressional District", "chamber": "us-house", "vintage": "2022-present", "url": "/district/us-house-8th-congressional-district-2022-present/", "latest_year": 2024, "years": [{"year": 2024, "lean_dem_share": 0.6714, "competitiveness": "Safe", "competitiveness_label": "Safe D", "party_favored": "Democratic", "is_uncontested": false, "turnout_ratio": 0.8488, "winner_name": "Stephen F. Lynch", "winner_party": "Democratic", "winner_war": -0.0501, "winner_lean_component": 0.4239, "winner_tide_component": 0.0405, "winner_incumbency_adjustment": 0.035, "winner_demographics_component": null, "winner_fundraising_component": null}, {"year": 2022, "lean_dem_share": 0.6854, "competitiveness": "Safe", "competitiveness_label": "Safe D", "party_favored": "Democratic", "is_uncontested": false, "turnout_ratio": 0.8624, "winner_name": "Stephen F. Lynch", "winner_party": "Democratic", "winner_war": -0.0239, "winner_lean_component": 0.4239, "winner_tide_component": 0.0418, "winner_incumbency_adjustment": 0.0, "winner_demographics_component": null, "winner_fundraising_component": null}], "lean_dem_share": 0.6714, "competitiveness": "Safe", "competitiveness_label": "Safe D", "party_favored": "Democratic", "is_uncontested": false, "turnout_ratio": 0.8488, "winner_name": "Stephen F. Lynch", "winner_party": "Democratic", "winner_war": -0.0501, "winner_lean_component": 0.4239, "winner_tide_component": 0.0405, "winner_incumbency_adjustment": 0.035, "winner_demographics_component": null, "winner_fundraising_component": null}, "geometry": {"type": "Polygon", "coordinates": [[[-71.303566, 42.148693], [-71.303751, 42.14949999999999], [-71.275025, 42.148622999999986], [-71.275671, 42.18166700000001], [-71.269569, 42.20049899999999], [-71.267523, 42.200938999999984], [-71.263711, 42.203328000000006], [-71.26105500000001, 42.204096], [-71.259791, 42.204115000000016], [-71.258263, 42.20391000000001], [-71.258194, 42.204071], [-71.256403, 42.203672000000005], [-71.254124, 42.2028], [-71.251416, 42.202613], [-71.232237, 42.256898], [-71.232285, 42.258424999999995], [-71.230347, 42.261361999999984], [-71.229688, 42.263417], [-71.229333, 42.26403999999999], [-71.228685, 42.264309], [-71.227284, 42.263909000000005], [-71.22565600000001, 42.26413300000001], [-71.22429, 42.26318100000001], [-71.223188, 42.262696999999996], [-71.222488, 42.262881], [-71.221567, 42.26342700000001], [-71.219875, 42.263532000000005], [-71.218675, 42.265387000000004], [-71.218123, 42.267665], [-71.218311, 42.268458], [-71.217973, 42.268678], [-71.217005, 42.26852299999999], [-71.214565, 42.26770199999999], [-71.21093, 42.267302], [-71.209262, 42.267514000000006], [-71.208049, 42.26785100000001], [-71.205727, 42.26757], [-71.205024, 42.267058999999996], [-71.199786, 42.26770199999999], [-71.199208, 42.26796700000001], [-71.198791, 42.268431], [-71.197125, 42.26895300000001], [-71.196694, 42.269223999999994], [-71.188212, 42.280438000000004], [-71.190753, 42.28184000000002], [-71.191131, 42.282363999999994], [-71.191247, 42.28299200000001], [-71.178636, 42.29459500000001], [-71.164702, 42.30382999999999], [-71.152113, 42.29458799999998], [-71.146883, 42.29728], [-71.140096, 42.302173000000025], [-71.13650200000001, 42.306204], [-71.13186300000001, 42.31317800000001], [-71.124269, 42.321856], [-71.123711, 42.32271600000002], [-71.12336700000002, 42.322571], [-71.121528, 42.323882], [-71.120112, 42.32283499999998], [-71.119539, 42.322745], [-71.119438, 42.321605], [-71.118506, 42.32125700000001], [-71.117117, 42.32105500000001], [-71.115599, 42.321065999999995], [-71.110644, 42.321834999999986], [-71.108452, 42.32238899999999], [-71.106788, 42.321155999999995], [-71.105289, 42.319365], [-71.105131, 42.31927799999999], [-71.103985, 42.31997700000001], [-71.102944, 42.319298], [-71.104475, 42.31702200000001], [-71.105791, 42.313443000000014], [-71.10661, 42.31174000000001], [-71.113384, 42.301492], [-71.118415, 42.29340899999999], [-71.119916, 42.294166999999995], [-71.119786, 42.294287], [-71.121294, 42.295199000000004], [-71.122172, 42.29455600000001], [-71.124217, 42.29258099999999], [-71.126229, 42.29002899999999], [-71.127139, 42.28916099999999], [-71.125965, 42.28848200000001], [-71.127373, 42.28710000000001], [-71.135535, 42.279548999999996], [-71.140308, 42.275428999999995], [-71.146811, 42.27039], [-71.151124, 42.26666600000001], [-71.154063, 42.269009], [-71.154676, 42.269296999999995], [-71.158643, 42.26956600000001], [-71.160005, 42.26702300000001], [-71.160424, 42.26682300000002], [-71.15846100000002, 42.265308000000005], [-71.157609, 42.263433000000006], [-71.156937, 42.26082499999998], [-71.156027, 42.26079899999999], [-71.15568, 42.261007000000006], [-71.15504200000001, 42.261847], [-71.151623, 42.259059000000015], [-71.151082, 42.25933200000002], [-71.152506, 42.26047500000002], [-71.151956, 42.260807], [-71.150473, 42.25964900000002], [-71.150276, 42.259733], [-71.150015, 42.259454000000005], [-71.152118, 42.258247], [-71.146642, 42.25575500000001], [-71.142681, 42.235998000000016], [-71.130771, 42.227926000000004], [-71.114799, 42.21265300000001], [-71.04012, 42.137194], [-71.035093, 42.13563400000001], [-71.027565, 42.15632099999999], [-71.021994, 42.16900499999999], [-71.021984, 42.16941700000001], [-71.02162, 42.170166], [-71.021695, 42.170418], [-71.022428, 42.170546], [-71.021298, 42.17340999999999], [-71.021614, 42.17409899999999], [-71.021034, 42.17460299999999], [-71.020816, 42.175015000000016], [-71.021134, 42.17589799999999], [-71.021054, 42.176210999999995], [-71.020574, 42.176565], [-71.020628, 42.17757], [-71.019878, 42.177938000000005], [-71.019994, 42.178514], [-71.019665, 42.178529], [-71.019549, 42.17879400000002], [-71.019751, 42.179013999999995], [-71.019746, 42.179326], [-71.020167, 42.179622], [-71.019898, 42.18029399999999], [-71.020164, 42.180970999999985], [-71.019691, 42.18125899999999], [-71.019646, 42.18147999999999], [-71.019941, 42.181895999999995], [-71.019456, 42.183246], [-71.019229, 42.18351100000001], [-71.019459, 42.18378900000001], [-71.018988, 42.184057], [-71.019411, 42.18425999999999], [-71.019312, 42.184435000000015], [-71.019468, 42.184650999999995], [-71.019273, 42.184988], [-71.019345, 42.185189999999984], [-71.01909, 42.18535399999999], [-71.019517, 42.185947999999996], [-71.01913, 42.186851000000004], [-71.029591, 42.19153], [-71.047271, 42.194592], [-71.04949, 42.206669000000005], [-71.051896, 42.20618100000001], [-71.052152, 42.205922], [-71.05305600000001, 42.20569200000003], [-71.055194, 42.205981999999985], [-71.055591, 42.205868], [-71.055926, 42.205974], [-71.056191, 42.20583], [-71.056889, 42.205980000000004], [-71.057306, 42.205904000000004], [-71.058126, 42.206193999999996], [-71.059422, 42.20595600000001], [-71.060388, 42.20631400000001], [-71.067968, 42.20498899999998], [-71.069679, 42.20450799999998], [-71.073314, 42.20422000000001], [-71.074471, 42.204224], [-71.075143, 42.20473899999998], [-71.076997, 42.20452000000001], [-71.07776, 42.204789], [-71.079186, 42.20461399999999], [-71.080747, 42.204948], [-71.081612, 42.20466], [-71.082244, 42.20474900000001], [-71.082475, 42.20437400000001], [-71.08272700000002, 42.204289999999986], [-71.093189, 42.21393600000002], [-71.080163, 42.21885899999999], [-71.07867, 42.220229999999994], [-71.07664, 42.22111999999999], [-71.08024, 42.224030000000006], [-71.07906, 42.22490000000002], [-71.08482, 42.22962000000001], [-71.08701, 42.23244], [-71.08958, 42.236160000000005], [-71.090308, 42.236635], [-71.09189, 42.23702000000001], [-71.093312, 42.23867000000001], [-71.09359, 42.24128000000001], [-71.09291000000002, 42.24405000000001], [-71.09298, 42.24459], [-71.093532, 42.24557099999999], [-71.09351, 42.25692000000001], [-71.08819, 42.25802999999999], [-71.08747, 42.25838], [-71.08698, 42.257960000000004], [-71.08434, 42.25925000000001], [-71.08297, 42.25873000000001], [-71.0812, 42.25836999999999], [-71.08057, 42.26068], [-71.07894, 42.26357], [-71.076195, 42.267160999999994], [-71.073296, 42.26923899999999], [-71.0731, 42.269641], [-71.073264, 42.27031699999998], [-71.072044, 42.270817], [-71.069784, 42.270604999999996], [-71.068502, 42.27077500000001], [-71.06814, 42.270999999999994], [-71.068018, 42.272216], [-71.069526, 42.272572999999994], [-71.070088, 42.273703000000005], [-71.072199, 42.27500100000001], [-71.07207700000001, 42.27566600000001], [-71.070858, 42.27590799999999], [-71.069601, 42.275753], [-71.069436, 42.276289], [-71.067892, 42.276433999999995], [-71.067517, 42.27770100000001], [-71.066503, 42.277904], [-71.064303, 42.285699], [-71.06188, 42.28651399999999], [-71.058146, 42.28735], [-71.055347, 42.288242], [-71.055773, 42.28935], [-71.057295, 42.29164699999999], [-71.057296, 42.29312500000002], [-71.056917, 42.29397999999999], [-71.058817, 42.29352999999999], [-71.059172, 42.29440099999999], [-71.058323, 42.29464], [-71.058875, 42.29568300000001], [-71.056457, 42.29637], [-71.05681900000002, 42.297917], [-71.059042, 42.30033300000001], [-71.05704200000001, 42.300582000000006], [-71.056482, 42.300853999999994], [-71.055954, 42.301374], [-71.055756, 42.301817], [-71.055558, 42.30382300000001], [-71.054471, 42.308], [-71.053506, 42.310493000000015], [-71.055603, 42.310973], [-71.054983, 42.31233099999999], [-71.056021, 42.312864000000005], [-71.057207, 42.31296], [-71.058881, 42.31277100000001], [-71.059379, 42.31103899999998], [-71.061182, 42.31152100000001], [-71.062327, 42.31213200000003], [-71.062386, 42.312280000000015], [-71.062113, 42.31259699999999], [-71.063482, 42.31317400000001], [-71.063259, 42.31368799999999], [-71.062372, 42.31333200000001], [-71.060885, 42.31512600000001], [-71.060018, 42.31473799999998], [-71.058834, 42.3186], [-71.059596, 42.31886899999999], [-71.059881, 42.31797200000001], [-71.061674, 42.31838], [-71.062718, 42.316006], [-71.068747, 42.318594000000004], [-71.067341, 42.32391100000001], [-71.066655, 42.32584500000003], [-71.061009, 42.33478199999999], [-71.061586, 42.338575999999996], [-71.060497, 42.340219999999995], [-71.060264, 42.34239900000001], [-71.059952, 42.342320000000015], [-71.059394, 42.343759000000006], [-71.058143, 42.34564699999999], [-71.054469, 42.34677800000001], [-71.054788, 42.34687100000001], [-71.054771, 42.347253], [-71.052186, 42.350922], [-71.05218800000002, 42.351121], [-71.049595, 42.354496999999995], [-71.05106, 42.355130999999986], [-71.051529, 42.35467200000001], [-71.054478, 42.35322900000002], [-71.055324, 42.352595000000015], [-71.056246, 42.352903], [-71.058009, 42.35235], [-71.060119, 42.35255800000001], [-71.062575, 42.35239899999999], [-71.062516, 42.353280000000005], [-71.064235, 42.353394000000016], [-71.064562, 42.35238300000001], [-71.067533, 42.352513], [-71.071057, 42.35180299999998], [-71.083749, 42.348380000000006], [-71.085733, 42.35245499999999], [-71.086259, 42.352959], [-71.087511, 42.355557000000005], [-71.077952, 42.35873500000001], [-71.077334, 42.35908399999999], [-71.076092, 42.36038], [-71.074792, 42.363773000000016], [-71.073721, 42.365056], [-71.069478, 42.36904599999999], [-71.063921, 42.369016000000016], [-71.062994, 42.36839100000001], [-71.059795, 42.368767], [-71.057141, 42.369982], [-71.054995, 42.370697], [-71.050895, 42.370697], [-71.049095, 42.371197], [-71.042596, 42.363798], [-71.045566, 42.359733], [-71.045564, 42.358246], [-71.045828, 42.357227], [-71.032422, 42.353091], [-71.02979500000001, 42.35178899999999], [-71.028363, 42.35409899999999], [-71.010994, 42.34269800000001], [-70.988173, 42.34344700000002], [-70.975094, 42.34349900000001], [-70.972893, 42.35359699999999], [-70.968935, 42.35592500000001], [-70.96882, 42.35586600000001], [-70.967257, 42.35706900000001], [-70.967048, 42.356954], [-70.917892, 42.38599700000002], [-70.901292, 42.384098000000016], [-70.851436, 42.393209000000006], [-70.749487, 42.400820000000024], [-70.648072, 42.40562799999999], [-70.652005, 42.39293899999999], [-70.658723, 42.375097999999994], [-70.690393, 42.27899900000001], [-70.689025, 42.27238999999998], [-70.688773, 42.268331], [-70.688704, 42.263468], [-70.68406100000001, 42.25383599999999], [-70.676029, 42.250102000000005], [-70.66281, 42.24485099999999], [-70.648622, 42.23736000000001], [-70.640113, 42.22837199999999], [-70.63633, 42.21638599999999], [-70.63633, 42.20290299999999], [-70.639165, 42.19091899999998], [-70.642946, 42.178185], [-70.624482, 42.15722500000002], [-70.624483, 42.125107], [-70.665784, 42.12510000000001], [-70.669571, 42.129395], [-70.675077, 42.13619899999999], [-70.678461, 42.14074799999999], [-70.684741, 42.151], [-70.691099, 42.163671], [-70.694278, 42.17105699999999], [-70.699515, 42.19117800000002], [-70.702351, 42.199456], [-70.732356, 42.25010099999999], [-70.749486, 42.291165], [-70.751049, 42.293114], [-70.749487, 42.29535600000001], [-70.67569, 42.375097999999994], [-70.729212, 42.373848], [-70.749488, 42.351777999999996], [-70.800346, 42.29311299999998], [-70.82571, 42.26477099999999], [-70.825638, 42.26463299999999], [-70.826986, 42.264368], [-70.83574000000002, 42.26479199999999], [-70.838644, 42.263498000000006], [-70.839003, 42.26313799999999], [-70.839611, 42.26188599999999], [-70.840627, 42.26098900000001], [-70.8424, 42.26055499999998], [-70.844627, 42.260426000000024], [-70.844781, 42.25969499999999], [-70.845324, 42.25901000000001], [-70.846477, 42.256097999999994], [-70.847015, 42.255264], [-70.84729, 42.254101000000006], [-70.84845, 42.253040000000006], [-70.848886, 42.252304], [-70.84892, 42.251769], [-70.848269, 42.250536], [-70.84822000000001, 42.24867100000002], [-70.848504, 42.24799800000002], [-70.849277, 42.24733100000002], [-70.841241, 42.24454599999999], [-70.841152, 42.24334600000001], [-70.85338, 42.239607000000014], [-70.8408, 42.213118], [-70.827015, 42.200785999999994], [-70.838864, 42.19480600000001], [-70.852165, 42.19046199999999], [-70.870248, 42.182471], [-70.887603, 42.173334999999994], [-70.893516, 42.169814], [-70.940768, 42.151365], [-70.931487, 42.116549], [-70.902412, 42.08589700000001], [-70.912962, 42.084417], [-70.909395, 42.068182], [-70.90846, 42.062885000000016], [-70.907549, 42.058795], [-70.906934, 42.056687], [-70.899729, 42.02529899999999], [-70.897418, 42.024941], [-70.89764900000002, 42.024224000000004], [-70.896618, 42.02328499999998], [-70.896893, 42.019419], [-70.897744, 42.01644900000001], [-70.899571, 42.002975], [-70.899187, 41.99637100000001], [-70.903366, 41.996627], [-70.908439, 41.996164], [-70.909652, 41.99641699999999], [-70.910681, 41.99692799999998], [-70.91112600000001, 41.99672799999999], [-70.912833, 41.997004999999994], [-70.913485, 41.997486], [-70.914077, 41.998452000000015], [-70.91409, 41.99882100000001], [-70.914498, 41.99933200000001], [-70.917343, 42.002263], [-70.917479, 42.00272999999999], [-70.917307, 42.00356], [-70.91739, 42.004636], [-70.918555, 42.005928], [-70.919516, 42.00666799999999], [-70.920672, 42.007259000000005], [-70.925364, 42.00890900000001], [-70.926923, 42.008873], [-70.930446, 42.007809], [-70.935392, 42.00782900000002], [-70.939364, 42.007281], [-70.942994, 42.006541000000006], [-70.95366400000002, 42.00585], [-70.979585, 42.010999], [-70.978786, 42.007394999999995], [-70.990607, 42.003908], [-71.002717, 41.998052999999985], [-71.054184, 41.98271600000002], [-71.054718, 41.985057000000005], [-71.055392, 41.985178000000005], [-71.10203, 41.993348], [-71.15645, 42.001042000000034], [-71.159263, 42.01543300000001], [-71.16868100000002, 42.061161], [-71.138607, 42.072774999999986], [-71.13902, 42.074831], [-71.138462, 42.076560000000015], [-71.139001, 42.07715], [-71.139469, 42.07829399999999], [-71.13941, 42.07976000000002], [-71.139592, 42.08127799999998], [-71.139413, 42.08204400000002], [-71.1388, 42.08311], [-71.138728, 42.08368600000001], [-71.13934, 42.08452], [-71.139428, 42.08486999999999], [-71.13837, 42.086780000000005], [-71.13766, 42.08865000000001], [-71.13666, 42.089649999999985], [-71.13581, 42.09082000000002], [-71.13526, 42.09255999999999], [-71.13377, 42.09579], [-71.13312, 42.096810000000005], [-71.1324, 42.09893000000001], [-71.131392, 42.10047800000002], [-71.13113, 42.10179000000001], [-71.13168, 42.10419], [-71.131596, 42.105500000000006], [-71.131739, 42.106548000000004], [-71.132028, 42.10749999999999], [-71.133021, 42.10936], [-71.133491, 42.110989000000004], [-71.133977, 42.111740999999995], [-71.135774, 42.113489999999985], [-71.136462, 42.11530600000002], [-71.138604, 42.119546], [-71.139102, 42.120235], [-71.140611, 42.121551999999994], [-71.146017, 42.125368999999985], [-71.147209, 42.12655600000001], [-71.148205, 42.128117000000024], [-71.14845600000001, 42.12874900000001], [-71.148542, 42.131160999999985], [-71.149757, 42.133631], [-71.150165, 42.13585299999998], [-71.150078, 42.13656499999998], [-71.149166, 42.13861199999999], [-71.163542, 42.141456999999996], [-71.162198, 42.145279], [-71.171993, 42.15152400000001], [-71.176368, 42.155360000000016], [-71.175763, 42.15559899999999], [-71.178013, 42.16396099999999], [-71.177853, 42.16413599999999], [-71.178135, 42.165045000000006], [-71.177899, 42.165567], [-71.178247, 42.16581299999998], [-71.179188, 42.16590299999999], [-71.17902, 42.16528299999999], [-71.179796, 42.164978000000005], [-71.180005, 42.165084], [-71.180182, 42.165496000000005], [-71.181313, 42.16552300000001], [-71.181753, 42.165141999999996], [-71.181712, 42.16475], [-71.182014, 42.16457199999999], [-71.182066, 42.164221999999995], [-71.182219, 42.164145999999995], [-71.182179, 42.163883], [-71.18253, 42.163722000000014], [-71.18280300000002, 42.16328699999999], [-71.183387, 42.16323800000002], [-71.183467, 42.163041], [-71.184323, 42.16249200000001], [-71.185032, 42.16245900000002], [-71.185833, 42.16216099999999], [-71.186607, 42.161486], [-71.187881, 42.161308000000005], [-71.188108, 42.16132499999998], [-71.188146, 42.16148900000001], [-71.188691, 42.161127000000015], [-71.186885, 42.153264000000014], [-71.22599, 42.13541000000001], [-71.22699, 42.134363000000015], [-71.227436, 42.13346000000001], [-71.227832, 42.13308000000001], [-71.229082, 42.132605000000005], [-71.230398, 42.13257400000001], [-71.230666, 42.13205900000001], [-71.231945, 42.13155899999999], [-71.232201, 42.13059400000001], [-71.233475, 42.128569], [-71.233307, 42.125958999999995], [-71.231098, 42.123298000000005], [-71.233168, 42.12300099999999], [-71.233293, 42.12341200000001], [-71.237955, 42.121614999999984], [-71.238117, 42.12135800000001], [-71.238681, 42.121358999999984], [-71.239073, 42.12096100000002], [-71.239898, 42.12083], [-71.239616, 42.12029400000001], [-71.239116, 42.120001], [-71.239148, 42.119688], [-71.238862, 42.119335], [-71.23913, 42.118826000000006], [-71.238927, 42.11882200000001], [-71.238979, 42.118551], [-71.23878100000002, 42.118478999999994], [-71.238764, 42.11807199999999], [-71.238449, 42.11775099999999], [-71.23884, 42.11714099999998], [-71.238736, 42.117042999999995], [-71.23903, 42.116797], [-71.23908, 42.11604799999998], [-71.239362, 42.11593400000001], [-71.239417, 42.115505999999996], [-71.239142, 42.11494299999999], [-71.238432, 42.114277000000016], [-71.237993, 42.11289600000002], [-71.238917, 42.112220000000015], [-71.238695, 42.10952999999999], [-71.238804, 42.106401], [-71.253302, 42.105343999999995], [-71.255347, 42.104131], [-71.271736, 42.09844499999999], [-71.280268, 42.088491999999995], [-71.295901, 42.116614], [-71.297154, 42.12050899999999], [-71.300223, 42.12591], [-71.29894, 42.1265], [-71.29991200000002, 42.129408999999995], [-71.30176, 42.136634], [-71.30212900000001, 42.13669900000001], [-71.302186, 42.136871], [-71.301655, 42.137224999999994], [-71.301379, 42.137194], [-71.301348, 42.13777300000002], [-71.300584, 42.138083], [-71.300665, 42.13830399999998], [-71.300347, 42.13847399999999], [-71.300323, 42.138658], [-71.299748, 42.138501000000005], [-71.299597, 42.13881700000001], [-71.29909300000001, 42.13886300000002], [-71.29921, 42.13986], [-71.298947, 42.140420000000006], [-71.299193, 42.140677999999994], [-71.299721, 42.140854], [-71.299724, 42.141226], [-71.299416, 42.14141399999998], [-71.299406, 42.141771000000006], [-71.300005, 42.14198699999999], [-71.300263, 42.14234799999999], [-71.300228, 42.14269500000001], [-71.300506, 42.142874], [-71.300443, 42.143138], [-71.29985, 42.14376199999999], [-71.299878, 42.144072999999985], [-71.300386, 42.14433799999999], [-71.300351, 42.14472099999999], [-71.300696, 42.14506799999997], [-71.300118, 42.14573100000001], [-71.300275, 42.146039], [-71.300678, 42.14625100000001], [-71.300302, 42.146582], [-71.300441, 42.14692900000001], [-71.300118, 42.147176], [-71.300562, 42.147506], [-71.300873, 42.14750299999999], [-71.300817, 42.14809099999997], [-71.301282, 42.148253000000004], [-71.301965, 42.148165999999996], [-71.301967, 42.148572], [-71.302202, 42.14865099999999], [-71.30234000000002, 42.149026], [-71.302603, 42.14897799999999], [-71.302813, 42.14848700000002], [-71.303139, 42.14842399999999], [-71.303227, 42.148669000000005], [-71.303566, 42.148693]]]}}, {"type": "Feature", "properties": {"district_name": "9th Congressional District", "chamber": "us-house", "vintage": "2022-present", "url": "/district/us-house-9th-congressional-district-2022-present/", "latest_year": 2024, "years": [{"year": 2024, "lean_dem_share": 0.5548, "competitiveness": "Likely", "competitiveness_label": "Likely D", "party_favored": "Democratic", "is_uncontested": false, "turnout_ratio": 0.9909, "winner_name": "Bill Keating", "winner_party": "Democratic", "winner_war": -0.118, "winner_lean_component": 0.3512, "winner_tide_component": 0.0405, "winner_incumbency_adjustment": 0.035, "winner_demographics_component": null, "winner_fundraising_component": null}, {"year": 2022, "lean_dem_share": 0.5694, "competitiveness": "Likely", "competitiveness_label": "Likely D", "party_favored": "Democratic", "is_uncontested": false, "turnout_ratio": 1.0007, "winner_name": "Bill Keating", "winner_party": "Democratic", "winner_war": -0.0575, "winner_lean_component": 0.3512, "winner_tide_component": 0.0418, "winner_incumbency_adjustment": 0.0, "winner_demographics_component": null, "winner_fundraising_component": null}], "lean_dem_share": 0.5548, "competitiveness": "Likely", "competitiveness_label": "Likely D", "party_favored": "Democratic", "is_uncontested": false, "turnout_ratio": 0.9909, "winner_name": "Bill Keating", "winner_party": "Democratic", "winner_war": -0.118, "winner_lean_component": 0.3512, "winner_tide_component": 0.0405, "winner_incumbency_adjustment": 0.035, "winner_demographics_component": null, "winner_fundraising_component": null}, "geometry": {"type": "Polygon", "coordinates": [[[-71.138353, 41.603692], [-71.135399, 41.625648000000005], [-71.133918, 41.628783000000006], [-71.133312, 41.629658], [-71.133334, 41.630348], [-71.133062, 41.63071699999999], [-71.133038, 41.630968], [-71.134052, 41.63201899999999], [-71.13419, 41.633997000000015], [-71.133683, 41.63512200000001], [-71.132757, 41.636435000000006], [-71.118971, 41.68062899999999], [-71.114407, 41.69280400000001], [-71.105693, 41.69280400000001], [-71.06663, 41.68561900000002], [-70.943305, 41.74451499999999], [-70.922222, 41.754840999999985], [-70.922385, 41.755119000000015], [-70.922739, 41.75508300000001], [-70.922696, 41.755358], [-70.923055, 41.755314000000006], [-70.92322, 41.75565199999999], [-70.923444, 41.755719000000006], [-70.923552, 41.755548], [-70.924052, 41.75565499999999], [-70.92453, 41.75596299999999], [-70.924611, 41.75624799999999], [-70.92489, 41.75630300000002], [-70.924913, 41.756590000000024], [-70.925381, 41.756609999999995], [-70.92538, 41.75680200000001], [-70.926146, 41.757017000000005], [-70.926424, 41.75761700000002], [-70.92624, 41.757977], [-70.926426, 41.758382], [-70.926261, 41.758579999999995], [-70.926316, 41.75884500000001], [-70.907184, 41.76354299999999], [-70.921792, 41.79126399999999], [-70.8964, 41.794320000000006], [-70.89864400000002, 41.81487700000002], [-70.893777, 41.82659100000002], [-70.893454, 41.82790100000001], [-70.893973, 41.828881], [-70.91870500000002, 41.851943], [-70.918897, 41.852728000000006], [-70.917131, 41.85577700000002], [-70.917189, 41.856527000000014], [-70.916815, 41.85720000000001], [-70.916899, 41.857502], [-70.917264, 41.85780599999998], [-70.917181, 41.85814499999999], [-70.917709, 41.85852100000001], [-70.917748, 41.858715999999994], [-70.916262, 41.85992999999999], [-70.914541, 41.859591], [-70.914116, 41.86029399999999], [-70.914382, 41.86048300000001], [-70.914321, 41.860587], [-70.913448, 41.860685], [-70.912876, 41.861726999999995], [-70.913065, 41.86192999999999], [-70.914098, 41.861943000000004], [-70.914447, 41.862132], [-70.914595, 41.86352], [-70.91361, 41.86364900000001], [-70.913508, 41.86385900000001], [-70.913827, 41.86409999999999], [-70.915349, 41.86441399999999], [-70.914689, 41.86527500000001], [-70.914928, 41.86545599999999], [-70.915936, 41.86566900000002], [-70.915988, 41.865806000000006], [-70.915093, 41.866055999999986], [-70.915041, 41.866310999999996], [-70.915509, 41.86667299999999], [-70.916738, 41.86716700000001], [-70.916472, 41.86768299999998], [-70.91492, 41.868431], [-70.914624, 41.86904500000001], [-70.913182, 41.86993699999999], [-70.912968, 41.87024399999999], [-70.913035, 41.870596000000006], [-70.914616, 41.872081], [-70.915066, 41.872316], [-70.91605800000002, 41.872350999999995], [-70.916327, 41.87257], [-70.916096, 41.874833], [-70.916611, 41.87652900000001], [-70.916411, 41.87691699999999], [-70.919205, 41.87902299999999], [-70.963344, 41.89638599999999], [-70.963492, 41.897118], [-70.964219, 41.898187000000014], [-70.964761, 41.899394], [-70.967133, 41.90125400000001], [-70.970408, 41.90132000000001], [-70.971963, 41.90172900000002], [-70.972261, 41.901644000000005], [-70.97221, 41.901456], [-70.972505, 41.90133399999999], [-70.974738, 41.90137], [-70.97513, 41.90117900000001], [-70.975369, 41.901379], [-70.975803, 41.90137300000001], [-70.976046, 41.90115], [-70.976282, 41.90115099999999], [-70.976379, 41.901339], [-70.976661, 41.901382000000005], [-70.9772, 41.902115], [-70.977862, 41.902534], [-70.977982, 41.90288400000001], [-70.978203, 41.903025], [-70.978316, 41.90352899999999], [-70.978737, 41.903892], [-70.980102, 41.903608000000006], [-70.981114, 41.90497], [-70.982452, 41.905790999999994], [-70.983494, 41.906015000000004], [-70.983802, 41.906487000000006], [-70.984095, 41.906569000000005], [-70.984874, 41.907451], [-70.985165, 41.907454], [-70.985761, 41.90689], [-70.986745, 41.90636400000001], [-70.987256, 41.905808], [-70.987837, 41.905677], [-70.988902, 41.90580400000001], [-70.989416, 41.90606], [-70.989679, 41.906493000000005], [-70.990591, 41.906689], [-70.99134, 41.90655299999999], [-70.991849, 41.90608099999998], [-70.992289, 41.90636400000001], [-70.99241, 41.90624599999999], [-70.992745, 41.9064], [-70.992933, 41.906228], [-70.993152, 41.906445000000005], [-70.992307, 41.907059000000004], [-70.991584, 41.90807300000001], [-70.99115, 41.909133], [-70.990984, 41.910059], [-70.992033, 41.91575100000001], [-70.992849, 41.91632899999998], [-70.993666, 41.916459], [-70.99431, 41.916002], [-70.994367, 41.915065000000006], [-70.994517, 41.91494], [-70.995822, 41.91524000000001], [-70.996347, 41.915627000000015], [-70.997132, 41.916682000000016], [-70.997395, 41.917401999999996], [-70.997494, 41.91844], [-70.998995, 41.918693000000005], [-70.999888, 41.918637], [-71.000303, 41.91888600000001], [-71.001089, 41.91880599999999], [-71.001003, 41.917673], [-71.003484, 41.917363000000016], [-71.005368, 41.914753000000005], [-71.005437, 41.913693000000016], [-71.004625, 41.911311], [-71.004629, 41.91058300000001], [-71.00478, 41.910262], [-71.005709, 41.90938], [-71.006978, 41.908953], [-71.01042600000001, 41.90720299999999], [-71.011188, 41.90700099999997], [-71.012449, 41.908567], [-71.013459, 41.91082099999999], [-71.01334, 41.91323799999999], [-71.015685, 41.917722999999995], [-71.016369, 41.920366], [-71.018837, 41.924260000000004], [-71.021672, 41.923474000000006], [-71.02517, 41.92322599999999], [-71.027171, 41.922662], [-71.028278, 41.922536999999984], [-71.033381, 41.92305900000001], [-71.035648, 41.923657], [-71.035062, 41.92446999999999], [-71.038087, 41.92679000000001], [-71.037534, 41.927528], [-71.036854, 41.929131000000005], [-71.035648, 41.93121299999999], [-71.034721, 41.932361], [-71.036036, 41.933088999999995], [-71.037153, 41.93225799999998], [-71.037883, 41.933559999999986], [-71.040948, 41.93508100000001], [-71.046191, 41.93616200000002], [-71.04718, 41.933929], [-71.049999, 41.93374399999999], [-71.051081, 41.93382900000001], [-71.051243, 41.93510099999999], [-71.052836, 41.93947], [-71.053409, 41.940488999999985], [-71.056722, 41.943101999999996], [-71.060327, 41.94512300000001], [-71.064644, 41.94664099999999], [-71.067299, 41.947095], [-71.07289400000002, 41.94899499999999], [-71.074815, 41.945876000000005], [-71.07981, 41.93845499999999], [-71.080252, 41.93845699999999], [-71.0844, 41.94125499999999], [-71.08549, 41.941743], [-71.075073, 41.94698900000003], [-71.074523, 41.947474000000014], [-71.074038, 41.948113], [-71.073854, 41.94877700000001], [-71.073508, 41.954854000000005], [-71.070324, 41.954069], [-71.067907, 41.96319500000001], [-71.064474, 41.964090999999996], [-71.061447, 41.96440299999996], [-71.061598, 41.96701200000001], [-71.06344, 41.966946000000014], [-71.063596, 41.967105000000004], [-71.063656, 41.96815399999999], [-71.061668, 41.96822800000001], [-71.061703, 41.97042400000001], [-71.063253, 41.972199], [-71.063727, 41.97325399999998], [-71.060407, 41.973718], [-71.061028, 41.978883], [-71.066308, 41.978037000000015], [-71.068118, 41.97965500000001], [-71.069272, 41.98107799999999], [-71.069742, 41.98111099999999], [-71.070689, 41.985650000000014], [-71.070699, 41.986438], [-71.070345, 41.987840999999975], [-71.054718, 41.985057000000005], [-71.054184, 41.98271600000002], [-71.002717, 41.998052999999985], [-70.990607, 42.003908], [-70.978786, 42.007394999999995], [-70.979585, 42.010999], [-70.95366400000002, 42.00585], [-70.942994, 42.006541000000006], [-70.939364, 42.007281], [-70.935392, 42.00782900000002], [-70.930446, 42.007809], [-70.926923, 42.008873], [-70.925364, 42.00890900000001], [-70.920672, 42.007259000000005], [-70.919516, 42.00666799999999], [-70.918555, 42.005928], [-70.91739, 42.004636], [-70.917307, 42.00356], [-70.917479, 42.00272999999999], [-70.917343, 42.002263], [-70.914498, 41.99933200000001], [-70.91409, 41.99882100000001], [-70.914077, 41.998452000000015], [-70.913485, 41.997486], [-70.912833, 41.997004999999994], [-70.91112600000001, 41.99672799999999], [-70.910681, 41.99692799999998], [-70.909652, 41.99641699999999], [-70.908439, 41.996164], [-70.903366, 41.996627], [-70.899187, 41.99637100000001], [-70.899571, 42.002975], [-70.897744, 42.01644900000001], [-70.896893, 42.019419], [-70.896618, 42.02328499999998], [-70.89764900000002, 42.024224000000004], [-70.897418, 42.024941], [-70.899729, 42.02529899999999], [-70.906934, 42.056687], [-70.907549, 42.058795], [-70.90846, 42.062885000000016], [-70.909395, 42.068182], [-70.912962, 42.084417], [-70.902412, 42.08589700000001], [-70.931487, 42.116549], [-70.940768, 42.151365], [-70.893516, 42.169814], [-70.887603, 42.173334999999994], [-70.870248, 42.182471], [-70.852165, 42.19046199999999], [-70.838864, 42.19480600000001], [-70.827015, 42.200785999999994], [-70.8408, 42.213118], [-70.85338, 42.239607000000014], [-70.841152, 42.24334600000001], [-70.841241, 42.24454599999999], [-70.849277, 42.24733100000002], [-70.848504, 42.24799800000002], [-70.84822000000001, 42.24867100000002], [-70.848269, 42.250536], [-70.84892, 42.251769], [-70.848886, 42.252304], [-70.84845, 42.253040000000006], [-70.84729, 42.254101000000006], [-70.847015, 42.255264], [-70.846477, 42.256097999999994], [-70.845324, 42.25901000000001], [-70.844781, 42.25969499999999], [-70.844627, 42.260426000000024], [-70.8424, 42.26055499999998], [-70.840627, 42.26098900000001], [-70.839611, 42.26188599999999], [-70.839003, 42.26313799999999], [-70.838644, 42.263498000000006], [-70.83574000000002, 42.26479199999999], [-70.826986, 42.264368], [-70.825638, 42.26463299999999], [-70.82571, 42.26477099999999], [-70.800346, 42.29311299999998], [-70.749488, 42.351777999999996], [-70.729212, 42.373848], [-70.67569, 42.375097999999994], [-70.749487, 42.29535600000001], [-70.751049, 42.293114], [-70.749486, 42.291165], [-70.732356, 42.25010099999999], [-70.702351, 42.199456], [-70.699515, 42.19117800000002], [-70.694278, 42.17105699999999], [-70.691099, 42.163671], [-70.684741, 42.151], [-70.678461, 42.14074799999999], [-70.675077, 42.13619899999999], [-70.669571, 42.129395], [-70.665784, 42.12510000000001], [-70.624483, 42.125107], [-70.624482, 42.15722500000002], [-70.62258, 42.154424], [-70.608381, 42.13847900000001], [-70.499477, 42.130739000000005], [-70.414803, 42.125097999999994], [-70.411454, 42.125099], [-70.374474, 42.12155], [-70.322522, 42.11791500000001], [-70.27743, 42.114344999999986], [-70.253194, 42.125102999999996], [-70.249472, 42.126926000000005], [-70.229175, 42.131189], [-70.215587, 42.132785000000005], [-70.206221, 42.13305399999999], [-70.1954, 42.13154900000001], [-70.184474, 42.13383700000001], [-70.172542, 42.13451500000001], [-70.150676, 42.131465], [-70.135694, 42.12734900000001], [-70.130377, 42.126929000000004], [-70.124471, 42.12604100000001], [-70.120691, 42.12510099999998], [-70.067098, 42.105326999999996], [-70.040302, 42.09163400000001], [-70.011591, 42.073378], [-69.996279, 42.059687], [-69.969482, 42.029254], [-69.954169, 42.00795500000001], [-69.94821, 42.000105999999995], [-69.940645, 41.992345], [-69.929109, 41.97847599999998], [-69.923027, 41.967760999999996], [-69.917706, 41.95924699999999], [-69.909178, 41.94206200000001], [-69.902402, 41.922145999999984], [-69.89530500000001, 41.90675300000001], [-69.880018, 41.86197800000001], [-69.877762, 41.85284599999999], [-69.876263, 41.84896999999999], [-69.874498, 41.842448000000005], [-69.87315, 41.838648000000006], [-69.872379, 41.831586], [-69.869499, 41.82662700000001], [-69.866525, 41.81701100000002], [-69.86557500000002, 41.80767099999999], [-69.865779, 41.795636], [-69.865595, 41.790980000000005], [-69.862511, 41.773522], [-69.862366, 41.76631799999999], [-69.860058, 41.758503000000005], [-69.859846, 41.75011000000002], [-69.85913000000001, 41.73649999999999], [-69.858861, 41.720383], [-69.85895, 41.706916], [-69.86054, 41.69232599999999], [-69.862098, 41.68497099999998], [-69.862876, 41.67315300000002], [-69.868125, 41.65679100000001], [-69.871064, 41.65256699999999], [-69.874459, 41.645026000000016], [-69.884485, 41.630303000000005], [-69.889012, 41.625195999999995], [-69.888835, 41.625113], [-69.88942, 41.622694], [-69.891662, 41.617186000000004], [-69.898562, 41.60609599999999], [-69.907546, 41.596033000000006], [-69.915399, 41.58924300000001], [-69.916197, 41.58428899999998], [-69.919766, 41.574033], [-69.921517, 41.57090000000001], [-69.921345, 41.562282], [-69.924632, 41.54464599999999], [-69.928994, 41.53215200000001], [-69.936401, 41.52193600000001], [-69.946613, 41.512152], [-69.958172, 41.50466], [-69.96743, 41.50011599999999], [-69.968606, 41.50011599999999], [-69.971289, 41.49887200000001], [-69.979776, 41.496567], [-69.988306, 41.49449599999999], [-69.994377, 41.493663], [-69.998169, 41.493399], [-69.999458, 41.49111800000001], [-69.999458, 41.490527], [-70.013862, 41.47743899999999], [-70.023677, 41.471948], [-70.040313, 41.46596], [-70.055437, 41.46410999999999], [-70.073742, 41.465019999999996], [-70.084904, 41.467493], [-70.101508, 41.474444], [-70.114394, 41.484083000000005], [-70.122595, 41.494499000000005], [-70.124461, 41.498521], [-70.124924, 41.500115], [-70.126677, 41.50369799999999], [-70.127962, 41.509674], [-70.128764, 41.51769199999999], [-70.128554, 41.52473200000001], [-70.126792, 41.530878000000016], [-70.122559, 41.537833], [-70.116719, 41.54499300000001], [-70.10952, 41.551482], [-70.102029, 41.556352000000004], [-70.086572, 41.562447999999996], [-70.080316, 41.564454], [-70.073586, 41.57770800000001], [-70.068572, 41.58522], [-70.063352, 41.59017299999999], [-70.064699, 41.59323000000001], [-70.068046, 41.602954000000004], [-70.068569, 41.610697], [-70.077934, 41.61252799999999], [-70.093772, 41.60832400000001], [-70.109368, 41.605591], [-70.124462, 41.600849], [-70.12695200000002, 41.600203], [-70.138491, 41.59869200000001], [-70.148926, 41.599133], [-70.160357, 41.59937], [-70.163439, 41.597952], [-70.170602, 41.595588000000006], [-70.1815, 41.593547000000015], [-70.189375, 41.59049600000001], [-70.198237, 41.58734200000001], [-70.20804, 41.584149999999994], [-70.220282, 41.57233699999998], [-70.22555800000002, 41.56856100000001], [-70.231947, 41.56559500000001], [-70.241092, 41.56210999999999], [-70.249463, 41.560146], [-70.255691, 41.559146], [-70.267429, 41.558372999999996], [-70.278898, 41.559315999999995], [-70.289965, 41.561639], [-70.299331, 41.565916999999985], [-70.31125400000002, 41.57106200000001], [-70.320214, 41.568946000000004], [-70.331549, 41.567898], [-70.346337, 41.56845300000001], [-70.351936, 41.566649000000005], [-70.364206, 41.562196000000014], [-70.387281, 41.557681], [-70.395164, 41.556722], [-70.397122, 41.554401999999996], [-70.405051, 41.546195000000004], [-70.411202, 41.540744], [-70.417304, 41.534822000000005], [-70.423896, 41.528732], [-70.432904, 41.52206300000001], [-70.440131, 41.517479], [-70.448567, 41.513093000000005], [-70.457634, 41.50934100000001], [-70.466436, 41.50616000000001], [-70.478689, 41.50350299999999], [-70.483967, 41.502545999999995], [-70.48974, 41.501856], [-70.498209, 41.502565], [-70.502832, 41.500635], [-70.50860300000001, 41.498965], [-70.504182, 41.494858], [-70.499472, 41.488233], [-70.494942, 41.479631999999995], [-70.49165800000002, 41.47100900000001], [-70.489689, 41.462976999999995], [-70.485385, 41.463802999999984], [-70.475994, 41.46614099999998], [-70.46395, 41.468], [-70.448007, 41.469355], [-70.436449, 41.46891900000001], [-70.421087, 41.46441600000002], [-70.405928, 41.457012999999996], [-70.392892, 41.44548], [-70.385874, 41.43372099999999], [-70.380807, 41.411996], [-70.380693, 41.385361], [-70.382163, 41.375117999999986], [-70.383449, 41.369933], [-70.370112, 41.36876899999999], [-70.367698, 41.37142700000001], [-70.362641, 41.375117999999986], [-70.353085, 41.381454999999995], [-70.338289, 41.38854999999999], [-70.323593, 41.391607], [-70.308734, 41.390693000000006], [-70.302438, 41.38962500000001], [-70.294179, 41.39144600000001], [-70.283214, 41.39288499999999], [-70.267283, 41.393426000000005], [-70.258549, 41.392106999999996], [-70.249463, 41.390049], [-70.247689, 41.38989099999999], [-70.238142, 41.38620499999999], [-70.233576, 41.38263999999998], [-70.224936, 41.37512000000002], [-70.221622, 41.371769], [-70.21733400000001, 41.364996999999995], [-70.215115, 41.360274999999994], [-70.208297, 41.35802499999999], [-70.198383, 41.35902500000001], [-70.187287, 41.358380000000004], [-70.174906, 41.357290000000006], [-70.159992, 41.35224200000002], [-70.148699, 41.345215999999986], [-70.13794, 41.346371000000005], [-70.132231, 41.348731], [-70.124461, 41.35132699999998], [-70.119335, 41.352638000000006], [-70.110095, 41.353592], [-70.101618, 41.35345000000001], [-70.09784400000001, 41.353584000000005], [-70.103251, 41.359705], [-70.107199, 41.365213000000004], [-70.111328, 41.37038899999998], [-70.11644, 41.38616500000001], [-70.116541, 41.39513199999999], [-70.112734, 41.408126], [-70.105819, 41.419866], [-70.094412, 41.43081], [-70.078847, 41.438015], [-70.06517400000001, 41.442687], [-70.044272, 41.44380099999999], [-70.025902, 41.441079], [-70.006467, 41.43389800000001], [-69.999458, 41.42843199999999], [-69.98922700000001, 41.421225], [-69.98177500000001, 41.41520800000001], [-69.974592, 41.40892200000001], [-69.969634, 41.403510999999995], [-69.957745, 41.38725], [-69.943801, 41.36671700000001], [-69.938456, 41.357645000000005], [-69.929837, 41.34532299999999], [-69.92644, 41.33879399999998], [-69.921579, 41.332398], [-69.91495, 41.32419500000001], [-69.910093, 41.317263], [-69.902948, 41.30520699999999], [-69.898321, 41.29700299999999], [-69.894885, 41.29037199999999], [-69.893789, 41.286925000000004], [-69.89295900000002, 41.28364299999999], [-69.89244500000001, 41.27909000000001], [-69.8925, 41.27621099999999], [-69.892209, 41.271323], [-69.894472, 41.25923999999999], [-69.896044, 41.254119], [-69.897743, 41.25012199999999], [-69.89901, 41.24553800000001], [-69.902992, 41.238416], [-69.910319, 41.226849], [-69.915842, 41.220939], [-69.922911, 41.21583999999999], [-69.930953, 41.21054300000001], [-69.942008, 41.204519999999995], [-69.953586, 41.19967199999999], [-69.963739, 41.19639299999999], [-69.973182, 41.193545000000015], [-69.983151, 41.191403], [-69.999457, 41.188305], [-70.012483, 41.18705299999999], [-70.025702, 41.187102], [-70.039705, 41.18819200000001], [-70.051647, 41.190908], [-70.072666, 41.19163400000001], [-70.109684, 41.189803000000005], [-70.12446, 41.19242200000001], [-70.135855, 41.194649], [-70.16117, 41.20068999999998], [-70.178851, 41.204530999999996], [-70.217017, 41.21817599999999], [-70.227997, 41.22266400000001], [-70.239982, 41.228463], [-70.285736, 41.242346000000005], [-70.294484, 41.246499000000014], [-70.314298, 41.260532000000005], [-70.33509000000001, 41.272779], [-70.344083, 41.27614600000001], [-70.357554, 41.27259600000002], [-70.374466, 41.26945800000001], [-70.386671, 41.27128199999999], [-70.396777, 41.273013999999996], [-70.408733, 41.277294000000005], [-70.414493, 41.273953], [-70.429075, 41.268651000000006], [-70.444758, 41.265513000000006], [-70.459851, 41.26525300000001], [-70.475635, 41.270219999999995], [-70.493308, 41.279975], [-70.499469, 41.28574100000001], [-70.512199, 41.298313], [-70.530599, 41.299198999999994], [-70.54521000000001, 41.299672000000015], [-70.571848, 41.30009399999999], [-70.593135, 41.299843999999986], [-70.606672, 41.29940999999999], [-70.62447, 41.298382], [-70.655087, 41.29616499999999], [-70.68502, 41.293176], [-70.686615, 41.292058999999995], [-70.689055, 41.290937000000014], [-70.692874, 41.28963900000001], [-70.700169, 41.289058000000004], [-70.703106, 41.28904], [-70.704591, 41.28483399999999], [-70.707362, 41.280218], [-70.711063, 41.27485699999999], [-70.716499, 41.26945200000001], [-70.721634, 41.265861], [-70.726731, 41.26311000000002], [-70.734843, 41.25923100000001], [-70.734065, 41.256147999999996], [-70.734045, 41.253327000000006], [-70.733667, 41.25011600000003], [-70.73475300000001, 41.24625999999999], [-70.738908, 41.236427], [-70.744307, 41.22603000000001], [-70.749473, 41.22017299999998], [-70.754188, 41.216091], [-70.767837, 41.20648999999999], [-70.783582, 41.201219], [-70.80595, 41.19874200000001], [-70.823645, 41.20064899999999], [-70.847746, 41.20581399999999], [-70.866343, 41.215397], [-70.874474, 41.221380999999994], [-70.877327, 41.224143999999995], [-70.884973, 41.23378399999999], [-70.890541, 41.24309099999999], [-70.89245700000001, 41.25011200000001], [-70.894203, 41.25943899999999], [-70.893595, 41.267993999999995], [-70.890337, 41.27736199999999], [-70.885683, 41.28506600000001], [-70.878182, 41.29214699999999], [-70.874475, 41.29496799999998], [-70.870027, 41.29706799999999], [-70.874474, 41.30134999999999], [-70.877963, 41.30370800000001], [-70.884472, 41.31016199999997], [-70.891363, 41.318817999999986], [-70.897722, 41.327411000000005], [-70.901005, 41.334613], [-70.903815, 41.346727], [-70.903739, 41.35508000000001], [-70.901866, 41.36177], [-70.896017, 41.37014800000001], [-70.902603, 41.36761300000002], [-70.918399, 41.363033], [-70.938664, 41.353986000000006], [-70.955752, 41.35016100000001], [-70.970521, 41.34918700000001], [-70.979229, 41.349643999999984], [-70.990748, 41.351288999999994], [-70.99948, 41.354103], [-71.006315, 41.357319], [-71.014799, 41.362019999999994], [-71.020472, 41.366723], [-71.026103, 41.37169300000001], [-71.032701, 41.38027300000001], [-71.037211, 41.388908000000015], [-71.039918, 41.398259], [-71.038114, 41.405453], [-71.033604, 41.41408500000001], [-71.053451, 41.41695899999999], [-71.072404, 41.42557], [-71.085038, 41.433467], [-71.088571, 41.431315], [-71.116404, 41.484567999999996], [-71.121116, 41.492787000000014], [-71.119874, 41.49460400000001], [-71.120617, 41.497901000000006], [-71.122437, 41.522074999999994], [-71.126819, 41.554975], [-71.13162, 41.593716], [-71.138353, 41.603692]]]}}]}