{"type": "FeatureCollection", "features": [{"type": "Feature", "properties": {"district_name": "1st Congressional District", "chamber": "us-house", "vintage": "2012-2020", "url": "/district/us-house-1st-congressional-district-2012-2020/", "latest_year": 2020, "years": [{"year": 2020, "lean_dem_share": 0.6239, "competitiveness": "Safe", "competitiveness_label": "Safe D", "party_favored": "Democratic", "is_uncontested": true, "turnout_ratio": 0.7642, "winner_name": "Richard E. Neal", "winner_party": "Democratic", "winner_war": null, "winner_lean_component": 0.3397, "winner_tide_component": 0.0432, "winner_incumbency_adjustment": 0.035, "winner_demographics_component": null, "winner_fundraising_component": null}, {"year": 2018, "lean_dem_share": 0.3277, "competitiveness": "Safe", "competitiveness_label": "Safe R", "party_favored": "Republican", "is_uncontested": true, "turnout_ratio": 0.7954, "winner_name": "Richard E. Neal", "winner_party": "Democratic", "winner_war": null, "winner_lean_component": 0.3397, "winner_tide_component": 0.0214, "winner_incumbency_adjustment": 0.035, "winner_demographics_component": null, "winner_fundraising_component": null}, {"year": 2016, "lean_dem_share": 0.6103, "competitiveness": "Safe", "competitiveness_label": "Safe D", "party_favored": "Democratic", "is_uncontested": true, "turnout_ratio": 0.7421, "winner_name": "Richard E. Neal", "winner_party": "Democratic", "winner_war": null, "winner_lean_component": 0.3397, "winner_tide_component": 0.0416, "winner_incumbency_adjustment": 0.035, "winner_demographics_component": null, "winner_fundraising_component": null}, {"year": 2014, "lean_dem_share": 0.5056, "competitiveness": "Tossup", "competitiveness_label": "Tossup D", "party_favored": "Democratic", "is_uncontested": true, "turnout_ratio": 0.8338, "winner_name": "Richard E. Neal", "winner_party": "Democratic", "winner_war": null, "winner_lean_component": 0.3397, "winner_tide_component": 0.0316, "winner_incumbency_adjustment": 0.035, "winner_demographics_component": null, "winner_fundraising_component": null}, {"year": 2012, "lean_dem_share": 0.6512, "competitiveness": "Safe", "competitiveness_label": "Safe D", "party_favored": "Democratic", "is_uncontested": true, "turnout_ratio": 0.7998, "winner_name": "Richard E. Neal", "winner_party": "Democratic", "winner_war": null, "winner_lean_component": 0.3397, "winner_tide_component": 0.0398, "winner_incumbency_adjustment": 0.0, "winner_demographics_component": null, "winner_fundraising_component": null}], "lean_dem_share": 0.6239, "competitiveness": "Safe", "competitiveness_label": "Safe D", "party_favored": "Democratic", "is_uncontested": true, "turnout_ratio": 0.7642, "winner_name": "Richard E. Neal", "winner_party": "Democratic", "winner_war": null, "winner_lean_component": 0.3397, "winner_tide_component": 0.0432, "winner_incumbency_adjustment": 0.035, "winner_demographics_component": null, "winner_fundraising_component": null}, "geometry": {"type": "Polygon", "coordinates": [[[-73.50814199999999, 42.08625699999999], [-73.499563, 42.10999], [-73.49708799999999, 42.11628299999999], [-73.493119, 42.127666], [-73.48341599999999, 42.154448], [-73.450974, 42.242779000000006], [-73.405626, 42.365933000000005], [-73.375196, 42.447921], [-73.374551, 42.450038000000006], [-73.363312, 42.479923], [-73.362768, 42.481955], [-73.362064, 42.48323500000001], [-73.356894, 42.49836], [-73.356031, 42.500018], [-73.352527, 42.510002], [-73.347303, 42.52415399999999], [-73.343792, 42.533297999999995], [-73.309828, 42.625080999999994], [-73.293887, 42.66745200000001], [-73.264957, 42.74593999999998], [-73.249554, 42.74583], [-73.24522499999999, 42.745509999999996], [-73.142485, 42.743587999999995], [-73.119571, 42.74330699999999], [-73.08988099999999, 42.74241400000002], [-73.07301799999999, 42.742084000000006], [-73.07128, 42.742205999999996], [-73.048041, 42.741481], [-73.01864499999999, 42.74105899999999], [-72.923563, 42.73916399999999], [-72.809113, 42.736581000000015], [-72.721319, 42.734099], [-72.598638, 42.73092399999999], [-72.516774, 42.72853099999999], [-72.49663699999999, 42.67936], [-72.489473, 42.66242499999999], [-72.540215, 42.656369000000005], [-72.540527, 42.656327000000005], [-72.540576, 42.65568699999999], [-72.543829, 42.65529299999998], [-72.54406999999999, 42.65526500000001], [-72.543649, 42.655860000000004], [-72.632942, 42.645362999999996], [-72.649929, 42.576874], [-72.636821, 42.57798499999999], [-72.638879, 42.570018], [-72.651974, 42.56863], [-72.655344, 42.555234999999996], [-72.67545199999999, 42.55301800000001], [-72.67469899999999, 42.552532], [-72.673, 42.55186500000001], [-72.66924399999999, 42.551452999999995], [-72.667366, 42.550427], [-72.66470000000001, 42.54941999999999], [-72.663652, 42.548802999999985], [-72.662249, 42.54671], [-72.661018, 42.544187000000015], [-72.65969799999999, 42.543123999999985], [-72.656279, 42.540979], [-72.65565, 42.540412], [-72.652227, 42.53382400000001], [-72.648708, 42.52935999999996], [-72.660911, 42.480247999999996], [-72.662769, 42.469262000000015], [-72.65623, 42.470014000000006], [-72.65737399999999, 42.466009000000014], [-72.655716, 42.46125100000001], [-72.65732799999999, 42.45837899999999], [-72.700959, 42.452909999999996], [-72.702377, 42.430358000000005], [-72.704345, 42.405536000000005], [-72.66919299999999, 42.40965799999999], [-72.67212599999999, 42.37135299999999], [-72.74121699999999, 42.36272999999999], [-72.736726, 42.284241], [-72.672091, 42.29188699999999], [-72.672169, 42.290962000000015], [-72.672035, 42.290192999999995], [-72.660216, 42.28925399999998], [-72.660488, 42.28862799999999], [-72.656086, 42.289941999999996], [-72.65383299999999, 42.290389999999995], [-72.648652, 42.29176100000001], [-72.646048, 42.290339999999986], [-72.643832, 42.28851900000001], [-72.64207999999999, 42.288174000000005], [-72.640677, 42.284137000000015], [-72.63743699999999, 42.28739], [-72.636196, 42.286113], [-72.634849, 42.28538800000001], [-72.633669, 42.285122], [-72.630232, 42.28492899999999], [-72.629022, 42.28526699999998], [-72.627927, 42.28592299999999], [-72.627382, 42.28649199999999], [-72.624521, 42.28814800000001], [-72.622159, 42.28902599999997], [-72.61823199999999, 42.29018800000001], [-72.614701, 42.29019900000001], [-72.614921, 42.288658000000005], [-72.614449, 42.287506999999984], [-72.613641, 42.286628000000015], [-72.613034, 42.28619], [-72.609202, 42.28547699999999], [-72.602124, 42.288045], [-72.595326, 42.29443100000001], [-72.58796099999999, 42.30035799999998], [-72.577285, 42.302981], [-72.57001199999999, 42.304441999999995], [-72.56902, 42.304522000000006], [-72.564951, 42.30383299999999], [-72.55730799999999, 42.304666000000005], [-72.555674, 42.304680000000005], [-72.544658, 42.305683], [-72.539903, 42.304127], [-72.53515, 42.304252], [-72.531212, 42.303624], [-72.52790999999999, 42.30143700000001], [-72.52467299999999, 42.303155], [-72.521421, 42.302182], [-72.51019099999999, 42.305569], [-72.506737, 42.306374999999996], [-72.504151, 42.30547100000002], [-72.500745, 42.305166], [-72.499117, 42.306263], [-72.49803399999999, 42.30511899999998], [-72.493586, 42.302268], [-72.49060899999999, 42.30363200000001], [-72.487709, 42.30471499999999], [-72.483099, 42.30531800000001], [-72.47924100000002, 42.30701899999999], [-72.464186, 42.308011], [-72.44714499999999, 42.22734], [-72.427229, 42.22929200000001], [-72.403947, 42.231847], [-72.39549199999999, 42.185811999999984], [-72.390304, 42.186254], [-72.35821899999999, 42.18980199999999], [-72.360423, 42.19023699999999], [-72.36131900000001, 42.19298900000001], [-72.361495, 42.193965], [-72.361175, 42.194349], [-72.35925499999999, 42.19409299999999], [-72.358871, 42.19438100000001], [-72.359479, 42.195309], [-72.359943, 42.19639699999998], [-72.36071100000001, 42.196909000000005], [-72.361719, 42.197037], [-72.363079, 42.196909000000005], [-72.363495, 42.19719699999999], [-72.363559, 42.197532999999986], [-72.362775, 42.197917000000004], [-72.36231099999999, 42.19839699999997], [-72.36242299999999, 42.199453000000005], [-72.36312699999999, 42.201629], [-72.36445499999999, 42.20289300000001], [-72.36474299999999, 42.20606000000001], [-72.364583, 42.206748], [-72.36413499999999, 42.20716399999999], [-72.363575, 42.207404000000004], [-72.362871, 42.20746799999998], [-72.362071, 42.20725999999999], [-72.361783, 42.20693999999998], [-72.36282299999999, 42.206363999999986], [-72.36282299999999, 42.205980000000004], [-72.36170299999999, 42.20564499999999], [-72.360935, 42.20521299999999], [-72.360519, 42.20521299999999], [-72.359831, 42.205484999999996], [-72.359127, 42.206076], [-72.357079, 42.20866799999998], [-72.355943, 42.20902000000001], [-72.354775, 42.208732000000005], [-72.35386199999999, 42.207291999999995], [-72.35347800000001, 42.206956], [-72.352374, 42.20690799999998], [-72.35135, 42.20732400000001], [-72.34957399999999, 42.20900399999999], [-72.349238, 42.209915999999986], [-72.348118, 42.210075999999994], [-72.34711, 42.21002799999999], [-72.34631, 42.210652], [-72.345574, 42.211772], [-72.34541399999999, 42.212635999999996], [-72.345942, 42.214844], [-72.345974, 42.21583600000001], [-72.34567, 42.21631599999999], [-72.343558, 42.21798], [-72.34237399999999, 42.218604], [-72.340134, 42.219036], [-72.337094, 42.219036], [-72.336086, 42.219547999999996], [-72.335649, 42.220240000000004], [-72.33387499999999, 42.22071899999999], [-72.333539, 42.21995], [-72.333257, 42.218462], [-72.332156, 42.217242999999996], [-72.331909, 42.21559600000002], [-72.335526, 42.212917], [-72.334642, 42.209551], [-72.334045, 42.20862], [-72.335792, 42.20821000000001], [-72.33664399999999, 42.208169], [-72.333709, 42.207212000000006], [-72.326269, 42.203934000000004], [-72.324883, 42.203821999999995], [-72.32377, 42.20397699999998], [-72.322599, 42.20443200000001], [-72.321635, 42.205161], [-72.319267, 42.204843], [-72.317099, 42.20822299999999], [-72.316733, 42.212390000000006], [-72.31363999999999, 42.21252199999999], [-72.31334799999999, 42.212966], [-72.313147, 42.21241], [-72.313193, 42.21176699999998], [-72.314332, 42.21018199999998], [-72.314464, 42.20979199999999], [-72.314286, 42.209549], [-72.31345, 42.20927799999999], [-72.312023, 42.209721], [-72.30899699999999, 42.210267], [-72.305926, 42.21049299999999], [-72.302188, 42.21126000000001], [-72.301839, 42.212516999999984], [-72.30031500000001, 42.214465], [-72.299978, 42.21511], [-72.29963599999999, 42.21679400000001], [-72.299531, 42.219424], [-72.298216, 42.223866], [-72.296334, 42.226155], [-72.294026, 42.227553999999984], [-72.29330999999999, 42.228264], [-72.292929, 42.22883], [-72.292486, 42.230785000000004], [-72.291567, 42.232220999999996], [-72.281295, 42.235019999999984], [-72.27767, 42.233103], [-72.273772, 42.235847], [-72.271396, 42.23612399999999], [-72.27045199999999, 42.236812], [-72.268211, 42.22931800000001], [-72.257614, 42.229873999999995], [-72.247013, 42.242094], [-72.221218, 42.245252000000015], [-72.218068, 42.248605], [-72.214821, 42.24904099999999], [-72.214584, 42.24757100000001], [-72.21046, 42.24720499999999], [-72.211079, 42.251262], [-72.182506, 42.25138700000002], [-72.182161, 42.247971], [-72.18112599999999, 42.24607400000001], [-72.179912, 42.246255999999995], [-72.17963999999999, 42.245657000000016], [-72.178839, 42.24277399999999], [-72.17822699999999, 42.239414000000004], [-72.177388, 42.237233999999994], [-72.17693100000001, 42.23698599999999], [-72.17506800000001, 42.236607000000014], [-72.173383, 42.235239000000014], [-72.171054, 42.234266], [-72.167371, 42.228249000000005], [-72.153807, 42.207052999999995], [-72.147261, 42.18139600000001], [-72.139642, 42.179534], [-72.142257, 42.197452], [-72.129843, 42.22123699999998], [-72.123988, 42.215854], [-72.121909, 42.214658], [-72.119873, 42.213944000000005], [-72.118793, 42.23094600000001], [-72.112742, 42.233199], [-72.111267, 42.238594000000006], [-72.099244, 42.23076500000001], [-72.078574, 42.23106200000001], [-72.075375, 42.232036], [-72.073692, 42.232253], [-72.070144, 42.23126900000001], [-72.045498, 42.230017000000004], [-72.038558, 42.244455999999985], [-72.030322, 42.245206], [-72.019886, 42.18376199999999], [-71.939356, 42.189237999999996], [-71.916979, 42.190908], [-71.899489, 42.10411399999998], [-71.911895, 42.101317], [-71.909235, 42.091260999999996], [-71.895113, 42.094247999999986], [-71.891139, 42.072731999999995], [-71.881509, 42.075893000000015], [-71.879083, 42.06817600000001], [-71.878978, 42.06775800000002], [-71.879098, 42.06695], [-71.878827, 42.066158], [-71.879609, 42.06389499999999], [-71.880217, 42.063467], [-71.880611, 42.063444000000004], [-71.882001, 42.062722999999984], [-71.882296, 42.06218500000001], [-71.88179699999999, 42.060041], [-71.882443, 42.059289], [-71.882477, 42.05867500000001], [-71.882145, 42.05840999999998], [-71.88165, 42.058479], [-71.88051, 42.05805600000001], [-71.880144, 42.05750299999999], [-71.880478, 42.056293999999994], [-71.880719, 42.056035999999985], [-71.88026099999999, 42.053924], [-71.880813, 42.052354999999984], [-71.880667, 42.0516], [-71.881219, 42.051103], [-71.882972, 42.05100700000001], [-71.883986, 42.05060700000001], [-71.886699, 42.050908], [-71.887174, 42.050720999999996], [-71.88756699999999, 42.05033799999999], [-71.8875, 42.046952999999995], [-71.887298, 42.046645999999996], [-71.886653, 42.04629799999999], [-71.88642, 42.04586800000002], [-71.88715599999999, 42.044759], [-71.88713299999999, 42.044348000000014], [-71.887434, 42.043716999999994], [-71.887385, 42.04282299999999], [-71.887636, 42.04177], [-71.888173, 42.040154000000015], [-71.888899, 42.038925000000006], [-71.889477, 42.036006999999984], [-71.88885599999999, 42.033952], [-71.888116, 42.032771999999994], [-71.887675, 42.032408999999994], [-71.887677, 42.031942], [-71.887976, 42.031463], [-71.887957, 42.031205], [-71.88751599999999, 42.030415], [-71.887002, 42.03007100000001], [-71.88690799999999, 42.02954999999999], [-71.886985, 42.02904800000001], [-71.88734699999999, 42.028815], [-71.88723399999999, 42.02824899999999], [-71.885628, 42.025642], [-71.885088, 42.025014], [-71.884512, 42.02491999999999], [-71.88330599999999, 42.024308999999995], [-71.89077999999999, 42.024367999999996], [-71.936925, 42.02550399999999], [-71.98768, 42.02688399999999], [-72.023744, 42.027002], [-72.042479, 42.027369], [-72.063496, 42.027347], [-72.07342600000001, 42.02756199999998], [-72.118567, 42.029622999999994], [-72.126127, 42.029810000000005], [-72.144798, 42.03062099999999], [-72.148664, 42.030530000000006], [-72.241292, 42.03137400000001], [-72.248813, 42.031450000000014], [-72.249523, 42.03162599999999], [-72.299638, 42.031791], [-72.338926, 42.032116], [-72.34840799999999, 42.03240599999999], [-72.43786399999999, 42.033598999999995], [-72.458185, 42.03406300000002], [-72.479856, 42.03389800000001], [-72.509192, 42.03414099999999], [-72.51733, 42.034395], [-72.52814599999999, 42.034293999999996], [-72.55323, 42.03219499999999], [-72.573235, 42.03013999999998], [-72.582332, 42.02469500000001], [-72.590232, 42.02469500000001], [-72.598333, 42.02499499999999], [-72.606933, 42.02499499999999], [-72.607933, 42.030795], [-72.610833, 42.03099499999998], [-72.618134, 42.03109500000001], [-72.64165, 42.032295999999995], [-72.678434, 42.035594999999994], [-72.696388, 42.036801000000004], [-72.714137, 42.03689499999999], [-72.714337, 42.03659499999999], [-72.715637, 42.03649499999999], [-72.718937, 42.03659499999999], [-72.75134, 42.036195], [-72.75393799999999, 42.036295], [-72.755994, 42.036185999999994], [-72.756008, 42.035116000000016], [-72.75679099999999, 42.03417900000001], [-72.757175, 42.03334499999999], [-72.75511999999999, 42.032732], [-72.75370199999999, 42.032062999999994], [-72.75204, 42.03064400000001], [-72.75176499999999, 42.029792], [-72.75253300000001, 42.02824300000002], [-72.753776, 42.02720300000001], [-72.75452899999999, 42.025717], [-72.755703, 42.02478600000001], [-72.755965, 42.023958999999984], [-72.75663999999999, 42.022877], [-72.75638800000002, 42.022076999999996], [-72.756871, 42.021305], [-72.757694, 42.02090600000001], [-72.758727, 42.02087700000001], [-72.75910999999999, 42.021077999999996], [-72.759202, 42.02168400000001], [-72.759585, 42.02225500000001], [-72.76098000000002, 42.022753000000016], [-72.761555, 42.022594], [-72.762337, 42.02187900000003], [-72.763542, 42.021148000000004], [-72.76366399999999, 42.021159999999995], [-72.76393999999999, 42.021937000000015], [-72.765036, 42.022452], [-72.76522, 42.022281], [-72.765159, 42.021829], [-72.764622, 42.02167999999999], [-72.76444599999999, 42.021371], [-72.764608, 42.02070799999999], [-72.765275, 42.020400000000016], [-72.765569, 42.01989999999999], [-72.76553799999999, 42.01964700000001], [-72.76529099999999, 42.01961000000001], [-72.764439, 42.02005100000002], [-72.762807, 42.01974200000001], [-72.762309, 42.018117999999994], [-72.761933, 42.01770599999999], [-72.760998, 42.017294], [-72.76009499999999, 42.01748800000001], [-72.75988, 42.01739099999999], [-72.75971899999999, 42.017029999999984], [-72.75985899999999, 42.01656799999999], [-72.76079399999999, 42.01541899999999], [-72.760978, 42.014813000000004], [-72.76155399999999, 42.014281], [-72.762689, 42.013693], [-72.76321899999999, 42.01271599999999], [-72.76307299999999, 42.01207600000001], [-72.76241499999999, 42.011343], [-72.76194799999999, 42.010217], [-72.761366, 42.00988000000001], [-72.761473, 42.00930800000001], [-72.76177299999999, 42.008981999999996], [-72.76255499999999, 42.00860000000001], [-72.765238, 42.008326000000004], [-72.76613900000001, 42.00787299999998], [-72.766738, 42.002995], [-72.816741, 41.997595], [-72.813541, 42.036494000000005], [-72.84714199999999, 42.036894000000004], [-72.86184899999999, 42.037694], [-72.87477, 42.037651999999994], [-72.94005299999999, 42.038181], [-72.944321, 42.03870399999999], [-72.96628199999999, 42.03838], [-72.999549, 42.03865299999998], [-73.030063, 42.03919699999997], [-73.067663, 42.04014700000001], [-73.08705499999999, 42.04087999999997], [-73.148173, 42.04269699999999], [-73.229798, 42.044877], [-73.25546, 42.045795], [-73.293386, 42.046789999999994], [-73.29589299999999, 42.047025999999995], [-73.32674399999999, 42.047931999999996], [-73.42616799999999, 42.05048399999998], [-73.432812, 42.05058699999999], [-73.489524, 42.04960599999999], [-73.49687899999999, 42.04967499999999], [-73.507965, 42.085007000000004], [-73.50814199999999, 42.08625699999999]]]}}, {"type": "Feature", "properties": {"district_name": "3rd Congressional District", "chamber": "us-house", "vintage": "2012-2020", "url": "/district/us-house-3rd-congressional-district-2012-2020/", "latest_year": 2020, "years": [{"year": 2020, "lean_dem_share": 0.6471, "competitiveness": "Safe", "competitiveness_label": "Safe D", "party_favored": "Democratic", "is_uncontested": true, "turnout_ratio": 0.7671, "winner_name": "Lori Loureiro Trahan", "winner_party": "Democratic", "winner_war": null, "winner_lean_component": 0.3233, "winner_tide_component": 0.0432, "winner_incumbency_adjustment": 0.035, "winner_demographics_component": null, "winner_fundraising_component": null}, {"year": 2018, "lean_dem_share": 0.2878, "competitiveness": "Safe", "competitiveness_label": "Safe R", "party_favored": "Republican", "is_uncontested": false, "turnout_ratio": 0.9666, "winner_name": "Lori Loureiro Trahan", "winner_party": "Democratic", "winner_war": 0.0483, "winner_lean_component": 0.3233, "winner_tide_component": 0.0214, "winner_incumbency_adjustment": 0.0, "winner_demographics_component": null, "winner_fundraising_component": null}, {"year": 2016, "lean_dem_share": 0.6223, "competitiveness": "Safe", "competitiveness_label": "Safe D", "party_favored": "Democratic", "is_uncontested": false, "turnout_ratio": 1.0604, "winner_name": "Nicola S. Tsongas", "winner_party": "Democratic", "winner_war": 0.0312, "winner_lean_component": 0.3233, "winner_tide_component": 0.0416, "winner_incumbency_adjustment": 0.035, "winner_demographics_component": null, "winner_fundraising_component": null}, {"year": 2014, "lean_dem_share": 0.451, "competitiveness": "Lean", "competitiveness_label": "Lean R", "party_favored": "Republican", "is_uncontested": false, "turnout_ratio": 1.0244, "winner_name": "Nicola S. Tsongas", "winner_party": "Democratic", "winner_war": -0.0162, "winner_lean_component": 0.3233, "winner_tide_component": 0.0316, "winner_incumbency_adjustment": 0.035, "winner_demographics_component": null, "winner_fundraising_component": null}, {"year": 2012, "lean_dem_share": 0.5794, "competitiveness": "Likely", "competitiveness_label": "Likely D", "party_favored": "Democratic", "is_uncontested": false, "turnout_ratio": 0.9869, "winner_name": "Nicola S. Tsongas", "winner_party": "Democratic", "winner_war": 0.0402, "winner_lean_component": 0.3233, "winner_tide_component": 0.0398, "winner_incumbency_adjustment": 0.0, "winner_demographics_component": null, "winner_fundraising_component": null}], "lean_dem_share": 0.6471, "competitiveness": "Safe", "competitiveness_label": "Safe D", "party_favored": "Democratic", "is_uncontested": true, "turnout_ratio": 0.7671, "winner_name": "Lori Loureiro Trahan", "winner_party": "Democratic", "winner_war": null, "winner_lean_component": 0.3233, "winner_tide_component": 0.0432, "winner_incumbency_adjustment": 0.035, "winner_demographics_component": null, "winner_fundraising_component": null}, "geometry": {"type": "Polygon", "coordinates": [[[-72.08138699999999, 42.71632999999999], [-72.01020299999999, 42.714136], [-72.000844, 42.714079999999996], [-71.98140200000002, 42.713295], [-71.936076, 42.712436000000004], [-71.85977, 42.71048700000002], [-71.745815, 42.70728699999997], [-71.726812, 42.706984], [-71.642015, 42.70489], [-71.63181399999999, 42.704788], [-71.622214, 42.70428800000001], [-71.62014599999999, 42.70439400000001], [-71.597413, 42.703787999999996], [-71.503916, 42.70189299999999], [-71.467584, 42.70068799999998], [-71.423538, 42.69979199999998], [-71.38813, 42.698794999999976], [-71.383667, 42.698809], [-71.365307, 42.69819000000001], [-71.35180799999999, 42.69816699999999], [-71.344906, 42.69769000000001], [-71.33020599999999, 42.69719], [-71.31705699999999, 42.69699], [-71.29420499999999, 42.69699], [-71.288789, 42.702389], [-71.278488, 42.71175300000001], [-71.26790799999999, 42.72588599999999], [-71.255605, 42.73638899999999], [-71.251522, 42.739129000000005], [-71.248718, 42.740581], [-71.245504, 42.74258899999999], [-71.23342, 42.74548499999998], [-71.223917, 42.74668900000001], [-71.208604, 42.74339], [-71.202186, 42.74183400000001], [-71.181803, 42.737590000000004], [-71.182706, 42.75118700000003], [-71.18330499999999, 42.75450099999999], [-71.186103, 42.790673999999996], [-71.185208, 42.791685], [-71.17440100000002, 42.80171599999999], [-71.166665, 42.808337999999985], [-71.149706, 42.815489], [-71.132503, 42.82138800000001], [-71.118802, 42.818087999999996], [-71.115894, 42.817690000000006], [-71.112993, 42.817088999999996], [-71.10779099999999, 42.815788999999995], [-71.101794, 42.814587], [-71.0651, 42.806289], [-71.064201, 42.806289], [-71.060564, 42.81597899999999], [-71.058099, 42.82198899999999], [-71.05780299999999, 42.823091999999995], [-71.053601, 42.833088999999994], [-71.019413, 42.818890999999994], [-71.00258500000001, 42.81171099999999], [-70.999714, 42.81069100000002], [-70.99877099999999, 42.80899900000001], [-70.998616, 42.808061], [-70.99875, 42.806964999999984], [-70.99983399999999, 42.80503999999999], [-71.001711, 42.802800000000005], [-71.003435, 42.801100999999996], [-71.00552499999999, 42.79979599999999], [-71.012312, 42.796542], [-71.015575, 42.794535999999994], [-71.01735099999999, 42.79301499999999], [-71.018708, 42.79160500000001], [-71.019301, 42.790701], [-71.019757, 42.789525999999974], [-71.02019299999999, 42.78727], [-71.020381, 42.78429599999999], [-71.02190399999999, 42.779633], [-71.02423499999999, 42.77576000000001], [-71.025711, 42.77387699999999], [-71.02896400000002, 42.770427], [-71.032443, 42.76622], [-71.037965, 42.75894500000003], [-71.04001699999999, 42.757721000000004], [-71.04256699999999, 42.757041], [-71.042073, 42.755053999999994], [-71.041812, 42.754835000000014], [-71.041774, 42.754654], [-71.04199799999999, 42.754416000000006], [-71.042847, 42.754335], [-71.042901, 42.753978], [-71.044096, 42.753214000000014], [-71.044524, 42.74903400000002], [-71.048341, 42.746144999999984], [-71.052849, 42.739886999999996], [-71.058116, 42.734209], [-71.058883, 42.732462999999996], [-71.07211099999999, 42.73266800000001], [-71.074, 42.73446600000001], [-71.08191, 42.736685], [-71.088064, 42.73614399999999], [-71.09007799999999, 42.73696899999999], [-71.092467, 42.737000000000016], [-71.09783399999999, 42.73521999999999], [-71.108632, 42.735281], [-71.115603, 42.74119100000001], [-71.11586799999999, 42.74013100000002], [-71.11644799999999, 42.739085999999986], [-71.118606, 42.736622999999994], [-71.121623, 42.73384899999999], [-71.124461, 42.731654], [-71.126115, 42.72915099999997], [-71.12680999999999, 42.728357], [-71.130706, 42.724451], [-71.133461, 42.722162000000004], [-71.13454, 42.72095999999999], [-71.135085, 42.719911], [-71.135116, 42.718872000000005], [-71.134833, 42.717493], [-71.133707, 42.71422199999999], [-71.133361, 42.71221900000001], [-71.133436, 42.711638], [-71.134345, 42.70958400000001], [-71.13565299999999, 42.707935000000006], [-71.136996, 42.706882], [-71.137563, 42.706661], [-71.137525, 42.704806], [-71.13708299999999, 42.70435299999997], [-71.13932299999999, 42.70340400000001], [-71.140909, 42.703278], [-71.142372, 42.69938399999999], [-71.14277799999999, 42.698923000000015], [-71.144438, 42.699274], [-71.14585699999999, 42.69848099999999], [-71.145718, 42.698169000000014], [-71.14544599999999, 42.698194999999984], [-71.14546, 42.698062000000014], [-71.145005, 42.697947], [-71.144903, 42.697756999999996], [-71.143395, 42.697028], [-71.143163, 42.694199000000005], [-71.14170299999999, 42.694316999999984], [-71.141669, 42.694084], [-71.140947, 42.69391199999999], [-71.140411, 42.69346], [-71.139405, 42.69314699999999], [-71.139303, 42.69303199999998], [-71.139439, 42.692704], [-71.139312, 42.69257599999999], [-71.138442, 42.69271399999999], [-71.138172, 42.692488999999995], [-71.137981, 42.691942999999995], [-71.138234, 42.69133399999999], [-71.13759499999999, 42.69045599999998], [-71.13761099999999, 42.68974999999999], [-71.13795499999999, 42.689662999999996], [-71.138639, 42.690327999999994], [-71.139062, 42.690402000000006], [-71.139595, 42.69017599999999], [-71.140155, 42.68936299999999], [-71.14005999999999, 42.688987999999995], [-71.138603, 42.687842999999994], [-71.138627, 42.687695999999995], [-71.138977, 42.68760900000001], [-71.13919299999999, 42.68773800000001], [-71.139427, 42.687594999999995], [-71.139809, 42.68718599999999], [-71.139678, 42.68688200000001], [-71.13933999999999, 42.686717], [-71.137947, 42.686668000000026], [-71.138723, 42.685990999999994], [-71.138824, 42.685732], [-71.139478, 42.68545899999999], [-71.13933, 42.685156], [-71.138092, 42.68521300000001], [-71.137827, 42.684996000000005], [-71.13927699999999, 42.68440699999999], [-71.133686, 42.67953500000002], [-71.134529, 42.67683699999999], [-71.12882700000002, 42.67445], [-71.12683500000001, 42.671814999999995], [-71.127479, 42.67083299999999], [-71.128423, 42.668861], [-71.130268, 42.66593900000001], [-71.131118, 42.665198999999994], [-71.13400899999999, 42.663478], [-71.13500499999999, 42.662698], [-71.133715, 42.66146699999998], [-71.132458, 42.65896299999999], [-71.133347, 42.658832999999994], [-71.132702, 42.656774000000006], [-71.13581599999999, 42.65647699999998], [-71.139873, 42.65519700000001], [-71.142077, 42.654706000000004], [-71.143014, 42.652620000000006], [-71.144797, 42.64947600000001], [-71.144713, 42.649002999999986], [-71.143194, 42.648245], [-71.144026, 42.644253], [-71.144487, 42.642970999999996], [-71.144822, 42.64077099999998], [-71.144452, 42.640021999999995], [-71.143631, 42.639674000000014], [-71.143241, 42.638982999999996], [-71.143256, 42.638133], [-71.143112, 42.63770799999999], [-71.1433, 42.63764399999999], [-71.14299, 42.636761000000014], [-71.14381, 42.636661], [-71.144214, 42.63712700000001], [-71.14498800000001, 42.634404999999994], [-71.14601499999999, 42.63396], [-71.145073, 42.63281000000001], [-71.144468, 42.63313900000001], [-71.14345, 42.633343999999994], [-71.141644, 42.63517600000002], [-71.14031000000001, 42.637316999999996], [-71.13931, 42.63821699999999], [-71.138328, 42.63875300000001], [-71.133827, 42.639506999999995], [-71.133077, 42.64031699999998], [-71.132818, 42.641324000000004], [-71.131761, 42.642309999999995], [-71.131483, 42.642366999999986], [-71.127749, 42.631562], [-71.12638199999999, 42.62524700000002], [-71.12549800000001, 42.61996500000001], [-71.124173, 42.615575], [-71.124057, 42.61477699999998], [-71.126898, 42.615140000000004], [-71.127369, 42.61432899999999], [-71.1271, 42.61260100000002], [-71.128847, 42.613243], [-71.12975399999999, 42.612529], [-71.13242199999999, 42.611886000000005], [-71.13328299999999, 42.61214099999998], [-71.133983, 42.612784000000005], [-71.135875, 42.611817], [-71.13635, 42.610661000000015], [-71.136664, 42.610507], [-71.137305, 42.60953799999999], [-71.137591, 42.61004899999999], [-71.13740500000002, 42.61051100000001], [-71.137816, 42.611182], [-71.137872, 42.613413], [-71.13893, 42.61412599999999], [-71.139062, 42.61496499999999], [-71.14023499999999, 42.614596000000006], [-71.141485, 42.61371599999999], [-71.141651, 42.613501], [-71.141586, 42.61307000000001], [-71.141752, 42.612902000000005], [-71.143569, 42.612342], [-71.144257, 42.611622], [-71.144835, 42.611469], [-71.14540000000001, 42.60926999999998], [-71.145864, 42.608522], [-71.14656, 42.609979999999986], [-71.148613, 42.61324899999999], [-71.154336, 42.615277000000006], [-71.156564, 42.61497700000001], [-71.15861699999999, 42.61294799999999], [-71.159517, 42.60765900000001], [-71.160667, 42.605318], [-71.163664, 42.60212999999999], [-71.165015, 42.59795899999999], [-71.181167, 42.60824200000001], [-71.181101, 42.608681999999995], [-71.18054599999999, 42.608554999999996], [-71.180278, 42.60871900000001], [-71.18068099999999, 42.60911699999999], [-71.180549, 42.609214], [-71.179576, 42.608852], [-71.179523, 42.609275999999994], [-71.178733, 42.609235], [-71.17838499999999, 42.60908699999999], [-71.178643, 42.60884700000001], [-71.178583, 42.608642], [-71.177781, 42.608807999999996], [-71.177733, 42.60898799999999], [-71.17809799999999, 42.60950099999998], [-71.177975, 42.60970700000001], [-71.177514, 42.609857000000005], [-71.17752399999999, 42.61054000000001], [-71.177893, 42.610679000000005], [-71.17841299999999, 42.610599], [-71.17851499999999, 42.610898000000006], [-71.178243, 42.611174], [-71.177424, 42.611214], [-71.177573, 42.61157800000001], [-71.177298, 42.612162], [-71.17796100000001, 42.612814], [-71.177987, 42.61304], [-71.17692699999999, 42.61310500000002], [-71.17706199999999, 42.613839000000006], [-71.176599, 42.61430499999999], [-71.172917, 42.61490400000002], [-71.172602, 42.61524300000001], [-71.172558, 42.61599400000001], [-71.17212099999999, 42.61630500000001], [-71.171488, 42.61638399999999], [-71.172108, 42.616751], [-71.204518, 42.63209899999999], [-71.2261, 42.642491], [-71.23880299999999, 42.64889100000001], [-71.24669399999999, 42.65248700000001], [-71.25453, 42.656332], [-71.255074, 42.65631799999999], [-71.256103, 42.656690999999995], [-71.26420399999999, 42.65769100000001], [-71.272607, 42.656664], [-71.275154, 42.656216], [-71.272018, 42.64921600000001], [-71.27170699999999, 42.64801799999999], [-71.271682, 42.646305], [-71.27146499999999, 42.64611100000001], [-71.271271, 42.643918000000006], [-71.274709, 42.62885899999998], [-71.277791, 42.62084700000002], [-71.283427, 42.61529900000001], [-71.29627099999999, 42.612674999999996], [-71.297028, 42.613010999999986], [-71.297006, 42.612296], [-71.29593899999999, 42.61034999999999], [-71.295674, 42.60933399999998], [-71.295469, 42.606975000000006], [-71.295092, 42.606343999999986], [-71.294221, 42.605477999999984], [-71.33309, 42.560115], [-71.324801, 42.55605900000001], [-71.31961799999999, 42.554069999999996], [-71.314385, 42.54955400000001], [-71.31836899999999, 42.54279199999998], [-71.30981, 42.534848], [-71.30874899999999, 42.53395999999999], [-71.30718499999999, 42.533221000000005], [-71.307538, 42.52999899999999], [-71.30461, 42.529284999999994], [-71.304949, 42.52854000000001], [-71.30486499999999, 42.527283], [-71.30516, 42.52593599999999], [-71.306201, 42.524150999999996], [-71.30680500000001, 42.522386], [-71.30654700000001, 42.519301999999996], [-71.306918, 42.517081000000005], [-71.30619500000002, 42.515079], [-71.30623299999999, 42.514564], [-71.306653, 42.51405100000001], [-71.308211, 42.513695], [-71.308758, 42.513374], [-71.31015, 42.511860000000006], [-71.311253, 42.511014], [-71.31279599999999, 42.51028], [-71.314641, 42.50856200000001], [-71.316093, 42.50763], [-71.316968, 42.506463000000004], [-71.317708, 42.504796], [-71.317835, 42.503817], [-71.317464, 42.502193000000005], [-71.31836899999999, 42.497536], [-71.318585, 42.49115700000001], [-71.319026, 42.489677999999984], [-71.319138, 42.48806500000002], [-71.319644, 42.486933], [-71.31930299999999, 42.486289000000006], [-71.31739, 42.48490599999999], [-71.316987, 42.484181000000014], [-71.317161, 42.48356599999999], [-71.318147, 42.482839], [-71.32080599999999, 42.482184], [-71.321268, 42.480515], [-71.32012399999999, 42.48033199999999], [-71.318103, 42.47806299999998], [-71.316951, 42.47656800000001], [-71.31703999999999, 42.476479000000005], [-71.313768, 42.474182000000006], [-71.309465, 42.47640399999998], [-71.306552, 42.47442700000001], [-71.304216, 42.474693], [-71.301903, 42.473254], [-71.300893, 42.47358599999999], [-71.298763, 42.47286499999999], [-71.289676, 42.466182], [-71.28930199999999, 42.46455700000003], [-71.29521, 42.463235000000005], [-71.29518999999999, 42.46344600000001], [-71.30228199999999, 42.46201000000001], [-71.30208499999999, 42.46111700000001], [-71.303207, 42.46134300000001], [-71.30480899999999, 42.452759999999984], [-71.309929, 42.453247999999995], [-71.310931, 42.453594], [-71.313592, 42.455011999999996], [-71.335379, 42.437775999999985], [-71.35256, 42.42692300000001], [-71.353107, 42.42615199999997], [-71.35446100000001, 42.422816000000005], [-71.354475, 42.421991999999996], [-71.35528699999999, 42.421154999999985], [-71.35589000000002, 42.42082699999998], [-71.35640800000002, 42.420002000000004], [-71.357186, 42.41979], [-71.360791, 42.42085900000002], [-71.36286299999999, 42.420943], [-71.36441599999999, 42.42044099999999], [-71.364573, 42.420079], [-71.36456299999999, 42.418238], [-71.364288, 42.417082000000015], [-71.36381500000002, 42.41612000000001], [-71.365038, 42.414553999999995], [-71.365212, 42.413352999999994], [-71.36554, 42.41303999999999], [-71.366326, 42.41271499999999], [-71.396264, 42.424020000000006], [-71.401799, 42.41755799999999], [-71.40679, 42.417894], [-71.40662499999999, 42.41621799999999], [-71.405186, 42.41176300000002], [-71.40645599999999, 42.409375], [-71.407617, 42.409383000000005], [-71.409711, 42.40995699999999], [-71.40972, 42.409622999999996], [-71.410156, 42.40932799999999], [-71.412216, 42.408879999999996], [-71.412517, 42.4085], [-71.414096, 42.40807099999999], [-71.41680000000001, 42.406563], [-71.417395, 42.40928600000001], [-71.419131, 42.411339999999996], [-71.42097, 42.41141499999999], [-71.42205799999999, 42.41238999999998], [-71.422719, 42.41267699999999], [-71.423355, 42.412189999999995], [-71.42397199999999, 42.412123], [-71.422625, 42.41019499999999], [-71.422747, 42.408575000000006], [-71.42306599999999, 42.408235000000005], [-71.42446, 42.407703999999995], [-71.425072, 42.40695900000001], [-71.42599899999999, 42.406677], [-71.42728199999999, 42.408555999999976], [-71.42846899999999, 42.409236], [-71.428594, 42.40971700000001], [-71.428493, 42.410439], [-71.428688, 42.411127], [-71.427848, 42.41240499999999], [-71.42768199999999, 42.41300000000002], [-71.427837, 42.41346999999998], [-71.428282, 42.413854], [-71.428598, 42.414013999999995], [-71.430111, 42.41289], [-71.430443, 42.412309], [-71.430627, 42.411381], [-71.43234, 42.41160599999999], [-71.433026, 42.411930000000005], [-71.432232, 42.412529], [-71.431609, 42.41384699999998], [-71.43127299999999, 42.414232999999975], [-71.43191999999999, 42.414408], [-71.43328799999999, 42.414415999999996], [-71.43473999999999, 42.414954], [-71.43531899999999, 42.41544100000003], [-71.436311, 42.41478999999999], [-71.43654699999999, 42.41377800000001], [-71.43794, 42.41389799999999], [-71.438385, 42.414229], [-71.438445, 42.41475400000001], [-71.436959, 42.41647599999999], [-71.436628, 42.417441], [-71.436121, 42.417682000000006], [-71.434832, 42.417532999999985], [-71.434559, 42.4181], [-71.433692, 42.418665999999995], [-71.433576, 42.41937299999999], [-71.43329899999999, 42.41985999999999], [-71.434867, 42.42010299999998], [-71.435417, 42.42046499999999], [-71.435662, 42.421079000000006], [-71.435507, 42.42203799999999], [-71.43652399999999, 42.42174199999998], [-71.442508, 42.40694199999999], [-71.46945199999999, 42.40263099999999], [-71.472689, 42.389984999999996], [-71.475505, 42.380632000000006], [-71.48340999999999, 42.35279], [-71.483682, 42.350107999999985], [-71.486768, 42.330075], [-71.50821599999999, 42.327928], [-71.516527, 42.330336], [-71.551126, 42.326395000000005], [-71.569085, 42.32037299999999], [-71.585168, 42.310977], [-71.592502, 42.317901], [-71.596566, 42.32044499999999], [-71.59734999999999, 42.321149000000005], [-71.601885, 42.32697099999999], [-71.603734, 42.32858899999999], [-71.605158, 42.33025899999999], [-71.603591, 42.33167600000001], [-71.60409899999999, 42.33676800000001], [-71.604663, 42.336746000000005], [-71.61157299999999, 42.339008000000014], [-71.61645899999999, 42.341591], [-71.617353, 42.341863], [-71.617299, 42.341993], [-71.617978, 42.34234299999999], [-71.619131, 42.343348999999996], [-71.62065799999999, 42.345248999999995], [-71.62582499999999, 42.34972399999999], [-71.624702, 42.35046500000001], [-71.634038, 42.35841199999999], [-71.677794, 42.365154000000025], [-71.67055100000002, 42.38666500000001], [-71.70090499999999, 42.395772], [-71.725984, 42.39023999999998], [-71.721578, 42.409239000000014], [-71.718362, 42.410263999999984], [-71.718699, 42.473373999999986], [-71.728385, 42.475128000000005], [-71.71674, 42.518971], [-71.712384, 42.52132899999999], [-71.702236, 42.53389499999997], [-71.711231, 42.535354000000005], [-71.720349, 42.552195000000005], [-71.74108300000002, 42.570263000000004], [-71.74506199999999, 42.573901000000006], [-71.76295, 42.56392400000001], [-71.75724699999999, 42.562068], [-71.755875, 42.56117000000001], [-71.75409599999999, 42.559456], [-71.75045, 42.553461999999996], [-71.74776899999999, 42.549935], [-71.74986899999999, 42.54975900000001], [-71.749149, 42.54905000000001], [-71.749679, 42.54520199999998], [-71.754166, 42.54605199999999], [-71.757766, 42.548567999999996], [-71.760362, 42.54762200000001], [-71.761951, 42.549808000000006], [-71.761588, 42.55190399999999], [-71.764287, 42.55505600000001], [-71.76917999999999, 42.558142000000004], [-71.77134199999999, 42.559248], [-71.786023, 42.551047000000004], [-71.78936999999999, 42.550931], [-71.797118, 42.552551000000015], [-71.798699, 42.552594000000006], [-71.80012599999999, 42.552110000000006], [-71.803752, 42.548897], [-71.80466299999999, 42.548261999999994], [-71.806546, 42.54747200000001], [-71.8079, 42.54716399999999], [-71.81421399999999, 42.54725300000001], [-71.81924699999999, 42.54659899999999], [-71.821281, 42.546539], [-71.82292799999999, 42.546794], [-71.829067, 42.548641999999994], [-71.83088, 42.54901800000001], [-71.832831, 42.54900200000001], [-71.83712299999999, 42.548551], [-71.842004, 42.514679000000015], [-71.844954, 42.51443899999999], [-71.84737, 42.514704999999985], [-71.849357, 42.51781600000001], [-71.856837, 42.51908299999999], [-71.86104, 42.51637400000001], [-71.864531, 42.516932999999995], [-71.909649, 42.484492], [-71.979721, 42.53238899999999], [-72.02700999999999, 42.563240999999984], [-72.015053, 42.567879], [-72.016926, 42.56989600000001], [-72.018669, 42.570229999999995], [-72.019641, 42.57073599999999], [-72.019526, 42.571029], [-72.017459, 42.572073999999986], [-72.01696799999999, 42.572979999999994], [-72.016243, 42.573695999999984], [-72.016317, 42.57395900000001], [-72.01702999999999, 42.574434999999994], [-72.017191, 42.575371], [-72.018273, 42.57645999999998], [-72.018869, 42.57666700000001], [-72.019539, 42.57664899999998], [-72.019769, 42.57582000000001], [-72.020038, 42.57551799999999], [-72.023123, 42.574386000000004], [-72.023338, 42.574166000000005], [-72.023375, 42.573808000000014], [-72.023687, 42.573664], [-72.026928, 42.573301], [-72.027833, 42.57403600000001], [-72.02862, 42.573999000000015], [-72.02967000000001, 42.574242000000005], [-72.030476, 42.573977000000006], [-72.031311, 42.57421500000001], [-72.031426, 42.57460599999999], [-72.031142, 42.575934999999994], [-72.032377, 42.575881999999986], [-72.03289699999999, 42.57611199999997], [-72.033029, 42.57635900000001], [-72.032933, 42.576799], [-72.032243, 42.577231999999995], [-72.031729, 42.57833599999999], [-72.03282899999999, 42.578765999999995], [-72.034402, 42.579904], [-72.03514899999999, 42.58008], [-72.03558799999999, 42.57995700000001], [-72.03580099999999, 42.57891499999999], [-72.03707399999999, 42.57748599999999], [-72.03799699999999, 42.577070000000006], [-72.038207, 42.57715700000001], [-72.038217, 42.57733000000001], [-72.037595, 42.577871], [-72.03783, 42.57832399999998], [-72.039526, 42.57864799999999], [-72.040385, 42.578581999999976], [-72.041338, 42.57942999999999], [-72.042076, 42.57981899999999], [-72.042183, 42.58030199999999], [-72.041646, 42.580890000000004], [-72.042025, 42.582108], [-72.04151399999999, 42.582894], [-72.041626, 42.583245], [-72.042237, 42.58362499999999], [-72.042283, 42.58396600000001], [-72.04151399999999, 42.584872999999995], [-72.040705, 42.585069000000004], [-72.040312, 42.585350999999996], [-72.039541, 42.58544400000002], [-72.038876, 42.586338000000005], [-72.038974, 42.586591999999996], [-72.039562, 42.58681099999999], [-72.039986, 42.587838999999995], [-72.04123299999999, 42.58836799999999], [-72.042227, 42.589378999999994], [-72.042007, 42.590026], [-72.041939, 42.59177799999998], [-72.041853, 42.59196499999998], [-72.03604, 42.593871000000014], [-72.07449799999999, 42.624247999999994], [-72.07992399999999, 42.63570000000001], [-72.080548, 42.63729600000002], [-72.080958, 42.639639], [-72.081175, 42.64669200000001], [-72.0808, 42.64838099999999], [-72.078109, 42.65683599999999], [-72.07794799999999, 42.658089999999994], [-72.078019, 42.65925099999999], [-72.079358, 42.6662], [-72.079291, 42.667136], [-72.078903, 42.668072], [-72.07827, 42.66889599999999], [-72.07675499999999, 42.67011699999999], [-72.073335, 42.671732], [-72.06804199999999, 42.67536599999998], [-72.06780599999999, 42.67549599999998], [-72.067371, 42.675387], [-72.06734999999999, 42.67570500000001], [-72.06765, 42.676169], [-72.067238, 42.67661599999998], [-72.066463, 42.676722], [-72.065046, 42.676446999999996], [-72.064388, 42.676493], [-72.06393899999999, 42.676662], [-72.06284699999999, 42.677524999999996], [-72.061553, 42.67791899999999], [-72.060614, 42.67861999999999], [-72.05779100000001, 42.67895199999998], [-72.05699899999999, 42.67918999999999], [-72.055127, 42.680677], [-72.052097, 42.68174100000001], [-72.051788, 42.68345399999999], [-72.05280200000001, 42.68351200000001], [-72.052701, 42.684540999999996], [-72.05516899999999, 42.684669], [-72.055846, 42.684571999999996], [-72.055964, 42.68477600000001], [-72.056313, 42.68585], [-72.05458300000001, 42.68603], [-72.052583, 42.685942000000004], [-72.052392, 42.688021000000006], [-72.05581699999999, 42.688226], [-72.05584, 42.687524], [-72.056062, 42.687110000000004], [-72.056805, 42.68691400000001], [-72.057417, 42.688371], [-72.06027499999999, 42.693388999999996], [-72.061223, 42.69649299999998], [-72.061495, 42.698785000000015], [-72.062122, 42.70118900000001], [-72.063312, 42.704004999999995], [-72.063537, 42.705466000000015], [-72.06318499999999, 42.70585499999998], [-72.065634, 42.708629], [-72.066386, 42.707547], [-72.067263, 42.70731699999998], [-72.06875000000001, 42.70744500000001], [-72.069075, 42.70762], [-72.068889, 42.70814199999999], [-72.06941599999999, 42.708672999999976], [-72.07017499999999, 42.708837], [-72.070804, 42.709565], [-72.070129, 42.71019100000002], [-72.07025399999999, 42.71082500000001], [-72.070556, 42.71100299999999], [-72.07112099999999, 42.710922999999994], [-72.071609, 42.711291], [-72.072137, 42.71112900000001], [-72.072183, 42.71147699999999], [-72.072671, 42.711597999999995], [-72.07292699999999, 42.711918999999995], [-72.073694, 42.712236], [-72.074663, 42.712342], [-72.075198, 42.71273399999999], [-72.07560000000001, 42.713410999999994], [-72.07584, 42.713543], [-72.07646799999999, 42.71359899999998], [-72.076922, 42.712941999999984], [-72.078878, 42.71404], [-72.08138699999999, 42.71632999999999]]]}}, {"type": "Feature", "properties": {"district_name": "5th Congressional District", "chamber": "us-house", "vintage": "2012-2020", "url": "/district/us-house-5th-congressional-district-2012-2020/", "latest_year": 2020, "years": [{"year": 2020, "lean_dem_share": 0.7571, "competitiveness": "Safe", "competitiveness_label": "Safe D", "party_favored": "Democratic", "is_uncontested": false, "turnout_ratio": 0.9812, "winner_name": "Katherine M. Clark", "winner_party": "Democratic", "winner_war": 0.0222, "winner_lean_component": 0.3869, "winner_tide_component": 0.0432, "winner_incumbency_adjustment": 0.035, "winner_demographics_component": null, "winner_fundraising_component": null}, {"year": 2018, "lean_dem_share": 0.3961, "competitiveness": "Safe", "competitiveness_label": "Safe R", "party_favored": "Republican", "is_uncontested": false, "turnout_ratio": 0.9873, "winner_name": "Katherine M. Clark", "winner_party": "Democratic", "winner_war": 0.0596, "winner_lean_component": 0.3869, "winner_tide_component": 0.0214, "winner_incumbency_adjustment": 0.035, "winner_demographics_component": null, "winner_fundraising_component": null}, {"year": 2016, "lean_dem_share": 0.7292, "competitiveness": "Safe", "competitiveness_label": "Safe D", "party_favored": "Democratic", "is_uncontested": true, "turnout_ratio": 0.8032, "winner_name": "Katherine M. Clark", "winner_party": "Democratic", "winner_war": null, "winner_lean_component": 0.3869, "winner_tide_component": 0.0416, "winner_incumbency_adjustment": 0.035, "winner_demographics_component": null, "winner_fundraising_component": null}, {"year": 2014, "lean_dem_share": 0.5518, "competitiveness": "Likely", "competitiveness_label": "Likely D", "party_favored": "Democratic", "is_uncontested": true, "turnout_ratio": 0.7488, "winner_name": "Katherine M. Clark", "winner_party": "Democratic", "winner_war": null, "winner_lean_component": 0.3869, "winner_tide_component": 0.0316, "winner_incumbency_adjustment": 0.0, "winner_demographics_component": null, "winner_fundraising_component": null}, {"year": 2012, "lean_dem_share": 0.6624, "competitiveness": "Safe", "competitiveness_label": "Safe D", "party_favored": "Democratic", "is_uncontested": false, "turnout_ratio": 0.9559, "winner_name": "Edward J. Markey", "winner_party": "Democratic", "winner_war": 0.0732, "winner_lean_component": 0.3869, "winner_tide_component": 0.0398, "winner_incumbency_adjustment": 0.0, "winner_demographics_component": null, "winner_fundraising_component": null}], "lean_dem_share": 0.7571, "competitiveness": "Safe", "competitiveness_label": "Safe D", "party_favored": "Democratic", "is_uncontested": false, "turnout_ratio": 0.9812, "winner_name": "Katherine M. Clark", "winner_party": "Democratic", "winner_war": 0.0222, "winner_lean_component": 0.3869, "winner_tide_component": 0.0432, "winner_incumbency_adjustment": 0.035, "winner_demographics_component": null, "winner_fundraising_component": null}, "geometry": {"type": "Polygon", "coordinates": [[[-71.585168, 42.310977], [-71.569085, 42.32037299999999], [-71.551126, 42.326395000000005], [-71.516527, 42.330336], [-71.50821599999999, 42.327928], [-71.486768, 42.330075], [-71.483682, 42.350107999999985], [-71.48340999999999, 42.35279], [-71.475505, 42.380632000000006], [-71.472689, 42.389984999999996], [-71.46945199999999, 42.40263099999999], [-71.442508, 42.40694199999999], [-71.43652399999999, 42.42174199999998], [-71.435507, 42.42203799999999], [-71.435662, 42.421079000000006], [-71.435417, 42.42046499999999], [-71.434867, 42.42010299999998], [-71.43329899999999, 42.41985999999999], [-71.433576, 42.41937299999999], [-71.433692, 42.418665999999995], [-71.434559, 42.4181], [-71.434832, 42.417532999999985], [-71.436121, 42.417682000000006], [-71.436628, 42.417441], [-71.436959, 42.41647599999999], [-71.438445, 42.41475400000001], [-71.438385, 42.414229], [-71.43794, 42.41389799999999], [-71.43654699999999, 42.41377800000001], [-71.436311, 42.41478999999999], [-71.43531899999999, 42.41544100000003], [-71.43473999999999, 42.414954], [-71.43328799999999, 42.414415999999996], [-71.43191999999999, 42.414408], [-71.43127299999999, 42.414232999999975], [-71.431609, 42.41384699999998], [-71.432232, 42.412529], [-71.433026, 42.411930000000005], [-71.43234, 42.41160599999999], [-71.430627, 42.411381], [-71.430443, 42.412309], [-71.430111, 42.41289], [-71.428598, 42.414013999999995], [-71.428282, 42.413854], [-71.427837, 42.41346999999998], [-71.42768199999999, 42.41300000000002], [-71.427848, 42.41240499999999], [-71.428688, 42.411127], [-71.428493, 42.410439], [-71.428594, 42.40971700000001], [-71.42846899999999, 42.409236], [-71.42728199999999, 42.408555999999976], [-71.42599899999999, 42.406677], [-71.425072, 42.40695900000001], [-71.42446, 42.407703999999995], [-71.42306599999999, 42.408235000000005], [-71.422747, 42.408575000000006], [-71.422625, 42.41019499999999], [-71.42397199999999, 42.412123], [-71.423355, 42.412189999999995], [-71.422719, 42.41267699999999], [-71.42205799999999, 42.41238999999998], [-71.42097, 42.41141499999999], [-71.419131, 42.411339999999996], [-71.417395, 42.40928600000001], [-71.41680000000001, 42.406563], [-71.414096, 42.40807099999999], [-71.412517, 42.4085], [-71.412216, 42.408879999999996], [-71.410156, 42.40932799999999], [-71.40972, 42.409622999999996], [-71.409711, 42.40995699999999], [-71.407617, 42.409383000000005], [-71.40645599999999, 42.409375], [-71.405186, 42.41176300000002], [-71.40662499999999, 42.41621799999999], [-71.40679, 42.417894], [-71.401799, 42.41755799999999], [-71.396264, 42.424020000000006], [-71.366326, 42.41271499999999], [-71.36554, 42.41303999999999], [-71.365212, 42.413352999999994], [-71.365038, 42.414553999999995], [-71.36381500000002, 42.41612000000001], [-71.364288, 42.417082000000015], [-71.36456299999999, 42.418238], [-71.364573, 42.420079], [-71.36441599999999, 42.42044099999999], [-71.36286299999999, 42.420943], [-71.360791, 42.42085900000002], [-71.357186, 42.41979], [-71.35640800000002, 42.420002000000004], [-71.35589000000002, 42.42082699999998], [-71.35528699999999, 42.421154999999985], [-71.354475, 42.421991999999996], [-71.35446100000001, 42.422816000000005], [-71.353107, 42.42615199999997], [-71.35256, 42.42692300000001], [-71.335379, 42.437775999999985], [-71.313592, 42.455011999999996], [-71.310931, 42.453594], [-71.309929, 42.453247999999995], [-71.30480899999999, 42.452759999999984], [-71.303207, 42.46134300000001], [-71.30208499999999, 42.46111700000001], [-71.30228199999999, 42.46201000000001], [-71.29518999999999, 42.46344600000001], [-71.29521, 42.463235000000005], [-71.28930199999999, 42.46455700000003], [-71.289676, 42.466182], [-71.28294, 42.461170999999986], [-71.28184, 42.45964], [-71.280851, 42.46016799999999], [-71.280711, 42.45999], [-71.28012100000001, 42.460059], [-71.279501, 42.459675999999995], [-71.277982, 42.46023499999999], [-71.277889, 42.460710000000006], [-71.272695, 42.459704], [-71.261515, 42.47624600000001], [-71.256553, 42.47855899999999], [-71.251986, 42.48501499999999], [-71.240983, 42.48988099999998], [-71.24089, 42.49003299999999], [-71.212245, 42.466349000000015], [-71.211855, 42.46652899999999], [-71.21091, 42.467415], [-71.210606, 42.468521], [-71.210289, 42.47091500000002], [-71.204291, 42.46587099999999], [-71.188279, 42.479696000000004], [-71.18739599999999, 42.479364000000004], [-71.18548, 42.47996699999999], [-71.186562, 42.480954], [-71.186452, 42.481023000000015], [-71.184641, 42.48173299999999], [-71.182944, 42.48212199999999], [-71.181375, 42.483386], [-71.181501, 42.483622], [-71.16892399999999, 42.487086999999995], [-71.17071899999999, 42.489754999999995], [-71.168914, 42.490547000000014], [-71.168444, 42.498299], [-71.16923299999999, 42.506519], [-71.169923, 42.506730999999995], [-71.169423, 42.50732299999999], [-71.16972, 42.507450999999996], [-71.169324, 42.507872], [-71.169473, 42.509487000000014], [-71.169876, 42.50972099999999], [-71.169566, 42.510203999999995], [-71.17025799999999, 42.51045200000001], [-71.169635, 42.51146199999998], [-71.170063, 42.51559700000001], [-71.154298, 42.522127], [-71.153052, 42.52251199999998], [-71.144193, 42.526427], [-71.13545599999999, 42.53000600000001], [-71.124492, 42.50891800000001], [-71.123865, 42.50761699999998], [-71.12417599999999, 42.507526], [-71.123463, 42.506174], [-71.122395, 42.504152999999995], [-71.12195899999999, 42.50427799999999], [-71.11976, 42.500291999999995], [-71.10072199999999, 42.50225799999998], [-71.090115, 42.501260999999985], [-71.08550199999999, 42.492258000000014], [-71.07524000000001, 42.488008], [-71.07652, 42.47819700000001], [-71.07668699999999, 42.47748599999999], [-71.077707, 42.47739099999998], [-71.077985, 42.473974999999996], [-71.06954, 42.471689], [-71.061269, 42.47265099999999], [-71.06132900000001, 42.474222999999995], [-71.053496, 42.475895000000016], [-71.04689499999999, 42.46869499999999], [-71.04479599999999, 42.466195000000006], [-71.044729, 42.465724000000016], [-71.043734, 42.464596], [-71.03726999999999, 42.457674000000004], [-71.025864, 42.44474300000001], [-71.024958, 42.44538899999999], [-71.023679, 42.44599500000001], [-71.02029499999999, 42.448896], [-71.018495, 42.45009599999999], [-71.018295, 42.44959599999998], [-71.016795, 42.44819599999999], [-71.012095, 42.442796], [-71.009495, 42.441196], [-71.011995, 42.439696000000005], [-71.010295, 42.43869600000001], [-71.01049499999999, 42.437396], [-71.011579, 42.436179], [-71.01074299999999, 42.435262], [-71.01088299999999, 42.43440699999999], [-71.010327, 42.434098999999996], [-71.01086699999999, 42.43389599999998], [-71.010954, 42.43366], [-71.01117599999999, 42.43377799999999], [-71.01171599999999, 42.433705], [-71.01191, 42.433319000000004], [-71.011534, 42.433335], [-71.011158, 42.43314300000001], [-71.010403, 42.433521], [-71.010742, 42.433767], [-71.010164, 42.433796], [-71.009864, 42.43398099999999], [-71.00972, 42.433862], [-71.00976, 42.43328899999999], [-71.009577, 42.433189000000006], [-71.009613, 42.43403], [-71.00937499999999, 42.433989], [-71.009277, 42.43427799999999], [-71.00862599999999, 42.434352999999994], [-71.007873, 42.433972], [-71.006974, 42.43383800000001], [-71.005875, 42.433029], [-71.004632, 42.43305500000001], [-71.00330199999999, 42.43270299999998], [-71.003219, 42.43243700000001], [-71.00334699999999, 42.43220900000001], [-71.004595, 42.431715], [-71.004595, 42.429814], [-71.003275, 42.429709999999986], [-71.001094, 42.431296], [-70.998475, 42.431296], [-70.99571399999999, 42.430855000000015], [-70.994849, 42.43115], [-70.992023, 42.43413499999999], [-70.99011999999999, 42.43487700000001], [-70.987805, 42.43399799999998], [-70.985754, 42.432556999999996], [-70.983708, 42.431663], [-70.982294, 42.431296], [-70.979648, 42.432631], [-70.975194, 42.436896000000004], [-70.971594, 42.442696], [-70.968594, 42.444396], [-70.966293, 42.44349700000001], [-70.95079299999999, 42.44429599999999], [-70.951393, 42.436996], [-70.95299299999999, 42.42939599999999], [-70.959093, 42.41859699999998], [-70.962093, 42.412397000000006], [-70.95949399999999, 42.407498000000004], [-70.924593, 42.386798], [-70.917892, 42.385997], [-70.96704799999999, 42.356953999999995], [-70.967257, 42.357069], [-70.96882, 42.35586600000001], [-70.968935, 42.35592500000001], [-70.972893, 42.35359699999999], [-70.985593, 42.356796999999986], [-70.986597, 42.36457199999999], [-71.000736, 42.364818], [-71.000695, 42.36464], [-71.010449, 42.36503399999999], [-71.006123, 42.376052], [-71.00020599999999, 42.37775400000002], [-70.999347, 42.37766500000001], [-70.99931099999999, 42.37779299999999], [-70.99669399999999, 42.37874100000001], [-70.994648, 42.38114999999999], [-70.994681, 42.38270899999999], [-70.994239, 42.384647000000015], [-70.988281, 42.38710700000001], [-70.98778, 42.38694299999998], [-70.986731, 42.387007], [-70.986053, 42.388116000000004], [-70.98728899999999, 42.388734], [-70.987511, 42.38922900000001], [-70.987571, 42.390581999999995], [-70.98719899999999, 42.391462999999995], [-70.987133, 42.392123], [-70.987442, 42.39274200000001], [-70.98977099999999, 42.393240000000006], [-70.99381799999999, 42.392924], [-70.995361, 42.393813], [-70.996475, 42.396308000000005], [-70.998158, 42.39688700000001], [-70.998768, 42.396973], [-71.001407, 42.39674000000001], [-71.005861, 42.393892], [-71.008945, 42.39519200000001], [-71.009894, 42.395475000000005], [-71.01192999999999, 42.395751999999995], [-71.01127199999999, 42.396589000000006], [-71.013395, 42.39739799999999], [-71.009629, 42.400166999999996], [-71.009445, 42.400475], [-71.009396, 42.401183], [-71.010892, 42.40179499999999], [-71.011555, 42.401907], [-71.013772, 42.402964], [-71.01703499999999, 42.40271499999999], [-71.017826, 42.402883], [-71.01808799999999, 42.40335699999999], [-71.018878, 42.403718], [-71.020853, 42.403511], [-71.021157, 42.403842000000004], [-71.021198, 42.404284], [-71.020436, 42.40477500000001], [-71.020444, 42.40511699999999], [-71.02191599999999, 42.405287], [-71.022443, 42.40548700000001], [-71.02285499999999, 42.40512499999999], [-71.02327799999999, 42.40554399999999], [-71.023847, 42.40532400000001], [-71.024901, 42.40590000000002], [-71.025753, 42.405756999999994], [-71.026237, 42.40592499999999], [-71.026888, 42.40655000000001], [-71.026898, 42.40733199999999], [-71.027115, 42.40778199999998], [-71.02924, 42.41056799999998], [-71.033203, 42.41422599999999], [-71.033095, 42.414696000000006], [-71.032493, 42.415506000000015], [-71.031275, 42.418433000000014], [-71.028065, 42.42415499999999], [-71.050324, 42.42299500000001], [-71.05442, 42.420044999999995], [-71.054735, 42.42003799999999], [-71.05685, 42.418671], [-71.060441, 42.416007], [-71.061584, 42.41561000000001], [-71.064559, 42.41533399999999], [-71.06450699999999, 42.41524099999999], [-71.073296, 42.414796], [-71.073196, 42.41299599999999], [-71.07211099999999, 42.412081000000015], [-71.071907, 42.411672], [-71.071873, 42.411099000000014], [-71.072161, 42.41036299999999], [-71.073624, 42.40930300000001], [-71.073801, 42.409056], [-71.07374399999999, 42.40867900000001], [-71.07365899999999, 42.40851899999999], [-71.072692, 42.408237], [-71.071297, 42.40692200000001], [-71.073448, 42.402665000000006], [-71.075988, 42.399705999999995], [-71.076419, 42.39777299999999], [-71.075996, 42.39639599999999], [-71.077152, 42.39677799999999], [-71.083423, 42.40001299999999], [-71.085687, 42.400650999999996], [-71.091993, 42.39889999999999], [-71.096688, 42.400453999999996], [-71.100334, 42.39615], [-71.112374, 42.400226], [-71.11401, 42.400987999999984], [-71.115346, 42.40272799999999], [-71.115541, 42.40514499999999], [-71.119328, 42.40652499999999], [-71.119456, 42.406327], [-71.121752, 42.407116], [-71.121556, 42.407433999999995], [-71.12399599999999, 42.408268000000014], [-71.123389, 42.40914699999998], [-71.12570099999999, 42.409963000000005], [-71.126179, 42.409227], [-71.128101, 42.410720000000005], [-71.12709699999999, 42.41224400000001], [-71.12987199999999, 42.41338400000001], [-71.125818, 42.418088], [-71.127601, 42.418071], [-71.13073399999999, 42.417243000000006], [-71.131467, 42.416765999999996], [-71.131653, 42.415594999999975], [-71.131939, 42.41527900000001], [-71.132317, 42.415215999999994], [-71.132398, 42.41489699999999], [-71.132762, 42.41162699999999], [-71.132273, 42.410126999999996], [-71.132415, 42.409009999999995], [-71.134379, 42.406063], [-71.134742, 42.40291799999999], [-71.136391, 42.40096499999999], [-71.13747099999999, 42.40043100000001], [-71.13933399999999, 42.400148], [-71.140412, 42.399719999999995], [-71.14267, 42.39789100000001], [-71.143593, 42.39741199999999], [-71.152057, 42.40104], [-71.156302, 42.395852], [-71.15316899999999, 42.39564300000001], [-71.150115, 42.394932999999995], [-71.145248, 42.392878], [-71.141121, 42.392092000000005], [-71.141699, 42.390658], [-71.143097, 42.38903], [-71.143436, 42.38871199999999], [-71.144134, 42.388679999999994], [-71.143683, 42.38825], [-71.14164, 42.387051], [-71.141637, 42.387190000000004], [-71.134087, 42.383840000000006], [-71.132215, 42.385532], [-71.13172999999999, 42.385185], [-71.12906699999999, 42.38617099999998], [-71.12961899999999, 42.38665800000002], [-71.127558, 42.387402], [-71.12900599999999, 42.39007200000002], [-71.127685, 42.38985100000001], [-71.12764299999999, 42.39037799999999], [-71.12684899999999, 42.390342000000004], [-71.125751, 42.391636000000005], [-71.125266, 42.392586], [-71.12487399999999, 42.39269600000001], [-71.125284, 42.393061999999986], [-71.12436799999999, 42.39365299999999], [-71.122838, 42.39224199999999], [-71.12097399999999, 42.39370599999999], [-71.120214, 42.392641000000005], [-71.117085, 42.389580999999986], [-71.117966, 42.389126000000005], [-71.11739399999999, 42.38841499999999], [-71.11819299999999, 42.388009], [-71.115584, 42.385158], [-71.111656, 42.38174900000002], [-71.110643, 42.38163999999999], [-71.107855, 42.379374], [-71.108457, 42.379112000000006], [-71.103172, 42.374297000000006], [-71.09746299999999, 42.374431], [-71.093745, 42.374251], [-71.094488, 42.37291299999998], [-71.095322, 42.37301500000001], [-71.096875, 42.370475], [-71.097529, 42.371021], [-71.096229, 42.373132000000005], [-71.097119, 42.37325099999999], [-71.09811200000001, 42.371495], [-71.098979, 42.37219], [-71.099925, 42.370872999999996], [-71.098849, 42.37048499999999], [-71.09996199999999, 42.368902999999996], [-71.10053800000001, 42.36913], [-71.10122299999999, 42.368115], [-71.10175, 42.36830199999999], [-71.103146, 42.36634400000002], [-71.106707, 42.363053000000015], [-71.10824099999999, 42.36404999999999], [-71.108841, 42.363845999999995], [-71.109214, 42.366169], [-71.110411, 42.36681600000002], [-71.109438, 42.36777899999999], [-71.109905, 42.36800000000001], [-71.11074599999999, 42.36830599999999], [-71.111094, 42.367772999999985], [-71.113512, 42.36856400000001], [-71.11356099999999, 42.366012], [-71.113901, 42.364478], [-71.117193, 42.36422899999999], [-71.11719699999999, 42.36719699999999], [-71.11849699999999, 42.36839699999999], [-71.123297, 42.368996], [-71.12749699999999, 42.372996], [-71.128338, 42.37342400000002], [-71.129627, 42.373757], [-71.131518, 42.37372599999999], [-71.13266, 42.37318099999999], [-71.133197, 42.372596], [-71.132997, 42.371697], [-71.131997, 42.369696], [-71.139997, 42.36449599999999], [-71.14379699999999, 42.364996], [-71.14509799999999, 42.36449199999999], [-71.14679699999999, 42.36229599999999], [-71.14856499999999, 42.361174000000005], [-71.155303, 42.359898], [-71.159598, 42.359996], [-71.161878, 42.35914099999999], [-71.163716, 42.358248999999994], [-71.16624399999999, 42.35960399999999], [-71.167766, 42.36012099999998], [-71.169506, 42.36019], [-71.17232899999999, 42.359414999999984], [-71.17485599999999, 42.35926799999999], [-71.178845, 42.35978], [-71.182042, 42.36080600000001], [-71.18368, 42.358829], [-71.196058, 42.361747], [-71.192101, 42.365505999999996], [-71.19348099999999, 42.36656], [-71.194865, 42.36715799999999], [-71.195061, 42.367702000000016], [-71.195301, 42.367872999999996], [-71.195821, 42.36782100000001], [-71.196805, 42.36711000000001], [-71.197234, 42.367123000000014], [-71.19789399999999, 42.367480000000015], [-71.198649, 42.36739299999999], [-71.20109599999999, 42.36613599999999], [-71.20302699999999, 42.36577299999999], [-71.205023, 42.36571500000001], [-71.206321, 42.36461299999999], [-71.207466, 42.364159999999984], [-71.207948, 42.364176000000015], [-71.208922, 42.364536], [-71.210318, 42.364149999999995], [-71.211362, 42.364297], [-71.213326, 42.364896], [-71.214368, 42.36558100000002], [-71.214973, 42.365697999999995], [-71.21553399999999, 42.365608], [-71.216445, 42.365913], [-71.21709299999999, 42.36661399999999], [-71.25113200000001, 42.35653099999998], [-71.253068, 42.35570399999998], [-71.25350999999999, 42.354873000000005], [-71.254103, 42.35472], [-71.25568299999999, 42.353836], [-71.256466, 42.354031], [-71.25645999999999, 42.354816], [-71.260385, 42.35363299999999], [-71.25914500000002, 42.35172399999999], [-71.258686, 42.349484], [-71.259065, 42.348803], [-71.25988199999999, 42.348659999999995], [-71.260515, 42.348222000000014], [-71.26055699999999, 42.347938], [-71.260251, 42.347079000000015], [-71.25979099999999, 42.34650300000001], [-71.25974599999999, 42.345898], [-71.25985299999999, 42.34551900000001], [-71.261344, 42.344373000000004], [-71.261407, 42.343594], [-71.261884, 42.34186900000001], [-71.261344, 42.341239], [-71.260645, 42.34091999999999], [-71.2586, 42.341206], [-71.257082, 42.34073400000001], [-71.255873, 42.33996599999999], [-71.25573899999999, 42.339538999999995], [-71.25583, 42.338995999999995], [-71.256952, 42.337980999999985], [-71.258901, 42.33678999999999], [-71.25920099999999, 42.335685], [-71.260075, 42.334844], [-71.26122, 42.334605], [-71.263278, 42.334983], [-71.264455, 42.334604000000006], [-71.264802, 42.33417399999999], [-71.264884, 42.33330899999999], [-71.265393, 42.33300900000001], [-71.26518899999999, 42.332497], [-71.265225, 42.33193], [-71.26570099999999, 42.33131799999999], [-71.268183, 42.33057900000001], [-71.269767, 42.33118100000001], [-71.270246, 42.33098], [-71.270279, 42.330522], [-71.269763, 42.32976399999999], [-71.27028000000001, 42.328731000000005], [-71.269919, 42.32809599999999], [-71.293666, 42.322152], [-71.300102, 42.32039700000001], [-71.31158599999999, 42.31779900000001], [-71.319101, 42.31559700000002], [-71.327327, 42.313745999999995], [-71.32974999999999, 42.312991000000004], [-71.323662, 42.297415], [-71.30848399999999, 42.270793999999995], [-71.302922, 42.24827400000001], [-71.33249599999999, 42.249075000000005], [-71.33267599999999, 42.248449999999984], [-71.33243399999999, 42.247729000000014], [-71.332025, 42.247620000000005], [-71.33153899999999, 42.247115], [-71.330176, 42.24637300000001], [-71.32921999999999, 42.24530800000001], [-71.329776, 42.242823], [-71.33058, 42.24182299999998], [-71.331124, 42.23880199999999], [-71.330992, 42.23667000000002], [-71.329897, 42.234885], [-71.329561, 42.233670000000004], [-71.329802, 42.233168], [-71.330991, 42.231966], [-71.33390399999999, 42.230180000000004], [-71.334538, 42.229381999999994], [-71.33655399999999, 42.227643], [-71.338225, 42.226727999999994], [-71.340679, 42.224788999999994], [-71.341559, 42.22268899999998], [-71.341635, 42.22180100000001], [-71.342693, 42.22148599999999], [-71.34302, 42.22123199999999], [-71.34298000000001, 42.220039], [-71.342126, 42.219519], [-71.341071, 42.218126000000005], [-71.33963299999999, 42.217562], [-71.338683, 42.216778], [-71.338369, 42.21580999999998], [-71.33845699999999, 42.21518299999999], [-71.33945, 42.214099000000004], [-71.340171, 42.21384899999999], [-71.34111899999999, 42.214246], [-71.346076, 42.21552400000003], [-71.34698, 42.21555499999999], [-71.349023, 42.21454299999999], [-71.350387, 42.213522], [-71.351591, 42.211044], [-71.351657, 42.209832999999996], [-71.351434, 42.208997999999994], [-71.352054, 42.20770099999998], [-71.35186999999999, 42.207049999999995], [-71.35086600000001, 42.20600799999999], [-71.349338, 42.20507499999999], [-71.34803099999999, 42.204682999999996], [-71.34658, 42.20476599999999], [-71.34653000000002, 42.20417500000001], [-71.346847, 42.20371399999999], [-71.34642, 42.202932], [-71.345772, 42.202196], [-71.34417599999999, 42.201287], [-71.34416999999999, 42.200703000000004], [-71.361986, 42.195761000000005], [-71.378391, 42.193472], [-71.384756, 42.19203300000001], [-71.385244, 42.19180500000001], [-71.404381, 42.188215], [-71.40222, 42.178797999999986], [-71.415047, 42.178483], [-71.423326, 42.17798200000002], [-71.423598, 42.179258], [-71.430174, 42.179386], [-71.44406699999999, 42.17488900000001], [-71.463957, 42.158239], [-71.47274399999999, 42.15687299999999], [-71.47811899999999, 42.156782], [-71.478028, 42.165743000000006], [-71.492429, 42.16608600000001], [-71.497378, 42.166643000000015], [-71.50262599999999, 42.191416], [-71.496335, 42.195058], [-71.482345, 42.204035000000005], [-71.46027099999999, 42.216251], [-71.463692, 42.22614700000001], [-71.464381, 42.22728200000001], [-71.46716099999999, 42.23078699999999], [-71.475359, 42.22948499999999], [-71.486297, 42.23124999999998], [-71.486001, 42.24696], [-71.522757, 42.255207], [-71.522184, 42.266444000000014], [-71.52259099999999, 42.26641199999999], [-71.52333, 42.265944999999995], [-71.524661, 42.265834999999996], [-71.525508, 42.265901999999976], [-71.52654, 42.266333], [-71.52797, 42.26642400000001], [-71.53197999999999, 42.266127999999995], [-71.53514299999999, 42.265058999999994], [-71.537052, 42.264643000000014], [-71.53790599999999, 42.264615], [-71.53839099999999, 42.264203], [-71.539061, 42.263180000000006], [-71.53963, 42.262780000000014], [-71.540054, 42.262716], [-71.541223, 42.263334], [-71.5417, 42.26398099999997], [-71.54251599999999, 42.26408500000001], [-71.542993, 42.263917000000006], [-71.543716, 42.26398599999998], [-71.54417, 42.264448999999985], [-71.544131, 42.264714999999995], [-71.54437, 42.26485000000001], [-71.544624, 42.264847999999986], [-71.544901, 42.264514], [-71.545678, 42.264694], [-71.546078, 42.264906], [-71.545917, 42.26521999999999], [-71.54635499999999, 42.265422000000015], [-71.546601, 42.26550700000001], [-71.546971, 42.26526], [-71.547186, 42.26563299999997], [-71.547748, 42.265661000000016], [-71.54814, 42.26603099999999], [-71.548841, 42.265957], [-71.54946600000001, 42.266124], [-71.542937, 42.26718], [-71.542879, 42.26979899999998], [-71.579711, 42.305511], [-71.585168, 42.310977]]]}}, {"type": "Feature", "properties": {"district_name": "4th Congressional District", "chamber": "us-house", "vintage": "2012-2020", "url": "/district/us-house-4th-congressional-district-2012-2020/", "latest_year": 2020, "years": [{"year": 2020, "lean_dem_share": 0.6571, "competitiveness": "Safe", "competitiveness_label": "Safe D", "party_favored": "Democratic", "is_uncontested": false, "turnout_ratio": 0.9886, "winner_name": "Jake Auchincloss", "winner_party": "Democratic", "winner_war": -0.0176, "winner_lean_component": 0.328, "winner_tide_component": 0.0432, "winner_incumbency_adjustment": 0.0, "winner_demographics_component": null, "winner_fundraising_component": null}, {"year": 2018, "lean_dem_share": 0.3049, "competitiveness": "Safe", "competitiveness_label": "Safe R", "party_favored": "Republican", "is_uncontested": true, "turnout_ratio": 0.7921, "winner_name": "Joseph P. Kennedy, III", "winner_party": "Democratic", "winner_war": null, "winner_lean_component": 0.328, "winner_tide_component": 0.0214, "winner_incumbency_adjustment": 0.035, "winner_demographics_component": null, "winner_fundraising_component": null}, {"year": 2016, "lean_dem_share": 0.6281, "competitiveness": "Safe", "competitiveness_label": "Safe D", "party_favored": "Democratic", "is_uncontested": false, "turnout_ratio": 1.066, "winner_name": "Joseph P. Kennedy, III", "winner_party": "Democratic", "winner_war": 0.0405, "winner_lean_component": 0.328, "winner_tide_component": 0.0416, "winner_incumbency_adjustment": 0.035, "winner_demographics_component": null, "winner_fundraising_component": null}, {"year": 2014, "lean_dem_share": 0.4551, "competitiveness": "Lean", "competitiveness_label": "Lean R", "party_favored": "Republican", "is_uncontested": true, "turnout_ratio": 0.7725, "winner_name": "Joseph P. Kennedy, III", "winner_party": "Democratic", "winner_war": null, "winner_lean_component": 0.328, "winner_tide_component": 0.0316, "winner_incumbency_adjustment": 0.035, "winner_demographics_component": null, "winner_fundraising_component": null}, {"year": 2012, "lean_dem_share": 0.5792, "competitiveness": "Likely", "competitiveness_label": "Likely D", "party_favored": "Democratic", "is_uncontested": false, "turnout_ratio": 0.9759, "winner_name": "Joseph P. Kennedy, III", "winner_party": "Democratic", "winner_war": 0.0059, "winner_lean_component": 0.328, "winner_tide_component": 0.0398, "winner_incumbency_adjustment": 0.0, "winner_demographics_component": null, "winner_fundraising_component": null}], "lean_dem_share": 0.6571, "competitiveness": "Safe", "competitiveness_label": "Safe D", "party_favored": "Democratic", "is_uncontested": false, "turnout_ratio": 0.9886, "winner_name": "Jake Auchincloss", "winner_party": "Democratic", "winner_war": -0.0176, "winner_lean_component": 0.328, "winner_tide_component": 0.0432, "winner_incumbency_adjustment": 0.0, "winner_demographics_component": null, "winner_fundraising_component": null}, "geometry": {"type": "Polygon", "coordinates": [[[-71.602221, 42.218101], [-71.586759, 42.25954500000002], [-71.564917, 42.26689400000001], [-71.56219399999999, 42.267651], [-71.56058399999999, 42.267864], [-71.55983499999999, 42.267582999999995], [-71.559483, 42.267754999999994], [-71.55872099999999, 42.267803000000036], [-71.558506, 42.26749699999999], [-71.558122, 42.267407], [-71.557113, 42.26780300000002], [-71.556859, 42.26807899999999], [-71.555605, 42.267855], [-71.55545099999999, 42.267587999999996], [-71.554596, 42.267805], [-71.552903, 42.267604], [-71.55222599999999, 42.267312999999994], [-71.55176300000001, 42.26635799999999], [-71.55148799999999, 42.266234000000004], [-71.550755, 42.26625500000001], [-71.55011499999999, 42.266023], [-71.54814, 42.26603099999999], [-71.547748, 42.265661000000016], [-71.547186, 42.26563299999997], [-71.546971, 42.26526], [-71.546601, 42.26550700000001], [-71.545917, 42.26521999999999], [-71.546078, 42.264906], [-71.545994, 42.26478200000001], [-71.544901, 42.264514], [-71.544624, 42.264847999999986], [-71.54437, 42.26485000000001], [-71.544131, 42.264714999999995], [-71.54417, 42.264448999999985], [-71.543716, 42.26398599999998], [-71.542993, 42.263917000000006], [-71.54251599999999, 42.26408500000001], [-71.5417, 42.26398099999997], [-71.541223, 42.263334], [-71.540054, 42.262716], [-71.53963, 42.262780000000014], [-71.539061, 42.263180000000006], [-71.53839099999999, 42.264203], [-71.53790599999999, 42.264615], [-71.537052, 42.264643000000014], [-71.53514299999999, 42.265058999999994], [-71.53197999999999, 42.266127999999995], [-71.52797, 42.26642400000001], [-71.52654, 42.266333], [-71.525508, 42.265901999999976], [-71.524661, 42.265834999999996], [-71.52333, 42.265944999999995], [-71.52259099999999, 42.26641199999999], [-71.522184, 42.266444000000014], [-71.522757, 42.255207], [-71.486001, 42.24696], [-71.486297, 42.23124999999998], [-71.475359, 42.22948499999999], [-71.46716099999999, 42.23078699999999], [-71.463951, 42.226645], [-71.46027099999999, 42.216251], [-71.482345, 42.204035000000005], [-71.496335, 42.195058], [-71.50262599999999, 42.191416], [-71.497378, 42.166643000000015], [-71.492429, 42.16608600000001], [-71.478028, 42.165743000000006], [-71.47811899999999, 42.156782], [-71.47274399999999, 42.15687299999999], [-71.463957, 42.158239], [-71.44406699999999, 42.17488900000001], [-71.430174, 42.179386], [-71.423598, 42.179258], [-71.423326, 42.17798200000002], [-71.415047, 42.178483], [-71.40222, 42.178797999999986], [-71.404381, 42.188215], [-71.385244, 42.19180500000001], [-71.384756, 42.19203300000001], [-71.378391, 42.193472], [-71.361986, 42.195761000000005], [-71.34416999999999, 42.200703000000004], [-71.34417599999999, 42.201287], [-71.345772, 42.202196], [-71.34642, 42.202932], [-71.346847, 42.20371399999999], [-71.34653000000002, 42.20417500000001], [-71.34658, 42.20476599999999], [-71.34803099999999, 42.204682999999996], [-71.349338, 42.20507499999999], [-71.35086600000001, 42.20600799999999], [-71.35186999999999, 42.207049999999995], [-71.352054, 42.20770099999998], [-71.351434, 42.208997999999994], [-71.351657, 42.209832999999996], [-71.351591, 42.211044], [-71.350387, 42.213522], [-71.349023, 42.21454299999999], [-71.34698, 42.21555499999999], [-71.346076, 42.21552400000003], [-71.34111899999999, 42.214246], [-71.340171, 42.21384899999999], [-71.33945, 42.214099000000004], [-71.33845699999999, 42.21518299999999], [-71.338369, 42.21580999999998], [-71.338683, 42.216778], [-71.33963299999999, 42.217562], [-71.341071, 42.218126000000005], [-71.342126, 42.219519], [-71.34298000000001, 42.220039], [-71.34302, 42.22123199999999], [-71.342693, 42.22148599999999], [-71.341635, 42.22180100000001], [-71.341559, 42.22268899999998], [-71.340679, 42.224788999999994], [-71.338225, 42.226727999999994], [-71.33655399999999, 42.227643], [-71.334538, 42.229381999999994], [-71.33390399999999, 42.230180000000004], [-71.330991, 42.231966], [-71.329802, 42.233168], [-71.329561, 42.233670000000004], [-71.329897, 42.234885], [-71.330992, 42.23667000000002], [-71.331124, 42.23880199999999], [-71.33058, 42.24182299999998], [-71.329776, 42.242823], [-71.32921999999999, 42.24530800000001], [-71.330176, 42.24637300000001], [-71.33153899999999, 42.247115], [-71.332025, 42.247620000000005], [-71.33243399999999, 42.247729000000014], [-71.33267599999999, 42.248449999999984], [-71.33249599999999, 42.249075000000005], [-71.302922, 42.24827400000001], [-71.30848399999999, 42.270793999999995], [-71.323662, 42.297415], [-71.32974999999999, 42.312991000000004], [-71.327327, 42.313745999999995], [-71.319101, 42.31559700000002], [-71.31158599999999, 42.31779900000001], [-71.300102, 42.32039700000001], [-71.293666, 42.322152], [-71.269919, 42.32809599999999], [-71.27028000000001, 42.328731000000005], [-71.269763, 42.32976399999999], [-71.270279, 42.330522], [-71.270246, 42.33098], [-71.269767, 42.33118100000001], [-71.268183, 42.33057900000001], [-71.26570099999999, 42.33131799999999], [-71.265225, 42.33193], [-71.26518899999999, 42.332497], [-71.265393, 42.33300900000001], [-71.264884, 42.33330899999999], [-71.264802, 42.33417399999999], [-71.264455, 42.334604000000006], [-71.263278, 42.334983], [-71.26122, 42.334605], [-71.260075, 42.334844], [-71.25920099999999, 42.335685], [-71.258901, 42.33678999999999], [-71.256952, 42.337980999999985], [-71.25583, 42.338995999999995], [-71.25573899999999, 42.339538999999995], [-71.255873, 42.33996599999999], [-71.257082, 42.34073400000001], [-71.2586, 42.341206], [-71.260645, 42.34091999999999], [-71.261344, 42.341239], [-71.261884, 42.34186900000001], [-71.261407, 42.343594], [-71.261344, 42.344373000000004], [-71.25985299999999, 42.34551900000001], [-71.25974599999999, 42.345898], [-71.25979099999999, 42.34650300000001], [-71.260251, 42.347079000000015], [-71.26055699999999, 42.347938], [-71.260515, 42.348222000000014], [-71.25988199999999, 42.348659999999995], [-71.259065, 42.348803], [-71.258686, 42.349484], [-71.25914500000002, 42.35172399999999], [-71.260385, 42.35363299999999], [-71.25645999999999, 42.354816], [-71.256466, 42.354031], [-71.25568299999999, 42.353836], [-71.254103, 42.35472], [-71.25350999999999, 42.354873000000005], [-71.253068, 42.35570399999998], [-71.25113200000001, 42.35653099999998], [-71.21709299999999, 42.36661399999999], [-71.216445, 42.365913], [-71.21553399999999, 42.365608], [-71.214973, 42.365697999999995], [-71.214368, 42.36558100000002], [-71.213326, 42.364896], [-71.211362, 42.364297], [-71.210318, 42.364149999999995], [-71.208922, 42.364536], [-71.207948, 42.364176000000015], [-71.207466, 42.364159999999984], [-71.206321, 42.36461299999999], [-71.205023, 42.36571500000001], [-71.20302699999999, 42.36577299999999], [-71.20109599999999, 42.36613599999999], [-71.198649, 42.36739299999999], [-71.19789399999999, 42.367480000000015], [-71.197234, 42.367123000000014], [-71.196805, 42.36711000000001], [-71.195821, 42.36782100000001], [-71.195301, 42.367872999999996], [-71.195061, 42.367702000000016], [-71.194865, 42.36715799999999], [-71.19348099999999, 42.36656], [-71.192101, 42.365505999999996], [-71.196058, 42.361747], [-71.18368, 42.358829], [-71.182042, 42.36080600000001], [-71.178845, 42.35978], [-71.17485599999999, 42.35926799999999], [-71.17232899999999, 42.359414999999984], [-71.169506, 42.36019], [-71.167625, 42.360073000000014], [-71.16999899999999, 42.357397000000006], [-71.17119799999999, 42.356396], [-71.172798, 42.35469599999999], [-71.173997, 42.353195], [-71.17479800000001, 42.35079599999998], [-71.17479800000001, 42.35026500000001], [-71.16668299999999, 42.340104000000004], [-71.166808, 42.33928999999997], [-71.168633, 42.338629], [-71.169217, 42.33806800000001], [-71.168886, 42.33582599999999], [-71.16857, 42.335143], [-71.168191, 42.33479100000001], [-71.167565, 42.333441], [-71.16273199999999, 42.33396099999999], [-71.161295, 42.33378299999999], [-71.159325, 42.332767999999994], [-71.15683299999999, 42.33018899999999], [-71.14979699999999, 42.334497000000006], [-71.14999, 42.33449599999999], [-71.150498, 42.334996], [-71.15006, 42.335386], [-71.148398, 42.33579800000002], [-71.148769, 42.336777000000005], [-71.146197, 42.33739800000001], [-71.146597, 42.33849699999999], [-71.14421200000001, 42.34002199999999], [-71.141939, 42.340008], [-71.141302, 42.341072999999994], [-71.135278, 42.345940999999996], [-71.133381, 42.347122000000006], [-71.12928099999999, 42.34906699999999], [-71.12858299999999, 42.349833000000004], [-71.126854, 42.35008799999999], [-71.12421599999999, 42.35152499999999], [-71.123434, 42.35144899999999], [-71.12242599999999, 42.35180999999997], [-71.10656999999999, 42.349912], [-71.107185, 42.34701099999997], [-71.105697, 42.343994999999985], [-71.108412, 42.341888], [-71.110637, 42.34041000000001], [-71.111584, 42.33764800000001], [-71.111378, 42.33688300000001], [-71.11165199999999, 42.336696], [-71.11145599999999, 42.335898], [-71.110693, 42.335324], [-71.11237899999999, 42.33373599999997], [-71.113162, 42.33257499999999], [-71.113784, 42.33059600000001], [-71.114775, 42.328987999999995], [-71.11471499999999, 42.32856100000001], [-71.114869, 42.328472999999995], [-71.114992, 42.32861900000001], [-71.115116, 42.328427999999995], [-71.11501299999999, 42.32815899999999], [-71.115303, 42.32785700000004], [-71.115304, 42.32723999999998], [-71.115597, 42.326859999999996], [-71.116608, 42.32394999999998], [-71.11736499999999, 42.32359500000001], [-71.118507, 42.323357999999985], [-71.11887, 42.322858], [-71.119436, 42.322735], [-71.12011199999999, 42.32283499999998], [-71.121528, 42.323882], [-71.12336700000002, 42.32257099999998], [-71.123711, 42.32271600000002], [-71.124269, 42.321856], [-71.127096, 42.31849700000001], [-71.13079499999999, 42.31449699999999], [-71.13650200000001, 42.306204], [-71.140096, 42.30217300000001], [-71.146883, 42.29728], [-71.15219499999999, 42.294597], [-71.153196, 42.295498], [-71.156802, 42.29789600000001], [-71.15683899999999, 42.298058000000005], [-71.16150999999999, 42.30149399999999], [-71.164804, 42.303763999999994], [-71.178636, 42.29459500000001], [-71.191155, 42.283058999999994], [-71.190681, 42.28184600000001], [-71.18816699999999, 42.280412000000005], [-71.18930499999999, 42.279197], [-71.190202, 42.277797], [-71.197011, 42.26896500000001], [-71.198791, 42.268431], [-71.199089, 42.268114999999995], [-71.200007, 42.267725999999996], [-71.205035, 42.267138], [-71.205975, 42.26761200000001], [-71.208049, 42.26785100000001], [-71.209262, 42.267514000000006], [-71.211174, 42.267298000000004], [-71.2151, 42.267854], [-71.216754, 42.268519999999995], [-71.21798, 42.268708000000004], [-71.218311, 42.26845799999999], [-71.21812299999999, 42.267665], [-71.21867499999999, 42.265387000000004], [-71.219875, 42.263532000000005], [-71.221567, 42.26342700000001], [-71.222488, 42.262881], [-71.223188, 42.26269699999999], [-71.22429, 42.26318099999999], [-71.22565600000001, 42.26413300000001], [-71.227284, 42.263909000000005], [-71.228685, 42.264309], [-71.229455, 42.263906999999996], [-71.230626, 42.26086599999998], [-71.232404, 42.25847699999999], [-71.232237, 42.256898], [-71.25141599999999, 42.202613], [-71.25412399999999, 42.2028], [-71.25640299999999, 42.203672000000005], [-71.258194, 42.204071], [-71.258263, 42.20391000000001], [-71.25979099999999, 42.204115000000016], [-71.26105500000001, 42.204096], [-71.263711, 42.203328000000006], [-71.267523, 42.200938999999984], [-71.26956899999999, 42.20049899999999], [-71.275671, 42.18166700000001], [-71.275025, 42.148622999999986], [-71.30375099999999, 42.14949999999999], [-71.303566, 42.148693], [-71.30322699999999, 42.148669000000005], [-71.303225, 42.14843800000001], [-71.302846, 42.14846300000001], [-71.302652, 42.148635000000006], [-71.30260299999999, 42.14897799999999], [-71.30234000000002, 42.149026], [-71.302202, 42.14865099999999], [-71.30196699999999, 42.148572], [-71.301965, 42.148165999999996], [-71.301282, 42.148253000000004], [-71.300817, 42.14809099999997], [-71.300853, 42.147532], [-71.30042999999999, 42.147444000000014], [-71.300118, 42.147175999999995], [-71.30044099999999, 42.14692900000001], [-71.300302, 42.14658199999999], [-71.30067799999999, 42.14625100000001], [-71.300275, 42.146039], [-71.300118, 42.14573100000001], [-71.300696, 42.14506799999997], [-71.30035099999999, 42.14472099999999], [-71.300386, 42.14433799999999], [-71.29987799999999, 42.144072999999985], [-71.29984999999999, 42.143761999999974], [-71.300443, 42.143138], [-71.300506, 42.142874], [-71.30022799999999, 42.142695], [-71.300263, 42.14234799999999], [-71.300005, 42.14198699999999], [-71.29940599999999, 42.141771000000006], [-71.299416, 42.14141399999998], [-71.299724, 42.141226], [-71.29972099999999, 42.140854], [-71.299193, 42.140677999999994], [-71.298947, 42.140420000000006], [-71.299194, 42.13952699999999], [-71.29909300000001, 42.13886300000002], [-71.29959699999999, 42.13881700000001], [-71.299747, 42.138495999999996], [-71.30032299999999, 42.138658], [-71.300585, 42.138315], [-71.30060600000002, 42.137923000000015], [-71.301249, 42.137716000000005], [-71.301271, 42.13723900000001], [-71.301885, 42.13713199999999], [-71.302155, 42.136838], [-71.30165699999999, 42.136631999999985], [-71.29991199999999, 42.12940899999999], [-71.29894, 42.1265], [-71.300223, 42.12591], [-71.29715399999999, 42.12050899999999], [-71.295901, 42.116614], [-71.28026799999999, 42.08849199999998], [-71.27173599999999, 42.09844499999999], [-71.255347, 42.10413099999999], [-71.25330199999999, 42.105343999999995], [-71.238829, 42.10640800000001], [-71.238942, 42.10688599999999], [-71.23869499999999, 42.10952999999999], [-71.238917, 42.112220000000015], [-71.238241, 42.113018], [-71.238547, 42.114161], [-71.23919099999999, 42.115134], [-71.239329, 42.115969], [-71.239175, 42.116823], [-71.238914, 42.11703099999998], [-71.238621, 42.117784], [-71.238944, 42.118114999999996], [-71.238912, 42.11845799999998], [-71.239081, 42.11867600000001], [-71.23900400000001, 42.119078], [-71.239403, 42.120061], [-71.240093, 42.12078099999999], [-71.239187, 42.12096100000002], [-71.238818, 42.12128299999999], [-71.238112, 42.12140499999999], [-71.23767, 42.121998000000005], [-71.237842, 42.122214000000014], [-71.23778, 42.122420000000005], [-71.23627100000002, 42.12228500000001], [-71.233293, 42.12341200000001], [-71.23316799999999, 42.12300099999999], [-71.231098, 42.123298000000005], [-71.233307, 42.125958999999995], [-71.233475, 42.128569], [-71.232201, 42.13059399999999], [-71.231945, 42.13150699999999], [-71.23088899999999, 42.131935999999996], [-71.23024699999999, 42.132720999999975], [-71.22971199999999, 42.13300199999999], [-71.229074, 42.132966999999994], [-71.228068, 42.13330000000001], [-71.225989, 42.13540499999999], [-71.186885, 42.153264000000014], [-71.188627, 42.16081600000001], [-71.186511, 42.161676], [-71.185347, 42.162436], [-71.183459, 42.162855000000015], [-71.182676, 42.163095000000006], [-71.182536, 42.163320999999996], [-71.181877, 42.16345500000003], [-71.18149199999999, 42.165012], [-71.18093999999999, 42.16552099999999], [-71.180189, 42.16561000000001], [-71.179799, 42.165050000000015], [-71.17926100000001, 42.16511900000001], [-71.17903199999999, 42.16534800000001], [-71.179256, 42.16588699999999], [-71.178624, 42.165935], [-71.178494, 42.165809], [-71.178381, 42.16454399999999], [-71.17801299999999, 42.16396099999999], [-71.175759, 42.155595], [-71.176298, 42.155302], [-71.17163500000001, 42.151324999999986], [-71.162198, 42.145279], [-71.16354199999999, 42.141456999999996], [-71.149154, 42.13864099999999], [-71.150078, 42.13656499999998], [-71.150165, 42.13585299999998], [-71.149757, 42.133631], [-71.14854199999999, 42.131160999999985], [-71.14845600000001, 42.12874900000001], [-71.14815399999999, 42.12802299999999], [-71.147209, 42.12655600000001], [-71.145906, 42.12527299999999], [-71.142529, 42.12298900000001], [-71.139102, 42.120235], [-71.138604, 42.119546], [-71.136462, 42.11530600000002], [-71.135774, 42.113489999999985], [-71.133977, 42.11174099999999], [-71.13349099999999, 42.110989000000004], [-71.133021, 42.10936], [-71.13202799999999, 42.10749999999999], [-71.131739, 42.106548000000004], [-71.131596, 42.105500000000006], [-71.13168, 42.10419], [-71.13113, 42.10179000000001], [-71.13139199999999, 42.100478], [-71.1324, 42.09893000000001], [-71.13311999999999, 42.09681000000001], [-71.13377, 42.09579], [-71.13526, 42.09255999999999], [-71.13581, 42.09082000000002], [-71.13665999999999, 42.089649999999985], [-71.13766, 42.08865000000001], [-71.13837, 42.086780000000005], [-71.139428, 42.08486999999999], [-71.13933999999999, 42.08452], [-71.138728, 42.08368600000001], [-71.1388, 42.08311], [-71.13941299999999, 42.082044], [-71.139592, 42.08127799999998], [-71.13941, 42.07976000000002], [-71.13946899999999, 42.07829399999999], [-71.139001, 42.07715], [-71.13846199999999, 42.076560000000015], [-71.13902, 42.074831], [-71.13861899999999, 42.07281300000001], [-71.098991, 42.08820000000001], [-71.080192, 42.09569899999998], [-71.080483, 42.095539], [-71.073791, 42.067198999999995], [-71.06949, 42.049700000000016], [-71.069026, 42.04705999999998], [-71.06779, 42.04250000000002], [-71.06769, 42.04110000000001], [-71.054718, 41.985057000000005], [-71.08716, 41.99084599999999], [-71.08533100000001, 41.98234300000001], [-71.083182, 41.98028800000001], [-71.082438, 41.979891], [-71.08066, 41.977299000000016], [-71.080398, 41.975455000000004], [-71.08108299999999, 41.972235999999995], [-71.083106, 41.96888899999997], [-71.083764, 41.96561700000001], [-71.081206, 41.961228], [-71.080523, 41.959556], [-71.08367199999999, 41.954456000000015], [-71.085589, 41.949934], [-71.085905, 41.94758699999999], [-71.086275, 41.94625099999999], [-71.088841, 41.94347599999999], [-71.089181, 41.942934], [-71.08549, 41.941743], [-71.075073, 41.94698900000003], [-71.074264, 41.94779], [-71.073919, 41.948429], [-71.07350799999999, 41.954854000000005], [-71.070324, 41.954069], [-71.070909, 41.95227799999999], [-71.07289399999999, 41.94899499999999], [-71.067717, 41.94721699999998], [-71.064835, 41.94669700000001], [-71.060862, 41.94532200000001], [-71.059535, 41.944756000000005], [-71.056722, 41.943101999999996], [-71.053972, 41.94100599999999], [-71.053141, 41.94011400000001], [-71.051243, 41.93510099999998], [-71.051081, 41.93382899999998], [-71.049999, 41.93374399999999], [-71.04718, 41.933929], [-71.046191, 41.93616200000001], [-71.040948, 41.93508100000001], [-71.038933, 41.938899], [-71.037486, 41.93845699999999], [-71.038703, 41.93614800000001], [-71.038809, 41.935646000000006], [-71.038425, 41.935027], [-71.036997, 41.934228000000004], [-71.037753, 41.93346299999999], [-71.037153, 41.93225799999998], [-71.036036, 41.933088999999995], [-71.03170399999999, 41.93072499999999], [-71.03215, 41.93021099999999], [-71.033716, 41.92754800000001], [-71.03451, 41.926754], [-71.033542, 41.92614199999999], [-71.035648, 41.923657], [-71.03338099999999, 41.923058999999995], [-71.028278, 41.922536999999984], [-71.027171, 41.922662], [-71.02517, 41.92322599999999], [-71.021672, 41.923474000000006], [-71.01883699999999, 41.924260000000004], [-71.016369, 41.920366], [-71.01568499999999, 41.917722999999995], [-71.01334, 41.91323799999999], [-71.013459, 41.91082099999999], [-71.012449, 41.908567], [-71.01118799999999, 41.90700099999997], [-71.01042600000001, 41.907202999999974], [-71.006978, 41.908953], [-71.005709, 41.90938], [-71.00478, 41.910262], [-71.004629, 41.910582999999995], [-71.00462499999999, 41.911311], [-71.005437, 41.913693], [-71.00536799999999, 41.914753000000005], [-71.003484, 41.917362999999995], [-71.001003, 41.917673], [-71.001089, 41.91880599999999], [-71.000303, 41.91888600000001], [-70.999888, 41.918637], [-70.998995, 41.918693000000005], [-70.997494, 41.91844], [-70.997447, 41.91734599999998], [-70.997151, 41.91648699999997], [-70.996856, 41.915983], [-70.995773, 41.915046999999994], [-70.994985, 41.91482200000001], [-70.994176, 41.914804999999994], [-70.994, 41.914979], [-70.993869, 41.91574700000001], [-70.993414, 41.91608799999998], [-70.992075, 41.915715], [-70.99179400000001, 41.914950000000005], [-70.99137499999999, 41.912183000000006], [-70.99092999999999, 41.91048400000001], [-70.99105899999999, 41.908936999999995], [-70.9916, 41.907608999999994], [-70.992231, 41.906994000000005], [-70.993524, 41.90622], [-70.99421199999999, 41.90503699999999], [-70.995481, 41.90406499999996], [-70.995972, 41.90325999999999], [-70.995526, 41.903853999999995], [-70.99430000000002, 41.904807000000005], [-70.993475, 41.906179000000016], [-70.993168, 41.906358], [-70.992864, 41.906438], [-70.99195, 41.906094], [-70.99148, 41.90631399999999], [-70.991289, 41.90658699999998], [-70.99059799999999, 41.90673000000001], [-70.990157, 41.90640400000001], [-70.99001, 41.906609], [-70.989745, 41.906555000000004], [-70.989479, 41.906119], [-70.98899399999999, 41.905843], [-70.987596, 41.90574600000001], [-70.985716, 41.90692199999999], [-70.985225, 41.907488999999984], [-70.984894, 41.90747300000001], [-70.984157, 41.906561999999994], [-70.983671, 41.906399], [-70.983494, 41.906015000000004], [-70.98234599999999, 41.905750999999974], [-70.98183, 41.905314], [-70.981301, 41.90517500000001], [-70.980121, 41.90359199999998], [-70.97964999999999, 41.903542], [-70.978828, 41.903871], [-70.97843, 41.903684], [-70.977797, 41.903046999999994], [-70.977825, 41.90271799999999], [-70.977531, 41.902642], [-70.977457, 41.90229199999999], [-70.976661, 41.90157999999999], [-70.976661, 41.901382000000005], [-70.976308, 41.90118600000002], [-70.97577799999999, 41.901306999999996], [-70.975146, 41.901188000000005], [-70.97483799999999, 41.901351], [-70.974396, 41.90110200000001], [-70.972779, 41.901256000000004], [-70.971544, 41.901597], [-70.96838199999999, 41.90117300000001], [-70.96602, 41.900411999999996], [-70.964633, 41.899529], [-70.963911, 41.898134000000006], [-70.963275, 41.896377], [-70.91920499999999, 41.87902299999999], [-70.91637399999999, 41.876852], [-70.916555, 41.876512999999996], [-70.916151, 41.875240999999995], [-70.91645199999999, 41.872471], [-70.91626099999999, 41.872294], [-70.91492199999999, 41.872065000000006], [-70.914258, 41.87126099999998], [-70.913352, 41.87060899999997], [-70.913231, 41.87031], [-70.913437, 41.86976900000002], [-70.914624, 41.86904500000001], [-70.91492, 41.868431], [-70.915205, 41.86819199999999], [-70.916523, 41.86757100000003], [-70.916758, 41.867305999999985], [-70.916769, 41.867039999999996], [-70.916544, 41.86672799999999], [-70.915306, 41.866046000000004], [-70.91601, 41.86552599999998], [-70.915829, 41.86529899999999], [-70.915139, 41.865171000000004], [-70.914896, 41.86497200000001], [-70.91541500000001, 41.86417999999999], [-70.915043, 41.86393], [-70.914687, 41.86333199999999], [-70.914737, 41.862745999999994], [-70.91458999999999, 41.86222600000001], [-70.914003, 41.861835000000006], [-70.91300799999999, 41.86183800000001], [-70.912908, 41.861543000000005], [-70.91337399999999, 41.860575999999995], [-70.914185, 41.86034199999998], [-70.91427399999999, 41.859587999999995], [-70.9162, 41.859754], [-70.917523, 41.858650999999995], [-70.917239, 41.85790399999999], [-70.916799, 41.85742500000001], [-70.916754, 41.85706100000001], [-70.91710599999999, 41.85629400000002], [-70.91716699999999, 41.855536], [-70.9186, 41.853018], [-70.918689, 41.85204200000001], [-70.91511299999999, 41.848834999999994], [-70.910984, 41.844686], [-70.893973, 41.828881], [-70.893454, 41.82790100000001], [-70.893777, 41.82659100000002], [-70.89864399999999, 41.81487700000002], [-70.896053, 41.79437500000002], [-70.921792, 41.79126399999999], [-70.92158599999999, 41.79086999999999], [-70.921708, 41.790853999999996], [-70.915095, 41.77874699999999], [-70.907184, 41.76354299999999], [-70.926104, 41.758907000000015], [-70.92605999999999, 41.758608], [-70.926309, 41.75843199999999], [-70.926424, 41.75761700000001], [-70.926146, 41.757017000000005], [-70.925292, 41.75659500000001], [-70.924913, 41.75658999999998], [-70.92488999999999, 41.756303], [-70.924611, 41.75624799999999], [-70.92455, 41.75602800000001], [-70.924052, 41.75565499999999], [-70.923552, 41.755548], [-70.923444, 41.755719000000006], [-70.92322, 41.75565199999999], [-70.92308, 41.755355], [-70.922696, 41.755358], [-70.92273899999999, 41.75508300000001], [-70.92249799999999, 41.755122], [-70.92232, 41.754799999999996], [-70.943305, 41.74451499999999], [-71.011896, 41.711777999999995], [-71.009537, 41.74619200000001], [-71.072032, 41.75749300000001], [-71.07285399999999, 41.754334], [-71.073829, 41.752019000000004], [-71.074921, 41.748386], [-71.075073, 41.744797999999996], [-71.075682, 41.74228599999999], [-71.075955, 41.741616999999984], [-71.077297, 41.740066000000006], [-71.07848299999999, 41.73963899999999], [-71.084791, 41.73919900000001], [-71.085909, 41.73896400000001], [-71.09016199999999, 41.735586999999995], [-71.09020799999999, 41.73521500000001], [-71.092581, 41.735822999999996], [-71.095646, 41.73621099999998], [-71.09799699999999, 41.736763], [-71.09978199999999, 41.73671], [-71.10161699999999, 41.73606899999999], [-71.101522, 41.735090000000014], [-71.101697, 41.733833], [-71.101998, 41.73391000000001], [-71.102766, 41.732866], [-71.103044, 41.731747], [-71.103593, 41.73082400000001], [-71.103504, 41.72977000000001], [-71.103174, 41.729182999999985], [-71.103606, 41.728502999999996], [-71.104558, 41.727683999999996], [-71.104191, 41.72726199999997], [-71.10394099999999, 41.726487999999996], [-71.104571, 41.725719], [-71.104578, 41.725516000000006], [-71.104226, 41.724781], [-71.103647, 41.72425400000001], [-71.104708, 41.723194], [-71.10560199999999, 41.72310600000001], [-71.106049, 41.72269999999999], [-71.105997, 41.72247499999999], [-71.105448, 41.72268899999999], [-71.105301, 41.722558], [-71.105741, 41.722102], [-71.105798, 41.721114], [-71.107036, 41.720366999999996], [-71.10663199999999, 41.719516000000006], [-71.107108, 41.71908199999999], [-71.107415, 41.71845099999999], [-71.107452, 41.717979], [-71.108696, 41.71701300000001], [-71.10881300000001, 41.716239], [-71.108395, 41.715844000000004], [-71.108263, 41.71537200000001], [-71.108554, 41.713044000000004], [-71.10886099999999, 41.71256700000001], [-71.109565, 41.712230999999996], [-71.109897, 41.709754000000004], [-71.110905, 41.707], [-71.118336, 41.70822299999999], [-71.118762, 41.707905999999994], [-71.11900299999999, 41.70723699999998], [-71.119266, 41.707956999999986], [-71.122907, 41.69592299999999], [-71.13103699999999, 41.697424], [-71.13101999999999, 41.696870000000004], [-71.133065, 41.69677799999998], [-71.133157, 41.697834], [-71.135466, 41.69827000000001], [-71.135695, 41.69785399999999], [-71.135598, 41.696421000000015], [-71.13663199999999, 41.69644900000001], [-71.137283, 41.696650999999996], [-71.137123, 41.697339], [-71.13768499999999, 41.697435000000006], [-71.13788699999999, 41.69676200000001], [-71.139622, 41.697072999999996], [-71.14169, 41.69712100000001], [-71.141668, 41.696372000000004], [-71.14689299999999, 41.698817], [-71.15302, 41.69999699999998], [-71.15328, 41.699868999999985], [-71.15081099999999, 41.69735899999999], [-71.14988, 41.696614000000004], [-71.152217, 41.69536699999997], [-71.15659699999999, 41.697506000000004], [-71.1584, 41.698087], [-71.158898, 41.698471], [-71.16180899999999, 41.69893600000001], [-71.162533, 41.69628199999996], [-71.164632, 41.696636], [-71.163612, 41.700268], [-71.165308, 41.700567], [-71.16582300000002, 41.700365999999995], [-71.165887, 41.70058799999999], [-71.164553, 41.70207599999999], [-71.163088, 41.70432199999999], [-71.16266399999999, 41.70452800000002], [-71.161377, 41.70435500000001], [-71.168431, 41.708337], [-71.17419000000001, 41.70220199999999], [-71.18979, 41.691502], [-71.19619, 41.68630200000001], [-71.201162, 41.681909], [-71.222471, 41.707679], [-71.226218, 41.71251199999999], [-71.249492, 41.738572999999995], [-71.260982, 41.752118], [-71.306279, 41.771266], [-71.30887899999999, 41.772079999999995], [-71.310366, 41.77299400000001], [-71.31777, 41.77611300000001], [-71.321596, 41.777901], [-71.32649599999999, 41.779801], [-71.328639, 41.78087199999998], [-71.32909599999999, 41.782719000000014], [-71.329315, 41.782593], [-71.32941799999999, 41.781884000000005], [-71.329582, 41.781836000000006], [-71.329803, 41.782038], [-71.32989599999999, 41.78262600000001], [-71.329663, 41.783077000000006], [-71.329854, 41.783406], [-71.329869, 41.784315], [-71.330232, 41.78471799999999], [-71.33039099999999, 41.785381000000015], [-71.329627, 41.787018], [-71.329652, 41.78773799999999], [-71.329432, 41.78827400000001], [-71.329681, 41.788498000000004], [-71.330415, 41.78865399999999], [-71.330235, 41.78888299999999], [-71.33051, 41.789125000000006], [-71.33089199999999, 41.789136000000006], [-71.330922, 41.789594], [-71.33125199999999, 41.789394], [-71.33236699999999, 41.790141], [-71.332448, 41.790476999999996], [-71.331803, 41.79093199999999], [-71.332199, 41.79105899999999], [-71.332448, 41.791436999999995], [-71.33304199999999, 41.791722], [-71.332602, 41.792046], [-71.33294, 41.792309], [-71.33272, 41.79253899999999], [-71.33305, 41.79268100000001], [-71.332771, 41.793077999999994], [-71.333395, 41.793119000000004], [-71.333754, 41.7939], [-71.33403299999999, 41.794011999999995], [-71.33429, 41.79439399999998], [-71.334136, 41.794653], [-71.335053, 41.79511699999999], [-71.336666, 41.795151000000004], [-71.337972, 41.79578700000001], [-71.339461, 41.79603999999999], [-71.339593, 41.796434], [-71.34043, 41.79719599999999], [-71.340305, 41.79776100000001], [-71.34119299999999, 41.798233999999994], [-71.341245, 41.79847999999998], [-71.34079, 41.799155999999975], [-71.341098, 41.799469999999985], [-71.341297, 41.800344], [-71.341048, 41.80118599999999], [-71.34066, 41.80164400000001], [-71.34089399999999, 41.802108000000004], [-71.340616, 41.802834000000004], [-71.34024900000001, 41.803161], [-71.33980199999999, 41.80420600000001], [-71.339568, 41.805004000000004], [-71.33979599999999, 41.805566000000006], [-71.338897, 41.80830000000001], [-71.339897, 41.810399999999994], [-71.347197, 41.82310099999999], [-71.34669699999999, 41.82390000000001], [-71.346497, 41.82469999999999], [-71.344897, 41.82799999999999], [-71.342997, 41.82930000000002], [-71.34199699999999, 41.830200000000005], [-71.341197, 41.830600000000004], [-71.340696, 41.831202], [-71.33774199999999, 41.833635], [-71.335197, 41.83549999999999], [-71.340899, 41.842502], [-71.342198, 41.84430000000002], [-71.342098, 41.845200000000006], [-71.341298, 41.847100000000005], [-71.340597, 41.84860000000001], [-71.34029699999999, 41.84890000000001], [-71.337395, 41.85500100000001], [-71.337397, 41.85549999999999], [-71.333997, 41.862300000000005], [-71.337598, 41.87200199999999], [-71.337818, 41.87317099999999], [-71.34085700000001, 41.878721], [-71.340698, 41.88290000000001], [-71.339298, 41.89339899999998], [-71.339354, 41.894532999999996], [-71.339069, 41.895309], [-71.338698, 41.898399000000005], [-71.339708, 41.89819800000001], [-71.34379799999999, 41.897899], [-71.34759799999999, 41.89739899999999], [-71.34866699999999, 41.897124999999996], [-71.352062, 41.896997000000006], [-71.359491, 41.895900999999974], [-71.364538, 41.895451000000016], [-71.36508599999999, 41.89558399999999], [-71.370999, 41.89459900000001], [-71.373772, 41.894463000000016], [-71.376583, 41.89391200000003], [-71.38170000000001, 41.893198999999996], [-71.3814, 41.895698999999986], [-71.3815, 41.89649900000001], [-71.3814, 41.898599000000004], [-71.3816, 41.89959899999998], [-71.38170000000001, 41.903299], [-71.38170000000001, 41.910098999999995], [-71.3815, 41.91049900000001], [-71.3816, 41.912499], [-71.3814, 41.913499000000016], [-71.3816, 41.916298999999995], [-71.38149899999999, 41.921473], [-71.38170000000001, 41.92269899999999], [-71.381401, 41.96298300000001], [-71.381534, 41.96452000000001], [-71.38134699999999, 41.964603], [-71.381344, 41.965111], [-71.381508, 41.96687799999999], [-71.381399, 41.972224], [-71.38150499999999, 41.97679299999998], [-71.381301, 41.97749800000001], [-71.38120099999999, 41.981198], [-71.38150499999999, 42.00001099999999], [-71.381401, 42.018798000000004], [-71.392722, 42.0188], [-71.415902, 42.018498], [-71.45810399999999, 42.017797999999985], [-71.454754, 42.04411699999999], [-71.45468699999999, 42.052223999999995], [-71.45485699999999, 42.059008], [-71.45647199999999, 42.058698], [-71.45771599999999, 42.058195], [-71.459354, 42.057241999999995], [-71.462003, 42.055317], [-71.463037, 42.050549], [-71.461951, 42.05031099999999], [-71.46053599999999, 42.04880899999999], [-71.459595, 42.04833399999999], [-71.45941599999999, 42.047917999999996], [-71.45932599999999, 42.046112000000015], [-71.45996099999999, 42.04562299999999], [-71.461109, 42.04541400000002], [-71.461533, 42.04613899999999], [-71.463027, 42.04636399999999], [-71.46518, 42.04718999999999], [-71.46522999999999, 42.045519999999996], [-71.46659, 42.03586], [-71.472287, 42.035979000000005], [-71.475556, 42.035708], [-71.47878, 42.03601], [-71.479792, 42.03584500000001], [-71.481676, 42.035045], [-71.48201399999999, 42.035592999999984], [-71.482001, 42.035900000000005], [-71.47962, 42.03919], [-71.47769, 42.03853], [-71.47707, 42.03914999999999], [-71.47910499999999, 42.03986199999999], [-71.47767, 42.04171], [-71.47950999999999, 42.041889999999995], [-71.480611, 42.041257], [-71.480724, 42.04188], [-71.487911, 42.03674399999999], [-71.49826, 42.03159], [-71.49824, 42.091412], [-71.497987, 42.092776], [-71.49816299999999, 42.093427999999996], [-71.497691, 42.094224000000004], [-71.497877, 42.09481], [-71.497469, 42.095411], [-71.497543, 42.095762000000015], [-71.497355, 42.09644899999999], [-71.496591, 42.09719999999999], [-71.496549, 42.097854], [-71.49609000000001, 42.098070999999976], [-71.49539800000001, 42.09991400000002], [-71.496015, 42.10032400000001], [-71.49595599999999, 42.10073500000003], [-71.496573, 42.101122], [-71.496438, 42.101499], [-71.497284, 42.101768], [-71.497209, 42.10192800000001], [-71.496749, 42.10205899999998], [-71.496766, 42.10222999999999], [-71.497826, 42.102405], [-71.498796, 42.102771], [-71.49929000000002, 42.10305299999999], [-71.499575, 42.103508], [-71.507307, 42.10247799999999], [-71.516555, 42.09956700000001], [-71.51863, 42.099312999999995], [-71.521759, 42.100062], [-71.52287, 42.10065300000001], [-71.52416600000001, 42.101775], [-71.528549, 42.10354499999998], [-71.529254, 42.10400100000001], [-71.529443, 42.10463999999999], [-71.531635, 42.10650599999998], [-71.533463, 42.108906000000005], [-71.53549, 42.110806000000004], [-71.536521, 42.112570000000005], [-71.539746, 42.11634900000001], [-71.541827, 42.118424999999995], [-71.54459899999999, 42.12028300000001], [-71.54465499999999, 42.120549000000004], [-71.548627, 42.12200200000001], [-71.550044, 42.12267999999999], [-71.550816, 42.123507], [-71.55228799999999, 42.126028999999996], [-71.553902, 42.12773199999999], [-71.55464599999999, 42.12792100000001], [-71.55601899999999, 42.12862600000001], [-71.557896, 42.130084000000004], [-71.559674, 42.132142000000016], [-71.561021, 42.133048], [-71.569338, 42.142637], [-71.571591, 42.14236699999999], [-71.57140199999999, 42.151844999999994], [-71.56103100000001, 42.15833999999996], [-71.56110799999999, 42.158640000000005], [-71.561877, 42.159015], [-71.561999, 42.15948], [-71.562376, 42.159696999999994], [-71.562322, 42.160081], [-71.562906, 42.160194], [-71.563113, 42.16047299999999], [-71.563498, 42.16053199999999], [-71.56384299999999, 42.161303], [-71.56356699999999, 42.161588], [-71.56388199999999, 42.16239600000001], [-71.56349, 42.16277900000003], [-71.56350499999999, 42.16329200000001], [-71.563728, 42.16399399999999], [-71.564135, 42.164069999999995], [-71.56440599999999, 42.16437500000001], [-71.564193, 42.166338], [-71.56363300000001, 42.167179000000004], [-71.56268, 42.168051999999996], [-71.56220400000001, 42.168133999999995], [-71.560937, 42.167888], [-71.560499, 42.168695], [-71.56082599999999, 42.16901599999999], [-71.561362, 42.170499000000014], [-71.56215399999999, 42.17104399999999], [-71.563114, 42.172219999999996], [-71.563022, 42.17242999999999], [-71.562422, 42.172790000000006], [-71.562384, 42.174164], [-71.56183899999999, 42.17436500000001], [-71.561677, 42.17457599999998], [-71.561914, 42.176466], [-71.561593, 42.177135000000014], [-71.561992, 42.17826099999999], [-71.561946, 42.17849600000001], [-71.561332, 42.178914999999996], [-71.560417, 42.17899], [-71.55964900000001, 42.178858000000005], [-71.558649, 42.179100999999996], [-71.558043, 42.17845800000001], [-71.557166, 42.17843199999999], [-71.556044, 42.17742099999999], [-71.555376, 42.177391], [-71.554853, 42.17806000000001], [-71.553923, 42.178284], [-71.553462, 42.178132000000005], [-71.552556, 42.177472000000016], [-71.55233299999999, 42.177603000000005], [-71.552125, 42.178193000000014], [-71.551626, 42.17884800000001], [-71.551626, 42.17930700000001], [-71.55178699999999, 42.17949799999998], [-71.552594, 42.17987999999999], [-71.552671, 42.18091400000001], [-71.55284000000002, 42.18122100000001], [-71.55353099999999, 42.181502999999985], [-71.553846, 42.18195999999999], [-71.554177, 42.18181700000001], [-71.555798, 42.182159], [-71.555491, 42.182381999999976], [-71.555898, 42.18280999999999], [-71.555522, 42.183453000000014], [-71.55512999999999, 42.184961], [-71.555414, 42.184852], [-71.55561399999999, 42.184968999999995], [-71.555475, 42.18543599999999], [-71.55578299999999, 42.185748000000004], [-71.556951, 42.185938000000014], [-71.556698, 42.18651600000001], [-71.55635099999999, 42.186816000000015], [-71.556382, 42.187252], [-71.556136, 42.187892999999995], [-71.556544, 42.18810400000001], [-71.556167, 42.188329], [-71.556067, 42.188497999999996], [-71.55618199999999, 42.18871599999999], [-71.55582900000002, 42.18898500000001], [-71.555752, 42.190018], [-71.55605200000001, 42.19055999999999], [-71.556029, 42.191438999999995], [-71.556204, 42.191857000000006], [-71.57233800000002, 42.192228000000014], [-71.572129, 42.19349], [-71.57154799999999, 42.19465299999999], [-71.58291000000001, 42.195558999999996], [-71.602221, 42.218101]]]}}, {"type": "Feature", "properties": {"district_name": "7th Congressional District", "chamber": "us-house", "vintage": "2012-2020", "url": "/district/us-house-7th-congressional-district-2012-2020/", "latest_year": 2020, "years": [{"year": 2020, "lean_dem_share": 0.8444, "competitiveness": "Safe", "competitiveness_label": "Safe D", "party_favored": "Democratic", "is_uncontested": true, "turnout_ratio": 0.7797, "winner_name": "Ayanna S. Pressley", "winner_party": "Democratic", "winner_war": null, "winner_lean_component": 0.466, "winner_tide_component": 0.0432, "winner_incumbency_adjustment": 0.035, "winner_demographics_component": null, "winner_fundraising_component": null}, {"year": 2018, "lean_dem_share": 0.5307, "competitiveness": "Lean", "competitiveness_label": "Lean D", "party_favored": "Democratic", "is_uncontested": true, "turnout_ratio": 0.8214, "winner_name": "Ayanna S. Pressley", "winner_party": "Democratic", "winner_war": null, "winner_lean_component": 0.466, "winner_tide_component": 0.0214, "winner_incumbency_adjustment": 0.0, "winner_demographics_component": null, "winner_fundraising_component": null}, {"year": 2016, "lean_dem_share": 0.8507, "competitiveness": "Safe", "competitiveness_label": "Safe D", "party_favored": "Democratic", "is_uncontested": true, "turnout_ratio": 0.8203, "winner_name": "Michael E. Capuano", "winner_party": "Democratic", "winner_war": null, "winner_lean_component": 0.466, "winner_tide_component": 0.0416, "winner_incumbency_adjustment": 0.035, "winner_demographics_component": null, "winner_fundraising_component": null}, {"year": 2014, "lean_dem_share": 0.6971, "competitiveness": "Safe", "competitiveness_label": "Safe D", "party_favored": "Democratic", "is_uncontested": true, "turnout_ratio": 0.7746, "winner_name": "Michael E. Capuano", "winner_party": "Democratic", "winner_war": null, "winner_lean_component": 0.466, "winner_tide_component": 0.0316, "winner_incumbency_adjustment": 0.035, "winner_demographics_component": null, "winner_fundraising_component": null}, {"year": 2012, "lean_dem_share": 0.8064, "competitiveness": "Safe", "competitiveness_label": "Safe D", "party_favored": "Democratic", "is_uncontested": true, "turnout_ratio": 0.7121, "winner_name": "Michael E. Capuano", "winner_party": "Democratic", "winner_war": null, "winner_lean_component": 0.466, "winner_tide_component": 0.0398, "winner_incumbency_adjustment": 0.0, "winner_demographics_component": null, "winner_fundraising_component": null}], "lean_dem_share": 0.8444, "competitiveness": "Safe", "competitiveness_label": "Safe D", "party_favored": "Democratic", "is_uncontested": true, "turnout_ratio": 0.7797, "winner_name": "Ayanna S. Pressley", "winner_party": "Democratic", "winner_war": null, "winner_lean_component": 0.466, "winner_tide_component": 0.0432, "winner_incumbency_adjustment": 0.035, "winner_demographics_component": null, "winner_fundraising_component": null}, "geometry": {"type": "Polygon", "coordinates": [[[-71.17479800000001, 42.350428], [-71.17479800000001, 42.35079599999998], [-71.173997, 42.353195], [-71.172798, 42.35469599999999], [-71.17119799999999, 42.356396], [-71.16999899999999, 42.357397000000006], [-71.167625, 42.360073000000014], [-71.16624399999999, 42.35960399999999], [-71.163716, 42.358248999999994], [-71.161878, 42.35914099999999], [-71.159598, 42.359996], [-71.155303, 42.359898], [-71.14856499999999, 42.361174000000005], [-71.14679699999999, 42.36229599999999], [-71.14509799999999, 42.36449199999999], [-71.14379699999999, 42.364996], [-71.139997, 42.36449599999999], [-71.131997, 42.369696], [-71.132997, 42.371697], [-71.133197, 42.372596], [-71.13266, 42.37318099999999], [-71.131518, 42.37372599999999], [-71.129627, 42.373757], [-71.128338, 42.37342400000002], [-71.12749699999999, 42.372996], [-71.123297, 42.368996], [-71.11849699999999, 42.36839699999999], [-71.11719699999999, 42.36719699999999], [-71.117193, 42.36422899999999], [-71.113901, 42.364478], [-71.11356099999999, 42.366012], [-71.113512, 42.36856400000001], [-71.111094, 42.367772999999985], [-71.11074599999999, 42.36830599999999], [-71.109905, 42.36800000000001], [-71.109438, 42.36777899999999], [-71.110411, 42.36681600000002], [-71.109214, 42.366169], [-71.108841, 42.363845999999995], [-71.10824099999999, 42.36404999999999], [-71.106707, 42.363053000000015], [-71.103146, 42.36634400000002], [-71.10175, 42.36830199999999], [-71.10122299999999, 42.368115], [-71.10053800000001, 42.36913], [-71.09996199999999, 42.368902999999996], [-71.098849, 42.37048499999999], [-71.099925, 42.370872999999996], [-71.098979, 42.37219], [-71.09811200000001, 42.371495], [-71.097119, 42.37325099999999], [-71.096229, 42.373132000000005], [-71.097529, 42.371021], [-71.096875, 42.370475], [-71.095322, 42.37301500000001], [-71.094488, 42.37291299999998], [-71.093745, 42.374251], [-71.09746299999999, 42.374431], [-71.103172, 42.374297000000006], [-71.108457, 42.379112000000006], [-71.107855, 42.379374], [-71.110643, 42.38163999999999], [-71.111656, 42.38174900000002], [-71.115584, 42.385158], [-71.11819299999999, 42.388009], [-71.11739399999999, 42.38841499999999], [-71.117966, 42.389126000000005], [-71.117085, 42.389580999999986], [-71.120214, 42.392641000000005], [-71.12097399999999, 42.39370599999999], [-71.122838, 42.39224199999999], [-71.12436799999999, 42.39365299999999], [-71.125284, 42.393061999999986], [-71.12487399999999, 42.39269600000001], [-71.125266, 42.392586], [-71.125751, 42.391636000000005], [-71.12684899999999, 42.390342000000004], [-71.12764299999999, 42.39037799999999], [-71.127685, 42.38985100000001], [-71.12900599999999, 42.39007200000002], [-71.127558, 42.387402], [-71.12961899999999, 42.38665800000002], [-71.12906699999999, 42.38617099999998], [-71.13172999999999, 42.385185], [-71.132215, 42.385532], [-71.134087, 42.383840000000006], [-71.141637, 42.387190000000004], [-71.14164, 42.387051], [-71.143683, 42.38825], [-71.144134, 42.388679999999994], [-71.143436, 42.38871199999999], [-71.143097, 42.38903], [-71.141699, 42.390658], [-71.141121, 42.392092000000005], [-71.145248, 42.392878], [-71.150115, 42.394932999999995], [-71.15316899999999, 42.39564300000001], [-71.156302, 42.395852], [-71.152057, 42.40104], [-71.143593, 42.39741199999999], [-71.14267, 42.39789100000001], [-71.140412, 42.399719999999995], [-71.13933399999999, 42.400148], [-71.13747099999999, 42.40043100000001], [-71.136391, 42.40096499999999], [-71.134742, 42.40291799999999], [-71.134379, 42.406063], [-71.132415, 42.409009999999995], [-71.132273, 42.410126999999996], [-71.132762, 42.41162699999999], [-71.132317, 42.415215999999994], [-71.131939, 42.41527900000001], [-71.131653, 42.415594999999975], [-71.131467, 42.416765999999996], [-71.13116, 42.417043000000035], [-71.130087, 42.417503], [-71.127601, 42.418071], [-71.125818, 42.418088], [-71.12987199999999, 42.41338400000001], [-71.12709699999999, 42.41224400000001], [-71.128101, 42.410720000000005], [-71.126179, 42.409227], [-71.12570099999999, 42.409963000000005], [-71.123389, 42.40914699999998], [-71.12399599999999, 42.408268000000014], [-71.121556, 42.407433999999995], [-71.121752, 42.407116], [-71.119456, 42.406327], [-71.119328, 42.40652499999999], [-71.115541, 42.40514499999999], [-71.115346, 42.40272799999999], [-71.11401, 42.400987999999984], [-71.112374, 42.400226], [-71.100334, 42.39615], [-71.096688, 42.400453999999996], [-71.091993, 42.39889999999999], [-71.085687, 42.400650999999996], [-71.083423, 42.40001299999999], [-71.077152, 42.39677799999999], [-71.075996, 42.39639599999999], [-71.076419, 42.39777299999999], [-71.075988, 42.399705999999995], [-71.073448, 42.402665000000006], [-71.071297, 42.40692200000001], [-71.072692, 42.408237], [-71.07365899999999, 42.40851899999999], [-71.07374399999999, 42.40867900000001], [-71.073801, 42.409056], [-71.073624, 42.40930300000001], [-71.072161, 42.41036299999999], [-71.071873, 42.411099000000014], [-71.071907, 42.411672], [-71.07211099999999, 42.412081000000015], [-71.073196, 42.41299599999999], [-71.073296, 42.414796], [-71.06450699999999, 42.41524099999999], [-71.064559, 42.41533399999999], [-71.061584, 42.41561000000001], [-71.060441, 42.416007], [-71.05685, 42.418671], [-71.054735, 42.42003799999999], [-71.05442, 42.420044999999995], [-71.050324, 42.42299500000001], [-71.028065, 42.42415499999999], [-71.031275, 42.418433000000014], [-71.032493, 42.415506000000015], [-71.033095, 42.414696000000006], [-71.033203, 42.41422599999999], [-71.02924, 42.41056799999998], [-71.027115, 42.40778199999998], [-71.026898, 42.40733199999999], [-71.026888, 42.40655000000001], [-71.026237, 42.40592499999999], [-71.025753, 42.405756999999994], [-71.024901, 42.40590000000002], [-71.023847, 42.40532400000001], [-71.02327799999999, 42.40554399999999], [-71.02285499999999, 42.40512499999999], [-71.022443, 42.40548700000001], [-71.02191599999999, 42.405287], [-71.020444, 42.40511699999999], [-71.020436, 42.40477500000001], [-71.021198, 42.404284], [-71.021157, 42.403842000000004], [-71.020853, 42.403511], [-71.018878, 42.403718], [-71.01808799999999, 42.40335699999999], [-71.017826, 42.402883], [-71.01703499999999, 42.40271499999999], [-71.013772, 42.402964], [-71.011555, 42.401907], [-71.010892, 42.40179499999999], [-71.009396, 42.401183], [-71.009445, 42.400475], [-71.009629, 42.400166999999996], [-71.013395, 42.39739799999999], [-71.01127199999999, 42.396589000000006], [-71.01192999999999, 42.395751999999995], [-71.009894, 42.395475000000005], [-71.008945, 42.39519200000001], [-71.005861, 42.393892], [-71.001407, 42.39674000000001], [-70.998768, 42.396973], [-70.998158, 42.39688700000001], [-70.996475, 42.396308000000005], [-70.995361, 42.393813], [-70.99381799999999, 42.392924], [-70.98977099999999, 42.393240000000006], [-70.987442, 42.39274200000001], [-70.987133, 42.392123], [-70.98719899999999, 42.391462999999995], [-70.987571, 42.390581999999995], [-70.987511, 42.38922900000001], [-70.98728899999999, 42.388734], [-70.986053, 42.388116000000004], [-70.986731, 42.387007], [-70.98778, 42.38694299999998], [-70.988281, 42.38710700000001], [-70.994239, 42.384647000000015], [-70.994681, 42.38270899999999], [-70.994648, 42.38114999999999], [-70.99669399999999, 42.37874100000001], [-70.99931099999999, 42.37779299999999], [-70.999347, 42.37766500000001], [-71.00020599999999, 42.37775400000002], [-71.006123, 42.376052], [-71.010449, 42.36503399999999], [-71.000695, 42.36464], [-71.000736, 42.364818], [-70.986597, 42.36457199999999], [-70.985593, 42.356796999999986], [-70.972893, 42.35359699999999], [-70.968935, 42.35592500000001], [-70.96882, 42.35586600000001], [-70.967257, 42.357069], [-70.96704799999999, 42.356953999999995], [-70.917892, 42.385997], [-70.901292, 42.384098000000016], [-70.85143599999999, 42.393209000000006], [-70.749487, 42.400819999999996], [-70.748802, 42.400211999999996], [-70.748847, 42.373751999999996], [-70.749488, 42.37333999999999], [-70.851191, 42.372499], [-70.894292, 42.372398999999994], [-70.905692, 42.316998999999996], [-70.917091, 42.314198000000005], [-70.927191, 42.310097999999996], [-70.937091, 42.311097999999994], [-70.94899099999999, 42.301298], [-70.96019199999999, 42.29949800000001], [-70.97599199999999, 42.300097999999984], [-70.981781, 42.30838199999999], [-70.988693, 42.31359800000001], [-70.998593, 42.311997999999996], [-71.002093, 42.308697999999985], [-71.00979099999999, 42.305198999999995], [-71.015393, 42.30669799999998], [-71.022093, 42.305597999999975], [-71.028395, 42.30879899999999], [-71.028195, 42.324599], [-71.028294, 42.32872999999999], [-70.992516, 42.32870700000001], [-70.986615, 42.329105], [-70.978394, 42.32889900000001], [-70.975094, 42.34349900000001], [-70.988173, 42.34344700000002], [-71.010994, 42.34269800000001], [-71.026895, 42.353097999999996], [-71.042596, 42.363797999999996], [-71.049095, 42.371196999999995], [-71.050895, 42.370697], [-71.05499499999999, 42.370697], [-71.057141, 42.369982], [-71.059795, 42.368767], [-71.062994, 42.368391], [-71.063921, 42.369015999999995], [-71.065827, 42.36909700000001], [-71.065731, 42.368961000000006], [-71.066039, 42.368901], [-71.066195, 42.36909700000001], [-71.069795, 42.36909700000001], [-71.070797, 42.367897000000006], [-71.07157099999999, 42.36723399999999], [-71.075795, 42.361596999999996], [-71.077095, 42.35869699999999], [-71.075692, 42.356065], [-71.07504899999999, 42.355325], [-71.073302, 42.355812], [-71.073021, 42.355309999999996], [-71.072564, 42.355439], [-71.072357, 42.35528200000001], [-71.070655, 42.351853999999996], [-71.067533, 42.352513], [-71.064562, 42.352382999999996], [-71.063419, 42.355059999999966], [-71.062257, 42.35626799999999], [-71.06048, 42.355499], [-71.057475, 42.35336599999999], [-71.05488199999999, 42.35242099999999], [-71.05218800000002, 42.351121], [-71.05218599999999, 42.350922], [-71.054771, 42.347253], [-71.054788, 42.34687100000001], [-71.054469, 42.34677800000001], [-71.05825, 42.345506], [-71.059394, 42.343759000000006], [-71.059782, 42.34298499999998], [-71.059983, 42.34207099999999], [-71.060001, 42.340054999999985], [-71.059697, 42.336801], [-71.060042, 42.33656399999998], [-71.06058399999999, 42.335446], [-71.066431, 42.326256], [-71.067077, 42.324774999999995], [-71.06750699999999, 42.32329699999998], [-71.066088, 42.321646], [-71.065596, 42.32129400000001], [-71.063332, 42.321014], [-71.061865, 42.32047699999999], [-71.061481, 42.32050000000001], [-71.060846, 42.319911000000005], [-71.061674, 42.31838], [-71.05988099999999, 42.31797200000001], [-71.059596, 42.31886899999999], [-71.05883399999999, 42.3186], [-71.058965, 42.318121], [-71.056715, 42.31772400000002], [-71.056709, 42.317553], [-71.052588, 42.316898000000016], [-71.05257700000001, 42.31911499999999], [-71.052746, 42.319302999999984], [-71.05257, 42.319363], [-71.05221499999999, 42.318881999999995], [-71.052172, 42.31902399999999], [-71.051981, 42.31497499999998], [-71.053769, 42.315264], [-71.054411, 42.31331900000001], [-71.05560299999999, 42.310973], [-71.054095, 42.31062300000001], [-71.053878, 42.311095999999985], [-71.053321, 42.310914], [-71.05447099999999, 42.308], [-71.055651, 42.303393], [-71.055801, 42.301670000000016], [-71.05628399999999, 42.301004000000006], [-71.05704200000001, 42.300582000000006], [-71.05904199999999, 42.300333], [-71.05681899999999, 42.297917], [-71.05623299999999, 42.295623000000006], [-71.056251, 42.29502600000001], [-71.057247, 42.293332000000014], [-71.057352, 42.291864], [-71.057195, 42.291425999999994], [-71.056472, 42.29055799999999], [-71.055773, 42.28935], [-71.055459, 42.28844200000001], [-71.054654, 42.28733500000001], [-71.05451, 42.2868], [-71.05578700000001, 42.283205], [-71.056536, 42.282583], [-71.055731, 42.282622], [-71.053865, 42.27820000000001], [-71.053117, 42.27729999999999], [-71.055494, 42.27569799999999], [-71.053395, 42.272296999999995], [-71.061593, 42.267299], [-71.063893, 42.26799800000002], [-71.064308, 42.268860000000004], [-71.064679, 42.269107999999996], [-71.06465399999999, 42.269582], [-71.065297, 42.27078700000001], [-71.065904, 42.27115900000001], [-71.067453, 42.271463], [-71.06778, 42.271421], [-71.06841399999999, 42.270806], [-71.069011, 42.27066199999998], [-71.070415, 42.27061300000001], [-71.071742, 42.270812], [-71.0724, 42.270686000000005], [-71.073042, 42.270331], [-71.07592199999999, 42.27033199999998], [-71.076972, 42.269973000000014], [-71.07976, 42.269529999999996], [-71.080809, 42.26897400000001], [-71.082323, 42.268744999999996], [-71.082968, 42.268496000000006], [-71.08551899999999, 42.269007999999985], [-71.085948, 42.26929199999999], [-71.08915, 42.26974200000001], [-71.089704, 42.26962799999999], [-71.09022999999999, 42.269141000000005], [-71.090201, 42.268417000000014], [-71.08986399999999, 42.267728000000005], [-71.090424, 42.266466000000015], [-71.092553, 42.26668999999998], [-71.09373699999999, 42.26710700000001], [-71.093791, 42.26458800000002], [-71.093499, 42.26330300000001], [-71.09347, 42.26241999999999], [-71.09315, 42.26249000000002], [-71.09248, 42.26232000000003], [-71.09164, 42.260790000000014], [-71.09348, 42.2604], [-71.093509, 42.245439], [-71.09298, 42.24458999999998], [-71.09291000000002, 42.24405000000001], [-71.09358999999999, 42.24128000000001], [-71.09337, 42.24014], [-71.09335, 42.23875999999999], [-71.09268999999999, 42.23779999999999], [-71.09188999999999, 42.23702000000002], [-71.090308, 42.236635], [-71.08958, 42.236160000000005], [-71.08700999999999, 42.23244], [-71.08482, 42.22962000000001], [-71.07906, 42.22490000000003], [-71.08024, 42.224030000000006], [-71.07664, 42.22111999999999], [-71.07867, 42.220229999999994], [-71.080163, 42.21885899999997], [-71.09329900000002, 42.213981000000004], [-71.082707, 42.204269000000004], [-71.082056, 42.204353999999995], [-71.081458, 42.20484699999999], [-71.081043, 42.204927], [-71.07918, 42.20468100000001], [-71.078011, 42.204788], [-71.077195, 42.20464099999999], [-71.075149, 42.204848999999975], [-71.074716, 42.204361000000006], [-71.07440799999999, 42.204289999999986], [-71.07170099999999, 42.204379999999986], [-71.071574, 42.20425600000001], [-71.069501, 42.20448700000001], [-71.064398, 42.205677999999985], [-71.060324, 42.20630499999999], [-71.059445, 42.20597900000003], [-71.058292, 42.206116000000016], [-71.057368, 42.20593499999999], [-71.05489, 42.205825999999995], [-71.052921, 42.205982999999996], [-71.05223, 42.206315], [-71.051476, 42.20623399999999], [-71.049548, 42.206768000000004], [-71.047271, 42.194592], [-71.02964, 42.19151], [-71.01912999999999, 42.186851000000004], [-71.019582, 42.185802999999986], [-71.019594, 42.18519099999999], [-71.019423, 42.184626], [-71.018985, 42.183997999999995], [-71.01938299999999, 42.183671999999994], [-71.019224, 42.18353199999999], [-71.019279, 42.183313999999996], [-71.019845, 42.18257899999998], [-71.019796, 42.18207600000001], [-71.019964, 42.181721], [-71.01983899999999, 42.18125500000001], [-71.02019899999999, 42.18095199999998], [-71.019987, 42.18003200000001], [-71.020124, 42.17953000000001], [-71.019753, 42.17903700000002], [-71.01970399999999, 42.178546999999995], [-71.01999599999999, 42.178398], [-71.019993, 42.17782599999999], [-71.020637, 42.17743299999999], [-71.020574, 42.176565], [-71.02116099999999, 42.17617500000001], [-71.020859, 42.17502699999999], [-71.02153899999999, 42.17409699999999], [-71.02122, 42.173477], [-71.022346, 42.17065600000001], [-71.021606, 42.17030000000001], [-71.021833, 42.169431], [-71.021656, 42.16898699999999], [-71.02199399999999, 42.16900499999999], [-71.027565, 42.15632099999999], [-71.035093, 42.135633999999996], [-71.04012, 42.137194], [-71.11479899999999, 42.21265299999999], [-71.13069200000001, 42.227799], [-71.142681, 42.235997999999995], [-71.14453499999999, 42.24510699999999], [-71.144396, 42.24529799999998], [-71.146642, 42.25575500000001], [-71.152312, 42.258336], [-71.155958, 42.256484999999984], [-71.156707, 42.259954999999984], [-71.157761, 42.263738], [-71.157381, 42.26374299999999], [-71.15578599999999, 42.262454], [-71.14847499999999, 42.269017], [-71.14030799999999, 42.275428999999995], [-71.13553499999999, 42.27954899999999], [-71.12737299999999, 42.28710000000001], [-71.12581399999999, 42.288615], [-71.125928, 42.288763], [-71.125742, 42.28985699999999], [-71.124278, 42.291234], [-71.123921, 42.291936], [-71.122855, 42.293185000000015], [-71.12281, 42.293527999999995], [-71.123077, 42.293735], [-71.122498, 42.294287], [-71.120113, 42.29598399999998], [-71.115434, 42.298903], [-71.11583499999999, 42.298290000000016], [-71.115436, 42.29820600000001], [-71.106293, 42.31232899999999], [-71.104475, 42.31702200000001], [-71.102944, 42.319298], [-71.103985, 42.31997700000001], [-71.105131, 42.31927799999999], [-71.105289, 42.319365], [-71.106788, 42.321155999999995], [-71.108452, 42.32238899999999], [-71.110644, 42.321834999999986], [-71.116321, 42.32101199999999], [-71.117824, 42.32113400000002], [-71.11925699999999, 42.32147799999999], [-71.11947500000001, 42.321712999999974], [-71.119586, 42.322685], [-71.11887, 42.322858], [-71.118507, 42.323357999999985], [-71.11736499999999, 42.32359500000001], [-71.116608, 42.32394999999998], [-71.115597, 42.326859999999996], [-71.115304, 42.32723999999998], [-71.115303, 42.32785700000004], [-71.11501299999999, 42.32815899999999], [-71.115116, 42.328427999999995], [-71.114992, 42.32861900000001], [-71.114869, 42.328472999999995], [-71.11471499999999, 42.32856100000001], [-71.114775, 42.328987999999995], [-71.113784, 42.33059600000001], [-71.113162, 42.33257499999999], [-71.112219, 42.333911999999984], [-71.11072300000001, 42.33525599999999], [-71.11076800000001, 42.335436], [-71.11145599999999, 42.335898], [-71.11165199999999, 42.336696], [-71.111378, 42.33688300000001], [-71.111584, 42.33764800000001], [-71.110637, 42.34041000000001], [-71.108412, 42.341888], [-71.105697, 42.343994999999985], [-71.107185, 42.34701099999997], [-71.10656999999999, 42.349912], [-71.12242599999999, 42.35180999999997], [-71.123434, 42.35144899999999], [-71.12421599999999, 42.35152499999999], [-71.126854, 42.35008799999999], [-71.12858299999999, 42.349833000000004], [-71.12928099999999, 42.34906699999999], [-71.133381, 42.347122000000006], [-71.135278, 42.345940999999996], [-71.141302, 42.341072999999994], [-71.141939, 42.340008], [-71.14421200000001, 42.34002199999999], [-71.146597, 42.33849699999999], [-71.146197, 42.33739800000001], [-71.148769, 42.336777000000005], [-71.148398, 42.33579800000002], [-71.15006, 42.335386], [-71.150498, 42.334996], [-71.14999, 42.33449599999999], [-71.14979699999999, 42.334497000000006], [-71.15683299999999, 42.33018899999999], [-71.159325, 42.332767999999994], [-71.161295, 42.33378299999999], [-71.16273199999999, 42.33396099999999], [-71.167565, 42.333441], [-71.168191, 42.33479100000001], [-71.16857, 42.335143], [-71.168886, 42.33582599999999], [-71.169217, 42.33806800000001], [-71.168633, 42.338629], [-71.166808, 42.33928999999997], [-71.16668299999999, 42.340104000000004], [-71.17426499999999, 42.349584], [-71.17479800000001, 42.350428]]]}}, {"type": "Feature", "properties": {"district_name": "2nd Congressional District", "chamber": "us-house", "vintage": "2012-2020", "url": "/district/us-house-2nd-congressional-district-2012-2020/", "latest_year": 2020, "years": [{"year": 2020, "lean_dem_share": 0.6316, "competitiveness": "Safe", "competitiveness_label": "Safe D", "party_favored": "Democratic", "is_uncontested": false, "turnout_ratio": 1.0024, "winner_name": "James P. McGovern", "winner_party": "Democratic", "winner_war": -0.0066, "winner_lean_component": 0.3258, "winner_tide_component": 0.0432, "winner_incumbency_adjustment": 0.035, "winner_demographics_component": null, "winner_fundraising_component": null}, {"year": 2018, "lean_dem_share": 0.3115, "competitiveness": "Safe", "competitiveness_label": "Safe R", "party_favored": "Republican", "is_uncontested": false, "turnout_ratio": 0.9957, "winner_name": "James P. McGovern", "winner_party": "Democratic", "winner_war": 0.0333, "winner_lean_component": 0.3258, "winner_tide_component": 0.0214, "winner_incumbency_adjustment": 0.035, "winner_demographics_component": null, "winner_fundraising_component": null}, {"year": 2016, "lean_dem_share": 0.6043, "competitiveness": "Safe", "competitiveness_label": "Safe D", "party_favored": "Democratic", "is_uncontested": true, "turnout_ratio": 0.8422, "winner_name": "James P. McGovern", "winner_party": "Democratic", "winner_war": null, "winner_lean_component": 0.3258, "winner_tide_component": 0.0416, "winner_incumbency_adjustment": 0.035, "winner_demographics_component": null, "winner_fundraising_component": null}, {"year": 2014, "lean_dem_share": 0.4598, "competitiveness": "Lean", "competitiveness_label": "Lean R", "party_favored": "Republican", "is_uncontested": true, "turnout_ratio": 0.7736, "winner_name": "James P. McGovern", "winner_party": "Democratic", "winner_war": null, "winner_lean_component": 0.3258, "winner_tide_component": 0.0316, "winner_incumbency_adjustment": 0.035, "winner_demographics_component": null, "winner_fundraising_component": null}, {"year": 2012, "lean_dem_share": 0.5997, "competitiveness": "Likely", "competitiveness_label": "Likely D", "party_favored": "Democratic", "is_uncontested": true, "turnout_ratio": 0.779, "winner_name": "James P. McGovern", "winner_party": "Democratic", "winner_war": null, "winner_lean_component": 0.3258, "winner_tide_component": 0.0398, "winner_incumbency_adjustment": 0.0, "winner_demographics_component": null, "winner_fundraising_component": null}], "lean_dem_share": 0.6316, "competitiveness": "Safe", "competitiveness_label": "Safe D", "party_favored": "Democratic", "is_uncontested": false, "turnout_ratio": 1.0024, "winner_name": "James P. McGovern", "winner_party": "Democratic", "winner_war": -0.0066, "winner_lean_component": 0.3258, "winner_tide_component": 0.0432, "winner_incumbency_adjustment": 0.035, "winner_demographics_component": null, "winner_fundraising_component": null}, "geometry": {"type": "Polygon", "coordinates": [[[-72.74121699999999, 42.36272999999999], [-72.67212599999999, 42.37135299999999], [-72.66919299999999, 42.40965799999999], [-72.704345, 42.405536000000005], [-72.702377, 42.430358000000005], [-72.700959, 42.452909999999996], [-72.65732799999999, 42.45837899999999], [-72.655716, 42.46125100000001], [-72.65737399999999, 42.466009000000014], [-72.65623, 42.470014000000006], [-72.662769, 42.469262000000015], [-72.660911, 42.480247999999996], [-72.648708, 42.52935999999996], [-72.652227, 42.53382400000001], [-72.65565, 42.540412], [-72.656279, 42.540979], [-72.65969799999999, 42.543123999999985], [-72.661018, 42.544187000000015], [-72.662249, 42.54671], [-72.663652, 42.548802999999985], [-72.66470000000001, 42.54941999999999], [-72.667366, 42.550427], [-72.66924399999999, 42.551452999999995], [-72.673, 42.55186500000001], [-72.67469899999999, 42.552532], [-72.67545199999999, 42.55301800000001], [-72.655344, 42.555234999999996], [-72.651974, 42.56863], [-72.638879, 42.570018], [-72.636821, 42.57798499999999], [-72.649929, 42.576874], [-72.632942, 42.645362999999996], [-72.543649, 42.655860000000004], [-72.54406999999999, 42.65526500000001], [-72.543829, 42.65529299999998], [-72.540576, 42.65568699999999], [-72.540527, 42.656327000000005], [-72.540215, 42.656369000000005], [-72.489473, 42.66242499999999], [-72.49663699999999, 42.67936], [-72.516774, 42.72853099999999], [-72.437778, 42.726282], [-72.285996, 42.72162599999998], [-72.124526, 42.717637], [-72.08138699999999, 42.71632999999999], [-72.078878, 42.71404], [-72.076922, 42.712941999999984], [-72.07646799999999, 42.71359899999998], [-72.07584, 42.713543], [-72.07560000000001, 42.713410999999994], [-72.075198, 42.71273399999999], [-72.074663, 42.712342], [-72.073694, 42.712236], [-72.07292699999999, 42.711918999999995], [-72.072671, 42.711597999999995], [-72.072183, 42.71147699999999], [-72.072137, 42.71112900000001], [-72.071609, 42.711291], [-72.07112099999999, 42.710922999999994], [-72.070556, 42.71100299999999], [-72.07025399999999, 42.71082500000001], [-72.070129, 42.71019100000002], [-72.070804, 42.709565], [-72.07017499999999, 42.708837], [-72.06941599999999, 42.708672999999976], [-72.068889, 42.70814199999999], [-72.069075, 42.70762], [-72.06875000000001, 42.70744500000001], [-72.067263, 42.70731699999998], [-72.066386, 42.707547], [-72.065634, 42.708629], [-72.06318499999999, 42.70585499999998], [-72.063537, 42.705466000000015], [-72.063312, 42.704004999999995], [-72.062122, 42.70118900000001], [-72.061495, 42.698785000000015], [-72.061223, 42.69649299999998], [-72.06027499999999, 42.693388999999996], [-72.057417, 42.688371], [-72.056805, 42.68691400000001], [-72.056062, 42.687110000000004], [-72.05584, 42.687524], [-72.05581699999999, 42.688226], [-72.052392, 42.688021000000006], [-72.052583, 42.685942000000004], [-72.05458300000001, 42.68603], [-72.056313, 42.68585], [-72.055964, 42.68477600000001], [-72.055846, 42.684571999999996], [-72.05516899999999, 42.684669], [-72.052701, 42.684540999999996], [-72.05280200000001, 42.68351200000001], [-72.051788, 42.68345399999999], [-72.052097, 42.68174100000001], [-72.055127, 42.680677], [-72.05699899999999, 42.67918999999999], [-72.05779100000001, 42.67895199999998], [-72.060614, 42.67861999999999], [-72.061553, 42.67791899999999], [-72.06284699999999, 42.677524999999996], [-72.06393899999999, 42.676662], [-72.064388, 42.676493], [-72.065046, 42.676446999999996], [-72.066463, 42.676722], [-72.067238, 42.67661599999998], [-72.06765, 42.676169], [-72.06734999999999, 42.67570500000001], [-72.067371, 42.675387], [-72.06780599999999, 42.67549599999998], [-72.06804199999999, 42.67536599999998], [-72.073335, 42.671732], [-72.07675499999999, 42.67011699999999], [-72.07827, 42.66889599999999], [-72.078903, 42.668072], [-72.079291, 42.667136], [-72.079358, 42.6662], [-72.078019, 42.65925099999999], [-72.07794799999999, 42.658089999999994], [-72.078109, 42.65683599999999], [-72.0808, 42.64838099999999], [-72.081175, 42.64669200000001], [-72.080958, 42.639639], [-72.080548, 42.63729600000002], [-72.07992399999999, 42.63570000000001], [-72.07449799999999, 42.624247999999994], [-72.03604, 42.593871000000014], [-72.041853, 42.59196499999998], [-72.041939, 42.59177799999998], [-72.042007, 42.590026], [-72.042227, 42.589378999999994], [-72.04123299999999, 42.58836799999999], [-72.039986, 42.587838999999995], [-72.039562, 42.58681099999999], [-72.038974, 42.586591999999996], [-72.038876, 42.586338000000005], [-72.039541, 42.58544400000002], [-72.040312, 42.585350999999996], [-72.040705, 42.585069000000004], [-72.04151399999999, 42.584872999999995], [-72.042283, 42.58396600000001], [-72.042237, 42.58362499999999], [-72.041626, 42.583245], [-72.04151399999999, 42.582894], [-72.042025, 42.582108], [-72.041646, 42.580890000000004], [-72.042183, 42.58030199999999], [-72.042076, 42.57981899999999], [-72.041338, 42.57942999999999], [-72.040385, 42.578581999999976], [-72.039526, 42.57864799999999], [-72.03783, 42.57832399999998], [-72.037595, 42.577871], [-72.038217, 42.57733000000001], [-72.038207, 42.57715700000001], [-72.03799699999999, 42.577070000000006], [-72.03707399999999, 42.57748599999999], [-72.03580099999999, 42.57891499999999], [-72.03558799999999, 42.57995700000001], [-72.03514899999999, 42.58008], [-72.034402, 42.579904], [-72.03282899999999, 42.578765999999995], [-72.031729, 42.57833599999999], [-72.032243, 42.577231999999995], [-72.032933, 42.576799], [-72.033029, 42.57635900000001], [-72.03289699999999, 42.57611199999997], [-72.032377, 42.575881999999986], [-72.031142, 42.575934999999994], [-72.031426, 42.57460599999999], [-72.031311, 42.57421500000001], [-72.030476, 42.573977000000006], [-72.02967000000001, 42.574242000000005], [-72.02862, 42.573999000000015], [-72.027833, 42.57403600000001], [-72.026928, 42.573301], [-72.023687, 42.573664], [-72.023375, 42.573808000000014], [-72.023338, 42.574166000000005], [-72.023123, 42.574386000000004], [-72.020038, 42.57551799999999], [-72.019769, 42.57582000000001], [-72.019539, 42.57664899999998], [-72.018869, 42.57666700000001], [-72.018273, 42.57645999999998], [-72.017191, 42.575371], [-72.01702999999999, 42.574434999999994], [-72.016317, 42.57395900000001], [-72.016243, 42.573695999999984], [-72.01696799999999, 42.572979999999994], [-72.017459, 42.572073999999986], [-72.019526, 42.571029], [-72.019641, 42.57073599999999], [-72.018669, 42.570229999999995], [-72.016926, 42.56989600000001], [-72.015053, 42.567879], [-72.02700999999999, 42.563240999999984], [-71.979721, 42.53238899999999], [-71.909649, 42.484492], [-71.864531, 42.516932999999995], [-71.86104, 42.51637400000001], [-71.856837, 42.51908299999999], [-71.849357, 42.51781600000001], [-71.84737, 42.514704999999985], [-71.844954, 42.51443899999999], [-71.842004, 42.514679000000015], [-71.83712299999999, 42.548551], [-71.832831, 42.54900200000001], [-71.83088, 42.54901800000001], [-71.829067, 42.548641999999994], [-71.82292799999999, 42.546794], [-71.821281, 42.546539], [-71.81924699999999, 42.54659899999999], [-71.81421399999999, 42.54725300000001], [-71.8079, 42.54716399999999], [-71.806546, 42.54747200000001], [-71.80466299999999, 42.548261999999994], [-71.803752, 42.548897], [-71.80012599999999, 42.552110000000006], [-71.798699, 42.552594000000006], [-71.797118, 42.552551000000015], [-71.78936999999999, 42.550931], [-71.786023, 42.551047000000004], [-71.77134199999999, 42.559248], [-71.76917999999999, 42.558142000000004], [-71.764287, 42.55505600000001], [-71.761588, 42.55190399999999], [-71.761951, 42.549808000000006], [-71.760362, 42.54762200000001], [-71.757766, 42.548567999999996], [-71.754166, 42.54605199999999], [-71.749679, 42.54520199999998], [-71.749149, 42.54905000000001], [-71.74986899999999, 42.54975900000001], [-71.74776899999999, 42.549935], [-71.75045, 42.553461999999996], [-71.75409599999999, 42.559456], [-71.755875, 42.56117000000001], [-71.75724699999999, 42.562068], [-71.76295, 42.56392400000001], [-71.74506199999999, 42.573901000000006], [-71.74108300000002, 42.570263000000004], [-71.720349, 42.552195000000005], [-71.711231, 42.535354000000005], [-71.702236, 42.53389499999997], [-71.712384, 42.52132899999999], [-71.71674, 42.518971], [-71.728385, 42.475128000000005], [-71.718699, 42.473373999999986], [-71.718362, 42.410263999999984], [-71.721578, 42.409239000000014], [-71.725984, 42.39023999999998], [-71.70090499999999, 42.395772], [-71.67055100000002, 42.38666500000001], [-71.677794, 42.365154000000025], [-71.634038, 42.35841199999999], [-71.624702, 42.35046500000001], [-71.62582499999999, 42.34972399999999], [-71.62065799999999, 42.345248999999995], [-71.619131, 42.343348999999996], [-71.617978, 42.34234299999999], [-71.617299, 42.341993], [-71.617353, 42.341863], [-71.61645899999999, 42.341591], [-71.61157299999999, 42.339008000000014], [-71.604663, 42.336746000000005], [-71.60409899999999, 42.33676800000001], [-71.603591, 42.33167600000001], [-71.605158, 42.33025899999999], [-71.603734, 42.32858899999999], [-71.601885, 42.32697099999999], [-71.59734999999999, 42.321149000000005], [-71.596566, 42.32044499999999], [-71.592502, 42.317901], [-71.59146299999999, 42.31702399999998], [-71.542879, 42.26979899999998], [-71.542937, 42.26718], [-71.55011499999999, 42.266023], [-71.550755, 42.26625500000001], [-71.551729, 42.26632599999999], [-71.55222599999999, 42.267312999999994], [-71.553173, 42.26764300000001], [-71.554596, 42.267805], [-71.55545099999999, 42.267587999999996], [-71.555605, 42.267855], [-71.55666699999999, 42.26807899999999], [-71.556967, 42.26806300000001], [-71.557113, 42.26780300000002], [-71.55800599999999, 42.26741], [-71.558506, 42.26749699999999], [-71.55872099999999, 42.267803000000036], [-71.559483, 42.267754999999994], [-71.55983499999999, 42.267582999999995], [-71.56058399999999, 42.267864], [-71.56219399999999, 42.267651], [-71.564917, 42.26689400000001], [-71.586759, 42.25954500000002], [-71.602221, 42.218101], [-71.58291000000001, 42.195558999999996], [-71.57154799999999, 42.19465299999999], [-71.572129, 42.19349], [-71.57233800000002, 42.192228000000014], [-71.556204, 42.191857000000006], [-71.556029, 42.191438999999995], [-71.55605200000001, 42.19055999999999], [-71.555752, 42.190018], [-71.55582900000002, 42.18898500000001], [-71.55618199999999, 42.18871599999999], [-71.556067, 42.188497999999996], [-71.556167, 42.188329], [-71.556544, 42.18810400000001], [-71.556136, 42.187892999999995], [-71.556382, 42.187252], [-71.55635099999999, 42.186816000000015], [-71.556698, 42.18651600000001], [-71.556951, 42.185938000000014], [-71.55578299999999, 42.185748000000004], [-71.555475, 42.18543599999999], [-71.55561399999999, 42.184968999999995], [-71.555414, 42.184852], [-71.55512999999999, 42.184961], [-71.555522, 42.183453000000014], [-71.555898, 42.18280999999999], [-71.555491, 42.182381999999976], [-71.555798, 42.182159], [-71.554177, 42.18181700000001], [-71.553846, 42.18195999999999], [-71.55353099999999, 42.181502999999985], [-71.55284000000002, 42.18122100000001], [-71.552671, 42.18091400000001], [-71.552594, 42.17987999999999], [-71.55178699999999, 42.17949799999998], [-71.551626, 42.17930700000001], [-71.551626, 42.17884800000001], [-71.552125, 42.178193000000014], [-71.55233299999999, 42.177603000000005], [-71.552556, 42.177472000000016], [-71.553462, 42.178132000000005], [-71.553923, 42.178284], [-71.554853, 42.17806000000001], [-71.555376, 42.177391], [-71.556044, 42.17742099999999], [-71.557166, 42.17843199999999], [-71.558043, 42.17845800000001], [-71.558649, 42.179100999999996], [-71.55964900000001, 42.178858000000005], [-71.560417, 42.17899], [-71.561332, 42.178914999999996], [-71.561946, 42.17849600000001], [-71.561992, 42.17826099999999], [-71.561593, 42.177135000000014], [-71.561914, 42.176466], [-71.561677, 42.17457599999998], [-71.56183899999999, 42.17436500000001], [-71.562384, 42.174164], [-71.562422, 42.172790000000006], [-71.563022, 42.17242999999999], [-71.563114, 42.172219999999996], [-71.56215399999999, 42.17104399999999], [-71.561362, 42.170499000000014], [-71.56082599999999, 42.16901599999999], [-71.560499, 42.168695], [-71.560937, 42.167888], [-71.56220400000001, 42.168133999999995], [-71.56268, 42.168051999999996], [-71.56363300000001, 42.167179000000004], [-71.564193, 42.166338], [-71.56440599999999, 42.16437500000001], [-71.564135, 42.164069999999995], [-71.563728, 42.16399399999999], [-71.56350499999999, 42.16329200000001], [-71.56349, 42.16277900000003], [-71.56388199999999, 42.16239600000001], [-71.56356699999999, 42.161588], [-71.56384299999999, 42.161303], [-71.563498, 42.16053199999999], [-71.563113, 42.16047299999999], [-71.562906, 42.160194], [-71.562322, 42.160081], [-71.562376, 42.159696999999994], [-71.561999, 42.15948], [-71.561877, 42.159015], [-71.56110799999999, 42.158640000000005], [-71.56103100000001, 42.15833999999996], [-71.57140199999999, 42.151844999999994], [-71.571591, 42.14236699999999], [-71.569338, 42.142637], [-71.561021, 42.133048], [-71.559674, 42.132142000000016], [-71.557896, 42.130084000000004], [-71.55601899999999, 42.12862600000001], [-71.55464599999999, 42.12792100000001], [-71.553902, 42.12773199999999], [-71.55228799999999, 42.126028999999996], [-71.550816, 42.123507], [-71.550044, 42.12267999999999], [-71.548627, 42.12200200000001], [-71.54465499999999, 42.120549000000004], [-71.54459899999999, 42.12028300000001], [-71.541827, 42.118424999999995], [-71.539746, 42.11634900000001], [-71.536521, 42.112570000000005], [-71.53549, 42.110806000000004], [-71.533463, 42.108906000000005], [-71.531635, 42.10650599999998], [-71.529443, 42.10463999999999], [-71.529254, 42.10400100000001], [-71.528549, 42.10354499999998], [-71.52416600000001, 42.101775], [-71.52287, 42.10065300000001], [-71.521759, 42.100062], [-71.51863, 42.099312999999995], [-71.516555, 42.09956700000001], [-71.507307, 42.10247799999999], [-71.499575, 42.103508], [-71.49929000000002, 42.10305299999999], [-71.498796, 42.102771], [-71.497826, 42.102405], [-71.496766, 42.10222999999999], [-71.496749, 42.10205899999998], [-71.497209, 42.10192800000001], [-71.497284, 42.101768], [-71.496438, 42.101499], [-71.496573, 42.101122], [-71.49595599999999, 42.10073500000003], [-71.496015, 42.10032400000001], [-71.49539800000001, 42.09991400000002], [-71.49609000000001, 42.098070999999976], [-71.496549, 42.097854], [-71.496591, 42.09719999999999], [-71.497355, 42.09644899999999], [-71.497543, 42.095762000000015], [-71.497469, 42.095411], [-71.497877, 42.09481], [-71.497691, 42.094224000000004], [-71.49816299999999, 42.093427999999996], [-71.497987, 42.092776], [-71.49824, 42.091412], [-71.49826, 42.03159], [-71.487911, 42.03674399999999], [-71.480724, 42.04188], [-71.480611, 42.041257], [-71.47950999999999, 42.041889999999995], [-71.47767, 42.04171], [-71.47910499999999, 42.03986199999999], [-71.47707, 42.03914999999999], [-71.47769, 42.03853], [-71.47962, 42.03919], [-71.482001, 42.035900000000005], [-71.48201399999999, 42.035592999999984], [-71.481676, 42.035045], [-71.479792, 42.03584500000001], [-71.47878, 42.03601], [-71.475556, 42.035708], [-71.472287, 42.035979000000005], [-71.46659, 42.03586], [-71.46522999999999, 42.045519999999996], [-71.46518, 42.04718999999999], [-71.463027, 42.04636399999999], [-71.461533, 42.04613899999999], [-71.461109, 42.04541400000002], [-71.45996099999999, 42.04562299999999], [-71.45932599999999, 42.046112000000015], [-71.45941599999999, 42.047917999999996], [-71.459595, 42.04833399999999], [-71.46053599999999, 42.04880899999999], [-71.461951, 42.05031099999999], [-71.463037, 42.050549], [-71.462003, 42.055317], [-71.459354, 42.057241999999995], [-71.45771599999999, 42.058195], [-71.45647199999999, 42.058698], [-71.45485699999999, 42.059008], [-71.45468699999999, 42.052223999999995], [-71.454754, 42.04411699999999], [-71.45810399999999, 42.017797999999985], [-71.499908, 42.01719899999999], [-71.50645899999999, 42.016683], [-71.51690599999999, 42.015598], [-71.52760599999999, 42.01499800000001], [-71.547707, 42.014697999999996], [-71.577344, 42.013922], [-71.58281, 42.013996999999996], [-71.58550799999999, 42.013798], [-71.614516, 42.013183000000005], [-71.67614999999999, 42.011538000000016], [-71.710968, 42.010960999999995], [-71.71370399999999, 42.01078500000001], [-71.740938, 42.010177], [-71.76601, 42.009744999999995], [-71.790218, 42.008736999999996], [-71.79924199999999, 42.008064999999995], [-71.799898, 42.015505], [-71.800281, 42.021984], [-71.80064899999999, 42.023568999999995], [-71.86598, 42.02411299999999], [-71.87297199999999, 42.02435299999999], [-71.87443900000001, 42.02423499999999], [-71.88330599999999, 42.024308999999995], [-71.884512, 42.02491999999999], [-71.885088, 42.025014], [-71.885628, 42.025642], [-71.88723399999999, 42.02824899999999], [-71.88734699999999, 42.028815], [-71.886985, 42.02904800000001], [-71.88690799999999, 42.02954999999999], [-71.887002, 42.03007100000001], [-71.88751599999999, 42.030415], [-71.887957, 42.031205], [-71.887976, 42.031463], [-71.887677, 42.031942], [-71.887675, 42.032408999999994], [-71.888116, 42.032771999999994], [-71.88885599999999, 42.033952], [-71.889477, 42.036006999999984], [-71.888899, 42.038925000000006], [-71.888173, 42.040154000000015], [-71.887636, 42.04177], [-71.887385, 42.04282299999999], [-71.887434, 42.043716999999994], [-71.88713299999999, 42.044348000000014], [-71.88715599999999, 42.044759], [-71.88642, 42.04586800000002], [-71.886653, 42.04629799999999], [-71.887298, 42.046645999999996], [-71.8875, 42.046952999999995], [-71.88756699999999, 42.05033799999999], [-71.887174, 42.050720999999996], [-71.886699, 42.050908], [-71.883986, 42.05060700000001], [-71.882972, 42.05100700000001], [-71.881219, 42.051103], [-71.880667, 42.0516], [-71.880813, 42.052354999999984], [-71.88026099999999, 42.053924], [-71.880719, 42.056035999999985], [-71.880478, 42.056293999999994], [-71.880144, 42.05750299999999], [-71.88051, 42.05805600000001], [-71.88165, 42.058479], [-71.882145, 42.05840999999998], [-71.882477, 42.05867500000001], [-71.882443, 42.059289], [-71.88179699999999, 42.060041], [-71.882296, 42.06218500000001], [-71.882001, 42.062722999999984], [-71.880611, 42.063444000000004], [-71.880217, 42.063467], [-71.879609, 42.06389499999999], [-71.87884, 42.06601800000001], [-71.879098, 42.06695], [-71.878978, 42.06775800000002], [-71.881509, 42.075893000000015], [-71.891139, 42.072731999999995], [-71.895113, 42.094247999999986], [-71.909235, 42.091260999999996], [-71.911895, 42.101317], [-71.899489, 42.10411399999998], [-71.916979, 42.190908], [-71.939356, 42.189237999999996], [-72.019886, 42.18376199999999], [-72.030322, 42.245206], [-72.038558, 42.244455999999985], [-72.045498, 42.230017000000004], [-72.070144, 42.23126900000001], [-72.073692, 42.232253], [-72.075375, 42.232036], [-72.078574, 42.23106200000001], [-72.099244, 42.23076500000001], [-72.111267, 42.238594000000006], [-72.112742, 42.233199], [-72.118793, 42.23094600000001], [-72.119873, 42.213944000000005], [-72.121909, 42.214658], [-72.123988, 42.215854], [-72.129843, 42.22123699999998], [-72.142257, 42.197452], [-72.139642, 42.179534], [-72.147261, 42.18139600000001], [-72.153807, 42.207052999999995], [-72.167371, 42.228249000000005], [-72.171054, 42.234266], [-72.173383, 42.235239000000014], [-72.17506800000001, 42.236607000000014], [-72.17693100000001, 42.23698599999999], [-72.177388, 42.237233999999994], [-72.17822699999999, 42.239414000000004], [-72.178839, 42.24277399999999], [-72.17963999999999, 42.245657000000016], [-72.179912, 42.246255999999995], [-72.18112599999999, 42.24607400000001], [-72.182161, 42.247971], [-72.182506, 42.25138700000002], [-72.211079, 42.251262], [-72.21046, 42.24720499999999], [-72.214584, 42.24757100000001], [-72.214821, 42.24904099999999], [-72.218068, 42.248605], [-72.221218, 42.245252000000015], [-72.247013, 42.242094], [-72.257614, 42.229873999999995], [-72.268211, 42.22931800000001], [-72.27045199999999, 42.236812], [-72.271396, 42.23612399999999], [-72.273772, 42.235847], [-72.27767, 42.233103], [-72.281295, 42.235019999999984], [-72.291567, 42.232220999999996], [-72.292486, 42.230785000000004], [-72.292929, 42.22883], [-72.29330999999999, 42.228264], [-72.294026, 42.227553999999984], [-72.296334, 42.226155], [-72.298216, 42.223866], [-72.299531, 42.219424], [-72.29963599999999, 42.21679400000001], [-72.299978, 42.21511], [-72.30031500000001, 42.214465], [-72.301839, 42.212516999999984], [-72.302188, 42.21126000000001], [-72.305926, 42.21049299999999], [-72.30899699999999, 42.210267], [-72.312023, 42.209721], [-72.31345, 42.20927799999999], [-72.314286, 42.209549], [-72.314464, 42.20979199999999], [-72.314332, 42.21018199999998], [-72.313193, 42.21176699999998], [-72.313147, 42.21241], [-72.31334799999999, 42.212966], [-72.31363999999999, 42.21252199999999], [-72.316733, 42.212390000000006], [-72.317099, 42.20822299999999], [-72.319267, 42.204843], [-72.321635, 42.205161], [-72.322599, 42.20443200000001], [-72.32377, 42.20397699999998], [-72.324883, 42.203821999999995], [-72.326269, 42.203934000000004], [-72.333709, 42.207212000000006], [-72.33664399999999, 42.208169], [-72.335792, 42.20821000000001], [-72.334045, 42.20862], [-72.334642, 42.209551], [-72.335526, 42.212917], [-72.331909, 42.21559600000002], [-72.332156, 42.217242999999996], [-72.333257, 42.218462], [-72.333539, 42.21995], [-72.33387499999999, 42.22071899999999], [-72.335649, 42.220240000000004], [-72.336086, 42.219547999999996], [-72.337094, 42.219036], [-72.340134, 42.219036], [-72.34237399999999, 42.218604], [-72.343558, 42.21798], [-72.34567, 42.21631599999999], [-72.345974, 42.21583600000001], [-72.345942, 42.214844], [-72.34541399999999, 42.212635999999996], [-72.345574, 42.211772], [-72.34631, 42.210652], [-72.34711, 42.21002799999999], [-72.348118, 42.210075999999994], [-72.349238, 42.209915999999986], [-72.34957399999999, 42.20900399999999], [-72.35135, 42.20732400000001], [-72.352374, 42.20690799999998], [-72.35347800000001, 42.206956], [-72.35386199999999, 42.207291999999995], [-72.354775, 42.208732000000005], [-72.355943, 42.20902000000001], [-72.357079, 42.20866799999998], [-72.359127, 42.206076], [-72.359831, 42.205484999999996], [-72.360519, 42.20521299999999], [-72.360935, 42.20521299999999], [-72.36170299999999, 42.20564499999999], [-72.36282299999999, 42.205980000000004], [-72.36282299999999, 42.206363999999986], [-72.361783, 42.20693999999998], [-72.362071, 42.20725999999999], [-72.362871, 42.20746799999998], [-72.363575, 42.207404000000004], [-72.36413499999999, 42.20716399999999], [-72.364583, 42.206748], [-72.36474299999999, 42.20606000000001], [-72.36445499999999, 42.20289300000001], [-72.36312699999999, 42.201629], [-72.36242299999999, 42.199453000000005], [-72.36231099999999, 42.19839699999997], [-72.362775, 42.197917000000004], [-72.363559, 42.197532999999986], [-72.363495, 42.19719699999999], [-72.363079, 42.196909000000005], [-72.361719, 42.197037], [-72.36071100000001, 42.196909000000005], [-72.359943, 42.19639699999998], [-72.359479, 42.195309], [-72.358871, 42.19438100000001], [-72.35925499999999, 42.19409299999999], [-72.361175, 42.194349], [-72.361495, 42.193965], [-72.36131900000001, 42.19298900000001], [-72.360423, 42.19023699999999], [-72.35821899999999, 42.18980199999999], [-72.390304, 42.186254], [-72.39549199999999, 42.185811999999984], [-72.403947, 42.231847], [-72.427229, 42.22929200000001], [-72.44714499999999, 42.22734], [-72.464186, 42.308011], [-72.47924100000002, 42.30701899999999], [-72.483099, 42.30531800000001], [-72.487709, 42.30471499999999], [-72.49060899999999, 42.30363200000001], [-72.493586, 42.302268], [-72.49803399999999, 42.30511899999998], [-72.499117, 42.306263], [-72.500745, 42.305166], [-72.504151, 42.30547100000002], [-72.506737, 42.306374999999996], [-72.51019099999999, 42.305569], [-72.521421, 42.302182], [-72.52467299999999, 42.303155], [-72.52790999999999, 42.30143700000001], [-72.531212, 42.303624], [-72.53515, 42.304252], [-72.539903, 42.304127], [-72.544658, 42.305683], [-72.555674, 42.304680000000005], [-72.55730799999999, 42.304666000000005], [-72.564951, 42.30383299999999], [-72.56902, 42.304522000000006], [-72.57001199999999, 42.304441999999995], [-72.577285, 42.302981], [-72.58796099999999, 42.30035799999998], [-72.595326, 42.29443100000001], [-72.602124, 42.288045], [-72.609202, 42.28547699999999], [-72.613034, 42.28619], [-72.613641, 42.286628000000015], [-72.614449, 42.287506999999984], [-72.614921, 42.288658000000005], [-72.614701, 42.29019900000001], [-72.61823199999999, 42.29018800000001], [-72.622159, 42.28902599999997], [-72.624521, 42.28814800000001], [-72.627382, 42.28649199999999], [-72.627927, 42.28592299999999], [-72.629022, 42.28526699999998], [-72.630232, 42.28492899999999], [-72.633669, 42.285122], [-72.634849, 42.28538800000001], [-72.636196, 42.286113], [-72.63743699999999, 42.28739], [-72.640677, 42.284137000000015], [-72.64207999999999, 42.288174000000005], [-72.643832, 42.28851900000001], [-72.646048, 42.290339999999986], [-72.648652, 42.29176100000001], [-72.65383299999999, 42.290389999999995], [-72.656086, 42.289941999999996], [-72.660488, 42.28862799999999], [-72.660216, 42.28925399999998], [-72.672035, 42.290192999999995], [-72.672169, 42.290962000000015], [-72.672091, 42.29188699999999], [-72.736726, 42.284241], [-72.74121699999999, 42.36272999999999]]]}}, {"type": "Feature", "properties": {"district_name": "9th Congressional District", "chamber": "us-house", "vintage": "2012-2020", "url": "/district/us-house-9th-congressional-district-2012-2020/", "latest_year": 2020, "years": [{"year": 2020, "lean_dem_share": 0.5903, "competitiveness": "Likely", "competitiveness_label": "Likely D", "party_favored": "Democratic", "is_uncontested": false, "turnout_ratio": 0.9534, "winner_name": "Bill Keating", "winner_party": "Democratic", "winner_war": -0.01, "winner_lean_component": 0.3032, "winner_tide_component": 0.0432, "winner_incumbency_adjustment": 0.035, "winner_demographics_component": null, "winner_fundraising_component": null}, {"year": 2018, "lean_dem_share": 0.2685, "competitiveness": "Safe", "competitiveness_label": "Safe R", "party_favored": "Republican", "is_uncontested": false, "turnout_ratio": 1.0005, "winner_name": "Bill Keating", "winner_party": "Democratic", "winner_war": 0.0129, "winner_lean_component": 0.3032, "winner_tide_component": 0.0214, "winner_incumbency_adjustment": 0.0, "winner_demographics_component": null, "winner_fundraising_component": null}, {"year": 2016, "lean_dem_share": 0.5575, "competitiveness": "Likely", "competitiveness_label": "Likely D", "party_favored": "Democratic", "is_uncontested": false, "turnout_ratio": 0.9084, "winner_name": "William Richard Keating", "winner_party": "Democratic", "winner_war": -0.0127, "winner_lean_component": 0.3032, "winner_tide_component": 0.0416, "winner_incumbency_adjustment": 0.035, "winner_demographics_component": null, "winner_fundraising_component": null}, {"year": 2014, "lean_dem_share": 0.4459, "competitiveness": "Likely", "competitiveness_label": "Likely R", "party_favored": "Republican", "is_uncontested": false, "turnout_ratio": 1.0133, "winner_name": "William Richard Keating", "winner_party": "Democratic", "winner_war": -0.0415, "winner_lean_component": 0.3032, "winner_tide_component": 0.0316, "winner_incumbency_adjustment": 0.0, "winner_demographics_component": null, "winner_fundraising_component": null}, {"year": 2012, "lean_dem_share": 0.5642, "competitiveness": "Likely", "competitiveness_label": "Likely D", "party_favored": "Democratic", "is_uncontested": false, "turnout_ratio": 0.8609, "winner_name": "William Richard Keating", "winner_party": "Democratic", "winner_war": 0.0466, "winner_lean_component": 0.3032, "winner_tide_component": 0.0398, "winner_incumbency_adjustment": 0.0, "winner_demographics_component": null, "winner_fundraising_component": null}], "lean_dem_share": 0.5903, "competitiveness": "Likely", "competitiveness_label": "Likely D", "party_favored": "Democratic", "is_uncontested": false, "turnout_ratio": 0.9534, "winner_name": "Bill Keating", "winner_party": "Democratic", "winner_war": -0.01, "winner_lean_component": 0.3032, "winner_tide_component": 0.0432, "winner_incumbency_adjustment": 0.035, "winner_demographics_component": null, "winner_fundraising_component": null}, "geometry": {"type": "Polygon", "coordinates": [[[-71.201162, 41.681909], [-71.19619, 41.68630200000001], [-71.18979, 41.691502], [-71.17419000000001, 41.70220199999999], [-71.168431, 41.708337], [-71.161377, 41.70435500000001], [-71.16266399999999, 41.70452800000002], [-71.163088, 41.70432199999999], [-71.164553, 41.70207599999999], [-71.165887, 41.70058799999999], [-71.16582300000002, 41.700365999999995], [-71.165308, 41.700567], [-71.163612, 41.700268], [-71.164632, 41.696636], [-71.162533, 41.69628199999996], [-71.16180899999999, 41.69893600000001], [-71.158898, 41.698471], [-71.1584, 41.698087], [-71.15659699999999, 41.697506000000004], [-71.152217, 41.69536699999997], [-71.14988, 41.696614000000004], [-71.15081099999999, 41.69735899999999], [-71.15328, 41.699868999999985], [-71.15302, 41.69999699999998], [-71.14689299999999, 41.698817], [-71.141668, 41.696372000000004], [-71.14169, 41.69712100000001], [-71.139622, 41.697072999999996], [-71.13788699999999, 41.69676200000001], [-71.13768499999999, 41.697435000000006], [-71.137123, 41.697339], [-71.137283, 41.696650999999996], [-71.13663199999999, 41.69644900000001], [-71.135598, 41.696421000000015], [-71.135695, 41.69785399999999], [-71.135466, 41.69827000000001], [-71.133157, 41.697834], [-71.133065, 41.69677799999998], [-71.13101999999999, 41.696870000000004], [-71.13103699999999, 41.697424], [-71.122907, 41.69592299999999], [-71.119266, 41.707956999999986], [-71.11900299999999, 41.70723699999998], [-71.118762, 41.707905999999994], [-71.118336, 41.70822299999999], [-71.110905, 41.707], [-71.109897, 41.709754000000004], [-71.109565, 41.712230999999996], [-71.10886099999999, 41.71256700000001], [-71.108554, 41.713044000000004], [-71.108263, 41.71537200000001], [-71.108395, 41.715844000000004], [-71.10881300000001, 41.716239], [-71.108696, 41.71701300000001], [-71.107452, 41.717979], [-71.107415, 41.71845099999999], [-71.107108, 41.71908199999999], [-71.10663199999999, 41.719516000000006], [-71.107036, 41.720366999999996], [-71.105798, 41.721114], [-71.105741, 41.722102], [-71.105301, 41.722558], [-71.105448, 41.72268899999999], [-71.105997, 41.72247499999999], [-71.106049, 41.72269999999999], [-71.10560199999999, 41.72310600000001], [-71.104708, 41.723194], [-71.103647, 41.72425400000001], [-71.104226, 41.724781], [-71.104578, 41.725516000000006], [-71.104571, 41.725719], [-71.10394099999999, 41.726487999999996], [-71.104191, 41.72726199999997], [-71.104558, 41.727683999999996], [-71.103606, 41.728502999999996], [-71.103174, 41.729182999999985], [-71.103504, 41.72977000000001], [-71.103593, 41.73082400000001], [-71.103044, 41.731747], [-71.102766, 41.732866], [-71.101998, 41.73391000000001], [-71.101697, 41.733833], [-71.101522, 41.735090000000014], [-71.10161699999999, 41.73606899999999], [-71.09978199999999, 41.73671], [-71.09799699999999, 41.736763], [-71.095646, 41.73621099999998], [-71.092581, 41.735822999999996], [-71.09020799999999, 41.73521500000001], [-71.09016199999999, 41.735586999999995], [-71.085909, 41.73896400000001], [-71.084791, 41.73919900000001], [-71.07848299999999, 41.73963899999999], [-71.077297, 41.740066000000006], [-71.075955, 41.741616999999984], [-71.075682, 41.74228599999999], [-71.075073, 41.744797999999996], [-71.074921, 41.748386], [-71.073829, 41.752019000000004], [-71.07285399999999, 41.754334], [-71.072032, 41.75749300000001], [-71.009537, 41.74619200000001], [-71.011896, 41.711777999999995], [-70.943305, 41.74451499999999], [-70.92232, 41.754799999999996], [-70.92249799999999, 41.755122], [-70.92273899999999, 41.75508300000001], [-70.922696, 41.755358], [-70.92308, 41.755355], [-70.92322, 41.75565199999999], [-70.923444, 41.755719000000006], [-70.923552, 41.755548], [-70.924052, 41.75565499999999], [-70.92455, 41.75602800000001], [-70.924611, 41.75624799999999], [-70.92488999999999, 41.756303], [-70.924913, 41.75658999999998], [-70.925292, 41.75659500000001], [-70.926146, 41.757017000000005], [-70.926424, 41.75761700000001], [-70.926309, 41.75843199999999], [-70.92605999999999, 41.758608], [-70.926104, 41.758907000000015], [-70.907184, 41.76354299999999], [-70.915095, 41.77874699999999], [-70.921708, 41.790853999999996], [-70.92158599999999, 41.79086999999999], [-70.921792, 41.79126399999999], [-70.896053, 41.79437500000002], [-70.89864399999999, 41.81487700000002], [-70.893777, 41.82659100000002], [-70.893454, 41.82790100000001], [-70.893973, 41.828881], [-70.910984, 41.844686], [-70.91511299999999, 41.848834999999994], [-70.918689, 41.85204200000001], [-70.9186, 41.853018], [-70.91716699999999, 41.855536], [-70.91710599999999, 41.85629400000002], [-70.916754, 41.85706100000001], [-70.916799, 41.85742500000001], [-70.917239, 41.85790399999999], [-70.917523, 41.858650999999995], [-70.9162, 41.859754], [-70.91427399999999, 41.859587999999995], [-70.914185, 41.86034199999998], [-70.91337399999999, 41.860575999999995], [-70.912908, 41.861543000000005], [-70.91300799999999, 41.86183800000001], [-70.914003, 41.861835000000006], [-70.91458999999999, 41.86222600000001], [-70.914737, 41.862745999999994], [-70.914687, 41.86333199999999], [-70.915043, 41.86393], [-70.91541500000001, 41.86417999999999], [-70.914896, 41.86497200000001], [-70.915139, 41.865171000000004], [-70.915829, 41.86529899999999], [-70.91601, 41.86552599999998], [-70.915306, 41.866046000000004], [-70.916544, 41.86672799999999], [-70.916769, 41.867039999999996], [-70.916758, 41.867305999999985], [-70.916523, 41.86757100000003], [-70.915205, 41.86819199999999], [-70.91492, 41.868431], [-70.914624, 41.86904500000001], [-70.913437, 41.86976900000002], [-70.913231, 41.87031], [-70.913352, 41.87060899999997], [-70.914258, 41.87126099999998], [-70.91492199999999, 41.872065000000006], [-70.91626099999999, 41.872294], [-70.91645199999999, 41.872471], [-70.916151, 41.875240999999995], [-70.916555, 41.876512999999996], [-70.91637399999999, 41.876852], [-70.91920499999999, 41.87902299999999], [-70.963275, 41.896377], [-70.963911, 41.898134000000006], [-70.964633, 41.899529], [-70.96602, 41.900411999999996], [-70.96838199999999, 41.90117300000001], [-70.971544, 41.901597], [-70.972779, 41.901256000000004], [-70.974396, 41.90110200000001], [-70.97483799999999, 41.901351], [-70.975146, 41.901188000000005], [-70.97577799999999, 41.901306999999996], [-70.976308, 41.90118600000002], [-70.976661, 41.901382000000005], [-70.976661, 41.90157999999999], [-70.977457, 41.90229199999999], [-70.977531, 41.902642], [-70.977825, 41.90271799999999], [-70.977797, 41.903046999999994], [-70.97843, 41.903684], [-70.978828, 41.903871], [-70.97964999999999, 41.903542], [-70.980121, 41.90359199999998], [-70.981301, 41.90517500000001], [-70.98183, 41.905314], [-70.98234599999999, 41.905750999999974], [-70.983494, 41.906015000000004], [-70.983671, 41.906399], [-70.984157, 41.906561999999994], [-70.984894, 41.90747300000001], [-70.985225, 41.907488999999984], [-70.985716, 41.90692199999999], [-70.987596, 41.90574600000001], [-70.98899399999999, 41.905843], [-70.989479, 41.906119], [-70.989745, 41.906555000000004], [-70.99001, 41.906609], [-70.990157, 41.90640400000001], [-70.99059799999999, 41.90673000000001], [-70.991289, 41.90658699999998], [-70.99148, 41.90631399999999], [-70.99195, 41.906094], [-70.992864, 41.906438], [-70.991602, 41.907365], [-70.9911, 41.90832899999998], [-70.99083999999999, 41.90930099999999], [-70.990826, 41.910873], [-70.991676, 41.91510000000001], [-70.992024, 41.915859999999995], [-70.993155, 41.916246], [-70.993578, 41.916202], [-70.99398, 41.915934], [-70.99423, 41.91496599999999], [-70.99499899999999, 41.91496599999999], [-70.99602999999999, 41.915448000000005], [-70.996912, 41.91635599999999], [-70.99727299999999, 41.91762800000001], [-70.997176, 41.919287000000004], [-70.996712, 41.92125800000001], [-70.99698099999999, 41.923094999999996], [-70.995683, 41.924437999999995], [-70.995638, 41.925509999999996], [-70.995961, 41.926333000000014], [-70.996804, 41.92740399999999], [-70.997489, 41.927769999999995], [-70.9992, 41.92830800000004], [-70.999785, 41.92882], [-70.999821, 41.92917500000001], [-70.999614, 41.929485], [-70.99970499999999, 41.929592], [-70.99931699999999, 41.92989499999999], [-70.99931699999999, 41.930223999999995], [-70.999039, 41.93068799999999], [-70.998671, 41.930600000000005], [-70.99905199999999, 41.930049000000004], [-70.99893399999999, 41.929853], [-70.998609, 41.92990800000001], [-70.998302, 41.93025999999998], [-70.99874799999999, 41.93211200000002], [-70.998237, 41.933804], [-70.99794399999999, 41.934102], [-70.997399, 41.934048000000004], [-70.996132, 41.933223999999996], [-70.995307, 41.932917999999994], [-70.992285, 41.932142000000006], [-70.99152099999999, 41.93162199999999], [-70.990037, 41.931674999999984], [-70.989546, 41.932007000000006], [-70.987902, 41.934198], [-70.987436, 41.935585999999994], [-70.98731099999999, 41.93737], [-70.987123, 41.937616], [-70.98665799999999, 41.93787300000001], [-70.984656, 41.938238], [-70.980312, 41.94022599999998], [-70.979435, 41.94039000000003], [-70.976316, 41.93934499999999], [-70.974665, 41.939170999999995], [-70.973972, 41.93932799999998], [-70.973547, 41.93966399999998], [-70.97351400000001, 41.93987099999999], [-70.97118499999999, 41.93892499999999], [-70.969171, 41.938622], [-70.968328, 41.938275999999995], [-70.96674399999999, 41.937038], [-70.966135, 41.93674600000001], [-70.963743, 41.93613400000002], [-70.96077400000001, 41.935815999999996], [-70.960317, 41.93560300000001], [-70.959334, 41.93475099999999], [-70.95694, 41.933908999999986], [-70.956222, 41.933876], [-70.954962, 41.93440699999999], [-70.954428, 41.93446999999999], [-70.95205, 41.934208000000005], [-70.950504, 41.93439699999999], [-70.949418, 41.934348], [-70.948069, 41.93388899999999], [-70.947509, 41.933304], [-70.947102, 41.93251399999999], [-70.94671699999999, 41.932426], [-70.94613, 41.932570999999996], [-70.94368399999999, 41.93471499999998], [-70.942686, 41.93633500000001], [-70.94248499999999, 41.937211999999995], [-70.94025599999999, 41.938714], [-70.938392, 41.94127599999999], [-70.938012, 41.94299799999998], [-70.93677600000001, 41.944950999999996], [-70.936364, 41.945983999999996], [-70.936353, 41.947199999999995], [-70.936927, 41.948600000000006], [-70.936953, 41.949184999999986], [-70.936238, 41.95157900000002], [-70.93606799999999, 41.953109], [-70.93586599999999, 41.95358099999999], [-70.934541, 41.954967], [-70.93414299999999, 41.956010000000006], [-70.933964, 41.95703499999999], [-70.933706, 41.957526], [-70.932997, 41.95825399999999], [-70.931399, 41.95934799999999], [-70.92939799999999, 41.960061999999986], [-70.926115, 41.959697999999996], [-70.924512, 41.95891900000001], [-70.92357299999999, 41.958934000000006], [-70.923186, 41.959148], [-70.922778, 41.95966699999999], [-70.92268299999999, 41.960859000000006], [-70.92178899999999, 41.962478], [-70.92067999999999, 41.96309300000001], [-70.92000999999999, 41.962975], [-70.920147, 41.96216200000001], [-70.91982, 41.961911], [-70.917171, 41.96168000000001], [-70.915398, 41.960927], [-70.913901, 41.96094299999999], [-70.91350299999999, 41.96114299999999], [-70.913434, 41.96155900000001], [-70.914439, 41.961667999999996], [-70.91483199999999, 41.962005000000005], [-70.914153, 41.96297599999999], [-70.91343499999999, 41.96335799999999], [-70.91301299999999, 41.96300599999999], [-70.91253, 41.96301400000001], [-70.90999699999999, 41.963921], [-70.909902, 41.964530999999994], [-70.91052599999999, 41.96512399999999], [-70.910799, 41.965795], [-70.910578, 41.96594199999999], [-70.90952, 41.965969], [-70.908857, 41.966173999999974], [-70.908148, 41.96651899999999], [-70.90750899999999, 41.967115], [-70.90714200000001, 41.96758], [-70.907118, 41.970107], [-70.907625, 41.970968000000006], [-70.908592, 41.971933], [-70.90862899999999, 41.97247300000001], [-70.908318, 41.97357199999999], [-70.908384, 41.97401699999998], [-70.910139, 41.975954], [-70.911726, 41.97700699999998], [-70.91211899999999, 41.977692000000005], [-70.912091, 41.978558], [-70.911492, 41.97938699999998], [-70.911369, 41.98022900000001], [-70.901399, 41.982980999999995], [-70.89977499999999, 41.988284], [-70.899185, 41.99632100000001], [-70.899571, 42.002975], [-70.897744, 42.01644900000001], [-70.89689299999999, 42.019419], [-70.896618, 42.02328499999998], [-70.89764900000002, 42.024224000000004], [-70.897418, 42.024941], [-70.899729, 42.02529899999999], [-70.90693399999999, 42.056687], [-70.907549, 42.058795], [-70.90845999999999, 42.062885000000016], [-70.909395, 42.068182], [-70.912962, 42.084417], [-70.90238699999999, 42.08590100000001], [-70.93148699999999, 42.116549], [-70.936723, 42.13619500000001], [-70.939888, 42.13610000000002], [-70.94238899999999, 42.1426], [-70.94539, 42.142401], [-70.94896299999999, 42.14815600000001], [-70.89351599999999, 42.16981399999999], [-70.887603, 42.173334999999994], [-70.870733, 42.18223], [-70.852165, 42.19046199999999], [-70.838864, 42.19480600000001], [-70.813502, 42.195372], [-70.77786400000001, 42.183854], [-70.752394, 42.163937], [-70.749816, 42.165015000000025], [-70.748801, 42.16490799999999], [-70.747605, 42.163928], [-70.746815, 42.162504], [-70.74627300000002, 42.162001999999994], [-70.744875, 42.161380000000015], [-70.742572, 42.161080999999996], [-70.74126, 42.161156], [-70.736694, 42.162519], [-70.736296, 42.16244499999999], [-70.734111, 42.160932999999986], [-70.732953, 42.160681999999994], [-70.732225, 42.160875], [-70.73184499999999, 42.16122], [-70.731335, 42.162046999999994], [-70.73092799999999, 42.16328], [-70.730155, 42.164452000000004], [-70.729261, 42.16510699999999], [-70.728647, 42.165343], [-70.726885, 42.16555699999999], [-70.719684, 42.164868999999996], [-70.71992399999999, 42.164592000000006], [-70.719685, 42.16432299999999], [-70.71843799999999, 42.163607999999996], [-70.716988, 42.162356999999986], [-70.71452699999999, 42.16135500000001], [-70.713281, 42.16120499999998], [-70.712437, 42.160208999999995], [-70.712398, 42.15949399999998], [-70.711468, 42.158404000000004], [-70.711489, 42.15657099999999], [-70.710438, 42.153883999999984], [-70.708896, 42.15227300000001], [-70.707275, 42.151501], [-70.70531799999999, 42.150936], [-70.70433500000001, 42.15135500000001], [-70.703664, 42.151306000000005], [-70.70342, 42.151007000000014], [-70.702631, 42.15072199999999], [-70.702458, 42.150980999999994], [-70.702094, 42.151073000000004], [-70.702112, 42.150088], [-70.702264, 42.14996499999999], [-70.701504, 42.14896399999998], [-70.70176099999999, 42.146654999999996], [-70.701677, 42.146026000000006], [-70.70134399999999, 42.14527499999999], [-70.69998199999999, 42.143964999999994], [-70.697187, 42.14229900000001], [-70.693979, 42.13923700000001], [-70.693497, 42.138526999999975], [-70.692059, 42.13531299999998], [-70.690867, 42.134367], [-70.689128, 42.133568999999994], [-70.688311, 42.132966999999994], [-70.687292, 42.130748999999994], [-70.685923, 42.129146], [-70.68397399999999, 42.127404000000006], [-70.68308499999999, 42.12596399999999], [-70.682974, 42.125250999999984], [-70.680049, 42.12634200000002], [-70.6799, 42.12611999999999], [-70.66957099999999, 42.12939499999999], [-70.665784, 42.12510000000001], [-70.624483, 42.125107], [-70.624482, 42.15722500000002], [-70.62258, 42.154424], [-70.608381, 42.13847900000001], [-70.499477, 42.130739000000005], [-70.41480299999999, 42.125097999999994], [-70.41145399999999, 42.125099], [-70.37447399999999, 42.12155], [-70.32252199999999, 42.11791499999998], [-70.27743, 42.114344999999986], [-70.253194, 42.125102999999996], [-70.249472, 42.126926000000005], [-70.229175, 42.131189], [-70.215587, 42.132785000000005], [-70.206221, 42.13305399999999], [-70.1954, 42.13154900000001], [-70.184474, 42.13383700000001], [-70.17254199999999, 42.13451500000001], [-70.15067599999999, 42.131465], [-70.135694, 42.127348999999995], [-70.130377, 42.126929000000004], [-70.124471, 42.12604100000001], [-70.120691, 42.12510099999998], [-70.067098, 42.10532699999998], [-70.040302, 42.09163400000001], [-70.011591, 42.073378], [-69.996279, 42.059687], [-69.969482, 42.029253999999995], [-69.954169, 42.00795500000001], [-69.94821, 42.00010599999999], [-69.940645, 41.992345], [-69.929109, 41.97847599999998], [-69.92302699999999, 41.967760999999996], [-69.917706, 41.95924699999999], [-69.909178, 41.94206200000001], [-69.902402, 41.922145999999984], [-69.89530500000001, 41.90675299999999], [-69.88001799999999, 41.86197800000001], [-69.877762, 41.85284599999999], [-69.876263, 41.84896999999999], [-69.874498, 41.842448000000005], [-69.87315, 41.838648000000006], [-69.872379, 41.831586], [-69.86949899999999, 41.826626999999995], [-69.866525, 41.81701100000002], [-69.86557499999999, 41.80767099999999], [-69.865779, 41.795636], [-69.865595, 41.790980000000005], [-69.862511, 41.773522], [-69.862366, 41.76631799999999], [-69.860058, 41.758503000000005], [-69.85984599999999, 41.75011000000002], [-69.85913000000001, 41.73649999999999], [-69.85886099999999, 41.720383], [-69.85895, 41.706916], [-69.86054, 41.69232599999999], [-69.862098, 41.68497099999998], [-69.862876, 41.67315300000002], [-69.86812499999999, 41.65679100000001], [-69.87106399999999, 41.65256699999999], [-69.874459, 41.645026000000016], [-69.884485, 41.630303000000005], [-69.889012, 41.625195999999995], [-69.888835, 41.625113], [-69.88942, 41.622694], [-69.891662, 41.617186000000004], [-69.898562, 41.60609599999999], [-69.907546, 41.596033000000006], [-69.915399, 41.58924300000001], [-69.916197, 41.58428899999998], [-69.919766, 41.574033], [-69.921517, 41.57090000000001], [-69.921345, 41.562281999999996], [-69.924632, 41.54464599999999], [-69.928994, 41.53215200000001], [-69.936401, 41.52193600000001], [-69.946613, 41.512152], [-69.958172, 41.50466], [-69.96743, 41.50011599999999], [-69.968606, 41.50011599999999], [-69.971289, 41.49887200000001], [-69.979776, 41.496567], [-69.988306, 41.49449599999999], [-69.994377, 41.493663], [-69.99816899999999, 41.493399], [-69.99945799999999, 41.49111800000001], [-69.99945799999999, 41.490527], [-70.013862, 41.47743899999999], [-70.02367699999999, 41.471948], [-70.040313, 41.46596], [-70.055437, 41.46410999999999], [-70.073742, 41.465019999999996], [-70.084904, 41.467493], [-70.101508, 41.474444], [-70.11439399999999, 41.484083000000005], [-70.12259499999999, 41.494499000000005], [-70.124461, 41.498521], [-70.124924, 41.500115], [-70.126677, 41.50369799999999], [-70.127962, 41.509674], [-70.128764, 41.51769199999999], [-70.128554, 41.52473200000001], [-70.126792, 41.530878000000016], [-70.122559, 41.537833], [-70.116719, 41.54499300000001], [-70.10952, 41.551482], [-70.102029, 41.556352000000004], [-70.086572, 41.562447999999996], [-70.080316, 41.564454], [-70.073586, 41.57770800000001], [-70.068572, 41.58522], [-70.063352, 41.59017299999999], [-70.06469899999999, 41.59323000000001], [-70.068046, 41.602954000000004], [-70.068569, 41.61069699999999], [-70.077934, 41.61252799999999], [-70.093772, 41.608323999999996], [-70.109368, 41.605591], [-70.124462, 41.600849], [-70.12695200000002, 41.600203], [-70.138491, 41.59869200000001], [-70.148926, 41.599133], [-70.16035699999999, 41.59937], [-70.163439, 41.597952], [-70.170602, 41.595588000000006], [-70.1815, 41.593547000000015], [-70.189375, 41.59049600000001], [-70.19823699999999, 41.58734200000001], [-70.20804, 41.584149999999994], [-70.220282, 41.57233699999998], [-70.22555799999999, 41.568560999999995], [-70.23194699999999, 41.56559500000001], [-70.241092, 41.56210999999999], [-70.24946299999999, 41.560146], [-70.255691, 41.559146], [-70.26742899999999, 41.558372999999996], [-70.278898, 41.559315999999995], [-70.289965, 41.561639], [-70.299331, 41.565916999999985], [-70.31125399999999, 41.57106200000001], [-70.32021399999999, 41.568946000000004], [-70.331549, 41.567898], [-70.34633699999999, 41.56845300000001], [-70.351936, 41.566649000000005], [-70.364206, 41.562196000000014], [-70.387281, 41.55768099999999], [-70.395164, 41.556722], [-70.397122, 41.55440199999998], [-70.405051, 41.546195000000004], [-70.411202, 41.540744], [-70.417304, 41.534822000000005], [-70.423896, 41.528732], [-70.432904, 41.52206300000001], [-70.440131, 41.517479], [-70.448567, 41.513093000000005], [-70.457634, 41.50934100000001], [-70.466436, 41.50616000000001], [-70.478689, 41.50350299999999], [-70.48396699999999, 41.502545999999995], [-70.48974, 41.501856], [-70.498209, 41.502565], [-70.502832, 41.500635], [-70.50860300000001, 41.498965], [-70.504182, 41.494858], [-70.499472, 41.488233], [-70.494942, 41.479631999999995], [-70.49165800000002, 41.47100900000001], [-70.489689, 41.462976999999995], [-70.485385, 41.463802999999984], [-70.475994, 41.46614099999998], [-70.46395, 41.468], [-70.44800699999999, 41.469355], [-70.436449, 41.46891900000001], [-70.421087, 41.46441600000002], [-70.405928, 41.457012999999996], [-70.392892, 41.44547999999999], [-70.385874, 41.43372099999999], [-70.38080699999999, 41.411995999999995], [-70.380693, 41.385361], [-70.38216299999999, 41.375117999999986], [-70.383449, 41.369933], [-70.37011199999999, 41.36876899999999], [-70.36769799999999, 41.37142700000001], [-70.362641, 41.375117999999986], [-70.353085, 41.381454999999995], [-70.338289, 41.38854999999999], [-70.323593, 41.391607], [-70.308734, 41.390693000000006], [-70.302438, 41.389624999999995], [-70.294179, 41.39144599999999], [-70.283214, 41.39288499999999], [-70.26728299999999, 41.393426000000005], [-70.258549, 41.39210699999999], [-70.24946299999999, 41.390049], [-70.247689, 41.38989099999999], [-70.238142, 41.38620499999999], [-70.233576, 41.38263999999998], [-70.224936, 41.37511999999999], [-70.221622, 41.371769], [-70.21733400000001, 41.364996999999995], [-70.215115, 41.360274999999994], [-70.208297, 41.35802499999999], [-70.19838299999999, 41.359024999999995], [-70.187287, 41.358380000000004], [-70.174906, 41.357290000000006], [-70.159992, 41.35224200000002], [-70.148699, 41.345215999999986], [-70.13794, 41.346371000000005], [-70.13223099999999, 41.348731], [-70.124461, 41.35132699999998], [-70.11933499999999, 41.352638000000006], [-70.110095, 41.353592], [-70.101618, 41.35344999999999], [-70.09784400000001, 41.353584000000005], [-70.103251, 41.359705], [-70.107199, 41.365213000000004], [-70.111328, 41.37038899999998], [-70.11644, 41.38616500000001], [-70.116541, 41.39513199999999], [-70.112734, 41.408126], [-70.105819, 41.419866], [-70.09441199999999, 41.43081], [-70.078847, 41.438015], [-70.06517400000001, 41.442687], [-70.04427199999999, 41.44380099999999], [-70.025902, 41.44107899999998], [-70.006467, 41.43389800000001], [-69.99945799999999, 41.42843199999999], [-69.98922700000001, 41.421225], [-69.98177500000001, 41.41520800000001], [-69.974592, 41.40892200000001], [-69.969634, 41.403510999999995], [-69.957745, 41.38725], [-69.943801, 41.36671700000001], [-69.938456, 41.357645000000005], [-69.92983699999999, 41.34532299999999], [-69.92644, 41.33879399999998], [-69.921579, 41.332398], [-69.91494999999999, 41.324194999999996], [-69.910093, 41.317263], [-69.902948, 41.30520699999999], [-69.898321, 41.29700299999999], [-69.894885, 41.29037199999999], [-69.893789, 41.286925000000004], [-69.89295899999999, 41.28364299999999], [-69.89244500000001, 41.27909000000001], [-69.8925, 41.27621099999998], [-69.892209, 41.271323], [-69.894472, 41.25923999999999], [-69.896044, 41.254119], [-69.89774299999999, 41.250122000000005], [-69.89900999999999, 41.24553799999998], [-69.902992, 41.238416], [-69.910319, 41.226849], [-69.915842, 41.220939], [-69.922911, 41.21583999999999], [-69.930953, 41.21054300000001], [-69.942008, 41.204519999999995], [-69.953586, 41.19967199999999], [-69.973182, 41.193545000000015], [-69.98315099999999, 41.191403], [-69.999457, 41.188305], [-70.012483, 41.18705299999999], [-70.025702, 41.187102], [-70.039705, 41.18819200000001], [-70.051647, 41.190908], [-70.072666, 41.19163400000001], [-70.109684, 41.189803000000005], [-70.12446, 41.19242200000001], [-70.13585499999999, 41.194649], [-70.16117, 41.20068999999998], [-70.178851, 41.204530999999996], [-70.217017, 41.21817599999999], [-70.227997, 41.222664], [-70.239982, 41.228463], [-70.285736, 41.242346000000005], [-70.294484, 41.246499000000014], [-70.314298, 41.260532000000005], [-70.33509000000001, 41.272779], [-70.344083, 41.27614600000001], [-70.357554, 41.27259600000002], [-70.374466, 41.26945800000001], [-70.38667099999999, 41.27128199999999], [-70.396777, 41.273013999999996], [-70.408733, 41.277294000000005], [-70.414493, 41.273953], [-70.429075, 41.268651000000006], [-70.444758, 41.265513000000006], [-70.459851, 41.26525300000001], [-70.475635, 41.270219999999995], [-70.493308, 41.279975], [-70.49946899999999, 41.28574100000001], [-70.512199, 41.298313], [-70.530599, 41.299198999999994], [-70.54521000000001, 41.299672000000015], [-70.571848, 41.30009399999999], [-70.593135, 41.299843999999986], [-70.606672, 41.29940999999999], [-70.62447, 41.298382], [-70.655087, 41.29616499999999], [-70.68502, 41.29317599999998], [-70.686615, 41.292058999999995], [-70.689055, 41.290937000000014], [-70.692874, 41.28963900000001], [-70.700169, 41.289058000000004], [-70.70310599999999, 41.28904], [-70.704591, 41.28483399999999], [-70.707362, 41.280218], [-70.711063, 41.27485699999999], [-70.716499, 41.26945200000001], [-70.721634, 41.265861], [-70.726731, 41.26311000000002], [-70.734843, 41.25923100000001], [-70.734065, 41.256147999999996], [-70.734045, 41.253327000000006], [-70.733667, 41.25011600000003], [-70.73475300000001, 41.24625999999999], [-70.738908, 41.236427], [-70.74430699999999, 41.22603000000001], [-70.749473, 41.22017299999998], [-70.754188, 41.216091], [-70.767837, 41.20648999999999], [-70.783582, 41.20121899999999], [-70.80595, 41.19874200000001], [-70.823645, 41.20064899999999], [-70.847746, 41.20581399999999], [-70.866343, 41.21539699999999], [-70.87447399999999, 41.221380999999994], [-70.877327, 41.224143999999995], [-70.884973, 41.23378399999999], [-70.890541, 41.24309099999999], [-70.89245700000001, 41.25011200000001], [-70.89420299999999, 41.25943899999999], [-70.89359499999999, 41.267993999999995], [-70.890337, 41.27736199999999], [-70.885683, 41.28506600000001], [-70.878182, 41.29214699999999], [-70.874475, 41.29496799999998], [-70.870027, 41.29706799999999], [-70.87447399999999, 41.30134999999999], [-70.877963, 41.30370800000001], [-70.884472, 41.31016199999997], [-70.891363, 41.318817999999986], [-70.897722, 41.327411000000005], [-70.901005, 41.334613], [-70.903815, 41.346727], [-70.903739, 41.35508000000001], [-70.901866, 41.36177], [-70.896017, 41.37014800000001], [-70.902603, 41.36761300000002], [-70.918399, 41.363033], [-70.938664, 41.353986000000006], [-70.95575199999999, 41.35016100000001], [-70.97052099999999, 41.34918700000001], [-70.979229, 41.349643999999984], [-70.990748, 41.351288999999994], [-70.99947999999999, 41.354103], [-71.006315, 41.357319], [-71.014799, 41.362019999999994], [-71.020472, 41.366723], [-71.02610299999999, 41.37169300000001], [-71.032701, 41.38027300000001], [-71.037211, 41.388908000000015], [-71.039918, 41.398259], [-71.038114, 41.405453], [-71.033604, 41.41408500000001], [-71.053451, 41.41695899999999], [-71.07240399999999, 41.42557], [-71.085038, 41.433467], [-71.088571, 41.431315], [-71.116404, 41.484567999999996], [-71.121116, 41.492787000000014], [-71.119874, 41.49460399999998], [-71.120617, 41.497901000000006], [-71.122495, 41.52213899999998], [-71.125329, 41.54357699999999], [-71.126199, 41.551514999999995], [-71.126868, 41.55486099999999], [-71.12657999999999, 41.55570700000001], [-71.126989, 41.55579499999999], [-71.127862, 41.562781], [-71.12803199999999, 41.565512999999996], [-71.128222, 41.56565700000001], [-71.131727, 41.593762000000005], [-71.138464, 41.603635000000004], [-71.138688, 41.603902000000005], [-71.140078, 41.604665000000004], [-71.140442, 41.605298000000005], [-71.141598, 41.611089], [-71.141415, 41.61136399999998], [-71.14156, 41.612154000000004], [-71.141875, 41.612544000000014], [-71.14027, 41.62379199999999], [-71.135514, 41.628294000000004], [-71.134464, 41.644012], [-71.132721, 41.65945599999998], [-71.13250699999999, 41.660356], [-71.176017, 41.668269], [-71.17587999999999, 41.671541999999995], [-71.195555, 41.67515199999999], [-71.201162, 41.681909]]]}}, {"type": "Feature", "properties": {"district_name": "6th Congressional District", "chamber": "us-house", "vintage": "2012-2020", "url": "/district/us-house-6th-congressional-district-2012-2020/", "latest_year": 2020, "years": [{"year": 2020, "lean_dem_share": 0.6371, "competitiveness": "Safe", "competitiveness_label": "Safe D", "party_favored": "Democratic", "is_uncontested": false, "turnout_ratio": 0.9932, "winner_name": "Seth W. Moulton", "winner_party": "Democratic", "winner_war": 0.0111, "winner_lean_component": 0.3094, "winner_tide_component": 0.0432, "winner_incumbency_adjustment": 0.035, "winner_demographics_component": null, "winner_fundraising_component": null}, {"year": 2018, "lean_dem_share": 0.2644, "competitiveness": "Safe", "competitiveness_label": "Safe R", "party_favored": "Republican", "is_uncontested": false, "turnout_ratio": 0.9712, "winner_name": "Seth W. Moulton", "winner_party": "Democratic", "winner_war": 0.0527, "winner_lean_component": 0.3094, "winner_tide_component": 0.0214, "winner_incumbency_adjustment": 0.035, "winner_demographics_component": null, "winner_fundraising_component": null}, {"year": 2016, "lean_dem_share": 0.5944, "competitiveness": "Likely", "competitiveness_label": "Likely D", "party_favored": "Democratic", "is_uncontested": true, "turnout_ratio": 0.8153, "winner_name": "Seth W. Moulton", "winner_party": "Democratic", "winner_war": null, "winner_lean_component": 0.3094, "winner_tide_component": 0.0416, "winner_incumbency_adjustment": 0.035, "winner_demographics_component": null, "winner_fundraising_component": null}, {"year": 2014, "lean_dem_share": 0.4252, "competitiveness": "Likely", "competitiveness_label": "Likely R", "party_favored": "Republican", "is_uncontested": false, "turnout_ratio": 0.9872, "winner_name": "Seth W. Moulton", "winner_party": "Democratic", "winner_war": -0.0255, "winner_lean_component": 0.3094, "winner_tide_component": 0.0316, "winner_incumbency_adjustment": 0.0, "winner_demographics_component": null, "winner_fundraising_component": null}, {"year": 2012, "lean_dem_share": 0.5547, "competitiveness": "Likely", "competitiveness_label": "Likely D", "party_favored": "Democratic", "is_uncontested": false, "turnout_ratio": 0.9344, "winner_name": "John F. Tierney", "winner_party": "Democratic", "winner_war": -0.0996, "winner_lean_component": 0.3094, "winner_tide_component": 0.0398, "winner_incumbency_adjustment": 0.0, "winner_demographics_component": null, "winner_fundraising_component": null}], "lean_dem_share": 0.6371, "competitiveness": "Safe", "competitiveness_label": "Safe D", "party_favored": "Democratic", "is_uncontested": false, "turnout_ratio": 0.9932, "winner_name": "Seth W. Moulton", "winner_party": "Democratic", "winner_war": 0.0111, "winner_lean_component": 0.3094, "winner_tide_component": 0.0432, "winner_incumbency_adjustment": 0.035, "winner_demographics_component": null, "winner_fundraising_component": null}, "geometry": {"type": "Polygon", "coordinates": [[[-71.33309, 42.560115], [-71.294221, 42.605477999999984], [-71.295092, 42.606343999999986], [-71.295469, 42.606975000000006], [-71.295674, 42.60933399999998], [-71.29593899999999, 42.61034999999999], [-71.297006, 42.612296], [-71.297028, 42.613010999999986], [-71.29627099999999, 42.612674999999996], [-71.283427, 42.61529900000001], [-71.277791, 42.62084700000002], [-71.274709, 42.62885899999998], [-71.271271, 42.643918000000006], [-71.27146499999999, 42.64611100000001], [-71.271682, 42.646305], [-71.27170699999999, 42.64801799999999], [-71.272018, 42.64921600000001], [-71.275154, 42.656216], [-71.272607, 42.656664], [-71.26420399999999, 42.65769100000001], [-71.256103, 42.656690999999995], [-71.255074, 42.65631799999999], [-71.25453, 42.656332], [-71.24669399999999, 42.65248700000001], [-71.23880299999999, 42.64889100000001], [-71.2261, 42.642491], [-71.204518, 42.63209899999999], [-71.172108, 42.616751], [-71.171488, 42.61638399999999], [-71.17212099999999, 42.61630500000001], [-71.172558, 42.61599400000001], [-71.172602, 42.61524300000001], [-71.172917, 42.61490400000002], [-71.176599, 42.61430499999999], [-71.17706199999999, 42.613839000000006], [-71.17692699999999, 42.61310500000002], [-71.177987, 42.61304], [-71.17796100000001, 42.612814], [-71.177298, 42.612162], [-71.177573, 42.61157800000001], [-71.177424, 42.611214], [-71.178243, 42.611174], [-71.17851499999999, 42.610898000000006], [-71.17841299999999, 42.610599], [-71.177893, 42.610679000000005], [-71.17752399999999, 42.61054000000001], [-71.177514, 42.609857000000005], [-71.177975, 42.60970700000001], [-71.17809799999999, 42.60950099999998], [-71.177733, 42.60898799999999], [-71.177781, 42.608807999999996], [-71.178583, 42.608642], [-71.178643, 42.60884700000001], [-71.17838499999999, 42.60908699999999], [-71.178733, 42.609235], [-71.179523, 42.609275999999994], [-71.179576, 42.608852], [-71.180549, 42.609214], [-71.18068099999999, 42.60911699999999], [-71.180278, 42.60871900000001], [-71.18054599999999, 42.608554999999996], [-71.181101, 42.608681999999995], [-71.181167, 42.60824200000001], [-71.165015, 42.59795899999999], [-71.163664, 42.60212999999999], [-71.160667, 42.605318], [-71.159517, 42.60765900000001], [-71.15861699999999, 42.61294799999999], [-71.156564, 42.61497700000001], [-71.154336, 42.615277000000006], [-71.148613, 42.61324899999999], [-71.14656, 42.609979999999986], [-71.145864, 42.608522], [-71.14540000000001, 42.60926999999998], [-71.144835, 42.611469], [-71.144257, 42.611622], [-71.143569, 42.612342], [-71.141752, 42.612902000000005], [-71.141586, 42.61307000000001], [-71.141559, 42.613659], [-71.139811, 42.61475600000001], [-71.139062, 42.61496499999999], [-71.13893, 42.61412599999999], [-71.137872, 42.613413], [-71.137816, 42.611182], [-71.13740500000002, 42.61051100000001], [-71.137591, 42.61004899999999], [-71.137305, 42.60953799999999], [-71.136664, 42.610507], [-71.13635, 42.610661000000015], [-71.135875, 42.611817], [-71.133983, 42.612784000000005], [-71.13328299999999, 42.61214099999998], [-71.13242199999999, 42.611886000000005], [-71.12975399999999, 42.612529], [-71.128847, 42.613243], [-71.1271, 42.61260100000002], [-71.127369, 42.61432899999999], [-71.126898, 42.615140000000004], [-71.124057, 42.61477699999998], [-71.124402, 42.61645900000001], [-71.12549800000001, 42.61996500000001], [-71.12638199999999, 42.62524700000002], [-71.127749, 42.631562], [-71.131483, 42.642366999999986], [-71.131761, 42.642309999999995], [-71.132818, 42.641324000000004], [-71.133077, 42.64031699999998], [-71.133827, 42.639506999999995], [-71.138328, 42.63875300000001], [-71.13931, 42.63821699999999], [-71.14031000000001, 42.637316999999996], [-71.141644, 42.63517600000002], [-71.14345, 42.633343999999994], [-71.144468, 42.63313900000001], [-71.145073, 42.63281000000001], [-71.14601499999999, 42.63396], [-71.14498800000001, 42.634404999999994], [-71.144214, 42.63712700000001], [-71.14381, 42.636661], [-71.14299, 42.636761000000014], [-71.1433, 42.63764399999999], [-71.143112, 42.63770799999999], [-71.143256, 42.638133], [-71.143241, 42.638982999999996], [-71.143631, 42.639674000000014], [-71.144452, 42.640021999999995], [-71.144822, 42.64077099999998], [-71.144487, 42.642970999999996], [-71.144026, 42.644253], [-71.143194, 42.648245], [-71.144713, 42.649002999999986], [-71.144797, 42.64947600000001], [-71.143014, 42.652620000000006], [-71.142077, 42.654706000000004], [-71.139873, 42.65519700000001], [-71.13581599999999, 42.65647699999998], [-71.132702, 42.656774000000006], [-71.133347, 42.658832999999994], [-71.132458, 42.65896299999999], [-71.133715, 42.66146699999998], [-71.13500499999999, 42.662698], [-71.13400899999999, 42.663478], [-71.131118, 42.665198999999994], [-71.130268, 42.66593900000001], [-71.128423, 42.668861], [-71.127479, 42.67083299999999], [-71.12683500000001, 42.671814999999995], [-71.12882700000002, 42.67445], [-71.134529, 42.67683699999999], [-71.133686, 42.67953500000002], [-71.13927699999999, 42.68440699999999], [-71.137827, 42.684996000000005], [-71.138092, 42.68521300000001], [-71.13933, 42.685156], [-71.139478, 42.68545899999999], [-71.138824, 42.685732], [-71.138723, 42.685990999999994], [-71.137947, 42.686668000000026], [-71.13933999999999, 42.686717], [-71.139678, 42.68688200000001], [-71.139809, 42.68718599999999], [-71.139427, 42.687594999999995], [-71.13919299999999, 42.68773800000001], [-71.138977, 42.68760900000001], [-71.138627, 42.687695999999995], [-71.138603, 42.687842999999994], [-71.14005999999999, 42.688987999999995], [-71.140155, 42.68936299999999], [-71.139595, 42.69017599999999], [-71.139062, 42.690402000000006], [-71.138639, 42.690327999999994], [-71.13795499999999, 42.689662999999996], [-71.13761099999999, 42.68974999999999], [-71.13759499999999, 42.69045599999998], [-71.138234, 42.69133399999999], [-71.137981, 42.691942999999995], [-71.138172, 42.692488999999995], [-71.138442, 42.69271399999999], [-71.139312, 42.69257599999999], [-71.139439, 42.692704], [-71.139303, 42.69303199999998], [-71.139405, 42.69314699999999], [-71.140411, 42.69346], [-71.140947, 42.69391199999999], [-71.141669, 42.694084], [-71.14170299999999, 42.694316999999984], [-71.143163, 42.694199000000005], [-71.143395, 42.697028], [-71.144903, 42.697756999999996], [-71.145005, 42.697947], [-71.14546, 42.698062000000014], [-71.14544599999999, 42.698194999999984], [-71.145718, 42.698169000000014], [-71.14585699999999, 42.69848099999999], [-71.144438, 42.699274], [-71.14277799999999, 42.698923000000015], [-71.142372, 42.69938399999999], [-71.140909, 42.703278], [-71.13932299999999, 42.70340400000001], [-71.13708299999999, 42.70435299999997], [-71.137525, 42.704806], [-71.137563, 42.706661], [-71.136996, 42.706882], [-71.13565299999999, 42.707935000000006], [-71.134345, 42.70958400000001], [-71.133436, 42.711638], [-71.133361, 42.71221900000001], [-71.133707, 42.71422199999999], [-71.134833, 42.717493], [-71.135116, 42.718872000000005], [-71.135085, 42.719911], [-71.13454, 42.72095999999999], [-71.133461, 42.722162000000004], [-71.130706, 42.724451], [-71.12680999999999, 42.728357], [-71.126115, 42.72915099999997], [-71.124461, 42.731654], [-71.121623, 42.73384899999999], [-71.118606, 42.736622999999994], [-71.11644799999999, 42.739085999999986], [-71.11586799999999, 42.74013100000002], [-71.115603, 42.74119100000001], [-71.108632, 42.735281], [-71.09783399999999, 42.73521999999999], [-71.092467, 42.737000000000016], [-71.09007799999999, 42.73696899999999], [-71.088064, 42.73614399999999], [-71.08191, 42.736685], [-71.074, 42.73446600000001], [-71.07211099999999, 42.73266800000001], [-71.058883, 42.732462999999996], [-71.058116, 42.734209], [-71.052849, 42.739886999999996], [-71.048341, 42.746144999999984], [-71.044524, 42.74903400000002], [-71.044096, 42.753214000000014], [-71.042901, 42.753978], [-71.042847, 42.754335], [-71.04199799999999, 42.754416000000006], [-71.041774, 42.754654], [-71.042073, 42.755053999999994], [-71.04256699999999, 42.757041], [-71.04001699999999, 42.757721000000004], [-71.037965, 42.75894500000003], [-71.032443, 42.76622], [-71.02896400000002, 42.770427], [-71.025711, 42.77387699999999], [-71.02423499999999, 42.77576000000001], [-71.02190399999999, 42.779633], [-71.020381, 42.78429599999999], [-71.02019299999999, 42.78727], [-71.019757, 42.789525999999974], [-71.019301, 42.790701], [-71.018708, 42.79160500000001], [-71.01735099999999, 42.79301499999999], [-71.015575, 42.794535999999994], [-71.012312, 42.796542], [-71.00552499999999, 42.79979599999999], [-71.003435, 42.801100999999996], [-71.001711, 42.802800000000005], [-70.99983399999999, 42.80503999999999], [-70.99875, 42.806964999999984], [-70.99860199999999, 42.80753099999999], [-70.99877099999999, 42.80899900000001], [-70.999714, 42.81069100000002], [-71.00258500000001, 42.81171099999999], [-71.019413, 42.818890999999994], [-71.053601, 42.833088999999994], [-71.047501, 42.844089000000004], [-71.044394, 42.84879600000001], [-71.03930199999999, 42.852687], [-71.03793900000001, 42.85405999999999], [-71.031201, 42.859086999999995], [-71.017101, 42.86148900000001], [-70.992201, 42.865289000000004], [-70.986519, 42.86588899999999], [-70.974777, 42.867438], [-70.96940000000001, 42.86828899999998], [-70.9665, 42.868988999999985], [-70.949197, 42.876090000000005], [-70.930798, 42.884588], [-70.92757, 42.885330999999994], [-70.919699, 42.886189], [-70.913924, 42.88664500000001], [-70.905502, 42.88678999999999], [-70.9041, 42.886691], [-70.90021, 42.88599399999998], [-70.88561, 42.882496], [-70.875044, 42.876106], [-70.87305599999999, 42.875088], [-70.856754, 42.865424999999995], [-70.848625, 42.860939], [-70.83737599999999, 42.86499599999999], [-70.83289599999999, 42.867790000000014], [-70.830795, 42.868918], [-70.82594399999999, 42.87048599999999], [-70.82479599999999, 42.870989999999985], [-70.820894, 42.872075999999986], [-70.792495, 42.87329100000001], [-70.749494, 42.87469399999999], [-70.735005, 42.87468500000001], [-70.738642, 42.869254999999995], [-70.746282, 42.860842999999996], [-70.74883, 42.85883099999999], [-70.747134, 42.853712], [-70.746262, 42.850166000000016], [-70.746166, 42.84755500000001], [-70.745522, 42.844442999999984], [-70.743971, 42.843174000000005], [-70.74146, 42.839664000000006], [-70.739038, 42.83581799999999], [-70.737393, 42.83260699999999], [-70.736248, 42.82919400000001], [-70.735789, 42.82701900000001], [-70.73487399999999, 42.824477], [-70.734409, 42.818552999999994], [-70.734312, 42.81517300000001], [-70.734488, 42.81175800000001], [-70.733892, 42.808814], [-70.73388700000001, 42.806236], [-70.733655, 42.80365900000001], [-70.73414799999999, 42.79860500000001], [-70.73478, 42.795590999999995], [-70.737225, 42.787955999999994], [-70.731839, 42.77835699999999], [-70.73097, 42.77521200000001], [-70.73064699999999, 42.773338], [-70.728045, 42.767886999999995], [-70.726856, 42.764039000000004], [-70.725848, 42.75902000000001], [-70.721974, 42.754270999999996], [-70.720288, 42.75186299999997], [-70.71927, 42.75009499999998], [-70.71696, 42.74351699999999], [-70.71432399999999, 42.73191100000002], [-70.70258, 42.72416199999999], [-70.68293, 42.728829999999995], [-70.66131399999999, 42.73660999999999], [-70.64166399999999, 42.739723000000005], [-70.62594299999999, 42.739723999999995], [-70.590572, 42.73349999999999], [-70.549306, 42.72416399999999], [-70.52965499999999, 42.70704799999999], [-70.513934, 42.680594], [-70.506074, 42.65102999999999], [-70.502143, 42.63547099999999], [-70.502143, 42.624579], [-70.511968, 42.605907], [-70.521793, 42.593458999999996], [-70.531618, 42.584123], [-70.545374, 42.570119], [-70.56698899999999, 42.56078300000001], [-70.582709, 42.553004], [-70.596464, 42.540556], [-70.60629, 42.53121999999999], [-70.617339, 42.500099], [-70.640006, 42.43166], [-70.648072, 42.40562799999999], [-70.749487, 42.400819999999996], [-70.85143599999999, 42.393209000000006], [-70.901292, 42.384098000000016], [-70.924593, 42.386798], [-70.95949399999999, 42.407498000000004], [-70.962093, 42.412397000000006], [-70.959093, 42.41859699999998], [-70.95299299999999, 42.42939599999999], [-70.951393, 42.436996], [-70.95079299999999, 42.44429599999999], [-70.966293, 42.44349700000001], [-70.968594, 42.444396], [-70.971594, 42.442696], [-70.975194, 42.436896000000004], [-70.979648, 42.432631], [-70.982294, 42.431296], [-70.983708, 42.431663], [-70.985754, 42.432556999999996], [-70.987805, 42.43399799999998], [-70.99011999999999, 42.43487700000001], [-70.992023, 42.43413499999999], [-70.994849, 42.43115], [-70.99571399999999, 42.430855000000015], [-70.998475, 42.431296], [-71.001094, 42.431296], [-71.003275, 42.429709999999986], [-71.004595, 42.429814], [-71.004595, 42.431715], [-71.00334699999999, 42.43220900000001], [-71.003219, 42.43243700000001], [-71.00330199999999, 42.43270299999998], [-71.004632, 42.43305500000001], [-71.005875, 42.433029], [-71.006974, 42.43383800000001], [-71.007873, 42.433972], [-71.00862599999999, 42.434352999999994], [-71.009277, 42.43427799999999], [-71.00937499999999, 42.433989], [-71.009613, 42.43403], [-71.009577, 42.433189000000006], [-71.00976, 42.43328899999999], [-71.00972, 42.433862], [-71.009864, 42.43398099999999], [-71.010164, 42.433796], [-71.010742, 42.433767], [-71.010403, 42.433521], [-71.011158, 42.43314300000001], [-71.011534, 42.433335], [-71.01191, 42.433319000000004], [-71.01171599999999, 42.433705], [-71.01117599999999, 42.43377799999999], [-71.010954, 42.43366], [-71.01086699999999, 42.43389599999998], [-71.010327, 42.434098999999996], [-71.01088299999999, 42.43440699999999], [-71.01074299999999, 42.435262], [-71.011579, 42.436179], [-71.01049499999999, 42.437396], [-71.010295, 42.43869600000001], [-71.011995, 42.439696000000005], [-71.009495, 42.441196], [-71.012095, 42.442796], [-71.016795, 42.44819599999999], [-71.018295, 42.44959599999998], [-71.018495, 42.45009599999999], [-71.02029499999999, 42.448896], [-71.023679, 42.44599500000001], [-71.024958, 42.44538899999999], [-71.025864, 42.44474300000001], [-71.03726999999999, 42.457674000000004], [-71.043734, 42.464596], [-71.044729, 42.465724000000016], [-71.04479599999999, 42.466195000000006], [-71.04689499999999, 42.46869499999999], [-71.053496, 42.475895000000016], [-71.06132900000001, 42.474222999999995], [-71.061269, 42.47265099999999], [-71.06954, 42.471689], [-71.077985, 42.473974999999996], [-71.077707, 42.47739099999998], [-71.07668699999999, 42.47748599999999], [-71.07652, 42.47819700000001], [-71.07524000000001, 42.488008], [-71.08550199999999, 42.492258000000014], [-71.090115, 42.501260999999985], [-71.10072199999999, 42.50225799999998], [-71.11976, 42.500291999999995], [-71.12195899999999, 42.50427799999999], [-71.122395, 42.504152999999995], [-71.123463, 42.506174], [-71.12417599999999, 42.507526], [-71.123865, 42.50761699999998], [-71.124492, 42.50891800000001], [-71.13545599999999, 42.53000600000001], [-71.144193, 42.526427], [-71.153052, 42.52251199999998], [-71.154298, 42.522127], [-71.170063, 42.51559700000001], [-71.169635, 42.51146199999998], [-71.17025799999999, 42.51045200000001], [-71.169566, 42.510203999999995], [-71.169876, 42.50972099999999], [-71.169473, 42.509487000000014], [-71.169324, 42.507872], [-71.16972, 42.507450999999996], [-71.169423, 42.50732299999999], [-71.169923, 42.506730999999995], [-71.16923299999999, 42.506519], [-71.168444, 42.498299], [-71.168914, 42.490547000000014], [-71.17071899999999, 42.489754999999995], [-71.16892399999999, 42.487086999999995], [-71.181501, 42.483622], [-71.181375, 42.483386], [-71.182944, 42.48212199999999], [-71.184641, 42.48173299999999], [-71.186452, 42.481023000000015], [-71.186562, 42.480954], [-71.18548, 42.47996699999999], [-71.18739599999999, 42.479364000000004], [-71.188279, 42.479696000000004], [-71.204291, 42.46587099999999], [-71.210289, 42.47091500000002], [-71.210606, 42.468521], [-71.21091, 42.467415], [-71.211855, 42.46652899999999], [-71.212245, 42.466349000000015], [-71.24089, 42.49003299999999], [-71.240983, 42.48988099999998], [-71.251986, 42.48501499999999], [-71.256553, 42.47855899999999], [-71.261515, 42.47624600000001], [-71.272695, 42.459704], [-71.277889, 42.460710000000006], [-71.277982, 42.46023499999999], [-71.279501, 42.459675999999995], [-71.28012100000001, 42.460059], [-71.280711, 42.45999], [-71.280851, 42.46016799999999], [-71.28184, 42.45964], [-71.28294, 42.461170999999986], [-71.298763, 42.47286499999999], [-71.300893, 42.47358599999999], [-71.301903, 42.473254], [-71.304216, 42.474693], [-71.306552, 42.47442700000001], [-71.309465, 42.47640399999998], [-71.313768, 42.474182000000006], [-71.31703999999999, 42.476479000000005], [-71.316951, 42.47656800000001], [-71.318103, 42.47806299999998], [-71.32012399999999, 42.48033199999999], [-71.321268, 42.480515], [-71.32080599999999, 42.482184], [-71.318147, 42.482839], [-71.317161, 42.48356599999999], [-71.316987, 42.484181000000014], [-71.31739, 42.48490599999999], [-71.31930299999999, 42.486289000000006], [-71.319644, 42.486933], [-71.319138, 42.48806500000002], [-71.319026, 42.489677999999984], [-71.318585, 42.49115700000001], [-71.31836899999999, 42.497536], [-71.317464, 42.502193000000005], [-71.317835, 42.503817], [-71.317708, 42.504796], [-71.316968, 42.506463000000004], [-71.316093, 42.50763], [-71.314641, 42.50856200000001], [-71.31279599999999, 42.51028], [-71.311253, 42.511014], [-71.31015, 42.511860000000006], [-71.308758, 42.513374], [-71.308211, 42.513695], [-71.306653, 42.51405100000001], [-71.30623299999999, 42.514564], [-71.30619500000002, 42.515079], [-71.306918, 42.517081000000005], [-71.30654700000001, 42.519301999999996], [-71.30680500000001, 42.522386], [-71.306201, 42.524150999999996], [-71.30516, 42.52593599999999], [-71.30486499999999, 42.527283], [-71.304949, 42.52854000000001], [-71.30461, 42.529284999999994], [-71.307538, 42.52999899999999], [-71.30718499999999, 42.533221000000005], [-71.30874899999999, 42.53395999999999], [-71.30981, 42.534848], [-71.31836899999999, 42.54279199999998], [-71.314385, 42.54955400000001], [-71.31961799999999, 42.554069999999996], [-71.324801, 42.55605900000001], [-71.33309, 42.560115]]]}}, {"type": "Feature", "properties": {"district_name": "8th Congressional District", "chamber": "us-house", "vintage": "2012-2020", "url": "/district/us-house-8th-congressional-district-2012-2020/", "latest_year": 2020, "years": [{"year": 2020, "lean_dem_share": 0.679, "competitiveness": "Safe", "competitiveness_label": "Safe D", "party_favored": "Democratic", "is_uncontested": true, "turnout_ratio": 0.7848, "winner_name": "Stephen F. Lynch", "winner_party": "Democratic", "winner_war": null, "winner_lean_component": 0.3408, "winner_tide_component": 0.0432, "winner_incumbency_adjustment": 0.035, "winner_demographics_component": null, "winner_fundraising_component": null}, {"year": 2018, "lean_dem_share": 0.3262, "competitiveness": "Safe", "competitiveness_label": "Safe R", "party_favored": "Republican", "is_uncontested": true, "turnout_ratio": 0.8793, "winner_name": "Stephen F. Lynch", "winner_party": "Democratic", "winner_war": null, "winner_lean_component": 0.3408, "winner_tide_component": 0.0214, "winner_incumbency_adjustment": 0.035, "winner_demographics_component": null, "winner_fundraising_component": null}, {"year": 2016, "lean_dem_share": 0.6473, "competitiveness": "Safe", "competitiveness_label": "Safe D", "party_favored": "Democratic", "is_uncontested": false, "turnout_ratio": 1.0872, "winner_name": "Stephen F. Lynch", "winner_party": "Democratic", "winner_war": 0.0512, "winner_lean_component": 0.3408, "winner_tide_component": 0.0416, "winner_incumbency_adjustment": 0.035, "winner_demographics_component": null, "winner_fundraising_component": null}, {"year": 2014, "lean_dem_share": 0.4722, "competitiveness": "Lean", "competitiveness_label": "Lean R", "party_favored": "Republican", "is_uncontested": true, "turnout_ratio": 0.8688, "winner_name": "Stephen F. Lynch", "winner_party": "Democratic", "winner_war": null, "winner_lean_component": 0.3408, "winner_tide_component": 0.0316, "winner_incumbency_adjustment": 0.035, "winner_demographics_component": null, "winner_fundraising_component": null}, {"year": 2012, "lean_dem_share": 0.6022, "competitiveness": "Safe", "competitiveness_label": "Safe D", "party_favored": "Democratic", "is_uncontested": false, "turnout_ratio": 1.0005, "winner_name": "Stephen F. Lynch", "winner_party": "Democratic", "winner_war": 0.1254, "winner_lean_component": 0.3408, "winner_tide_component": 0.0398, "winner_incumbency_adjustment": 0.0, "winner_demographics_component": null, "winner_fundraising_component": null}], "lean_dem_share": 0.679, "competitiveness": "Safe", "competitiveness_label": "Safe D", "party_favored": "Democratic", "is_uncontested": true, "turnout_ratio": 0.7848, "winner_name": "Stephen F. Lynch", "winner_party": "Democratic", "winner_war": null, "winner_lean_component": 0.3408, "winner_tide_component": 0.0432, "winner_incumbency_adjustment": 0.035, "winner_demographics_component": null, "winner_fundraising_component": null}, "geometry": {"type": "Polygon", "coordinates": [[[-71.303566, 42.148693], [-71.30375099999999, 42.14949999999999], [-71.275025, 42.148622999999986], [-71.275671, 42.18166700000001], [-71.26956899999999, 42.20049899999999], [-71.267523, 42.200938999999984], [-71.263711, 42.203328000000006], [-71.26105500000001, 42.204096], [-71.25979099999999, 42.204115000000016], [-71.258263, 42.20391000000001], [-71.258194, 42.204071], [-71.25640299999999, 42.203672000000005], [-71.25412399999999, 42.2028], [-71.25141599999999, 42.202613], [-71.232237, 42.256898], [-71.232404, 42.25847699999999], [-71.230626, 42.26086599999998], [-71.229333, 42.26403999999999], [-71.228685, 42.264309], [-71.227284, 42.263909000000005], [-71.22565600000001, 42.26413300000001], [-71.22429, 42.26318099999999], [-71.223188, 42.26269699999999], [-71.222488, 42.262881], [-71.221567, 42.26342700000001], [-71.219875, 42.263532000000005], [-71.21867499999999, 42.265387000000004], [-71.21812299999999, 42.267665], [-71.218311, 42.26845799999999], [-71.21798, 42.268708000000004], [-71.216754, 42.268519999999995], [-71.2151, 42.267854], [-71.211174, 42.267298000000004], [-71.209262, 42.267514000000006], [-71.208049, 42.26785100000001], [-71.205975, 42.26761200000001], [-71.205035, 42.267138], [-71.200007, 42.267725999999996], [-71.199089, 42.268114999999995], [-71.198791, 42.268431], [-71.197011, 42.26896500000001], [-71.190202, 42.277797], [-71.18930499999999, 42.279197], [-71.18816699999999, 42.280412000000005], [-71.190681, 42.28184600000001], [-71.191155, 42.283058999999994], [-71.178636, 42.29459500000001], [-71.164804, 42.303763999999994], [-71.16150999999999, 42.30149399999999], [-71.15683899999999, 42.298058000000005], [-71.156802, 42.29789600000001], [-71.153196, 42.295498], [-71.15219499999999, 42.294597], [-71.151831, 42.29473499999999], [-71.146883, 42.29728], [-71.140096, 42.30217300000001], [-71.13650200000001, 42.306204], [-71.13079499999999, 42.31449699999999], [-71.127096, 42.31849700000001], [-71.124269, 42.321856], [-71.123711, 42.32271600000002], [-71.12336700000002, 42.32257099999998], [-71.121528, 42.323882], [-71.12011199999999, 42.32283499999998], [-71.119539, 42.322745], [-71.119438, 42.321605], [-71.118506, 42.32125700000001], [-71.117117, 42.32105500000001], [-71.115599, 42.321065999999995], [-71.110644, 42.321834999999986], [-71.108452, 42.32238899999999], [-71.106788, 42.321155999999995], [-71.105289, 42.319365], [-71.105131, 42.31927799999999], [-71.103985, 42.31997700000001], [-71.102944, 42.319298], [-71.104475, 42.31702200000001], [-71.105791, 42.313443000000014], [-71.10661, 42.31174000000001], [-71.115436, 42.29820600000001], [-71.11583499999999, 42.298290000000016], [-71.115434, 42.298903], [-71.120113, 42.29598399999998], [-71.122498, 42.294287], [-71.123077, 42.293735], [-71.12281, 42.293527999999995], [-71.122855, 42.293185000000015], [-71.123921, 42.291936], [-71.124278, 42.291234], [-71.125742, 42.28985699999999], [-71.125928, 42.288763], [-71.12581399999999, 42.288615], [-71.12737299999999, 42.28710000000001], [-71.13553499999999, 42.27954899999999], [-71.14030799999999, 42.275428999999995], [-71.14847499999999, 42.269017], [-71.15578599999999, 42.262454], [-71.157381, 42.26374299999999], [-71.157761, 42.263738], [-71.156707, 42.259954999999984], [-71.155958, 42.256484999999984], [-71.152312, 42.258336], [-71.146642, 42.25575500000001], [-71.144396, 42.24529799999998], [-71.14453499999999, 42.24510699999999], [-71.142681, 42.235997999999995], [-71.13069200000001, 42.227799], [-71.11479899999999, 42.21265299999999], [-71.04012, 42.137194], [-71.035093, 42.135633999999996], [-71.027565, 42.15632099999999], [-71.02199399999999, 42.16900499999999], [-71.021656, 42.16898699999999], [-71.021833, 42.169431], [-71.021606, 42.17030000000001], [-71.022346, 42.17065600000001], [-71.02122, 42.173477], [-71.02153899999999, 42.17409699999999], [-71.020859, 42.17502699999999], [-71.02116099999999, 42.17617500000001], [-71.020574, 42.176565], [-71.020637, 42.17743299999999], [-71.019993, 42.17782599999999], [-71.01999599999999, 42.178398], [-71.01970399999999, 42.178546999999995], [-71.019753, 42.17903700000002], [-71.020124, 42.17953000000001], [-71.019987, 42.18003200000001], [-71.02019899999999, 42.18095199999998], [-71.01983899999999, 42.18125500000001], [-71.019964, 42.181721], [-71.019796, 42.18207600000001], [-71.019845, 42.18257899999998], [-71.019279, 42.183313999999996], [-71.019224, 42.18353199999999], [-71.01938299999999, 42.183671999999994], [-71.018985, 42.183997999999995], [-71.019423, 42.184626], [-71.019594, 42.18519099999999], [-71.019582, 42.185802999999986], [-71.01912999999999, 42.186851000000004], [-71.02964, 42.19151], [-71.047271, 42.194592], [-71.049548, 42.206768000000004], [-71.051476, 42.20623399999999], [-71.05223, 42.206315], [-71.052921, 42.205982999999996], [-71.05489, 42.205825999999995], [-71.057368, 42.20593499999999], [-71.058292, 42.206116000000016], [-71.059445, 42.20597900000003], [-71.060324, 42.20630499999999], [-71.064398, 42.205677999999985], [-71.069501, 42.20448700000001], [-71.071574, 42.20425600000001], [-71.07170099999999, 42.204379999999986], [-71.07440799999999, 42.204289999999986], [-71.074716, 42.204361000000006], [-71.075149, 42.204848999999975], [-71.077195, 42.20464099999999], [-71.078011, 42.204788], [-71.07918, 42.20468100000001], [-71.081043, 42.204927], [-71.081458, 42.20484699999999], [-71.082056, 42.204353999999995], [-71.082707, 42.204269000000004], [-71.09329900000002, 42.213981000000004], [-71.080163, 42.21885899999997], [-71.07867, 42.220229999999994], [-71.07664, 42.22111999999999], [-71.08024, 42.224030000000006], [-71.07906, 42.22490000000003], [-71.08482, 42.22962000000001], [-71.08700999999999, 42.23244], [-71.08958, 42.236160000000005], [-71.090308, 42.236635], [-71.09188999999999, 42.23702000000002], [-71.09268999999999, 42.23779999999999], [-71.09335, 42.23875999999999], [-71.09337, 42.24014], [-71.09358999999999, 42.24128000000001], [-71.09291000000002, 42.24405000000001], [-71.09298, 42.24458999999998], [-71.093509, 42.245439], [-71.09348, 42.2604], [-71.09164, 42.260790000000014], [-71.09248, 42.26232000000003], [-71.09315, 42.26249000000002], [-71.09347, 42.26241999999999], [-71.093499, 42.26330300000001], [-71.093791, 42.26458800000002], [-71.09373699999999, 42.26710700000001], [-71.092553, 42.26668999999998], [-71.090424, 42.266466000000015], [-71.08986399999999, 42.267728000000005], [-71.090201, 42.268417000000014], [-71.09022999999999, 42.269141000000005], [-71.089704, 42.26962799999999], [-71.08915, 42.26974200000001], [-71.085948, 42.26929199999999], [-71.08551899999999, 42.269007999999985], [-71.082968, 42.268496000000006], [-71.082323, 42.268744999999996], [-71.080809, 42.26897400000001], [-71.07976, 42.269529999999996], [-71.076972, 42.269973000000014], [-71.07592199999999, 42.27033199999998], [-71.073042, 42.270331], [-71.0724, 42.270686000000005], [-71.071742, 42.270812], [-71.070415, 42.27061300000001], [-71.069011, 42.27066199999998], [-71.06841399999999, 42.270806], [-71.06778, 42.271421], [-71.067453, 42.271463], [-71.065904, 42.27115900000001], [-71.065297, 42.27078700000001], [-71.06465399999999, 42.269582], [-71.064679, 42.269107999999996], [-71.064308, 42.268860000000004], [-71.063893, 42.26799800000002], [-71.061593, 42.267299], [-71.053395, 42.272296999999995], [-71.055494, 42.27569799999999], [-71.053117, 42.27729999999999], [-71.053865, 42.27820000000001], [-71.055731, 42.282622], [-71.056536, 42.282583], [-71.05578700000001, 42.283205], [-71.05451, 42.2868], [-71.054654, 42.28733500000001], [-71.055459, 42.28844200000001], [-71.055773, 42.28935], [-71.056472, 42.29055799999999], [-71.057195, 42.291425999999994], [-71.057352, 42.291864], [-71.057247, 42.293332000000014], [-71.056251, 42.29502600000001], [-71.05623299999999, 42.295623000000006], [-71.05681899999999, 42.297917], [-71.05904199999999, 42.300333], [-71.05704200000001, 42.300582000000006], [-71.05628399999999, 42.301004000000006], [-71.055801, 42.301670000000016], [-71.055651, 42.303393], [-71.05447099999999, 42.308], [-71.053321, 42.310914], [-71.053878, 42.311095999999985], [-71.054095, 42.31062300000001], [-71.05560299999999, 42.310973], [-71.054411, 42.31331900000001], [-71.053769, 42.315264], [-71.051981, 42.31497499999998], [-71.052172, 42.31902399999999], [-71.05221499999999, 42.318881999999995], [-71.05257, 42.319363], [-71.052746, 42.319302999999984], [-71.05257700000001, 42.31911499999999], [-71.052588, 42.316898000000016], [-71.056709, 42.317553], [-71.056715, 42.31772400000002], [-71.058965, 42.318121], [-71.05883399999999, 42.3186], [-71.059596, 42.31886899999999], [-71.05988099999999, 42.31797200000001], [-71.061674, 42.31838], [-71.060846, 42.319911000000005], [-71.061481, 42.32050000000001], [-71.061865, 42.32047699999999], [-71.063332, 42.321014], [-71.065596, 42.32129400000001], [-71.066088, 42.321646], [-71.06750699999999, 42.32329699999998], [-71.067077, 42.324774999999995], [-71.066431, 42.326256], [-71.06058399999999, 42.335446], [-71.060042, 42.33656399999998], [-71.059697, 42.336801], [-71.060001, 42.340054999999985], [-71.059983, 42.34207099999999], [-71.059782, 42.34298499999998], [-71.059394, 42.343759000000006], [-71.05825, 42.345506], [-71.054469, 42.34677800000001], [-71.054788, 42.34687100000001], [-71.054771, 42.347253], [-71.05218599999999, 42.350922], [-71.05218800000002, 42.351121], [-71.05488199999999, 42.35242099999999], [-71.057475, 42.35336599999999], [-71.06048, 42.355499], [-71.062257, 42.35626799999999], [-71.063419, 42.355059999999966], [-71.064562, 42.352382999999996], [-71.067533, 42.352513], [-71.070655, 42.351853999999996], [-71.072357, 42.35528200000001], [-71.072564, 42.355439], [-71.073021, 42.355309999999996], [-71.073302, 42.355812], [-71.07504899999999, 42.355325], [-71.075692, 42.356065], [-71.077095, 42.35869699999999], [-71.075795, 42.361596999999996], [-71.07157099999999, 42.36723399999999], [-71.070797, 42.367897000000006], [-71.069795, 42.36909700000001], [-71.066195, 42.36909700000001], [-71.066039, 42.368901], [-71.065731, 42.368961000000006], [-71.065827, 42.36909700000001], [-71.063921, 42.369015999999995], [-71.062994, 42.368391], [-71.059795, 42.368767], [-71.057141, 42.369982], [-71.05499499999999, 42.370697], [-71.050895, 42.370697], [-71.049095, 42.371196999999995], [-71.042596, 42.363797999999996], [-71.026895, 42.353097999999996], [-71.010994, 42.34269800000001], [-70.988173, 42.34344700000002], [-70.975094, 42.34349900000001], [-70.978394, 42.32889900000001], [-70.986615, 42.329105], [-70.992516, 42.32870700000001], [-71.028294, 42.32872999999999], [-71.028195, 42.324599], [-71.028395, 42.30879899999999], [-71.022093, 42.305597999999975], [-71.015393, 42.30669799999998], [-71.00979099999999, 42.305198999999995], [-71.002093, 42.308697999999985], [-70.998593, 42.311997999999996], [-70.988693, 42.31359800000001], [-70.981781, 42.30838199999999], [-70.97599199999999, 42.300097999999984], [-70.96019199999999, 42.29949800000001], [-70.94899099999999, 42.301298], [-70.937091, 42.311097999999994], [-70.927191, 42.310097999999996], [-70.917091, 42.314198000000005], [-70.905692, 42.316998999999996], [-70.894292, 42.372398999999994], [-70.851191, 42.372499], [-70.749488, 42.37333999999999], [-70.748847, 42.373751999999996], [-70.748802, 42.400211999999996], [-70.749487, 42.400819999999996], [-70.648072, 42.40562799999999], [-70.652005, 42.39293899999999], [-70.658723, 42.375097999999994], [-70.690393, 42.27899900000001], [-70.689025, 42.27238999999998], [-70.688773, 42.268331], [-70.688704, 42.263468], [-70.68406100000001, 42.25383599999999], [-70.676029, 42.250102000000005], [-70.66281, 42.24485099999999], [-70.648622, 42.23736], [-70.640113, 42.22837199999999], [-70.63633, 42.21638599999999], [-70.63633, 42.20290299999999], [-70.63916499999999, 42.19091899999998], [-70.642946, 42.178185], [-70.624482, 42.15722500000002], [-70.624483, 42.125107], [-70.665784, 42.12510000000001], [-70.66957099999999, 42.12939499999999], [-70.6799, 42.12611999999999], [-70.680049, 42.12634200000002], [-70.682974, 42.125250999999984], [-70.68308499999999, 42.12596399999999], [-70.68397399999999, 42.127404000000006], [-70.685923, 42.129146], [-70.687292, 42.130748999999994], [-70.688311, 42.132966999999994], [-70.689128, 42.133568999999994], [-70.690867, 42.134367], [-70.692059, 42.13531299999998], [-70.693497, 42.138526999999975], [-70.693979, 42.13923700000001], [-70.697187, 42.14229900000001], [-70.69998199999999, 42.143964999999994], [-70.70134399999999, 42.14527499999999], [-70.701677, 42.146026000000006], [-70.70176099999999, 42.146654999999996], [-70.701504, 42.14896399999998], [-70.702264, 42.14996499999999], [-70.702112, 42.150088], [-70.702094, 42.151073000000004], [-70.702458, 42.150980999999994], [-70.702631, 42.15072199999999], [-70.70342, 42.151007000000014], [-70.703664, 42.151306000000005], [-70.70433500000001, 42.15135500000001], [-70.70531799999999, 42.150936], [-70.707275, 42.151501], [-70.708896, 42.15227300000001], [-70.710438, 42.153883999999984], [-70.711489, 42.15657099999999], [-70.711468, 42.158404000000004], [-70.712398, 42.15949399999998], [-70.712437, 42.160208999999995], [-70.713281, 42.16120499999998], [-70.71452699999999, 42.16135500000001], [-70.716988, 42.162356999999986], [-70.71843799999999, 42.163607999999996], [-70.719685, 42.16432299999999], [-70.71992399999999, 42.164592000000006], [-70.719684, 42.164868999999996], [-70.726885, 42.16555699999999], [-70.728647, 42.165343], [-70.729261, 42.16510699999999], [-70.730155, 42.164452000000004], [-70.73092799999999, 42.16328], [-70.731335, 42.162046999999994], [-70.73184499999999, 42.16122], [-70.732225, 42.160875], [-70.732953, 42.160681999999994], [-70.734111, 42.160932999999986], [-70.736296, 42.16244499999999], [-70.736694, 42.162519], [-70.74126, 42.161156], [-70.742572, 42.161080999999996], [-70.744875, 42.161380000000015], [-70.74627300000002, 42.162001999999994], [-70.746815, 42.162504], [-70.747605, 42.163928], [-70.748801, 42.16490799999999], [-70.749816, 42.165015000000025], [-70.752394, 42.163937], [-70.77786400000001, 42.183854], [-70.813502, 42.195372], [-70.838864, 42.19480600000001], [-70.852165, 42.19046199999999], [-70.870733, 42.18223], [-70.887603, 42.173334999999994], [-70.89351599999999, 42.16981399999999], [-70.94896299999999, 42.14815600000001], [-70.94539, 42.142401], [-70.94238899999999, 42.1426], [-70.939888, 42.13610000000002], [-70.936723, 42.13619500000001], [-70.93148699999999, 42.116549], [-70.90238699999999, 42.08590100000001], [-70.912962, 42.084417], [-70.909395, 42.068182], [-70.90845999999999, 42.062885000000016], [-70.907549, 42.058795], [-70.90693399999999, 42.056687], [-70.899729, 42.02529899999999], [-70.897418, 42.024941], [-70.89764900000002, 42.024224000000004], [-70.896618, 42.02328499999998], [-70.89689299999999, 42.019419], [-70.897744, 42.01644900000001], [-70.899571, 42.002975], [-70.899185, 41.99632100000001], [-70.89977499999999, 41.988284], [-70.901399, 41.982980999999995], [-70.911369, 41.98022900000001], [-70.911492, 41.97938699999998], [-70.912091, 41.978558], [-70.91211899999999, 41.977692000000005], [-70.911726, 41.97700699999998], [-70.910139, 41.975954], [-70.908384, 41.97401699999998], [-70.908318, 41.97357199999999], [-70.90862899999999, 41.97247300000001], [-70.908592, 41.971933], [-70.907625, 41.970968000000006], [-70.907118, 41.970107], [-70.90714200000001, 41.96758], [-70.90750899999999, 41.967115], [-70.908148, 41.96651899999999], [-70.908857, 41.966173999999974], [-70.90952, 41.965969], [-70.910578, 41.96594199999999], [-70.910799, 41.965795], [-70.91052599999999, 41.96512399999999], [-70.909902, 41.964530999999994], [-70.90999699999999, 41.963921], [-70.91253, 41.96301400000001], [-70.91301299999999, 41.96300599999999], [-70.91343499999999, 41.96335799999999], [-70.914153, 41.96297599999999], [-70.91483199999999, 41.962005000000005], [-70.914439, 41.961667999999996], [-70.913434, 41.96155900000001], [-70.91350299999999, 41.96114299999999], [-70.913901, 41.96094299999999], [-70.915398, 41.960927], [-70.917171, 41.96168000000001], [-70.91982, 41.961911], [-70.920147, 41.96216200000001], [-70.92000999999999, 41.962975], [-70.92067999999999, 41.96309300000001], [-70.92178899999999, 41.962478], [-70.92268299999999, 41.960859000000006], [-70.922778, 41.95966699999999], [-70.923186, 41.959148], [-70.92357299999999, 41.958934000000006], [-70.924512, 41.95891900000001], [-70.926115, 41.959697999999996], [-70.92939799999999, 41.960061999999986], [-70.931399, 41.95934799999999], [-70.932997, 41.95825399999999], [-70.933706, 41.957526], [-70.933964, 41.95703499999999], [-70.93414299999999, 41.956010000000006], [-70.934541, 41.954967], [-70.93586599999999, 41.95358099999999], [-70.93606799999999, 41.953109], [-70.936238, 41.95157900000002], [-70.936953, 41.949184999999986], [-70.936927, 41.948600000000006], [-70.936353, 41.947199999999995], [-70.936364, 41.945983999999996], [-70.93677600000001, 41.944950999999996], [-70.938012, 41.94299799999998], [-70.938392, 41.94127599999999], [-70.94025599999999, 41.938714], [-70.94248499999999, 41.937211999999995], [-70.942686, 41.93633500000001], [-70.94368399999999, 41.93471499999998], [-70.94613, 41.932570999999996], [-70.94671699999999, 41.932426], [-70.947102, 41.93251399999999], [-70.947509, 41.933304], [-70.948069, 41.93388899999999], [-70.949418, 41.934348], [-70.950504, 41.93439699999999], [-70.95205, 41.934208000000005], [-70.954428, 41.93446999999999], [-70.954962, 41.93440699999999], [-70.956222, 41.933876], [-70.95694, 41.933908999999986], [-70.959334, 41.93475099999999], [-70.960317, 41.93560300000001], [-70.96077400000001, 41.935815999999996], [-70.963743, 41.93613400000002], [-70.966135, 41.93674600000001], [-70.96674399999999, 41.937038], [-70.968328, 41.938275999999995], [-70.969171, 41.938622], [-70.97118499999999, 41.93892499999999], [-70.97351400000001, 41.93987099999999], [-70.973547, 41.93966399999998], [-70.973972, 41.93932799999998], [-70.974665, 41.939170999999995], [-70.976316, 41.93934499999999], [-70.979435, 41.94039000000003], [-70.980312, 41.94022599999998], [-70.984656, 41.938238], [-70.98665799999999, 41.93787300000001], [-70.987123, 41.937616], [-70.98731099999999, 41.93737], [-70.987436, 41.935585999999994], [-70.987902, 41.934198], [-70.989546, 41.932007000000006], [-70.990037, 41.931674999999984], [-70.99152099999999, 41.93162199999999], [-70.992609, 41.932260999999976], [-70.99373899999999, 41.932449999999996], [-70.99599900000001, 41.933158000000006], [-70.997399, 41.934048000000004], [-70.997826, 41.934143999999996], [-70.99808999999999, 41.933991], [-70.998603, 41.93283800000002], [-70.99874799999999, 41.93211200000002], [-70.998302, 41.93025999999998], [-70.998609, 41.92990800000001], [-70.99893399999999, 41.929853], [-70.99905199999999, 41.930049000000004], [-70.998671, 41.930600000000005], [-70.999039, 41.93068799999999], [-70.99931699999999, 41.930223999999995], [-70.99931699999999, 41.92989499999999], [-70.99970499999999, 41.929592], [-70.999614, 41.929485], [-70.99984599999999, 41.92895], [-70.999054, 41.928228999999995], [-70.997489, 41.927769999999995], [-70.996804, 41.92740399999999], [-70.995961, 41.926333000000014], [-70.995638, 41.925509999999996], [-70.995683, 41.924437999999995], [-70.99698099999999, 41.923094999999996], [-70.996712, 41.92125800000001], [-70.99722, 41.91893100000001], [-70.99727299999999, 41.91762800000001], [-70.99713899999999, 41.91691899999999], [-70.996836, 41.916236], [-70.99632, 41.915676999999995], [-70.99565100000001, 41.91520200000001], [-70.99499899999999, 41.91496599999999], [-70.99418899999999, 41.914998], [-70.994008, 41.915893000000004], [-70.993578, 41.916202], [-70.99280499999999, 41.91618899999999], [-70.99194899999999, 41.91578899999999], [-70.99164499999999, 41.91496599999999], [-70.99080599999999, 41.910648], [-70.990916, 41.908854], [-70.99152, 41.90748399999999], [-70.99221299999999, 41.906864], [-70.993475, 41.906179000000016], [-70.99395, 41.90521699999998], [-70.995526, 41.903853999999995], [-70.995871, 41.90324900000001], [-70.995972, 41.90325999999999], [-70.995481, 41.90406499999996], [-70.99421199999999, 41.90503699999999], [-70.993524, 41.90622], [-70.991776, 41.90737600000001], [-70.991132, 41.90863900000001], [-70.99092999999999, 41.91048400000001], [-70.99137499999999, 41.912183000000006], [-70.99179400000001, 41.914950000000005], [-70.992001, 41.91560799999999], [-70.992267, 41.91584699999999], [-70.99315, 41.91608799999998], [-70.993591, 41.916044], [-70.993869, 41.91574700000001], [-70.994059, 41.91487000000002], [-70.994809, 41.914802999999985], [-70.995515, 41.914944], [-70.996178, 41.915337], [-70.996856, 41.915983], [-70.997151, 41.91648699999997], [-70.997447, 41.91734599999998], [-70.997494, 41.91844], [-70.998995, 41.918693000000005], [-70.999888, 41.918637], [-71.000303, 41.91888600000001], [-71.001089, 41.91880599999999], [-71.000987, 41.917684000000015], [-71.003484, 41.917362999999995], [-71.005319, 41.914930000000005], [-71.005437, 41.913693], [-71.004615, 41.911221999999995], [-71.004629, 41.910582999999995], [-71.004843, 41.91018599999999], [-71.005709, 41.90938], [-71.006978, 41.908953], [-71.01042600000001, 41.907202999999974], [-71.01118799999999, 41.90700099999997], [-71.012449, 41.908567], [-71.013459, 41.91082099999999], [-71.01334, 41.91323799999999], [-71.01568499999999, 41.917722999999995], [-71.016369, 41.920366], [-71.01883699999999, 41.924260000000004], [-71.021672, 41.923474000000006], [-71.02517, 41.92322599999999], [-71.027171, 41.922662], [-71.028278, 41.922536999999984], [-71.03338099999999, 41.923058999999995], [-71.035648, 41.923657], [-71.033542, 41.92614199999999], [-71.03451, 41.926754], [-71.033716, 41.92754800000001], [-71.03215, 41.93021099999999], [-71.03170399999999, 41.93072499999999], [-71.036036, 41.933088999999995], [-71.037153, 41.93225799999998], [-71.037753, 41.93346299999999], [-71.036997, 41.934228000000004], [-71.038425, 41.935027], [-71.038809, 41.935646000000006], [-71.038703, 41.93614800000001], [-71.037486, 41.93845699999999], [-71.038933, 41.938899], [-71.040948, 41.93508100000001], [-71.046191, 41.93616200000001], [-71.04718, 41.933929], [-71.049999, 41.93374399999999], [-71.051081, 41.93382899999998], [-71.051243, 41.93510099999998], [-71.053141, 41.94011400000001], [-71.053972, 41.94100599999999], [-71.056722, 41.943101999999996], [-71.059535, 41.944756000000005], [-71.060862, 41.94532200000001], [-71.064835, 41.94669700000001], [-71.067717, 41.94721699999998], [-71.07289399999999, 41.94899499999999], [-71.070909, 41.95227799999999], [-71.070324, 41.954069], [-71.07350799999999, 41.954854000000005], [-71.073919, 41.948429], [-71.074264, 41.94779], [-71.075073, 41.94698900000003], [-71.08549, 41.941743], [-71.089181, 41.942934], [-71.088841, 41.94347599999999], [-71.086275, 41.94625099999999], [-71.085905, 41.94758699999999], [-71.085589, 41.949934], [-71.08367199999999, 41.954456000000015], [-71.080523, 41.959556], [-71.081206, 41.961228], [-71.083764, 41.96561700000001], [-71.083106, 41.96888899999997], [-71.08108299999999, 41.972235999999995], [-71.080398, 41.975455000000004], [-71.08066, 41.977299000000016], [-71.082438, 41.979891], [-71.083182, 41.98028800000001], [-71.08533100000001, 41.98234300000001], [-71.08716, 41.99084599999999], [-71.054718, 41.985057000000005], [-71.06769, 42.04110000000001], [-71.06779, 42.04250000000002], [-71.069026, 42.04705999999998], [-71.06949, 42.049700000000016], [-71.073791, 42.067198999999995], [-71.080483, 42.095539], [-71.080192, 42.09569899999998], [-71.098991, 42.08820000000001], [-71.13861899999999, 42.07281300000001], [-71.13902, 42.074831], [-71.13846199999999, 42.076560000000015], [-71.139001, 42.07715], [-71.13946899999999, 42.07829399999999], [-71.13941, 42.07976000000002], [-71.139592, 42.08127799999998], [-71.13941299999999, 42.082044], [-71.1388, 42.08311], [-71.138728, 42.08368600000001], [-71.13933999999999, 42.08452], [-71.139428, 42.08486999999999], [-71.13837, 42.086780000000005], [-71.13766, 42.08865000000001], [-71.13665999999999, 42.089649999999985], [-71.13581, 42.09082000000002], [-71.13526, 42.09255999999999], [-71.13377, 42.09579], [-71.13311999999999, 42.09681000000001], [-71.1324, 42.09893000000001], [-71.13139199999999, 42.100478], [-71.13113, 42.10179000000001], [-71.13168, 42.10419], [-71.131596, 42.105500000000006], [-71.131739, 42.106548000000004], [-71.13202799999999, 42.10749999999999], [-71.133021, 42.10936], [-71.13349099999999, 42.110989000000004], [-71.133977, 42.11174099999999], [-71.135774, 42.113489999999985], [-71.136462, 42.11530600000002], [-71.138604, 42.119546], [-71.139102, 42.120235], [-71.142529, 42.12298900000001], [-71.145906, 42.12527299999999], [-71.147209, 42.12655600000001], [-71.14815399999999, 42.12802299999999], [-71.14845600000001, 42.12874900000001], [-71.14854199999999, 42.131160999999985], [-71.149757, 42.133631], [-71.150165, 42.13585299999998], [-71.150078, 42.13656499999998], [-71.149154, 42.13864099999999], [-71.16354199999999, 42.141456999999996], [-71.162198, 42.145279], [-71.17163500000001, 42.151324999999986], [-71.176298, 42.155302], [-71.175759, 42.155595], [-71.17801299999999, 42.16396099999999], [-71.178381, 42.16454399999999], [-71.178494, 42.165809], [-71.178963, 42.165941999999994], [-71.179256, 42.16588699999999], [-71.17903199999999, 42.16534800000001], [-71.17926100000001, 42.16511900000001], [-71.179799, 42.165050000000015], [-71.180189, 42.16561000000001], [-71.180853, 42.165569999999995], [-71.181308, 42.165228000000006], [-71.18167, 42.16460999999999], [-71.181877, 42.16345500000003], [-71.182536, 42.163320999999996], [-71.182676, 42.163095000000006], [-71.183459, 42.162855000000015], [-71.185347, 42.162436], [-71.186511, 42.161676], [-71.188627, 42.16081600000001], [-71.186885, 42.153264000000014], [-71.225989, 42.13540499999999], [-71.228068, 42.13330000000001], [-71.229074, 42.132966999999994], [-71.22971199999999, 42.13300199999999], [-71.23024699999999, 42.132720999999975], [-71.23088899999999, 42.131935999999996], [-71.231945, 42.13150699999999], [-71.232201, 42.13059399999999], [-71.233475, 42.128569], [-71.233307, 42.125958999999995], [-71.231098, 42.123298000000005], [-71.23316799999999, 42.12300099999999], [-71.233293, 42.12341200000001], [-71.23627100000002, 42.12228500000001], [-71.23778, 42.122420000000005], [-71.237842, 42.122214000000014], [-71.23767, 42.121998000000005], [-71.238112, 42.12140499999999], [-71.238818, 42.12128299999999], [-71.239187, 42.12096100000002], [-71.240093, 42.12078099999999], [-71.239403, 42.120061], [-71.23900400000001, 42.119078], [-71.239081, 42.11867600000001], [-71.238912, 42.11845799999998], [-71.238944, 42.118114999999996], [-71.238621, 42.117784], [-71.238914, 42.11703099999998], [-71.239175, 42.116823], [-71.239329, 42.115969], [-71.23919099999999, 42.115134], [-71.238547, 42.114161], [-71.238241, 42.113018], [-71.238917, 42.112220000000015], [-71.23869499999999, 42.10952999999999], [-71.238942, 42.10688599999999], [-71.238829, 42.10640800000001], [-71.25330199999999, 42.105343999999995], [-71.255347, 42.10413099999999], [-71.27173599999999, 42.09844499999999], [-71.28026799999999, 42.08849199999998], [-71.295901, 42.116614], [-71.29715399999999, 42.12050899999999], [-71.300223, 42.12591], [-71.29894, 42.1265], [-71.29991199999999, 42.12940899999999], [-71.30165699999999, 42.136631999999985], [-71.302155, 42.136838], [-71.301885, 42.13713199999999], [-71.301271, 42.13723900000001], [-71.301249, 42.137716000000005], [-71.30060600000002, 42.137923000000015], [-71.300585, 42.138315], [-71.30032299999999, 42.138658], [-71.299747, 42.138495999999996], [-71.29959699999999, 42.13881700000001], [-71.29909300000001, 42.13886300000002], [-71.299194, 42.13952699999999], [-71.298947, 42.140420000000006], [-71.299193, 42.140677999999994], [-71.29972099999999, 42.140854], [-71.299724, 42.141226], [-71.299416, 42.14141399999998], [-71.29940599999999, 42.141771000000006], [-71.300005, 42.14198699999999], [-71.300263, 42.14234799999999], [-71.30022799999999, 42.142695], [-71.300506, 42.142874], [-71.300443, 42.143138], [-71.29984999999999, 42.143761999999974], [-71.29987799999999, 42.144072999999985], [-71.300386, 42.14433799999999], [-71.30035099999999, 42.14472099999999], [-71.300696, 42.14506799999997], [-71.300118, 42.14573100000001], [-71.300275, 42.146039], [-71.30067799999999, 42.14625100000001], [-71.300302, 42.14658199999999], [-71.30044099999999, 42.14692900000001], [-71.300118, 42.147175999999995], [-71.30042999999999, 42.147444000000014], [-71.300853, 42.147532], [-71.300817, 42.14809099999997], [-71.301282, 42.148253000000004], [-71.301965, 42.148165999999996], [-71.30196699999999, 42.148572], [-71.302202, 42.14865099999999], [-71.30234000000002, 42.149026], [-71.30260299999999, 42.14897799999999], [-71.30268099999999, 42.148585], [-71.303139, 42.14842399999999], [-71.30322699999999, 42.148669000000005], [-71.303566, 42.148693]]]}}]}